board_code,medium_code,grade_code,stream_code,subject_code,subject_name,subject_category,is_compulsory,is_elective,display_order,source_note
GSEB,GUJ,PRE01,GEN,ENG,English,Language,1,0,1,
GSEB,GUJ,PRE01,GEN,HIN,Hindi,Language,1,0,2,
GSEB,GUJ,PRE01,GEN,ART,Art & Craft,Co-curricular,1,0,9,
GSEB,GUJ,PRE02,GEN,ENG,English,Language,1,0,1,
GSEB,GUJ,PRE02,GEN,HIN,Hindi,Language,1,0,2,
GSEB,GUJ,PRE02,GEN,ART,Art & Craft,Co-curricular,1,0,9,
GSEB,GUJ,PRE03,GEN,ENG,English,Language,1,0,1,
GSEB,GUJ,PRE03,GEN,HIN,Hindi,Language,1,0,2,
GSEB,GUJ,PRE03,GEN,ART,Art & Craft,Co-curricular,1,0,9,
GSEB,GUJ,PRE04,GEN,ENG,English,Language,1,0,1,
GSEB,GUJ,PRE04,GEN,HIN,Hindi,Language,1,0,2,
GSEB,GUJ,PRE04,GEN,ART,Art & Craft,Co-curricular,1,0,9,
GSEB,GUJ,STD01,GEN,ENG,English,Language,1,0,1,
GSEB,GUJ,STD01,GEN,HIN,Hindi,Language,1,0,2,
GSEB,GUJ,STD01,GEN,REG_LANG,Regional Language,Language,1,0,3,
GSEB,GUJ,STD01,GEN,MATH,Mathematics,Core,1,0,4,
GSEB,GUJ,STD01,GEN,SCI,Science,Core,1,0,5,
GSEB,GUJ,STD01,GEN,SST,Social Studies,Core,1,0,6,
GSEB,GUJ,STD01,GEN,EVS,Environmental Studies,Core,1,0,7,
GSEB,GUJ,STD01,GEN,COMP,Computer Science,Elective,1,0,8,
GSEB,GUJ,STD01,GEN,ART,Art & Craft,Co-curricular,1,0,9,
GSEB,GUJ,STD01,GEN,PE,Physical Education,Co-curricular,1,0,10,
GSEB,GUJ,STD02,GEN,ENG,English,Language,1,0,1,
GSEB,GUJ,STD02,GEN,HIN,Hindi,Language,1,0,2,
GSEB,GUJ,STD02,GEN,REG_LANG,Regional Language,Language,1,0,3,
GSEB,GUJ,STD02,GEN,MATH,Mathematics,Core,1,0,4,
GSEB,GUJ,STD02,GEN,SCI,Science,Core,1,0,5,
GSEB,GUJ,STD02,GEN,SST,Social Studies,Core,1,0,6,
GSEB,GUJ,STD02,GEN,EVS,Environmental Studies,Core,1,0,7,
GSEB,GUJ,STD02,GEN,COMP,Computer Science,Elective,1,0,8,
GSEB,GUJ,STD02,GEN,ART,Art & Craft,Co-curricular,1,0,9,
GSEB,GUJ,STD02,GEN,PE,Physical Education,Co-curricular,1,0,10,
GSEB,GUJ,STD03,GEN,ENG,English,Language,1,0,1,
GSEB,GUJ,STD03,GEN,HIN,Hindi,Language,1,0,2,
GSEB,GUJ,STD03,GEN,REG_LANG,Regional Language,Language,1,0,3,
GSEB,GUJ,STD03,GEN,MATH,Mathematics,Core,1,0,4,
GSEB,GUJ,STD03,GEN,SCI,Science,Core,1,0,5,
GSEB,GUJ,STD03,GEN,SST,Social Studies,Core,1,0,6,
GSEB,GUJ,STD03,GEN,EVS,Environmental Studies,Core,1,0,7,
GSEB,GUJ,STD03,GEN,COMP,Computer Science,Elective,1,0,8,
GSEB,GUJ,STD03,GEN,ART,Art & Craft,Co-curricular,1,0,9,
GSEB,GUJ,STD03,GEN,PE,Physical Education,Co-curricular,1,0,10,
GSEB,GUJ,STD04,GEN,ENG,English,Language,1,0,1,
GSEB,GUJ,STD04,GEN,HIN,Hindi,Language,1,0,2,
GSEB,GUJ,STD04,GEN,REG_LANG,Regional Language,Language,1,0,3,
GSEB,GUJ,STD04,GEN,MATH,Mathematics,Core,1,0,4,
GSEB,GUJ,STD04,GEN,SCI,Science,Core,1,0,5,
GSEB,GUJ,STD04,GEN,SST,Social Studies,Core,1,0,6,
GSEB,GUJ,STD04,GEN,EVS,Environmental Studies,Core,1,0,7,
GSEB,GUJ,STD04,GEN,COMP,Computer Science,Elective,1,0,8,
GSEB,GUJ,STD04,GEN,ART,Art & Craft,Co-curricular,1,0,9,
GSEB,GUJ,STD04,GEN,PE,Physical Education,Co-curricular,1,0,10,
GSEB,GUJ,STD05,GEN,ENG,English,Language,1,0,1,
GSEB,GUJ,STD05,GEN,HIN,Hindi,Language,1,0,2,
GSEB,GUJ,STD05,GEN,REG_LANG,Regional Language,Language,1,0,3,
GSEB,GUJ,STD05,GEN,MATH,Mathematics,Core,1,0,4,
GSEB,GUJ,STD05,GEN,SCI,Science,Core,1,0,5,
GSEB,GUJ,STD05,GEN,SST,Social Studies,Core,1,0,6,
GSEB,GUJ,STD05,GEN,EVS,Environmental Studies,Core,1,0,7,
GSEB,GUJ,STD05,GEN,COMP,Computer Science,Elective,1,0,8,
GSEB,GUJ,STD05,GEN,ART,Art & Craft,Co-curricular,1,0,9,
GSEB,GUJ,STD05,GEN,PE,Physical Education,Co-curricular,1,0,10,
GSEB,GUJ,STD06,GEN,ENG,English,Language,1,0,1,
GSEB,GUJ,STD06,GEN,HIN,Hindi,Language,1,0,2,
GSEB,GUJ,STD06,GEN,REG_LANG,Regional Language,Language,1,0,3,
GSEB,GUJ,STD06,GEN,MATH,Mathematics,Core,1,0,4,
GSEB,GUJ,STD06,GEN,SCI,Science,Core,1,0,5,
GSEB,GUJ,STD06,GEN,SST,Social Studies,Core,1,0,6,
GSEB,GUJ,STD06,GEN,COMP,Computer Science,Elective,1,0,8,
GSEB,GUJ,STD06,GEN,ART,Art & Craft,Co-curricular,1,0,9,
GSEB,GUJ,STD06,GEN,PE,Physical Education,Co-curricular,1,0,10,
GSEB,GUJ,STD07,GEN,ENG,English,Language,1,0,1,
GSEB,GUJ,STD07,GEN,HIN,Hindi,Language,1,0,2,
GSEB,GUJ,STD07,GEN,REG_LANG,Regional Language,Language,1,0,3,
GSEB,GUJ,STD07,GEN,MATH,Mathematics,Core,1,0,4,
GSEB,GUJ,STD07,GEN,SCI,Science,Core,1,0,5,
GSEB,GUJ,STD07,GEN,SST,Social Studies,Core,1,0,6,
GSEB,GUJ,STD07,GEN,COMP,Computer Science,Elective,1,0,8,
GSEB,GUJ,STD07,GEN,ART,Art & Craft,Co-curricular,1,0,9,
GSEB,GUJ,STD07,GEN,PE,Physical Education,Co-curricular,1,0,10,
GSEB,GUJ,STD08,GEN,ENG,English,Language,1,0,1,
GSEB,GUJ,STD08,GEN,HIN,Hindi,Language,1,0,2,
GSEB,GUJ,STD08,GEN,REG_LANG,Regional Language,Language,1,0,3,
GSEB,GUJ,STD08,GEN,MATH,Mathematics,Core,1,0,4,
GSEB,GUJ,STD08,GEN,SCI,Science,Core,1,0,5,
GSEB,GUJ,STD08,GEN,SST,Social Studies,Core,1,0,6,
GSEB,GUJ,STD08,GEN,COMP,Computer Science,Elective,1,0,8,
GSEB,GUJ,STD08,GEN,ART,Art & Craft,Co-curricular,1,0,9,
GSEB,GUJ,STD08,GEN,PE,Physical Education,Co-curricular,1,0,10,
GSEB,GUJ,STD09,GEN,ENG,English,Language,1,0,1,
GSEB,GUJ,STD09,GEN,HIN,Hindi,Language,1,0,2,
GSEB,GUJ,STD09,GEN,REG_LANG,Regional Language,Language,1,0,3,
GSEB,GUJ,STD09,GEN,MATH,Mathematics,Core,1,0,4,
GSEB,GUJ,STD09,GEN,SCI,Science,Core,1,0,5,
GSEB,GUJ,STD09,GEN,SST,Social Studies,Core,1,0,6,
GSEB,GUJ,STD09,GEN,COMP,Computer Science,Elective,1,0,8,
GSEB,GUJ,STD09,GEN,ART,Art & Craft,Co-curricular,1,0,9,
GSEB,GUJ,STD09,GEN,PE,Physical Education,Co-curricular,1,0,10,
GSEB,GUJ,STD10,GEN,ENG,English,Language,1,0,1,
GSEB,GUJ,STD10,GEN,HIN,Hindi,Language,1,0,2,
GSEB,GUJ,STD10,GEN,REG_LANG,Regional Language,Language,1,0,3,
GSEB,GUJ,STD10,GEN,MATH,Mathematics,Core,1,0,4,
GSEB,GUJ,STD10,GEN,SCI,Science,Core,1,0,5,
GSEB,GUJ,STD10,GEN,SST,Social Studies,Core,1,0,6,
GSEB,GUJ,STD10,GEN,COMP,Computer Science,Elective,1,0,8,
GSEB,GUJ,STD10,GEN,ART,Art & Craft,Co-curricular,1,0,9,
GSEB,GUJ,STD10,GEN,PE,Physical Education,Co-curricular,1,0,10,
GSEB,GUJ,STD11_SCI,SCI,ENG,English,Language,1,0,1,
GSEB,GUJ,STD11_SCI,SCI,PE,Physical Education,Co-curricular,1,0,10,
GSEB,GUJ,STD11_SCI,SCI,PHY,Physics,Science,1,0,11,
GSEB,GUJ,STD11_SCI,SCI,CHE,Chemistry,Science,1,0,12,
GSEB,GUJ,STD11_SCI,SCI,BIO,Biology,Science,1,0,13,
GSEB,GUJ,STD11_SCI,SCI,MATH_ADV,Advanced Mathematics,Science,1,0,14,
GSEB,GUJ,STD11_SCI,SCI,IP,Informatics Practices,Elective,1,0,16,
GSEB,GUJ,STD11_COM,COM,ENG,English,Language,1,0,1,
GSEB,GUJ,STD11_COM,COM,PE,Physical Education,Co-curricular,1,0,10,
GSEB,GUJ,STD11_COM,COM,MATH_ADV,Advanced Mathematics,Science,1,0,14,
GSEB,GUJ,STD11_COM,COM,APP_MATH,Applied Mathematics,Commerce,1,0,15,
GSEB,GUJ,STD11_COM,COM,IP,Informatics Practices,Elective,1,0,16,
GSEB,GUJ,STD11_COM,COM,ACC,Accountancy,Commerce,1,0,17,
GSEB,GUJ,STD11_COM,COM,BST,Business Studies,Commerce,1,0,18,
GSEB,GUJ,STD11_COM,COM,ECO,Economics,Commerce,1,0,19,
GSEB,GUJ,STD11_COM,COM,ENT,Entrepreneurship,Elective,1,0,20,
GSEB,GUJ,STD11_ART,ART,ENG,English,Language,1,0,1,
GSEB,GUJ,STD11_ART,ART,PE,Physical Education,Co-curricular,1,0,10,
GSEB,GUJ,STD11_ART,ART,APP_MATH,Applied Mathematics,Commerce,1,0,15,
GSEB,GUJ,STD11_ART,ART,IP,Informatics Practices,Elective,1,0,16,
GSEB,GUJ,STD11_ART,ART,HIS,History,Humanities,1,0,21,
GSEB,GUJ,STD11_ART,ART,GEO,Geography,Humanities,1,0,22,
GSEB,GUJ,STD11_ART,ART,POL,Political Science,Humanities,1,0,23,
GSEB,GUJ,STD11_ART,ART,PSY,Psychology,Humanities,1,0,24,
GSEB,GUJ,STD11_ART,ART,SOC,Sociology,Humanities,1,0,25,
GSEB,GUJ,STD12_SCI,SCI,ENG,English,Language,1,0,1,
GSEB,GUJ,STD12_SCI,SCI,PE,Physical Education,Co-curricular,1,0,10,
GSEB,GUJ,STD12_SCI,SCI,PHY,Physics,Science,1,0,11,
GSEB,GUJ,STD12_SCI,SCI,CHE,Chemistry,Science,1,0,12,
GSEB,GUJ,STD12_SCI,SCI,BIO,Biology,Science,1,0,13,
GSEB,GUJ,STD12_SCI,SCI,MATH_ADV,Advanced Mathematics,Science,1,0,14,
GSEB,GUJ,STD12_SCI,SCI,IP,Informatics Practices,Elective,1,0,16,
GSEB,GUJ,STD12_COM,COM,ENG,English,Language,1,0,1,
GSEB,GUJ,STD12_COM,COM,PE,Physical Education,Co-curricular,1,0,10,
GSEB,GUJ,STD12_COM,COM,MATH_ADV,Advanced Mathematics,Science,1,0,14,
GSEB,GUJ,STD12_COM,COM,APP_MATH,Applied Mathematics,Commerce,1,0,15,
GSEB,GUJ,STD12_COM,COM,IP,Informatics Practices,Elective,1,0,16,
GSEB,GUJ,STD12_COM,COM,ACC,Accountancy,Commerce,1,0,17,
GSEB,GUJ,STD12_COM,COM,BST,Business Studies,Commerce,1,0,18,
GSEB,GUJ,STD12_COM,COM,ECO,Economics,Commerce,1,0,19,
GSEB,GUJ,STD12_COM,COM,ENT,Entrepreneurship,Elective,1,0,20,
GSEB,GUJ,STD12_ART,ART,ENG,English,Language,1,0,1,
GSEB,GUJ,STD12_ART,ART,PE,Physical Education,Co-curricular,1,0,10,
GSEB,GUJ,STD12_ART,ART,APP_MATH,Applied Mathematics,Commerce,1,0,15,
GSEB,GUJ,STD12_ART,ART,IP,Informatics Practices,Elective,1,0,16,
GSEB,GUJ,STD12_ART,ART,HIS,History,Humanities,1,0,21,
GSEB,GUJ,STD12_ART,ART,GEO,Geography,Humanities,1,0,22,
GSEB,GUJ,STD12_ART,ART,POL,Political Science,Humanities,1,0,23,
GSEB,GUJ,STD12_ART,ART,PSY,Psychology,Humanities,1,0,24,
GSEB,GUJ,STD12_ART,ART,SOC,Sociology,Humanities,1,0,25,
GSEB,GUJ,ITI_ELEC,VOC_IND,ENG_DRAW,Engineering Drawing,Vocational,1,0,26,
GSEB,GUJ,ITI_ELEC,VOC_IND,WORK_PRAC,Workshop Practice,Vocational,1,0,27,
GSEB,GUJ,ITI_ELEC,VOC_IND,ELEC_THEORY,Electrician Theory,Vocational,1,0,28,
GSEB,GUJ,ITI_ELEC,VOC_IND,FIT_THEORY,Fitter Theory,Vocational,1,0,29,
GSEB,GUJ,ITI_FIT,VOC_IND,ENG_DRAW,Engineering Drawing,Vocational,1,0,26,
GSEB,GUJ,ITI_FIT,VOC_IND,WORK_PRAC,Workshop Practice,Vocational,1,0,27,
GSEB,GUJ,ITI_FIT,VOC_IND,ELEC_THEORY,Electrician Theory,Vocational,1,0,28,
GSEB,GUJ,ITI_FIT,VOC_IND,FIT_THEORY,Fitter Theory,Vocational,1,0,29,
GSEB,GUJ,POLY_ME_Y1,ENG,ENG_DRAW,Engineering Drawing,Vocational,1,0,26,
GSEB,GUJ,POLY_ME_Y1,ENG,WORK_PRAC,Workshop Practice,Vocational,1,0,27,
GSEB,GUJ,POLY_ME_Y2,ENG,ENG_DRAW,Engineering Drawing,Vocational,1,0,26,
GSEB,GUJ,POLY_ME_Y2,ENG,WORK_PRAC,Workshop Practice,Vocational,1,0,27,
GSEB,GUJ,POLY_ME_Y3,ENG,ENG_DRAW,Engineering Drawing,Vocational,1,0,26,
GSEB,GUJ,POLY_ME_Y3,ENG,WORK_PRAC,Workshop Practice,Vocational,1,0,27,
GSEB,GUJ,POLY_CE_Y1,ENG,ENG_DRAW,Engineering Drawing,Vocational,1,0,26,
GSEB,GUJ,POLY_CE_Y1,ENG,WORK_PRAC,Workshop Practice,Vocational,1,0,27,
GSEB,GUJ,POLY_CE_Y2,ENG,ENG_DRAW,Engineering Drawing,Vocational,1,0,26,
GSEB,GUJ,POLY_CE_Y2,ENG,WORK_PRAC,Workshop Practice,Vocational,1,0,27,
GSEB,GUJ,POLY_CE_Y3,ENG,ENG_DRAW,Engineering Drawing,Vocational,1,0,26,
GSEB,GUJ,POLY_CE_Y3,ENG,WORK_PRAC,Workshop Practice,Vocational,1,0,27,
GSEB,GUJ,NUR_GNM_Y1,NUR,NUR_FND,Nursing Foundations,Nursing,1,0,43,
GSEB,GUJ,NUR_GNM_Y2,NUR,NUR_FND,Nursing Foundations,Nursing,1,0,43,
GSEB,GUJ,UNI_UG_CSE_Y1,ENG,DSA,Data Structures & Algorithms,Engineering,1,0,30,
GSEB,GUJ,UNI_UG_CSE_Y1,ENG,DBMS,Database Management Systems,Engineering,1,0,31,
GSEB,GUJ,UNI_UG_CSE_Y1,ENG,OS,Operating Systems,Engineering,1,0,32,
GSEB,GUJ,UNI_UG_CSE_Y1,ENG,CN,Computer Networks,Engineering,1,0,33,
GSEB,GUJ,UNI_UG_CSE_Y1,ENG,AI_ML,Artificial Intelligence & ML,Engineering,1,0,34,
GSEB,GUJ,UNI_UG_CSE_Y1,ENG,SWE,Software Engineering,Engineering,1,0,35,
GSEB,GUJ,UNI_UG_CSE_Y1,ENG,THERMO,Thermodynamics,Engineering,1,0,36,
GSEB,GUJ,UNI_UG_CSE_Y1,ENG,CIRCUITS,Electronic Circuits,Engineering,1,0,37,
GSEB,GUJ,UNI_UG_CSE_Y1,ENG,ANAT,Human Anatomy,Medical,1,0,38,
GSEB,GUJ,UNI_UG_CSE_Y1,ENG,PHYS,Physiology,Medical,1,0,39,
GSEB,GUJ,UNI_UG_CSE_Y1,ENG,PHARM,Pharmacology,Medical,1,0,40,
GSEB,GUJ,UNI_UG_CSE_Y1,ENG,PATH,Pathology,Medical,1,0,41,
GSEB,GUJ,UNI_UG_CSE_Y1,ENG,COM_MED,Community Medicine,Medical,1,0,42,
GSEB,GUJ,UNI_UG_CSE_Y1,ENG,LAW_CON,Constitutional Law,Law,1,0,44,
GSEB,GUJ,UNI_UG_CSE_Y1,ENG,LAW_IPC,Indian Penal Code,Law,1,0,45,
GSEB,GUJ,UNI_UG_CSE_Y1,ENG,LAW_CONTR,Contract Law,Law,1,0,46,
GSEB,GUJ,UNI_UG_CSE_Y1,ENG,JURIS,Jurisprudence,Law,1,0,47,
GSEB,GUJ,UNI_UG_CSE_Y1,ENG,CORP_ACC,Corporate Accounting,Commerce,1,0,48,
GSEB,GUJ,UNI_UG_CSE_Y1,ENG,FIN_MGT,Financial Management,Management,1,0,49,
GSEB,GUJ,UNI_UG_CSE_Y1,ENG,MKT_MGT,Marketing Management,Management,1,0,50,
GSEB,GUJ,UNI_UG_CSE_Y1,ENG,OB,Organizational Behavior,Management,1,0,51,
GSEB,GUJ,UNI_UG_CSE_Y1,ENG,UI_UX,User Interface & Experience,Design,1,0,54,
GSEB,GUJ,UNI_UG_CSE_Y1,ENG,TYPO,Typography,Design,1,0,55,
GSEB,GUJ,UNI_UG_CSE_Y1,ENG,ARCH_DSN,Architectural Design,Architecture,1,0,56,
GSEB,GUJ,UNI_UG_CSE_Y2,ENG,DSA,Data Structures & Algorithms,Engineering,1,0,30,
GSEB,GUJ,UNI_UG_CSE_Y2,ENG,DBMS,Database Management Systems,Engineering,1,0,31,
GSEB,GUJ,UNI_UG_CSE_Y2,ENG,OS,Operating Systems,Engineering,1,0,32,
GSEB,GUJ,UNI_UG_CSE_Y2,ENG,CN,Computer Networks,Engineering,1,0,33,
GSEB,GUJ,UNI_UG_CSE_Y2,ENG,AI_ML,Artificial Intelligence & ML,Engineering,1,0,34,
GSEB,GUJ,UNI_UG_CSE_Y2,ENG,SWE,Software Engineering,Engineering,1,0,35,
GSEB,GUJ,UNI_UG_CSE_Y2,ENG,THERMO,Thermodynamics,Engineering,1,0,36,
GSEB,GUJ,UNI_UG_CSE_Y2,ENG,CIRCUITS,Electronic Circuits,Engineering,1,0,37,
GSEB,GUJ,UNI_UG_CSE_Y2,ENG,ANAT,Human Anatomy,Medical,1,0,38,
GSEB,GUJ,UNI_UG_CSE_Y2,ENG,PHYS,Physiology,Medical,1,0,39,
GSEB,GUJ,UNI_UG_CSE_Y2,ENG,PHARM,Pharmacology,Medical,1,0,40,
GSEB,GUJ,UNI_UG_CSE_Y2,ENG,PATH,Pathology,Medical,1,0,41,
GSEB,GUJ,UNI_UG_CSE_Y2,ENG,COM_MED,Community Medicine,Medical,1,0,42,
GSEB,GUJ,UNI_UG_CSE_Y2,ENG,LAW_CON,Constitutional Law,Law,1,0,44,
GSEB,GUJ,UNI_UG_CSE_Y2,ENG,LAW_IPC,Indian Penal Code,Law,1,0,45,
GSEB,GUJ,UNI_UG_CSE_Y2,ENG,LAW_CONTR,Contract Law,Law,1,0,46,
GSEB,GUJ,UNI_UG_CSE_Y2,ENG,JURIS,Jurisprudence,Law,1,0,47,
GSEB,GUJ,UNI_UG_CSE_Y2,ENG,CORP_ACC,Corporate Accounting,Commerce,1,0,48,
GSEB,GUJ,UNI_UG_CSE_Y2,ENG,FIN_MGT,Financial Management,Management,1,0,49,
GSEB,GUJ,UNI_UG_CSE_Y2,ENG,MKT_MGT,Marketing Management,Management,1,0,50,
GSEB,GUJ,UNI_UG_CSE_Y2,ENG,OB,Organizational Behavior,Management,1,0,51,
GSEB,GUJ,UNI_UG_CSE_Y2,ENG,UI_UX,User Interface & Experience,Design,1,0,54,
GSEB,GUJ,UNI_UG_CSE_Y2,ENG,TYPO,Typography,Design,1,0,55,
GSEB,GUJ,UNI_UG_CSE_Y2,ENG,ARCH_DSN,Architectural Design,Architecture,1,0,56,
GSEB,GUJ,UNI_UG_CSE_Y3,ENG,DSA,Data Structures & Algorithms,Engineering,1,0,30,
GSEB,GUJ,UNI_UG_CSE_Y3,ENG,DBMS,Database Management Systems,Engineering,1,0,31,
GSEB,GUJ,UNI_UG_CSE_Y3,ENG,OS,Operating Systems,Engineering,1,0,32,
GSEB,GUJ,UNI_UG_CSE_Y3,ENG,CN,Computer Networks,Engineering,1,0,33,
GSEB,GUJ,UNI_UG_CSE_Y3,ENG,AI_ML,Artificial Intelligence & ML,Engineering,1,0,34,
GSEB,GUJ,UNI_UG_CSE_Y3,ENG,SWE,Software Engineering,Engineering,1,0,35,
GSEB,GUJ,UNI_UG_CSE_Y3,ENG,THERMO,Thermodynamics,Engineering,1,0,36,
GSEB,GUJ,UNI_UG_CSE_Y3,ENG,CIRCUITS,Electronic Circuits,Engineering,1,0,37,
GSEB,GUJ,UNI_UG_CSE_Y3,ENG,ANAT,Human Anatomy,Medical,1,0,38,
GSEB,GUJ,UNI_UG_CSE_Y3,ENG,PHYS,Physiology,Medical,1,0,39,
GSEB,GUJ,UNI_UG_CSE_Y3,ENG,PHARM,Pharmacology,Medical,1,0,40,
GSEB,GUJ,UNI_UG_CSE_Y3,ENG,PATH,Pathology,Medical,1,0,41,
GSEB,GUJ,UNI_UG_CSE_Y3,ENG,COM_MED,Community Medicine,Medical,1,0,42,
GSEB,GUJ,UNI_UG_CSE_Y3,ENG,LAW_CON,Constitutional Law,Law,1,0,44,
GSEB,GUJ,UNI_UG_CSE_Y3,ENG,LAW_IPC,Indian Penal Code,Law,1,0,45,
GSEB,GUJ,UNI_UG_CSE_Y3,ENG,LAW_CONTR,Contract Law,Law,1,0,46,
GSEB,GUJ,UNI_UG_CSE_Y3,ENG,JURIS,Jurisprudence,Law,1,0,47,
GSEB,GUJ,UNI_UG_CSE_Y3,ENG,CORP_ACC,Corporate Accounting,Commerce,1,0,48,
GSEB,GUJ,UNI_UG_CSE_Y3,ENG,FIN_MGT,Financial Management,Management,1,0,49,
GSEB,GUJ,UNI_UG_CSE_Y3,ENG,MKT_MGT,Marketing Management,Management,1,0,50,
GSEB,GUJ,UNI_UG_CSE_Y3,ENG,OB,Organizational Behavior,Management,1,0,51,
GSEB,GUJ,UNI_UG_CSE_Y3,ENG,UI_UX,User Interface & Experience,Design,1,0,54,
GSEB,GUJ,UNI_UG_CSE_Y3,ENG,TYPO,Typography,Design,1,0,55,
GSEB,GUJ,UNI_UG_CSE_Y3,ENG,ARCH_DSN,Architectural Design,Architecture,1,0,56,
GSEB,GUJ,UNI_UG_CSE_Y4,ENG,DSA,Data Structures & Algorithms,Engineering,1,0,30,
GSEB,GUJ,UNI_UG_CSE_Y4,ENG,DBMS,Database Management Systems,Engineering,1,0,31,
GSEB,GUJ,UNI_UG_CSE_Y4,ENG,OS,Operating Systems,Engineering,1,0,32,
GSEB,GUJ,UNI_UG_CSE_Y4,ENG,CN,Computer Networks,Engineering,1,0,33,
GSEB,GUJ,UNI_UG_CSE_Y4,ENG,AI_ML,Artificial Intelligence & ML,Engineering,1,0,34,
GSEB,GUJ,UNI_UG_CSE_Y4,ENG,SWE,Software Engineering,Engineering,1,0,35,
GSEB,GUJ,UNI_UG_CSE_Y4,ENG,THERMO,Thermodynamics,Engineering,1,0,36,
GSEB,GUJ,UNI_UG_CSE_Y4,ENG,CIRCUITS,Electronic Circuits,Engineering,1,0,37,
GSEB,GUJ,UNI_UG_CSE_Y4,ENG,ANAT,Human Anatomy,Medical,1,0,38,
GSEB,GUJ,UNI_UG_CSE_Y4,ENG,PHYS,Physiology,Medical,1,0,39,
GSEB,GUJ,UNI_UG_CSE_Y4,ENG,PHARM,Pharmacology,Medical,1,0,40,
GSEB,GUJ,UNI_UG_CSE_Y4,ENG,PATH,Pathology,Medical,1,0,41,
GSEB,GUJ,UNI_UG_CSE_Y4,ENG,COM_MED,Community Medicine,Medical,1,0,42,
GSEB,GUJ,UNI_UG_CSE_Y4,ENG,LAW_CON,Constitutional Law,Law,1,0,44,
GSEB,GUJ,UNI_UG_CSE_Y4,ENG,LAW_IPC,Indian Penal Code,Law,1,0,45,
GSEB,GUJ,UNI_UG_CSE_Y4,ENG,LAW_CONTR,Contract Law,Law,1,0,46,
GSEB,GUJ,UNI_UG_CSE_Y4,ENG,JURIS,Jurisprudence,Law,1,0,47,
GSEB,GUJ,UNI_UG_CSE_Y4,ENG,CORP_ACC,Corporate Accounting,Commerce,1,0,48,
GSEB,GUJ,UNI_UG_CSE_Y4,ENG,FIN_MGT,Financial Management,Management,1,0,49,
GSEB,GUJ,UNI_UG_CSE_Y4,ENG,MKT_MGT,Marketing Management,Management,1,0,50,
GSEB,GUJ,UNI_UG_CSE_Y4,ENG,OB,Organizational Behavior,Management,1,0,51,
GSEB,GUJ,UNI_UG_CSE_Y4,ENG,UI_UX,User Interface & Experience,Design,1,0,54,
GSEB,GUJ,UNI_UG_CSE_Y4,ENG,TYPO,Typography,Design,1,0,55,
GSEB,GUJ,UNI_UG_CSE_Y4,ENG,ARCH_DSN,Architectural Design,Architecture,1,0,56,
GSEB,GUJ,UNI_UG_DS_Y1,SCI,DSA,Data Structures & Algorithms,Engineering,1,0,30,
GSEB,GUJ,UNI_UG_DS_Y1,SCI,DBMS,Database Management Systems,Engineering,1,0,31,
GSEB,GUJ,UNI_UG_DS_Y1,SCI,OS,Operating Systems,Engineering,1,0,32,
GSEB,GUJ,UNI_UG_DS_Y1,SCI,CN,Computer Networks,Engineering,1,0,33,
GSEB,GUJ,UNI_UG_DS_Y1,SCI,AI_ML,Artificial Intelligence & ML,Engineering,1,0,34,
GSEB,GUJ,UNI_UG_DS_Y1,SCI,SWE,Software Engineering,Engineering,1,0,35,
GSEB,GUJ,UNI_UG_DS_Y1,SCI,THERMO,Thermodynamics,Engineering,1,0,36,
GSEB,GUJ,UNI_UG_DS_Y1,SCI,CIRCUITS,Electronic Circuits,Engineering,1,0,37,
GSEB,GUJ,UNI_UG_DS_Y1,SCI,ANAT,Human Anatomy,Medical,1,0,38,
GSEB,GUJ,UNI_UG_DS_Y1,SCI,PHYS,Physiology,Medical,1,0,39,
GSEB,GUJ,UNI_UG_DS_Y1,SCI,PHARM,Pharmacology,Medical,1,0,40,
GSEB,GUJ,UNI_UG_DS_Y1,SCI,PATH,Pathology,Medical,1,0,41,
GSEB,GUJ,UNI_UG_DS_Y1,SCI,COM_MED,Community Medicine,Medical,1,0,42,
GSEB,GUJ,UNI_UG_DS_Y1,SCI,LAW_CON,Constitutional Law,Law,1,0,44,
GSEB,GUJ,UNI_UG_DS_Y1,SCI,LAW_IPC,Indian Penal Code,Law,1,0,45,
GSEB,GUJ,UNI_UG_DS_Y1,SCI,LAW_CONTR,Contract Law,Law,1,0,46,
GSEB,GUJ,UNI_UG_DS_Y1,SCI,JURIS,Jurisprudence,Law,1,0,47,
GSEB,GUJ,UNI_UG_DS_Y1,SCI,CORP_ACC,Corporate Accounting,Commerce,1,0,48,
GSEB,GUJ,UNI_UG_DS_Y1,SCI,FIN_MGT,Financial Management,Management,1,0,49,
GSEB,GUJ,UNI_UG_DS_Y1,SCI,MKT_MGT,Marketing Management,Management,1,0,50,
GSEB,GUJ,UNI_UG_DS_Y1,SCI,OB,Organizational Behavior,Management,1,0,51,
GSEB,GUJ,UNI_UG_DS_Y1,SCI,UI_UX,User Interface & Experience,Design,1,0,54,
GSEB,GUJ,UNI_UG_DS_Y1,SCI,TYPO,Typography,Design,1,0,55,
GSEB,GUJ,UNI_UG_DS_Y1,SCI,ARCH_DSN,Architectural Design,Architecture,1,0,56,
GSEB,GUJ,UNI_UG_DS_Y2,SCI,DSA,Data Structures & Algorithms,Engineering,1,0,30,
GSEB,GUJ,UNI_UG_DS_Y2,SCI,DBMS,Database Management Systems,Engineering,1,0,31,
GSEB,GUJ,UNI_UG_DS_Y2,SCI,OS,Operating Systems,Engineering,1,0,32,
GSEB,GUJ,UNI_UG_DS_Y2,SCI,CN,Computer Networks,Engineering,1,0,33,
GSEB,GUJ,UNI_UG_DS_Y2,SCI,AI_ML,Artificial Intelligence & ML,Engineering,1,0,34,
GSEB,GUJ,UNI_UG_DS_Y2,SCI,SWE,Software Engineering,Engineering,1,0,35,
GSEB,GUJ,UNI_UG_DS_Y2,SCI,THERMO,Thermodynamics,Engineering,1,0,36,
GSEB,GUJ,UNI_UG_DS_Y2,SCI,CIRCUITS,Electronic Circuits,Engineering,1,0,37,
GSEB,GUJ,UNI_UG_DS_Y2,SCI,ANAT,Human Anatomy,Medical,1,0,38,
GSEB,GUJ,UNI_UG_DS_Y2,SCI,PHYS,Physiology,Medical,1,0,39,
GSEB,GUJ,UNI_UG_DS_Y2,SCI,PHARM,Pharmacology,Medical,1,0,40,
GSEB,GUJ,UNI_UG_DS_Y2,SCI,PATH,Pathology,Medical,1,0,41,
GSEB,GUJ,UNI_UG_DS_Y2,SCI,COM_MED,Community Medicine,Medical,1,0,42,
GSEB,GUJ,UNI_UG_DS_Y2,SCI,LAW_CON,Constitutional Law,Law,1,0,44,
GSEB,GUJ,UNI_UG_DS_Y2,SCI,LAW_IPC,Indian Penal Code,Law,1,0,45,
GSEB,GUJ,UNI_UG_DS_Y2,SCI,LAW_CONTR,Contract Law,Law,1,0,46,
GSEB,GUJ,UNI_UG_DS_Y2,SCI,JURIS,Jurisprudence,Law,1,0,47,
GSEB,GUJ,UNI_UG_DS_Y2,SCI,CORP_ACC,Corporate Accounting,Commerce,1,0,48,
GSEB,GUJ,UNI_UG_DS_Y2,SCI,FIN_MGT,Financial Management,Management,1,0,49,
GSEB,GUJ,UNI_UG_DS_Y2,SCI,MKT_MGT,Marketing Management,Management,1,0,50,
GSEB,GUJ,UNI_UG_DS_Y2,SCI,OB,Organizational Behavior,Management,1,0,51,
GSEB,GUJ,UNI_UG_DS_Y2,SCI,UI_UX,User Interface & Experience,Design,1,0,54,
GSEB,GUJ,UNI_UG_DS_Y2,SCI,TYPO,Typography,Design,1,0,55,
GSEB,GUJ,UNI_UG_DS_Y2,SCI,ARCH_DSN,Architectural Design,Architecture,1,0,56,
GSEB,GUJ,UNI_UG_DS_Y3,SCI,DSA,Data Structures & Algorithms,Engineering,1,0,30,
GSEB,GUJ,UNI_UG_DS_Y3,SCI,DBMS,Database Management Systems,Engineering,1,0,31,
GSEB,GUJ,UNI_UG_DS_Y3,SCI,OS,Operating Systems,Engineering,1,0,32,
GSEB,GUJ,UNI_UG_DS_Y3,SCI,CN,Computer Networks,Engineering,1,0,33,
GSEB,GUJ,UNI_UG_DS_Y3,SCI,AI_ML,Artificial Intelligence & ML,Engineering,1,0,34,
GSEB,GUJ,UNI_UG_DS_Y3,SCI,SWE,Software Engineering,Engineering,1,0,35,
GSEB,GUJ,UNI_UG_DS_Y3,SCI,THERMO,Thermodynamics,Engineering,1,0,36,
GSEB,GUJ,UNI_UG_DS_Y3,SCI,CIRCUITS,Electronic Circuits,Engineering,1,0,37,
GSEB,GUJ,UNI_UG_DS_Y3,SCI,ANAT,Human Anatomy,Medical,1,0,38,
GSEB,GUJ,UNI_UG_DS_Y3,SCI,PHYS,Physiology,Medical,1,0,39,
GSEB,GUJ,UNI_UG_DS_Y3,SCI,PHARM,Pharmacology,Medical,1,0,40,
GSEB,GUJ,UNI_UG_DS_Y3,SCI,PATH,Pathology,Medical,1,0,41,
GSEB,GUJ,UNI_UG_DS_Y3,SCI,COM_MED,Community Medicine,Medical,1,0,42,
GSEB,GUJ,UNI_UG_DS_Y3,SCI,LAW_CON,Constitutional Law,Law,1,0,44,
GSEB,GUJ,UNI_UG_DS_Y3,SCI,LAW_IPC,Indian Penal Code,Law,1,0,45,
GSEB,GUJ,UNI_UG_DS_Y3,SCI,LAW_CONTR,Contract Law,Law,1,0,46,
GSEB,GUJ,UNI_UG_DS_Y3,SCI,JURIS,Jurisprudence,Law,1,0,47,
GSEB,GUJ,UNI_UG_DS_Y3,SCI,CORP_ACC,Corporate Accounting,Commerce,1,0,48,
GSEB,GUJ,UNI_UG_DS_Y3,SCI,FIN_MGT,Financial Management,Management,1,0,49,
GSEB,GUJ,UNI_UG_DS_Y3,SCI,MKT_MGT,Marketing Management,Management,1,0,50,
GSEB,GUJ,UNI_UG_DS_Y3,SCI,OB,Organizational Behavior,Management,1,0,51,
GSEB,GUJ,UNI_UG_DS_Y3,SCI,UI_UX,User Interface & Experience,Design,1,0,54,
GSEB,GUJ,UNI_UG_DS_Y3,SCI,TYPO,Typography,Design,1,0,55,
GSEB,GUJ,UNI_UG_DS_Y3,SCI,ARCH_DSN,Architectural Design,Architecture,1,0,56,
GSEB,GUJ,UNI_UG_UX_Y1,DES,DSA,Data Structures & Algorithms,Engineering,1,0,30,
GSEB,GUJ,UNI_UG_UX_Y1,DES,DBMS,Database Management Systems,Engineering,1,0,31,
GSEB,GUJ,UNI_UG_UX_Y1,DES,OS,Operating Systems,Engineering,1,0,32,
GSEB,GUJ,UNI_UG_UX_Y1,DES,CN,Computer Networks,Engineering,1,0,33,
GSEB,GUJ,UNI_UG_UX_Y1,DES,AI_ML,Artificial Intelligence & ML,Engineering,1,0,34,
GSEB,GUJ,UNI_UG_UX_Y1,DES,SWE,Software Engineering,Engineering,1,0,35,
GSEB,GUJ,UNI_UG_UX_Y1,DES,THERMO,Thermodynamics,Engineering,1,0,36,
GSEB,GUJ,UNI_UG_UX_Y1,DES,CIRCUITS,Electronic Circuits,Engineering,1,0,37,
GSEB,GUJ,UNI_UG_UX_Y1,DES,ANAT,Human Anatomy,Medical,1,0,38,
GSEB,GUJ,UNI_UG_UX_Y1,DES,PHYS,Physiology,Medical,1,0,39,
GSEB,GUJ,UNI_UG_UX_Y1,DES,PHARM,Pharmacology,Medical,1,0,40,
GSEB,GUJ,UNI_UG_UX_Y1,DES,PATH,Pathology,Medical,1,0,41,
GSEB,GUJ,UNI_UG_UX_Y1,DES,COM_MED,Community Medicine,Medical,1,0,42,
GSEB,GUJ,UNI_UG_UX_Y1,DES,LAW_CON,Constitutional Law,Law,1,0,44,
GSEB,GUJ,UNI_UG_UX_Y1,DES,LAW_IPC,Indian Penal Code,Law,1,0,45,
GSEB,GUJ,UNI_UG_UX_Y1,DES,LAW_CONTR,Contract Law,Law,1,0,46,
GSEB,GUJ,UNI_UG_UX_Y1,DES,JURIS,Jurisprudence,Law,1,0,47,
GSEB,GUJ,UNI_UG_UX_Y1,DES,CORP_ACC,Corporate Accounting,Commerce,1,0,48,
GSEB,GUJ,UNI_UG_UX_Y1,DES,FIN_MGT,Financial Management,Management,1,0,49,
GSEB,GUJ,UNI_UG_UX_Y1,DES,MKT_MGT,Marketing Management,Management,1,0,50,
GSEB,GUJ,UNI_UG_UX_Y1,DES,OB,Organizational Behavior,Management,1,0,51,
GSEB,GUJ,UNI_UG_UX_Y1,DES,UI_UX,User Interface & Experience,Design,1,0,54,
GSEB,GUJ,UNI_UG_UX_Y1,DES,TYPO,Typography,Design,1,0,55,
GSEB,GUJ,UNI_UG_UX_Y1,DES,ARCH_DSN,Architectural Design,Architecture,1,0,56,
GSEB,GUJ,UNI_UG_UX_Y2,DES,DSA,Data Structures & Algorithms,Engineering,1,0,30,
GSEB,GUJ,UNI_UG_UX_Y2,DES,DBMS,Database Management Systems,Engineering,1,0,31,
GSEB,GUJ,UNI_UG_UX_Y2,DES,OS,Operating Systems,Engineering,1,0,32,
GSEB,GUJ,UNI_UG_UX_Y2,DES,CN,Computer Networks,Engineering,1,0,33,
GSEB,GUJ,UNI_UG_UX_Y2,DES,AI_ML,Artificial Intelligence & ML,Engineering,1,0,34,
GSEB,GUJ,UNI_UG_UX_Y2,DES,SWE,Software Engineering,Engineering,1,0,35,
GSEB,GUJ,UNI_UG_UX_Y2,DES,THERMO,Thermodynamics,Engineering,1,0,36,
GSEB,GUJ,UNI_UG_UX_Y2,DES,CIRCUITS,Electronic Circuits,Engineering,1,0,37,
GSEB,GUJ,UNI_UG_UX_Y2,DES,ANAT,Human Anatomy,Medical,1,0,38,
GSEB,GUJ,UNI_UG_UX_Y2,DES,PHYS,Physiology,Medical,1,0,39,
GSEB,GUJ,UNI_UG_UX_Y2,DES,PHARM,Pharmacology,Medical,1,0,40,
GSEB,GUJ,UNI_UG_UX_Y2,DES,PATH,Pathology,Medical,1,0,41,
GSEB,GUJ,UNI_UG_UX_Y2,DES,COM_MED,Community Medicine,Medical,1,0,42,
GSEB,GUJ,UNI_UG_UX_Y2,DES,LAW_CON,Constitutional Law,Law,1,0,44,
GSEB,GUJ,UNI_UG_UX_Y2,DES,LAW_IPC,Indian Penal Code,Law,1,0,45,
GSEB,GUJ,UNI_UG_UX_Y2,DES,LAW_CONTR,Contract Law,Law,1,0,46,
GSEB,GUJ,UNI_UG_UX_Y2,DES,JURIS,Jurisprudence,Law,1,0,47,
GSEB,GUJ,UNI_UG_UX_Y2,DES,CORP_ACC,Corporate Accounting,Commerce,1,0,48,
GSEB,GUJ,UNI_UG_UX_Y2,DES,FIN_MGT,Financial Management,Management,1,0,49,
GSEB,GUJ,UNI_UG_UX_Y2,DES,MKT_MGT,Marketing Management,Management,1,0,50,
GSEB,GUJ,UNI_UG_UX_Y2,DES,OB,Organizational Behavior,Management,1,0,51,
GSEB,GUJ,UNI_UG_UX_Y2,DES,UI_UX,User Interface & Experience,Design,1,0,54,
GSEB,GUJ,UNI_UG_UX_Y2,DES,TYPO,Typography,Design,1,0,55,
GSEB,GUJ,UNI_UG_UX_Y2,DES,ARCH_DSN,Architectural Design,Architecture,1,0,56,
GSEB,GUJ,UNI_UG_UX_Y3,DES,DSA,Data Structures & Algorithms,Engineering,1,0,30,
GSEB,GUJ,UNI_UG_UX_Y3,DES,DBMS,Database Management Systems,Engineering,1,0,31,
GSEB,GUJ,UNI_UG_UX_Y3,DES,OS,Operating Systems,Engineering,1,0,32,
GSEB,GUJ,UNI_UG_UX_Y3,DES,CN,Computer Networks,Engineering,1,0,33,
GSEB,GUJ,UNI_UG_UX_Y3,DES,AI_ML,Artificial Intelligence & ML,Engineering,1,0,34,
GSEB,GUJ,UNI_UG_UX_Y3,DES,SWE,Software Engineering,Engineering,1,0,35,
GSEB,GUJ,UNI_UG_UX_Y3,DES,THERMO,Thermodynamics,Engineering,1,0,36,
GSEB,GUJ,UNI_UG_UX_Y3,DES,CIRCUITS,Electronic Circuits,Engineering,1,0,37,
GSEB,GUJ,UNI_UG_UX_Y3,DES,ANAT,Human Anatomy,Medical,1,0,38,
GSEB,GUJ,UNI_UG_UX_Y3,DES,PHYS,Physiology,Medical,1,0,39,
GSEB,GUJ,UNI_UG_UX_Y3,DES,PHARM,Pharmacology,Medical,1,0,40,
GSEB,GUJ,UNI_UG_UX_Y3,DES,PATH,Pathology,Medical,1,0,41,
GSEB,GUJ,UNI_UG_UX_Y3,DES,COM_MED,Community Medicine,Medical,1,0,42,
GSEB,GUJ,UNI_UG_UX_Y3,DES,LAW_CON,Constitutional Law,Law,1,0,44,
GSEB,GUJ,UNI_UG_UX_Y3,DES,LAW_IPC,Indian Penal Code,Law,1,0,45,
GSEB,GUJ,UNI_UG_UX_Y3,DES,LAW_CONTR,Contract Law,Law,1,0,46,
GSEB,GUJ,UNI_UG_UX_Y3,DES,JURIS,Jurisprudence,Law,1,0,47,
GSEB,GUJ,UNI_UG_UX_Y3,DES,CORP_ACC,Corporate Accounting,Commerce,1,0,48,
GSEB,GUJ,UNI_UG_UX_Y3,DES,FIN_MGT,Financial Management,Management,1,0,49,
GSEB,GUJ,UNI_UG_UX_Y3,DES,MKT_MGT,Marketing Management,Management,1,0,50,
GSEB,GUJ,UNI_UG_UX_Y3,DES,OB,Organizational Behavior,Management,1,0,51,
GSEB,GUJ,UNI_UG_UX_Y3,DES,UI_UX,User Interface & Experience,Design,1,0,54,
GSEB,GUJ,UNI_UG_UX_Y3,DES,TYPO,Typography,Design,1,0,55,
GSEB,GUJ,UNI_UG_UX_Y3,DES,ARCH_DSN,Architectural Design,Architecture,1,0,56,
GSEB,GUJ,UNI_UG_UX_Y4,DES,DSA,Data Structures & Algorithms,Engineering,1,0,30,
GSEB,GUJ,UNI_UG_UX_Y4,DES,DBMS,Database Management Systems,Engineering,1,0,31,
GSEB,GUJ,UNI_UG_UX_Y4,DES,OS,Operating Systems,Engineering,1,0,32,
GSEB,GUJ,UNI_UG_UX_Y4,DES,CN,Computer Networks,Engineering,1,0,33,
GSEB,GUJ,UNI_UG_UX_Y4,DES,AI_ML,Artificial Intelligence & ML,Engineering,1,0,34,
GSEB,GUJ,UNI_UG_UX_Y4,DES,SWE,Software Engineering,Engineering,1,0,35,
GSEB,GUJ,UNI_UG_UX_Y4,DES,THERMO,Thermodynamics,Engineering,1,0,36,
GSEB,GUJ,UNI_UG_UX_Y4,DES,CIRCUITS,Electronic Circuits,Engineering,1,0,37,
GSEB,GUJ,UNI_UG_UX_Y4,DES,ANAT,Human Anatomy,Medical,1,0,38,
GSEB,GUJ,UNI_UG_UX_Y4,DES,PHYS,Physiology,Medical,1,0,39,
GSEB,GUJ,UNI_UG_UX_Y4,DES,PHARM,Pharmacology,Medical,1,0,40,
GSEB,GUJ,UNI_UG_UX_Y4,DES,PATH,Pathology,Medical,1,0,41,
GSEB,GUJ,UNI_UG_UX_Y4,DES,COM_MED,Community Medicine,Medical,1,0,42,
GSEB,GUJ,UNI_UG_UX_Y4,DES,LAW_CON,Constitutional Law,Law,1,0,44,
GSEB,GUJ,UNI_UG_UX_Y4,DES,LAW_IPC,Indian Penal Code,Law,1,0,45,
GSEB,GUJ,UNI_UG_UX_Y4,DES,LAW_CONTR,Contract Law,Law,1,0,46,
GSEB,GUJ,UNI_UG_UX_Y4,DES,JURIS,Jurisprudence,Law,1,0,47,
GSEB,GUJ,UNI_UG_UX_Y4,DES,CORP_ACC,Corporate Accounting,Commerce,1,0,48,
GSEB,GUJ,UNI_UG_UX_Y4,DES,FIN_MGT,Financial Management,Management,1,0,49,
GSEB,GUJ,UNI_UG_UX_Y4,DES,MKT_MGT,Marketing Management,Management,1,0,50,
GSEB,GUJ,UNI_UG_UX_Y4,DES,OB,Organizational Behavior,Management,1,0,51,
GSEB,GUJ,UNI_UG_UX_Y4,DES,UI_UX,User Interface & Experience,Design,1,0,54,
GSEB,GUJ,UNI_UG_UX_Y4,DES,TYPO,Typography,Design,1,0,55,
GSEB,GUJ,UNI_UG_UX_Y4,DES,ARCH_DSN,Architectural Design,Architecture,1,0,56,
GSEB,GUJ,UNI_UG_LAW_Y1,LAW,DSA,Data Structures & Algorithms,Engineering,1,0,30,
GSEB,GUJ,UNI_UG_LAW_Y1,LAW,DBMS,Database Management Systems,Engineering,1,0,31,
GSEB,GUJ,UNI_UG_LAW_Y1,LAW,OS,Operating Systems,Engineering,1,0,32,
GSEB,GUJ,UNI_UG_LAW_Y1,LAW,CN,Computer Networks,Engineering,1,0,33,
GSEB,GUJ,UNI_UG_LAW_Y1,LAW,AI_ML,Artificial Intelligence & ML,Engineering,1,0,34,
GSEB,GUJ,UNI_UG_LAW_Y1,LAW,SWE,Software Engineering,Engineering,1,0,35,
GSEB,GUJ,UNI_UG_LAW_Y1,LAW,THERMO,Thermodynamics,Engineering,1,0,36,
GSEB,GUJ,UNI_UG_LAW_Y1,LAW,CIRCUITS,Electronic Circuits,Engineering,1,0,37,
GSEB,GUJ,UNI_UG_LAW_Y1,LAW,ANAT,Human Anatomy,Medical,1,0,38,
GSEB,GUJ,UNI_UG_LAW_Y1,LAW,PHYS,Physiology,Medical,1,0,39,
GSEB,GUJ,UNI_UG_LAW_Y1,LAW,PHARM,Pharmacology,Medical,1,0,40,
GSEB,GUJ,UNI_UG_LAW_Y1,LAW,PATH,Pathology,Medical,1,0,41,
GSEB,GUJ,UNI_UG_LAW_Y1,LAW,COM_MED,Community Medicine,Medical,1,0,42,
GSEB,GUJ,UNI_UG_LAW_Y1,LAW,LAW_CON,Constitutional Law,Law,1,0,44,
GSEB,GUJ,UNI_UG_LAW_Y1,LAW,LAW_IPC,Indian Penal Code,Law,1,0,45,
GSEB,GUJ,UNI_UG_LAW_Y1,LAW,LAW_CONTR,Contract Law,Law,1,0,46,
GSEB,GUJ,UNI_UG_LAW_Y1,LAW,JURIS,Jurisprudence,Law,1,0,47,
GSEB,GUJ,UNI_UG_LAW_Y1,LAW,CORP_ACC,Corporate Accounting,Commerce,1,0,48,
GSEB,GUJ,UNI_UG_LAW_Y1,LAW,FIN_MGT,Financial Management,Management,1,0,49,
GSEB,GUJ,UNI_UG_LAW_Y1,LAW,MKT_MGT,Marketing Management,Management,1,0,50,
GSEB,GUJ,UNI_UG_LAW_Y1,LAW,OB,Organizational Behavior,Management,1,0,51,
GSEB,GUJ,UNI_UG_LAW_Y1,LAW,UI_UX,User Interface & Experience,Design,1,0,54,
GSEB,GUJ,UNI_UG_LAW_Y1,LAW,TYPO,Typography,Design,1,0,55,
GSEB,GUJ,UNI_UG_LAW_Y1,LAW,ARCH_DSN,Architectural Design,Architecture,1,0,56,
GSEB,GUJ,UNI_UG_LAW_Y5,LAW,DSA,Data Structures & Algorithms,Engineering,1,0,30,
GSEB,GUJ,UNI_UG_LAW_Y5,LAW,DBMS,Database Management Systems,Engineering,1,0,31,
GSEB,GUJ,UNI_UG_LAW_Y5,LAW,OS,Operating Systems,Engineering,1,0,32,
GSEB,GUJ,UNI_UG_LAW_Y5,LAW,CN,Computer Networks,Engineering,1,0,33,
GSEB,GUJ,UNI_UG_LAW_Y5,LAW,AI_ML,Artificial Intelligence & ML,Engineering,1,0,34,
GSEB,GUJ,UNI_UG_LAW_Y5,LAW,SWE,Software Engineering,Engineering,1,0,35,
GSEB,GUJ,UNI_UG_LAW_Y5,LAW,THERMO,Thermodynamics,Engineering,1,0,36,
GSEB,GUJ,UNI_UG_LAW_Y5,LAW,CIRCUITS,Electronic Circuits,Engineering,1,0,37,
GSEB,GUJ,UNI_UG_LAW_Y5,LAW,ANAT,Human Anatomy,Medical,1,0,38,
GSEB,GUJ,UNI_UG_LAW_Y5,LAW,PHYS,Physiology,Medical,1,0,39,
GSEB,GUJ,UNI_UG_LAW_Y5,LAW,PHARM,Pharmacology,Medical,1,0,40,
GSEB,GUJ,UNI_UG_LAW_Y5,LAW,PATH,Pathology,Medical,1,0,41,
GSEB,GUJ,UNI_UG_LAW_Y5,LAW,COM_MED,Community Medicine,Medical,1,0,42,
GSEB,GUJ,UNI_UG_LAW_Y5,LAW,LAW_CON,Constitutional Law,Law,1,0,44,
GSEB,GUJ,UNI_UG_LAW_Y5,LAW,LAW_IPC,Indian Penal Code,Law,1,0,45,
GSEB,GUJ,UNI_UG_LAW_Y5,LAW,LAW_CONTR,Contract Law,Law,1,0,46,
GSEB,GUJ,UNI_UG_LAW_Y5,LAW,JURIS,Jurisprudence,Law,1,0,47,
GSEB,GUJ,UNI_UG_LAW_Y5,LAW,CORP_ACC,Corporate Accounting,Commerce,1,0,48,
GSEB,GUJ,UNI_UG_LAW_Y5,LAW,FIN_MGT,Financial Management,Management,1,0,49,
GSEB,GUJ,UNI_UG_LAW_Y5,LAW,MKT_MGT,Marketing Management,Management,1,0,50,
GSEB,GUJ,UNI_UG_LAW_Y5,LAW,OB,Organizational Behavior,Management,1,0,51,
GSEB,GUJ,UNI_UG_LAW_Y5,LAW,UI_UX,User Interface & Experience,Design,1,0,54,
GSEB,GUJ,UNI_UG_LAW_Y5,LAW,TYPO,Typography,Design,1,0,55,
GSEB,GUJ,UNI_UG_LAW_Y5,LAW,ARCH_DSN,Architectural Design,Architecture,1,0,56,
GSEB,GUJ,UNI_UG_MED_Y1,MED,DSA,Data Structures & Algorithms,Engineering,1,0,30,
GSEB,GUJ,UNI_UG_MED_Y1,MED,DBMS,Database Management Systems,Engineering,1,0,31,
GSEB,GUJ,UNI_UG_MED_Y1,MED,OS,Operating Systems,Engineering,1,0,32,
GSEB,GUJ,UNI_UG_MED_Y1,MED,CN,Computer Networks,Engineering,1,0,33,
GSEB,GUJ,UNI_UG_MED_Y1,MED,AI_ML,Artificial Intelligence & ML,Engineering,1,0,34,
GSEB,GUJ,UNI_UG_MED_Y1,MED,SWE,Software Engineering,Engineering,1,0,35,
GSEB,GUJ,UNI_UG_MED_Y1,MED,THERMO,Thermodynamics,Engineering,1,0,36,
GSEB,GUJ,UNI_UG_MED_Y1,MED,CIRCUITS,Electronic Circuits,Engineering,1,0,37,
GSEB,GUJ,UNI_UG_MED_Y1,MED,ANAT,Human Anatomy,Medical,1,0,38,
GSEB,GUJ,UNI_UG_MED_Y1,MED,PHYS,Physiology,Medical,1,0,39,
GSEB,GUJ,UNI_UG_MED_Y1,MED,PHARM,Pharmacology,Medical,1,0,40,
GSEB,GUJ,UNI_UG_MED_Y1,MED,PATH,Pathology,Medical,1,0,41,
GSEB,GUJ,UNI_UG_MED_Y1,MED,COM_MED,Community Medicine,Medical,1,0,42,
GSEB,GUJ,UNI_UG_MED_Y1,MED,LAW_CON,Constitutional Law,Law,1,0,44,
GSEB,GUJ,UNI_UG_MED_Y1,MED,LAW_IPC,Indian Penal Code,Law,1,0,45,
GSEB,GUJ,UNI_UG_MED_Y1,MED,LAW_CONTR,Contract Law,Law,1,0,46,
GSEB,GUJ,UNI_UG_MED_Y1,MED,JURIS,Jurisprudence,Law,1,0,47,
GSEB,GUJ,UNI_UG_MED_Y1,MED,CORP_ACC,Corporate Accounting,Commerce,1,0,48,
GSEB,GUJ,UNI_UG_MED_Y1,MED,FIN_MGT,Financial Management,Management,1,0,49,
GSEB,GUJ,UNI_UG_MED_Y1,MED,MKT_MGT,Marketing Management,Management,1,0,50,
GSEB,GUJ,UNI_UG_MED_Y1,MED,OB,Organizational Behavior,Management,1,0,51,
GSEB,GUJ,UNI_UG_MED_Y1,MED,UI_UX,User Interface & Experience,Design,1,0,54,
GSEB,GUJ,UNI_UG_MED_Y1,MED,TYPO,Typography,Design,1,0,55,
GSEB,GUJ,UNI_UG_MED_Y1,MED,ARCH_DSN,Architectural Design,Architecture,1,0,56,
GSEB,GUJ,UNI_UG_MED_Y2,MED,DSA,Data Structures & Algorithms,Engineering,1,0,30,
GSEB,GUJ,UNI_UG_MED_Y2,MED,DBMS,Database Management Systems,Engineering,1,0,31,
GSEB,GUJ,UNI_UG_MED_Y2,MED,OS,Operating Systems,Engineering,1,0,32,
GSEB,GUJ,UNI_UG_MED_Y2,MED,CN,Computer Networks,Engineering,1,0,33,
GSEB,GUJ,UNI_UG_MED_Y2,MED,AI_ML,Artificial Intelligence & ML,Engineering,1,0,34,
GSEB,GUJ,UNI_UG_MED_Y2,MED,SWE,Software Engineering,Engineering,1,0,35,
GSEB,GUJ,UNI_UG_MED_Y2,MED,THERMO,Thermodynamics,Engineering,1,0,36,
GSEB,GUJ,UNI_UG_MED_Y2,MED,CIRCUITS,Electronic Circuits,Engineering,1,0,37,
GSEB,GUJ,UNI_UG_MED_Y2,MED,ANAT,Human Anatomy,Medical,1,0,38,
GSEB,GUJ,UNI_UG_MED_Y2,MED,PHYS,Physiology,Medical,1,0,39,
GSEB,GUJ,UNI_UG_MED_Y2,MED,PHARM,Pharmacology,Medical,1,0,40,
GSEB,GUJ,UNI_UG_MED_Y2,MED,PATH,Pathology,Medical,1,0,41,
GSEB,GUJ,UNI_UG_MED_Y2,MED,COM_MED,Community Medicine,Medical,1,0,42,
GSEB,GUJ,UNI_UG_MED_Y2,MED,LAW_CON,Constitutional Law,Law,1,0,44,
GSEB,GUJ,UNI_UG_MED_Y2,MED,LAW_IPC,Indian Penal Code,Law,1,0,45,
GSEB,GUJ,UNI_UG_MED_Y2,MED,LAW_CONTR,Contract Law,Law,1,0,46,
GSEB,GUJ,UNI_UG_MED_Y2,MED,JURIS,Jurisprudence,Law,1,0,47,
GSEB,GUJ,UNI_UG_MED_Y2,MED,CORP_ACC,Corporate Accounting,Commerce,1,0,48,
GSEB,GUJ,UNI_UG_MED_Y2,MED,FIN_MGT,Financial Management,Management,1,0,49,
GSEB,GUJ,UNI_UG_MED_Y2,MED,MKT_MGT,Marketing Management,Management,1,0,50,
GSEB,GUJ,UNI_UG_MED_Y2,MED,OB,Organizational Behavior,Management,1,0,51,
GSEB,GUJ,UNI_UG_MED_Y2,MED,UI_UX,User Interface & Experience,Design,1,0,54,
GSEB,GUJ,UNI_UG_MED_Y2,MED,TYPO,Typography,Design,1,0,55,
GSEB,GUJ,UNI_UG_MED_Y2,MED,ARCH_DSN,Architectural Design,Architecture,1,0,56,
GSEB,GUJ,UNI_UG_MED_Y3,MED,DSA,Data Structures & Algorithms,Engineering,1,0,30,
GSEB,GUJ,UNI_UG_MED_Y3,MED,DBMS,Database Management Systems,Engineering,1,0,31,
GSEB,GUJ,UNI_UG_MED_Y3,MED,OS,Operating Systems,Engineering,1,0,32,
GSEB,GUJ,UNI_UG_MED_Y3,MED,CN,Computer Networks,Engineering,1,0,33,
GSEB,GUJ,UNI_UG_MED_Y3,MED,AI_ML,Artificial Intelligence & ML,Engineering,1,0,34,
GSEB,GUJ,UNI_UG_MED_Y3,MED,SWE,Software Engineering,Engineering,1,0,35,
GSEB,GUJ,UNI_UG_MED_Y3,MED,THERMO,Thermodynamics,Engineering,1,0,36,
GSEB,GUJ,UNI_UG_MED_Y3,MED,CIRCUITS,Electronic Circuits,Engineering,1,0,37,
GSEB,GUJ,UNI_UG_MED_Y3,MED,ANAT,Human Anatomy,Medical,1,0,38,
GSEB,GUJ,UNI_UG_MED_Y3,MED,PHYS,Physiology,Medical,1,0,39,
GSEB,GUJ,UNI_UG_MED_Y3,MED,PHARM,Pharmacology,Medical,1,0,40,
GSEB,GUJ,UNI_UG_MED_Y3,MED,PATH,Pathology,Medical,1,0,41,
GSEB,GUJ,UNI_UG_MED_Y3,MED,COM_MED,Community Medicine,Medical,1,0,42,
GSEB,GUJ,UNI_UG_MED_Y3,MED,LAW_CON,Constitutional Law,Law,1,0,44,
GSEB,GUJ,UNI_UG_MED_Y3,MED,LAW_IPC,Indian Penal Code,Law,1,0,45,
GSEB,GUJ,UNI_UG_MED_Y3,MED,LAW_CONTR,Contract Law,Law,1,0,46,
GSEB,GUJ,UNI_UG_MED_Y3,MED,JURIS,Jurisprudence,Law,1,0,47,
GSEB,GUJ,UNI_UG_MED_Y3,MED,CORP_ACC,Corporate Accounting,Commerce,1,0,48,
GSEB,GUJ,UNI_UG_MED_Y3,MED,FIN_MGT,Financial Management,Management,1,0,49,
GSEB,GUJ,UNI_UG_MED_Y3,MED,MKT_MGT,Marketing Management,Management,1,0,50,
GSEB,GUJ,UNI_UG_MED_Y3,MED,OB,Organizational Behavior,Management,1,0,51,
GSEB,GUJ,UNI_UG_MED_Y3,MED,UI_UX,User Interface & Experience,Design,1,0,54,
GSEB,GUJ,UNI_UG_MED_Y3,MED,TYPO,Typography,Design,1,0,55,
GSEB,GUJ,UNI_UG_MED_Y3,MED,ARCH_DSN,Architectural Design,Architecture,1,0,56,
GSEB,GUJ,UNI_UG_MED_Y4,MED,DSA,Data Structures & Algorithms,Engineering,1,0,30,
GSEB,GUJ,UNI_UG_MED_Y4,MED,DBMS,Database Management Systems,Engineering,1,0,31,
GSEB,GUJ,UNI_UG_MED_Y4,MED,OS,Operating Systems,Engineering,1,0,32,
GSEB,GUJ,UNI_UG_MED_Y4,MED,CN,Computer Networks,Engineering,1,0,33,
GSEB,GUJ,UNI_UG_MED_Y4,MED,AI_ML,Artificial Intelligence & ML,Engineering,1,0,34,
GSEB,GUJ,UNI_UG_MED_Y4,MED,SWE,Software Engineering,Engineering,1,0,35,
GSEB,GUJ,UNI_UG_MED_Y4,MED,THERMO,Thermodynamics,Engineering,1,0,36,
GSEB,GUJ,UNI_UG_MED_Y4,MED,CIRCUITS,Electronic Circuits,Engineering,1,0,37,
GSEB,GUJ,UNI_UG_MED_Y4,MED,ANAT,Human Anatomy,Medical,1,0,38,
GSEB,GUJ,UNI_UG_MED_Y4,MED,PHYS,Physiology,Medical,1,0,39,
GSEB,GUJ,UNI_UG_MED_Y4,MED,PHARM,Pharmacology,Medical,1,0,40,
GSEB,GUJ,UNI_UG_MED_Y4,MED,PATH,Pathology,Medical,1,0,41,
GSEB,GUJ,UNI_UG_MED_Y4,MED,COM_MED,Community Medicine,Medical,1,0,42,
GSEB,GUJ,UNI_UG_MED_Y4,MED,LAW_CON,Constitutional Law,Law,1,0,44,
GSEB,GUJ,UNI_UG_MED_Y4,MED,LAW_IPC,Indian Penal Code,Law,1,0,45,
GSEB,GUJ,UNI_UG_MED_Y4,MED,LAW_CONTR,Contract Law,Law,1,0,46,
GSEB,GUJ,UNI_UG_MED_Y4,MED,JURIS,Jurisprudence,Law,1,0,47,
GSEB,GUJ,UNI_UG_MED_Y4,MED,CORP_ACC,Corporate Accounting,Commerce,1,0,48,
GSEB,GUJ,UNI_UG_MED_Y4,MED,FIN_MGT,Financial Management,Management,1,0,49,
GSEB,GUJ,UNI_UG_MED_Y4,MED,MKT_MGT,Marketing Management,Management,1,0,50,
GSEB,GUJ,UNI_UG_MED_Y4,MED,OB,Organizational Behavior,Management,1,0,51,
GSEB,GUJ,UNI_UG_MED_Y4,MED,UI_UX,User Interface & Experience,Design,1,0,54,
GSEB,GUJ,UNI_UG_MED_Y4,MED,TYPO,Typography,Design,1,0,55,
GSEB,GUJ,UNI_UG_MED_Y4,MED,ARCH_DSN,Architectural Design,Architecture,1,0,56,
GSEB,GUJ,UNI_UG_MED_Y5,MED,DSA,Data Structures & Algorithms,Engineering,1,0,30,
GSEB,GUJ,UNI_UG_MED_Y5,MED,DBMS,Database Management Systems,Engineering,1,0,31,
GSEB,GUJ,UNI_UG_MED_Y5,MED,OS,Operating Systems,Engineering,1,0,32,
GSEB,GUJ,UNI_UG_MED_Y5,MED,CN,Computer Networks,Engineering,1,0,33,
GSEB,GUJ,UNI_UG_MED_Y5,MED,AI_ML,Artificial Intelligence & ML,Engineering,1,0,34,
GSEB,GUJ,UNI_UG_MED_Y5,MED,SWE,Software Engineering,Engineering,1,0,35,
GSEB,GUJ,UNI_UG_MED_Y5,MED,THERMO,Thermodynamics,Engineering,1,0,36,
GSEB,GUJ,UNI_UG_MED_Y5,MED,CIRCUITS,Electronic Circuits,Engineering,1,0,37,
GSEB,GUJ,UNI_UG_MED_Y5,MED,ANAT,Human Anatomy,Medical,1,0,38,
GSEB,GUJ,UNI_UG_MED_Y5,MED,PHYS,Physiology,Medical,1,0,39,
GSEB,GUJ,UNI_UG_MED_Y5,MED,PHARM,Pharmacology,Medical,1,0,40,
GSEB,GUJ,UNI_UG_MED_Y5,MED,PATH,Pathology,Medical,1,0,41,
GSEB,GUJ,UNI_UG_MED_Y5,MED,COM_MED,Community Medicine,Medical,1,0,42,
GSEB,GUJ,UNI_UG_MED_Y5,MED,LAW_CON,Constitutional Law,Law,1,0,44,
GSEB,GUJ,UNI_UG_MED_Y5,MED,LAW_IPC,Indian Penal Code,Law,1,0,45,
GSEB,GUJ,UNI_UG_MED_Y5,MED,LAW_CONTR,Contract Law,Law,1,0,46,
GSEB,GUJ,UNI_UG_MED_Y5,MED,JURIS,Jurisprudence,Law,1,0,47,
GSEB,GUJ,UNI_UG_MED_Y5,MED,CORP_ACC,Corporate Accounting,Commerce,1,0,48,
GSEB,GUJ,UNI_UG_MED_Y5,MED,FIN_MGT,Financial Management,Management,1,0,49,
GSEB,GUJ,UNI_UG_MED_Y5,MED,MKT_MGT,Marketing Management,Management,1,0,50,
GSEB,GUJ,UNI_UG_MED_Y5,MED,OB,Organizational Behavior,Management,1,0,51,
GSEB,GUJ,UNI_UG_MED_Y5,MED,UI_UX,User Interface & Experience,Design,1,0,54,
GSEB,GUJ,UNI_UG_MED_Y5,MED,TYPO,Typography,Design,1,0,55,
GSEB,GUJ,UNI_UG_MED_Y5,MED,ARCH_DSN,Architectural Design,Architecture,1,0,56,
GSEB,GUJ,NUR_BSC_Y1,NUR,NUR_FND,Nursing Foundations,Nursing,1,0,43,
GSEB,GUJ,PRO_CA_FND,PRO_FIN,TAX,Taxation,Professional,1,0,52,
GSEB,GUJ,PRO_CA_FND,PRO_FIN,AUDIT,Auditing,Professional,1,0,53,
GSEB,GUJ,PRO_CA_FND,PRO_FIN,APT_REAS,Aptitude & Reasoning,Competitive Prep,1,0,68,
GSEB,GUJ,PRO_CA_INT,PRO_FIN,TAX,Taxation,Professional,1,0,52,
GSEB,GUJ,PRO_CA_INT,PRO_FIN,AUDIT,Auditing,Professional,1,0,53,
GSEB,GUJ,PRO_CA_INT,PRO_FIN,APT_REAS,Aptitude & Reasoning,Competitive Prep,1,0,68,
GSEB,GUJ,PRO_CA_FIN,PRO_FIN,TAX,Taxation,Professional,1,0,52,
GSEB,GUJ,PRO_CA_FIN,PRO_FIN,AUDIT,Auditing,Professional,1,0,53,
GSEB,GUJ,PRO_CA_FIN,PRO_FIN,APT_REAS,Aptitude & Reasoning,Competitive Prep,1,0,68,
GSEB,GUJ,PRO_CS_EXE,LAW,TAX,Taxation,Professional,1,0,52,
GSEB,GUJ,PRO_CS_EXE,LAW,AUDIT,Auditing,Professional,1,0,53,
GSEB,GUJ,PRO_CS_EXE,LAW,APT_REAS,Aptitude & Reasoning,Competitive Prep,1,0,68,
GSEB,GUJ,UNI_PG_AI_Y1,AIE,DSA,Data Structures & Algorithms,Engineering,1,0,30,
GSEB,GUJ,UNI_PG_AI_Y1,AIE,DBMS,Database Management Systems,Engineering,1,0,31,
GSEB,GUJ,UNI_PG_AI_Y1,AIE,OS,Operating Systems,Engineering,1,0,32,
GSEB,GUJ,UNI_PG_AI_Y1,AIE,CN,Computer Networks,Engineering,1,0,33,
GSEB,GUJ,UNI_PG_AI_Y1,AIE,AI_ML,Artificial Intelligence & ML,Engineering,1,0,34,
GSEB,GUJ,UNI_PG_AI_Y1,AIE,SWE,Software Engineering,Engineering,1,0,35,
GSEB,GUJ,UNI_PG_AI_Y1,AIE,FIN_MGT,Financial Management,Management,1,0,49,
GSEB,GUJ,UNI_PG_AI_Y1,AIE,MKT_MGT,Marketing Management,Management,1,0,50,
GSEB,GUJ,UNI_PG_AI_Y1,AIE,OB,Organizational Behavior,Management,1,0,51,
GSEB,GUJ,UNI_PG_AI_Y2,AIE,DSA,Data Structures & Algorithms,Engineering,1,0,30,
GSEB,GUJ,UNI_PG_AI_Y2,AIE,DBMS,Database Management Systems,Engineering,1,0,31,
GSEB,GUJ,UNI_PG_AI_Y2,AIE,OS,Operating Systems,Engineering,1,0,32,
GSEB,GUJ,UNI_PG_AI_Y2,AIE,CN,Computer Networks,Engineering,1,0,33,
GSEB,GUJ,UNI_PG_AI_Y2,AIE,AI_ML,Artificial Intelligence & ML,Engineering,1,0,34,
GSEB,GUJ,UNI_PG_AI_Y2,AIE,SWE,Software Engineering,Engineering,1,0,35,
GSEB,GUJ,UNI_PG_AI_Y2,AIE,FIN_MGT,Financial Management,Management,1,0,49,
GSEB,GUJ,UNI_PG_AI_Y2,AIE,MKT_MGT,Marketing Management,Management,1,0,50,
GSEB,GUJ,UNI_PG_AI_Y2,AIE,OB,Organizational Behavior,Management,1,0,51,
GSEB,GUJ,UNI_PG_MBA_Y1,MGT,DSA,Data Structures & Algorithms,Engineering,1,0,30,
GSEB,GUJ,UNI_PG_MBA_Y1,MGT,DBMS,Database Management Systems,Engineering,1,0,31,
GSEB,GUJ,UNI_PG_MBA_Y1,MGT,OS,Operating Systems,Engineering,1,0,32,
GSEB,GUJ,UNI_PG_MBA_Y1,MGT,CN,Computer Networks,Engineering,1,0,33,
GSEB,GUJ,UNI_PG_MBA_Y1,MGT,AI_ML,Artificial Intelligence & ML,Engineering,1,0,34,
GSEB,GUJ,UNI_PG_MBA_Y1,MGT,SWE,Software Engineering,Engineering,1,0,35,
GSEB,GUJ,UNI_PG_MBA_Y1,MGT,FIN_MGT,Financial Management,Management,1,0,49,
GSEB,GUJ,UNI_PG_MBA_Y1,MGT,MKT_MGT,Marketing Management,Management,1,0,50,
GSEB,GUJ,UNI_PG_MBA_Y1,MGT,OB,Organizational Behavior,Management,1,0,51,
GSEB,GUJ,UNI_PG_MBA_Y2,MGT,DSA,Data Structures & Algorithms,Engineering,1,0,30,
GSEB,GUJ,UNI_PG_MBA_Y2,MGT,DBMS,Database Management Systems,Engineering,1,0,31,
GSEB,GUJ,UNI_PG_MBA_Y2,MGT,OS,Operating Systems,Engineering,1,0,32,
GSEB,GUJ,UNI_PG_MBA_Y2,MGT,CN,Computer Networks,Engineering,1,0,33,
GSEB,GUJ,UNI_PG_MBA_Y2,MGT,AI_ML,Artificial Intelligence & ML,Engineering,1,0,34,
GSEB,GUJ,UNI_PG_MBA_Y2,MGT,SWE,Software Engineering,Engineering,1,0,35,
GSEB,GUJ,UNI_PG_MBA_Y2,MGT,FIN_MGT,Financial Management,Management,1,0,49,
GSEB,GUJ,UNI_PG_MBA_Y2,MGT,MKT_MGT,Marketing Management,Management,1,0,50,
GSEB,GUJ,UNI_PG_MBA_Y2,MGT,OB,Organizational Behavior,Management,1,0,51,
GSEB,GUJ,UNI_PG_LAW_Y1,LAW,DSA,Data Structures & Algorithms,Engineering,1,0,30,
GSEB,GUJ,UNI_PG_LAW_Y1,LAW,DBMS,Database Management Systems,Engineering,1,0,31,
GSEB,GUJ,UNI_PG_LAW_Y1,LAW,OS,Operating Systems,Engineering,1,0,32,
GSEB,GUJ,UNI_PG_LAW_Y1,LAW,CN,Computer Networks,Engineering,1,0,33,
GSEB,GUJ,UNI_PG_LAW_Y1,LAW,AI_ML,Artificial Intelligence & ML,Engineering,1,0,34,
GSEB,GUJ,UNI_PG_LAW_Y1,LAW,SWE,Software Engineering,Engineering,1,0,35,
GSEB,GUJ,UNI_PG_LAW_Y1,LAW,FIN_MGT,Financial Management,Management,1,0,49,
GSEB,GUJ,UNI_PG_LAW_Y1,LAW,MKT_MGT,Marketing Management,Management,1,0,50,
GSEB,GUJ,UNI_PG_LAW_Y1,LAW,OB,Organizational Behavior,Management,1,0,51,
GSEB,GUJ,UNI_PG_LAW_Y2,LAW,DSA,Data Structures & Algorithms,Engineering,1,0,30,
GSEB,GUJ,UNI_PG_LAW_Y2,LAW,DBMS,Database Management Systems,Engineering,1,0,31,
GSEB,GUJ,UNI_PG_LAW_Y2,LAW,OS,Operating Systems,Engineering,1,0,32,
GSEB,GUJ,UNI_PG_LAW_Y2,LAW,CN,Computer Networks,Engineering,1,0,33,
GSEB,GUJ,UNI_PG_LAW_Y2,LAW,AI_ML,Artificial Intelligence & ML,Engineering,1,0,34,
GSEB,GUJ,UNI_PG_LAW_Y2,LAW,SWE,Software Engineering,Engineering,1,0,35,
GSEB,GUJ,UNI_PG_LAW_Y2,LAW,FIN_MGT,Financial Management,Management,1,0,49,
GSEB,GUJ,UNI_PG_LAW_Y2,LAW,MKT_MGT,Marketing Management,Management,1,0,50,
GSEB,GUJ,UNI_PG_LAW_Y2,LAW,OB,Organizational Behavior,Management,1,0,51,
GSEB,GUJ,UNI_PHD_AI,RES,AI_ML,Artificial Intelligence & ML,Engineering,1,0,34,
GSEB,GUJ,UNI_PHD_DS,RES,AI_ML,Artificial Intelligence & ML,Engineering,1,0,34,
GSEB,GUJ,UNI_PHD_RE,RES,AI_ML,Artificial Intelligence & ML,Engineering,1,0,34,
GSEB,GUJ,UNI_UG_BCA_Y1,CSA,DSA,Data Structures & Algorithms,Engineering,1,0,30,
GSEB,GUJ,UNI_UG_BCA_Y1,CSA,DBMS,Database Management Systems,Engineering,1,0,31,
GSEB,GUJ,UNI_UG_BCA_Y1,CSA,OS,Operating Systems,Engineering,1,0,32,
GSEB,GUJ,UNI_UG_BCA_Y1,CSA,CN,Computer Networks,Engineering,1,0,33,
GSEB,GUJ,UNI_UG_BCA_Y1,CSA,AI_ML,Artificial Intelligence & ML,Engineering,1,0,34,
GSEB,GUJ,UNI_UG_BCA_Y1,CSA,SWE,Software Engineering,Engineering,1,0,35,
GSEB,GUJ,UNI_UG_BCA_Y1,CSA,THERMO,Thermodynamics,Engineering,1,0,36,
GSEB,GUJ,UNI_UG_BCA_Y1,CSA,CIRCUITS,Electronic Circuits,Engineering,1,0,37,
GSEB,GUJ,UNI_UG_BCA_Y1,CSA,ANAT,Human Anatomy,Medical,1,0,38,
GSEB,GUJ,UNI_UG_BCA_Y1,CSA,PHYS,Physiology,Medical,1,0,39,
GSEB,GUJ,UNI_UG_BCA_Y1,CSA,PHARM,Pharmacology,Medical,1,0,40,
GSEB,GUJ,UNI_UG_BCA_Y1,CSA,PATH,Pathology,Medical,1,0,41,
GSEB,GUJ,UNI_UG_BCA_Y1,CSA,COM_MED,Community Medicine,Medical,1,0,42,
GSEB,GUJ,UNI_UG_BCA_Y1,CSA,LAW_CON,Constitutional Law,Law,1,0,44,
GSEB,GUJ,UNI_UG_BCA_Y1,CSA,LAW_IPC,Indian Penal Code,Law,1,0,45,
GSEB,GUJ,UNI_UG_BCA_Y1,CSA,LAW_CONTR,Contract Law,Law,1,0,46,
GSEB,GUJ,UNI_UG_BCA_Y1,CSA,JURIS,Jurisprudence,Law,1,0,47,
GSEB,GUJ,UNI_UG_BCA_Y1,CSA,CORP_ACC,Corporate Accounting,Commerce,1,0,48,
GSEB,GUJ,UNI_UG_BCA_Y1,CSA,FIN_MGT,Financial Management,Management,1,0,49,
GSEB,GUJ,UNI_UG_BCA_Y1,CSA,MKT_MGT,Marketing Management,Management,1,0,50,
GSEB,GUJ,UNI_UG_BCA_Y1,CSA,OB,Organizational Behavior,Management,1,0,51,
GSEB,GUJ,UNI_UG_BCA_Y1,CSA,UI_UX,User Interface & Experience,Design,1,0,54,
GSEB,GUJ,UNI_UG_BCA_Y1,CSA,TYPO,Typography,Design,1,0,55,
GSEB,GUJ,UNI_UG_BCA_Y1,CSA,ARCH_DSN,Architectural Design,Architecture,1,0,56,
GSEB,GUJ,UNI_UG_BCA_Y2,CSA,DSA,Data Structures & Algorithms,Engineering,1,0,30,
GSEB,GUJ,UNI_UG_BCA_Y2,CSA,DBMS,Database Management Systems,Engineering,1,0,31,
GSEB,GUJ,UNI_UG_BCA_Y2,CSA,OS,Operating Systems,Engineering,1,0,32,
GSEB,GUJ,UNI_UG_BCA_Y2,CSA,CN,Computer Networks,Engineering,1,0,33,
GSEB,GUJ,UNI_UG_BCA_Y2,CSA,AI_ML,Artificial Intelligence & ML,Engineering,1,0,34,
GSEB,GUJ,UNI_UG_BCA_Y2,CSA,SWE,Software Engineering,Engineering,1,0,35,
GSEB,GUJ,UNI_UG_BCA_Y2,CSA,THERMO,Thermodynamics,Engineering,1,0,36,
GSEB,GUJ,UNI_UG_BCA_Y2,CSA,CIRCUITS,Electronic Circuits,Engineering,1,0,37,
GSEB,GUJ,UNI_UG_BCA_Y2,CSA,ANAT,Human Anatomy,Medical,1,0,38,
GSEB,GUJ,UNI_UG_BCA_Y2,CSA,PHYS,Physiology,Medical,1,0,39,
GSEB,GUJ,UNI_UG_BCA_Y2,CSA,PHARM,Pharmacology,Medical,1,0,40,
GSEB,GUJ,UNI_UG_BCA_Y2,CSA,PATH,Pathology,Medical,1,0,41,
GSEB,GUJ,UNI_UG_BCA_Y2,CSA,COM_MED,Community Medicine,Medical,1,0,42,
GSEB,GUJ,UNI_UG_BCA_Y2,CSA,LAW_CON,Constitutional Law,Law,1,0,44,
GSEB,GUJ,UNI_UG_BCA_Y2,CSA,LAW_IPC,Indian Penal Code,Law,1,0,45,
GSEB,GUJ,UNI_UG_BCA_Y2,CSA,LAW_CONTR,Contract Law,Law,1,0,46,
GSEB,GUJ,UNI_UG_BCA_Y2,CSA,JURIS,Jurisprudence,Law,1,0,47,
GSEB,GUJ,UNI_UG_BCA_Y2,CSA,CORP_ACC,Corporate Accounting,Commerce,1,0,48,
GSEB,GUJ,UNI_UG_BCA_Y2,CSA,FIN_MGT,Financial Management,Management,1,0,49,
GSEB,GUJ,UNI_UG_BCA_Y2,CSA,MKT_MGT,Marketing Management,Management,1,0,50,
GSEB,GUJ,UNI_UG_BCA_Y2,CSA,OB,Organizational Behavior,Management,1,0,51,
GSEB,GUJ,UNI_UG_BCA_Y2,CSA,UI_UX,User Interface & Experience,Design,1,0,54,
GSEB,GUJ,UNI_UG_BCA_Y2,CSA,TYPO,Typography,Design,1,0,55,
GSEB,GUJ,UNI_UG_BCA_Y2,CSA,ARCH_DSN,Architectural Design,Architecture,1,0,56,
GSEB,GUJ,UNI_UG_BCA_Y3,CSA,DSA,Data Structures & Algorithms,Engineering,1,0,30,
GSEB,GUJ,UNI_UG_BCA_Y3,CSA,DBMS,Database Management Systems,Engineering,1,0,31,
GSEB,GUJ,UNI_UG_BCA_Y3,CSA,OS,Operating Systems,Engineering,1,0,32,
GSEB,GUJ,UNI_UG_BCA_Y3,CSA,CN,Computer Networks,Engineering,1,0,33,
GSEB,GUJ,UNI_UG_BCA_Y3,CSA,AI_ML,Artificial Intelligence & ML,Engineering,1,0,34,
GSEB,GUJ,UNI_UG_BCA_Y3,CSA,SWE,Software Engineering,Engineering,1,0,35,
GSEB,GUJ,UNI_UG_BCA_Y3,CSA,THERMO,Thermodynamics,Engineering,1,0,36,
GSEB,GUJ,UNI_UG_BCA_Y3,CSA,CIRCUITS,Electronic Circuits,Engineering,1,0,37,
GSEB,GUJ,UNI_UG_BCA_Y3,CSA,ANAT,Human Anatomy,Medical,1,0,38,
GSEB,GUJ,UNI_UG_BCA_Y3,CSA,PHYS,Physiology,Medical,1,0,39,
GSEB,GUJ,UNI_UG_BCA_Y3,CSA,PHARM,Pharmacology,Medical,1,0,40,
GSEB,GUJ,UNI_UG_BCA_Y3,CSA,PATH,Pathology,Medical,1,0,41,
GSEB,GUJ,UNI_UG_BCA_Y3,CSA,COM_MED,Community Medicine,Medical,1,0,42,
GSEB,GUJ,UNI_UG_BCA_Y3,CSA,LAW_CON,Constitutional Law,Law,1,0,44,
GSEB,GUJ,UNI_UG_BCA_Y3,CSA,LAW_IPC,Indian Penal Code,Law,1,0,45,
GSEB,GUJ,UNI_UG_BCA_Y3,CSA,LAW_CONTR,Contract Law,Law,1,0,46,
GSEB,GUJ,UNI_UG_BCA_Y3,CSA,JURIS,Jurisprudence,Law,1,0,47,
GSEB,GUJ,UNI_UG_BCA_Y3,CSA,CORP_ACC,Corporate Accounting,Commerce,1,0,48,
GSEB,GUJ,UNI_UG_BCA_Y3,CSA,FIN_MGT,Financial Management,Management,1,0,49,
GSEB,GUJ,UNI_UG_BCA_Y3,CSA,MKT_MGT,Marketing Management,Management,1,0,50,
GSEB,GUJ,UNI_UG_BCA_Y3,CSA,OB,Organizational Behavior,Management,1,0,51,
GSEB,GUJ,UNI_UG_BCA_Y3,CSA,UI_UX,User Interface & Experience,Design,1,0,54,
GSEB,GUJ,UNI_UG_BCA_Y3,CSA,TYPO,Typography,Design,1,0,55,
GSEB,GUJ,UNI_UG_BCA_Y3,CSA,ARCH_DSN,Architectural Design,Architecture,1,0,56,
GSEB,GUJ,UNI_UG_BBA_Y1,MGT,DSA,Data Structures & Algorithms,Engineering,1,0,30,
GSEB,GUJ,UNI_UG_BBA_Y1,MGT,DBMS,Database Management Systems,Engineering,1,0,31,
GSEB,GUJ,UNI_UG_BBA_Y1,MGT,OS,Operating Systems,Engineering,1,0,32,
GSEB,GUJ,UNI_UG_BBA_Y1,MGT,CN,Computer Networks,Engineering,1,0,33,
GSEB,GUJ,UNI_UG_BBA_Y1,MGT,AI_ML,Artificial Intelligence & ML,Engineering,1,0,34,
GSEB,GUJ,UNI_UG_BBA_Y1,MGT,SWE,Software Engineering,Engineering,1,0,35,
GSEB,GUJ,UNI_UG_BBA_Y1,MGT,THERMO,Thermodynamics,Engineering,1,0,36,
GSEB,GUJ,UNI_UG_BBA_Y1,MGT,CIRCUITS,Electronic Circuits,Engineering,1,0,37,
GSEB,GUJ,UNI_UG_BBA_Y1,MGT,ANAT,Human Anatomy,Medical,1,0,38,
GSEB,GUJ,UNI_UG_BBA_Y1,MGT,PHYS,Physiology,Medical,1,0,39,
GSEB,GUJ,UNI_UG_BBA_Y1,MGT,PHARM,Pharmacology,Medical,1,0,40,
GSEB,GUJ,UNI_UG_BBA_Y1,MGT,PATH,Pathology,Medical,1,0,41,
GSEB,GUJ,UNI_UG_BBA_Y1,MGT,COM_MED,Community Medicine,Medical,1,0,42,
GSEB,GUJ,UNI_UG_BBA_Y1,MGT,LAW_CON,Constitutional Law,Law,1,0,44,
GSEB,GUJ,UNI_UG_BBA_Y1,MGT,LAW_IPC,Indian Penal Code,Law,1,0,45,
GSEB,GUJ,UNI_UG_BBA_Y1,MGT,LAW_CONTR,Contract Law,Law,1,0,46,
GSEB,GUJ,UNI_UG_BBA_Y1,MGT,JURIS,Jurisprudence,Law,1,0,47,
GSEB,GUJ,UNI_UG_BBA_Y1,MGT,CORP_ACC,Corporate Accounting,Commerce,1,0,48,
GSEB,GUJ,UNI_UG_BBA_Y1,MGT,FIN_MGT,Financial Management,Management,1,0,49,
GSEB,GUJ,UNI_UG_BBA_Y1,MGT,MKT_MGT,Marketing Management,Management,1,0,50,
GSEB,GUJ,UNI_UG_BBA_Y1,MGT,OB,Organizational Behavior,Management,1,0,51,
GSEB,GUJ,UNI_UG_BBA_Y1,MGT,UI_UX,User Interface & Experience,Design,1,0,54,
GSEB,GUJ,UNI_UG_BBA_Y1,MGT,TYPO,Typography,Design,1,0,55,
GSEB,GUJ,UNI_UG_BBA_Y1,MGT,ARCH_DSN,Architectural Design,Architecture,1,0,56,
GSEB,GUJ,UNI_UG_BBA_Y2,MGT,DSA,Data Structures & Algorithms,Engineering,1,0,30,
GSEB,GUJ,UNI_UG_BBA_Y2,MGT,DBMS,Database Management Systems,Engineering,1,0,31,
GSEB,GUJ,UNI_UG_BBA_Y2,MGT,OS,Operating Systems,Engineering,1,0,32,
GSEB,GUJ,UNI_UG_BBA_Y2,MGT,CN,Computer Networks,Engineering,1,0,33,
GSEB,GUJ,UNI_UG_BBA_Y2,MGT,AI_ML,Artificial Intelligence & ML,Engineering,1,0,34,
GSEB,GUJ,UNI_UG_BBA_Y2,MGT,SWE,Software Engineering,Engineering,1,0,35,
GSEB,GUJ,UNI_UG_BBA_Y2,MGT,THERMO,Thermodynamics,Engineering,1,0,36,
GSEB,GUJ,UNI_UG_BBA_Y2,MGT,CIRCUITS,Electronic Circuits,Engineering,1,0,37,
GSEB,GUJ,UNI_UG_BBA_Y2,MGT,ANAT,Human Anatomy,Medical,1,0,38,
GSEB,GUJ,UNI_UG_BBA_Y2,MGT,PHYS,Physiology,Medical,1,0,39,
GSEB,GUJ,UNI_UG_BBA_Y2,MGT,PHARM,Pharmacology,Medical,1,0,40,
GSEB,GUJ,UNI_UG_BBA_Y2,MGT,PATH,Pathology,Medical,1,0,41,
GSEB,GUJ,UNI_UG_BBA_Y2,MGT,COM_MED,Community Medicine,Medical,1,0,42,
GSEB,GUJ,UNI_UG_BBA_Y2,MGT,LAW_CON,Constitutional Law,Law,1,0,44,
GSEB,GUJ,UNI_UG_BBA_Y2,MGT,LAW_IPC,Indian Penal Code,Law,1,0,45,
GSEB,GUJ,UNI_UG_BBA_Y2,MGT,LAW_CONTR,Contract Law,Law,1,0,46,
GSEB,GUJ,UNI_UG_BBA_Y2,MGT,JURIS,Jurisprudence,Law,1,0,47,
GSEB,GUJ,UNI_UG_BBA_Y2,MGT,CORP_ACC,Corporate Accounting,Commerce,1,0,48,
GSEB,GUJ,UNI_UG_BBA_Y2,MGT,FIN_MGT,Financial Management,Management,1,0,49,
GSEB,GUJ,UNI_UG_BBA_Y2,MGT,MKT_MGT,Marketing Management,Management,1,0,50,
GSEB,GUJ,UNI_UG_BBA_Y2,MGT,OB,Organizational Behavior,Management,1,0,51,
GSEB,GUJ,UNI_UG_BBA_Y2,MGT,UI_UX,User Interface & Experience,Design,1,0,54,
GSEB,GUJ,UNI_UG_BBA_Y2,MGT,TYPO,Typography,Design,1,0,55,
GSEB,GUJ,UNI_UG_BBA_Y2,MGT,ARCH_DSN,Architectural Design,Architecture,1,0,56,
GSEB,GUJ,UNI_UG_BBA_Y3,MGT,DSA,Data Structures & Algorithms,Engineering,1,0,30,
GSEB,GUJ,UNI_UG_BBA_Y3,MGT,DBMS,Database Management Systems,Engineering,1,0,31,
GSEB,GUJ,UNI_UG_BBA_Y3,MGT,OS,Operating Systems,Engineering,1,0,32,
GSEB,GUJ,UNI_UG_BBA_Y3,MGT,CN,Computer Networks,Engineering,1,0,33,
GSEB,GUJ,UNI_UG_BBA_Y3,MGT,AI_ML,Artificial Intelligence & ML,Engineering,1,0,34,
GSEB,GUJ,UNI_UG_BBA_Y3,MGT,SWE,Software Engineering,Engineering,1,0,35,
GSEB,GUJ,UNI_UG_BBA_Y3,MGT,THERMO,Thermodynamics,Engineering,1,0,36,
GSEB,GUJ,UNI_UG_BBA_Y3,MGT,CIRCUITS,Electronic Circuits,Engineering,1,0,37,
GSEB,GUJ,UNI_UG_BBA_Y3,MGT,ANAT,Human Anatomy,Medical,1,0,38,
GSEB,GUJ,UNI_UG_BBA_Y3,MGT,PHYS,Physiology,Medical,1,0,39,
GSEB,GUJ,UNI_UG_BBA_Y3,MGT,PHARM,Pharmacology,Medical,1,0,40,
GSEB,GUJ,UNI_UG_BBA_Y3,MGT,PATH,Pathology,Medical,1,0,41,
GSEB,GUJ,UNI_UG_BBA_Y3,MGT,COM_MED,Community Medicine,Medical,1,0,42,
GSEB,GUJ,UNI_UG_BBA_Y3,MGT,LAW_CON,Constitutional Law,Law,1,0,44,
GSEB,GUJ,UNI_UG_BBA_Y3,MGT,LAW_IPC,Indian Penal Code,Law,1,0,45,
GSEB,GUJ,UNI_UG_BBA_Y3,MGT,LAW_CONTR,Contract Law,Law,1,0,46,
GSEB,GUJ,UNI_UG_BBA_Y3,MGT,JURIS,Jurisprudence,Law,1,0,47,
GSEB,GUJ,UNI_UG_BBA_Y3,MGT,CORP_ACC,Corporate Accounting,Commerce,1,0,48,
GSEB,GUJ,UNI_UG_BBA_Y3,MGT,FIN_MGT,Financial Management,Management,1,0,49,
GSEB,GUJ,UNI_UG_BBA_Y3,MGT,MKT_MGT,Marketing Management,Management,1,0,50,
GSEB,GUJ,UNI_UG_BBA_Y3,MGT,OB,Organizational Behavior,Management,1,0,51,
GSEB,GUJ,UNI_UG_BBA_Y3,MGT,UI_UX,User Interface & Experience,Design,1,0,54,
GSEB,GUJ,UNI_UG_BBA_Y3,MGT,TYPO,Typography,Design,1,0,55,
GSEB,GUJ,UNI_UG_BBA_Y3,MGT,ARCH_DSN,Architectural Design,Architecture,1,0,56,
GSEB,GUJ,UNI_UG_BARCH_Y1,ARC,DSA,Data Structures & Algorithms,Engineering,1,0,30,
GSEB,GUJ,UNI_UG_BARCH_Y1,ARC,DBMS,Database Management Systems,Engineering,1,0,31,
GSEB,GUJ,UNI_UG_BARCH_Y1,ARC,OS,Operating Systems,Engineering,1,0,32,
GSEB,GUJ,UNI_UG_BARCH_Y1,ARC,CN,Computer Networks,Engineering,1,0,33,
GSEB,GUJ,UNI_UG_BARCH_Y1,ARC,AI_ML,Artificial Intelligence & ML,Engineering,1,0,34,
GSEB,GUJ,UNI_UG_BARCH_Y1,ARC,SWE,Software Engineering,Engineering,1,0,35,
GSEB,GUJ,UNI_UG_BARCH_Y1,ARC,THERMO,Thermodynamics,Engineering,1,0,36,
GSEB,GUJ,UNI_UG_BARCH_Y1,ARC,CIRCUITS,Electronic Circuits,Engineering,1,0,37,
GSEB,GUJ,UNI_UG_BARCH_Y1,ARC,ANAT,Human Anatomy,Medical,1,0,38,
GSEB,GUJ,UNI_UG_BARCH_Y1,ARC,PHYS,Physiology,Medical,1,0,39,
GSEB,GUJ,UNI_UG_BARCH_Y1,ARC,PHARM,Pharmacology,Medical,1,0,40,
GSEB,GUJ,UNI_UG_BARCH_Y1,ARC,PATH,Pathology,Medical,1,0,41,
GSEB,GUJ,UNI_UG_BARCH_Y1,ARC,COM_MED,Community Medicine,Medical,1,0,42,
GSEB,GUJ,UNI_UG_BARCH_Y1,ARC,LAW_CON,Constitutional Law,Law,1,0,44,
GSEB,GUJ,UNI_UG_BARCH_Y1,ARC,LAW_IPC,Indian Penal Code,Law,1,0,45,
GSEB,GUJ,UNI_UG_BARCH_Y1,ARC,LAW_CONTR,Contract Law,Law,1,0,46,
GSEB,GUJ,UNI_UG_BARCH_Y1,ARC,JURIS,Jurisprudence,Law,1,0,47,
GSEB,GUJ,UNI_UG_BARCH_Y1,ARC,CORP_ACC,Corporate Accounting,Commerce,1,0,48,
GSEB,GUJ,UNI_UG_BARCH_Y1,ARC,FIN_MGT,Financial Management,Management,1,0,49,
GSEB,GUJ,UNI_UG_BARCH_Y1,ARC,MKT_MGT,Marketing Management,Management,1,0,50,
GSEB,GUJ,UNI_UG_BARCH_Y1,ARC,OB,Organizational Behavior,Management,1,0,51,
GSEB,GUJ,UNI_UG_BARCH_Y1,ARC,UI_UX,User Interface & Experience,Design,1,0,54,
GSEB,GUJ,UNI_UG_BARCH_Y1,ARC,TYPO,Typography,Design,1,0,55,
GSEB,GUJ,UNI_UG_BARCH_Y1,ARC,ARCH_DSN,Architectural Design,Architecture,1,0,56,
GSEB,GUJ,UNI_UG_BARCH_Y5,ARC,DSA,Data Structures & Algorithms,Engineering,1,0,30,
GSEB,GUJ,UNI_UG_BARCH_Y5,ARC,DBMS,Database Management Systems,Engineering,1,0,31,
GSEB,GUJ,UNI_UG_BARCH_Y5,ARC,OS,Operating Systems,Engineering,1,0,32,
GSEB,GUJ,UNI_UG_BARCH_Y5,ARC,CN,Computer Networks,Engineering,1,0,33,
GSEB,GUJ,UNI_UG_BARCH_Y5,ARC,AI_ML,Artificial Intelligence & ML,Engineering,1,0,34,
GSEB,GUJ,UNI_UG_BARCH_Y5,ARC,SWE,Software Engineering,Engineering,1,0,35,
GSEB,GUJ,UNI_UG_BARCH_Y5,ARC,THERMO,Thermodynamics,Engineering,1,0,36,
GSEB,GUJ,UNI_UG_BARCH_Y5,ARC,CIRCUITS,Electronic Circuits,Engineering,1,0,37,
GSEB,GUJ,UNI_UG_BARCH_Y5,ARC,ANAT,Human Anatomy,Medical,1,0,38,
GSEB,GUJ,UNI_UG_BARCH_Y5,ARC,PHYS,Physiology,Medical,1,0,39,
GSEB,GUJ,UNI_UG_BARCH_Y5,ARC,PHARM,Pharmacology,Medical,1,0,40,
GSEB,GUJ,UNI_UG_BARCH_Y5,ARC,PATH,Pathology,Medical,1,0,41,
GSEB,GUJ,UNI_UG_BARCH_Y5,ARC,COM_MED,Community Medicine,Medical,1,0,42,
GSEB,GUJ,UNI_UG_BARCH_Y5,ARC,LAW_CON,Constitutional Law,Law,1,0,44,
GSEB,GUJ,UNI_UG_BARCH_Y5,ARC,LAW_IPC,Indian Penal Code,Law,1,0,45,
GSEB,GUJ,UNI_UG_BARCH_Y5,ARC,LAW_CONTR,Contract Law,Law,1,0,46,
GSEB,GUJ,UNI_UG_BARCH_Y5,ARC,JURIS,Jurisprudence,Law,1,0,47,
GSEB,GUJ,UNI_UG_BARCH_Y5,ARC,CORP_ACC,Corporate Accounting,Commerce,1,0,48,
GSEB,GUJ,UNI_UG_BARCH_Y5,ARC,FIN_MGT,Financial Management,Management,1,0,49,
GSEB,GUJ,UNI_UG_BARCH_Y5,ARC,MKT_MGT,Marketing Management,Management,1,0,50,
GSEB,GUJ,UNI_UG_BARCH_Y5,ARC,OB,Organizational Behavior,Management,1,0,51,
GSEB,GUJ,UNI_UG_BARCH_Y5,ARC,UI_UX,User Interface & Experience,Design,1,0,54,
GSEB,GUJ,UNI_UG_BARCH_Y5,ARC,TYPO,Typography,Design,1,0,55,
GSEB,GUJ,UNI_UG_BARCH_Y5,ARC,ARCH_DSN,Architectural Design,Architecture,1,0,56,
GSEB,GUJ,UNI_UG_BPT_Y1,AHS,DSA,Data Structures & Algorithms,Engineering,1,0,30,
GSEB,GUJ,UNI_UG_BPT_Y1,AHS,DBMS,Database Management Systems,Engineering,1,0,31,
GSEB,GUJ,UNI_UG_BPT_Y1,AHS,OS,Operating Systems,Engineering,1,0,32,
GSEB,GUJ,UNI_UG_BPT_Y1,AHS,CN,Computer Networks,Engineering,1,0,33,
GSEB,GUJ,UNI_UG_BPT_Y1,AHS,AI_ML,Artificial Intelligence & ML,Engineering,1,0,34,
GSEB,GUJ,UNI_UG_BPT_Y1,AHS,SWE,Software Engineering,Engineering,1,0,35,
GSEB,GUJ,UNI_UG_BPT_Y1,AHS,THERMO,Thermodynamics,Engineering,1,0,36,
GSEB,GUJ,UNI_UG_BPT_Y1,AHS,CIRCUITS,Electronic Circuits,Engineering,1,0,37,
GSEB,GUJ,UNI_UG_BPT_Y1,AHS,ANAT,Human Anatomy,Medical,1,0,38,
GSEB,GUJ,UNI_UG_BPT_Y1,AHS,PHYS,Physiology,Medical,1,0,39,
GSEB,GUJ,UNI_UG_BPT_Y1,AHS,PHARM,Pharmacology,Medical,1,0,40,
GSEB,GUJ,UNI_UG_BPT_Y1,AHS,PATH,Pathology,Medical,1,0,41,
GSEB,GUJ,UNI_UG_BPT_Y1,AHS,COM_MED,Community Medicine,Medical,1,0,42,
GSEB,GUJ,UNI_UG_BPT_Y1,AHS,LAW_CON,Constitutional Law,Law,1,0,44,
GSEB,GUJ,UNI_UG_BPT_Y1,AHS,LAW_IPC,Indian Penal Code,Law,1,0,45,
GSEB,GUJ,UNI_UG_BPT_Y1,AHS,LAW_CONTR,Contract Law,Law,1,0,46,
GSEB,GUJ,UNI_UG_BPT_Y1,AHS,JURIS,Jurisprudence,Law,1,0,47,
GSEB,GUJ,UNI_UG_BPT_Y1,AHS,CORP_ACC,Corporate Accounting,Commerce,1,0,48,
GSEB,GUJ,UNI_UG_BPT_Y1,AHS,FIN_MGT,Financial Management,Management,1,0,49,
GSEB,GUJ,UNI_UG_BPT_Y1,AHS,MKT_MGT,Marketing Management,Management,1,0,50,
GSEB,GUJ,UNI_UG_BPT_Y1,AHS,OB,Organizational Behavior,Management,1,0,51,
GSEB,GUJ,UNI_UG_BPT_Y1,AHS,UI_UX,User Interface & Experience,Design,1,0,54,
GSEB,GUJ,UNI_UG_BPT_Y1,AHS,TYPO,Typography,Design,1,0,55,
GSEB,GUJ,UNI_UG_BPT_Y1,AHS,ARCH_DSN,Architectural Design,Architecture,1,0,56,
GSEB,GUJ,UNI_UG_BPT_Y4,AHS,DSA,Data Structures & Algorithms,Engineering,1,0,30,
GSEB,GUJ,UNI_UG_BPT_Y4,AHS,DBMS,Database Management Systems,Engineering,1,0,31,
GSEB,GUJ,UNI_UG_BPT_Y4,AHS,OS,Operating Systems,Engineering,1,0,32,
GSEB,GUJ,UNI_UG_BPT_Y4,AHS,CN,Computer Networks,Engineering,1,0,33,
GSEB,GUJ,UNI_UG_BPT_Y4,AHS,AI_ML,Artificial Intelligence & ML,Engineering,1,0,34,
GSEB,GUJ,UNI_UG_BPT_Y4,AHS,SWE,Software Engineering,Engineering,1,0,35,
GSEB,GUJ,UNI_UG_BPT_Y4,AHS,THERMO,Thermodynamics,Engineering,1,0,36,
GSEB,GUJ,UNI_UG_BPT_Y4,AHS,CIRCUITS,Electronic Circuits,Engineering,1,0,37,
GSEB,GUJ,UNI_UG_BPT_Y4,AHS,ANAT,Human Anatomy,Medical,1,0,38,
GSEB,GUJ,UNI_UG_BPT_Y4,AHS,PHYS,Physiology,Medical,1,0,39,
GSEB,GUJ,UNI_UG_BPT_Y4,AHS,PHARM,Pharmacology,Medical,1,0,40,
GSEB,GUJ,UNI_UG_BPT_Y4,AHS,PATH,Pathology,Medical,1,0,41,
GSEB,GUJ,UNI_UG_BPT_Y4,AHS,COM_MED,Community Medicine,Medical,1,0,42,
GSEB,GUJ,UNI_UG_BPT_Y4,AHS,LAW_CON,Constitutional Law,Law,1,0,44,
GSEB,GUJ,UNI_UG_BPT_Y4,AHS,LAW_IPC,Indian Penal Code,Law,1,0,45,
GSEB,GUJ,UNI_UG_BPT_Y4,AHS,LAW_CONTR,Contract Law,Law,1,0,46,
GSEB,GUJ,UNI_UG_BPT_Y4,AHS,JURIS,Jurisprudence,Law,1,0,47,
GSEB,GUJ,UNI_UG_BPT_Y4,AHS,CORP_ACC,Corporate Accounting,Commerce,1,0,48,
GSEB,GUJ,UNI_UG_BPT_Y4,AHS,FIN_MGT,Financial Management,Management,1,0,49,
GSEB,GUJ,UNI_UG_BPT_Y4,AHS,MKT_MGT,Marketing Management,Management,1,0,50,
GSEB,GUJ,UNI_UG_BPT_Y4,AHS,OB,Organizational Behavior,Management,1,0,51,
GSEB,GUJ,UNI_UG_BPT_Y4,AHS,UI_UX,User Interface & Experience,Design,1,0,54,
GSEB,GUJ,UNI_UG_BPT_Y4,AHS,TYPO,Typography,Design,1,0,55,
GSEB,GUJ,UNI_UG_BPT_Y4,AHS,ARCH_DSN,Architectural Design,Architecture,1,0,56,
GSEB,GUJ,UNI_UG_BSW_Y1,ART,DSA,Data Structures & Algorithms,Engineering,1,0,30,
GSEB,GUJ,UNI_UG_BSW_Y1,ART,DBMS,Database Management Systems,Engineering,1,0,31,
GSEB,GUJ,UNI_UG_BSW_Y1,ART,OS,Operating Systems,Engineering,1,0,32,
GSEB,GUJ,UNI_UG_BSW_Y1,ART,CN,Computer Networks,Engineering,1,0,33,
GSEB,GUJ,UNI_UG_BSW_Y1,ART,AI_ML,Artificial Intelligence & ML,Engineering,1,0,34,
GSEB,GUJ,UNI_UG_BSW_Y1,ART,SWE,Software Engineering,Engineering,1,0,35,
GSEB,GUJ,UNI_UG_BSW_Y1,ART,THERMO,Thermodynamics,Engineering,1,0,36,
GSEB,GUJ,UNI_UG_BSW_Y1,ART,CIRCUITS,Electronic Circuits,Engineering,1,0,37,
GSEB,GUJ,UNI_UG_BSW_Y1,ART,ANAT,Human Anatomy,Medical,1,0,38,
GSEB,GUJ,UNI_UG_BSW_Y1,ART,PHYS,Physiology,Medical,1,0,39,
GSEB,GUJ,UNI_UG_BSW_Y1,ART,PHARM,Pharmacology,Medical,1,0,40,
GSEB,GUJ,UNI_UG_BSW_Y1,ART,PATH,Pathology,Medical,1,0,41,
GSEB,GUJ,UNI_UG_BSW_Y1,ART,COM_MED,Community Medicine,Medical,1,0,42,
GSEB,GUJ,UNI_UG_BSW_Y1,ART,LAW_CON,Constitutional Law,Law,1,0,44,
GSEB,GUJ,UNI_UG_BSW_Y1,ART,LAW_IPC,Indian Penal Code,Law,1,0,45,
GSEB,GUJ,UNI_UG_BSW_Y1,ART,LAW_CONTR,Contract Law,Law,1,0,46,
GSEB,GUJ,UNI_UG_BSW_Y1,ART,JURIS,Jurisprudence,Law,1,0,47,
GSEB,GUJ,UNI_UG_BSW_Y1,ART,CORP_ACC,Corporate Accounting,Commerce,1,0,48,
GSEB,GUJ,UNI_UG_BSW_Y1,ART,FIN_MGT,Financial Management,Management,1,0,49,
GSEB,GUJ,UNI_UG_BSW_Y1,ART,MKT_MGT,Marketing Management,Management,1,0,50,
GSEB,GUJ,UNI_UG_BSW_Y1,ART,OB,Organizational Behavior,Management,1,0,51,
GSEB,GUJ,UNI_UG_BSW_Y1,ART,UI_UX,User Interface & Experience,Design,1,0,54,
GSEB,GUJ,UNI_UG_BSW_Y1,ART,TYPO,Typography,Design,1,0,55,
GSEB,GUJ,UNI_UG_BSW_Y1,ART,ARCH_DSN,Architectural Design,Architecture,1,0,56,
GSEB,GUJ,UNI_UG_BFA_Y1,ART,DSA,Data Structures & Algorithms,Engineering,1,0,30,
GSEB,GUJ,UNI_UG_BFA_Y1,ART,DBMS,Database Management Systems,Engineering,1,0,31,
GSEB,GUJ,UNI_UG_BFA_Y1,ART,OS,Operating Systems,Engineering,1,0,32,
GSEB,GUJ,UNI_UG_BFA_Y1,ART,CN,Computer Networks,Engineering,1,0,33,
GSEB,GUJ,UNI_UG_BFA_Y1,ART,AI_ML,Artificial Intelligence & ML,Engineering,1,0,34,
GSEB,GUJ,UNI_UG_BFA_Y1,ART,SWE,Software Engineering,Engineering,1,0,35,
GSEB,GUJ,UNI_UG_BFA_Y1,ART,THERMO,Thermodynamics,Engineering,1,0,36,
GSEB,GUJ,UNI_UG_BFA_Y1,ART,CIRCUITS,Electronic Circuits,Engineering,1,0,37,
GSEB,GUJ,UNI_UG_BFA_Y1,ART,ANAT,Human Anatomy,Medical,1,0,38,
GSEB,GUJ,UNI_UG_BFA_Y1,ART,PHYS,Physiology,Medical,1,0,39,
GSEB,GUJ,UNI_UG_BFA_Y1,ART,PHARM,Pharmacology,Medical,1,0,40,
GSEB,GUJ,UNI_UG_BFA_Y1,ART,PATH,Pathology,Medical,1,0,41,
GSEB,GUJ,UNI_UG_BFA_Y1,ART,COM_MED,Community Medicine,Medical,1,0,42,
GSEB,GUJ,UNI_UG_BFA_Y1,ART,LAW_CON,Constitutional Law,Law,1,0,44,
GSEB,GUJ,UNI_UG_BFA_Y1,ART,LAW_IPC,Indian Penal Code,Law,1,0,45,
GSEB,GUJ,UNI_UG_BFA_Y1,ART,LAW_CONTR,Contract Law,Law,1,0,46,
GSEB,GUJ,UNI_UG_BFA_Y1,ART,JURIS,Jurisprudence,Law,1,0,47,
GSEB,GUJ,UNI_UG_BFA_Y1,ART,CORP_ACC,Corporate Accounting,Commerce,1,0,48,
GSEB,GUJ,UNI_UG_BFA_Y1,ART,FIN_MGT,Financial Management,Management,1,0,49,
GSEB,GUJ,UNI_UG_BFA_Y1,ART,MKT_MGT,Marketing Management,Management,1,0,50,
GSEB,GUJ,UNI_UG_BFA_Y1,ART,OB,Organizational Behavior,Management,1,0,51,
GSEB,GUJ,UNI_UG_BFA_Y1,ART,UI_UX,User Interface & Experience,Design,1,0,54,
GSEB,GUJ,UNI_UG_BFA_Y1,ART,TYPO,Typography,Design,1,0,55,
GSEB,GUJ,UNI_UG_BFA_Y1,ART,ARCH_DSN,Architectural Design,Architecture,1,0,56,
GSEB,GUJ,UNI_UG_BHM_Y1,HOS,DSA,Data Structures & Algorithms,Engineering,1,0,30,
GSEB,GUJ,UNI_UG_BHM_Y1,HOS,DBMS,Database Management Systems,Engineering,1,0,31,
GSEB,GUJ,UNI_UG_BHM_Y1,HOS,OS,Operating Systems,Engineering,1,0,32,
GSEB,GUJ,UNI_UG_BHM_Y1,HOS,CN,Computer Networks,Engineering,1,0,33,
GSEB,GUJ,UNI_UG_BHM_Y1,HOS,AI_ML,Artificial Intelligence & ML,Engineering,1,0,34,
GSEB,GUJ,UNI_UG_BHM_Y1,HOS,SWE,Software Engineering,Engineering,1,0,35,
GSEB,GUJ,UNI_UG_BHM_Y1,HOS,THERMO,Thermodynamics,Engineering,1,0,36,
GSEB,GUJ,UNI_UG_BHM_Y1,HOS,CIRCUITS,Electronic Circuits,Engineering,1,0,37,
GSEB,GUJ,UNI_UG_BHM_Y1,HOS,ANAT,Human Anatomy,Medical,1,0,38,
GSEB,GUJ,UNI_UG_BHM_Y1,HOS,PHYS,Physiology,Medical,1,0,39,
GSEB,GUJ,UNI_UG_BHM_Y1,HOS,PHARM,Pharmacology,Medical,1,0,40,
GSEB,GUJ,UNI_UG_BHM_Y1,HOS,PATH,Pathology,Medical,1,0,41,
GSEB,GUJ,UNI_UG_BHM_Y1,HOS,COM_MED,Community Medicine,Medical,1,0,42,
GSEB,GUJ,UNI_UG_BHM_Y1,HOS,LAW_CON,Constitutional Law,Law,1,0,44,
GSEB,GUJ,UNI_UG_BHM_Y1,HOS,LAW_IPC,Indian Penal Code,Law,1,0,45,
GSEB,GUJ,UNI_UG_BHM_Y1,HOS,LAW_CONTR,Contract Law,Law,1,0,46,
GSEB,GUJ,UNI_UG_BHM_Y1,HOS,JURIS,Jurisprudence,Law,1,0,47,
GSEB,GUJ,UNI_UG_BHM_Y1,HOS,CORP_ACC,Corporate Accounting,Commerce,1,0,48,
GSEB,GUJ,UNI_UG_BHM_Y1,HOS,FIN_MGT,Financial Management,Management,1,0,49,
GSEB,GUJ,UNI_UG_BHM_Y1,HOS,MKT_MGT,Marketing Management,Management,1,0,50,
GSEB,GUJ,UNI_UG_BHM_Y1,HOS,OB,Organizational Behavior,Management,1,0,51,
GSEB,GUJ,UNI_UG_BHM_Y1,HOS,UI_UX,User Interface & Experience,Design,1,0,54,
GSEB,GUJ,UNI_UG_BHM_Y1,HOS,TYPO,Typography,Design,1,0,55,
GSEB,GUJ,UNI_UG_BHM_Y1,HOS,ARCH_DSN,Architectural Design,Architecture,1,0,56,
GSEB,GUJ,UNI_PG_MCA_Y1,CSA,DSA,Data Structures & Algorithms,Engineering,1,0,30,
GSEB,GUJ,UNI_PG_MCA_Y1,CSA,DBMS,Database Management Systems,Engineering,1,0,31,
GSEB,GUJ,UNI_PG_MCA_Y1,CSA,OS,Operating Systems,Engineering,1,0,32,
GSEB,GUJ,UNI_PG_MCA_Y1,CSA,CN,Computer Networks,Engineering,1,0,33,
GSEB,GUJ,UNI_PG_MCA_Y1,CSA,AI_ML,Artificial Intelligence & ML,Engineering,1,0,34,
GSEB,GUJ,UNI_PG_MCA_Y1,CSA,SWE,Software Engineering,Engineering,1,0,35,
GSEB,GUJ,UNI_PG_MCA_Y1,CSA,FIN_MGT,Financial Management,Management,1,0,49,
GSEB,GUJ,UNI_PG_MCA_Y1,CSA,MKT_MGT,Marketing Management,Management,1,0,50,
GSEB,GUJ,UNI_PG_MCA_Y1,CSA,OB,Organizational Behavior,Management,1,0,51,
GSEB,GUJ,UNI_PG_MCA_Y2,CSA,DSA,Data Structures & Algorithms,Engineering,1,0,30,
GSEB,GUJ,UNI_PG_MCA_Y2,CSA,DBMS,Database Management Systems,Engineering,1,0,31,
GSEB,GUJ,UNI_PG_MCA_Y2,CSA,OS,Operating Systems,Engineering,1,0,32,
GSEB,GUJ,UNI_PG_MCA_Y2,CSA,CN,Computer Networks,Engineering,1,0,33,
GSEB,GUJ,UNI_PG_MCA_Y2,CSA,AI_ML,Artificial Intelligence & ML,Engineering,1,0,34,
GSEB,GUJ,UNI_PG_MCA_Y2,CSA,SWE,Software Engineering,Engineering,1,0,35,
GSEB,GUJ,UNI_PG_MCA_Y2,CSA,FIN_MGT,Financial Management,Management,1,0,49,
GSEB,GUJ,UNI_PG_MCA_Y2,CSA,MKT_MGT,Marketing Management,Management,1,0,50,
GSEB,GUJ,UNI_PG_MCA_Y2,CSA,OB,Organizational Behavior,Management,1,0,51,
GSEB,GUJ,UNI_PG_MARCH_Y1,ARC,DSA,Data Structures & Algorithms,Engineering,1,0,30,
GSEB,GUJ,UNI_PG_MARCH_Y1,ARC,DBMS,Database Management Systems,Engineering,1,0,31,
GSEB,GUJ,UNI_PG_MARCH_Y1,ARC,OS,Operating Systems,Engineering,1,0,32,
GSEB,GUJ,UNI_PG_MARCH_Y1,ARC,CN,Computer Networks,Engineering,1,0,33,
GSEB,GUJ,UNI_PG_MARCH_Y1,ARC,AI_ML,Artificial Intelligence & ML,Engineering,1,0,34,
GSEB,GUJ,UNI_PG_MARCH_Y1,ARC,SWE,Software Engineering,Engineering,1,0,35,
GSEB,GUJ,UNI_PG_MARCH_Y1,ARC,FIN_MGT,Financial Management,Management,1,0,49,
GSEB,GUJ,UNI_PG_MARCH_Y1,ARC,MKT_MGT,Marketing Management,Management,1,0,50,
GSEB,GUJ,UNI_PG_MARCH_Y1,ARC,OB,Organizational Behavior,Management,1,0,51,
GSEB,GUJ,UNI_PG_MPT_Y1,AHS,DSA,Data Structures & Algorithms,Engineering,1,0,30,
GSEB,GUJ,UNI_PG_MPT_Y1,AHS,DBMS,Database Management Systems,Engineering,1,0,31,
GSEB,GUJ,UNI_PG_MPT_Y1,AHS,OS,Operating Systems,Engineering,1,0,32,
GSEB,GUJ,UNI_PG_MPT_Y1,AHS,CN,Computer Networks,Engineering,1,0,33,
GSEB,GUJ,UNI_PG_MPT_Y1,AHS,AI_ML,Artificial Intelligence & ML,Engineering,1,0,34,
GSEB,GUJ,UNI_PG_MPT_Y1,AHS,SWE,Software Engineering,Engineering,1,0,35,
GSEB,GUJ,UNI_PG_MPT_Y1,AHS,FIN_MGT,Financial Management,Management,1,0,49,
GSEB,GUJ,UNI_PG_MPT_Y1,AHS,MKT_MGT,Marketing Management,Management,1,0,50,
GSEB,GUJ,UNI_PG_MPT_Y1,AHS,OB,Organizational Behavior,Management,1,0,51,
GSEB,GUJ,UNI_PG_MSW_Y1,ART,DSA,Data Structures & Algorithms,Engineering,1,0,30,
GSEB,GUJ,UNI_PG_MSW_Y1,ART,DBMS,Database Management Systems,Engineering,1,0,31,
GSEB,GUJ,UNI_PG_MSW_Y1,ART,OS,Operating Systems,Engineering,1,0,32,
GSEB,GUJ,UNI_PG_MSW_Y1,ART,CN,Computer Networks,Engineering,1,0,33,
GSEB,GUJ,UNI_PG_MSW_Y1,ART,AI_ML,Artificial Intelligence & ML,Engineering,1,0,34,
GSEB,GUJ,UNI_PG_MSW_Y1,ART,SWE,Software Engineering,Engineering,1,0,35,
GSEB,GUJ,UNI_PG_MSW_Y1,ART,FIN_MGT,Financial Management,Management,1,0,49,
GSEB,GUJ,UNI_PG_MSW_Y1,ART,MKT_MGT,Marketing Management,Management,1,0,50,
GSEB,GUJ,UNI_PG_MSW_Y1,ART,OB,Organizational Behavior,Management,1,0,51,
GSEB,GUJ,UNI_PG_MFA_Y1,ART,DSA,Data Structures & Algorithms,Engineering,1,0,30,
GSEB,GUJ,UNI_PG_MFA_Y1,ART,DBMS,Database Management Systems,Engineering,1,0,31,
GSEB,GUJ,UNI_PG_MFA_Y1,ART,OS,Operating Systems,Engineering,1,0,32,
GSEB,GUJ,UNI_PG_MFA_Y1,ART,CN,Computer Networks,Engineering,1,0,33,
GSEB,GUJ,UNI_PG_MFA_Y1,ART,AI_ML,Artificial Intelligence & ML,Engineering,1,0,34,
GSEB,GUJ,UNI_PG_MFA_Y1,ART,SWE,Software Engineering,Engineering,1,0,35,
GSEB,GUJ,UNI_PG_MFA_Y1,ART,FIN_MGT,Financial Management,Management,1,0,49,
GSEB,GUJ,UNI_PG_MFA_Y1,ART,MKT_MGT,Marketing Management,Management,1,0,50,
GSEB,GUJ,UNI_PG_MFA_Y1,ART,OB,Organizational Behavior,Management,1,0,51,
GSEB,GUJ,UNI_PG_MCOM_Y1,PRO_FIN,DSA,Data Structures & Algorithms,Engineering,1,0,30,
GSEB,GUJ,UNI_PG_MCOM_Y1,PRO_FIN,DBMS,Database Management Systems,Engineering,1,0,31,
GSEB,GUJ,UNI_PG_MCOM_Y1,PRO_FIN,OS,Operating Systems,Engineering,1,0,32,
GSEB,GUJ,UNI_PG_MCOM_Y1,PRO_FIN,CN,Computer Networks,Engineering,1,0,33,
GSEB,GUJ,UNI_PG_MCOM_Y1,PRO_FIN,AI_ML,Artificial Intelligence & ML,Engineering,1,0,34,
GSEB,GUJ,UNI_PG_MCOM_Y1,PRO_FIN,SWE,Software Engineering,Engineering,1,0,35,
GSEB,GUJ,UNI_PG_MCOM_Y1,PRO_FIN,FIN_MGT,Financial Management,Management,1,0,49,
GSEB,GUJ,UNI_PG_MCOM_Y1,PRO_FIN,MKT_MGT,Marketing Management,Management,1,0,50,
GSEB,GUJ,UNI_PG_MCOM_Y1,PRO_FIN,OB,Organizational Behavior,Management,1,0,51,
GSEB,GUJ,LMS_CERT_FSD,CSA,UI_UX,User Interface & Experience,Design,1,0,54,
GSEB,GUJ,LMS_CERT_FSD,CSA,APT_REAS,Aptitude & Reasoning,Competitive Prep,1,0,68,
GSEB,GUJ,LMS_CERT_DATA,AIE,UI_UX,User Interface & Experience,Design,1,0,54,
GSEB,GUJ,LMS_CERT_DATA,AIE,APT_REAS,Aptitude & Reasoning,Competitive Prep,1,0,68,
GSEB,GUJ,LMS_CERT_CLOUD,ENG,UI_UX,User Interface & Experience,Design,1,0,54,
GSEB,GUJ,LMS_CERT_CLOUD,ENG,APT_REAS,Aptitude & Reasoning,Competitive Prep,1,0,68,
GSEB,GUJ,LMS_CERT_MLOPS,AIE,UI_UX,User Interface & Experience,Design,1,0,54,
GSEB,GUJ,LMS_CERT_MLOPS,AIE,APT_REAS,Aptitude & Reasoning,Competitive Prep,1,0,68,
GSEB,GUJ,LMS_CERT_PM,MGT,UI_UX,User Interface & Experience,Design,1,0,54,
GSEB,GUJ,LMS_CERT_PM,MGT,APT_REAS,Aptitude & Reasoning,Competitive Prep,1,0,68,
GSEB,GUJ,LMS_CERT_AGILE,MGT,UI_UX,User Interface & Experience,Design,1,0,54,
GSEB,GUJ,LMS_CERT_AGILE,MGT,APT_REAS,Aptitude & Reasoning,Competitive Prep,1,0,68,
GSEB,GUJ,LMS_CERT_CYBER,CSA,UI_UX,User Interface & Experience,Design,1,0,54,
GSEB,GUJ,LMS_CERT_CYBER,CSA,APT_REAS,Aptitude & Reasoning,Competitive Prep,1,0,68,
GSEB,GUJ,LMS_CERT_WEB3,EMG,UI_UX,User Interface & Experience,Design,1,0,54,
GSEB,GUJ,LMS_CERT_WEB3,EMG,APT_REAS,Aptitude & Reasoning,Competitive Prep,1,0,68,
GSEB,GUJ,LMS_CERT_DIGMKT,MKT,UI_UX,User Interface & Experience,Design,1,0,54,
GSEB,GUJ,LMS_CERT_DIGMKT,MKT,APT_REAS,Aptitude & Reasoning,Competitive Prep,1,0,68,
GSEB,ENG,PRE01,GEN,ENG,English,Language,1,0,1,
GSEB,ENG,PRE01,GEN,HIN,Hindi,Language,1,0,2,
GSEB,ENG,PRE01,GEN,ART,Art & Craft,Co-curricular,1,0,9,
GSEB,ENG,PRE02,GEN,ENG,English,Language,1,0,1,
GSEB,ENG,PRE02,GEN,HIN,Hindi,Language,1,0,2,
GSEB,ENG,PRE02,GEN,ART,Art & Craft,Co-curricular,1,0,9,
GSEB,ENG,PRE03,GEN,ENG,English,Language,1,0,1,
GSEB,ENG,PRE03,GEN,HIN,Hindi,Language,1,0,2,
GSEB,ENG,PRE03,GEN,ART,Art & Craft,Co-curricular,1,0,9,
GSEB,ENG,PRE04,GEN,ENG,English,Language,1,0,1,
GSEB,ENG,PRE04,GEN,HIN,Hindi,Language,1,0,2,
GSEB,ENG,PRE04,GEN,ART,Art & Craft,Co-curricular,1,0,9,
GSEB,ENG,STD01,GEN,ENG,English,Language,1,0,1,
GSEB,ENG,STD01,GEN,HIN,Hindi,Language,1,0,2,
GSEB,ENG,STD01,GEN,REG_LANG,Regional Language,Language,1,0,3,
GSEB,ENG,STD01,GEN,MATH,Mathematics,Core,1,0,4,
GSEB,ENG,STD01,GEN,SCI,Science,Core,1,0,5,
GSEB,ENG,STD01,GEN,SST,Social Studies,Core,1,0,6,
GSEB,ENG,STD01,GEN,EVS,Environmental Studies,Core,1,0,7,
GSEB,ENG,STD01,GEN,COMP,Computer Science,Elective,1,0,8,
GSEB,ENG,STD01,GEN,ART,Art & Craft,Co-curricular,1,0,9,
GSEB,ENG,STD01,GEN,PE,Physical Education,Co-curricular,1,0,10,
GSEB,ENG,STD02,GEN,ENG,English,Language,1,0,1,
GSEB,ENG,STD02,GEN,HIN,Hindi,Language,1,0,2,
GSEB,ENG,STD02,GEN,REG_LANG,Regional Language,Language,1,0,3,
GSEB,ENG,STD02,GEN,MATH,Mathematics,Core,1,0,4,
GSEB,ENG,STD02,GEN,SCI,Science,Core,1,0,5,
GSEB,ENG,STD02,GEN,SST,Social Studies,Core,1,0,6,
GSEB,ENG,STD02,GEN,EVS,Environmental Studies,Core,1,0,7,
GSEB,ENG,STD02,GEN,COMP,Computer Science,Elective,1,0,8,
GSEB,ENG,STD02,GEN,ART,Art & Craft,Co-curricular,1,0,9,
GSEB,ENG,STD02,GEN,PE,Physical Education,Co-curricular,1,0,10,
GSEB,ENG,STD03,GEN,ENG,English,Language,1,0,1,
GSEB,ENG,STD03,GEN,HIN,Hindi,Language,1,0,2,
GSEB,ENG,STD03,GEN,REG_LANG,Regional Language,Language,1,0,3,
GSEB,ENG,STD03,GEN,MATH,Mathematics,Core,1,0,4,
GSEB,ENG,STD03,GEN,SCI,Science,Core,1,0,5,
GSEB,ENG,STD03,GEN,SST,Social Studies,Core,1,0,6,
GSEB,ENG,STD03,GEN,EVS,Environmental Studies,Core,1,0,7,
GSEB,ENG,STD03,GEN,COMP,Computer Science,Elective,1,0,8,
GSEB,ENG,STD03,GEN,ART,Art & Craft,Co-curricular,1,0,9,
GSEB,ENG,STD03,GEN,PE,Physical Education,Co-curricular,1,0,10,
GSEB,ENG,STD04,GEN,ENG,English,Language,1,0,1,
GSEB,ENG,STD04,GEN,HIN,Hindi,Language,1,0,2,
GSEB,ENG,STD04,GEN,REG_LANG,Regional Language,Language,1,0,3,
GSEB,ENG,STD04,GEN,MATH,Mathematics,Core,1,0,4,
GSEB,ENG,STD04,GEN,SCI,Science,Core,1,0,5,
GSEB,ENG,STD04,GEN,SST,Social Studies,Core,1,0,6,
GSEB,ENG,STD04,GEN,EVS,Environmental Studies,Core,1,0,7,
GSEB,ENG,STD04,GEN,COMP,Computer Science,Elective,1,0,8,
GSEB,ENG,STD04,GEN,ART,Art & Craft,Co-curricular,1,0,9,
GSEB,ENG,STD04,GEN,PE,Physical Education,Co-curricular,1,0,10,
GSEB,ENG,STD05,GEN,ENG,English,Language,1,0,1,
GSEB,ENG,STD05,GEN,HIN,Hindi,Language,1,0,2,
GSEB,ENG,STD05,GEN,REG_LANG,Regional Language,Language,1,0,3,
GSEB,ENG,STD05,GEN,MATH,Mathematics,Core,1,0,4,
GSEB,ENG,STD05,GEN,SCI,Science,Core,1,0,5,
GSEB,ENG,STD05,GEN,SST,Social Studies,Core,1,0,6,
GSEB,ENG,STD05,GEN,EVS,Environmental Studies,Core,1,0,7,
GSEB,ENG,STD05,GEN,COMP,Computer Science,Elective,1,0,8,
GSEB,ENG,STD05,GEN,ART,Art & Craft,Co-curricular,1,0,9,
GSEB,ENG,STD05,GEN,PE,Physical Education,Co-curricular,1,0,10,
GSEB,ENG,STD06,GEN,ENG,English,Language,1,0,1,
GSEB,ENG,STD06,GEN,HIN,Hindi,Language,1,0,2,
GSEB,ENG,STD06,GEN,REG_LANG,Regional Language,Language,1,0,3,
GSEB,ENG,STD06,GEN,MATH,Mathematics,Core,1,0,4,
GSEB,ENG,STD06,GEN,SCI,Science,Core,1,0,5,
GSEB,ENG,STD06,GEN,SST,Social Studies,Core,1,0,6,
GSEB,ENG,STD06,GEN,COMP,Computer Science,Elective,1,0,8,
GSEB,ENG,STD06,GEN,ART,Art & Craft,Co-curricular,1,0,9,
GSEB,ENG,STD06,GEN,PE,Physical Education,Co-curricular,1,0,10,
GSEB,ENG,STD07,GEN,ENG,English,Language,1,0,1,
GSEB,ENG,STD07,GEN,HIN,Hindi,Language,1,0,2,
GSEB,ENG,STD07,GEN,REG_LANG,Regional Language,Language,1,0,3,
GSEB,ENG,STD07,GEN,MATH,Mathematics,Core,1,0,4,
GSEB,ENG,STD07,GEN,SCI,Science,Core,1,0,5,
GSEB,ENG,STD07,GEN,SST,Social Studies,Core,1,0,6,
GSEB,ENG,STD07,GEN,COMP,Computer Science,Elective,1,0,8,
GSEB,ENG,STD07,GEN,ART,Art & Craft,Co-curricular,1,0,9,
GSEB,ENG,STD07,GEN,PE,Physical Education,Co-curricular,1,0,10,
GSEB,ENG,STD08,GEN,ENG,English,Language,1,0,1,
GSEB,ENG,STD08,GEN,HIN,Hindi,Language,1,0,2,
GSEB,ENG,STD08,GEN,REG_LANG,Regional Language,Language,1,0,3,
GSEB,ENG,STD08,GEN,MATH,Mathematics,Core,1,0,4,
GSEB,ENG,STD08,GEN,SCI,Science,Core,1,0,5,
GSEB,ENG,STD08,GEN,SST,Social Studies,Core,1,0,6,
GSEB,ENG,STD08,GEN,COMP,Computer Science,Elective,1,0,8,
GSEB,ENG,STD08,GEN,ART,Art & Craft,Co-curricular,1,0,9,
GSEB,ENG,STD08,GEN,PE,Physical Education,Co-curricular,1,0,10,
GSEB,ENG,STD09,GEN,ENG,English,Language,1,0,1,
GSEB,ENG,STD09,GEN,HIN,Hindi,Language,1,0,2,
GSEB,ENG,STD09,GEN,REG_LANG,Regional Language,Language,1,0,3,
GSEB,ENG,STD09,GEN,MATH,Mathematics,Core,1,0,4,
GSEB,ENG,STD09,GEN,SCI,Science,Core,1,0,5,
GSEB,ENG,STD09,GEN,SST,Social Studies,Core,1,0,6,
GSEB,ENG,STD09,GEN,COMP,Computer Science,Elective,1,0,8,
GSEB,ENG,STD09,GEN,ART,Art & Craft,Co-curricular,1,0,9,
GSEB,ENG,STD09,GEN,PE,Physical Education,Co-curricular,1,0,10,
GSEB,ENG,STD10,GEN,ENG,English,Language,1,0,1,
GSEB,ENG,STD10,GEN,HIN,Hindi,Language,1,0,2,
GSEB,ENG,STD10,GEN,REG_LANG,Regional Language,Language,1,0,3,
GSEB,ENG,STD10,GEN,MATH,Mathematics,Core,1,0,4,
GSEB,ENG,STD10,GEN,SCI,Science,Core,1,0,5,
GSEB,ENG,STD10,GEN,SST,Social Studies,Core,1,0,6,
GSEB,ENG,STD10,GEN,COMP,Computer Science,Elective,1,0,8,
GSEB,ENG,STD10,GEN,ART,Art & Craft,Co-curricular,1,0,9,
GSEB,ENG,STD10,GEN,PE,Physical Education,Co-curricular,1,0,10,
GSEB,ENG,STD11_SCI,SCI,ENG,English,Language,1,0,1,
GSEB,ENG,STD11_SCI,SCI,PE,Physical Education,Co-curricular,1,0,10,
GSEB,ENG,STD11_SCI,SCI,PHY,Physics,Science,1,0,11,
GSEB,ENG,STD11_SCI,SCI,CHE,Chemistry,Science,1,0,12,
GSEB,ENG,STD11_SCI,SCI,BIO,Biology,Science,1,0,13,
GSEB,ENG,STD11_SCI,SCI,MATH_ADV,Advanced Mathematics,Science,1,0,14,
GSEB,ENG,STD11_SCI,SCI,IP,Informatics Practices,Elective,1,0,16,
GSEB,ENG,STD11_COM,COM,ENG,English,Language,1,0,1,
GSEB,ENG,STD11_COM,COM,PE,Physical Education,Co-curricular,1,0,10,
GSEB,ENG,STD11_COM,COM,MATH_ADV,Advanced Mathematics,Science,1,0,14,
GSEB,ENG,STD11_COM,COM,APP_MATH,Applied Mathematics,Commerce,1,0,15,
GSEB,ENG,STD11_COM,COM,IP,Informatics Practices,Elective,1,0,16,
GSEB,ENG,STD11_COM,COM,ACC,Accountancy,Commerce,1,0,17,
GSEB,ENG,STD11_COM,COM,BST,Business Studies,Commerce,1,0,18,
GSEB,ENG,STD11_COM,COM,ECO,Economics,Commerce,1,0,19,
GSEB,ENG,STD11_COM,COM,ENT,Entrepreneurship,Elective,1,0,20,
GSEB,ENG,STD11_ART,ART,ENG,English,Language,1,0,1,
GSEB,ENG,STD11_ART,ART,PE,Physical Education,Co-curricular,1,0,10,
GSEB,ENG,STD11_ART,ART,APP_MATH,Applied Mathematics,Commerce,1,0,15,
GSEB,ENG,STD11_ART,ART,IP,Informatics Practices,Elective,1,0,16,
GSEB,ENG,STD11_ART,ART,HIS,History,Humanities,1,0,21,
GSEB,ENG,STD11_ART,ART,GEO,Geography,Humanities,1,0,22,
GSEB,ENG,STD11_ART,ART,POL,Political Science,Humanities,1,0,23,
GSEB,ENG,STD11_ART,ART,PSY,Psychology,Humanities,1,0,24,
GSEB,ENG,STD11_ART,ART,SOC,Sociology,Humanities,1,0,25,
GSEB,ENG,STD12_SCI,SCI,ENG,English,Language,1,0,1,
GSEB,ENG,STD12_SCI,SCI,PE,Physical Education,Co-curricular,1,0,10,
GSEB,ENG,STD12_SCI,SCI,PHY,Physics,Science,1,0,11,
GSEB,ENG,STD12_SCI,SCI,CHE,Chemistry,Science,1,0,12,
GSEB,ENG,STD12_SCI,SCI,BIO,Biology,Science,1,0,13,
GSEB,ENG,STD12_SCI,SCI,MATH_ADV,Advanced Mathematics,Science,1,0,14,
GSEB,ENG,STD12_SCI,SCI,IP,Informatics Practices,Elective,1,0,16,
GSEB,ENG,STD12_COM,COM,ENG,English,Language,1,0,1,
GSEB,ENG,STD12_COM,COM,PE,Physical Education,Co-curricular,1,0,10,
GSEB,ENG,STD12_COM,COM,MATH_ADV,Advanced Mathematics,Science,1,0,14,
GSEB,ENG,STD12_COM,COM,APP_MATH,Applied Mathematics,Commerce,1,0,15,
GSEB,ENG,STD12_COM,COM,IP,Informatics Practices,Elective,1,0,16,
GSEB,ENG,STD12_COM,COM,ACC,Accountancy,Commerce,1,0,17,
GSEB,ENG,STD12_COM,COM,BST,Business Studies,Commerce,1,0,18,
GSEB,ENG,STD12_COM,COM,ECO,Economics,Commerce,1,0,19,
GSEB,ENG,STD12_COM,COM,ENT,Entrepreneurship,Elective,1,0,20,
GSEB,ENG,STD12_ART,ART,ENG,English,Language,1,0,1,
GSEB,ENG,STD12_ART,ART,PE,Physical Education,Co-curricular,1,0,10,
GSEB,ENG,STD12_ART,ART,APP_MATH,Applied Mathematics,Commerce,1,0,15,
GSEB,ENG,STD12_ART,ART,IP,Informatics Practices,Elective,1,0,16,
GSEB,ENG,STD12_ART,ART,HIS,History,Humanities,1,0,21,
GSEB,ENG,STD12_ART,ART,GEO,Geography,Humanities,1,0,22,
GSEB,ENG,STD12_ART,ART,POL,Political Science,Humanities,1,0,23,
GSEB,ENG,STD12_ART,ART,PSY,Psychology,Humanities,1,0,24,
GSEB,ENG,STD12_ART,ART,SOC,Sociology,Humanities,1,0,25,
GSEB,ENG,ITI_ELEC,VOC_IND,ENG_DRAW,Engineering Drawing,Vocational,1,0,26,
GSEB,ENG,ITI_ELEC,VOC_IND,WORK_PRAC,Workshop Practice,Vocational,1,0,27,
GSEB,ENG,ITI_ELEC,VOC_IND,ELEC_THEORY,Electrician Theory,Vocational,1,0,28,
GSEB,ENG,ITI_ELEC,VOC_IND,FIT_THEORY,Fitter Theory,Vocational,1,0,29,
GSEB,ENG,ITI_FIT,VOC_IND,ENG_DRAW,Engineering Drawing,Vocational,1,0,26,
GSEB,ENG,ITI_FIT,VOC_IND,WORK_PRAC,Workshop Practice,Vocational,1,0,27,
GSEB,ENG,ITI_FIT,VOC_IND,ELEC_THEORY,Electrician Theory,Vocational,1,0,28,
GSEB,ENG,ITI_FIT,VOC_IND,FIT_THEORY,Fitter Theory,Vocational,1,0,29,
GSEB,ENG,POLY_ME_Y1,ENG,ENG_DRAW,Engineering Drawing,Vocational,1,0,26,
GSEB,ENG,POLY_ME_Y1,ENG,WORK_PRAC,Workshop Practice,Vocational,1,0,27,
GSEB,ENG,POLY_ME_Y2,ENG,ENG_DRAW,Engineering Drawing,Vocational,1,0,26,
GSEB,ENG,POLY_ME_Y2,ENG,WORK_PRAC,Workshop Practice,Vocational,1,0,27,
GSEB,ENG,POLY_ME_Y3,ENG,ENG_DRAW,Engineering Drawing,Vocational,1,0,26,
GSEB,ENG,POLY_ME_Y3,ENG,WORK_PRAC,Workshop Practice,Vocational,1,0,27,
GSEB,ENG,POLY_CE_Y1,ENG,ENG_DRAW,Engineering Drawing,Vocational,1,0,26,
GSEB,ENG,POLY_CE_Y1,ENG,WORK_PRAC,Workshop Practice,Vocational,1,0,27,
GSEB,ENG,POLY_CE_Y2,ENG,ENG_DRAW,Engineering Drawing,Vocational,1,0,26,
GSEB,ENG,POLY_CE_Y2,ENG,WORK_PRAC,Workshop Practice,Vocational,1,0,27,
GSEB,ENG,POLY_CE_Y3,ENG,ENG_DRAW,Engineering Drawing,Vocational,1,0,26,
GSEB,ENG,POLY_CE_Y3,ENG,WORK_PRAC,Workshop Practice,Vocational,1,0,27,
GSEB,ENG,NUR_GNM_Y1,NUR,NUR_FND,Nursing Foundations,Nursing,1,0,43,
GSEB,ENG,NUR_GNM_Y2,NUR,NUR_FND,Nursing Foundations,Nursing,1,0,43,
GSEB,ENG,UNI_UG_CSE_Y1,ENG,DSA,Data Structures & Algorithms,Engineering,1,0,30,
GSEB,ENG,UNI_UG_CSE_Y1,ENG,DBMS,Database Management Systems,Engineering,1,0,31,
GSEB,ENG,UNI_UG_CSE_Y1,ENG,OS,Operating Systems,Engineering,1,0,32,
GSEB,ENG,UNI_UG_CSE_Y1,ENG,CN,Computer Networks,Engineering,1,0,33,
GSEB,ENG,UNI_UG_CSE_Y1,ENG,AI_ML,Artificial Intelligence & ML,Engineering,1,0,34,
GSEB,ENG,UNI_UG_CSE_Y1,ENG,SWE,Software Engineering,Engineering,1,0,35,
GSEB,ENG,UNI_UG_CSE_Y1,ENG,THERMO,Thermodynamics,Engineering,1,0,36,
GSEB,ENG,UNI_UG_CSE_Y1,ENG,CIRCUITS,Electronic Circuits,Engineering,1,0,37,
GSEB,ENG,UNI_UG_CSE_Y1,ENG,ANAT,Human Anatomy,Medical,1,0,38,
GSEB,ENG,UNI_UG_CSE_Y1,ENG,PHYS,Physiology,Medical,1,0,39,
GSEB,ENG,UNI_UG_CSE_Y1,ENG,PHARM,Pharmacology,Medical,1,0,40,
GSEB,ENG,UNI_UG_CSE_Y1,ENG,PATH,Pathology,Medical,1,0,41,
GSEB,ENG,UNI_UG_CSE_Y1,ENG,COM_MED,Community Medicine,Medical,1,0,42,
GSEB,ENG,UNI_UG_CSE_Y1,ENG,LAW_CON,Constitutional Law,Law,1,0,44,
GSEB,ENG,UNI_UG_CSE_Y1,ENG,LAW_IPC,Indian Penal Code,Law,1,0,45,
GSEB,ENG,UNI_UG_CSE_Y1,ENG,LAW_CONTR,Contract Law,Law,1,0,46,
GSEB,ENG,UNI_UG_CSE_Y1,ENG,JURIS,Jurisprudence,Law,1,0,47,
GSEB,ENG,UNI_UG_CSE_Y1,ENG,CORP_ACC,Corporate Accounting,Commerce,1,0,48,
GSEB,ENG,UNI_UG_CSE_Y1,ENG,FIN_MGT,Financial Management,Management,1,0,49,
GSEB,ENG,UNI_UG_CSE_Y1,ENG,MKT_MGT,Marketing Management,Management,1,0,50,
GSEB,ENG,UNI_UG_CSE_Y1,ENG,OB,Organizational Behavior,Management,1,0,51,
GSEB,ENG,UNI_UG_CSE_Y1,ENG,UI_UX,User Interface & Experience,Design,1,0,54,
GSEB,ENG,UNI_UG_CSE_Y1,ENG,TYPO,Typography,Design,1,0,55,
GSEB,ENG,UNI_UG_CSE_Y1,ENG,ARCH_DSN,Architectural Design,Architecture,1,0,56,
GSEB,ENG,UNI_UG_CSE_Y2,ENG,DSA,Data Structures & Algorithms,Engineering,1,0,30,
GSEB,ENG,UNI_UG_CSE_Y2,ENG,DBMS,Database Management Systems,Engineering,1,0,31,
GSEB,ENG,UNI_UG_CSE_Y2,ENG,OS,Operating Systems,Engineering,1,0,32,
GSEB,ENG,UNI_UG_CSE_Y2,ENG,CN,Computer Networks,Engineering,1,0,33,
GSEB,ENG,UNI_UG_CSE_Y2,ENG,AI_ML,Artificial Intelligence & ML,Engineering,1,0,34,
GSEB,ENG,UNI_UG_CSE_Y2,ENG,SWE,Software Engineering,Engineering,1,0,35,
GSEB,ENG,UNI_UG_CSE_Y2,ENG,THERMO,Thermodynamics,Engineering,1,0,36,
GSEB,ENG,UNI_UG_CSE_Y2,ENG,CIRCUITS,Electronic Circuits,Engineering,1,0,37,
GSEB,ENG,UNI_UG_CSE_Y2,ENG,ANAT,Human Anatomy,Medical,1,0,38,
GSEB,ENG,UNI_UG_CSE_Y2,ENG,PHYS,Physiology,Medical,1,0,39,
GSEB,ENG,UNI_UG_CSE_Y2,ENG,PHARM,Pharmacology,Medical,1,0,40,
GSEB,ENG,UNI_UG_CSE_Y2,ENG,PATH,Pathology,Medical,1,0,41,
GSEB,ENG,UNI_UG_CSE_Y2,ENG,COM_MED,Community Medicine,Medical,1,0,42,
GSEB,ENG,UNI_UG_CSE_Y2,ENG,LAW_CON,Constitutional Law,Law,1,0,44,
GSEB,ENG,UNI_UG_CSE_Y2,ENG,LAW_IPC,Indian Penal Code,Law,1,0,45,
GSEB,ENG,UNI_UG_CSE_Y2,ENG,LAW_CONTR,Contract Law,Law,1,0,46,
GSEB,ENG,UNI_UG_CSE_Y2,ENG,JURIS,Jurisprudence,Law,1,0,47,
GSEB,ENG,UNI_UG_CSE_Y2,ENG,CORP_ACC,Corporate Accounting,Commerce,1,0,48,
GSEB,ENG,UNI_UG_CSE_Y2,ENG,FIN_MGT,Financial Management,Management,1,0,49,
GSEB,ENG,UNI_UG_CSE_Y2,ENG,MKT_MGT,Marketing Management,Management,1,0,50,
GSEB,ENG,UNI_UG_CSE_Y2,ENG,OB,Organizational Behavior,Management,1,0,51,
GSEB,ENG,UNI_UG_CSE_Y2,ENG,UI_UX,User Interface & Experience,Design,1,0,54,
GSEB,ENG,UNI_UG_CSE_Y2,ENG,TYPO,Typography,Design,1,0,55,
GSEB,ENG,UNI_UG_CSE_Y2,ENG,ARCH_DSN,Architectural Design,Architecture,1,0,56,
GSEB,ENG,UNI_UG_CSE_Y3,ENG,DSA,Data Structures & Algorithms,Engineering,1,0,30,
GSEB,ENG,UNI_UG_CSE_Y3,ENG,DBMS,Database Management Systems,Engineering,1,0,31,
GSEB,ENG,UNI_UG_CSE_Y3,ENG,OS,Operating Systems,Engineering,1,0,32,
GSEB,ENG,UNI_UG_CSE_Y3,ENG,CN,Computer Networks,Engineering,1,0,33,
GSEB,ENG,UNI_UG_CSE_Y3,ENG,AI_ML,Artificial Intelligence & ML,Engineering,1,0,34,
GSEB,ENG,UNI_UG_CSE_Y3,ENG,SWE,Software Engineering,Engineering,1,0,35,
GSEB,ENG,UNI_UG_CSE_Y3,ENG,THERMO,Thermodynamics,Engineering,1,0,36,
GSEB,ENG,UNI_UG_CSE_Y3,ENG,CIRCUITS,Electronic Circuits,Engineering,1,0,37,
GSEB,ENG,UNI_UG_CSE_Y3,ENG,ANAT,Human Anatomy,Medical,1,0,38,
GSEB,ENG,UNI_UG_CSE_Y3,ENG,PHYS,Physiology,Medical,1,0,39,
GSEB,ENG,UNI_UG_CSE_Y3,ENG,PHARM,Pharmacology,Medical,1,0,40,
GSEB,ENG,UNI_UG_CSE_Y3,ENG,PATH,Pathology,Medical,1,0,41,
GSEB,ENG,UNI_UG_CSE_Y3,ENG,COM_MED,Community Medicine,Medical,1,0,42,
GSEB,ENG,UNI_UG_CSE_Y3,ENG,LAW_CON,Constitutional Law,Law,1,0,44,
GSEB,ENG,UNI_UG_CSE_Y3,ENG,LAW_IPC,Indian Penal Code,Law,1,0,45,
GSEB,ENG,UNI_UG_CSE_Y3,ENG,LAW_CONTR,Contract Law,Law,1,0,46,
GSEB,ENG,UNI_UG_CSE_Y3,ENG,JURIS,Jurisprudence,Law,1,0,47,
GSEB,ENG,UNI_UG_CSE_Y3,ENG,CORP_ACC,Corporate Accounting,Commerce,1,0,48,
GSEB,ENG,UNI_UG_CSE_Y3,ENG,FIN_MGT,Financial Management,Management,1,0,49,
GSEB,ENG,UNI_UG_CSE_Y3,ENG,MKT_MGT,Marketing Management,Management,1,0,50,
GSEB,ENG,UNI_UG_CSE_Y3,ENG,OB,Organizational Behavior,Management,1,0,51,
GSEB,ENG,UNI_UG_CSE_Y3,ENG,UI_UX,User Interface & Experience,Design,1,0,54,
GSEB,ENG,UNI_UG_CSE_Y3,ENG,TYPO,Typography,Design,1,0,55,
GSEB,ENG,UNI_UG_CSE_Y3,ENG,ARCH_DSN,Architectural Design,Architecture,1,0,56,
GSEB,ENG,UNI_UG_CSE_Y4,ENG,DSA,Data Structures & Algorithms,Engineering,1,0,30,
GSEB,ENG,UNI_UG_CSE_Y4,ENG,DBMS,Database Management Systems,Engineering,1,0,31,
GSEB,ENG,UNI_UG_CSE_Y4,ENG,OS,Operating Systems,Engineering,1,0,32,
GSEB,ENG,UNI_UG_CSE_Y4,ENG,CN,Computer Networks,Engineering,1,0,33,
GSEB,ENG,UNI_UG_CSE_Y4,ENG,AI_ML,Artificial Intelligence & ML,Engineering,1,0,34,
GSEB,ENG,UNI_UG_CSE_Y4,ENG,SWE,Software Engineering,Engineering,1,0,35,
GSEB,ENG,UNI_UG_CSE_Y4,ENG,THERMO,Thermodynamics,Engineering,1,0,36,
GSEB,ENG,UNI_UG_CSE_Y4,ENG,CIRCUITS,Electronic Circuits,Engineering,1,0,37,
GSEB,ENG,UNI_UG_CSE_Y4,ENG,ANAT,Human Anatomy,Medical,1,0,38,
GSEB,ENG,UNI_UG_CSE_Y4,ENG,PHYS,Physiology,Medical,1,0,39,
GSEB,ENG,UNI_UG_CSE_Y4,ENG,PHARM,Pharmacology,Medical,1,0,40,
GSEB,ENG,UNI_UG_CSE_Y4,ENG,PATH,Pathology,Medical,1,0,41,
GSEB,ENG,UNI_UG_CSE_Y4,ENG,COM_MED,Community Medicine,Medical,1,0,42,
GSEB,ENG,UNI_UG_CSE_Y4,ENG,LAW_CON,Constitutional Law,Law,1,0,44,
GSEB,ENG,UNI_UG_CSE_Y4,ENG,LAW_IPC,Indian Penal Code,Law,1,0,45,
GSEB,ENG,UNI_UG_CSE_Y4,ENG,LAW_CONTR,Contract Law,Law,1,0,46,
GSEB,ENG,UNI_UG_CSE_Y4,ENG,JURIS,Jurisprudence,Law,1,0,47,
GSEB,ENG,UNI_UG_CSE_Y4,ENG,CORP_ACC,Corporate Accounting,Commerce,1,0,48,
GSEB,ENG,UNI_UG_CSE_Y4,ENG,FIN_MGT,Financial Management,Management,1,0,49,
GSEB,ENG,UNI_UG_CSE_Y4,ENG,MKT_MGT,Marketing Management,Management,1,0,50,
GSEB,ENG,UNI_UG_CSE_Y4,ENG,OB,Organizational Behavior,Management,1,0,51,
GSEB,ENG,UNI_UG_CSE_Y4,ENG,UI_UX,User Interface & Experience,Design,1,0,54,
GSEB,ENG,UNI_UG_CSE_Y4,ENG,TYPO,Typography,Design,1,0,55,
GSEB,ENG,UNI_UG_CSE_Y4,ENG,ARCH_DSN,Architectural Design,Architecture,1,0,56,
GSEB,ENG,UNI_UG_DS_Y1,SCI,DSA,Data Structures & Algorithms,Engineering,1,0,30,
GSEB,ENG,UNI_UG_DS_Y1,SCI,DBMS,Database Management Systems,Engineering,1,0,31,
GSEB,ENG,UNI_UG_DS_Y1,SCI,OS,Operating Systems,Engineering,1,0,32,
GSEB,ENG,UNI_UG_DS_Y1,SCI,CN,Computer Networks,Engineering,1,0,33,
GSEB,ENG,UNI_UG_DS_Y1,SCI,AI_ML,Artificial Intelligence & ML,Engineering,1,0,34,
GSEB,ENG,UNI_UG_DS_Y1,SCI,SWE,Software Engineering,Engineering,1,0,35,
GSEB,ENG,UNI_UG_DS_Y1,SCI,THERMO,Thermodynamics,Engineering,1,0,36,
GSEB,ENG,UNI_UG_DS_Y1,SCI,CIRCUITS,Electronic Circuits,Engineering,1,0,37,
GSEB,ENG,UNI_UG_DS_Y1,SCI,ANAT,Human Anatomy,Medical,1,0,38,
GSEB,ENG,UNI_UG_DS_Y1,SCI,PHYS,Physiology,Medical,1,0,39,
GSEB,ENG,UNI_UG_DS_Y1,SCI,PHARM,Pharmacology,Medical,1,0,40,
GSEB,ENG,UNI_UG_DS_Y1,SCI,PATH,Pathology,Medical,1,0,41,
GSEB,ENG,UNI_UG_DS_Y1,SCI,COM_MED,Community Medicine,Medical,1,0,42,
GSEB,ENG,UNI_UG_DS_Y1,SCI,LAW_CON,Constitutional Law,Law,1,0,44,
GSEB,ENG,UNI_UG_DS_Y1,SCI,LAW_IPC,Indian Penal Code,Law,1,0,45,
GSEB,ENG,UNI_UG_DS_Y1,SCI,LAW_CONTR,Contract Law,Law,1,0,46,
GSEB,ENG,UNI_UG_DS_Y1,SCI,JURIS,Jurisprudence,Law,1,0,47,
GSEB,ENG,UNI_UG_DS_Y1,SCI,CORP_ACC,Corporate Accounting,Commerce,1,0,48,
GSEB,ENG,UNI_UG_DS_Y1,SCI,FIN_MGT,Financial Management,Management,1,0,49,
GSEB,ENG,UNI_UG_DS_Y1,SCI,MKT_MGT,Marketing Management,Management,1,0,50,
GSEB,ENG,UNI_UG_DS_Y1,SCI,OB,Organizational Behavior,Management,1,0,51,
GSEB,ENG,UNI_UG_DS_Y1,SCI,UI_UX,User Interface & Experience,Design,1,0,54,
GSEB,ENG,UNI_UG_DS_Y1,SCI,TYPO,Typography,Design,1,0,55,
GSEB,ENG,UNI_UG_DS_Y1,SCI,ARCH_DSN,Architectural Design,Architecture,1,0,56,
GSEB,ENG,UNI_UG_DS_Y2,SCI,DSA,Data Structures & Algorithms,Engineering,1,0,30,
GSEB,ENG,UNI_UG_DS_Y2,SCI,DBMS,Database Management Systems,Engineering,1,0,31,
GSEB,ENG,UNI_UG_DS_Y2,SCI,OS,Operating Systems,Engineering,1,0,32,
GSEB,ENG,UNI_UG_DS_Y2,SCI,CN,Computer Networks,Engineering,1,0,33,
GSEB,ENG,UNI_UG_DS_Y2,SCI,AI_ML,Artificial Intelligence & ML,Engineering,1,0,34,
GSEB,ENG,UNI_UG_DS_Y2,SCI,SWE,Software Engineering,Engineering,1,0,35,
GSEB,ENG,UNI_UG_DS_Y2,SCI,THERMO,Thermodynamics,Engineering,1,0,36,
GSEB,ENG,UNI_UG_DS_Y2,SCI,CIRCUITS,Electronic Circuits,Engineering,1,0,37,
GSEB,ENG,UNI_UG_DS_Y2,SCI,ANAT,Human Anatomy,Medical,1,0,38,
GSEB,ENG,UNI_UG_DS_Y2,SCI,PHYS,Physiology,Medical,1,0,39,
GSEB,ENG,UNI_UG_DS_Y2,SCI,PHARM,Pharmacology,Medical,1,0,40,
GSEB,ENG,UNI_UG_DS_Y2,SCI,PATH,Pathology,Medical,1,0,41,
GSEB,ENG,UNI_UG_DS_Y2,SCI,COM_MED,Community Medicine,Medical,1,0,42,
GSEB,ENG,UNI_UG_DS_Y2,SCI,LAW_CON,Constitutional Law,Law,1,0,44,
GSEB,ENG,UNI_UG_DS_Y2,SCI,LAW_IPC,Indian Penal Code,Law,1,0,45,
GSEB,ENG,UNI_UG_DS_Y2,SCI,LAW_CONTR,Contract Law,Law,1,0,46,
GSEB,ENG,UNI_UG_DS_Y2,SCI,JURIS,Jurisprudence,Law,1,0,47,
GSEB,ENG,UNI_UG_DS_Y2,SCI,CORP_ACC,Corporate Accounting,Commerce,1,0,48,
GSEB,ENG,UNI_UG_DS_Y2,SCI,FIN_MGT,Financial Management,Management,1,0,49,
GSEB,ENG,UNI_UG_DS_Y2,SCI,MKT_MGT,Marketing Management,Management,1,0,50,
GSEB,ENG,UNI_UG_DS_Y2,SCI,OB,Organizational Behavior,Management,1,0,51,
GSEB,ENG,UNI_UG_DS_Y2,SCI,UI_UX,User Interface & Experience,Design,1,0,54,
GSEB,ENG,UNI_UG_DS_Y2,SCI,TYPO,Typography,Design,1,0,55,
GSEB,ENG,UNI_UG_DS_Y2,SCI,ARCH_DSN,Architectural Design,Architecture,1,0,56,
GSEB,ENG,UNI_UG_DS_Y3,SCI,DSA,Data Structures & Algorithms,Engineering,1,0,30,
GSEB,ENG,UNI_UG_DS_Y3,SCI,DBMS,Database Management Systems,Engineering,1,0,31,
GSEB,ENG,UNI_UG_DS_Y3,SCI,OS,Operating Systems,Engineering,1,0,32,
GSEB,ENG,UNI_UG_DS_Y3,SCI,CN,Computer Networks,Engineering,1,0,33,
GSEB,ENG,UNI_UG_DS_Y3,SCI,AI_ML,Artificial Intelligence & ML,Engineering,1,0,34,
GSEB,ENG,UNI_UG_DS_Y3,SCI,SWE,Software Engineering,Engineering,1,0,35,
GSEB,ENG,UNI_UG_DS_Y3,SCI,THERMO,Thermodynamics,Engineering,1,0,36,
GSEB,ENG,UNI_UG_DS_Y3,SCI,CIRCUITS,Electronic Circuits,Engineering,1,0,37,
GSEB,ENG,UNI_UG_DS_Y3,SCI,ANAT,Human Anatomy,Medical,1,0,38,
GSEB,ENG,UNI_UG_DS_Y3,SCI,PHYS,Physiology,Medical,1,0,39,
GSEB,ENG,UNI_UG_DS_Y3,SCI,PHARM,Pharmacology,Medical,1,0,40,
GSEB,ENG,UNI_UG_DS_Y3,SCI,PATH,Pathology,Medical,1,0,41,
GSEB,ENG,UNI_UG_DS_Y3,SCI,COM_MED,Community Medicine,Medical,1,0,42,
GSEB,ENG,UNI_UG_DS_Y3,SCI,LAW_CON,Constitutional Law,Law,1,0,44,
GSEB,ENG,UNI_UG_DS_Y3,SCI,LAW_IPC,Indian Penal Code,Law,1,0,45,
GSEB,ENG,UNI_UG_DS_Y3,SCI,LAW_CONTR,Contract Law,Law,1,0,46,
GSEB,ENG,UNI_UG_DS_Y3,SCI,JURIS,Jurisprudence,Law,1,0,47,
GSEB,ENG,UNI_UG_DS_Y3,SCI,CORP_ACC,Corporate Accounting,Commerce,1,0,48,
GSEB,ENG,UNI_UG_DS_Y3,SCI,FIN_MGT,Financial Management,Management,1,0,49,
GSEB,ENG,UNI_UG_DS_Y3,SCI,MKT_MGT,Marketing Management,Management,1,0,50,
GSEB,ENG,UNI_UG_DS_Y3,SCI,OB,Organizational Behavior,Management,1,0,51,
GSEB,ENG,UNI_UG_DS_Y3,SCI,UI_UX,User Interface & Experience,Design,1,0,54,
GSEB,ENG,UNI_UG_DS_Y3,SCI,TYPO,Typography,Design,1,0,55,
GSEB,ENG,UNI_UG_DS_Y3,SCI,ARCH_DSN,Architectural Design,Architecture,1,0,56,
GSEB,ENG,UNI_UG_UX_Y1,DES,DSA,Data Structures & Algorithms,Engineering,1,0,30,
GSEB,ENG,UNI_UG_UX_Y1,DES,DBMS,Database Management Systems,Engineering,1,0,31,
GSEB,ENG,UNI_UG_UX_Y1,DES,OS,Operating Systems,Engineering,1,0,32,
GSEB,ENG,UNI_UG_UX_Y1,DES,CN,Computer Networks,Engineering,1,0,33,
GSEB,ENG,UNI_UG_UX_Y1,DES,AI_ML,Artificial Intelligence & ML,Engineering,1,0,34,
GSEB,ENG,UNI_UG_UX_Y1,DES,SWE,Software Engineering,Engineering,1,0,35,
GSEB,ENG,UNI_UG_UX_Y1,DES,THERMO,Thermodynamics,Engineering,1,0,36,
GSEB,ENG,UNI_UG_UX_Y1,DES,CIRCUITS,Electronic Circuits,Engineering,1,0,37,
GSEB,ENG,UNI_UG_UX_Y1,DES,ANAT,Human Anatomy,Medical,1,0,38,
GSEB,ENG,UNI_UG_UX_Y1,DES,PHYS,Physiology,Medical,1,0,39,
GSEB,ENG,UNI_UG_UX_Y1,DES,PHARM,Pharmacology,Medical,1,0,40,
GSEB,ENG,UNI_UG_UX_Y1,DES,PATH,Pathology,Medical,1,0,41,
GSEB,ENG,UNI_UG_UX_Y1,DES,COM_MED,Community Medicine,Medical,1,0,42,
GSEB,ENG,UNI_UG_UX_Y1,DES,LAW_CON,Constitutional Law,Law,1,0,44,
GSEB,ENG,UNI_UG_UX_Y1,DES,LAW_IPC,Indian Penal Code,Law,1,0,45,
GSEB,ENG,UNI_UG_UX_Y1,DES,LAW_CONTR,Contract Law,Law,1,0,46,
GSEB,ENG,UNI_UG_UX_Y1,DES,JURIS,Jurisprudence,Law,1,0,47,
GSEB,ENG,UNI_UG_UX_Y1,DES,CORP_ACC,Corporate Accounting,Commerce,1,0,48,
GSEB,ENG,UNI_UG_UX_Y1,DES,FIN_MGT,Financial Management,Management,1,0,49,
GSEB,ENG,UNI_UG_UX_Y1,DES,MKT_MGT,Marketing Management,Management,1,0,50,
GSEB,ENG,UNI_UG_UX_Y1,DES,OB,Organizational Behavior,Management,1,0,51,
GSEB,ENG,UNI_UG_UX_Y1,DES,UI_UX,User Interface & Experience,Design,1,0,54,
GSEB,ENG,UNI_UG_UX_Y1,DES,TYPO,Typography,Design,1,0,55,
GSEB,ENG,UNI_UG_UX_Y1,DES,ARCH_DSN,Architectural Design,Architecture,1,0,56,
GSEB,ENG,UNI_UG_UX_Y2,DES,DSA,Data Structures & Algorithms,Engineering,1,0,30,
GSEB,ENG,UNI_UG_UX_Y2,DES,DBMS,Database Management Systems,Engineering,1,0,31,
GSEB,ENG,UNI_UG_UX_Y2,DES,OS,Operating Systems,Engineering,1,0,32,
GSEB,ENG,UNI_UG_UX_Y2,DES,CN,Computer Networks,Engineering,1,0,33,
GSEB,ENG,UNI_UG_UX_Y2,DES,AI_ML,Artificial Intelligence & ML,Engineering,1,0,34,
GSEB,ENG,UNI_UG_UX_Y2,DES,SWE,Software Engineering,Engineering,1,0,35,
GSEB,ENG,UNI_UG_UX_Y2,DES,THERMO,Thermodynamics,Engineering,1,0,36,
GSEB,ENG,UNI_UG_UX_Y2,DES,CIRCUITS,Electronic Circuits,Engineering,1,0,37,
GSEB,ENG,UNI_UG_UX_Y2,DES,ANAT,Human Anatomy,Medical,1,0,38,
GSEB,ENG,UNI_UG_UX_Y2,DES,PHYS,Physiology,Medical,1,0,39,
GSEB,ENG,UNI_UG_UX_Y2,DES,PHARM,Pharmacology,Medical,1,0,40,
GSEB,ENG,UNI_UG_UX_Y2,DES,PATH,Pathology,Medical,1,0,41,
GSEB,ENG,UNI_UG_UX_Y2,DES,COM_MED,Community Medicine,Medical,1,0,42,
GSEB,ENG,UNI_UG_UX_Y2,DES,LAW_CON,Constitutional Law,Law,1,0,44,
GSEB,ENG,UNI_UG_UX_Y2,DES,LAW_IPC,Indian Penal Code,Law,1,0,45,
GSEB,ENG,UNI_UG_UX_Y2,DES,LAW_CONTR,Contract Law,Law,1,0,46,
GSEB,ENG,UNI_UG_UX_Y2,DES,JURIS,Jurisprudence,Law,1,0,47,
GSEB,ENG,UNI_UG_UX_Y2,DES,CORP_ACC,Corporate Accounting,Commerce,1,0,48,
GSEB,ENG,UNI_UG_UX_Y2,DES,FIN_MGT,Financial Management,Management,1,0,49,
GSEB,ENG,UNI_UG_UX_Y2,DES,MKT_MGT,Marketing Management,Management,1,0,50,
GSEB,ENG,UNI_UG_UX_Y2,DES,OB,Organizational Behavior,Management,1,0,51,
GSEB,ENG,UNI_UG_UX_Y2,DES,UI_UX,User Interface & Experience,Design,1,0,54,
GSEB,ENG,UNI_UG_UX_Y2,DES,TYPO,Typography,Design,1,0,55,
GSEB,ENG,UNI_UG_UX_Y2,DES,ARCH_DSN,Architectural Design,Architecture,1,0,56,
GSEB,ENG,UNI_UG_UX_Y3,DES,DSA,Data Structures & Algorithms,Engineering,1,0,30,
GSEB,ENG,UNI_UG_UX_Y3,DES,DBMS,Database Management Systems,Engineering,1,0,31,
GSEB,ENG,UNI_UG_UX_Y3,DES,OS,Operating Systems,Engineering,1,0,32,
GSEB,ENG,UNI_UG_UX_Y3,DES,CN,Computer Networks,Engineering,1,0,33,
GSEB,ENG,UNI_UG_UX_Y3,DES,AI_ML,Artificial Intelligence & ML,Engineering,1,0,34,
GSEB,ENG,UNI_UG_UX_Y3,DES,SWE,Software Engineering,Engineering,1,0,35,
GSEB,ENG,UNI_UG_UX_Y3,DES,THERMO,Thermodynamics,Engineering,1,0,36,
GSEB,ENG,UNI_UG_UX_Y3,DES,CIRCUITS,Electronic Circuits,Engineering,1,0,37,
GSEB,ENG,UNI_UG_UX_Y3,DES,ANAT,Human Anatomy,Medical,1,0,38,
GSEB,ENG,UNI_UG_UX_Y3,DES,PHYS,Physiology,Medical,1,0,39,
GSEB,ENG,UNI_UG_UX_Y3,DES,PHARM,Pharmacology,Medical,1,0,40,
GSEB,ENG,UNI_UG_UX_Y3,DES,PATH,Pathology,Medical,1,0,41,
GSEB,ENG,UNI_UG_UX_Y3,DES,COM_MED,Community Medicine,Medical,1,0,42,
GSEB,ENG,UNI_UG_UX_Y3,DES,LAW_CON,Constitutional Law,Law,1,0,44,
GSEB,ENG,UNI_UG_UX_Y3,DES,LAW_IPC,Indian Penal Code,Law,1,0,45,
GSEB,ENG,UNI_UG_UX_Y3,DES,LAW_CONTR,Contract Law,Law,1,0,46,
GSEB,ENG,UNI_UG_UX_Y3,DES,JURIS,Jurisprudence,Law,1,0,47,
GSEB,ENG,UNI_UG_UX_Y3,DES,CORP_ACC,Corporate Accounting,Commerce,1,0,48,
GSEB,ENG,UNI_UG_UX_Y3,DES,FIN_MGT,Financial Management,Management,1,0,49,
GSEB,ENG,UNI_UG_UX_Y3,DES,MKT_MGT,Marketing Management,Management,1,0,50,
GSEB,ENG,UNI_UG_UX_Y3,DES,OB,Organizational Behavior,Management,1,0,51,
GSEB,ENG,UNI_UG_UX_Y3,DES,UI_UX,User Interface & Experience,Design,1,0,54,
GSEB,ENG,UNI_UG_UX_Y3,DES,TYPO,Typography,Design,1,0,55,
GSEB,ENG,UNI_UG_UX_Y3,DES,ARCH_DSN,Architectural Design,Architecture,1,0,56,
GSEB,ENG,UNI_UG_UX_Y4,DES,DSA,Data Structures & Algorithms,Engineering,1,0,30,
GSEB,ENG,UNI_UG_UX_Y4,DES,DBMS,Database Management Systems,Engineering,1,0,31,
GSEB,ENG,UNI_UG_UX_Y4,DES,OS,Operating Systems,Engineering,1,0,32,
GSEB,ENG,UNI_UG_UX_Y4,DES,CN,Computer Networks,Engineering,1,0,33,
GSEB,ENG,UNI_UG_UX_Y4,DES,AI_ML,Artificial Intelligence & ML,Engineering,1,0,34,
GSEB,ENG,UNI_UG_UX_Y4,DES,SWE,Software Engineering,Engineering,1,0,35,
GSEB,ENG,UNI_UG_UX_Y4,DES,THERMO,Thermodynamics,Engineering,1,0,36,
GSEB,ENG,UNI_UG_UX_Y4,DES,CIRCUITS,Electronic Circuits,Engineering,1,0,37,
GSEB,ENG,UNI_UG_UX_Y4,DES,ANAT,Human Anatomy,Medical,1,0,38,
GSEB,ENG,UNI_UG_UX_Y4,DES,PHYS,Physiology,Medical,1,0,39,
GSEB,ENG,UNI_UG_UX_Y4,DES,PHARM,Pharmacology,Medical,1,0,40,
GSEB,ENG,UNI_UG_UX_Y4,DES,PATH,Pathology,Medical,1,0,41,
GSEB,ENG,UNI_UG_UX_Y4,DES,COM_MED,Community Medicine,Medical,1,0,42,
GSEB,ENG,UNI_UG_UX_Y4,DES,LAW_CON,Constitutional Law,Law,1,0,44,
GSEB,ENG,UNI_UG_UX_Y4,DES,LAW_IPC,Indian Penal Code,Law,1,0,45,
GSEB,ENG,UNI_UG_UX_Y4,DES,LAW_CONTR,Contract Law,Law,1,0,46,
GSEB,ENG,UNI_UG_UX_Y4,DES,JURIS,Jurisprudence,Law,1,0,47,
GSEB,ENG,UNI_UG_UX_Y4,DES,CORP_ACC,Corporate Accounting,Commerce,1,0,48,
GSEB,ENG,UNI_UG_UX_Y4,DES,FIN_MGT,Financial Management,Management,1,0,49,
GSEB,ENG,UNI_UG_UX_Y4,DES,MKT_MGT,Marketing Management,Management,1,0,50,
GSEB,ENG,UNI_UG_UX_Y4,DES,OB,Organizational Behavior,Management,1,0,51,
GSEB,ENG,UNI_UG_UX_Y4,DES,UI_UX,User Interface & Experience,Design,1,0,54,
GSEB,ENG,UNI_UG_UX_Y4,DES,TYPO,Typography,Design,1,0,55,
GSEB,ENG,UNI_UG_UX_Y4,DES,ARCH_DSN,Architectural Design,Architecture,1,0,56,
GSEB,ENG,UNI_UG_LAW_Y1,LAW,DSA,Data Structures & Algorithms,Engineering,1,0,30,
GSEB,ENG,UNI_UG_LAW_Y1,LAW,DBMS,Database Management Systems,Engineering,1,0,31,
GSEB,ENG,UNI_UG_LAW_Y1,LAW,OS,Operating Systems,Engineering,1,0,32,
GSEB,ENG,UNI_UG_LAW_Y1,LAW,CN,Computer Networks,Engineering,1,0,33,
GSEB,ENG,UNI_UG_LAW_Y1,LAW,AI_ML,Artificial Intelligence & ML,Engineering,1,0,34,
GSEB,ENG,UNI_UG_LAW_Y1,LAW,SWE,Software Engineering,Engineering,1,0,35,
GSEB,ENG,UNI_UG_LAW_Y1,LAW,THERMO,Thermodynamics,Engineering,1,0,36,
GSEB,ENG,UNI_UG_LAW_Y1,LAW,CIRCUITS,Electronic Circuits,Engineering,1,0,37,
GSEB,ENG,UNI_UG_LAW_Y1,LAW,ANAT,Human Anatomy,Medical,1,0,38,
GSEB,ENG,UNI_UG_LAW_Y1,LAW,PHYS,Physiology,Medical,1,0,39,
GSEB,ENG,UNI_UG_LAW_Y1,LAW,PHARM,Pharmacology,Medical,1,0,40,
GSEB,ENG,UNI_UG_LAW_Y1,LAW,PATH,Pathology,Medical,1,0,41,
GSEB,ENG,UNI_UG_LAW_Y1,LAW,COM_MED,Community Medicine,Medical,1,0,42,
GSEB,ENG,UNI_UG_LAW_Y1,LAW,LAW_CON,Constitutional Law,Law,1,0,44,
GSEB,ENG,UNI_UG_LAW_Y1,LAW,LAW_IPC,Indian Penal Code,Law,1,0,45,
GSEB,ENG,UNI_UG_LAW_Y1,LAW,LAW_CONTR,Contract Law,Law,1,0,46,
GSEB,ENG,UNI_UG_LAW_Y1,LAW,JURIS,Jurisprudence,Law,1,0,47,
GSEB,ENG,UNI_UG_LAW_Y1,LAW,CORP_ACC,Corporate Accounting,Commerce,1,0,48,
GSEB,ENG,UNI_UG_LAW_Y1,LAW,FIN_MGT,Financial Management,Management,1,0,49,
GSEB,ENG,UNI_UG_LAW_Y1,LAW,MKT_MGT,Marketing Management,Management,1,0,50,
GSEB,ENG,UNI_UG_LAW_Y1,LAW,OB,Organizational Behavior,Management,1,0,51,
GSEB,ENG,UNI_UG_LAW_Y1,LAW,UI_UX,User Interface & Experience,Design,1,0,54,
GSEB,ENG,UNI_UG_LAW_Y1,LAW,TYPO,Typography,Design,1,0,55,
GSEB,ENG,UNI_UG_LAW_Y1,LAW,ARCH_DSN,Architectural Design,Architecture,1,0,56,
GSEB,ENG,UNI_UG_LAW_Y5,LAW,DSA,Data Structures & Algorithms,Engineering,1,0,30,
GSEB,ENG,UNI_UG_LAW_Y5,LAW,DBMS,Database Management Systems,Engineering,1,0,31,
GSEB,ENG,UNI_UG_LAW_Y5,LAW,OS,Operating Systems,Engineering,1,0,32,
GSEB,ENG,UNI_UG_LAW_Y5,LAW,CN,Computer Networks,Engineering,1,0,33,
GSEB,ENG,UNI_UG_LAW_Y5,LAW,AI_ML,Artificial Intelligence & ML,Engineering,1,0,34,
GSEB,ENG,UNI_UG_LAW_Y5,LAW,SWE,Software Engineering,Engineering,1,0,35,
GSEB,ENG,UNI_UG_LAW_Y5,LAW,THERMO,Thermodynamics,Engineering,1,0,36,
GSEB,ENG,UNI_UG_LAW_Y5,LAW,CIRCUITS,Electronic Circuits,Engineering,1,0,37,
GSEB,ENG,UNI_UG_LAW_Y5,LAW,ANAT,Human Anatomy,Medical,1,0,38,
GSEB,ENG,UNI_UG_LAW_Y5,LAW,PHYS,Physiology,Medical,1,0,39,
GSEB,ENG,UNI_UG_LAW_Y5,LAW,PHARM,Pharmacology,Medical,1,0,40,
GSEB,ENG,UNI_UG_LAW_Y5,LAW,PATH,Pathology,Medical,1,0,41,
GSEB,ENG,UNI_UG_LAW_Y5,LAW,COM_MED,Community Medicine,Medical,1,0,42,
GSEB,ENG,UNI_UG_LAW_Y5,LAW,LAW_CON,Constitutional Law,Law,1,0,44,
GSEB,ENG,UNI_UG_LAW_Y5,LAW,LAW_IPC,Indian Penal Code,Law,1,0,45,
GSEB,ENG,UNI_UG_LAW_Y5,LAW,LAW_CONTR,Contract Law,Law,1,0,46,
GSEB,ENG,UNI_UG_LAW_Y5,LAW,JURIS,Jurisprudence,Law,1,0,47,
GSEB,ENG,UNI_UG_LAW_Y5,LAW,CORP_ACC,Corporate Accounting,Commerce,1,0,48,
GSEB,ENG,UNI_UG_LAW_Y5,LAW,FIN_MGT,Financial Management,Management,1,0,49,
GSEB,ENG,UNI_UG_LAW_Y5,LAW,MKT_MGT,Marketing Management,Management,1,0,50,
GSEB,ENG,UNI_UG_LAW_Y5,LAW,OB,Organizational Behavior,Management,1,0,51,
GSEB,ENG,UNI_UG_LAW_Y5,LAW,UI_UX,User Interface & Experience,Design,1,0,54,
GSEB,ENG,UNI_UG_LAW_Y5,LAW,TYPO,Typography,Design,1,0,55,
GSEB,ENG,UNI_UG_LAW_Y5,LAW,ARCH_DSN,Architectural Design,Architecture,1,0,56,
GSEB,ENG,UNI_UG_MED_Y1,MED,DSA,Data Structures & Algorithms,Engineering,1,0,30,
GSEB,ENG,UNI_UG_MED_Y1,MED,DBMS,Database Management Systems,Engineering,1,0,31,
GSEB,ENG,UNI_UG_MED_Y1,MED,OS,Operating Systems,Engineering,1,0,32,
GSEB,ENG,UNI_UG_MED_Y1,MED,CN,Computer Networks,Engineering,1,0,33,
GSEB,ENG,UNI_UG_MED_Y1,MED,AI_ML,Artificial Intelligence & ML,Engineering,1,0,34,
GSEB,ENG,UNI_UG_MED_Y1,MED,SWE,Software Engineering,Engineering,1,0,35,
GSEB,ENG,UNI_UG_MED_Y1,MED,THERMO,Thermodynamics,Engineering,1,0,36,
GSEB,ENG,UNI_UG_MED_Y1,MED,CIRCUITS,Electronic Circuits,Engineering,1,0,37,
GSEB,ENG,UNI_UG_MED_Y1,MED,ANAT,Human Anatomy,Medical,1,0,38,
GSEB,ENG,UNI_UG_MED_Y1,MED,PHYS,Physiology,Medical,1,0,39,
GSEB,ENG,UNI_UG_MED_Y1,MED,PHARM,Pharmacology,Medical,1,0,40,
GSEB,ENG,UNI_UG_MED_Y1,MED,PATH,Pathology,Medical,1,0,41,
GSEB,ENG,UNI_UG_MED_Y1,MED,COM_MED,Community Medicine,Medical,1,0,42,
GSEB,ENG,UNI_UG_MED_Y1,MED,LAW_CON,Constitutional Law,Law,1,0,44,
GSEB,ENG,UNI_UG_MED_Y1,MED,LAW_IPC,Indian Penal Code,Law,1,0,45,
GSEB,ENG,UNI_UG_MED_Y1,MED,LAW_CONTR,Contract Law,Law,1,0,46,
GSEB,ENG,UNI_UG_MED_Y1,MED,JURIS,Jurisprudence,Law,1,0,47,
GSEB,ENG,UNI_UG_MED_Y1,MED,CORP_ACC,Corporate Accounting,Commerce,1,0,48,
GSEB,ENG,UNI_UG_MED_Y1,MED,FIN_MGT,Financial Management,Management,1,0,49,
GSEB,ENG,UNI_UG_MED_Y1,MED,MKT_MGT,Marketing Management,Management,1,0,50,
GSEB,ENG,UNI_UG_MED_Y1,MED,OB,Organizational Behavior,Management,1,0,51,
GSEB,ENG,UNI_UG_MED_Y1,MED,UI_UX,User Interface & Experience,Design,1,0,54,
GSEB,ENG,UNI_UG_MED_Y1,MED,TYPO,Typography,Design,1,0,55,
GSEB,ENG,UNI_UG_MED_Y1,MED,ARCH_DSN,Architectural Design,Architecture,1,0,56,
GSEB,ENG,UNI_UG_MED_Y2,MED,DSA,Data Structures & Algorithms,Engineering,1,0,30,
GSEB,ENG,UNI_UG_MED_Y2,MED,DBMS,Database Management Systems,Engineering,1,0,31,
GSEB,ENG,UNI_UG_MED_Y2,MED,OS,Operating Systems,Engineering,1,0,32,
GSEB,ENG,UNI_UG_MED_Y2,MED,CN,Computer Networks,Engineering,1,0,33,
GSEB,ENG,UNI_UG_MED_Y2,MED,AI_ML,Artificial Intelligence & ML,Engineering,1,0,34,
GSEB,ENG,UNI_UG_MED_Y2,MED,SWE,Software Engineering,Engineering,1,0,35,
GSEB,ENG,UNI_UG_MED_Y2,MED,THERMO,Thermodynamics,Engineering,1,0,36,
GSEB,ENG,UNI_UG_MED_Y2,MED,CIRCUITS,Electronic Circuits,Engineering,1,0,37,
GSEB,ENG,UNI_UG_MED_Y2,MED,ANAT,Human Anatomy,Medical,1,0,38,
GSEB,ENG,UNI_UG_MED_Y2,MED,PHYS,Physiology,Medical,1,0,39,
GSEB,ENG,UNI_UG_MED_Y2,MED,PHARM,Pharmacology,Medical,1,0,40,
GSEB,ENG,UNI_UG_MED_Y2,MED,PATH,Pathology,Medical,1,0,41,
GSEB,ENG,UNI_UG_MED_Y2,MED,COM_MED,Community Medicine,Medical,1,0,42,
GSEB,ENG,UNI_UG_MED_Y2,MED,LAW_CON,Constitutional Law,Law,1,0,44,
GSEB,ENG,UNI_UG_MED_Y2,MED,LAW_IPC,Indian Penal Code,Law,1,0,45,
GSEB,ENG,UNI_UG_MED_Y2,MED,LAW_CONTR,Contract Law,Law,1,0,46,
GSEB,ENG,UNI_UG_MED_Y2,MED,JURIS,Jurisprudence,Law,1,0,47,
GSEB,ENG,UNI_UG_MED_Y2,MED,CORP_ACC,Corporate Accounting,Commerce,1,0,48,
GSEB,ENG,UNI_UG_MED_Y2,MED,FIN_MGT,Financial Management,Management,1,0,49,
GSEB,ENG,UNI_UG_MED_Y2,MED,MKT_MGT,Marketing Management,Management,1,0,50,
GSEB,ENG,UNI_UG_MED_Y2,MED,OB,Organizational Behavior,Management,1,0,51,
GSEB,ENG,UNI_UG_MED_Y2,MED,UI_UX,User Interface & Experience,Design,1,0,54,
GSEB,ENG,UNI_UG_MED_Y2,MED,TYPO,Typography,Design,1,0,55,
GSEB,ENG,UNI_UG_MED_Y2,MED,ARCH_DSN,Architectural Design,Architecture,1,0,56,
GSEB,ENG,UNI_UG_MED_Y3,MED,DSA,Data Structures & Algorithms,Engineering,1,0,30,
GSEB,ENG,UNI_UG_MED_Y3,MED,DBMS,Database Management Systems,Engineering,1,0,31,
GSEB,ENG,UNI_UG_MED_Y3,MED,OS,Operating Systems,Engineering,1,0,32,
GSEB,ENG,UNI_UG_MED_Y3,MED,CN,Computer Networks,Engineering,1,0,33,
GSEB,ENG,UNI_UG_MED_Y3,MED,AI_ML,Artificial Intelligence & ML,Engineering,1,0,34,
GSEB,ENG,UNI_UG_MED_Y3,MED,SWE,Software Engineering,Engineering,1,0,35,
GSEB,ENG,UNI_UG_MED_Y3,MED,THERMO,Thermodynamics,Engineering,1,0,36,
GSEB,ENG,UNI_UG_MED_Y3,MED,CIRCUITS,Electronic Circuits,Engineering,1,0,37,
GSEB,ENG,UNI_UG_MED_Y3,MED,ANAT,Human Anatomy,Medical,1,0,38,
GSEB,ENG,UNI_UG_MED_Y3,MED,PHYS,Physiology,Medical,1,0,39,
GSEB,ENG,UNI_UG_MED_Y3,MED,PHARM,Pharmacology,Medical,1,0,40,
GSEB,ENG,UNI_UG_MED_Y3,MED,PATH,Pathology,Medical,1,0,41,
GSEB,ENG,UNI_UG_MED_Y3,MED,COM_MED,Community Medicine,Medical,1,0,42,
GSEB,ENG,UNI_UG_MED_Y3,MED,LAW_CON,Constitutional Law,Law,1,0,44,
GSEB,ENG,UNI_UG_MED_Y3,MED,LAW_IPC,Indian Penal Code,Law,1,0,45,
GSEB,ENG,UNI_UG_MED_Y3,MED,LAW_CONTR,Contract Law,Law,1,0,46,
GSEB,ENG,UNI_UG_MED_Y3,MED,JURIS,Jurisprudence,Law,1,0,47,
GSEB,ENG,UNI_UG_MED_Y3,MED,CORP_ACC,Corporate Accounting,Commerce,1,0,48,
GSEB,ENG,UNI_UG_MED_Y3,MED,FIN_MGT,Financial Management,Management,1,0,49,
GSEB,ENG,UNI_UG_MED_Y3,MED,MKT_MGT,Marketing Management,Management,1,0,50,
GSEB,ENG,UNI_UG_MED_Y3,MED,OB,Organizational Behavior,Management,1,0,51,
GSEB,ENG,UNI_UG_MED_Y3,MED,UI_UX,User Interface & Experience,Design,1,0,54,
GSEB,ENG,UNI_UG_MED_Y3,MED,TYPO,Typography,Design,1,0,55,
GSEB,ENG,UNI_UG_MED_Y3,MED,ARCH_DSN,Architectural Design,Architecture,1,0,56,
GSEB,ENG,UNI_UG_MED_Y4,MED,DSA,Data Structures & Algorithms,Engineering,1,0,30,
GSEB,ENG,UNI_UG_MED_Y4,MED,DBMS,Database Management Systems,Engineering,1,0,31,
GSEB,ENG,UNI_UG_MED_Y4,MED,OS,Operating Systems,Engineering,1,0,32,
GSEB,ENG,UNI_UG_MED_Y4,MED,CN,Computer Networks,Engineering,1,0,33,
GSEB,ENG,UNI_UG_MED_Y4,MED,AI_ML,Artificial Intelligence & ML,Engineering,1,0,34,
GSEB,ENG,UNI_UG_MED_Y4,MED,SWE,Software Engineering,Engineering,1,0,35,
GSEB,ENG,UNI_UG_MED_Y4,MED,THERMO,Thermodynamics,Engineering,1,0,36,
GSEB,ENG,UNI_UG_MED_Y4,MED,CIRCUITS,Electronic Circuits,Engineering,1,0,37,
GSEB,ENG,UNI_UG_MED_Y4,MED,ANAT,Human Anatomy,Medical,1,0,38,
GSEB,ENG,UNI_UG_MED_Y4,MED,PHYS,Physiology,Medical,1,0,39,
GSEB,ENG,UNI_UG_MED_Y4,MED,PHARM,Pharmacology,Medical,1,0,40,
GSEB,ENG,UNI_UG_MED_Y4,MED,PATH,Pathology,Medical,1,0,41,
GSEB,ENG,UNI_UG_MED_Y4,MED,COM_MED,Community Medicine,Medical,1,0,42,
GSEB,ENG,UNI_UG_MED_Y4,MED,LAW_CON,Constitutional Law,Law,1,0,44,
GSEB,ENG,UNI_UG_MED_Y4,MED,LAW_IPC,Indian Penal Code,Law,1,0,45,
GSEB,ENG,UNI_UG_MED_Y4,MED,LAW_CONTR,Contract Law,Law,1,0,46,
GSEB,ENG,UNI_UG_MED_Y4,MED,JURIS,Jurisprudence,Law,1,0,47,
GSEB,ENG,UNI_UG_MED_Y4,MED,CORP_ACC,Corporate Accounting,Commerce,1,0,48,
GSEB,ENG,UNI_UG_MED_Y4,MED,FIN_MGT,Financial Management,Management,1,0,49,
GSEB,ENG,UNI_UG_MED_Y4,MED,MKT_MGT,Marketing Management,Management,1,0,50,
GSEB,ENG,UNI_UG_MED_Y4,MED,OB,Organizational Behavior,Management,1,0,51,
GSEB,ENG,UNI_UG_MED_Y4,MED,UI_UX,User Interface & Experience,Design,1,0,54,
GSEB,ENG,UNI_UG_MED_Y4,MED,TYPO,Typography,Design,1,0,55,
GSEB,ENG,UNI_UG_MED_Y4,MED,ARCH_DSN,Architectural Design,Architecture,1,0,56,
GSEB,ENG,UNI_UG_MED_Y5,MED,DSA,Data Structures & Algorithms,Engineering,1,0,30,
GSEB,ENG,UNI_UG_MED_Y5,MED,DBMS,Database Management Systems,Engineering,1,0,31,
GSEB,ENG,UNI_UG_MED_Y5,MED,OS,Operating Systems,Engineering,1,0,32,
GSEB,ENG,UNI_UG_MED_Y5,MED,CN,Computer Networks,Engineering,1,0,33,
GSEB,ENG,UNI_UG_MED_Y5,MED,AI_ML,Artificial Intelligence & ML,Engineering,1,0,34,
GSEB,ENG,UNI_UG_MED_Y5,MED,SWE,Software Engineering,Engineering,1,0,35,
GSEB,ENG,UNI_UG_MED_Y5,MED,THERMO,Thermodynamics,Engineering,1,0,36,
GSEB,ENG,UNI_UG_MED_Y5,MED,CIRCUITS,Electronic Circuits,Engineering,1,0,37,
GSEB,ENG,UNI_UG_MED_Y5,MED,ANAT,Human Anatomy,Medical,1,0,38,
GSEB,ENG,UNI_UG_MED_Y5,MED,PHYS,Physiology,Medical,1,0,39,
GSEB,ENG,UNI_UG_MED_Y5,MED,PHARM,Pharmacology,Medical,1,0,40,
GSEB,ENG,UNI_UG_MED_Y5,MED,PATH,Pathology,Medical,1,0,41,
GSEB,ENG,UNI_UG_MED_Y5,MED,COM_MED,Community Medicine,Medical,1,0,42,
GSEB,ENG,UNI_UG_MED_Y5,MED,LAW_CON,Constitutional Law,Law,1,0,44,
GSEB,ENG,UNI_UG_MED_Y5,MED,LAW_IPC,Indian Penal Code,Law,1,0,45,
GSEB,ENG,UNI_UG_MED_Y5,MED,LAW_CONTR,Contract Law,Law,1,0,46,
GSEB,ENG,UNI_UG_MED_Y5,MED,JURIS,Jurisprudence,Law,1,0,47,
GSEB,ENG,UNI_UG_MED_Y5,MED,CORP_ACC,Corporate Accounting,Commerce,1,0,48,
GSEB,ENG,UNI_UG_MED_Y5,MED,FIN_MGT,Financial Management,Management,1,0,49,
GSEB,ENG,UNI_UG_MED_Y5,MED,MKT_MGT,Marketing Management,Management,1,0,50,
GSEB,ENG,UNI_UG_MED_Y5,MED,OB,Organizational Behavior,Management,1,0,51,
GSEB,ENG,UNI_UG_MED_Y5,MED,UI_UX,User Interface & Experience,Design,1,0,54,
GSEB,ENG,UNI_UG_MED_Y5,MED,TYPO,Typography,Design,1,0,55,
GSEB,ENG,UNI_UG_MED_Y5,MED,ARCH_DSN,Architectural Design,Architecture,1,0,56,
GSEB,ENG,NUR_BSC_Y1,NUR,NUR_FND,Nursing Foundations,Nursing,1,0,43,
GSEB,ENG,PRO_CA_FND,PRO_FIN,TAX,Taxation,Professional,1,0,52,
GSEB,ENG,PRO_CA_FND,PRO_FIN,AUDIT,Auditing,Professional,1,0,53,
GSEB,ENG,PRO_CA_FND,PRO_FIN,APT_REAS,Aptitude & Reasoning,Competitive Prep,1,0,68,
GSEB,ENG,PRO_CA_INT,PRO_FIN,TAX,Taxation,Professional,1,0,52,
GSEB,ENG,PRO_CA_INT,PRO_FIN,AUDIT,Auditing,Professional,1,0,53,
GSEB,ENG,PRO_CA_INT,PRO_FIN,APT_REAS,Aptitude & Reasoning,Competitive Prep,1,0,68,
GSEB,ENG,PRO_CA_FIN,PRO_FIN,TAX,Taxation,Professional,1,0,52,
GSEB,ENG,PRO_CA_FIN,PRO_FIN,AUDIT,Auditing,Professional,1,0,53,
GSEB,ENG,PRO_CA_FIN,PRO_FIN,APT_REAS,Aptitude & Reasoning,Competitive Prep,1,0,68,
GSEB,ENG,PRO_CS_EXE,LAW,TAX,Taxation,Professional,1,0,52,
GSEB,ENG,PRO_CS_EXE,LAW,AUDIT,Auditing,Professional,1,0,53,
GSEB,ENG,PRO_CS_EXE,LAW,APT_REAS,Aptitude & Reasoning,Competitive Prep,1,0,68,
GSEB,ENG,UNI_PG_AI_Y1,AIE,DSA,Data Structures & Algorithms,Engineering,1,0,30,
GSEB,ENG,UNI_PG_AI_Y1,AIE,DBMS,Database Management Systems,Engineering,1,0,31,
GSEB,ENG,UNI_PG_AI_Y1,AIE,OS,Operating Systems,Engineering,1,0,32,
GSEB,ENG,UNI_PG_AI_Y1,AIE,CN,Computer Networks,Engineering,1,0,33,
GSEB,ENG,UNI_PG_AI_Y1,AIE,AI_ML,Artificial Intelligence & ML,Engineering,1,0,34,
GSEB,ENG,UNI_PG_AI_Y1,AIE,SWE,Software Engineering,Engineering,1,0,35,
GSEB,ENG,UNI_PG_AI_Y1,AIE,FIN_MGT,Financial Management,Management,1,0,49,
GSEB,ENG,UNI_PG_AI_Y1,AIE,MKT_MGT,Marketing Management,Management,1,0,50,
GSEB,ENG,UNI_PG_AI_Y1,AIE,OB,Organizational Behavior,Management,1,0,51,
GSEB,ENG,UNI_PG_AI_Y2,AIE,DSA,Data Structures & Algorithms,Engineering,1,0,30,
GSEB,ENG,UNI_PG_AI_Y2,AIE,DBMS,Database Management Systems,Engineering,1,0,31,
GSEB,ENG,UNI_PG_AI_Y2,AIE,OS,Operating Systems,Engineering,1,0,32,
GSEB,ENG,UNI_PG_AI_Y2,AIE,CN,Computer Networks,Engineering,1,0,33,
GSEB,ENG,UNI_PG_AI_Y2,AIE,AI_ML,Artificial Intelligence & ML,Engineering,1,0,34,
GSEB,ENG,UNI_PG_AI_Y2,AIE,SWE,Software Engineering,Engineering,1,0,35,
GSEB,ENG,UNI_PG_AI_Y2,AIE,FIN_MGT,Financial Management,Management,1,0,49,
GSEB,ENG,UNI_PG_AI_Y2,AIE,MKT_MGT,Marketing Management,Management,1,0,50,
GSEB,ENG,UNI_PG_AI_Y2,AIE,OB,Organizational Behavior,Management,1,0,51,
GSEB,ENG,UNI_PG_MBA_Y1,MGT,DSA,Data Structures & Algorithms,Engineering,1,0,30,
GSEB,ENG,UNI_PG_MBA_Y1,MGT,DBMS,Database Management Systems,Engineering,1,0,31,
GSEB,ENG,UNI_PG_MBA_Y1,MGT,OS,Operating Systems,Engineering,1,0,32,
GSEB,ENG,UNI_PG_MBA_Y1,MGT,CN,Computer Networks,Engineering,1,0,33,
GSEB,ENG,UNI_PG_MBA_Y1,MGT,AI_ML,Artificial Intelligence & ML,Engineering,1,0,34,
GSEB,ENG,UNI_PG_MBA_Y1,MGT,SWE,Software Engineering,Engineering,1,0,35,
GSEB,ENG,UNI_PG_MBA_Y1,MGT,FIN_MGT,Financial Management,Management,1,0,49,
GSEB,ENG,UNI_PG_MBA_Y1,MGT,MKT_MGT,Marketing Management,Management,1,0,50,
GSEB,ENG,UNI_PG_MBA_Y1,MGT,OB,Organizational Behavior,Management,1,0,51,
GSEB,ENG,UNI_PG_MBA_Y2,MGT,DSA,Data Structures & Algorithms,Engineering,1,0,30,
GSEB,ENG,UNI_PG_MBA_Y2,MGT,DBMS,Database Management Systems,Engineering,1,0,31,
GSEB,ENG,UNI_PG_MBA_Y2,MGT,OS,Operating Systems,Engineering,1,0,32,
GSEB,ENG,UNI_PG_MBA_Y2,MGT,CN,Computer Networks,Engineering,1,0,33,
GSEB,ENG,UNI_PG_MBA_Y2,MGT,AI_ML,Artificial Intelligence & ML,Engineering,1,0,34,
GSEB,ENG,UNI_PG_MBA_Y2,MGT,SWE,Software Engineering,Engineering,1,0,35,
GSEB,ENG,UNI_PG_MBA_Y2,MGT,FIN_MGT,Financial Management,Management,1,0,49,
GSEB,ENG,UNI_PG_MBA_Y2,MGT,MKT_MGT,Marketing Management,Management,1,0,50,
GSEB,ENG,UNI_PG_MBA_Y2,MGT,OB,Organizational Behavior,Management,1,0,51,
GSEB,ENG,UNI_PG_LAW_Y1,LAW,DSA,Data Structures & Algorithms,Engineering,1,0,30,
GSEB,ENG,UNI_PG_LAW_Y1,LAW,DBMS,Database Management Systems,Engineering,1,0,31,
GSEB,ENG,UNI_PG_LAW_Y1,LAW,OS,Operating Systems,Engineering,1,0,32,
GSEB,ENG,UNI_PG_LAW_Y1,LAW,CN,Computer Networks,Engineering,1,0,33,
GSEB,ENG,UNI_PG_LAW_Y1,LAW,AI_ML,Artificial Intelligence & ML,Engineering,1,0,34,
GSEB,ENG,UNI_PG_LAW_Y1,LAW,SWE,Software Engineering,Engineering,1,0,35,
GSEB,ENG,UNI_PG_LAW_Y1,LAW,FIN_MGT,Financial Management,Management,1,0,49,
GSEB,ENG,UNI_PG_LAW_Y1,LAW,MKT_MGT,Marketing Management,Management,1,0,50,
GSEB,ENG,UNI_PG_LAW_Y1,LAW,OB,Organizational Behavior,Management,1,0,51,
GSEB,ENG,UNI_PG_LAW_Y2,LAW,DSA,Data Structures & Algorithms,Engineering,1,0,30,
GSEB,ENG,UNI_PG_LAW_Y2,LAW,DBMS,Database Management Systems,Engineering,1,0,31,
GSEB,ENG,UNI_PG_LAW_Y2,LAW,OS,Operating Systems,Engineering,1,0,32,
GSEB,ENG,UNI_PG_LAW_Y2,LAW,CN,Computer Networks,Engineering,1,0,33,
GSEB,ENG,UNI_PG_LAW_Y2,LAW,AI_ML,Artificial Intelligence & ML,Engineering,1,0,34,
GSEB,ENG,UNI_PG_LAW_Y2,LAW,SWE,Software Engineering,Engineering,1,0,35,
GSEB,ENG,UNI_PG_LAW_Y2,LAW,FIN_MGT,Financial Management,Management,1,0,49,
GSEB,ENG,UNI_PG_LAW_Y2,LAW,MKT_MGT,Marketing Management,Management,1,0,50,
GSEB,ENG,UNI_PG_LAW_Y2,LAW,OB,Organizational Behavior,Management,1,0,51,
GSEB,ENG,UNI_PHD_AI,RES,AI_ML,Artificial Intelligence & ML,Engineering,1,0,34,
GSEB,ENG,UNI_PHD_DS,RES,AI_ML,Artificial Intelligence & ML,Engineering,1,0,34,
GSEB,ENG,UNI_PHD_RE,RES,AI_ML,Artificial Intelligence & ML,Engineering,1,0,34,
GSEB,ENG,UNI_UG_BCA_Y1,CSA,DSA,Data Structures & Algorithms,Engineering,1,0,30,
GSEB,ENG,UNI_UG_BCA_Y1,CSA,DBMS,Database Management Systems,Engineering,1,0,31,
GSEB,ENG,UNI_UG_BCA_Y1,CSA,OS,Operating Systems,Engineering,1,0,32,
GSEB,ENG,UNI_UG_BCA_Y1,CSA,CN,Computer Networks,Engineering,1,0,33,
GSEB,ENG,UNI_UG_BCA_Y1,CSA,AI_ML,Artificial Intelligence & ML,Engineering,1,0,34,
GSEB,ENG,UNI_UG_BCA_Y1,CSA,SWE,Software Engineering,Engineering,1,0,35,
GSEB,ENG,UNI_UG_BCA_Y1,CSA,THERMO,Thermodynamics,Engineering,1,0,36,
GSEB,ENG,UNI_UG_BCA_Y1,CSA,CIRCUITS,Electronic Circuits,Engineering,1,0,37,
GSEB,ENG,UNI_UG_BCA_Y1,CSA,ANAT,Human Anatomy,Medical,1,0,38,
GSEB,ENG,UNI_UG_BCA_Y1,CSA,PHYS,Physiology,Medical,1,0,39,
GSEB,ENG,UNI_UG_BCA_Y1,CSA,PHARM,Pharmacology,Medical,1,0,40,
GSEB,ENG,UNI_UG_BCA_Y1,CSA,PATH,Pathology,Medical,1,0,41,
GSEB,ENG,UNI_UG_BCA_Y1,CSA,COM_MED,Community Medicine,Medical,1,0,42,
GSEB,ENG,UNI_UG_BCA_Y1,CSA,LAW_CON,Constitutional Law,Law,1,0,44,
GSEB,ENG,UNI_UG_BCA_Y1,CSA,LAW_IPC,Indian Penal Code,Law,1,0,45,
GSEB,ENG,UNI_UG_BCA_Y1,CSA,LAW_CONTR,Contract Law,Law,1,0,46,
GSEB,ENG,UNI_UG_BCA_Y1,CSA,JURIS,Jurisprudence,Law,1,0,47,
GSEB,ENG,UNI_UG_BCA_Y1,CSA,CORP_ACC,Corporate Accounting,Commerce,1,0,48,
GSEB,ENG,UNI_UG_BCA_Y1,CSA,FIN_MGT,Financial Management,Management,1,0,49,
GSEB,ENG,UNI_UG_BCA_Y1,CSA,MKT_MGT,Marketing Management,Management,1,0,50,
GSEB,ENG,UNI_UG_BCA_Y1,CSA,OB,Organizational Behavior,Management,1,0,51,
GSEB,ENG,UNI_UG_BCA_Y1,CSA,UI_UX,User Interface & Experience,Design,1,0,54,
GSEB,ENG,UNI_UG_BCA_Y1,CSA,TYPO,Typography,Design,1,0,55,
GSEB,ENG,UNI_UG_BCA_Y1,CSA,ARCH_DSN,Architectural Design,Architecture,1,0,56,
GSEB,ENG,UNI_UG_BCA_Y2,CSA,DSA,Data Structures & Algorithms,Engineering,1,0,30,
GSEB,ENG,UNI_UG_BCA_Y2,CSA,DBMS,Database Management Systems,Engineering,1,0,31,
GSEB,ENG,UNI_UG_BCA_Y2,CSA,OS,Operating Systems,Engineering,1,0,32,
GSEB,ENG,UNI_UG_BCA_Y2,CSA,CN,Computer Networks,Engineering,1,0,33,
GSEB,ENG,UNI_UG_BCA_Y2,CSA,AI_ML,Artificial Intelligence & ML,Engineering,1,0,34,
GSEB,ENG,UNI_UG_BCA_Y2,CSA,SWE,Software Engineering,Engineering,1,0,35,
GSEB,ENG,UNI_UG_BCA_Y2,CSA,THERMO,Thermodynamics,Engineering,1,0,36,
GSEB,ENG,UNI_UG_BCA_Y2,CSA,CIRCUITS,Electronic Circuits,Engineering,1,0,37,
GSEB,ENG,UNI_UG_BCA_Y2,CSA,ANAT,Human Anatomy,Medical,1,0,38,
GSEB,ENG,UNI_UG_BCA_Y2,CSA,PHYS,Physiology,Medical,1,0,39,
GSEB,ENG,UNI_UG_BCA_Y2,CSA,PHARM,Pharmacology,Medical,1,0,40,
GSEB,ENG,UNI_UG_BCA_Y2,CSA,PATH,Pathology,Medical,1,0,41,
GSEB,ENG,UNI_UG_BCA_Y2,CSA,COM_MED,Community Medicine,Medical,1,0,42,
GSEB,ENG,UNI_UG_BCA_Y2,CSA,LAW_CON,Constitutional Law,Law,1,0,44,
GSEB,ENG,UNI_UG_BCA_Y2,CSA,LAW_IPC,Indian Penal Code,Law,1,0,45,
GSEB,ENG,UNI_UG_BCA_Y2,CSA,LAW_CONTR,Contract Law,Law,1,0,46,
GSEB,ENG,UNI_UG_BCA_Y2,CSA,JURIS,Jurisprudence,Law,1,0,47,
GSEB,ENG,UNI_UG_BCA_Y2,CSA,CORP_ACC,Corporate Accounting,Commerce,1,0,48,
GSEB,ENG,UNI_UG_BCA_Y2,CSA,FIN_MGT,Financial Management,Management,1,0,49,
GSEB,ENG,UNI_UG_BCA_Y2,CSA,MKT_MGT,Marketing Management,Management,1,0,50,
GSEB,ENG,UNI_UG_BCA_Y2,CSA,OB,Organizational Behavior,Management,1,0,51,
GSEB,ENG,UNI_UG_BCA_Y2,CSA,UI_UX,User Interface & Experience,Design,1,0,54,
GSEB,ENG,UNI_UG_BCA_Y2,CSA,TYPO,Typography,Design,1,0,55,
GSEB,ENG,UNI_UG_BCA_Y2,CSA,ARCH_DSN,Architectural Design,Architecture,1,0,56,
GSEB,ENG,UNI_UG_BCA_Y3,CSA,DSA,Data Structures & Algorithms,Engineering,1,0,30,
GSEB,ENG,UNI_UG_BCA_Y3,CSA,DBMS,Database Management Systems,Engineering,1,0,31,
GSEB,ENG,UNI_UG_BCA_Y3,CSA,OS,Operating Systems,Engineering,1,0,32,
GSEB,ENG,UNI_UG_BCA_Y3,CSA,CN,Computer Networks,Engineering,1,0,33,
GSEB,ENG,UNI_UG_BCA_Y3,CSA,AI_ML,Artificial Intelligence & ML,Engineering,1,0,34,
GSEB,ENG,UNI_UG_BCA_Y3,CSA,SWE,Software Engineering,Engineering,1,0,35,
GSEB,ENG,UNI_UG_BCA_Y3,CSA,THERMO,Thermodynamics,Engineering,1,0,36,
GSEB,ENG,UNI_UG_BCA_Y3,CSA,CIRCUITS,Electronic Circuits,Engineering,1,0,37,
GSEB,ENG,UNI_UG_BCA_Y3,CSA,ANAT,Human Anatomy,Medical,1,0,38,
GSEB,ENG,UNI_UG_BCA_Y3,CSA,PHYS,Physiology,Medical,1,0,39,
GSEB,ENG,UNI_UG_BCA_Y3,CSA,PHARM,Pharmacology,Medical,1,0,40,
GSEB,ENG,UNI_UG_BCA_Y3,CSA,PATH,Pathology,Medical,1,0,41,
GSEB,ENG,UNI_UG_BCA_Y3,CSA,COM_MED,Community Medicine,Medical,1,0,42,
GSEB,ENG,UNI_UG_BCA_Y3,CSA,LAW_CON,Constitutional Law,Law,1,0,44,
GSEB,ENG,UNI_UG_BCA_Y3,CSA,LAW_IPC,Indian Penal Code,Law,1,0,45,
GSEB,ENG,UNI_UG_BCA_Y3,CSA,LAW_CONTR,Contract Law,Law,1,0,46,
GSEB,ENG,UNI_UG_BCA_Y3,CSA,JURIS,Jurisprudence,Law,1,0,47,
GSEB,ENG,UNI_UG_BCA_Y3,CSA,CORP_ACC,Corporate Accounting,Commerce,1,0,48,
GSEB,ENG,UNI_UG_BCA_Y3,CSA,FIN_MGT,Financial Management,Management,1,0,49,
GSEB,ENG,UNI_UG_BCA_Y3,CSA,MKT_MGT,Marketing Management,Management,1,0,50,
GSEB,ENG,UNI_UG_BCA_Y3,CSA,OB,Organizational Behavior,Management,1,0,51,
GSEB,ENG,UNI_UG_BCA_Y3,CSA,UI_UX,User Interface & Experience,Design,1,0,54,
GSEB,ENG,UNI_UG_BCA_Y3,CSA,TYPO,Typography,Design,1,0,55,
GSEB,ENG,UNI_UG_BCA_Y3,CSA,ARCH_DSN,Architectural Design,Architecture,1,0,56,
GSEB,ENG,UNI_UG_BBA_Y1,MGT,DSA,Data Structures & Algorithms,Engineering,1,0,30,
GSEB,ENG,UNI_UG_BBA_Y1,MGT,DBMS,Database Management Systems,Engineering,1,0,31,
GSEB,ENG,UNI_UG_BBA_Y1,MGT,OS,Operating Systems,Engineering,1,0,32,
GSEB,ENG,UNI_UG_BBA_Y1,MGT,CN,Computer Networks,Engineering,1,0,33,
GSEB,ENG,UNI_UG_BBA_Y1,MGT,AI_ML,Artificial Intelligence & ML,Engineering,1,0,34,
GSEB,ENG,UNI_UG_BBA_Y1,MGT,SWE,Software Engineering,Engineering,1,0,35,
GSEB,ENG,UNI_UG_BBA_Y1,MGT,THERMO,Thermodynamics,Engineering,1,0,36,
GSEB,ENG,UNI_UG_BBA_Y1,MGT,CIRCUITS,Electronic Circuits,Engineering,1,0,37,
GSEB,ENG,UNI_UG_BBA_Y1,MGT,ANAT,Human Anatomy,Medical,1,0,38,
GSEB,ENG,UNI_UG_BBA_Y1,MGT,PHYS,Physiology,Medical,1,0,39,
GSEB,ENG,UNI_UG_BBA_Y1,MGT,PHARM,Pharmacology,Medical,1,0,40,
GSEB,ENG,UNI_UG_BBA_Y1,MGT,PATH,Pathology,Medical,1,0,41,
GSEB,ENG,UNI_UG_BBA_Y1,MGT,COM_MED,Community Medicine,Medical,1,0,42,
GSEB,ENG,UNI_UG_BBA_Y1,MGT,LAW_CON,Constitutional Law,Law,1,0,44,
GSEB,ENG,UNI_UG_BBA_Y1,MGT,LAW_IPC,Indian Penal Code,Law,1,0,45,
GSEB,ENG,UNI_UG_BBA_Y1,MGT,LAW_CONTR,Contract Law,Law,1,0,46,
GSEB,ENG,UNI_UG_BBA_Y1,MGT,JURIS,Jurisprudence,Law,1,0,47,
GSEB,ENG,UNI_UG_BBA_Y1,MGT,CORP_ACC,Corporate Accounting,Commerce,1,0,48,
GSEB,ENG,UNI_UG_BBA_Y1,MGT,FIN_MGT,Financial Management,Management,1,0,49,
GSEB,ENG,UNI_UG_BBA_Y1,MGT,MKT_MGT,Marketing Management,Management,1,0,50,
GSEB,ENG,UNI_UG_BBA_Y1,MGT,OB,Organizational Behavior,Management,1,0,51,
GSEB,ENG,UNI_UG_BBA_Y1,MGT,UI_UX,User Interface & Experience,Design,1,0,54,
GSEB,ENG,UNI_UG_BBA_Y1,MGT,TYPO,Typography,Design,1,0,55,
GSEB,ENG,UNI_UG_BBA_Y1,MGT,ARCH_DSN,Architectural Design,Architecture,1,0,56,
GSEB,ENG,UNI_UG_BBA_Y2,MGT,DSA,Data Structures & Algorithms,Engineering,1,0,30,
GSEB,ENG,UNI_UG_BBA_Y2,MGT,DBMS,Database Management Systems,Engineering,1,0,31,
GSEB,ENG,UNI_UG_BBA_Y2,MGT,OS,Operating Systems,Engineering,1,0,32,
GSEB,ENG,UNI_UG_BBA_Y2,MGT,CN,Computer Networks,Engineering,1,0,33,
GSEB,ENG,UNI_UG_BBA_Y2,MGT,AI_ML,Artificial Intelligence & ML,Engineering,1,0,34,
GSEB,ENG,UNI_UG_BBA_Y2,MGT,SWE,Software Engineering,Engineering,1,0,35,
GSEB,ENG,UNI_UG_BBA_Y2,MGT,THERMO,Thermodynamics,Engineering,1,0,36,
GSEB,ENG,UNI_UG_BBA_Y2,MGT,CIRCUITS,Electronic Circuits,Engineering,1,0,37,
GSEB,ENG,UNI_UG_BBA_Y2,MGT,ANAT,Human Anatomy,Medical,1,0,38,
GSEB,ENG,UNI_UG_BBA_Y2,MGT,PHYS,Physiology,Medical,1,0,39,
GSEB,ENG,UNI_UG_BBA_Y2,MGT,PHARM,Pharmacology,Medical,1,0,40,
GSEB,ENG,UNI_UG_BBA_Y2,MGT,PATH,Pathology,Medical,1,0,41,
GSEB,ENG,UNI_UG_BBA_Y2,MGT,COM_MED,Community Medicine,Medical,1,0,42,
GSEB,ENG,UNI_UG_BBA_Y2,MGT,LAW_CON,Constitutional Law,Law,1,0,44,
GSEB,ENG,UNI_UG_BBA_Y2,MGT,LAW_IPC,Indian Penal Code,Law,1,0,45,
GSEB,ENG,UNI_UG_BBA_Y2,MGT,LAW_CONTR,Contract Law,Law,1,0,46,
GSEB,ENG,UNI_UG_BBA_Y2,MGT,JURIS,Jurisprudence,Law,1,0,47,
GSEB,ENG,UNI_UG_BBA_Y2,MGT,CORP_ACC,Corporate Accounting,Commerce,1,0,48,
GSEB,ENG,UNI_UG_BBA_Y2,MGT,FIN_MGT,Financial Management,Management,1,0,49,
GSEB,ENG,UNI_UG_BBA_Y2,MGT,MKT_MGT,Marketing Management,Management,1,0,50,
GSEB,ENG,UNI_UG_BBA_Y2,MGT,OB,Organizational Behavior,Management,1,0,51,
GSEB,ENG,UNI_UG_BBA_Y2,MGT,UI_UX,User Interface & Experience,Design,1,0,54,
GSEB,ENG,UNI_UG_BBA_Y2,MGT,TYPO,Typography,Design,1,0,55,
GSEB,ENG,UNI_UG_BBA_Y2,MGT,ARCH_DSN,Architectural Design,Architecture,1,0,56,
GSEB,ENG,UNI_UG_BBA_Y3,MGT,DSA,Data Structures & Algorithms,Engineering,1,0,30,
GSEB,ENG,UNI_UG_BBA_Y3,MGT,DBMS,Database Management Systems,Engineering,1,0,31,
GSEB,ENG,UNI_UG_BBA_Y3,MGT,OS,Operating Systems,Engineering,1,0,32,
GSEB,ENG,UNI_UG_BBA_Y3,MGT,CN,Computer Networks,Engineering,1,0,33,
GSEB,ENG,UNI_UG_BBA_Y3,MGT,AI_ML,Artificial Intelligence & ML,Engineering,1,0,34,
GSEB,ENG,UNI_UG_BBA_Y3,MGT,SWE,Software Engineering,Engineering,1,0,35,
GSEB,ENG,UNI_UG_BBA_Y3,MGT,THERMO,Thermodynamics,Engineering,1,0,36,
GSEB,ENG,UNI_UG_BBA_Y3,MGT,CIRCUITS,Electronic Circuits,Engineering,1,0,37,
GSEB,ENG,UNI_UG_BBA_Y3,MGT,ANAT,Human Anatomy,Medical,1,0,38,
GSEB,ENG,UNI_UG_BBA_Y3,MGT,PHYS,Physiology,Medical,1,0,39,
GSEB,ENG,UNI_UG_BBA_Y3,MGT,PHARM,Pharmacology,Medical,1,0,40,
GSEB,ENG,UNI_UG_BBA_Y3,MGT,PATH,Pathology,Medical,1,0,41,
GSEB,ENG,UNI_UG_BBA_Y3,MGT,COM_MED,Community Medicine,Medical,1,0,42,
GSEB,ENG,UNI_UG_BBA_Y3,MGT,LAW_CON,Constitutional Law,Law,1,0,44,
GSEB,ENG,UNI_UG_BBA_Y3,MGT,LAW_IPC,Indian Penal Code,Law,1,0,45,
GSEB,ENG,UNI_UG_BBA_Y3,MGT,LAW_CONTR,Contract Law,Law,1,0,46,
GSEB,ENG,UNI_UG_BBA_Y3,MGT,JURIS,Jurisprudence,Law,1,0,47,
GSEB,ENG,UNI_UG_BBA_Y3,MGT,CORP_ACC,Corporate Accounting,Commerce,1,0,48,
GSEB,ENG,UNI_UG_BBA_Y3,MGT,FIN_MGT,Financial Management,Management,1,0,49,
GSEB,ENG,UNI_UG_BBA_Y3,MGT,MKT_MGT,Marketing Management,Management,1,0,50,
GSEB,ENG,UNI_UG_BBA_Y3,MGT,OB,Organizational Behavior,Management,1,0,51,
GSEB,ENG,UNI_UG_BBA_Y3,MGT,UI_UX,User Interface & Experience,Design,1,0,54,
GSEB,ENG,UNI_UG_BBA_Y3,MGT,TYPO,Typography,Design,1,0,55,
GSEB,ENG,UNI_UG_BBA_Y3,MGT,ARCH_DSN,Architectural Design,Architecture,1,0,56,
GSEB,ENG,UNI_UG_BARCH_Y1,ARC,DSA,Data Structures & Algorithms,Engineering,1,0,30,
GSEB,ENG,UNI_UG_BARCH_Y1,ARC,DBMS,Database Management Systems,Engineering,1,0,31,
GSEB,ENG,UNI_UG_BARCH_Y1,ARC,OS,Operating Systems,Engineering,1,0,32,
GSEB,ENG,UNI_UG_BARCH_Y1,ARC,CN,Computer Networks,Engineering,1,0,33,
GSEB,ENG,UNI_UG_BARCH_Y1,ARC,AI_ML,Artificial Intelligence & ML,Engineering,1,0,34,
GSEB,ENG,UNI_UG_BARCH_Y1,ARC,SWE,Software Engineering,Engineering,1,0,35,
GSEB,ENG,UNI_UG_BARCH_Y1,ARC,THERMO,Thermodynamics,Engineering,1,0,36,
GSEB,ENG,UNI_UG_BARCH_Y1,ARC,CIRCUITS,Electronic Circuits,Engineering,1,0,37,
GSEB,ENG,UNI_UG_BARCH_Y1,ARC,ANAT,Human Anatomy,Medical,1,0,38,
GSEB,ENG,UNI_UG_BARCH_Y1,ARC,PHYS,Physiology,Medical,1,0,39,
GSEB,ENG,UNI_UG_BARCH_Y1,ARC,PHARM,Pharmacology,Medical,1,0,40,
GSEB,ENG,UNI_UG_BARCH_Y1,ARC,PATH,Pathology,Medical,1,0,41,
GSEB,ENG,UNI_UG_BARCH_Y1,ARC,COM_MED,Community Medicine,Medical,1,0,42,
GSEB,ENG,UNI_UG_BARCH_Y1,ARC,LAW_CON,Constitutional Law,Law,1,0,44,
GSEB,ENG,UNI_UG_BARCH_Y1,ARC,LAW_IPC,Indian Penal Code,Law,1,0,45,
GSEB,ENG,UNI_UG_BARCH_Y1,ARC,LAW_CONTR,Contract Law,Law,1,0,46,
GSEB,ENG,UNI_UG_BARCH_Y1,ARC,JURIS,Jurisprudence,Law,1,0,47,
GSEB,ENG,UNI_UG_BARCH_Y1,ARC,CORP_ACC,Corporate Accounting,Commerce,1,0,48,
GSEB,ENG,UNI_UG_BARCH_Y1,ARC,FIN_MGT,Financial Management,Management,1,0,49,
GSEB,ENG,UNI_UG_BARCH_Y1,ARC,MKT_MGT,Marketing Management,Management,1,0,50,
GSEB,ENG,UNI_UG_BARCH_Y1,ARC,OB,Organizational Behavior,Management,1,0,51,
GSEB,ENG,UNI_UG_BARCH_Y1,ARC,UI_UX,User Interface & Experience,Design,1,0,54,
GSEB,ENG,UNI_UG_BARCH_Y1,ARC,TYPO,Typography,Design,1,0,55,
GSEB,ENG,UNI_UG_BARCH_Y1,ARC,ARCH_DSN,Architectural Design,Architecture,1,0,56,
GSEB,ENG,UNI_UG_BARCH_Y5,ARC,DSA,Data Structures & Algorithms,Engineering,1,0,30,
GSEB,ENG,UNI_UG_BARCH_Y5,ARC,DBMS,Database Management Systems,Engineering,1,0,31,
GSEB,ENG,UNI_UG_BARCH_Y5,ARC,OS,Operating Systems,Engineering,1,0,32,
GSEB,ENG,UNI_UG_BARCH_Y5,ARC,CN,Computer Networks,Engineering,1,0,33,
GSEB,ENG,UNI_UG_BARCH_Y5,ARC,AI_ML,Artificial Intelligence & ML,Engineering,1,0,34,
GSEB,ENG,UNI_UG_BARCH_Y5,ARC,SWE,Software Engineering,Engineering,1,0,35,
GSEB,ENG,UNI_UG_BARCH_Y5,ARC,THERMO,Thermodynamics,Engineering,1,0,36,
GSEB,ENG,UNI_UG_BARCH_Y5,ARC,CIRCUITS,Electronic Circuits,Engineering,1,0,37,
GSEB,ENG,UNI_UG_BARCH_Y5,ARC,ANAT,Human Anatomy,Medical,1,0,38,
GSEB,ENG,UNI_UG_BARCH_Y5,ARC,PHYS,Physiology,Medical,1,0,39,
GSEB,ENG,UNI_UG_BARCH_Y5,ARC,PHARM,Pharmacology,Medical,1,0,40,
GSEB,ENG,UNI_UG_BARCH_Y5,ARC,PATH,Pathology,Medical,1,0,41,
GSEB,ENG,UNI_UG_BARCH_Y5,ARC,COM_MED,Community Medicine,Medical,1,0,42,
GSEB,ENG,UNI_UG_BARCH_Y5,ARC,LAW_CON,Constitutional Law,Law,1,0,44,
GSEB,ENG,UNI_UG_BARCH_Y5,ARC,LAW_IPC,Indian Penal Code,Law,1,0,45,
GSEB,ENG,UNI_UG_BARCH_Y5,ARC,LAW_CONTR,Contract Law,Law,1,0,46,
GSEB,ENG,UNI_UG_BARCH_Y5,ARC,JURIS,Jurisprudence,Law,1,0,47,
GSEB,ENG,UNI_UG_BARCH_Y5,ARC,CORP_ACC,Corporate Accounting,Commerce,1,0,48,
GSEB,ENG,UNI_UG_BARCH_Y5,ARC,FIN_MGT,Financial Management,Management,1,0,49,
GSEB,ENG,UNI_UG_BARCH_Y5,ARC,MKT_MGT,Marketing Management,Management,1,0,50,
GSEB,ENG,UNI_UG_BARCH_Y5,ARC,OB,Organizational Behavior,Management,1,0,51,
GSEB,ENG,UNI_UG_BARCH_Y5,ARC,UI_UX,User Interface & Experience,Design,1,0,54,
GSEB,ENG,UNI_UG_BARCH_Y5,ARC,TYPO,Typography,Design,1,0,55,
GSEB,ENG,UNI_UG_BARCH_Y5,ARC,ARCH_DSN,Architectural Design,Architecture,1,0,56,
GSEB,ENG,UNI_UG_BPT_Y1,AHS,DSA,Data Structures & Algorithms,Engineering,1,0,30,
GSEB,ENG,UNI_UG_BPT_Y1,AHS,DBMS,Database Management Systems,Engineering,1,0,31,
GSEB,ENG,UNI_UG_BPT_Y1,AHS,OS,Operating Systems,Engineering,1,0,32,
GSEB,ENG,UNI_UG_BPT_Y1,AHS,CN,Computer Networks,Engineering,1,0,33,
GSEB,ENG,UNI_UG_BPT_Y1,AHS,AI_ML,Artificial Intelligence & ML,Engineering,1,0,34,
GSEB,ENG,UNI_UG_BPT_Y1,AHS,SWE,Software Engineering,Engineering,1,0,35,
GSEB,ENG,UNI_UG_BPT_Y1,AHS,THERMO,Thermodynamics,Engineering,1,0,36,
GSEB,ENG,UNI_UG_BPT_Y1,AHS,CIRCUITS,Electronic Circuits,Engineering,1,0,37,
GSEB,ENG,UNI_UG_BPT_Y1,AHS,ANAT,Human Anatomy,Medical,1,0,38,
GSEB,ENG,UNI_UG_BPT_Y1,AHS,PHYS,Physiology,Medical,1,0,39,
GSEB,ENG,UNI_UG_BPT_Y1,AHS,PHARM,Pharmacology,Medical,1,0,40,
GSEB,ENG,UNI_UG_BPT_Y1,AHS,PATH,Pathology,Medical,1,0,41,
GSEB,ENG,UNI_UG_BPT_Y1,AHS,COM_MED,Community Medicine,Medical,1,0,42,
GSEB,ENG,UNI_UG_BPT_Y1,AHS,LAW_CON,Constitutional Law,Law,1,0,44,
GSEB,ENG,UNI_UG_BPT_Y1,AHS,LAW_IPC,Indian Penal Code,Law,1,0,45,
GSEB,ENG,UNI_UG_BPT_Y1,AHS,LAW_CONTR,Contract Law,Law,1,0,46,
GSEB,ENG,UNI_UG_BPT_Y1,AHS,JURIS,Jurisprudence,Law,1,0,47,
GSEB,ENG,UNI_UG_BPT_Y1,AHS,CORP_ACC,Corporate Accounting,Commerce,1,0,48,
GSEB,ENG,UNI_UG_BPT_Y1,AHS,FIN_MGT,Financial Management,Management,1,0,49,
GSEB,ENG,UNI_UG_BPT_Y1,AHS,MKT_MGT,Marketing Management,Management,1,0,50,
GSEB,ENG,UNI_UG_BPT_Y1,AHS,OB,Organizational Behavior,Management,1,0,51,
GSEB,ENG,UNI_UG_BPT_Y1,AHS,UI_UX,User Interface & Experience,Design,1,0,54,
GSEB,ENG,UNI_UG_BPT_Y1,AHS,TYPO,Typography,Design,1,0,55,
GSEB,ENG,UNI_UG_BPT_Y1,AHS,ARCH_DSN,Architectural Design,Architecture,1,0,56,
GSEB,ENG,UNI_UG_BPT_Y4,AHS,DSA,Data Structures & Algorithms,Engineering,1,0,30,
GSEB,ENG,UNI_UG_BPT_Y4,AHS,DBMS,Database Management Systems,Engineering,1,0,31,
GSEB,ENG,UNI_UG_BPT_Y4,AHS,OS,Operating Systems,Engineering,1,0,32,
GSEB,ENG,UNI_UG_BPT_Y4,AHS,CN,Computer Networks,Engineering,1,0,33,
GSEB,ENG,UNI_UG_BPT_Y4,AHS,AI_ML,Artificial Intelligence & ML,Engineering,1,0,34,
GSEB,ENG,UNI_UG_BPT_Y4,AHS,SWE,Software Engineering,Engineering,1,0,35,
GSEB,ENG,UNI_UG_BPT_Y4,AHS,THERMO,Thermodynamics,Engineering,1,0,36,
GSEB,ENG,UNI_UG_BPT_Y4,AHS,CIRCUITS,Electronic Circuits,Engineering,1,0,37,
GSEB,ENG,UNI_UG_BPT_Y4,AHS,ANAT,Human Anatomy,Medical,1,0,38,
GSEB,ENG,UNI_UG_BPT_Y4,AHS,PHYS,Physiology,Medical,1,0,39,
GSEB,ENG,UNI_UG_BPT_Y4,AHS,PHARM,Pharmacology,Medical,1,0,40,
GSEB,ENG,UNI_UG_BPT_Y4,AHS,PATH,Pathology,Medical,1,0,41,
GSEB,ENG,UNI_UG_BPT_Y4,AHS,COM_MED,Community Medicine,Medical,1,0,42,
GSEB,ENG,UNI_UG_BPT_Y4,AHS,LAW_CON,Constitutional Law,Law,1,0,44,
GSEB,ENG,UNI_UG_BPT_Y4,AHS,LAW_IPC,Indian Penal Code,Law,1,0,45,
GSEB,ENG,UNI_UG_BPT_Y4,AHS,LAW_CONTR,Contract Law,Law,1,0,46,
GSEB,ENG,UNI_UG_BPT_Y4,AHS,JURIS,Jurisprudence,Law,1,0,47,
GSEB,ENG,UNI_UG_BPT_Y4,AHS,CORP_ACC,Corporate Accounting,Commerce,1,0,48,
GSEB,ENG,UNI_UG_BPT_Y4,AHS,FIN_MGT,Financial Management,Management,1,0,49,
GSEB,ENG,UNI_UG_BPT_Y4,AHS,MKT_MGT,Marketing Management,Management,1,0,50,
GSEB,ENG,UNI_UG_BPT_Y4,AHS,OB,Organizational Behavior,Management,1,0,51,
GSEB,ENG,UNI_UG_BPT_Y4,AHS,UI_UX,User Interface & Experience,Design,1,0,54,
GSEB,ENG,UNI_UG_BPT_Y4,AHS,TYPO,Typography,Design,1,0,55,
GSEB,ENG,UNI_UG_BPT_Y4,AHS,ARCH_DSN,Architectural Design,Architecture,1,0,56,
GSEB,ENG,UNI_UG_BSW_Y1,ART,DSA,Data Structures & Algorithms,Engineering,1,0,30,
GSEB,ENG,UNI_UG_BSW_Y1,ART,DBMS,Database Management Systems,Engineering,1,0,31,
GSEB,ENG,UNI_UG_BSW_Y1,ART,OS,Operating Systems,Engineering,1,0,32,
GSEB,ENG,UNI_UG_BSW_Y1,ART,CN,Computer Networks,Engineering,1,0,33,
GSEB,ENG,UNI_UG_BSW_Y1,ART,AI_ML,Artificial Intelligence & ML,Engineering,1,0,34,
GSEB,ENG,UNI_UG_BSW_Y1,ART,SWE,Software Engineering,Engineering,1,0,35,
GSEB,ENG,UNI_UG_BSW_Y1,ART,THERMO,Thermodynamics,Engineering,1,0,36,
GSEB,ENG,UNI_UG_BSW_Y1,ART,CIRCUITS,Electronic Circuits,Engineering,1,0,37,
GSEB,ENG,UNI_UG_BSW_Y1,ART,ANAT,Human Anatomy,Medical,1,0,38,
GSEB,ENG,UNI_UG_BSW_Y1,ART,PHYS,Physiology,Medical,1,0,39,
GSEB,ENG,UNI_UG_BSW_Y1,ART,PHARM,Pharmacology,Medical,1,0,40,
GSEB,ENG,UNI_UG_BSW_Y1,ART,PATH,Pathology,Medical,1,0,41,
GSEB,ENG,UNI_UG_BSW_Y1,ART,COM_MED,Community Medicine,Medical,1,0,42,
GSEB,ENG,UNI_UG_BSW_Y1,ART,LAW_CON,Constitutional Law,Law,1,0,44,
GSEB,ENG,UNI_UG_BSW_Y1,ART,LAW_IPC,Indian Penal Code,Law,1,0,45,
GSEB,ENG,UNI_UG_BSW_Y1,ART,LAW_CONTR,Contract Law,Law,1,0,46,
GSEB,ENG,UNI_UG_BSW_Y1,ART,JURIS,Jurisprudence,Law,1,0,47,
GSEB,ENG,UNI_UG_BSW_Y1,ART,CORP_ACC,Corporate Accounting,Commerce,1,0,48,
GSEB,ENG,UNI_UG_BSW_Y1,ART,FIN_MGT,Financial Management,Management,1,0,49,
GSEB,ENG,UNI_UG_BSW_Y1,ART,MKT_MGT,Marketing Management,Management,1,0,50,
GSEB,ENG,UNI_UG_BSW_Y1,ART,OB,Organizational Behavior,Management,1,0,51,
GSEB,ENG,UNI_UG_BSW_Y1,ART,UI_UX,User Interface & Experience,Design,1,0,54,
GSEB,ENG,UNI_UG_BSW_Y1,ART,TYPO,Typography,Design,1,0,55,
GSEB,ENG,UNI_UG_BSW_Y1,ART,ARCH_DSN,Architectural Design,Architecture,1,0,56,
GSEB,ENG,UNI_UG_BFA_Y1,ART,DSA,Data Structures & Algorithms,Engineering,1,0,30,
GSEB,ENG,UNI_UG_BFA_Y1,ART,DBMS,Database Management Systems,Engineering,1,0,31,
GSEB,ENG,UNI_UG_BFA_Y1,ART,OS,Operating Systems,Engineering,1,0,32,
GSEB,ENG,UNI_UG_BFA_Y1,ART,CN,Computer Networks,Engineering,1,0,33,
GSEB,ENG,UNI_UG_BFA_Y1,ART,AI_ML,Artificial Intelligence & ML,Engineering,1,0,34,
GSEB,ENG,UNI_UG_BFA_Y1,ART,SWE,Software Engineering,Engineering,1,0,35,
GSEB,ENG,UNI_UG_BFA_Y1,ART,THERMO,Thermodynamics,Engineering,1,0,36,
GSEB,ENG,UNI_UG_BFA_Y1,ART,CIRCUITS,Electronic Circuits,Engineering,1,0,37,
GSEB,ENG,UNI_UG_BFA_Y1,ART,ANAT,Human Anatomy,Medical,1,0,38,
GSEB,ENG,UNI_UG_BFA_Y1,ART,PHYS,Physiology,Medical,1,0,39,
GSEB,ENG,UNI_UG_BFA_Y1,ART,PHARM,Pharmacology,Medical,1,0,40,
GSEB,ENG,UNI_UG_BFA_Y1,ART,PATH,Pathology,Medical,1,0,41,
GSEB,ENG,UNI_UG_BFA_Y1,ART,COM_MED,Community Medicine,Medical,1,0,42,
GSEB,ENG,UNI_UG_BFA_Y1,ART,LAW_CON,Constitutional Law,Law,1,0,44,
GSEB,ENG,UNI_UG_BFA_Y1,ART,LAW_IPC,Indian Penal Code,Law,1,0,45,
GSEB,ENG,UNI_UG_BFA_Y1,ART,LAW_CONTR,Contract Law,Law,1,0,46,
GSEB,ENG,UNI_UG_BFA_Y1,ART,JURIS,Jurisprudence,Law,1,0,47,
GSEB,ENG,UNI_UG_BFA_Y1,ART,CORP_ACC,Corporate Accounting,Commerce,1,0,48,
GSEB,ENG,UNI_UG_BFA_Y1,ART,FIN_MGT,Financial Management,Management,1,0,49,
GSEB,ENG,UNI_UG_BFA_Y1,ART,MKT_MGT,Marketing Management,Management,1,0,50,
GSEB,ENG,UNI_UG_BFA_Y1,ART,OB,Organizational Behavior,Management,1,0,51,
GSEB,ENG,UNI_UG_BFA_Y1,ART,UI_UX,User Interface & Experience,Design,1,0,54,
GSEB,ENG,UNI_UG_BFA_Y1,ART,TYPO,Typography,Design,1,0,55,
GSEB,ENG,UNI_UG_BFA_Y1,ART,ARCH_DSN,Architectural Design,Architecture,1,0,56,
GSEB,ENG,UNI_UG_BHM_Y1,HOS,DSA,Data Structures & Algorithms,Engineering,1,0,30,
GSEB,ENG,UNI_UG_BHM_Y1,HOS,DBMS,Database Management Systems,Engineering,1,0,31,
GSEB,ENG,UNI_UG_BHM_Y1,HOS,OS,Operating Systems,Engineering,1,0,32,
GSEB,ENG,UNI_UG_BHM_Y1,HOS,CN,Computer Networks,Engineering,1,0,33,
GSEB,ENG,UNI_UG_BHM_Y1,HOS,AI_ML,Artificial Intelligence & ML,Engineering,1,0,34,
GSEB,ENG,UNI_UG_BHM_Y1,HOS,SWE,Software Engineering,Engineering,1,0,35,
GSEB,ENG,UNI_UG_BHM_Y1,HOS,THERMO,Thermodynamics,Engineering,1,0,36,
GSEB,ENG,UNI_UG_BHM_Y1,HOS,CIRCUITS,Electronic Circuits,Engineering,1,0,37,
GSEB,ENG,UNI_UG_BHM_Y1,HOS,ANAT,Human Anatomy,Medical,1,0,38,
GSEB,ENG,UNI_UG_BHM_Y1,HOS,PHYS,Physiology,Medical,1,0,39,
GSEB,ENG,UNI_UG_BHM_Y1,HOS,PHARM,Pharmacology,Medical,1,0,40,
GSEB,ENG,UNI_UG_BHM_Y1,HOS,PATH,Pathology,Medical,1,0,41,
GSEB,ENG,UNI_UG_BHM_Y1,HOS,COM_MED,Community Medicine,Medical,1,0,42,
GSEB,ENG,UNI_UG_BHM_Y1,HOS,LAW_CON,Constitutional Law,Law,1,0,44,
GSEB,ENG,UNI_UG_BHM_Y1,HOS,LAW_IPC,Indian Penal Code,Law,1,0,45,
GSEB,ENG,UNI_UG_BHM_Y1,HOS,LAW_CONTR,Contract Law,Law,1,0,46,
GSEB,ENG,UNI_UG_BHM_Y1,HOS,JURIS,Jurisprudence,Law,1,0,47,
GSEB,ENG,UNI_UG_BHM_Y1,HOS,CORP_ACC,Corporate Accounting,Commerce,1,0,48,
GSEB,ENG,UNI_UG_BHM_Y1,HOS,FIN_MGT,Financial Management,Management,1,0,49,
GSEB,ENG,UNI_UG_BHM_Y1,HOS,MKT_MGT,Marketing Management,Management,1,0,50,
GSEB,ENG,UNI_UG_BHM_Y1,HOS,OB,Organizational Behavior,Management,1,0,51,
GSEB,ENG,UNI_UG_BHM_Y1,HOS,UI_UX,User Interface & Experience,Design,1,0,54,
GSEB,ENG,UNI_UG_BHM_Y1,HOS,TYPO,Typography,Design,1,0,55,
GSEB,ENG,UNI_UG_BHM_Y1,HOS,ARCH_DSN,Architectural Design,Architecture,1,0,56,
GSEB,ENG,UNI_PG_MCA_Y1,CSA,DSA,Data Structures & Algorithms,Engineering,1,0,30,
GSEB,ENG,UNI_PG_MCA_Y1,CSA,DBMS,Database Management Systems,Engineering,1,0,31,
GSEB,ENG,UNI_PG_MCA_Y1,CSA,OS,Operating Systems,Engineering,1,0,32,
GSEB,ENG,UNI_PG_MCA_Y1,CSA,CN,Computer Networks,Engineering,1,0,33,
GSEB,ENG,UNI_PG_MCA_Y1,CSA,AI_ML,Artificial Intelligence & ML,Engineering,1,0,34,
GSEB,ENG,UNI_PG_MCA_Y1,CSA,SWE,Software Engineering,Engineering,1,0,35,
GSEB,ENG,UNI_PG_MCA_Y1,CSA,FIN_MGT,Financial Management,Management,1,0,49,
GSEB,ENG,UNI_PG_MCA_Y1,CSA,MKT_MGT,Marketing Management,Management,1,0,50,
GSEB,ENG,UNI_PG_MCA_Y1,CSA,OB,Organizational Behavior,Management,1,0,51,
GSEB,ENG,UNI_PG_MCA_Y2,CSA,DSA,Data Structures & Algorithms,Engineering,1,0,30,
GSEB,ENG,UNI_PG_MCA_Y2,CSA,DBMS,Database Management Systems,Engineering,1,0,31,
GSEB,ENG,UNI_PG_MCA_Y2,CSA,OS,Operating Systems,Engineering,1,0,32,
GSEB,ENG,UNI_PG_MCA_Y2,CSA,CN,Computer Networks,Engineering,1,0,33,
GSEB,ENG,UNI_PG_MCA_Y2,CSA,AI_ML,Artificial Intelligence & ML,Engineering,1,0,34,
GSEB,ENG,UNI_PG_MCA_Y2,CSA,SWE,Software Engineering,Engineering,1,0,35,
GSEB,ENG,UNI_PG_MCA_Y2,CSA,FIN_MGT,Financial Management,Management,1,0,49,
GSEB,ENG,UNI_PG_MCA_Y2,CSA,MKT_MGT,Marketing Management,Management,1,0,50,
GSEB,ENG,UNI_PG_MCA_Y2,CSA,OB,Organizational Behavior,Management,1,0,51,
GSEB,ENG,UNI_PG_MARCH_Y1,ARC,DSA,Data Structures & Algorithms,Engineering,1,0,30,
GSEB,ENG,UNI_PG_MARCH_Y1,ARC,DBMS,Database Management Systems,Engineering,1,0,31,
GSEB,ENG,UNI_PG_MARCH_Y1,ARC,OS,Operating Systems,Engineering,1,0,32,
GSEB,ENG,UNI_PG_MARCH_Y1,ARC,CN,Computer Networks,Engineering,1,0,33,
GSEB,ENG,UNI_PG_MARCH_Y1,ARC,AI_ML,Artificial Intelligence & ML,Engineering,1,0,34,
GSEB,ENG,UNI_PG_MARCH_Y1,ARC,SWE,Software Engineering,Engineering,1,0,35,
GSEB,ENG,UNI_PG_MARCH_Y1,ARC,FIN_MGT,Financial Management,Management,1,0,49,
GSEB,ENG,UNI_PG_MARCH_Y1,ARC,MKT_MGT,Marketing Management,Management,1,0,50,
GSEB,ENG,UNI_PG_MARCH_Y1,ARC,OB,Organizational Behavior,Management,1,0,51,
GSEB,ENG,UNI_PG_MPT_Y1,AHS,DSA,Data Structures & Algorithms,Engineering,1,0,30,
GSEB,ENG,UNI_PG_MPT_Y1,AHS,DBMS,Database Management Systems,Engineering,1,0,31,
GSEB,ENG,UNI_PG_MPT_Y1,AHS,OS,Operating Systems,Engineering,1,0,32,
GSEB,ENG,UNI_PG_MPT_Y1,AHS,CN,Computer Networks,Engineering,1,0,33,
GSEB,ENG,UNI_PG_MPT_Y1,AHS,AI_ML,Artificial Intelligence & ML,Engineering,1,0,34,
GSEB,ENG,UNI_PG_MPT_Y1,AHS,SWE,Software Engineering,Engineering,1,0,35,
GSEB,ENG,UNI_PG_MPT_Y1,AHS,FIN_MGT,Financial Management,Management,1,0,49,
GSEB,ENG,UNI_PG_MPT_Y1,AHS,MKT_MGT,Marketing Management,Management,1,0,50,
GSEB,ENG,UNI_PG_MPT_Y1,AHS,OB,Organizational Behavior,Management,1,0,51,
GSEB,ENG,UNI_PG_MSW_Y1,ART,DSA,Data Structures & Algorithms,Engineering,1,0,30,
GSEB,ENG,UNI_PG_MSW_Y1,ART,DBMS,Database Management Systems,Engineering,1,0,31,
GSEB,ENG,UNI_PG_MSW_Y1,ART,OS,Operating Systems,Engineering,1,0,32,
GSEB,ENG,UNI_PG_MSW_Y1,ART,CN,Computer Networks,Engineering,1,0,33,
GSEB,ENG,UNI_PG_MSW_Y1,ART,AI_ML,Artificial Intelligence & ML,Engineering,1,0,34,
GSEB,ENG,UNI_PG_MSW_Y1,ART,SWE,Software Engineering,Engineering,1,0,35,
GSEB,ENG,UNI_PG_MSW_Y1,ART,FIN_MGT,Financial Management,Management,1,0,49,
GSEB,ENG,UNI_PG_MSW_Y1,ART,MKT_MGT,Marketing Management,Management,1,0,50,
GSEB,ENG,UNI_PG_MSW_Y1,ART,OB,Organizational Behavior,Management,1,0,51,
GSEB,ENG,UNI_PG_MFA_Y1,ART,DSA,Data Structures & Algorithms,Engineering,1,0,30,
GSEB,ENG,UNI_PG_MFA_Y1,ART,DBMS,Database Management Systems,Engineering,1,0,31,
GSEB,ENG,UNI_PG_MFA_Y1,ART,OS,Operating Systems,Engineering,1,0,32,
GSEB,ENG,UNI_PG_MFA_Y1,ART,CN,Computer Networks,Engineering,1,0,33,
GSEB,ENG,UNI_PG_MFA_Y1,ART,AI_ML,Artificial Intelligence & ML,Engineering,1,0,34,
GSEB,ENG,UNI_PG_MFA_Y1,ART,SWE,Software Engineering,Engineering,1,0,35,
GSEB,ENG,UNI_PG_MFA_Y1,ART,FIN_MGT,Financial Management,Management,1,0,49,
GSEB,ENG,UNI_PG_MFA_Y1,ART,MKT_MGT,Marketing Management,Management,1,0,50,
GSEB,ENG,UNI_PG_MFA_Y1,ART,OB,Organizational Behavior,Management,1,0,51,
GSEB,ENG,UNI_PG_MCOM_Y1,PRO_FIN,DSA,Data Structures & Algorithms,Engineering,1,0,30,
GSEB,ENG,UNI_PG_MCOM_Y1,PRO_FIN,DBMS,Database Management Systems,Engineering,1,0,31,
GSEB,ENG,UNI_PG_MCOM_Y1,PRO_FIN,OS,Operating Systems,Engineering,1,0,32,
GSEB,ENG,UNI_PG_MCOM_Y1,PRO_FIN,CN,Computer Networks,Engineering,1,0,33,
GSEB,ENG,UNI_PG_MCOM_Y1,PRO_FIN,AI_ML,Artificial Intelligence & ML,Engineering,1,0,34,
GSEB,ENG,UNI_PG_MCOM_Y1,PRO_FIN,SWE,Software Engineering,Engineering,1,0,35,
GSEB,ENG,UNI_PG_MCOM_Y1,PRO_FIN,FIN_MGT,Financial Management,Management,1,0,49,
GSEB,ENG,UNI_PG_MCOM_Y1,PRO_FIN,MKT_MGT,Marketing Management,Management,1,0,50,
GSEB,ENG,UNI_PG_MCOM_Y1,PRO_FIN,OB,Organizational Behavior,Management,1,0,51,
GSEB,ENG,LMS_CERT_FSD,CSA,UI_UX,User Interface & Experience,Design,1,0,54,
GSEB,ENG,LMS_CERT_FSD,CSA,APT_REAS,Aptitude & Reasoning,Competitive Prep,1,0,68,
GSEB,ENG,LMS_CERT_DATA,AIE,UI_UX,User Interface & Experience,Design,1,0,54,
GSEB,ENG,LMS_CERT_DATA,AIE,APT_REAS,Aptitude & Reasoning,Competitive Prep,1,0,68,
GSEB,ENG,LMS_CERT_CLOUD,ENG,UI_UX,User Interface & Experience,Design,1,0,54,
GSEB,ENG,LMS_CERT_CLOUD,ENG,APT_REAS,Aptitude & Reasoning,Competitive Prep,1,0,68,
GSEB,ENG,LMS_CERT_MLOPS,AIE,UI_UX,User Interface & Experience,Design,1,0,54,
GSEB,ENG,LMS_CERT_MLOPS,AIE,APT_REAS,Aptitude & Reasoning,Competitive Prep,1,0,68,
GSEB,ENG,LMS_CERT_PM,MGT,UI_UX,User Interface & Experience,Design,1,0,54,
GSEB,ENG,LMS_CERT_PM,MGT,APT_REAS,Aptitude & Reasoning,Competitive Prep,1,0,68,
GSEB,ENG,LMS_CERT_AGILE,MGT,UI_UX,User Interface & Experience,Design,1,0,54,
GSEB,ENG,LMS_CERT_AGILE,MGT,APT_REAS,Aptitude & Reasoning,Competitive Prep,1,0,68,
GSEB,ENG,LMS_CERT_CYBER,CSA,UI_UX,User Interface & Experience,Design,1,0,54,
GSEB,ENG,LMS_CERT_CYBER,CSA,APT_REAS,Aptitude & Reasoning,Competitive Prep,1,0,68,
GSEB,ENG,LMS_CERT_WEB3,EMG,UI_UX,User Interface & Experience,Design,1,0,54,
GSEB,ENG,LMS_CERT_WEB3,EMG,APT_REAS,Aptitude & Reasoning,Competitive Prep,1,0,68,
GSEB,ENG,LMS_CERT_DIGMKT,MKT,UI_UX,User Interface & Experience,Design,1,0,54,
GSEB,ENG,LMS_CERT_DIGMKT,MKT,APT_REAS,Aptitude & Reasoning,Competitive Prep,1,0,68,
GSEB,HIN,PRE01,GEN,ENG,English,Language,1,0,1,
GSEB,HIN,PRE01,GEN,HIN,Hindi,Language,1,0,2,
GSEB,HIN,PRE01,GEN,ART,Art & Craft,Co-curricular,1,0,9,
GSEB,HIN,PRE02,GEN,ENG,English,Language,1,0,1,
GSEB,HIN,PRE02,GEN,HIN,Hindi,Language,1,0,2,
GSEB,HIN,PRE02,GEN,ART,Art & Craft,Co-curricular,1,0,9,
GSEB,HIN,PRE03,GEN,ENG,English,Language,1,0,1,
GSEB,HIN,PRE03,GEN,HIN,Hindi,Language,1,0,2,
GSEB,HIN,PRE03,GEN,ART,Art & Craft,Co-curricular,1,0,9,
GSEB,HIN,PRE04,GEN,ENG,English,Language,1,0,1,
GSEB,HIN,PRE04,GEN,HIN,Hindi,Language,1,0,2,
GSEB,HIN,PRE04,GEN,ART,Art & Craft,Co-curricular,1,0,9,
GSEB,HIN,STD01,GEN,ENG,English,Language,1,0,1,
GSEB,HIN,STD01,GEN,HIN,Hindi,Language,1,0,2,
GSEB,HIN,STD01,GEN,REG_LANG,Regional Language,Language,1,0,3,
GSEB,HIN,STD01,GEN,MATH,Mathematics,Core,1,0,4,
GSEB,HIN,STD01,GEN,SCI,Science,Core,1,0,5,
GSEB,HIN,STD01,GEN,SST,Social Studies,Core,1,0,6,
GSEB,HIN,STD01,GEN,EVS,Environmental Studies,Core,1,0,7,
GSEB,HIN,STD01,GEN,COMP,Computer Science,Elective,1,0,8,
GSEB,HIN,STD01,GEN,ART,Art & Craft,Co-curricular,1,0,9,
GSEB,HIN,STD01,GEN,PE,Physical Education,Co-curricular,1,0,10,
GSEB,HIN,STD02,GEN,ENG,English,Language,1,0,1,
GSEB,HIN,STD02,GEN,HIN,Hindi,Language,1,0,2,
GSEB,HIN,STD02,GEN,REG_LANG,Regional Language,Language,1,0,3,
GSEB,HIN,STD02,GEN,MATH,Mathematics,Core,1,0,4,
GSEB,HIN,STD02,GEN,SCI,Science,Core,1,0,5,
GSEB,HIN,STD02,GEN,SST,Social Studies,Core,1,0,6,
GSEB,HIN,STD02,GEN,EVS,Environmental Studies,Core,1,0,7,
GSEB,HIN,STD02,GEN,COMP,Computer Science,Elective,1,0,8,
GSEB,HIN,STD02,GEN,ART,Art & Craft,Co-curricular,1,0,9,
GSEB,HIN,STD02,GEN,PE,Physical Education,Co-curricular,1,0,10,
GSEB,HIN,STD03,GEN,ENG,English,Language,1,0,1,
GSEB,HIN,STD03,GEN,HIN,Hindi,Language,1,0,2,
GSEB,HIN,STD03,GEN,REG_LANG,Regional Language,Language,1,0,3,
GSEB,HIN,STD03,GEN,MATH,Mathematics,Core,1,0,4,
GSEB,HIN,STD03,GEN,SCI,Science,Core,1,0,5,
GSEB,HIN,STD03,GEN,SST,Social Studies,Core,1,0,6,
GSEB,HIN,STD03,GEN,EVS,Environmental Studies,Core,1,0,7,
GSEB,HIN,STD03,GEN,COMP,Computer Science,Elective,1,0,8,
GSEB,HIN,STD03,GEN,ART,Art & Craft,Co-curricular,1,0,9,
GSEB,HIN,STD03,GEN,PE,Physical Education,Co-curricular,1,0,10,
GSEB,HIN,STD04,GEN,ENG,English,Language,1,0,1,
GSEB,HIN,STD04,GEN,HIN,Hindi,Language,1,0,2,
GSEB,HIN,STD04,GEN,REG_LANG,Regional Language,Language,1,0,3,
GSEB,HIN,STD04,GEN,MATH,Mathematics,Core,1,0,4,
GSEB,HIN,STD04,GEN,SCI,Science,Core,1,0,5,
GSEB,HIN,STD04,GEN,SST,Social Studies,Core,1,0,6,
GSEB,HIN,STD04,GEN,EVS,Environmental Studies,Core,1,0,7,
GSEB,HIN,STD04,GEN,COMP,Computer Science,Elective,1,0,8,
GSEB,HIN,STD04,GEN,ART,Art & Craft,Co-curricular,1,0,9,
GSEB,HIN,STD04,GEN,PE,Physical Education,Co-curricular,1,0,10,
GSEB,HIN,STD05,GEN,ENG,English,Language,1,0,1,
GSEB,HIN,STD05,GEN,HIN,Hindi,Language,1,0,2,
GSEB,HIN,STD05,GEN,REG_LANG,Regional Language,Language,1,0,3,
GSEB,HIN,STD05,GEN,MATH,Mathematics,Core,1,0,4,
GSEB,HIN,STD05,GEN,SCI,Science,Core,1,0,5,
GSEB,HIN,STD05,GEN,SST,Social Studies,Core,1,0,6,
GSEB,HIN,STD05,GEN,EVS,Environmental Studies,Core,1,0,7,
GSEB,HIN,STD05,GEN,COMP,Computer Science,Elective,1,0,8,
GSEB,HIN,STD05,GEN,ART,Art & Craft,Co-curricular,1,0,9,
GSEB,HIN,STD05,GEN,PE,Physical Education,Co-curricular,1,0,10,
GSEB,HIN,STD06,GEN,ENG,English,Language,1,0,1,
GSEB,HIN,STD06,GEN,HIN,Hindi,Language,1,0,2,
GSEB,HIN,STD06,GEN,REG_LANG,Regional Language,Language,1,0,3,
GSEB,HIN,STD06,GEN,MATH,Mathematics,Core,1,0,4,
GSEB,HIN,STD06,GEN,SCI,Science,Core,1,0,5,
GSEB,HIN,STD06,GEN,SST,Social Studies,Core,1,0,6,
GSEB,HIN,STD06,GEN,COMP,Computer Science,Elective,1,0,8,
GSEB,HIN,STD06,GEN,ART,Art & Craft,Co-curricular,1,0,9,
GSEB,HIN,STD06,GEN,PE,Physical Education,Co-curricular,1,0,10,
GSEB,HIN,STD07,GEN,ENG,English,Language,1,0,1,
GSEB,HIN,STD07,GEN,HIN,Hindi,Language,1,0,2,
GSEB,HIN,STD07,GEN,REG_LANG,Regional Language,Language,1,0,3,
GSEB,HIN,STD07,GEN,MATH,Mathematics,Core,1,0,4,
GSEB,HIN,STD07,GEN,SCI,Science,Core,1,0,5,
GSEB,HIN,STD07,GEN,SST,Social Studies,Core,1,0,6,
GSEB,HIN,STD07,GEN,COMP,Computer Science,Elective,1,0,8,
GSEB,HIN,STD07,GEN,ART,Art & Craft,Co-curricular,1,0,9,
GSEB,HIN,STD07,GEN,PE,Physical Education,Co-curricular,1,0,10,
GSEB,HIN,STD08,GEN,ENG,English,Language,1,0,1,
GSEB,HIN,STD08,GEN,HIN,Hindi,Language,1,0,2,
GSEB,HIN,STD08,GEN,REG_LANG,Regional Language,Language,1,0,3,
GSEB,HIN,STD08,GEN,MATH,Mathematics,Core,1,0,4,
GSEB,HIN,STD08,GEN,SCI,Science,Core,1,0,5,
GSEB,HIN,STD08,GEN,SST,Social Studies,Core,1,0,6,
GSEB,HIN,STD08,GEN,COMP,Computer Science,Elective,1,0,8,
GSEB,HIN,STD08,GEN,ART,Art & Craft,Co-curricular,1,0,9,
GSEB,HIN,STD08,GEN,PE,Physical Education,Co-curricular,1,0,10,
GSEB,HIN,STD09,GEN,ENG,English,Language,1,0,1,
GSEB,HIN,STD09,GEN,HIN,Hindi,Language,1,0,2,
GSEB,HIN,STD09,GEN,REG_LANG,Regional Language,Language,1,0,3,
GSEB,HIN,STD09,GEN,MATH,Mathematics,Core,1,0,4,
GSEB,HIN,STD09,GEN,SCI,Science,Core,1,0,5,
GSEB,HIN,STD09,GEN,SST,Social Studies,Core,1,0,6,
GSEB,HIN,STD09,GEN,COMP,Computer Science,Elective,1,0,8,
GSEB,HIN,STD09,GEN,ART,Art & Craft,Co-curricular,1,0,9,
GSEB,HIN,STD09,GEN,PE,Physical Education,Co-curricular,1,0,10,
GSEB,HIN,STD10,GEN,ENG,English,Language,1,0,1,
GSEB,HIN,STD10,GEN,HIN,Hindi,Language,1,0,2,
GSEB,HIN,STD10,GEN,REG_LANG,Regional Language,Language,1,0,3,
GSEB,HIN,STD10,GEN,MATH,Mathematics,Core,1,0,4,
GSEB,HIN,STD10,GEN,SCI,Science,Core,1,0,5,
GSEB,HIN,STD10,GEN,SST,Social Studies,Core,1,0,6,
GSEB,HIN,STD10,GEN,COMP,Computer Science,Elective,1,0,8,
GSEB,HIN,STD10,GEN,ART,Art & Craft,Co-curricular,1,0,9,
GSEB,HIN,STD10,GEN,PE,Physical Education,Co-curricular,1,0,10,
GSEB,HIN,STD11_SCI,SCI,ENG,English,Language,1,0,1,
GSEB,HIN,STD11_SCI,SCI,PE,Physical Education,Co-curricular,1,0,10,
GSEB,HIN,STD11_SCI,SCI,PHY,Physics,Science,1,0,11,
GSEB,HIN,STD11_SCI,SCI,CHE,Chemistry,Science,1,0,12,
GSEB,HIN,STD11_SCI,SCI,BIO,Biology,Science,1,0,13,
GSEB,HIN,STD11_SCI,SCI,MATH_ADV,Advanced Mathematics,Science,1,0,14,
GSEB,HIN,STD11_SCI,SCI,IP,Informatics Practices,Elective,1,0,16,
GSEB,HIN,STD11_COM,COM,ENG,English,Language,1,0,1,
GSEB,HIN,STD11_COM,COM,PE,Physical Education,Co-curricular,1,0,10,
GSEB,HIN,STD11_COM,COM,MATH_ADV,Advanced Mathematics,Science,1,0,14,
GSEB,HIN,STD11_COM,COM,APP_MATH,Applied Mathematics,Commerce,1,0,15,
GSEB,HIN,STD11_COM,COM,IP,Informatics Practices,Elective,1,0,16,
GSEB,HIN,STD11_COM,COM,ACC,Accountancy,Commerce,1,0,17,
GSEB,HIN,STD11_COM,COM,BST,Business Studies,Commerce,1,0,18,
GSEB,HIN,STD11_COM,COM,ECO,Economics,Commerce,1,0,19,
GSEB,HIN,STD11_COM,COM,ENT,Entrepreneurship,Elective,1,0,20,
GSEB,HIN,STD11_ART,ART,ENG,English,Language,1,0,1,
GSEB,HIN,STD11_ART,ART,PE,Physical Education,Co-curricular,1,0,10,
GSEB,HIN,STD11_ART,ART,APP_MATH,Applied Mathematics,Commerce,1,0,15,
GSEB,HIN,STD11_ART,ART,IP,Informatics Practices,Elective,1,0,16,
GSEB,HIN,STD11_ART,ART,HIS,History,Humanities,1,0,21,
GSEB,HIN,STD11_ART,ART,GEO,Geography,Humanities,1,0,22,
GSEB,HIN,STD11_ART,ART,POL,Political Science,Humanities,1,0,23,
GSEB,HIN,STD11_ART,ART,PSY,Psychology,Humanities,1,0,24,
GSEB,HIN,STD11_ART,ART,SOC,Sociology,Humanities,1,0,25,
GSEB,HIN,STD12_SCI,SCI,ENG,English,Language,1,0,1,
GSEB,HIN,STD12_SCI,SCI,PE,Physical Education,Co-curricular,1,0,10,
GSEB,HIN,STD12_SCI,SCI,PHY,Physics,Science,1,0,11,
GSEB,HIN,STD12_SCI,SCI,CHE,Chemistry,Science,1,0,12,
GSEB,HIN,STD12_SCI,SCI,BIO,Biology,Science,1,0,13,
GSEB,HIN,STD12_SCI,SCI,MATH_ADV,Advanced Mathematics,Science,1,0,14,
GSEB,HIN,STD12_SCI,SCI,IP,Informatics Practices,Elective,1,0,16,
GSEB,HIN,STD12_COM,COM,ENG,English,Language,1,0,1,
GSEB,HIN,STD12_COM,COM,PE,Physical Education,Co-curricular,1,0,10,
GSEB,HIN,STD12_COM,COM,MATH_ADV,Advanced Mathematics,Science,1,0,14,
GSEB,HIN,STD12_COM,COM,APP_MATH,Applied Mathematics,Commerce,1,0,15,
GSEB,HIN,STD12_COM,COM,IP,Informatics Practices,Elective,1,0,16,
GSEB,HIN,STD12_COM,COM,ACC,Accountancy,Commerce,1,0,17,
GSEB,HIN,STD12_COM,COM,BST,Business Studies,Commerce,1,0,18,
GSEB,HIN,STD12_COM,COM,ECO,Economics,Commerce,1,0,19,
GSEB,HIN,STD12_COM,COM,ENT,Entrepreneurship,Elective,1,0,20,
GSEB,HIN,STD12_ART,ART,ENG,English,Language,1,0,1,
GSEB,HIN,STD12_ART,ART,PE,Physical Education,Co-curricular,1,0,10,
GSEB,HIN,STD12_ART,ART,APP_MATH,Applied Mathematics,Commerce,1,0,15,
GSEB,HIN,STD12_ART,ART,IP,Informatics Practices,Elective,1,0,16,
GSEB,HIN,STD12_ART,ART,HIS,History,Humanities,1,0,21,
GSEB,HIN,STD12_ART,ART,GEO,Geography,Humanities,1,0,22,
GSEB,HIN,STD12_ART,ART,POL,Political Science,Humanities,1,0,23,
GSEB,HIN,STD12_ART,ART,PSY,Psychology,Humanities,1,0,24,
GSEB,HIN,STD12_ART,ART,SOC,Sociology,Humanities,1,0,25,
GSEB,HIN,ITI_ELEC,VOC_IND,ENG_DRAW,Engineering Drawing,Vocational,1,0,26,
GSEB,HIN,ITI_ELEC,VOC_IND,WORK_PRAC,Workshop Practice,Vocational,1,0,27,
GSEB,HIN,ITI_ELEC,VOC_IND,ELEC_THEORY,Electrician Theory,Vocational,1,0,28,
GSEB,HIN,ITI_ELEC,VOC_IND,FIT_THEORY,Fitter Theory,Vocational,1,0,29,
GSEB,HIN,ITI_FIT,VOC_IND,ENG_DRAW,Engineering Drawing,Vocational,1,0,26,
GSEB,HIN,ITI_FIT,VOC_IND,WORK_PRAC,Workshop Practice,Vocational,1,0,27,
GSEB,HIN,ITI_FIT,VOC_IND,ELEC_THEORY,Electrician Theory,Vocational,1,0,28,
GSEB,HIN,ITI_FIT,VOC_IND,FIT_THEORY,Fitter Theory,Vocational,1,0,29,
GSEB,HIN,POLY_ME_Y1,ENG,ENG_DRAW,Engineering Drawing,Vocational,1,0,26,
GSEB,HIN,POLY_ME_Y1,ENG,WORK_PRAC,Workshop Practice,Vocational,1,0,27,
GSEB,HIN,POLY_ME_Y2,ENG,ENG_DRAW,Engineering Drawing,Vocational,1,0,26,
GSEB,HIN,POLY_ME_Y2,ENG,WORK_PRAC,Workshop Practice,Vocational,1,0,27,
GSEB,HIN,POLY_ME_Y3,ENG,ENG_DRAW,Engineering Drawing,Vocational,1,0,26,
GSEB,HIN,POLY_ME_Y3,ENG,WORK_PRAC,Workshop Practice,Vocational,1,0,27,
GSEB,HIN,POLY_CE_Y1,ENG,ENG_DRAW,Engineering Drawing,Vocational,1,0,26,
GSEB,HIN,POLY_CE_Y1,ENG,WORK_PRAC,Workshop Practice,Vocational,1,0,27,
GSEB,HIN,POLY_CE_Y2,ENG,ENG_DRAW,Engineering Drawing,Vocational,1,0,26,
GSEB,HIN,POLY_CE_Y2,ENG,WORK_PRAC,Workshop Practice,Vocational,1,0,27,
GSEB,HIN,POLY_CE_Y3,ENG,ENG_DRAW,Engineering Drawing,Vocational,1,0,26,
GSEB,HIN,POLY_CE_Y3,ENG,WORK_PRAC,Workshop Practice,Vocational,1,0,27,
GSEB,HIN,NUR_GNM_Y1,NUR,NUR_FND,Nursing Foundations,Nursing,1,0,43,
GSEB,HIN,NUR_GNM_Y2,NUR,NUR_FND,Nursing Foundations,Nursing,1,0,43,
GSEB,HIN,UNI_UG_CSE_Y1,ENG,DSA,Data Structures & Algorithms,Engineering,1,0,30,
GSEB,HIN,UNI_UG_CSE_Y1,ENG,DBMS,Database Management Systems,Engineering,1,0,31,
GSEB,HIN,UNI_UG_CSE_Y1,ENG,OS,Operating Systems,Engineering,1,0,32,
GSEB,HIN,UNI_UG_CSE_Y1,ENG,CN,Computer Networks,Engineering,1,0,33,
GSEB,HIN,UNI_UG_CSE_Y1,ENG,AI_ML,Artificial Intelligence & ML,Engineering,1,0,34,
GSEB,HIN,UNI_UG_CSE_Y1,ENG,SWE,Software Engineering,Engineering,1,0,35,
GSEB,HIN,UNI_UG_CSE_Y1,ENG,THERMO,Thermodynamics,Engineering,1,0,36,
GSEB,HIN,UNI_UG_CSE_Y1,ENG,CIRCUITS,Electronic Circuits,Engineering,1,0,37,
GSEB,HIN,UNI_UG_CSE_Y1,ENG,ANAT,Human Anatomy,Medical,1,0,38,
GSEB,HIN,UNI_UG_CSE_Y1,ENG,PHYS,Physiology,Medical,1,0,39,
GSEB,HIN,UNI_UG_CSE_Y1,ENG,PHARM,Pharmacology,Medical,1,0,40,
GSEB,HIN,UNI_UG_CSE_Y1,ENG,PATH,Pathology,Medical,1,0,41,
GSEB,HIN,UNI_UG_CSE_Y1,ENG,COM_MED,Community Medicine,Medical,1,0,42,
GSEB,HIN,UNI_UG_CSE_Y1,ENG,LAW_CON,Constitutional Law,Law,1,0,44,
GSEB,HIN,UNI_UG_CSE_Y1,ENG,LAW_IPC,Indian Penal Code,Law,1,0,45,
GSEB,HIN,UNI_UG_CSE_Y1,ENG,LAW_CONTR,Contract Law,Law,1,0,46,
GSEB,HIN,UNI_UG_CSE_Y1,ENG,JURIS,Jurisprudence,Law,1,0,47,
GSEB,HIN,UNI_UG_CSE_Y1,ENG,CORP_ACC,Corporate Accounting,Commerce,1,0,48,
GSEB,HIN,UNI_UG_CSE_Y1,ENG,FIN_MGT,Financial Management,Management,1,0,49,
GSEB,HIN,UNI_UG_CSE_Y1,ENG,MKT_MGT,Marketing Management,Management,1,0,50,
GSEB,HIN,UNI_UG_CSE_Y1,ENG,OB,Organizational Behavior,Management,1,0,51,
GSEB,HIN,UNI_UG_CSE_Y1,ENG,UI_UX,User Interface & Experience,Design,1,0,54,
GSEB,HIN,UNI_UG_CSE_Y1,ENG,TYPO,Typography,Design,1,0,55,
GSEB,HIN,UNI_UG_CSE_Y1,ENG,ARCH_DSN,Architectural Design,Architecture,1,0,56,
GSEB,HIN,UNI_UG_CSE_Y2,ENG,DSA,Data Structures & Algorithms,Engineering,1,0,30,
GSEB,HIN,UNI_UG_CSE_Y2,ENG,DBMS,Database Management Systems,Engineering,1,0,31,
GSEB,HIN,UNI_UG_CSE_Y2,ENG,OS,Operating Systems,Engineering,1,0,32,
GSEB,HIN,UNI_UG_CSE_Y2,ENG,CN,Computer Networks,Engineering,1,0,33,
GSEB,HIN,UNI_UG_CSE_Y2,ENG,AI_ML,Artificial Intelligence & ML,Engineering,1,0,34,
GSEB,HIN,UNI_UG_CSE_Y2,ENG,SWE,Software Engineering,Engineering,1,0,35,
GSEB,HIN,UNI_UG_CSE_Y2,ENG,THERMO,Thermodynamics,Engineering,1,0,36,
GSEB,HIN,UNI_UG_CSE_Y2,ENG,CIRCUITS,Electronic Circuits,Engineering,1,0,37,
GSEB,HIN,UNI_UG_CSE_Y2,ENG,ANAT,Human Anatomy,Medical,1,0,38,
GSEB,HIN,UNI_UG_CSE_Y2,ENG,PHYS,Physiology,Medical,1,0,39,
GSEB,HIN,UNI_UG_CSE_Y2,ENG,PHARM,Pharmacology,Medical,1,0,40,
GSEB,HIN,UNI_UG_CSE_Y2,ENG,PATH,Pathology,Medical,1,0,41,
GSEB,HIN,UNI_UG_CSE_Y2,ENG,COM_MED,Community Medicine,Medical,1,0,42,
GSEB,HIN,UNI_UG_CSE_Y2,ENG,LAW_CON,Constitutional Law,Law,1,0,44,
GSEB,HIN,UNI_UG_CSE_Y2,ENG,LAW_IPC,Indian Penal Code,Law,1,0,45,
GSEB,HIN,UNI_UG_CSE_Y2,ENG,LAW_CONTR,Contract Law,Law,1,0,46,
GSEB,HIN,UNI_UG_CSE_Y2,ENG,JURIS,Jurisprudence,Law,1,0,47,
GSEB,HIN,UNI_UG_CSE_Y2,ENG,CORP_ACC,Corporate Accounting,Commerce,1,0,48,
GSEB,HIN,UNI_UG_CSE_Y2,ENG,FIN_MGT,Financial Management,Management,1,0,49,
GSEB,HIN,UNI_UG_CSE_Y2,ENG,MKT_MGT,Marketing Management,Management,1,0,50,
GSEB,HIN,UNI_UG_CSE_Y2,ENG,OB,Organizational Behavior,Management,1,0,51,
GSEB,HIN,UNI_UG_CSE_Y2,ENG,UI_UX,User Interface & Experience,Design,1,0,54,
GSEB,HIN,UNI_UG_CSE_Y2,ENG,TYPO,Typography,Design,1,0,55,
GSEB,HIN,UNI_UG_CSE_Y2,ENG,ARCH_DSN,Architectural Design,Architecture,1,0,56,
GSEB,HIN,UNI_UG_CSE_Y3,ENG,DSA,Data Structures & Algorithms,Engineering,1,0,30,
GSEB,HIN,UNI_UG_CSE_Y3,ENG,DBMS,Database Management Systems,Engineering,1,0,31,
GSEB,HIN,UNI_UG_CSE_Y3,ENG,OS,Operating Systems,Engineering,1,0,32,
GSEB,HIN,UNI_UG_CSE_Y3,ENG,CN,Computer Networks,Engineering,1,0,33,
GSEB,HIN,UNI_UG_CSE_Y3,ENG,AI_ML,Artificial Intelligence & ML,Engineering,1,0,34,
GSEB,HIN,UNI_UG_CSE_Y3,ENG,SWE,Software Engineering,Engineering,1,0,35,
GSEB,HIN,UNI_UG_CSE_Y3,ENG,THERMO,Thermodynamics,Engineering,1,0,36,
GSEB,HIN,UNI_UG_CSE_Y3,ENG,CIRCUITS,Electronic Circuits,Engineering,1,0,37,
GSEB,HIN,UNI_UG_CSE_Y3,ENG,ANAT,Human Anatomy,Medical,1,0,38,
GSEB,HIN,UNI_UG_CSE_Y3,ENG,PHYS,Physiology,Medical,1,0,39,
GSEB,HIN,UNI_UG_CSE_Y3,ENG,PHARM,Pharmacology,Medical,1,0,40,
GSEB,HIN,UNI_UG_CSE_Y3,ENG,PATH,Pathology,Medical,1,0,41,
GSEB,HIN,UNI_UG_CSE_Y3,ENG,COM_MED,Community Medicine,Medical,1,0,42,
GSEB,HIN,UNI_UG_CSE_Y3,ENG,LAW_CON,Constitutional Law,Law,1,0,44,
GSEB,HIN,UNI_UG_CSE_Y3,ENG,LAW_IPC,Indian Penal Code,Law,1,0,45,
GSEB,HIN,UNI_UG_CSE_Y3,ENG,LAW_CONTR,Contract Law,Law,1,0,46,
GSEB,HIN,UNI_UG_CSE_Y3,ENG,JURIS,Jurisprudence,Law,1,0,47,
GSEB,HIN,UNI_UG_CSE_Y3,ENG,CORP_ACC,Corporate Accounting,Commerce,1,0,48,
GSEB,HIN,UNI_UG_CSE_Y3,ENG,FIN_MGT,Financial Management,Management,1,0,49,
GSEB,HIN,UNI_UG_CSE_Y3,ENG,MKT_MGT,Marketing Management,Management,1,0,50,
GSEB,HIN,UNI_UG_CSE_Y3,ENG,OB,Organizational Behavior,Management,1,0,51,
GSEB,HIN,UNI_UG_CSE_Y3,ENG,UI_UX,User Interface & Experience,Design,1,0,54,
GSEB,HIN,UNI_UG_CSE_Y3,ENG,TYPO,Typography,Design,1,0,55,
GSEB,HIN,UNI_UG_CSE_Y3,ENG,ARCH_DSN,Architectural Design,Architecture,1,0,56,
GSEB,HIN,UNI_UG_CSE_Y4,ENG,DSA,Data Structures & Algorithms,Engineering,1,0,30,
GSEB,HIN,UNI_UG_CSE_Y4,ENG,DBMS,Database Management Systems,Engineering,1,0,31,
GSEB,HIN,UNI_UG_CSE_Y4,ENG,OS,Operating Systems,Engineering,1,0,32,
GSEB,HIN,UNI_UG_CSE_Y4,ENG,CN,Computer Networks,Engineering,1,0,33,
GSEB,HIN,UNI_UG_CSE_Y4,ENG,AI_ML,Artificial Intelligence & ML,Engineering,1,0,34,
GSEB,HIN,UNI_UG_CSE_Y4,ENG,SWE,Software Engineering,Engineering,1,0,35,
GSEB,HIN,UNI_UG_CSE_Y4,ENG,THERMO,Thermodynamics,Engineering,1,0,36,
GSEB,HIN,UNI_UG_CSE_Y4,ENG,CIRCUITS,Electronic Circuits,Engineering,1,0,37,
GSEB,HIN,UNI_UG_CSE_Y4,ENG,ANAT,Human Anatomy,Medical,1,0,38,
GSEB,HIN,UNI_UG_CSE_Y4,ENG,PHYS,Physiology,Medical,1,0,39,
GSEB,HIN,UNI_UG_CSE_Y4,ENG,PHARM,Pharmacology,Medical,1,0,40,
GSEB,HIN,UNI_UG_CSE_Y4,ENG,PATH,Pathology,Medical,1,0,41,
GSEB,HIN,UNI_UG_CSE_Y4,ENG,COM_MED,Community Medicine,Medical,1,0,42,
GSEB,HIN,UNI_UG_CSE_Y4,ENG,LAW_CON,Constitutional Law,Law,1,0,44,
GSEB,HIN,UNI_UG_CSE_Y4,ENG,LAW_IPC,Indian Penal Code,Law,1,0,45,
GSEB,HIN,UNI_UG_CSE_Y4,ENG,LAW_CONTR,Contract Law,Law,1,0,46,
GSEB,HIN,UNI_UG_CSE_Y4,ENG,JURIS,Jurisprudence,Law,1,0,47,
GSEB,HIN,UNI_UG_CSE_Y4,ENG,CORP_ACC,Corporate Accounting,Commerce,1,0,48,
GSEB,HIN,UNI_UG_CSE_Y4,ENG,FIN_MGT,Financial Management,Management,1,0,49,
GSEB,HIN,UNI_UG_CSE_Y4,ENG,MKT_MGT,Marketing Management,Management,1,0,50,
GSEB,HIN,UNI_UG_CSE_Y4,ENG,OB,Organizational Behavior,Management,1,0,51,
GSEB,HIN,UNI_UG_CSE_Y4,ENG,UI_UX,User Interface & Experience,Design,1,0,54,
GSEB,HIN,UNI_UG_CSE_Y4,ENG,TYPO,Typography,Design,1,0,55,
GSEB,HIN,UNI_UG_CSE_Y4,ENG,ARCH_DSN,Architectural Design,Architecture,1,0,56,
GSEB,HIN,UNI_UG_DS_Y1,SCI,DSA,Data Structures & Algorithms,Engineering,1,0,30,
GSEB,HIN,UNI_UG_DS_Y1,SCI,DBMS,Database Management Systems,Engineering,1,0,31,
GSEB,HIN,UNI_UG_DS_Y1,SCI,OS,Operating Systems,Engineering,1,0,32,
GSEB,HIN,UNI_UG_DS_Y1,SCI,CN,Computer Networks,Engineering,1,0,33,
GSEB,HIN,UNI_UG_DS_Y1,SCI,AI_ML,Artificial Intelligence & ML,Engineering,1,0,34,
GSEB,HIN,UNI_UG_DS_Y1,SCI,SWE,Software Engineering,Engineering,1,0,35,
GSEB,HIN,UNI_UG_DS_Y1,SCI,THERMO,Thermodynamics,Engineering,1,0,36,
GSEB,HIN,UNI_UG_DS_Y1,SCI,CIRCUITS,Electronic Circuits,Engineering,1,0,37,
GSEB,HIN,UNI_UG_DS_Y1,SCI,ANAT,Human Anatomy,Medical,1,0,38,
GSEB,HIN,UNI_UG_DS_Y1,SCI,PHYS,Physiology,Medical,1,0,39,
GSEB,HIN,UNI_UG_DS_Y1,SCI,PHARM,Pharmacology,Medical,1,0,40,
GSEB,HIN,UNI_UG_DS_Y1,SCI,PATH,Pathology,Medical,1,0,41,
GSEB,HIN,UNI_UG_DS_Y1,SCI,COM_MED,Community Medicine,Medical,1,0,42,
GSEB,HIN,UNI_UG_DS_Y1,SCI,LAW_CON,Constitutional Law,Law,1,0,44,
GSEB,HIN,UNI_UG_DS_Y1,SCI,LAW_IPC,Indian Penal Code,Law,1,0,45,
GSEB,HIN,UNI_UG_DS_Y1,SCI,LAW_CONTR,Contract Law,Law,1,0,46,
GSEB,HIN,UNI_UG_DS_Y1,SCI,JURIS,Jurisprudence,Law,1,0,47,
GSEB,HIN,UNI_UG_DS_Y1,SCI,CORP_ACC,Corporate Accounting,Commerce,1,0,48,
GSEB,HIN,UNI_UG_DS_Y1,SCI,FIN_MGT,Financial Management,Management,1,0,49,
GSEB,HIN,UNI_UG_DS_Y1,SCI,MKT_MGT,Marketing Management,Management,1,0,50,
GSEB,HIN,UNI_UG_DS_Y1,SCI,OB,Organizational Behavior,Management,1,0,51,
GSEB,HIN,UNI_UG_DS_Y1,SCI,UI_UX,User Interface & Experience,Design,1,0,54,
GSEB,HIN,UNI_UG_DS_Y1,SCI,TYPO,Typography,Design,1,0,55,
GSEB,HIN,UNI_UG_DS_Y1,SCI,ARCH_DSN,Architectural Design,Architecture,1,0,56,
GSEB,HIN,UNI_UG_DS_Y2,SCI,DSA,Data Structures & Algorithms,Engineering,1,0,30,
GSEB,HIN,UNI_UG_DS_Y2,SCI,DBMS,Database Management Systems,Engineering,1,0,31,
GSEB,HIN,UNI_UG_DS_Y2,SCI,OS,Operating Systems,Engineering,1,0,32,
GSEB,HIN,UNI_UG_DS_Y2,SCI,CN,Computer Networks,Engineering,1,0,33,
GSEB,HIN,UNI_UG_DS_Y2,SCI,AI_ML,Artificial Intelligence & ML,Engineering,1,0,34,
GSEB,HIN,UNI_UG_DS_Y2,SCI,SWE,Software Engineering,Engineering,1,0,35,
GSEB,HIN,UNI_UG_DS_Y2,SCI,THERMO,Thermodynamics,Engineering,1,0,36,
GSEB,HIN,UNI_UG_DS_Y2,SCI,CIRCUITS,Electronic Circuits,Engineering,1,0,37,
GSEB,HIN,UNI_UG_DS_Y2,SCI,ANAT,Human Anatomy,Medical,1,0,38,
GSEB,HIN,UNI_UG_DS_Y2,SCI,PHYS,Physiology,Medical,1,0,39,
GSEB,HIN,UNI_UG_DS_Y2,SCI,PHARM,Pharmacology,Medical,1,0,40,
GSEB,HIN,UNI_UG_DS_Y2,SCI,PATH,Pathology,Medical,1,0,41,
GSEB,HIN,UNI_UG_DS_Y2,SCI,COM_MED,Community Medicine,Medical,1,0,42,
GSEB,HIN,UNI_UG_DS_Y2,SCI,LAW_CON,Constitutional Law,Law,1,0,44,
GSEB,HIN,UNI_UG_DS_Y2,SCI,LAW_IPC,Indian Penal Code,Law,1,0,45,
GSEB,HIN,UNI_UG_DS_Y2,SCI,LAW_CONTR,Contract Law,Law,1,0,46,
GSEB,HIN,UNI_UG_DS_Y2,SCI,JURIS,Jurisprudence,Law,1,0,47,
GSEB,HIN,UNI_UG_DS_Y2,SCI,CORP_ACC,Corporate Accounting,Commerce,1,0,48,
GSEB,HIN,UNI_UG_DS_Y2,SCI,FIN_MGT,Financial Management,Management,1,0,49,
GSEB,HIN,UNI_UG_DS_Y2,SCI,MKT_MGT,Marketing Management,Management,1,0,50,
GSEB,HIN,UNI_UG_DS_Y2,SCI,OB,Organizational Behavior,Management,1,0,51,
GSEB,HIN,UNI_UG_DS_Y2,SCI,UI_UX,User Interface & Experience,Design,1,0,54,
GSEB,HIN,UNI_UG_DS_Y2,SCI,TYPO,Typography,Design,1,0,55,
GSEB,HIN,UNI_UG_DS_Y2,SCI,ARCH_DSN,Architectural Design,Architecture,1,0,56,
GSEB,HIN,UNI_UG_DS_Y3,SCI,DSA,Data Structures & Algorithms,Engineering,1,0,30,
GSEB,HIN,UNI_UG_DS_Y3,SCI,DBMS,Database Management Systems,Engineering,1,0,31,
GSEB,HIN,UNI_UG_DS_Y3,SCI,OS,Operating Systems,Engineering,1,0,32,
GSEB,HIN,UNI_UG_DS_Y3,SCI,CN,Computer Networks,Engineering,1,0,33,
GSEB,HIN,UNI_UG_DS_Y3,SCI,AI_ML,Artificial Intelligence & ML,Engineering,1,0,34,
GSEB,HIN,UNI_UG_DS_Y3,SCI,SWE,Software Engineering,Engineering,1,0,35,
GSEB,HIN,UNI_UG_DS_Y3,SCI,THERMO,Thermodynamics,Engineering,1,0,36,
GSEB,HIN,UNI_UG_DS_Y3,SCI,CIRCUITS,Electronic Circuits,Engineering,1,0,37,
GSEB,HIN,UNI_UG_DS_Y3,SCI,ANAT,Human Anatomy,Medical,1,0,38,
GSEB,HIN,UNI_UG_DS_Y3,SCI,PHYS,Physiology,Medical,1,0,39,
GSEB,HIN,UNI_UG_DS_Y3,SCI,PHARM,Pharmacology,Medical,1,0,40,
GSEB,HIN,UNI_UG_DS_Y3,SCI,PATH,Pathology,Medical,1,0,41,
GSEB,HIN,UNI_UG_DS_Y3,SCI,COM_MED,Community Medicine,Medical,1,0,42,
GSEB,HIN,UNI_UG_DS_Y3,SCI,LAW_CON,Constitutional Law,Law,1,0,44,
GSEB,HIN,UNI_UG_DS_Y3,SCI,LAW_IPC,Indian Penal Code,Law,1,0,45,
GSEB,HIN,UNI_UG_DS_Y3,SCI,LAW_CONTR,Contract Law,Law,1,0,46,
GSEB,HIN,UNI_UG_DS_Y3,SCI,JURIS,Jurisprudence,Law,1,0,47,
GSEB,HIN,UNI_UG_DS_Y3,SCI,CORP_ACC,Corporate Accounting,Commerce,1,0,48,
GSEB,HIN,UNI_UG_DS_Y3,SCI,FIN_MGT,Financial Management,Management,1,0,49,
GSEB,HIN,UNI_UG_DS_Y3,SCI,MKT_MGT,Marketing Management,Management,1,0,50,
GSEB,HIN,UNI_UG_DS_Y3,SCI,OB,Organizational Behavior,Management,1,0,51,
GSEB,HIN,UNI_UG_DS_Y3,SCI,UI_UX,User Interface & Experience,Design,1,0,54,
GSEB,HIN,UNI_UG_DS_Y3,SCI,TYPO,Typography,Design,1,0,55,
GSEB,HIN,UNI_UG_DS_Y3,SCI,ARCH_DSN,Architectural Design,Architecture,1,0,56,
GSEB,HIN,UNI_UG_UX_Y1,DES,DSA,Data Structures & Algorithms,Engineering,1,0,30,
GSEB,HIN,UNI_UG_UX_Y1,DES,DBMS,Database Management Systems,Engineering,1,0,31,
GSEB,HIN,UNI_UG_UX_Y1,DES,OS,Operating Systems,Engineering,1,0,32,
GSEB,HIN,UNI_UG_UX_Y1,DES,CN,Computer Networks,Engineering,1,0,33,
GSEB,HIN,UNI_UG_UX_Y1,DES,AI_ML,Artificial Intelligence & ML,Engineering,1,0,34,
GSEB,HIN,UNI_UG_UX_Y1,DES,SWE,Software Engineering,Engineering,1,0,35,
GSEB,HIN,UNI_UG_UX_Y1,DES,THERMO,Thermodynamics,Engineering,1,0,36,
GSEB,HIN,UNI_UG_UX_Y1,DES,CIRCUITS,Electronic Circuits,Engineering,1,0,37,
GSEB,HIN,UNI_UG_UX_Y1,DES,ANAT,Human Anatomy,Medical,1,0,38,
GSEB,HIN,UNI_UG_UX_Y1,DES,PHYS,Physiology,Medical,1,0,39,
GSEB,HIN,UNI_UG_UX_Y1,DES,PHARM,Pharmacology,Medical,1,0,40,
GSEB,HIN,UNI_UG_UX_Y1,DES,PATH,Pathology,Medical,1,0,41,
GSEB,HIN,UNI_UG_UX_Y1,DES,COM_MED,Community Medicine,Medical,1,0,42,
GSEB,HIN,UNI_UG_UX_Y1,DES,LAW_CON,Constitutional Law,Law,1,0,44,
GSEB,HIN,UNI_UG_UX_Y1,DES,LAW_IPC,Indian Penal Code,Law,1,0,45,
GSEB,HIN,UNI_UG_UX_Y1,DES,LAW_CONTR,Contract Law,Law,1,0,46,
GSEB,HIN,UNI_UG_UX_Y1,DES,JURIS,Jurisprudence,Law,1,0,47,
GSEB,HIN,UNI_UG_UX_Y1,DES,CORP_ACC,Corporate Accounting,Commerce,1,0,48,
GSEB,HIN,UNI_UG_UX_Y1,DES,FIN_MGT,Financial Management,Management,1,0,49,
GSEB,HIN,UNI_UG_UX_Y1,DES,MKT_MGT,Marketing Management,Management,1,0,50,
GSEB,HIN,UNI_UG_UX_Y1,DES,OB,Organizational Behavior,Management,1,0,51,
GSEB,HIN,UNI_UG_UX_Y1,DES,UI_UX,User Interface & Experience,Design,1,0,54,
GSEB,HIN,UNI_UG_UX_Y1,DES,TYPO,Typography,Design,1,0,55,
GSEB,HIN,UNI_UG_UX_Y1,DES,ARCH_DSN,Architectural Design,Architecture,1,0,56,
GSEB,HIN,UNI_UG_UX_Y2,DES,DSA,Data Structures & Algorithms,Engineering,1,0,30,
GSEB,HIN,UNI_UG_UX_Y2,DES,DBMS,Database Management Systems,Engineering,1,0,31,
GSEB,HIN,UNI_UG_UX_Y2,DES,OS,Operating Systems,Engineering,1,0,32,
GSEB,HIN,UNI_UG_UX_Y2,DES,CN,Computer Networks,Engineering,1,0,33,
GSEB,HIN,UNI_UG_UX_Y2,DES,AI_ML,Artificial Intelligence & ML,Engineering,1,0,34,
GSEB,HIN,UNI_UG_UX_Y2,DES,SWE,Software Engineering,Engineering,1,0,35,
GSEB,HIN,UNI_UG_UX_Y2,DES,THERMO,Thermodynamics,Engineering,1,0,36,
GSEB,HIN,UNI_UG_UX_Y2,DES,CIRCUITS,Electronic Circuits,Engineering,1,0,37,
GSEB,HIN,UNI_UG_UX_Y2,DES,ANAT,Human Anatomy,Medical,1,0,38,
GSEB,HIN,UNI_UG_UX_Y2,DES,PHYS,Physiology,Medical,1,0,39,
GSEB,HIN,UNI_UG_UX_Y2,DES,PHARM,Pharmacology,Medical,1,0,40,
GSEB,HIN,UNI_UG_UX_Y2,DES,PATH,Pathology,Medical,1,0,41,
GSEB,HIN,UNI_UG_UX_Y2,DES,COM_MED,Community Medicine,Medical,1,0,42,
GSEB,HIN,UNI_UG_UX_Y2,DES,LAW_CON,Constitutional Law,Law,1,0,44,
GSEB,HIN,UNI_UG_UX_Y2,DES,LAW_IPC,Indian Penal Code,Law,1,0,45,
GSEB,HIN,UNI_UG_UX_Y2,DES,LAW_CONTR,Contract Law,Law,1,0,46,
GSEB,HIN,UNI_UG_UX_Y2,DES,JURIS,Jurisprudence,Law,1,0,47,
GSEB,HIN,UNI_UG_UX_Y2,DES,CORP_ACC,Corporate Accounting,Commerce,1,0,48,
GSEB,HIN,UNI_UG_UX_Y2,DES,FIN_MGT,Financial Management,Management,1,0,49,
GSEB,HIN,UNI_UG_UX_Y2,DES,MKT_MGT,Marketing Management,Management,1,0,50,
GSEB,HIN,UNI_UG_UX_Y2,DES,OB,Organizational Behavior,Management,1,0,51,
GSEB,HIN,UNI_UG_UX_Y2,DES,UI_UX,User Interface & Experience,Design,1,0,54,
GSEB,HIN,UNI_UG_UX_Y2,DES,TYPO,Typography,Design,1,0,55,
GSEB,HIN,UNI_UG_UX_Y2,DES,ARCH_DSN,Architectural Design,Architecture,1,0,56,
GSEB,HIN,UNI_UG_UX_Y3,DES,DSA,Data Structures & Algorithms,Engineering,1,0,30,
GSEB,HIN,UNI_UG_UX_Y3,DES,DBMS,Database Management Systems,Engineering,1,0,31,
GSEB,HIN,UNI_UG_UX_Y3,DES,OS,Operating Systems,Engineering,1,0,32,
GSEB,HIN,UNI_UG_UX_Y3,DES,CN,Computer Networks,Engineering,1,0,33,
GSEB,HIN,UNI_UG_UX_Y3,DES,AI_ML,Artificial Intelligence & ML,Engineering,1,0,34,
GSEB,HIN,UNI_UG_UX_Y3,DES,SWE,Software Engineering,Engineering,1,0,35,
GSEB,HIN,UNI_UG_UX_Y3,DES,THERMO,Thermodynamics,Engineering,1,0,36,
GSEB,HIN,UNI_UG_UX_Y3,DES,CIRCUITS,Electronic Circuits,Engineering,1,0,37,
GSEB,HIN,UNI_UG_UX_Y3,DES,ANAT,Human Anatomy,Medical,1,0,38,
GSEB,HIN,UNI_UG_UX_Y3,DES,PHYS,Physiology,Medical,1,0,39,
GSEB,HIN,UNI_UG_UX_Y3,DES,PHARM,Pharmacology,Medical,1,0,40,
GSEB,HIN,UNI_UG_UX_Y3,DES,PATH,Pathology,Medical,1,0,41,
GSEB,HIN,UNI_UG_UX_Y3,DES,COM_MED,Community Medicine,Medical,1,0,42,
GSEB,HIN,UNI_UG_UX_Y3,DES,LAW_CON,Constitutional Law,Law,1,0,44,
GSEB,HIN,UNI_UG_UX_Y3,DES,LAW_IPC,Indian Penal Code,Law,1,0,45,
GSEB,HIN,UNI_UG_UX_Y3,DES,LAW_CONTR,Contract Law,Law,1,0,46,
GSEB,HIN,UNI_UG_UX_Y3,DES,JURIS,Jurisprudence,Law,1,0,47,
GSEB,HIN,UNI_UG_UX_Y3,DES,CORP_ACC,Corporate Accounting,Commerce,1,0,48,
GSEB,HIN,UNI_UG_UX_Y3,DES,FIN_MGT,Financial Management,Management,1,0,49,
GSEB,HIN,UNI_UG_UX_Y3,DES,MKT_MGT,Marketing Management,Management,1,0,50,
GSEB,HIN,UNI_UG_UX_Y3,DES,OB,Organizational Behavior,Management,1,0,51,
GSEB,HIN,UNI_UG_UX_Y3,DES,UI_UX,User Interface & Experience,Design,1,0,54,
GSEB,HIN,UNI_UG_UX_Y3,DES,TYPO,Typography,Design,1,0,55,
GSEB,HIN,UNI_UG_UX_Y3,DES,ARCH_DSN,Architectural Design,Architecture,1,0,56,
GSEB,HIN,UNI_UG_UX_Y4,DES,DSA,Data Structures & Algorithms,Engineering,1,0,30,
GSEB,HIN,UNI_UG_UX_Y4,DES,DBMS,Database Management Systems,Engineering,1,0,31,
GSEB,HIN,UNI_UG_UX_Y4,DES,OS,Operating Systems,Engineering,1,0,32,
GSEB,HIN,UNI_UG_UX_Y4,DES,CN,Computer Networks,Engineering,1,0,33,
GSEB,HIN,UNI_UG_UX_Y4,DES,AI_ML,Artificial Intelligence & ML,Engineering,1,0,34,
GSEB,HIN,UNI_UG_UX_Y4,DES,SWE,Software Engineering,Engineering,1,0,35,
GSEB,HIN,UNI_UG_UX_Y4,DES,THERMO,Thermodynamics,Engineering,1,0,36,
GSEB,HIN,UNI_UG_UX_Y4,DES,CIRCUITS,Electronic Circuits,Engineering,1,0,37,
GSEB,HIN,UNI_UG_UX_Y4,DES,ANAT,Human Anatomy,Medical,1,0,38,
GSEB,HIN,UNI_UG_UX_Y4,DES,PHYS,Physiology,Medical,1,0,39,
GSEB,HIN,UNI_UG_UX_Y4,DES,PHARM,Pharmacology,Medical,1,0,40,
GSEB,HIN,UNI_UG_UX_Y4,DES,PATH,Pathology,Medical,1,0,41,
GSEB,HIN,UNI_UG_UX_Y4,DES,COM_MED,Community Medicine,Medical,1,0,42,
GSEB,HIN,UNI_UG_UX_Y4,DES,LAW_CON,Constitutional Law,Law,1,0,44,
GSEB,HIN,UNI_UG_UX_Y4,DES,LAW_IPC,Indian Penal Code,Law,1,0,45,
GSEB,HIN,UNI_UG_UX_Y4,DES,LAW_CONTR,Contract Law,Law,1,0,46,
GSEB,HIN,UNI_UG_UX_Y4,DES,JURIS,Jurisprudence,Law,1,0,47,
GSEB,HIN,UNI_UG_UX_Y4,DES,CORP_ACC,Corporate Accounting,Commerce,1,0,48,
GSEB,HIN,UNI_UG_UX_Y4,DES,FIN_MGT,Financial Management,Management,1,0,49,
GSEB,HIN,UNI_UG_UX_Y4,DES,MKT_MGT,Marketing Management,Management,1,0,50,
GSEB,HIN,UNI_UG_UX_Y4,DES,OB,Organizational Behavior,Management,1,0,51,
GSEB,HIN,UNI_UG_UX_Y4,DES,UI_UX,User Interface & Experience,Design,1,0,54,
GSEB,HIN,UNI_UG_UX_Y4,DES,TYPO,Typography,Design,1,0,55,
GSEB,HIN,UNI_UG_UX_Y4,DES,ARCH_DSN,Architectural Design,Architecture,1,0,56,
GSEB,HIN,UNI_UG_LAW_Y1,LAW,DSA,Data Structures & Algorithms,Engineering,1,0,30,
GSEB,HIN,UNI_UG_LAW_Y1,LAW,DBMS,Database Management Systems,Engineering,1,0,31,
GSEB,HIN,UNI_UG_LAW_Y1,LAW,OS,Operating Systems,Engineering,1,0,32,
GSEB,HIN,UNI_UG_LAW_Y1,LAW,CN,Computer Networks,Engineering,1,0,33,
GSEB,HIN,UNI_UG_LAW_Y1,LAW,AI_ML,Artificial Intelligence & ML,Engineering,1,0,34,
GSEB,HIN,UNI_UG_LAW_Y1,LAW,SWE,Software Engineering,Engineering,1,0,35,
GSEB,HIN,UNI_UG_LAW_Y1,LAW,THERMO,Thermodynamics,Engineering,1,0,36,
GSEB,HIN,UNI_UG_LAW_Y1,LAW,CIRCUITS,Electronic Circuits,Engineering,1,0,37,
GSEB,HIN,UNI_UG_LAW_Y1,LAW,ANAT,Human Anatomy,Medical,1,0,38,
GSEB,HIN,UNI_UG_LAW_Y1,LAW,PHYS,Physiology,Medical,1,0,39,
GSEB,HIN,UNI_UG_LAW_Y1,LAW,PHARM,Pharmacology,Medical,1,0,40,
GSEB,HIN,UNI_UG_LAW_Y1,LAW,PATH,Pathology,Medical,1,0,41,
GSEB,HIN,UNI_UG_LAW_Y1,LAW,COM_MED,Community Medicine,Medical,1,0,42,
GSEB,HIN,UNI_UG_LAW_Y1,LAW,LAW_CON,Constitutional Law,Law,1,0,44,
GSEB,HIN,UNI_UG_LAW_Y1,LAW,LAW_IPC,Indian Penal Code,Law,1,0,45,
GSEB,HIN,UNI_UG_LAW_Y1,LAW,LAW_CONTR,Contract Law,Law,1,0,46,
GSEB,HIN,UNI_UG_LAW_Y1,LAW,JURIS,Jurisprudence,Law,1,0,47,
GSEB,HIN,UNI_UG_LAW_Y1,LAW,CORP_ACC,Corporate Accounting,Commerce,1,0,48,
GSEB,HIN,UNI_UG_LAW_Y1,LAW,FIN_MGT,Financial Management,Management,1,0,49,
GSEB,HIN,UNI_UG_LAW_Y1,LAW,MKT_MGT,Marketing Management,Management,1,0,50,
GSEB,HIN,UNI_UG_LAW_Y1,LAW,OB,Organizational Behavior,Management,1,0,51,
GSEB,HIN,UNI_UG_LAW_Y1,LAW,UI_UX,User Interface & Experience,Design,1,0,54,
GSEB,HIN,UNI_UG_LAW_Y1,LAW,TYPO,Typography,Design,1,0,55,
GSEB,HIN,UNI_UG_LAW_Y1,LAW,ARCH_DSN,Architectural Design,Architecture,1,0,56,
GSEB,HIN,UNI_UG_LAW_Y5,LAW,DSA,Data Structures & Algorithms,Engineering,1,0,30,
GSEB,HIN,UNI_UG_LAW_Y5,LAW,DBMS,Database Management Systems,Engineering,1,0,31,
GSEB,HIN,UNI_UG_LAW_Y5,LAW,OS,Operating Systems,Engineering,1,0,32,
GSEB,HIN,UNI_UG_LAW_Y5,LAW,CN,Computer Networks,Engineering,1,0,33,
GSEB,HIN,UNI_UG_LAW_Y5,LAW,AI_ML,Artificial Intelligence & ML,Engineering,1,0,34,
GSEB,HIN,UNI_UG_LAW_Y5,LAW,SWE,Software Engineering,Engineering,1,0,35,
GSEB,HIN,UNI_UG_LAW_Y5,LAW,THERMO,Thermodynamics,Engineering,1,0,36,
GSEB,HIN,UNI_UG_LAW_Y5,LAW,CIRCUITS,Electronic Circuits,Engineering,1,0,37,
GSEB,HIN,UNI_UG_LAW_Y5,LAW,ANAT,Human Anatomy,Medical,1,0,38,
GSEB,HIN,UNI_UG_LAW_Y5,LAW,PHYS,Physiology,Medical,1,0,39,
GSEB,HIN,UNI_UG_LAW_Y5,LAW,PHARM,Pharmacology,Medical,1,0,40,
GSEB,HIN,UNI_UG_LAW_Y5,LAW,PATH,Pathology,Medical,1,0,41,
GSEB,HIN,UNI_UG_LAW_Y5,LAW,COM_MED,Community Medicine,Medical,1,0,42,
GSEB,HIN,UNI_UG_LAW_Y5,LAW,LAW_CON,Constitutional Law,Law,1,0,44,
GSEB,HIN,UNI_UG_LAW_Y5,LAW,LAW_IPC,Indian Penal Code,Law,1,0,45,
GSEB,HIN,UNI_UG_LAW_Y5,LAW,LAW_CONTR,Contract Law,Law,1,0,46,
GSEB,HIN,UNI_UG_LAW_Y5,LAW,JURIS,Jurisprudence,Law,1,0,47,
GSEB,HIN,UNI_UG_LAW_Y5,LAW,CORP_ACC,Corporate Accounting,Commerce,1,0,48,
GSEB,HIN,UNI_UG_LAW_Y5,LAW,FIN_MGT,Financial Management,Management,1,0,49,
GSEB,HIN,UNI_UG_LAW_Y5,LAW,MKT_MGT,Marketing Management,Management,1,0,50,
GSEB,HIN,UNI_UG_LAW_Y5,LAW,OB,Organizational Behavior,Management,1,0,51,
GSEB,HIN,UNI_UG_LAW_Y5,LAW,UI_UX,User Interface & Experience,Design,1,0,54,
GSEB,HIN,UNI_UG_LAW_Y5,LAW,TYPO,Typography,Design,1,0,55,
GSEB,HIN,UNI_UG_LAW_Y5,LAW,ARCH_DSN,Architectural Design,Architecture,1,0,56,
GSEB,HIN,UNI_UG_MED_Y1,MED,DSA,Data Structures & Algorithms,Engineering,1,0,30,
GSEB,HIN,UNI_UG_MED_Y1,MED,DBMS,Database Management Systems,Engineering,1,0,31,
GSEB,HIN,UNI_UG_MED_Y1,MED,OS,Operating Systems,Engineering,1,0,32,
GSEB,HIN,UNI_UG_MED_Y1,MED,CN,Computer Networks,Engineering,1,0,33,
GSEB,HIN,UNI_UG_MED_Y1,MED,AI_ML,Artificial Intelligence & ML,Engineering,1,0,34,
GSEB,HIN,UNI_UG_MED_Y1,MED,SWE,Software Engineering,Engineering,1,0,35,
GSEB,HIN,UNI_UG_MED_Y1,MED,THERMO,Thermodynamics,Engineering,1,0,36,
GSEB,HIN,UNI_UG_MED_Y1,MED,CIRCUITS,Electronic Circuits,Engineering,1,0,37,
GSEB,HIN,UNI_UG_MED_Y1,MED,ANAT,Human Anatomy,Medical,1,0,38,
GSEB,HIN,UNI_UG_MED_Y1,MED,PHYS,Physiology,Medical,1,0,39,
GSEB,HIN,UNI_UG_MED_Y1,MED,PHARM,Pharmacology,Medical,1,0,40,
GSEB,HIN,UNI_UG_MED_Y1,MED,PATH,Pathology,Medical,1,0,41,
GSEB,HIN,UNI_UG_MED_Y1,MED,COM_MED,Community Medicine,Medical,1,0,42,
GSEB,HIN,UNI_UG_MED_Y1,MED,LAW_CON,Constitutional Law,Law,1,0,44,
GSEB,HIN,UNI_UG_MED_Y1,MED,LAW_IPC,Indian Penal Code,Law,1,0,45,
GSEB,HIN,UNI_UG_MED_Y1,MED,LAW_CONTR,Contract Law,Law,1,0,46,
GSEB,HIN,UNI_UG_MED_Y1,MED,JURIS,Jurisprudence,Law,1,0,47,
GSEB,HIN,UNI_UG_MED_Y1,MED,CORP_ACC,Corporate Accounting,Commerce,1,0,48,
GSEB,HIN,UNI_UG_MED_Y1,MED,FIN_MGT,Financial Management,Management,1,0,49,
GSEB,HIN,UNI_UG_MED_Y1,MED,MKT_MGT,Marketing Management,Management,1,0,50,
GSEB,HIN,UNI_UG_MED_Y1,MED,OB,Organizational Behavior,Management,1,0,51,
GSEB,HIN,UNI_UG_MED_Y1,MED,UI_UX,User Interface & Experience,Design,1,0,54,
GSEB,HIN,UNI_UG_MED_Y1,MED,TYPO,Typography,Design,1,0,55,
GSEB,HIN,UNI_UG_MED_Y1,MED,ARCH_DSN,Architectural Design,Architecture,1,0,56,
GSEB,HIN,UNI_UG_MED_Y2,MED,DSA,Data Structures & Algorithms,Engineering,1,0,30,
GSEB,HIN,UNI_UG_MED_Y2,MED,DBMS,Database Management Systems,Engineering,1,0,31,
GSEB,HIN,UNI_UG_MED_Y2,MED,OS,Operating Systems,Engineering,1,0,32,
GSEB,HIN,UNI_UG_MED_Y2,MED,CN,Computer Networks,Engineering,1,0,33,
GSEB,HIN,UNI_UG_MED_Y2,MED,AI_ML,Artificial Intelligence & ML,Engineering,1,0,34,
GSEB,HIN,UNI_UG_MED_Y2,MED,SWE,Software Engineering,Engineering,1,0,35,
GSEB,HIN,UNI_UG_MED_Y2,MED,THERMO,Thermodynamics,Engineering,1,0,36,
GSEB,HIN,UNI_UG_MED_Y2,MED,CIRCUITS,Electronic Circuits,Engineering,1,0,37,
GSEB,HIN,UNI_UG_MED_Y2,MED,ANAT,Human Anatomy,Medical,1,0,38,
GSEB,HIN,UNI_UG_MED_Y2,MED,PHYS,Physiology,Medical,1,0,39,
GSEB,HIN,UNI_UG_MED_Y2,MED,PHARM,Pharmacology,Medical,1,0,40,
GSEB,HIN,UNI_UG_MED_Y2,MED,PATH,Pathology,Medical,1,0,41,
GSEB,HIN,UNI_UG_MED_Y2,MED,COM_MED,Community Medicine,Medical,1,0,42,
GSEB,HIN,UNI_UG_MED_Y2,MED,LAW_CON,Constitutional Law,Law,1,0,44,
GSEB,HIN,UNI_UG_MED_Y2,MED,LAW_IPC,Indian Penal Code,Law,1,0,45,
GSEB,HIN,UNI_UG_MED_Y2,MED,LAW_CONTR,Contract Law,Law,1,0,46,
GSEB,HIN,UNI_UG_MED_Y2,MED,JURIS,Jurisprudence,Law,1,0,47,
GSEB,HIN,UNI_UG_MED_Y2,MED,CORP_ACC,Corporate Accounting,Commerce,1,0,48,
GSEB,HIN,UNI_UG_MED_Y2,MED,FIN_MGT,Financial Management,Management,1,0,49,
GSEB,HIN,UNI_UG_MED_Y2,MED,MKT_MGT,Marketing Management,Management,1,0,50,
GSEB,HIN,UNI_UG_MED_Y2,MED,OB,Organizational Behavior,Management,1,0,51,
GSEB,HIN,UNI_UG_MED_Y2,MED,UI_UX,User Interface & Experience,Design,1,0,54,
GSEB,HIN,UNI_UG_MED_Y2,MED,TYPO,Typography,Design,1,0,55,
GSEB,HIN,UNI_UG_MED_Y2,MED,ARCH_DSN,Architectural Design,Architecture,1,0,56,
GSEB,HIN,UNI_UG_MED_Y3,MED,DSA,Data Structures & Algorithms,Engineering,1,0,30,
GSEB,HIN,UNI_UG_MED_Y3,MED,DBMS,Database Management Systems,Engineering,1,0,31,
GSEB,HIN,UNI_UG_MED_Y3,MED,OS,Operating Systems,Engineering,1,0,32,
GSEB,HIN,UNI_UG_MED_Y3,MED,CN,Computer Networks,Engineering,1,0,33,
GSEB,HIN,UNI_UG_MED_Y3,MED,AI_ML,Artificial Intelligence & ML,Engineering,1,0,34,
GSEB,HIN,UNI_UG_MED_Y3,MED,SWE,Software Engineering,Engineering,1,0,35,
GSEB,HIN,UNI_UG_MED_Y3,MED,THERMO,Thermodynamics,Engineering,1,0,36,
GSEB,HIN,UNI_UG_MED_Y3,MED,CIRCUITS,Electronic Circuits,Engineering,1,0,37,
GSEB,HIN,UNI_UG_MED_Y3,MED,ANAT,Human Anatomy,Medical,1,0,38,
GSEB,HIN,UNI_UG_MED_Y3,MED,PHYS,Physiology,Medical,1,0,39,
GSEB,HIN,UNI_UG_MED_Y3,MED,PHARM,Pharmacology,Medical,1,0,40,
GSEB,HIN,UNI_UG_MED_Y3,MED,PATH,Pathology,Medical,1,0,41,
GSEB,HIN,UNI_UG_MED_Y3,MED,COM_MED,Community Medicine,Medical,1,0,42,
GSEB,HIN,UNI_UG_MED_Y3,MED,LAW_CON,Constitutional Law,Law,1,0,44,
GSEB,HIN,UNI_UG_MED_Y3,MED,LAW_IPC,Indian Penal Code,Law,1,0,45,
GSEB,HIN,UNI_UG_MED_Y3,MED,LAW_CONTR,Contract Law,Law,1,0,46,
GSEB,HIN,UNI_UG_MED_Y3,MED,JURIS,Jurisprudence,Law,1,0,47,
GSEB,HIN,UNI_UG_MED_Y3,MED,CORP_ACC,Corporate Accounting,Commerce,1,0,48,
GSEB,HIN,UNI_UG_MED_Y3,MED,FIN_MGT,Financial Management,Management,1,0,49,
GSEB,HIN,UNI_UG_MED_Y3,MED,MKT_MGT,Marketing Management,Management,1,0,50,
GSEB,HIN,UNI_UG_MED_Y3,MED,OB,Organizational Behavior,Management,1,0,51,
GSEB,HIN,UNI_UG_MED_Y3,MED,UI_UX,User Interface & Experience,Design,1,0,54,
GSEB,HIN,UNI_UG_MED_Y3,MED,TYPO,Typography,Design,1,0,55,
GSEB,HIN,UNI_UG_MED_Y3,MED,ARCH_DSN,Architectural Design,Architecture,1,0,56,
GSEB,HIN,UNI_UG_MED_Y4,MED,DSA,Data Structures & Algorithms,Engineering,1,0,30,
GSEB,HIN,UNI_UG_MED_Y4,MED,DBMS,Database Management Systems,Engineering,1,0,31,
GSEB,HIN,UNI_UG_MED_Y4,MED,OS,Operating Systems,Engineering,1,0,32,
GSEB,HIN,UNI_UG_MED_Y4,MED,CN,Computer Networks,Engineering,1,0,33,
GSEB,HIN,UNI_UG_MED_Y4,MED,AI_ML,Artificial Intelligence & ML,Engineering,1,0,34,
GSEB,HIN,UNI_UG_MED_Y4,MED,SWE,Software Engineering,Engineering,1,0,35,
GSEB,HIN,UNI_UG_MED_Y4,MED,THERMO,Thermodynamics,Engineering,1,0,36,
GSEB,HIN,UNI_UG_MED_Y4,MED,CIRCUITS,Electronic Circuits,Engineering,1,0,37,
GSEB,HIN,UNI_UG_MED_Y4,MED,ANAT,Human Anatomy,Medical,1,0,38,
GSEB,HIN,UNI_UG_MED_Y4,MED,PHYS,Physiology,Medical,1,0,39,
GSEB,HIN,UNI_UG_MED_Y4,MED,PHARM,Pharmacology,Medical,1,0,40,
GSEB,HIN,UNI_UG_MED_Y4,MED,PATH,Pathology,Medical,1,0,41,
GSEB,HIN,UNI_UG_MED_Y4,MED,COM_MED,Community Medicine,Medical,1,0,42,
GSEB,HIN,UNI_UG_MED_Y4,MED,LAW_CON,Constitutional Law,Law,1,0,44,
GSEB,HIN,UNI_UG_MED_Y4,MED,LAW_IPC,Indian Penal Code,Law,1,0,45,
GSEB,HIN,UNI_UG_MED_Y4,MED,LAW_CONTR,Contract Law,Law,1,0,46,
GSEB,HIN,UNI_UG_MED_Y4,MED,JURIS,Jurisprudence,Law,1,0,47,
GSEB,HIN,UNI_UG_MED_Y4,MED,CORP_ACC,Corporate Accounting,Commerce,1,0,48,
GSEB,HIN,UNI_UG_MED_Y4,MED,FIN_MGT,Financial Management,Management,1,0,49,
GSEB,HIN,UNI_UG_MED_Y4,MED,MKT_MGT,Marketing Management,Management,1,0,50,
GSEB,HIN,UNI_UG_MED_Y4,MED,OB,Organizational Behavior,Management,1,0,51,
GSEB,HIN,UNI_UG_MED_Y4,MED,UI_UX,User Interface & Experience,Design,1,0,54,
GSEB,HIN,UNI_UG_MED_Y4,MED,TYPO,Typography,Design,1,0,55,
GSEB,HIN,UNI_UG_MED_Y4,MED,ARCH_DSN,Architectural Design,Architecture,1,0,56,
GSEB,HIN,UNI_UG_MED_Y5,MED,DSA,Data Structures & Algorithms,Engineering,1,0,30,
GSEB,HIN,UNI_UG_MED_Y5,MED,DBMS,Database Management Systems,Engineering,1,0,31,
GSEB,HIN,UNI_UG_MED_Y5,MED,OS,Operating Systems,Engineering,1,0,32,
GSEB,HIN,UNI_UG_MED_Y5,MED,CN,Computer Networks,Engineering,1,0,33,
GSEB,HIN,UNI_UG_MED_Y5,MED,AI_ML,Artificial Intelligence & ML,Engineering,1,0,34,
GSEB,HIN,UNI_UG_MED_Y5,MED,SWE,Software Engineering,Engineering,1,0,35,
GSEB,HIN,UNI_UG_MED_Y5,MED,THERMO,Thermodynamics,Engineering,1,0,36,
GSEB,HIN,UNI_UG_MED_Y5,MED,CIRCUITS,Electronic Circuits,Engineering,1,0,37,
GSEB,HIN,UNI_UG_MED_Y5,MED,ANAT,Human Anatomy,Medical,1,0,38,
GSEB,HIN,UNI_UG_MED_Y5,MED,PHYS,Physiology,Medical,1,0,39,
GSEB,HIN,UNI_UG_MED_Y5,MED,PHARM,Pharmacology,Medical,1,0,40,
GSEB,HIN,UNI_UG_MED_Y5,MED,PATH,Pathology,Medical,1,0,41,
GSEB,HIN,UNI_UG_MED_Y5,MED,COM_MED,Community Medicine,Medical,1,0,42,
GSEB,HIN,UNI_UG_MED_Y5,MED,LAW_CON,Constitutional Law,Law,1,0,44,
GSEB,HIN,UNI_UG_MED_Y5,MED,LAW_IPC,Indian Penal Code,Law,1,0,45,
GSEB,HIN,UNI_UG_MED_Y5,MED,LAW_CONTR,Contract Law,Law,1,0,46,
GSEB,HIN,UNI_UG_MED_Y5,MED,JURIS,Jurisprudence,Law,1,0,47,
GSEB,HIN,UNI_UG_MED_Y5,MED,CORP_ACC,Corporate Accounting,Commerce,1,0,48,
GSEB,HIN,UNI_UG_MED_Y5,MED,FIN_MGT,Financial Management,Management,1,0,49,
GSEB,HIN,UNI_UG_MED_Y5,MED,MKT_MGT,Marketing Management,Management,1,0,50,
GSEB,HIN,UNI_UG_MED_Y5,MED,OB,Organizational Behavior,Management,1,0,51,
GSEB,HIN,UNI_UG_MED_Y5,MED,UI_UX,User Interface & Experience,Design,1,0,54,
GSEB,HIN,UNI_UG_MED_Y5,MED,TYPO,Typography,Design,1,0,55,
GSEB,HIN,UNI_UG_MED_Y5,MED,ARCH_DSN,Architectural Design,Architecture,1,0,56,
GSEB,HIN,NUR_BSC_Y1,NUR,NUR_FND,Nursing Foundations,Nursing,1,0,43,
GSEB,HIN,PRO_CA_FND,PRO_FIN,TAX,Taxation,Professional,1,0,52,
GSEB,HIN,PRO_CA_FND,PRO_FIN,AUDIT,Auditing,Professional,1,0,53,
GSEB,HIN,PRO_CA_FND,PRO_FIN,APT_REAS,Aptitude & Reasoning,Competitive Prep,1,0,68,
GSEB,HIN,PRO_CA_INT,PRO_FIN,TAX,Taxation,Professional,1,0,52,
GSEB,HIN,PRO_CA_INT,PRO_FIN,AUDIT,Auditing,Professional,1,0,53,
GSEB,HIN,PRO_CA_INT,PRO_FIN,APT_REAS,Aptitude & Reasoning,Competitive Prep,1,0,68,
GSEB,HIN,PRO_CA_FIN,PRO_FIN,TAX,Taxation,Professional,1,0,52,
GSEB,HIN,PRO_CA_FIN,PRO_FIN,AUDIT,Auditing,Professional,1,0,53,
GSEB,HIN,PRO_CA_FIN,PRO_FIN,APT_REAS,Aptitude & Reasoning,Competitive Prep,1,0,68,
GSEB,HIN,PRO_CS_EXE,LAW,TAX,Taxation,Professional,1,0,52,
GSEB,HIN,PRO_CS_EXE,LAW,AUDIT,Auditing,Professional,1,0,53,
GSEB,HIN,PRO_CS_EXE,LAW,APT_REAS,Aptitude & Reasoning,Competitive Prep,1,0,68,
GSEB,HIN,UNI_PG_AI_Y1,AIE,DSA,Data Structures & Algorithms,Engineering,1,0,30,
GSEB,HIN,UNI_PG_AI_Y1,AIE,DBMS,Database Management Systems,Engineering,1,0,31,
GSEB,HIN,UNI_PG_AI_Y1,AIE,OS,Operating Systems,Engineering,1,0,32,
GSEB,HIN,UNI_PG_AI_Y1,AIE,CN,Computer Networks,Engineering,1,0,33,
GSEB,HIN,UNI_PG_AI_Y1,AIE,AI_ML,Artificial Intelligence & ML,Engineering,1,0,34,
GSEB,HIN,UNI_PG_AI_Y1,AIE,SWE,Software Engineering,Engineering,1,0,35,
GSEB,HIN,UNI_PG_AI_Y1,AIE,FIN_MGT,Financial Management,Management,1,0,49,
GSEB,HIN,UNI_PG_AI_Y1,AIE,MKT_MGT,Marketing Management,Management,1,0,50,
GSEB,HIN,UNI_PG_AI_Y1,AIE,OB,Organizational Behavior,Management,1,0,51,
GSEB,HIN,UNI_PG_AI_Y2,AIE,DSA,Data Structures & Algorithms,Engineering,1,0,30,
GSEB,HIN,UNI_PG_AI_Y2,AIE,DBMS,Database Management Systems,Engineering,1,0,31,
GSEB,HIN,UNI_PG_AI_Y2,AIE,OS,Operating Systems,Engineering,1,0,32,
GSEB,HIN,UNI_PG_AI_Y2,AIE,CN,Computer Networks,Engineering,1,0,33,
GSEB,HIN,UNI_PG_AI_Y2,AIE,AI_ML,Artificial Intelligence & ML,Engineering,1,0,34,
GSEB,HIN,UNI_PG_AI_Y2,AIE,SWE,Software Engineering,Engineering,1,0,35,
GSEB,HIN,UNI_PG_AI_Y2,AIE,FIN_MGT,Financial Management,Management,1,0,49,
GSEB,HIN,UNI_PG_AI_Y2,AIE,MKT_MGT,Marketing Management,Management,1,0,50,
GSEB,HIN,UNI_PG_AI_Y2,AIE,OB,Organizational Behavior,Management,1,0,51,
GSEB,HIN,UNI_PG_MBA_Y1,MGT,DSA,Data Structures & Algorithms,Engineering,1,0,30,
GSEB,HIN,UNI_PG_MBA_Y1,MGT,DBMS,Database Management Systems,Engineering,1,0,31,
GSEB,HIN,UNI_PG_MBA_Y1,MGT,OS,Operating Systems,Engineering,1,0,32,
GSEB,HIN,UNI_PG_MBA_Y1,MGT,CN,Computer Networks,Engineering,1,0,33,
GSEB,HIN,UNI_PG_MBA_Y1,MGT,AI_ML,Artificial Intelligence & ML,Engineering,1,0,34,
GSEB,HIN,UNI_PG_MBA_Y1,MGT,SWE,Software Engineering,Engineering,1,0,35,
GSEB,HIN,UNI_PG_MBA_Y1,MGT,FIN_MGT,Financial Management,Management,1,0,49,
GSEB,HIN,UNI_PG_MBA_Y1,MGT,MKT_MGT,Marketing Management,Management,1,0,50,
GSEB,HIN,UNI_PG_MBA_Y1,MGT,OB,Organizational Behavior,Management,1,0,51,
GSEB,HIN,UNI_PG_MBA_Y2,MGT,DSA,Data Structures & Algorithms,Engineering,1,0,30,
GSEB,HIN,UNI_PG_MBA_Y2,MGT,DBMS,Database Management Systems,Engineering,1,0,31,
GSEB,HIN,UNI_PG_MBA_Y2,MGT,OS,Operating Systems,Engineering,1,0,32,
GSEB,HIN,UNI_PG_MBA_Y2,MGT,CN,Computer Networks,Engineering,1,0,33,
GSEB,HIN,UNI_PG_MBA_Y2,MGT,AI_ML,Artificial Intelligence & ML,Engineering,1,0,34,
GSEB,HIN,UNI_PG_MBA_Y2,MGT,SWE,Software Engineering,Engineering,1,0,35,
GSEB,HIN,UNI_PG_MBA_Y2,MGT,FIN_MGT,Financial Management,Management,1,0,49,
GSEB,HIN,UNI_PG_MBA_Y2,MGT,MKT_MGT,Marketing Management,Management,1,0,50,
GSEB,HIN,UNI_PG_MBA_Y2,MGT,OB,Organizational Behavior,Management,1,0,51,
GSEB,HIN,UNI_PG_LAW_Y1,LAW,DSA,Data Structures & Algorithms,Engineering,1,0,30,
GSEB,HIN,UNI_PG_LAW_Y1,LAW,DBMS,Database Management Systems,Engineering,1,0,31,
GSEB,HIN,UNI_PG_LAW_Y1,LAW,OS,Operating Systems,Engineering,1,0,32,
GSEB,HIN,UNI_PG_LAW_Y1,LAW,CN,Computer Networks,Engineering,1,0,33,
GSEB,HIN,UNI_PG_LAW_Y1,LAW,AI_ML,Artificial Intelligence & ML,Engineering,1,0,34,
GSEB,HIN,UNI_PG_LAW_Y1,LAW,SWE,Software Engineering,Engineering,1,0,35,
GSEB,HIN,UNI_PG_LAW_Y1,LAW,FIN_MGT,Financial Management,Management,1,0,49,
GSEB,HIN,UNI_PG_LAW_Y1,LAW,MKT_MGT,Marketing Management,Management,1,0,50,
GSEB,HIN,UNI_PG_LAW_Y1,LAW,OB,Organizational Behavior,Management,1,0,51,
GSEB,HIN,UNI_PG_LAW_Y2,LAW,DSA,Data Structures & Algorithms,Engineering,1,0,30,
GSEB,HIN,UNI_PG_LAW_Y2,LAW,DBMS,Database Management Systems,Engineering,1,0,31,
GSEB,HIN,UNI_PG_LAW_Y2,LAW,OS,Operating Systems,Engineering,1,0,32,
GSEB,HIN,UNI_PG_LAW_Y2,LAW,CN,Computer Networks,Engineering,1,0,33,
GSEB,HIN,UNI_PG_LAW_Y2,LAW,AI_ML,Artificial Intelligence & ML,Engineering,1,0,34,
GSEB,HIN,UNI_PG_LAW_Y2,LAW,SWE,Software Engineering,Engineering,1,0,35,
GSEB,HIN,UNI_PG_LAW_Y2,LAW,FIN_MGT,Financial Management,Management,1,0,49,
GSEB,HIN,UNI_PG_LAW_Y2,LAW,MKT_MGT,Marketing Management,Management,1,0,50,
GSEB,HIN,UNI_PG_LAW_Y2,LAW,OB,Organizational Behavior,Management,1,0,51,
GSEB,HIN,UNI_PHD_AI,RES,AI_ML,Artificial Intelligence & ML,Engineering,1,0,34,
GSEB,HIN,UNI_PHD_DS,RES,AI_ML,Artificial Intelligence & ML,Engineering,1,0,34,
GSEB,HIN,UNI_PHD_RE,RES,AI_ML,Artificial Intelligence & ML,Engineering,1,0,34,
GSEB,HIN,UNI_UG_BCA_Y1,CSA,DSA,Data Structures & Algorithms,Engineering,1,0,30,
GSEB,HIN,UNI_UG_BCA_Y1,CSA,DBMS,Database Management Systems,Engineering,1,0,31,
GSEB,HIN,UNI_UG_BCA_Y1,CSA,OS,Operating Systems,Engineering,1,0,32,
GSEB,HIN,UNI_UG_BCA_Y1,CSA,CN,Computer Networks,Engineering,1,0,33,
GSEB,HIN,UNI_UG_BCA_Y1,CSA,AI_ML,Artificial Intelligence & ML,Engineering,1,0,34,
GSEB,HIN,UNI_UG_BCA_Y1,CSA,SWE,Software Engineering,Engineering,1,0,35,
GSEB,HIN,UNI_UG_BCA_Y1,CSA,THERMO,Thermodynamics,Engineering,1,0,36,
GSEB,HIN,UNI_UG_BCA_Y1,CSA,CIRCUITS,Electronic Circuits,Engineering,1,0,37,
GSEB,HIN,UNI_UG_BCA_Y1,CSA,ANAT,Human Anatomy,Medical,1,0,38,
GSEB,HIN,UNI_UG_BCA_Y1,CSA,PHYS,Physiology,Medical,1,0,39,
GSEB,HIN,UNI_UG_BCA_Y1,CSA,PHARM,Pharmacology,Medical,1,0,40,
GSEB,HIN,UNI_UG_BCA_Y1,CSA,PATH,Pathology,Medical,1,0,41,
GSEB,HIN,UNI_UG_BCA_Y1,CSA,COM_MED,Community Medicine,Medical,1,0,42,
GSEB,HIN,UNI_UG_BCA_Y1,CSA,LAW_CON,Constitutional Law,Law,1,0,44,
GSEB,HIN,UNI_UG_BCA_Y1,CSA,LAW_IPC,Indian Penal Code,Law,1,0,45,
GSEB,HIN,UNI_UG_BCA_Y1,CSA,LAW_CONTR,Contract Law,Law,1,0,46,
GSEB,HIN,UNI_UG_BCA_Y1,CSA,JURIS,Jurisprudence,Law,1,0,47,
GSEB,HIN,UNI_UG_BCA_Y1,CSA,CORP_ACC,Corporate Accounting,Commerce,1,0,48,
GSEB,HIN,UNI_UG_BCA_Y1,CSA,FIN_MGT,Financial Management,Management,1,0,49,
GSEB,HIN,UNI_UG_BCA_Y1,CSA,MKT_MGT,Marketing Management,Management,1,0,50,
GSEB,HIN,UNI_UG_BCA_Y1,CSA,OB,Organizational Behavior,Management,1,0,51,
GSEB,HIN,UNI_UG_BCA_Y1,CSA,UI_UX,User Interface & Experience,Design,1,0,54,
GSEB,HIN,UNI_UG_BCA_Y1,CSA,TYPO,Typography,Design,1,0,55,
GSEB,HIN,UNI_UG_BCA_Y1,CSA,ARCH_DSN,Architectural Design,Architecture,1,0,56,
GSEB,HIN,UNI_UG_BCA_Y2,CSA,DSA,Data Structures & Algorithms,Engineering,1,0,30,
GSEB,HIN,UNI_UG_BCA_Y2,CSA,DBMS,Database Management Systems,Engineering,1,0,31,
GSEB,HIN,UNI_UG_BCA_Y2,CSA,OS,Operating Systems,Engineering,1,0,32,
GSEB,HIN,UNI_UG_BCA_Y2,CSA,CN,Computer Networks,Engineering,1,0,33,
GSEB,HIN,UNI_UG_BCA_Y2,CSA,AI_ML,Artificial Intelligence & ML,Engineering,1,0,34,
GSEB,HIN,UNI_UG_BCA_Y2,CSA,SWE,Software Engineering,Engineering,1,0,35,
GSEB,HIN,UNI_UG_BCA_Y2,CSA,THERMO,Thermodynamics,Engineering,1,0,36,
GSEB,HIN,UNI_UG_BCA_Y2,CSA,CIRCUITS,Electronic Circuits,Engineering,1,0,37,
GSEB,HIN,UNI_UG_BCA_Y2,CSA,ANAT,Human Anatomy,Medical,1,0,38,
GSEB,HIN,UNI_UG_BCA_Y2,CSA,PHYS,Physiology,Medical,1,0,39,
GSEB,HIN,UNI_UG_BCA_Y2,CSA,PHARM,Pharmacology,Medical,1,0,40,
GSEB,HIN,UNI_UG_BCA_Y2,CSA,PATH,Pathology,Medical,1,0,41,
GSEB,HIN,UNI_UG_BCA_Y2,CSA,COM_MED,Community Medicine,Medical,1,0,42,
GSEB,HIN,UNI_UG_BCA_Y2,CSA,LAW_CON,Constitutional Law,Law,1,0,44,
GSEB,HIN,UNI_UG_BCA_Y2,CSA,LAW_IPC,Indian Penal Code,Law,1,0,45,
GSEB,HIN,UNI_UG_BCA_Y2,CSA,LAW_CONTR,Contract Law,Law,1,0,46,
GSEB,HIN,UNI_UG_BCA_Y2,CSA,JURIS,Jurisprudence,Law,1,0,47,
GSEB,HIN,UNI_UG_BCA_Y2,CSA,CORP_ACC,Corporate Accounting,Commerce,1,0,48,
GSEB,HIN,UNI_UG_BCA_Y2,CSA,FIN_MGT,Financial Management,Management,1,0,49,
GSEB,HIN,UNI_UG_BCA_Y2,CSA,MKT_MGT,Marketing Management,Management,1,0,50,
GSEB,HIN,UNI_UG_BCA_Y2,CSA,OB,Organizational Behavior,Management,1,0,51,
GSEB,HIN,UNI_UG_BCA_Y2,CSA,UI_UX,User Interface & Experience,Design,1,0,54,
GSEB,HIN,UNI_UG_BCA_Y2,CSA,TYPO,Typography,Design,1,0,55,
GSEB,HIN,UNI_UG_BCA_Y2,CSA,ARCH_DSN,Architectural Design,Architecture,1,0,56,
GSEB,HIN,UNI_UG_BCA_Y3,CSA,DSA,Data Structures & Algorithms,Engineering,1,0,30,
GSEB,HIN,UNI_UG_BCA_Y3,CSA,DBMS,Database Management Systems,Engineering,1,0,31,
GSEB,HIN,UNI_UG_BCA_Y3,CSA,OS,Operating Systems,Engineering,1,0,32,
GSEB,HIN,UNI_UG_BCA_Y3,CSA,CN,Computer Networks,Engineering,1,0,33,
GSEB,HIN,UNI_UG_BCA_Y3,CSA,AI_ML,Artificial Intelligence & ML,Engineering,1,0,34,
GSEB,HIN,UNI_UG_BCA_Y3,CSA,SWE,Software Engineering,Engineering,1,0,35,
GSEB,HIN,UNI_UG_BCA_Y3,CSA,THERMO,Thermodynamics,Engineering,1,0,36,
GSEB,HIN,UNI_UG_BCA_Y3,CSA,CIRCUITS,Electronic Circuits,Engineering,1,0,37,
GSEB,HIN,UNI_UG_BCA_Y3,CSA,ANAT,Human Anatomy,Medical,1,0,38,
GSEB,HIN,UNI_UG_BCA_Y3,CSA,PHYS,Physiology,Medical,1,0,39,
GSEB,HIN,UNI_UG_BCA_Y3,CSA,PHARM,Pharmacology,Medical,1,0,40,
GSEB,HIN,UNI_UG_BCA_Y3,CSA,PATH,Pathology,Medical,1,0,41,
GSEB,HIN,UNI_UG_BCA_Y3,CSA,COM_MED,Community Medicine,Medical,1,0,42,
GSEB,HIN,UNI_UG_BCA_Y3,CSA,LAW_CON,Constitutional Law,Law,1,0,44,
GSEB,HIN,UNI_UG_BCA_Y3,CSA,LAW_IPC,Indian Penal Code,Law,1,0,45,
GSEB,HIN,UNI_UG_BCA_Y3,CSA,LAW_CONTR,Contract Law,Law,1,0,46,
GSEB,HIN,UNI_UG_BCA_Y3,CSA,JURIS,Jurisprudence,Law,1,0,47,
GSEB,HIN,UNI_UG_BCA_Y3,CSA,CORP_ACC,Corporate Accounting,Commerce,1,0,48,
GSEB,HIN,UNI_UG_BCA_Y3,CSA,FIN_MGT,Financial Management,Management,1,0,49,
GSEB,HIN,UNI_UG_BCA_Y3,CSA,MKT_MGT,Marketing Management,Management,1,0,50,
GSEB,HIN,UNI_UG_BCA_Y3,CSA,OB,Organizational Behavior,Management,1,0,51,
GSEB,HIN,UNI_UG_BCA_Y3,CSA,UI_UX,User Interface & Experience,Design,1,0,54,
GSEB,HIN,UNI_UG_BCA_Y3,CSA,TYPO,Typography,Design,1,0,55,
GSEB,HIN,UNI_UG_BCA_Y3,CSA,ARCH_DSN,Architectural Design,Architecture,1,0,56,
GSEB,HIN,UNI_UG_BBA_Y1,MGT,DSA,Data Structures & Algorithms,Engineering,1,0,30,
GSEB,HIN,UNI_UG_BBA_Y1,MGT,DBMS,Database Management Systems,Engineering,1,0,31,
GSEB,HIN,UNI_UG_BBA_Y1,MGT,OS,Operating Systems,Engineering,1,0,32,
GSEB,HIN,UNI_UG_BBA_Y1,MGT,CN,Computer Networks,Engineering,1,0,33,
GSEB,HIN,UNI_UG_BBA_Y1,MGT,AI_ML,Artificial Intelligence & ML,Engineering,1,0,34,
GSEB,HIN,UNI_UG_BBA_Y1,MGT,SWE,Software Engineering,Engineering,1,0,35,
GSEB,HIN,UNI_UG_BBA_Y1,MGT,THERMO,Thermodynamics,Engineering,1,0,36,
GSEB,HIN,UNI_UG_BBA_Y1,MGT,CIRCUITS,Electronic Circuits,Engineering,1,0,37,
GSEB,HIN,UNI_UG_BBA_Y1,MGT,ANAT,Human Anatomy,Medical,1,0,38,
GSEB,HIN,UNI_UG_BBA_Y1,MGT,PHYS,Physiology,Medical,1,0,39,
GSEB,HIN,UNI_UG_BBA_Y1,MGT,PHARM,Pharmacology,Medical,1,0,40,
GSEB,HIN,UNI_UG_BBA_Y1,MGT,PATH,Pathology,Medical,1,0,41,
GSEB,HIN,UNI_UG_BBA_Y1,MGT,COM_MED,Community Medicine,Medical,1,0,42,
GSEB,HIN,UNI_UG_BBA_Y1,MGT,LAW_CON,Constitutional Law,Law,1,0,44,
GSEB,HIN,UNI_UG_BBA_Y1,MGT,LAW_IPC,Indian Penal Code,Law,1,0,45,
GSEB,HIN,UNI_UG_BBA_Y1,MGT,LAW_CONTR,Contract Law,Law,1,0,46,
GSEB,HIN,UNI_UG_BBA_Y1,MGT,JURIS,Jurisprudence,Law,1,0,47,
GSEB,HIN,UNI_UG_BBA_Y1,MGT,CORP_ACC,Corporate Accounting,Commerce,1,0,48,
GSEB,HIN,UNI_UG_BBA_Y1,MGT,FIN_MGT,Financial Management,Management,1,0,49,
GSEB,HIN,UNI_UG_BBA_Y1,MGT,MKT_MGT,Marketing Management,Management,1,0,50,
GSEB,HIN,UNI_UG_BBA_Y1,MGT,OB,Organizational Behavior,Management,1,0,51,
GSEB,HIN,UNI_UG_BBA_Y1,MGT,UI_UX,User Interface & Experience,Design,1,0,54,
GSEB,HIN,UNI_UG_BBA_Y1,MGT,TYPO,Typography,Design,1,0,55,
GSEB,HIN,UNI_UG_BBA_Y1,MGT,ARCH_DSN,Architectural Design,Architecture,1,0,56,
GSEB,HIN,UNI_UG_BBA_Y2,MGT,DSA,Data Structures & Algorithms,Engineering,1,0,30,
GSEB,HIN,UNI_UG_BBA_Y2,MGT,DBMS,Database Management Systems,Engineering,1,0,31,
GSEB,HIN,UNI_UG_BBA_Y2,MGT,OS,Operating Systems,Engineering,1,0,32,
GSEB,HIN,UNI_UG_BBA_Y2,MGT,CN,Computer Networks,Engineering,1,0,33,
GSEB,HIN,UNI_UG_BBA_Y2,MGT,AI_ML,Artificial Intelligence & ML,Engineering,1,0,34,
GSEB,HIN,UNI_UG_BBA_Y2,MGT,SWE,Software Engineering,Engineering,1,0,35,
GSEB,HIN,UNI_UG_BBA_Y2,MGT,THERMO,Thermodynamics,Engineering,1,0,36,
GSEB,HIN,UNI_UG_BBA_Y2,MGT,CIRCUITS,Electronic Circuits,Engineering,1,0,37,
GSEB,HIN,UNI_UG_BBA_Y2,MGT,ANAT,Human Anatomy,Medical,1,0,38,
GSEB,HIN,UNI_UG_BBA_Y2,MGT,PHYS,Physiology,Medical,1,0,39,
GSEB,HIN,UNI_UG_BBA_Y2,MGT,PHARM,Pharmacology,Medical,1,0,40,
GSEB,HIN,UNI_UG_BBA_Y2,MGT,PATH,Pathology,Medical,1,0,41,
GSEB,HIN,UNI_UG_BBA_Y2,MGT,COM_MED,Community Medicine,Medical,1,0,42,
GSEB,HIN,UNI_UG_BBA_Y2,MGT,LAW_CON,Constitutional Law,Law,1,0,44,
GSEB,HIN,UNI_UG_BBA_Y2,MGT,LAW_IPC,Indian Penal Code,Law,1,0,45,
GSEB,HIN,UNI_UG_BBA_Y2,MGT,LAW_CONTR,Contract Law,Law,1,0,46,
GSEB,HIN,UNI_UG_BBA_Y2,MGT,JURIS,Jurisprudence,Law,1,0,47,
GSEB,HIN,UNI_UG_BBA_Y2,MGT,CORP_ACC,Corporate Accounting,Commerce,1,0,48,
GSEB,HIN,UNI_UG_BBA_Y2,MGT,FIN_MGT,Financial Management,Management,1,0,49,
GSEB,HIN,UNI_UG_BBA_Y2,MGT,MKT_MGT,Marketing Management,Management,1,0,50,
GSEB,HIN,UNI_UG_BBA_Y2,MGT,OB,Organizational Behavior,Management,1,0,51,
GSEB,HIN,UNI_UG_BBA_Y2,MGT,UI_UX,User Interface & Experience,Design,1,0,54,
GSEB,HIN,UNI_UG_BBA_Y2,MGT,TYPO,Typography,Design,1,0,55,
GSEB,HIN,UNI_UG_BBA_Y2,MGT,ARCH_DSN,Architectural Design,Architecture,1,0,56,
GSEB,HIN,UNI_UG_BBA_Y3,MGT,DSA,Data Structures & Algorithms,Engineering,1,0,30,
GSEB,HIN,UNI_UG_BBA_Y3,MGT,DBMS,Database Management Systems,Engineering,1,0,31,
GSEB,HIN,UNI_UG_BBA_Y3,MGT,OS,Operating Systems,Engineering,1,0,32,
GSEB,HIN,UNI_UG_BBA_Y3,MGT,CN,Computer Networks,Engineering,1,0,33,
GSEB,HIN,UNI_UG_BBA_Y3,MGT,AI_ML,Artificial Intelligence & ML,Engineering,1,0,34,
GSEB,HIN,UNI_UG_BBA_Y3,MGT,SWE,Software Engineering,Engineering,1,0,35,
GSEB,HIN,UNI_UG_BBA_Y3,MGT,THERMO,Thermodynamics,Engineering,1,0,36,
GSEB,HIN,UNI_UG_BBA_Y3,MGT,CIRCUITS,Electronic Circuits,Engineering,1,0,37,
GSEB,HIN,UNI_UG_BBA_Y3,MGT,ANAT,Human Anatomy,Medical,1,0,38,
GSEB,HIN,UNI_UG_BBA_Y3,MGT,PHYS,Physiology,Medical,1,0,39,
GSEB,HIN,UNI_UG_BBA_Y3,MGT,PHARM,Pharmacology,Medical,1,0,40,
GSEB,HIN,UNI_UG_BBA_Y3,MGT,PATH,Pathology,Medical,1,0,41,
GSEB,HIN,UNI_UG_BBA_Y3,MGT,COM_MED,Community Medicine,Medical,1,0,42,
GSEB,HIN,UNI_UG_BBA_Y3,MGT,LAW_CON,Constitutional Law,Law,1,0,44,
GSEB,HIN,UNI_UG_BBA_Y3,MGT,LAW_IPC,Indian Penal Code,Law,1,0,45,
GSEB,HIN,UNI_UG_BBA_Y3,MGT,LAW_CONTR,Contract Law,Law,1,0,46,
GSEB,HIN,UNI_UG_BBA_Y3,MGT,JURIS,Jurisprudence,Law,1,0,47,
GSEB,HIN,UNI_UG_BBA_Y3,MGT,CORP_ACC,Corporate Accounting,Commerce,1,0,48,
GSEB,HIN,UNI_UG_BBA_Y3,MGT,FIN_MGT,Financial Management,Management,1,0,49,
GSEB,HIN,UNI_UG_BBA_Y3,MGT,MKT_MGT,Marketing Management,Management,1,0,50,
GSEB,HIN,UNI_UG_BBA_Y3,MGT,OB,Organizational Behavior,Management,1,0,51,
GSEB,HIN,UNI_UG_BBA_Y3,MGT,UI_UX,User Interface & Experience,Design,1,0,54,
GSEB,HIN,UNI_UG_BBA_Y3,MGT,TYPO,Typography,Design,1,0,55,
GSEB,HIN,UNI_UG_BBA_Y3,MGT,ARCH_DSN,Architectural Design,Architecture,1,0,56,
GSEB,HIN,UNI_UG_BARCH_Y1,ARC,DSA,Data Structures & Algorithms,Engineering,1,0,30,
GSEB,HIN,UNI_UG_BARCH_Y1,ARC,DBMS,Database Management Systems,Engineering,1,0,31,
GSEB,HIN,UNI_UG_BARCH_Y1,ARC,OS,Operating Systems,Engineering,1,0,32,
GSEB,HIN,UNI_UG_BARCH_Y1,ARC,CN,Computer Networks,Engineering,1,0,33,
GSEB,HIN,UNI_UG_BARCH_Y1,ARC,AI_ML,Artificial Intelligence & ML,Engineering,1,0,34,
GSEB,HIN,UNI_UG_BARCH_Y1,ARC,SWE,Software Engineering,Engineering,1,0,35,
GSEB,HIN,UNI_UG_BARCH_Y1,ARC,THERMO,Thermodynamics,Engineering,1,0,36,
GSEB,HIN,UNI_UG_BARCH_Y1,ARC,CIRCUITS,Electronic Circuits,Engineering,1,0,37,
GSEB,HIN,UNI_UG_BARCH_Y1,ARC,ANAT,Human Anatomy,Medical,1,0,38,
GSEB,HIN,UNI_UG_BARCH_Y1,ARC,PHYS,Physiology,Medical,1,0,39,
GSEB,HIN,UNI_UG_BARCH_Y1,ARC,PHARM,Pharmacology,Medical,1,0,40,
GSEB,HIN,UNI_UG_BARCH_Y1,ARC,PATH,Pathology,Medical,1,0,41,
GSEB,HIN,UNI_UG_BARCH_Y1,ARC,COM_MED,Community Medicine,Medical,1,0,42,
GSEB,HIN,UNI_UG_BARCH_Y1,ARC,LAW_CON,Constitutional Law,Law,1,0,44,
GSEB,HIN,UNI_UG_BARCH_Y1,ARC,LAW_IPC,Indian Penal Code,Law,1,0,45,
GSEB,HIN,UNI_UG_BARCH_Y1,ARC,LAW_CONTR,Contract Law,Law,1,0,46,
GSEB,HIN,UNI_UG_BARCH_Y1,ARC,JURIS,Jurisprudence,Law,1,0,47,
GSEB,HIN,UNI_UG_BARCH_Y1,ARC,CORP_ACC,Corporate Accounting,Commerce,1,0,48,
GSEB,HIN,UNI_UG_BARCH_Y1,ARC,FIN_MGT,Financial Management,Management,1,0,49,
GSEB,HIN,UNI_UG_BARCH_Y1,ARC,MKT_MGT,Marketing Management,Management,1,0,50,
GSEB,HIN,UNI_UG_BARCH_Y1,ARC,OB,Organizational Behavior,Management,1,0,51,
GSEB,HIN,UNI_UG_BARCH_Y1,ARC,UI_UX,User Interface & Experience,Design,1,0,54,
GSEB,HIN,UNI_UG_BARCH_Y1,ARC,TYPO,Typography,Design,1,0,55,
GSEB,HIN,UNI_UG_BARCH_Y1,ARC,ARCH_DSN,Architectural Design,Architecture,1,0,56,
GSEB,HIN,UNI_UG_BARCH_Y5,ARC,DSA,Data Structures & Algorithms,Engineering,1,0,30,
GSEB,HIN,UNI_UG_BARCH_Y5,ARC,DBMS,Database Management Systems,Engineering,1,0,31,
GSEB,HIN,UNI_UG_BARCH_Y5,ARC,OS,Operating Systems,Engineering,1,0,32,
GSEB,HIN,UNI_UG_BARCH_Y5,ARC,CN,Computer Networks,Engineering,1,0,33,
GSEB,HIN,UNI_UG_BARCH_Y5,ARC,AI_ML,Artificial Intelligence & ML,Engineering,1,0,34,
GSEB,HIN,UNI_UG_BARCH_Y5,ARC,SWE,Software Engineering,Engineering,1,0,35,
GSEB,HIN,UNI_UG_BARCH_Y5,ARC,THERMO,Thermodynamics,Engineering,1,0,36,
GSEB,HIN,UNI_UG_BARCH_Y5,ARC,CIRCUITS,Electronic Circuits,Engineering,1,0,37,
GSEB,HIN,UNI_UG_BARCH_Y5,ARC,ANAT,Human Anatomy,Medical,1,0,38,
GSEB,HIN,UNI_UG_BARCH_Y5,ARC,PHYS,Physiology,Medical,1,0,39,
GSEB,HIN,UNI_UG_BARCH_Y5,ARC,PHARM,Pharmacology,Medical,1,0,40,
GSEB,HIN,UNI_UG_BARCH_Y5,ARC,PATH,Pathology,Medical,1,0,41,
GSEB,HIN,UNI_UG_BARCH_Y5,ARC,COM_MED,Community Medicine,Medical,1,0,42,
GSEB,HIN,UNI_UG_BARCH_Y5,ARC,LAW_CON,Constitutional Law,Law,1,0,44,
GSEB,HIN,UNI_UG_BARCH_Y5,ARC,LAW_IPC,Indian Penal Code,Law,1,0,45,
GSEB,HIN,UNI_UG_BARCH_Y5,ARC,LAW_CONTR,Contract Law,Law,1,0,46,
GSEB,HIN,UNI_UG_BARCH_Y5,ARC,JURIS,Jurisprudence,Law,1,0,47,
GSEB,HIN,UNI_UG_BARCH_Y5,ARC,CORP_ACC,Corporate Accounting,Commerce,1,0,48,
GSEB,HIN,UNI_UG_BARCH_Y5,ARC,FIN_MGT,Financial Management,Management,1,0,49,
GSEB,HIN,UNI_UG_BARCH_Y5,ARC,MKT_MGT,Marketing Management,Management,1,0,50,
GSEB,HIN,UNI_UG_BARCH_Y5,ARC,OB,Organizational Behavior,Management,1,0,51,
GSEB,HIN,UNI_UG_BARCH_Y5,ARC,UI_UX,User Interface & Experience,Design,1,0,54,
GSEB,HIN,UNI_UG_BARCH_Y5,ARC,TYPO,Typography,Design,1,0,55,
GSEB,HIN,UNI_UG_BARCH_Y5,ARC,ARCH_DSN,Architectural Design,Architecture,1,0,56,
GSEB,HIN,UNI_UG_BPT_Y1,AHS,DSA,Data Structures & Algorithms,Engineering,1,0,30,
GSEB,HIN,UNI_UG_BPT_Y1,AHS,DBMS,Database Management Systems,Engineering,1,0,31,
GSEB,HIN,UNI_UG_BPT_Y1,AHS,OS,Operating Systems,Engineering,1,0,32,
GSEB,HIN,UNI_UG_BPT_Y1,AHS,CN,Computer Networks,Engineering,1,0,33,
GSEB,HIN,UNI_UG_BPT_Y1,AHS,AI_ML,Artificial Intelligence & ML,Engineering,1,0,34,
GSEB,HIN,UNI_UG_BPT_Y1,AHS,SWE,Software Engineering,Engineering,1,0,35,
GSEB,HIN,UNI_UG_BPT_Y1,AHS,THERMO,Thermodynamics,Engineering,1,0,36,
GSEB,HIN,UNI_UG_BPT_Y1,AHS,CIRCUITS,Electronic Circuits,Engineering,1,0,37,
GSEB,HIN,UNI_UG_BPT_Y1,AHS,ANAT,Human Anatomy,Medical,1,0,38,
GSEB,HIN,UNI_UG_BPT_Y1,AHS,PHYS,Physiology,Medical,1,0,39,
GSEB,HIN,UNI_UG_BPT_Y1,AHS,PHARM,Pharmacology,Medical,1,0,40,
GSEB,HIN,UNI_UG_BPT_Y1,AHS,PATH,Pathology,Medical,1,0,41,
GSEB,HIN,UNI_UG_BPT_Y1,AHS,COM_MED,Community Medicine,Medical,1,0,42,
GSEB,HIN,UNI_UG_BPT_Y1,AHS,LAW_CON,Constitutional Law,Law,1,0,44,
GSEB,HIN,UNI_UG_BPT_Y1,AHS,LAW_IPC,Indian Penal Code,Law,1,0,45,
GSEB,HIN,UNI_UG_BPT_Y1,AHS,LAW_CONTR,Contract Law,Law,1,0,46,
GSEB,HIN,UNI_UG_BPT_Y1,AHS,JURIS,Jurisprudence,Law,1,0,47,
GSEB,HIN,UNI_UG_BPT_Y1,AHS,CORP_ACC,Corporate Accounting,Commerce,1,0,48,
GSEB,HIN,UNI_UG_BPT_Y1,AHS,FIN_MGT,Financial Management,Management,1,0,49,
GSEB,HIN,UNI_UG_BPT_Y1,AHS,MKT_MGT,Marketing Management,Management,1,0,50,
GSEB,HIN,UNI_UG_BPT_Y1,AHS,OB,Organizational Behavior,Management,1,0,51,
GSEB,HIN,UNI_UG_BPT_Y1,AHS,UI_UX,User Interface & Experience,Design,1,0,54,
GSEB,HIN,UNI_UG_BPT_Y1,AHS,TYPO,Typography,Design,1,0,55,
GSEB,HIN,UNI_UG_BPT_Y1,AHS,ARCH_DSN,Architectural Design,Architecture,1,0,56,
GSEB,HIN,UNI_UG_BPT_Y4,AHS,DSA,Data Structures & Algorithms,Engineering,1,0,30,
GSEB,HIN,UNI_UG_BPT_Y4,AHS,DBMS,Database Management Systems,Engineering,1,0,31,
GSEB,HIN,UNI_UG_BPT_Y4,AHS,OS,Operating Systems,Engineering,1,0,32,
GSEB,HIN,UNI_UG_BPT_Y4,AHS,CN,Computer Networks,Engineering,1,0,33,
GSEB,HIN,UNI_UG_BPT_Y4,AHS,AI_ML,Artificial Intelligence & ML,Engineering,1,0,34,
GSEB,HIN,UNI_UG_BPT_Y4,AHS,SWE,Software Engineering,Engineering,1,0,35,
GSEB,HIN,UNI_UG_BPT_Y4,AHS,THERMO,Thermodynamics,Engineering,1,0,36,
GSEB,HIN,UNI_UG_BPT_Y4,AHS,CIRCUITS,Electronic Circuits,Engineering,1,0,37,
GSEB,HIN,UNI_UG_BPT_Y4,AHS,ANAT,Human Anatomy,Medical,1,0,38,
GSEB,HIN,UNI_UG_BPT_Y4,AHS,PHYS,Physiology,Medical,1,0,39,
GSEB,HIN,UNI_UG_BPT_Y4,AHS,PHARM,Pharmacology,Medical,1,0,40,
GSEB,HIN,UNI_UG_BPT_Y4,AHS,PATH,Pathology,Medical,1,0,41,
GSEB,HIN,UNI_UG_BPT_Y4,AHS,COM_MED,Community Medicine,Medical,1,0,42,
GSEB,HIN,UNI_UG_BPT_Y4,AHS,LAW_CON,Constitutional Law,Law,1,0,44,
GSEB,HIN,UNI_UG_BPT_Y4,AHS,LAW_IPC,Indian Penal Code,Law,1,0,45,
GSEB,HIN,UNI_UG_BPT_Y4,AHS,LAW_CONTR,Contract Law,Law,1,0,46,
GSEB,HIN,UNI_UG_BPT_Y4,AHS,JURIS,Jurisprudence,Law,1,0,47,
GSEB,HIN,UNI_UG_BPT_Y4,AHS,CORP_ACC,Corporate Accounting,Commerce,1,0,48,
GSEB,HIN,UNI_UG_BPT_Y4,AHS,FIN_MGT,Financial Management,Management,1,0,49,
GSEB,HIN,UNI_UG_BPT_Y4,AHS,MKT_MGT,Marketing Management,Management,1,0,50,
GSEB,HIN,UNI_UG_BPT_Y4,AHS,OB,Organizational Behavior,Management,1,0,51,
GSEB,HIN,UNI_UG_BPT_Y4,AHS,UI_UX,User Interface & Experience,Design,1,0,54,
GSEB,HIN,UNI_UG_BPT_Y4,AHS,TYPO,Typography,Design,1,0,55,
GSEB,HIN,UNI_UG_BPT_Y4,AHS,ARCH_DSN,Architectural Design,Architecture,1,0,56,
GSEB,HIN,UNI_UG_BSW_Y1,ART,DSA,Data Structures & Algorithms,Engineering,1,0,30,
GSEB,HIN,UNI_UG_BSW_Y1,ART,DBMS,Database Management Systems,Engineering,1,0,31,
GSEB,HIN,UNI_UG_BSW_Y1,ART,OS,Operating Systems,Engineering,1,0,32,
GSEB,HIN,UNI_UG_BSW_Y1,ART,CN,Computer Networks,Engineering,1,0,33,
GSEB,HIN,UNI_UG_BSW_Y1,ART,AI_ML,Artificial Intelligence & ML,Engineering,1,0,34,
GSEB,HIN,UNI_UG_BSW_Y1,ART,SWE,Software Engineering,Engineering,1,0,35,
GSEB,HIN,UNI_UG_BSW_Y1,ART,THERMO,Thermodynamics,Engineering,1,0,36,
GSEB,HIN,UNI_UG_BSW_Y1,ART,CIRCUITS,Electronic Circuits,Engineering,1,0,37,
GSEB,HIN,UNI_UG_BSW_Y1,ART,ANAT,Human Anatomy,Medical,1,0,38,
GSEB,HIN,UNI_UG_BSW_Y1,ART,PHYS,Physiology,Medical,1,0,39,
GSEB,HIN,UNI_UG_BSW_Y1,ART,PHARM,Pharmacology,Medical,1,0,40,
GSEB,HIN,UNI_UG_BSW_Y1,ART,PATH,Pathology,Medical,1,0,41,
GSEB,HIN,UNI_UG_BSW_Y1,ART,COM_MED,Community Medicine,Medical,1,0,42,
GSEB,HIN,UNI_UG_BSW_Y1,ART,LAW_CON,Constitutional Law,Law,1,0,44,
GSEB,HIN,UNI_UG_BSW_Y1,ART,LAW_IPC,Indian Penal Code,Law,1,0,45,
GSEB,HIN,UNI_UG_BSW_Y1,ART,LAW_CONTR,Contract Law,Law,1,0,46,
GSEB,HIN,UNI_UG_BSW_Y1,ART,JURIS,Jurisprudence,Law,1,0,47,
GSEB,HIN,UNI_UG_BSW_Y1,ART,CORP_ACC,Corporate Accounting,Commerce,1,0,48,
GSEB,HIN,UNI_UG_BSW_Y1,ART,FIN_MGT,Financial Management,Management,1,0,49,
GSEB,HIN,UNI_UG_BSW_Y1,ART,MKT_MGT,Marketing Management,Management,1,0,50,
GSEB,HIN,UNI_UG_BSW_Y1,ART,OB,Organizational Behavior,Management,1,0,51,
GSEB,HIN,UNI_UG_BSW_Y1,ART,UI_UX,User Interface & Experience,Design,1,0,54,
GSEB,HIN,UNI_UG_BSW_Y1,ART,TYPO,Typography,Design,1,0,55,
GSEB,HIN,UNI_UG_BSW_Y1,ART,ARCH_DSN,Architectural Design,Architecture,1,0,56,
GSEB,HIN,UNI_UG_BFA_Y1,ART,DSA,Data Structures & Algorithms,Engineering,1,0,30,
GSEB,HIN,UNI_UG_BFA_Y1,ART,DBMS,Database Management Systems,Engineering,1,0,31,
GSEB,HIN,UNI_UG_BFA_Y1,ART,OS,Operating Systems,Engineering,1,0,32,
GSEB,HIN,UNI_UG_BFA_Y1,ART,CN,Computer Networks,Engineering,1,0,33,
GSEB,HIN,UNI_UG_BFA_Y1,ART,AI_ML,Artificial Intelligence & ML,Engineering,1,0,34,
GSEB,HIN,UNI_UG_BFA_Y1,ART,SWE,Software Engineering,Engineering,1,0,35,
GSEB,HIN,UNI_UG_BFA_Y1,ART,THERMO,Thermodynamics,Engineering,1,0,36,
GSEB,HIN,UNI_UG_BFA_Y1,ART,CIRCUITS,Electronic Circuits,Engineering,1,0,37,
GSEB,HIN,UNI_UG_BFA_Y1,ART,ANAT,Human Anatomy,Medical,1,0,38,
GSEB,HIN,UNI_UG_BFA_Y1,ART,PHYS,Physiology,Medical,1,0,39,
GSEB,HIN,UNI_UG_BFA_Y1,ART,PHARM,Pharmacology,Medical,1,0,40,
GSEB,HIN,UNI_UG_BFA_Y1,ART,PATH,Pathology,Medical,1,0,41,
GSEB,HIN,UNI_UG_BFA_Y1,ART,COM_MED,Community Medicine,Medical,1,0,42,
GSEB,HIN,UNI_UG_BFA_Y1,ART,LAW_CON,Constitutional Law,Law,1,0,44,
GSEB,HIN,UNI_UG_BFA_Y1,ART,LAW_IPC,Indian Penal Code,Law,1,0,45,
GSEB,HIN,UNI_UG_BFA_Y1,ART,LAW_CONTR,Contract Law,Law,1,0,46,
GSEB,HIN,UNI_UG_BFA_Y1,ART,JURIS,Jurisprudence,Law,1,0,47,
GSEB,HIN,UNI_UG_BFA_Y1,ART,CORP_ACC,Corporate Accounting,Commerce,1,0,48,
GSEB,HIN,UNI_UG_BFA_Y1,ART,FIN_MGT,Financial Management,Management,1,0,49,
GSEB,HIN,UNI_UG_BFA_Y1,ART,MKT_MGT,Marketing Management,Management,1,0,50,
GSEB,HIN,UNI_UG_BFA_Y1,ART,OB,Organizational Behavior,Management,1,0,51,
GSEB,HIN,UNI_UG_BFA_Y1,ART,UI_UX,User Interface & Experience,Design,1,0,54,
GSEB,HIN,UNI_UG_BFA_Y1,ART,TYPO,Typography,Design,1,0,55,
GSEB,HIN,UNI_UG_BFA_Y1,ART,ARCH_DSN,Architectural Design,Architecture,1,0,56,
GSEB,HIN,UNI_UG_BHM_Y1,HOS,DSA,Data Structures & Algorithms,Engineering,1,0,30,
GSEB,HIN,UNI_UG_BHM_Y1,HOS,DBMS,Database Management Systems,Engineering,1,0,31,
GSEB,HIN,UNI_UG_BHM_Y1,HOS,OS,Operating Systems,Engineering,1,0,32,
GSEB,HIN,UNI_UG_BHM_Y1,HOS,CN,Computer Networks,Engineering,1,0,33,
GSEB,HIN,UNI_UG_BHM_Y1,HOS,AI_ML,Artificial Intelligence & ML,Engineering,1,0,34,
GSEB,HIN,UNI_UG_BHM_Y1,HOS,SWE,Software Engineering,Engineering,1,0,35,
GSEB,HIN,UNI_UG_BHM_Y1,HOS,THERMO,Thermodynamics,Engineering,1,0,36,
GSEB,HIN,UNI_UG_BHM_Y1,HOS,CIRCUITS,Electronic Circuits,Engineering,1,0,37,
GSEB,HIN,UNI_UG_BHM_Y1,HOS,ANAT,Human Anatomy,Medical,1,0,38,
GSEB,HIN,UNI_UG_BHM_Y1,HOS,PHYS,Physiology,Medical,1,0,39,
GSEB,HIN,UNI_UG_BHM_Y1,HOS,PHARM,Pharmacology,Medical,1,0,40,
GSEB,HIN,UNI_UG_BHM_Y1,HOS,PATH,Pathology,Medical,1,0,41,
GSEB,HIN,UNI_UG_BHM_Y1,HOS,COM_MED,Community Medicine,Medical,1,0,42,
GSEB,HIN,UNI_UG_BHM_Y1,HOS,LAW_CON,Constitutional Law,Law,1,0,44,
GSEB,HIN,UNI_UG_BHM_Y1,HOS,LAW_IPC,Indian Penal Code,Law,1,0,45,
GSEB,HIN,UNI_UG_BHM_Y1,HOS,LAW_CONTR,Contract Law,Law,1,0,46,
GSEB,HIN,UNI_UG_BHM_Y1,HOS,JURIS,Jurisprudence,Law,1,0,47,
GSEB,HIN,UNI_UG_BHM_Y1,HOS,CORP_ACC,Corporate Accounting,Commerce,1,0,48,
GSEB,HIN,UNI_UG_BHM_Y1,HOS,FIN_MGT,Financial Management,Management,1,0,49,
GSEB,HIN,UNI_UG_BHM_Y1,HOS,MKT_MGT,Marketing Management,Management,1,0,50,
GSEB,HIN,UNI_UG_BHM_Y1,HOS,OB,Organizational Behavior,Management,1,0,51,
GSEB,HIN,UNI_UG_BHM_Y1,HOS,UI_UX,User Interface & Experience,Design,1,0,54,
GSEB,HIN,UNI_UG_BHM_Y1,HOS,TYPO,Typography,Design,1,0,55,
GSEB,HIN,UNI_UG_BHM_Y1,HOS,ARCH_DSN,Architectural Design,Architecture,1,0,56,
GSEB,HIN,UNI_PG_MCA_Y1,CSA,DSA,Data Structures & Algorithms,Engineering,1,0,30,
GSEB,HIN,UNI_PG_MCA_Y1,CSA,DBMS,Database Management Systems,Engineering,1,0,31,
GSEB,HIN,UNI_PG_MCA_Y1,CSA,OS,Operating Systems,Engineering,1,0,32,
GSEB,HIN,UNI_PG_MCA_Y1,CSA,CN,Computer Networks,Engineering,1,0,33,
GSEB,HIN,UNI_PG_MCA_Y1,CSA,AI_ML,Artificial Intelligence & ML,Engineering,1,0,34,
GSEB,HIN,UNI_PG_MCA_Y1,CSA,SWE,Software Engineering,Engineering,1,0,35,
GSEB,HIN,UNI_PG_MCA_Y1,CSA,FIN_MGT,Financial Management,Management,1,0,49,
GSEB,HIN,UNI_PG_MCA_Y1,CSA,MKT_MGT,Marketing Management,Management,1,0,50,
GSEB,HIN,UNI_PG_MCA_Y1,CSA,OB,Organizational Behavior,Management,1,0,51,
GSEB,HIN,UNI_PG_MCA_Y2,CSA,DSA,Data Structures & Algorithms,Engineering,1,0,30,
GSEB,HIN,UNI_PG_MCA_Y2,CSA,DBMS,Database Management Systems,Engineering,1,0,31,
GSEB,HIN,UNI_PG_MCA_Y2,CSA,OS,Operating Systems,Engineering,1,0,32,
GSEB,HIN,UNI_PG_MCA_Y2,CSA,CN,Computer Networks,Engineering,1,0,33,
GSEB,HIN,UNI_PG_MCA_Y2,CSA,AI_ML,Artificial Intelligence & ML,Engineering,1,0,34,
GSEB,HIN,UNI_PG_MCA_Y2,CSA,SWE,Software Engineering,Engineering,1,0,35,
GSEB,HIN,UNI_PG_MCA_Y2,CSA,FIN_MGT,Financial Management,Management,1,0,49,
GSEB,HIN,UNI_PG_MCA_Y2,CSA,MKT_MGT,Marketing Management,Management,1,0,50,
GSEB,HIN,UNI_PG_MCA_Y2,CSA,OB,Organizational Behavior,Management,1,0,51,
GSEB,HIN,UNI_PG_MARCH_Y1,ARC,DSA,Data Structures & Algorithms,Engineering,1,0,30,
GSEB,HIN,UNI_PG_MARCH_Y1,ARC,DBMS,Database Management Systems,Engineering,1,0,31,
GSEB,HIN,UNI_PG_MARCH_Y1,ARC,OS,Operating Systems,Engineering,1,0,32,
GSEB,HIN,UNI_PG_MARCH_Y1,ARC,CN,Computer Networks,Engineering,1,0,33,
GSEB,HIN,UNI_PG_MARCH_Y1,ARC,AI_ML,Artificial Intelligence & ML,Engineering,1,0,34,
GSEB,HIN,UNI_PG_MARCH_Y1,ARC,SWE,Software Engineering,Engineering,1,0,35,
GSEB,HIN,UNI_PG_MARCH_Y1,ARC,FIN_MGT,Financial Management,Management,1,0,49,
GSEB,HIN,UNI_PG_MARCH_Y1,ARC,MKT_MGT,Marketing Management,Management,1,0,50,
GSEB,HIN,UNI_PG_MARCH_Y1,ARC,OB,Organizational Behavior,Management,1,0,51,
GSEB,HIN,UNI_PG_MPT_Y1,AHS,DSA,Data Structures & Algorithms,Engineering,1,0,30,
GSEB,HIN,UNI_PG_MPT_Y1,AHS,DBMS,Database Management Systems,Engineering,1,0,31,
GSEB,HIN,UNI_PG_MPT_Y1,AHS,OS,Operating Systems,Engineering,1,0,32,
GSEB,HIN,UNI_PG_MPT_Y1,AHS,CN,Computer Networks,Engineering,1,0,33,
GSEB,HIN,UNI_PG_MPT_Y1,AHS,AI_ML,Artificial Intelligence & ML,Engineering,1,0,34,
GSEB,HIN,UNI_PG_MPT_Y1,AHS,SWE,Software Engineering,Engineering,1,0,35,
GSEB,HIN,UNI_PG_MPT_Y1,AHS,FIN_MGT,Financial Management,Management,1,0,49,
GSEB,HIN,UNI_PG_MPT_Y1,AHS,MKT_MGT,Marketing Management,Management,1,0,50,
GSEB,HIN,UNI_PG_MPT_Y1,AHS,OB,Organizational Behavior,Management,1,0,51,
GSEB,HIN,UNI_PG_MSW_Y1,ART,DSA,Data Structures & Algorithms,Engineering,1,0,30,
GSEB,HIN,UNI_PG_MSW_Y1,ART,DBMS,Database Management Systems,Engineering,1,0,31,
GSEB,HIN,UNI_PG_MSW_Y1,ART,OS,Operating Systems,Engineering,1,0,32,
GSEB,HIN,UNI_PG_MSW_Y1,ART,CN,Computer Networks,Engineering,1,0,33,
GSEB,HIN,UNI_PG_MSW_Y1,ART,AI_ML,Artificial Intelligence & ML,Engineering,1,0,34,
GSEB,HIN,UNI_PG_MSW_Y1,ART,SWE,Software Engineering,Engineering,1,0,35,
GSEB,HIN,UNI_PG_MSW_Y1,ART,FIN_MGT,Financial Management,Management,1,0,49,
GSEB,HIN,UNI_PG_MSW_Y1,ART,MKT_MGT,Marketing Management,Management,1,0,50,
GSEB,HIN,UNI_PG_MSW_Y1,ART,OB,Organizational Behavior,Management,1,0,51,
GSEB,HIN,UNI_PG_MFA_Y1,ART,DSA,Data Structures & Algorithms,Engineering,1,0,30,
GSEB,HIN,UNI_PG_MFA_Y1,ART,DBMS,Database Management Systems,Engineering,1,0,31,
GSEB,HIN,UNI_PG_MFA_Y1,ART,OS,Operating Systems,Engineering,1,0,32,
GSEB,HIN,UNI_PG_MFA_Y1,ART,CN,Computer Networks,Engineering,1,0,33,
GSEB,HIN,UNI_PG_MFA_Y1,ART,AI_ML,Artificial Intelligence & ML,Engineering,1,0,34,
GSEB,HIN,UNI_PG_MFA_Y1,ART,SWE,Software Engineering,Engineering,1,0,35,
GSEB,HIN,UNI_PG_MFA_Y1,ART,FIN_MGT,Financial Management,Management,1,0,49,
GSEB,HIN,UNI_PG_MFA_Y1,ART,MKT_MGT,Marketing Management,Management,1,0,50,
GSEB,HIN,UNI_PG_MFA_Y1,ART,OB,Organizational Behavior,Management,1,0,51,
GSEB,HIN,UNI_PG_MCOM_Y1,PRO_FIN,DSA,Data Structures & Algorithms,Engineering,1,0,30,
GSEB,HIN,UNI_PG_MCOM_Y1,PRO_FIN,DBMS,Database Management Systems,Engineering,1,0,31,
GSEB,HIN,UNI_PG_MCOM_Y1,PRO_FIN,OS,Operating Systems,Engineering,1,0,32,
GSEB,HIN,UNI_PG_MCOM_Y1,PRO_FIN,CN,Computer Networks,Engineering,1,0,33,
GSEB,HIN,UNI_PG_MCOM_Y1,PRO_FIN,AI_ML,Artificial Intelligence & ML,Engineering,1,0,34,
GSEB,HIN,UNI_PG_MCOM_Y1,PRO_FIN,SWE,Software Engineering,Engineering,1,0,35,
GSEB,HIN,UNI_PG_MCOM_Y1,PRO_FIN,FIN_MGT,Financial Management,Management,1,0,49,
GSEB,HIN,UNI_PG_MCOM_Y1,PRO_FIN,MKT_MGT,Marketing Management,Management,1,0,50,
GSEB,HIN,UNI_PG_MCOM_Y1,PRO_FIN,OB,Organizational Behavior,Management,1,0,51,
GSEB,HIN,LMS_CERT_FSD,CSA,UI_UX,User Interface & Experience,Design,1,0,54,
GSEB,HIN,LMS_CERT_FSD,CSA,APT_REAS,Aptitude & Reasoning,Competitive Prep,1,0,68,
GSEB,HIN,LMS_CERT_DATA,AIE,UI_UX,User Interface & Experience,Design,1,0,54,
GSEB,HIN,LMS_CERT_DATA,AIE,APT_REAS,Aptitude & Reasoning,Competitive Prep,1,0,68,
GSEB,HIN,LMS_CERT_CLOUD,ENG,UI_UX,User Interface & Experience,Design,1,0,54,
GSEB,HIN,LMS_CERT_CLOUD,ENG,APT_REAS,Aptitude & Reasoning,Competitive Prep,1,0,68,
GSEB,HIN,LMS_CERT_MLOPS,AIE,UI_UX,User Interface & Experience,Design,1,0,54,
GSEB,HIN,LMS_CERT_MLOPS,AIE,APT_REAS,Aptitude & Reasoning,Competitive Prep,1,0,68,
GSEB,HIN,LMS_CERT_PM,MGT,UI_UX,User Interface & Experience,Design,1,0,54,
GSEB,HIN,LMS_CERT_PM,MGT,APT_REAS,Aptitude & Reasoning,Competitive Prep,1,0,68,
GSEB,HIN,LMS_CERT_AGILE,MGT,UI_UX,User Interface & Experience,Design,1,0,54,
GSEB,HIN,LMS_CERT_AGILE,MGT,APT_REAS,Aptitude & Reasoning,Competitive Prep,1,0,68,
GSEB,HIN,LMS_CERT_CYBER,CSA,UI_UX,User Interface & Experience,Design,1,0,54,
GSEB,HIN,LMS_CERT_CYBER,CSA,APT_REAS,Aptitude & Reasoning,Competitive Prep,1,0,68,
GSEB,HIN,LMS_CERT_WEB3,EMG,UI_UX,User Interface & Experience,Design,1,0,54,
GSEB,HIN,LMS_CERT_WEB3,EMG,APT_REAS,Aptitude & Reasoning,Competitive Prep,1,0,68,
GSEB,HIN,LMS_CERT_DIGMKT,MKT,UI_UX,User Interface & Experience,Design,1,0,54,
GSEB,HIN,LMS_CERT_DIGMKT,MKT,APT_REAS,Aptitude & Reasoning,Competitive Prep,1,0,68,
