category_code,parent_category_code,category_type,name,idnumber,path,visible,description
DRONA_TRUST,,trust,Drona Education Trust,DRONA_TRUST,Drona Education Trust,1,Root trust category.
DRONA_TRUST_GSEB,DRONA_TRUST,board,Gujarat Board Education,DRONA_TRUST_GSEB,Drona Education Trust / Gujarat Board Education,1,Board category.
DRONA_TRUST_GSEB_DPS,DRONA_TRUST_GSEB,school,Drona Public School,DRONA_TRUST_GSEB_DPS,Drona Education Trust / Gujarat Board Education / Drona Public School,1,School category.
DRONA_TRUST_GSEB_DPS_2026_2027,DRONA_TRUST_GSEB_DPS,academic_year,Academic Year 2026-2027,DRONA_TRUST_GSEB_DPS_2026_2027,Drona Education Trust / Gujarat Board Education / Drona Public School / Academic Year 2026-2027,1,Academic year 2026-2027.
DRONA_TRUST_GSEB_DPS_2026_2027_ENG,DRONA_TRUST_GSEB_DPS_2026_2027,medium,English Medium,DRONA_TRUST_GSEB_DPS_2026_2027_ENG,Drona Education Trust / Gujarat Board Education / Drona Public School / Academic Year 2026-2027 / English Medium,1,English Medium category for 2026-2027.
DRONA_TRUST_GSEB_DPS_2026_2027_ENG_PRE01,DRONA_TRUST_GSEB_DPS_2026_2027_ENG,grade,Nursery,DRONA_TRUST_GSEB_DPS_2026_2027_ENG_PRE01,Drona Education Trust / Gujarat Board Education / Drona Public School / Academic Year 2026-2027 / English Medium / Nursery,1,Nursery category.
DRONA_TRUST_GSEB_DPS_2026_2027_ENG_PRE01_GEN,DRONA_TRUST_GSEB_DPS_2026_2027_ENG_PRE01,stream,General,DRONA_TRUST_GSEB_DPS_2026_2027_ENG_PRE01_GEN,Drona Education Trust / Gujarat Board Education / Drona Public School / Academic Year 2026-2027 / English Medium / Nursery / GEN,1,General stream category.
DRONA_TRUST_GSEB_DPS_2026_2027_ENG_PRE02,DRONA_TRUST_GSEB_DPS_2026_2027_ENG,grade,Preschool,DRONA_TRUST_GSEB_DPS_2026_2027_ENG_PRE02,Drona Education Trust / Gujarat Board Education / Drona Public School / Academic Year 2026-2027 / English Medium / Preschool,1,Preschool category.
DRONA_TRUST_GSEB_DPS_2026_2027_ENG_PRE02_GEN,DRONA_TRUST_GSEB_DPS_2026_2027_ENG_PRE02,stream,General,DRONA_TRUST_GSEB_DPS_2026_2027_ENG_PRE02_GEN,Drona Education Trust / Gujarat Board Education / Drona Public School / Academic Year 2026-2027 / English Medium / Preschool / GEN,1,General stream category.
DRONA_TRUST_GSEB_DPS_2026_2027_ENG_PRE03,DRONA_TRUST_GSEB_DPS_2026_2027_ENG,grade,LKG (Lower Kindergarten),DRONA_TRUST_GSEB_DPS_2026_2027_ENG_PRE03,Drona Education Trust / Gujarat Board Education / Drona Public School / Academic Year 2026-2027 / English Medium / LKG (Lower Kindergarten),1,LKG (Lower Kindergarten) category.
DRONA_TRUST_GSEB_DPS_2026_2027_ENG_PRE03_GEN,DRONA_TRUST_GSEB_DPS_2026_2027_ENG_PRE03,stream,General,DRONA_TRUST_GSEB_DPS_2026_2027_ENG_PRE03_GEN,Drona Education Trust / Gujarat Board Education / Drona Public School / Academic Year 2026-2027 / English Medium / LKG (Lower Kindergarten) / GEN,1,General stream category.
DRONA_TRUST_GSEB_DPS_2026_2027_ENG_PRE04,DRONA_TRUST_GSEB_DPS_2026_2027_ENG,grade,UKG (Upper Kindergarten),DRONA_TRUST_GSEB_DPS_2026_2027_ENG_PRE04,Drona Education Trust / Gujarat Board Education / Drona Public School / Academic Year 2026-2027 / English Medium / UKG (Upper Kindergarten),1,UKG (Upper Kindergarten) category.
DRONA_TRUST_GSEB_DPS_2026_2027_ENG_PRE04_GEN,DRONA_TRUST_GSEB_DPS_2026_2027_ENG_PRE04,stream,General,DRONA_TRUST_GSEB_DPS_2026_2027_ENG_PRE04_GEN,Drona Education Trust / Gujarat Board Education / Drona Public School / Academic Year 2026-2027 / English Medium / UKG (Upper Kindergarten) / GEN,1,General stream category.
DRONA_TRUST_GSEB_DPS_2026_2027_ENG_STD01,DRONA_TRUST_GSEB_DPS_2026_2027_ENG,grade,Standard 1,DRONA_TRUST_GSEB_DPS_2026_2027_ENG_STD01,Drona Education Trust / Gujarat Board Education / Drona Public School / Academic Year 2026-2027 / English Medium / Standard 1,1,Standard 1 category.
DRONA_TRUST_GSEB_DPS_2026_2027_ENG_STD01_GEN,DRONA_TRUST_GSEB_DPS_2026_2027_ENG_STD01,stream,General,DRONA_TRUST_GSEB_DPS_2026_2027_ENG_STD01_GEN,Drona Education Trust / Gujarat Board Education / Drona Public School / Academic Year 2026-2027 / English Medium / Standard 1 / GEN,1,General stream category.
DRONA_TRUST_GSEB_DPS_2026_2027_ENG_STD02,DRONA_TRUST_GSEB_DPS_2026_2027_ENG,grade,Standard 2,DRONA_TRUST_GSEB_DPS_2026_2027_ENG_STD02,Drona Education Trust / Gujarat Board Education / Drona Public School / Academic Year 2026-2027 / English Medium / Standard 2,1,Standard 2 category.
DRONA_TRUST_GSEB_DPS_2026_2027_ENG_STD02_GEN,DRONA_TRUST_GSEB_DPS_2026_2027_ENG_STD02,stream,General,DRONA_TRUST_GSEB_DPS_2026_2027_ENG_STD02_GEN,Drona Education Trust / Gujarat Board Education / Drona Public School / Academic Year 2026-2027 / English Medium / Standard 2 / GEN,1,General stream category.
DRONA_TRUST_GSEB_DPS_2026_2027_ENG_STD03,DRONA_TRUST_GSEB_DPS_2026_2027_ENG,grade,Standard 3,DRONA_TRUST_GSEB_DPS_2026_2027_ENG_STD03,Drona Education Trust / Gujarat Board Education / Drona Public School / Academic Year 2026-2027 / English Medium / Standard 3,1,Standard 3 category.
DRONA_TRUST_GSEB_DPS_2026_2027_ENG_STD03_GEN,DRONA_TRUST_GSEB_DPS_2026_2027_ENG_STD03,stream,General,DRONA_TRUST_GSEB_DPS_2026_2027_ENG_STD03_GEN,Drona Education Trust / Gujarat Board Education / Drona Public School / Academic Year 2026-2027 / English Medium / Standard 3 / GEN,1,General stream category.
DRONA_TRUST_GSEB_DPS_2026_2027_ENG_STD04,DRONA_TRUST_GSEB_DPS_2026_2027_ENG,grade,Standard 4,DRONA_TRUST_GSEB_DPS_2026_2027_ENG_STD04,Drona Education Trust / Gujarat Board Education / Drona Public School / Academic Year 2026-2027 / English Medium / Standard 4,1,Standard 4 category.
DRONA_TRUST_GSEB_DPS_2026_2027_ENG_STD04_GEN,DRONA_TRUST_GSEB_DPS_2026_2027_ENG_STD04,stream,General,DRONA_TRUST_GSEB_DPS_2026_2027_ENG_STD04_GEN,Drona Education Trust / Gujarat Board Education / Drona Public School / Academic Year 2026-2027 / English Medium / Standard 4 / GEN,1,General stream category.
DRONA_TRUST_GSEB_DPS_2026_2027_ENG_STD05,DRONA_TRUST_GSEB_DPS_2026_2027_ENG,grade,Standard 5,DRONA_TRUST_GSEB_DPS_2026_2027_ENG_STD05,Drona Education Trust / Gujarat Board Education / Drona Public School / Academic Year 2026-2027 / English Medium / Standard 5,1,Standard 5 category.
DRONA_TRUST_GSEB_DPS_2026_2027_ENG_STD05_GEN,DRONA_TRUST_GSEB_DPS_2026_2027_ENG_STD05,stream,General,DRONA_TRUST_GSEB_DPS_2026_2027_ENG_STD05_GEN,Drona Education Trust / Gujarat Board Education / Drona Public School / Academic Year 2026-2027 / English Medium / Standard 5 / GEN,1,General stream category.
DRONA_TRUST_GSEB_DPS_2026_2027_ENG_STD06,DRONA_TRUST_GSEB_DPS_2026_2027_ENG,grade,Standard 6,DRONA_TRUST_GSEB_DPS_2026_2027_ENG_STD06,Drona Education Trust / Gujarat Board Education / Drona Public School / Academic Year 2026-2027 / English Medium / Standard 6,1,Standard 6 category.
DRONA_TRUST_GSEB_DPS_2026_2027_ENG_STD06_GEN,DRONA_TRUST_GSEB_DPS_2026_2027_ENG_STD06,stream,General,DRONA_TRUST_GSEB_DPS_2026_2027_ENG_STD06_GEN,Drona Education Trust / Gujarat Board Education / Drona Public School / Academic Year 2026-2027 / English Medium / Standard 6 / GEN,1,General stream category.
DRONA_TRUST_GSEB_DPS_2026_2027_ENG_STD07,DRONA_TRUST_GSEB_DPS_2026_2027_ENG,grade,Standard 7,DRONA_TRUST_GSEB_DPS_2026_2027_ENG_STD07,Drona Education Trust / Gujarat Board Education / Drona Public School / Academic Year 2026-2027 / English Medium / Standard 7,1,Standard 7 category.
DRONA_TRUST_GSEB_DPS_2026_2027_ENG_STD07_GEN,DRONA_TRUST_GSEB_DPS_2026_2027_ENG_STD07,stream,General,DRONA_TRUST_GSEB_DPS_2026_2027_ENG_STD07_GEN,Drona Education Trust / Gujarat Board Education / Drona Public School / Academic Year 2026-2027 / English Medium / Standard 7 / GEN,1,General stream category.
DRONA_TRUST_GSEB_DPS_2026_2027_ENG_STD08,DRONA_TRUST_GSEB_DPS_2026_2027_ENG,grade,Standard 8,DRONA_TRUST_GSEB_DPS_2026_2027_ENG_STD08,Drona Education Trust / Gujarat Board Education / Drona Public School / Academic Year 2026-2027 / English Medium / Standard 8,1,Standard 8 category.
DRONA_TRUST_GSEB_DPS_2026_2027_ENG_STD08_GEN,DRONA_TRUST_GSEB_DPS_2026_2027_ENG_STD08,stream,General,DRONA_TRUST_GSEB_DPS_2026_2027_ENG_STD08_GEN,Drona Education Trust / Gujarat Board Education / Drona Public School / Academic Year 2026-2027 / English Medium / Standard 8 / GEN,1,General stream category.
DRONA_TRUST_GSEB_DPS_2026_2027_ENG_STD09,DRONA_TRUST_GSEB_DPS_2026_2027_ENG,grade,Standard 9,DRONA_TRUST_GSEB_DPS_2026_2027_ENG_STD09,Drona Education Trust / Gujarat Board Education / Drona Public School / Academic Year 2026-2027 / English Medium / Standard 9,1,Standard 9 category.
DRONA_TRUST_GSEB_DPS_2026_2027_ENG_STD09_GEN,DRONA_TRUST_GSEB_DPS_2026_2027_ENG_STD09,stream,General,DRONA_TRUST_GSEB_DPS_2026_2027_ENG_STD09_GEN,Drona Education Trust / Gujarat Board Education / Drona Public School / Academic Year 2026-2027 / English Medium / Standard 9 / GEN,1,General stream category.
DRONA_TRUST_GSEB_DPS_2026_2027_ENG_STD10,DRONA_TRUST_GSEB_DPS_2026_2027_ENG,grade,Standard 10,DRONA_TRUST_GSEB_DPS_2026_2027_ENG_STD10,Drona Education Trust / Gujarat Board Education / Drona Public School / Academic Year 2026-2027 / English Medium / Standard 10,1,Standard 10 category.
DRONA_TRUST_GSEB_DPS_2026_2027_ENG_STD10_GEN,DRONA_TRUST_GSEB_DPS_2026_2027_ENG_STD10,stream,General,DRONA_TRUST_GSEB_DPS_2026_2027_ENG_STD10_GEN,Drona Education Trust / Gujarat Board Education / Drona Public School / Academic Year 2026-2027 / English Medium / Standard 10 / GEN,1,General stream category.
DRONA_TRUST_GSEB_DPS_2026_2027_ENG_STD11_SCI,DRONA_TRUST_GSEB_DPS_2026_2027_ENG,grade,Standard 11 (Science),DRONA_TRUST_GSEB_DPS_2026_2027_ENG_STD11_SCI,Drona Education Trust / Gujarat Board Education / Drona Public School / Academic Year 2026-2027 / English Medium / Standard 11 (Science),1,Standard 11 (Science) category.
DRONA_TRUST_GSEB_DPS_2026_2027_ENG_STD11_SCI_SCI,DRONA_TRUST_GSEB_DPS_2026_2027_ENG_STD11_SCI,stream,Pure Sciences,DRONA_TRUST_GSEB_DPS_2026_2027_ENG_STD11_SCI_SCI,Drona Education Trust / Gujarat Board Education / Drona Public School / Academic Year 2026-2027 / English Medium / Standard 11 (Science) / SCI,1,Pure Sciences stream category.
DRONA_TRUST_GSEB_DPS_2026_2027_ENG_STD11_COM,DRONA_TRUST_GSEB_DPS_2026_2027_ENG,grade,Standard 11 (Commerce),DRONA_TRUST_GSEB_DPS_2026_2027_ENG_STD11_COM,Drona Education Trust / Gujarat Board Education / Drona Public School / Academic Year 2026-2027 / English Medium / Standard 11 (Commerce),1,Standard 11 (Commerce) category.
DRONA_TRUST_GSEB_DPS_2026_2027_ENG_STD11_COM_COM,DRONA_TRUST_GSEB_DPS_2026_2027_ENG_STD11_COM,stream,Commerce & Biz,DRONA_TRUST_GSEB_DPS_2026_2027_ENG_STD11_COM_COM,Drona Education Trust / Gujarat Board Education / Drona Public School / Academic Year 2026-2027 / English Medium / Standard 11 (Commerce) / COM,1,Commerce & Biz stream category.
DRONA_TRUST_GSEB_DPS_2026_2027_ENG_STD11_ART,DRONA_TRUST_GSEB_DPS_2026_2027_ENG,grade,Standard 11 (Arts),DRONA_TRUST_GSEB_DPS_2026_2027_ENG_STD11_ART,Drona Education Trust / Gujarat Board Education / Drona Public School / Academic Year 2026-2027 / English Medium / Standard 11 (Arts),1,Standard 11 (Arts) category.
DRONA_TRUST_GSEB_DPS_2026_2027_ENG_STD11_ART_ART,DRONA_TRUST_GSEB_DPS_2026_2027_ENG_STD11_ART,stream,Humanities & Arts,DRONA_TRUST_GSEB_DPS_2026_2027_ENG_STD11_ART_ART,Drona Education Trust / Gujarat Board Education / Drona Public School / Academic Year 2026-2027 / English Medium / Standard 11 (Arts) / ART,1,Humanities & Arts stream category.
DRONA_TRUST_GSEB_DPS_2026_2027_ENG_STD12_SCI,DRONA_TRUST_GSEB_DPS_2026_2027_ENG,grade,Standard 12 (Science),DRONA_TRUST_GSEB_DPS_2026_2027_ENG_STD12_SCI,Drona Education Trust / Gujarat Board Education / Drona Public School / Academic Year 2026-2027 / English Medium / Standard 12 (Science),1,Standard 12 (Science) category.
DRONA_TRUST_GSEB_DPS_2026_2027_ENG_STD12_SCI_SCI,DRONA_TRUST_GSEB_DPS_2026_2027_ENG_STD12_SCI,stream,Pure Sciences,DRONA_TRUST_GSEB_DPS_2026_2027_ENG_STD12_SCI_SCI,Drona Education Trust / Gujarat Board Education / Drona Public School / Academic Year 2026-2027 / English Medium / Standard 12 (Science) / SCI,1,Pure Sciences stream category.
DRONA_TRUST_GSEB_DPS_2026_2027_ENG_STD12_COM,DRONA_TRUST_GSEB_DPS_2026_2027_ENG,grade,Standard 12 (Commerce),DRONA_TRUST_GSEB_DPS_2026_2027_ENG_STD12_COM,Drona Education Trust / Gujarat Board Education / Drona Public School / Academic Year 2026-2027 / English Medium / Standard 12 (Commerce),1,Standard 12 (Commerce) category.
DRONA_TRUST_GSEB_DPS_2026_2027_ENG_STD12_COM_COM,DRONA_TRUST_GSEB_DPS_2026_2027_ENG_STD12_COM,stream,Commerce & Biz,DRONA_TRUST_GSEB_DPS_2026_2027_ENG_STD12_COM_COM,Drona Education Trust / Gujarat Board Education / Drona Public School / Academic Year 2026-2027 / English Medium / Standard 12 (Commerce) / COM,1,Commerce & Biz stream category.
DRONA_TRUST_GSEB_DPS_2026_2027_ENG_STD12_ART,DRONA_TRUST_GSEB_DPS_2026_2027_ENG,grade,Standard 12 (Arts),DRONA_TRUST_GSEB_DPS_2026_2027_ENG_STD12_ART,Drona Education Trust / Gujarat Board Education / Drona Public School / Academic Year 2026-2027 / English Medium / Standard 12 (Arts),1,Standard 12 (Arts) category.
DRONA_TRUST_GSEB_DPS_2026_2027_ENG_STD12_ART_ART,DRONA_TRUST_GSEB_DPS_2026_2027_ENG_STD12_ART,stream,Humanities & Arts,DRONA_TRUST_GSEB_DPS_2026_2027_ENG_STD12_ART_ART,Drona Education Trust / Gujarat Board Education / Drona Public School / Academic Year 2026-2027 / English Medium / Standard 12 (Arts) / ART,1,Humanities & Arts stream category.
DRONA_TRUST_GSEB_DPS_2026_2027_ENG_ITI_ELEC,DRONA_TRUST_GSEB_DPS_2026_2027_ENG,grade,ITI Electrician (Vocational),DRONA_TRUST_GSEB_DPS_2026_2027_ENG_ITI_ELEC,Drona Education Trust / Gujarat Board Education / Drona Public School / Academic Year 2026-2027 / English Medium / ITI Electrician (Vocational),1,ITI Electrician (Vocational) category.
DRONA_TRUST_GSEB_DPS_2026_2027_ENG_ITI_ELEC_VOC_IND,DRONA_TRUST_GSEB_DPS_2026_2027_ENG_ITI_ELEC,stream,Industrial Training,DRONA_TRUST_GSEB_DPS_2026_2027_ENG_ITI_ELEC_VOC_IND,Drona Education Trust / Gujarat Board Education / Drona Public School / Academic Year 2026-2027 / English Medium / ITI Electrician (Vocational) / VOC_IND,1,Industrial Training stream category.
DRONA_TRUST_GSEB_DPS_2026_2027_ENG_ITI_FIT,DRONA_TRUST_GSEB_DPS_2026_2027_ENG,grade,ITI Fitter (Vocational),DRONA_TRUST_GSEB_DPS_2026_2027_ENG_ITI_FIT,Drona Education Trust / Gujarat Board Education / Drona Public School / Academic Year 2026-2027 / English Medium / ITI Fitter (Vocational),1,ITI Fitter (Vocational) category.
DRONA_TRUST_GSEB_DPS_2026_2027_ENG_ITI_FIT_VOC_IND,DRONA_TRUST_GSEB_DPS_2026_2027_ENG_ITI_FIT,stream,Industrial Training,DRONA_TRUST_GSEB_DPS_2026_2027_ENG_ITI_FIT_VOC_IND,Drona Education Trust / Gujarat Board Education / Drona Public School / Academic Year 2026-2027 / English Medium / ITI Fitter (Vocational) / VOC_IND,1,Industrial Training stream category.
DRONA_TRUST_GSEB_DPS_2026_2027_ENG_POLY_ME_Y1,DRONA_TRUST_GSEB_DPS_2026_2027_ENG,grade,Polytechnic Diploma Mechanical - Y1,DRONA_TRUST_GSEB_DPS_2026_2027_ENG_POLY_ME_Y1,Drona Education Trust / Gujarat Board Education / Drona Public School / Academic Year 2026-2027 / English Medium / Polytechnic Diploma Mechanical - Y1,1,Polytechnic Diploma Mechanical - Y1 category.
DRONA_TRUST_GSEB_DPS_2026_2027_ENG_POLY_ME_Y1_ENG,DRONA_TRUST_GSEB_DPS_2026_2027_ENG_POLY_ME_Y1,stream,Engineering & Tech,DRONA_TRUST_GSEB_DPS_2026_2027_ENG_POLY_ME_Y1_ENG,Drona Education Trust / Gujarat Board Education / Drona Public School / Academic Year 2026-2027 / English Medium / Polytechnic Diploma Mechanical - Y1 / ENG,1,Engineering & Tech stream category.
DRONA_TRUST_GSEB_DPS_2026_2027_ENG_POLY_ME_Y2,DRONA_TRUST_GSEB_DPS_2026_2027_ENG,grade,Polytechnic Diploma Mechanical - Y2,DRONA_TRUST_GSEB_DPS_2026_2027_ENG_POLY_ME_Y2,Drona Education Trust / Gujarat Board Education / Drona Public School / Academic Year 2026-2027 / English Medium / Polytechnic Diploma Mechanical - Y2,1,Polytechnic Diploma Mechanical - Y2 category.
DRONA_TRUST_GSEB_DPS_2026_2027_ENG_POLY_ME_Y2_ENG,DRONA_TRUST_GSEB_DPS_2026_2027_ENG_POLY_ME_Y2,stream,Engineering & Tech,DRONA_TRUST_GSEB_DPS_2026_2027_ENG_POLY_ME_Y2_ENG,Drona Education Trust / Gujarat Board Education / Drona Public School / Academic Year 2026-2027 / English Medium / Polytechnic Diploma Mechanical - Y2 / ENG,1,Engineering & Tech stream category.
DRONA_TRUST_GSEB_DPS_2026_2027_ENG_POLY_ME_Y3,DRONA_TRUST_GSEB_DPS_2026_2027_ENG,grade,Polytechnic Diploma Mechanical - Y3,DRONA_TRUST_GSEB_DPS_2026_2027_ENG_POLY_ME_Y3,Drona Education Trust / Gujarat Board Education / Drona Public School / Academic Year 2026-2027 / English Medium / Polytechnic Diploma Mechanical - Y3,1,Polytechnic Diploma Mechanical - Y3 category.
DRONA_TRUST_GSEB_DPS_2026_2027_ENG_POLY_ME_Y3_ENG,DRONA_TRUST_GSEB_DPS_2026_2027_ENG_POLY_ME_Y3,stream,Engineering & Tech,DRONA_TRUST_GSEB_DPS_2026_2027_ENG_POLY_ME_Y3_ENG,Drona Education Trust / Gujarat Board Education / Drona Public School / Academic Year 2026-2027 / English Medium / Polytechnic Diploma Mechanical - Y3 / ENG,1,Engineering & Tech stream category.
DRONA_TRUST_GSEB_DPS_2026_2027_ENG_POLY_CE_Y1,DRONA_TRUST_GSEB_DPS_2026_2027_ENG,grade,Polytechnic Diploma Civil - Y1,DRONA_TRUST_GSEB_DPS_2026_2027_ENG_POLY_CE_Y1,Drona Education Trust / Gujarat Board Education / Drona Public School / Academic Year 2026-2027 / English Medium / Polytechnic Diploma Civil - Y1,1,Polytechnic Diploma Civil - Y1 category.
DRONA_TRUST_GSEB_DPS_2026_2027_ENG_POLY_CE_Y1_ENG,DRONA_TRUST_GSEB_DPS_2026_2027_ENG_POLY_CE_Y1,stream,Engineering & Tech,DRONA_TRUST_GSEB_DPS_2026_2027_ENG_POLY_CE_Y1_ENG,Drona Education Trust / Gujarat Board Education / Drona Public School / Academic Year 2026-2027 / English Medium / Polytechnic Diploma Civil - Y1 / ENG,1,Engineering & Tech stream category.
DRONA_TRUST_GSEB_DPS_2026_2027_ENG_POLY_CE_Y2,DRONA_TRUST_GSEB_DPS_2026_2027_ENG,grade,Polytechnic Diploma Civil - Y2,DRONA_TRUST_GSEB_DPS_2026_2027_ENG_POLY_CE_Y2,Drona Education Trust / Gujarat Board Education / Drona Public School / Academic Year 2026-2027 / English Medium / Polytechnic Diploma Civil - Y2,1,Polytechnic Diploma Civil - Y2 category.
DRONA_TRUST_GSEB_DPS_2026_2027_ENG_POLY_CE_Y2_ENG,DRONA_TRUST_GSEB_DPS_2026_2027_ENG_POLY_CE_Y2,stream,Engineering & Tech,DRONA_TRUST_GSEB_DPS_2026_2027_ENG_POLY_CE_Y2_ENG,Drona Education Trust / Gujarat Board Education / Drona Public School / Academic Year 2026-2027 / English Medium / Polytechnic Diploma Civil - Y2 / ENG,1,Engineering & Tech stream category.
DRONA_TRUST_GSEB_DPS_2026_2027_ENG_POLY_CE_Y3,DRONA_TRUST_GSEB_DPS_2026_2027_ENG,grade,Polytechnic Diploma Civil - Y3,DRONA_TRUST_GSEB_DPS_2026_2027_ENG_POLY_CE_Y3,Drona Education Trust / Gujarat Board Education / Drona Public School / Academic Year 2026-2027 / English Medium / Polytechnic Diploma Civil - Y3,1,Polytechnic Diploma Civil - Y3 category.
DRONA_TRUST_GSEB_DPS_2026_2027_ENG_POLY_CE_Y3_ENG,DRONA_TRUST_GSEB_DPS_2026_2027_ENG_POLY_CE_Y3,stream,Engineering & Tech,DRONA_TRUST_GSEB_DPS_2026_2027_ENG_POLY_CE_Y3_ENG,Drona Education Trust / Gujarat Board Education / Drona Public School / Academic Year 2026-2027 / English Medium / Polytechnic Diploma Civil - Y3 / ENG,1,Engineering & Tech stream category.
DRONA_TRUST_GSEB_DPS_2026_2027_ENG_NUR_GNM_Y1,DRONA_TRUST_GSEB_DPS_2026_2027_ENG,grade,GNM (General Nursing & Midwifery) - Y1,DRONA_TRUST_GSEB_DPS_2026_2027_ENG_NUR_GNM_Y1,Drona Education Trust / Gujarat Board Education / Drona Public School / Academic Year 2026-2027 / English Medium / GNM (General Nursing & Midwifery) - Y1,1,GNM (General Nursing & Midwifery) - Y1 category.
DRONA_TRUST_GSEB_DPS_2026_2027_ENG_NUR_GNM_Y1_NUR,DRONA_TRUST_GSEB_DPS_2026_2027_ENG_NUR_GNM_Y1,stream,Nursing,DRONA_TRUST_GSEB_DPS_2026_2027_ENG_NUR_GNM_Y1_NUR,Drona Education Trust / Gujarat Board Education / Drona Public School / Academic Year 2026-2027 / English Medium / GNM (General Nursing & Midwifery) - Y1 / NUR,1,Nursing stream category.
DRONA_TRUST_GSEB_DPS_2026_2027_ENG_NUR_GNM_Y2,DRONA_TRUST_GSEB_DPS_2026_2027_ENG,grade,GNM (General Nursing & Midwifery) - Y2,DRONA_TRUST_GSEB_DPS_2026_2027_ENG_NUR_GNM_Y2,Drona Education Trust / Gujarat Board Education / Drona Public School / Academic Year 2026-2027 / English Medium / GNM (General Nursing & Midwifery) - Y2,1,GNM (General Nursing & Midwifery) - Y2 category.
DRONA_TRUST_GSEB_DPS_2026_2027_ENG_NUR_GNM_Y2_NUR,DRONA_TRUST_GSEB_DPS_2026_2027_ENG_NUR_GNM_Y2,stream,Nursing,DRONA_TRUST_GSEB_DPS_2026_2027_ENG_NUR_GNM_Y2_NUR,Drona Education Trust / Gujarat Board Education / Drona Public School / Academic Year 2026-2027 / English Medium / GNM (General Nursing & Midwifery) - Y2 / NUR,1,Nursing stream category.
DRONA_TRUST_GSEB_DPS_2026_2027_ENG_UNI_UG_CSE_Y1,DRONA_TRUST_GSEB_DPS_2026_2027_ENG,grade,B.Tech Computer Science (AI/ML) - Y1,DRONA_TRUST_GSEB_DPS_2026_2027_ENG_UNI_UG_CSE_Y1,Drona Education Trust / Gujarat Board Education / Drona Public School / Academic Year 2026-2027 / English Medium / B.Tech Computer Science (AI/ML) - Y1,1,B.Tech Computer Science (AI/ML) - Y1 category.
DRONA_TRUST_GSEB_DPS_2026_2027_ENG_UNI_UG_CSE_Y1_ENG,DRONA_TRUST_GSEB_DPS_2026_2027_ENG_UNI_UG_CSE_Y1,stream,Engineering & Tech,DRONA_TRUST_GSEB_DPS_2026_2027_ENG_UNI_UG_CSE_Y1_ENG,Drona Education Trust / Gujarat Board Education / Drona Public School / Academic Year 2026-2027 / English Medium / B.Tech Computer Science (AI/ML) - Y1 / ENG,1,Engineering & Tech stream category.
DRONA_TRUST_GSEB_DPS_2026_2027_ENG_UNI_UG_CSE_Y2,DRONA_TRUST_GSEB_DPS_2026_2027_ENG,grade,B.Tech Computer Science (AI/ML) - Y2,DRONA_TRUST_GSEB_DPS_2026_2027_ENG_UNI_UG_CSE_Y2,Drona Education Trust / Gujarat Board Education / Drona Public School / Academic Year 2026-2027 / English Medium / B.Tech Computer Science (AI/ML) - Y2,1,B.Tech Computer Science (AI/ML) - Y2 category.
DRONA_TRUST_GSEB_DPS_2026_2027_ENG_UNI_UG_CSE_Y2_ENG,DRONA_TRUST_GSEB_DPS_2026_2027_ENG_UNI_UG_CSE_Y2,stream,Engineering & Tech,DRONA_TRUST_GSEB_DPS_2026_2027_ENG_UNI_UG_CSE_Y2_ENG,Drona Education Trust / Gujarat Board Education / Drona Public School / Academic Year 2026-2027 / English Medium / B.Tech Computer Science (AI/ML) - Y2 / ENG,1,Engineering & Tech stream category.
DRONA_TRUST_GSEB_DPS_2026_2027_ENG_UNI_UG_CSE_Y3,DRONA_TRUST_GSEB_DPS_2026_2027_ENG,grade,B.Tech Computer Science (AI/ML) - Y3,DRONA_TRUST_GSEB_DPS_2026_2027_ENG_UNI_UG_CSE_Y3,Drona Education Trust / Gujarat Board Education / Drona Public School / Academic Year 2026-2027 / English Medium / B.Tech Computer Science (AI/ML) - Y3,1,B.Tech Computer Science (AI/ML) - Y3 category.
DRONA_TRUST_GSEB_DPS_2026_2027_ENG_UNI_UG_CSE_Y3_ENG,DRONA_TRUST_GSEB_DPS_2026_2027_ENG_UNI_UG_CSE_Y3,stream,Engineering & Tech,DRONA_TRUST_GSEB_DPS_2026_2027_ENG_UNI_UG_CSE_Y3_ENG,Drona Education Trust / Gujarat Board Education / Drona Public School / Academic Year 2026-2027 / English Medium / B.Tech Computer Science (AI/ML) - Y3 / ENG,1,Engineering & Tech stream category.
DRONA_TRUST_GSEB_DPS_2026_2027_ENG_UNI_UG_CSE_Y4,DRONA_TRUST_GSEB_DPS_2026_2027_ENG,grade,B.Tech Computer Science (AI/ML) - Y4,DRONA_TRUST_GSEB_DPS_2026_2027_ENG_UNI_UG_CSE_Y4,Drona Education Trust / Gujarat Board Education / Drona Public School / Academic Year 2026-2027 / English Medium / B.Tech Computer Science (AI/ML) - Y4,1,B.Tech Computer Science (AI/ML) - Y4 category.
DRONA_TRUST_GSEB_DPS_2026_2027_ENG_UNI_UG_CSE_Y4_ENG,DRONA_TRUST_GSEB_DPS_2026_2027_ENG_UNI_UG_CSE_Y4,stream,Engineering & Tech,DRONA_TRUST_GSEB_DPS_2026_2027_ENG_UNI_UG_CSE_Y4_ENG,Drona Education Trust / Gujarat Board Education / Drona Public School / Academic Year 2026-2027 / English Medium / B.Tech Computer Science (AI/ML) - Y4 / ENG,1,Engineering & Tech stream category.
DRONA_TRUST_GSEB_DPS_2026_2027_ENG_UNI_UG_DS_Y1,DRONA_TRUST_GSEB_DPS_2026_2027_ENG,grade,B.Sc Data Science & Analytics - Y1,DRONA_TRUST_GSEB_DPS_2026_2027_ENG_UNI_UG_DS_Y1,Drona Education Trust / Gujarat Board Education / Drona Public School / Academic Year 2026-2027 / English Medium / B.Sc Data Science & Analytics - Y1,1,B.Sc Data Science & Analytics - Y1 category.
DRONA_TRUST_GSEB_DPS_2026_2027_ENG_UNI_UG_DS_Y1_SCI,DRONA_TRUST_GSEB_DPS_2026_2027_ENG_UNI_UG_DS_Y1,stream,Pure Sciences,DRONA_TRUST_GSEB_DPS_2026_2027_ENG_UNI_UG_DS_Y1_SCI,Drona Education Trust / Gujarat Board Education / Drona Public School / Academic Year 2026-2027 / English Medium / B.Sc Data Science & Analytics - Y1 / SCI,1,Pure Sciences stream category.
DRONA_TRUST_GSEB_DPS_2026_2027_ENG_UNI_UG_DS_Y2,DRONA_TRUST_GSEB_DPS_2026_2027_ENG,grade,B.Sc Data Science & Analytics - Y2,DRONA_TRUST_GSEB_DPS_2026_2027_ENG_UNI_UG_DS_Y2,Drona Education Trust / Gujarat Board Education / Drona Public School / Academic Year 2026-2027 / English Medium / B.Sc Data Science & Analytics - Y2,1,B.Sc Data Science & Analytics - Y2 category.
DRONA_TRUST_GSEB_DPS_2026_2027_ENG_UNI_UG_DS_Y2_SCI,DRONA_TRUST_GSEB_DPS_2026_2027_ENG_UNI_UG_DS_Y2,stream,Pure Sciences,DRONA_TRUST_GSEB_DPS_2026_2027_ENG_UNI_UG_DS_Y2_SCI,Drona Education Trust / Gujarat Board Education / Drona Public School / Academic Year 2026-2027 / English Medium / B.Sc Data Science & Analytics - Y2 / SCI,1,Pure Sciences stream category.
DRONA_TRUST_GSEB_DPS_2026_2027_ENG_UNI_UG_DS_Y3,DRONA_TRUST_GSEB_DPS_2026_2027_ENG,grade,B.Sc Data Science & Analytics - Y3,DRONA_TRUST_GSEB_DPS_2026_2027_ENG_UNI_UG_DS_Y3,Drona Education Trust / Gujarat Board Education / Drona Public School / Academic Year 2026-2027 / English Medium / B.Sc Data Science & Analytics - Y3,1,B.Sc Data Science & Analytics - Y3 category.
DRONA_TRUST_GSEB_DPS_2026_2027_ENG_UNI_UG_DS_Y3_SCI,DRONA_TRUST_GSEB_DPS_2026_2027_ENG_UNI_UG_DS_Y3,stream,Pure Sciences,DRONA_TRUST_GSEB_DPS_2026_2027_ENG_UNI_UG_DS_Y3_SCI,Drona Education Trust / Gujarat Board Education / Drona Public School / Academic Year 2026-2027 / English Medium / B.Sc Data Science & Analytics - Y3 / SCI,1,Pure Sciences stream category.
DRONA_TRUST_GSEB_DPS_2026_2027_ENG_UNI_UG_UX_Y1,DRONA_TRUST_GSEB_DPS_2026_2027_ENG,grade,B.Des UI/UX & Interaction Design - Y1,DRONA_TRUST_GSEB_DPS_2026_2027_ENG_UNI_UG_UX_Y1,Drona Education Trust / Gujarat Board Education / Drona Public School / Academic Year 2026-2027 / English Medium / B.Des UI/UX & Interaction Design - Y1,1,B.Des UI/UX & Interaction Design - Y1 category.
DRONA_TRUST_GSEB_DPS_2026_2027_ENG_UNI_UG_UX_Y1_DES,DRONA_TRUST_GSEB_DPS_2026_2027_ENG_UNI_UG_UX_Y1,stream,Design & Creative,DRONA_TRUST_GSEB_DPS_2026_2027_ENG_UNI_UG_UX_Y1_DES,Drona Education Trust / Gujarat Board Education / Drona Public School / Academic Year 2026-2027 / English Medium / B.Des UI/UX & Interaction Design - Y1 / DES,1,Design & Creative stream category.
DRONA_TRUST_GSEB_DPS_2026_2027_ENG_UNI_UG_UX_Y2,DRONA_TRUST_GSEB_DPS_2026_2027_ENG,grade,B.Des UI/UX & Interaction Design - Y2,DRONA_TRUST_GSEB_DPS_2026_2027_ENG_UNI_UG_UX_Y2,Drona Education Trust / Gujarat Board Education / Drona Public School / Academic Year 2026-2027 / English Medium / B.Des UI/UX & Interaction Design - Y2,1,B.Des UI/UX & Interaction Design - Y2 category.
DRONA_TRUST_GSEB_DPS_2026_2027_ENG_UNI_UG_UX_Y2_DES,DRONA_TRUST_GSEB_DPS_2026_2027_ENG_UNI_UG_UX_Y2,stream,Design & Creative,DRONA_TRUST_GSEB_DPS_2026_2027_ENG_UNI_UG_UX_Y2_DES,Drona Education Trust / Gujarat Board Education / Drona Public School / Academic Year 2026-2027 / English Medium / B.Des UI/UX & Interaction Design - Y2 / DES,1,Design & Creative stream category.
DRONA_TRUST_GSEB_DPS_2026_2027_ENG_UNI_UG_UX_Y3,DRONA_TRUST_GSEB_DPS_2026_2027_ENG,grade,B.Des UI/UX & Interaction Design - Y3,DRONA_TRUST_GSEB_DPS_2026_2027_ENG_UNI_UG_UX_Y3,Drona Education Trust / Gujarat Board Education / Drona Public School / Academic Year 2026-2027 / English Medium / B.Des UI/UX & Interaction Design - Y3,1,B.Des UI/UX & Interaction Design - Y3 category.
DRONA_TRUST_GSEB_DPS_2026_2027_ENG_UNI_UG_UX_Y3_DES,DRONA_TRUST_GSEB_DPS_2026_2027_ENG_UNI_UG_UX_Y3,stream,Design & Creative,DRONA_TRUST_GSEB_DPS_2026_2027_ENG_UNI_UG_UX_Y3_DES,Drona Education Trust / Gujarat Board Education / Drona Public School / Academic Year 2026-2027 / English Medium / B.Des UI/UX & Interaction Design - Y3 / DES,1,Design & Creative stream category.
DRONA_TRUST_GSEB_DPS_2026_2027_ENG_UNI_UG_UX_Y4,DRONA_TRUST_GSEB_DPS_2026_2027_ENG,grade,B.Des UI/UX & Interaction Design - Y4,DRONA_TRUST_GSEB_DPS_2026_2027_ENG_UNI_UG_UX_Y4,Drona Education Trust / Gujarat Board Education / Drona Public School / Academic Year 2026-2027 / English Medium / B.Des UI/UX & Interaction Design - Y4,1,B.Des UI/UX & Interaction Design - Y4 category.
DRONA_TRUST_GSEB_DPS_2026_2027_ENG_UNI_UG_UX_Y4_DES,DRONA_TRUST_GSEB_DPS_2026_2027_ENG_UNI_UG_UX_Y4,stream,Design & Creative,DRONA_TRUST_GSEB_DPS_2026_2027_ENG_UNI_UG_UX_Y4_DES,Drona Education Trust / Gujarat Board Education / Drona Public School / Academic Year 2026-2027 / English Medium / B.Des UI/UX & Interaction Design - Y4 / DES,1,Design & Creative stream category.
DRONA_TRUST_GSEB_DPS_2026_2027_ENG_UNI_UG_LAW_Y1,DRONA_TRUST_GSEB_DPS_2026_2027_ENG,grade,BA LL.B (Integrated Law) - Year 1,DRONA_TRUST_GSEB_DPS_2026_2027_ENG_UNI_UG_LAW_Y1,Drona Education Trust / Gujarat Board Education / Drona Public School / Academic Year 2026-2027 / English Medium / BA LL.B (Integrated Law) - Year 1,1,BA LL.B (Integrated Law) - Year 1 category.
DRONA_TRUST_GSEB_DPS_2026_2027_ENG_UNI_UG_LAW_Y1_LAW,DRONA_TRUST_GSEB_DPS_2026_2027_ENG_UNI_UG_LAW_Y1,stream,Law & Legal,DRONA_TRUST_GSEB_DPS_2026_2027_ENG_UNI_UG_LAW_Y1_LAW,Drona Education Trust / Gujarat Board Education / Drona Public School / Academic Year 2026-2027 / English Medium / BA LL.B (Integrated Law) - Year 1 / LAW,1,Law & Legal stream category.
DRONA_TRUST_GSEB_DPS_2026_2027_ENG_UNI_UG_LAW_Y5,DRONA_TRUST_GSEB_DPS_2026_2027_ENG,grade,BA LL.B (Integrated Law) - Year 5,DRONA_TRUST_GSEB_DPS_2026_2027_ENG_UNI_UG_LAW_Y5,Drona Education Trust / Gujarat Board Education / Drona Public School / Academic Year 2026-2027 / English Medium / BA LL.B (Integrated Law) - Year 5,1,BA LL.B (Integrated Law) - Year 5 category.
DRONA_TRUST_GSEB_DPS_2026_2027_ENG_UNI_UG_LAW_Y5_LAW,DRONA_TRUST_GSEB_DPS_2026_2027_ENG_UNI_UG_LAW_Y5,stream,Law & Legal,DRONA_TRUST_GSEB_DPS_2026_2027_ENG_UNI_UG_LAW_Y5_LAW,Drona Education Trust / Gujarat Board Education / Drona Public School / Academic Year 2026-2027 / English Medium / BA LL.B (Integrated Law) - Year 5 / LAW,1,Law & Legal stream category.
DRONA_TRUST_GSEB_DPS_2026_2027_ENG_UNI_UG_MED_Y1,DRONA_TRUST_GSEB_DPS_2026_2027_ENG,grade,MBBS (Medical) - Year 1,DRONA_TRUST_GSEB_DPS_2026_2027_ENG_UNI_UG_MED_Y1,Drona Education Trust / Gujarat Board Education / Drona Public School / Academic Year 2026-2027 / English Medium / MBBS (Medical) - Year 1,1,MBBS (Medical) - Year 1 category.
DRONA_TRUST_GSEB_DPS_2026_2027_ENG_UNI_UG_MED_Y1_MED,DRONA_TRUST_GSEB_DPS_2026_2027_ENG_UNI_UG_MED_Y1,stream,Medical & Health,DRONA_TRUST_GSEB_DPS_2026_2027_ENG_UNI_UG_MED_Y1_MED,Drona Education Trust / Gujarat Board Education / Drona Public School / Academic Year 2026-2027 / English Medium / MBBS (Medical) - Year 1 / MED,1,Medical & Health stream category.
DRONA_TRUST_GSEB_DPS_2026_2027_ENG_UNI_UG_MED_Y2,DRONA_TRUST_GSEB_DPS_2026_2027_ENG,grade,MBBS (Medical) - Year 2,DRONA_TRUST_GSEB_DPS_2026_2027_ENG_UNI_UG_MED_Y2,Drona Education Trust / Gujarat Board Education / Drona Public School / Academic Year 2026-2027 / English Medium / MBBS (Medical) - Year 2,1,MBBS (Medical) - Year 2 category.
DRONA_TRUST_GSEB_DPS_2026_2027_ENG_UNI_UG_MED_Y2_MED,DRONA_TRUST_GSEB_DPS_2026_2027_ENG_UNI_UG_MED_Y2,stream,Medical & Health,DRONA_TRUST_GSEB_DPS_2026_2027_ENG_UNI_UG_MED_Y2_MED,Drona Education Trust / Gujarat Board Education / Drona Public School / Academic Year 2026-2027 / English Medium / MBBS (Medical) - Year 2 / MED,1,Medical & Health stream category.
DRONA_TRUST_GSEB_DPS_2026_2027_ENG_UNI_UG_MED_Y3,DRONA_TRUST_GSEB_DPS_2026_2027_ENG,grade,MBBS (Medical) - Year 3,DRONA_TRUST_GSEB_DPS_2026_2027_ENG_UNI_UG_MED_Y3,Drona Education Trust / Gujarat Board Education / Drona Public School / Academic Year 2026-2027 / English Medium / MBBS (Medical) - Year 3,1,MBBS (Medical) - Year 3 category.
DRONA_TRUST_GSEB_DPS_2026_2027_ENG_UNI_UG_MED_Y3_MED,DRONA_TRUST_GSEB_DPS_2026_2027_ENG_UNI_UG_MED_Y3,stream,Medical & Health,DRONA_TRUST_GSEB_DPS_2026_2027_ENG_UNI_UG_MED_Y3_MED,Drona Education Trust / Gujarat Board Education / Drona Public School / Academic Year 2026-2027 / English Medium / MBBS (Medical) - Year 3 / MED,1,Medical & Health stream category.
DRONA_TRUST_GSEB_DPS_2026_2027_ENG_UNI_UG_MED_Y4,DRONA_TRUST_GSEB_DPS_2026_2027_ENG,grade,MBBS (Medical) - Year 4,DRONA_TRUST_GSEB_DPS_2026_2027_ENG_UNI_UG_MED_Y4,Drona Education Trust / Gujarat Board Education / Drona Public School / Academic Year 2026-2027 / English Medium / MBBS (Medical) - Year 4,1,MBBS (Medical) - Year 4 category.
DRONA_TRUST_GSEB_DPS_2026_2027_ENG_UNI_UG_MED_Y4_MED,DRONA_TRUST_GSEB_DPS_2026_2027_ENG_UNI_UG_MED_Y4,stream,Medical & Health,DRONA_TRUST_GSEB_DPS_2026_2027_ENG_UNI_UG_MED_Y4_MED,Drona Education Trust / Gujarat Board Education / Drona Public School / Academic Year 2026-2027 / English Medium / MBBS (Medical) - Year 4 / MED,1,Medical & Health stream category.
DRONA_TRUST_GSEB_DPS_2026_2027_ENG_UNI_UG_MED_Y5,DRONA_TRUST_GSEB_DPS_2026_2027_ENG,grade,MBBS (Medical) - Year 5,DRONA_TRUST_GSEB_DPS_2026_2027_ENG_UNI_UG_MED_Y5,Drona Education Trust / Gujarat Board Education / Drona Public School / Academic Year 2026-2027 / English Medium / MBBS (Medical) - Year 5,1,MBBS (Medical) - Year 5 category.
DRONA_TRUST_GSEB_DPS_2026_2027_ENG_UNI_UG_MED_Y5_MED,DRONA_TRUST_GSEB_DPS_2026_2027_ENG_UNI_UG_MED_Y5,stream,Medical & Health,DRONA_TRUST_GSEB_DPS_2026_2027_ENG_UNI_UG_MED_Y5_MED,Drona Education Trust / Gujarat Board Education / Drona Public School / Academic Year 2026-2027 / English Medium / MBBS (Medical) - Year 5 / MED,1,Medical & Health stream category.
DRONA_TRUST_GSEB_DPS_2026_2027_ENG_NUR_BSC_Y1,DRONA_TRUST_GSEB_DPS_2026_2027_ENG,grade,B.Sc Nursing - Y1,DRONA_TRUST_GSEB_DPS_2026_2027_ENG_NUR_BSC_Y1,Drona Education Trust / Gujarat Board Education / Drona Public School / Academic Year 2026-2027 / English Medium / B.Sc Nursing - Y1,1,B.Sc Nursing - Y1 category.
DRONA_TRUST_GSEB_DPS_2026_2027_ENG_NUR_BSC_Y1_NUR,DRONA_TRUST_GSEB_DPS_2026_2027_ENG_NUR_BSC_Y1,stream,Nursing,DRONA_TRUST_GSEB_DPS_2026_2027_ENG_NUR_BSC_Y1_NUR,Drona Education Trust / Gujarat Board Education / Drona Public School / Academic Year 2026-2027 / English Medium / B.Sc Nursing - Y1 / NUR,1,Nursing stream category.
DRONA_TRUST_GSEB_DPS_2026_2027_ENG_PRO_CA_FND,DRONA_TRUST_GSEB_DPS_2026_2027_ENG,grade,CA Foundation (Chartered Accountancy),DRONA_TRUST_GSEB_DPS_2026_2027_ENG_PRO_CA_FND,Drona Education Trust / Gujarat Board Education / Drona Public School / Academic Year 2026-2027 / English Medium / CA Foundation (Chartered Accountancy),1,CA Foundation (Chartered Accountancy) category.
DRONA_TRUST_GSEB_DPS_2026_2027_ENG_PRO_CA_FND_PRO_FIN,DRONA_TRUST_GSEB_DPS_2026_2027_ENG_PRO_CA_FND,stream,Commerce & Finance,DRONA_TRUST_GSEB_DPS_2026_2027_ENG_PRO_CA_FND_PRO_FIN,Drona Education Trust / Gujarat Board Education / Drona Public School / Academic Year 2026-2027 / English Medium / CA Foundation (Chartered Accountancy) / PRO_FIN,1,Commerce & Finance stream category.
DRONA_TRUST_GSEB_DPS_2026_2027_ENG_PRO_CA_INT,DRONA_TRUST_GSEB_DPS_2026_2027_ENG,grade,CA Intermediate,DRONA_TRUST_GSEB_DPS_2026_2027_ENG_PRO_CA_INT,Drona Education Trust / Gujarat Board Education / Drona Public School / Academic Year 2026-2027 / English Medium / CA Intermediate,1,CA Intermediate category.
DRONA_TRUST_GSEB_DPS_2026_2027_ENG_PRO_CA_INT_PRO_FIN,DRONA_TRUST_GSEB_DPS_2026_2027_ENG_PRO_CA_INT,stream,Commerce & Finance,DRONA_TRUST_GSEB_DPS_2026_2027_ENG_PRO_CA_INT_PRO_FIN,Drona Education Trust / Gujarat Board Education / Drona Public School / Academic Year 2026-2027 / English Medium / CA Intermediate / PRO_FIN,1,Commerce & Finance stream category.
DRONA_TRUST_GSEB_DPS_2026_2027_ENG_PRO_CA_FIN,DRONA_TRUST_GSEB_DPS_2026_2027_ENG,grade,CA Final,DRONA_TRUST_GSEB_DPS_2026_2027_ENG_PRO_CA_FIN,Drona Education Trust / Gujarat Board Education / Drona Public School / Academic Year 2026-2027 / English Medium / CA Final,1,CA Final category.
DRONA_TRUST_GSEB_DPS_2026_2027_ENG_PRO_CA_FIN_PRO_FIN,DRONA_TRUST_GSEB_DPS_2026_2027_ENG_PRO_CA_FIN,stream,Commerce & Finance,DRONA_TRUST_GSEB_DPS_2026_2027_ENG_PRO_CA_FIN_PRO_FIN,Drona Education Trust / Gujarat Board Education / Drona Public School / Academic Year 2026-2027 / English Medium / CA Final / PRO_FIN,1,Commerce & Finance stream category.
DRONA_TRUST_GSEB_DPS_2026_2027_ENG_PRO_CS_EXE,DRONA_TRUST_GSEB_DPS_2026_2027_ENG,grade,CS Executive (Company Secretary),DRONA_TRUST_GSEB_DPS_2026_2027_ENG_PRO_CS_EXE,Drona Education Trust / Gujarat Board Education / Drona Public School / Academic Year 2026-2027 / English Medium / CS Executive (Company Secretary),1,CS Executive (Company Secretary) category.
DRONA_TRUST_GSEB_DPS_2026_2027_ENG_PRO_CS_EXE_LAW,DRONA_TRUST_GSEB_DPS_2026_2027_ENG_PRO_CS_EXE,stream,Law & Legal,DRONA_TRUST_GSEB_DPS_2026_2027_ENG_PRO_CS_EXE_LAW,Drona Education Trust / Gujarat Board Education / Drona Public School / Academic Year 2026-2027 / English Medium / CS Executive (Company Secretary) / LAW,1,Law & Legal stream category.
DRONA_TRUST_GSEB_DPS_2026_2027_ENG_UNI_PG_AI_Y1,DRONA_TRUST_GSEB_DPS_2026_2027_ENG,grade,M.Tech Artificial Intelligence - Y1,DRONA_TRUST_GSEB_DPS_2026_2027_ENG_UNI_PG_AI_Y1,Drona Education Trust / Gujarat Board Education / Drona Public School / Academic Year 2026-2027 / English Medium / M.Tech Artificial Intelligence - Y1,1,M.Tech Artificial Intelligence - Y1 category.
DRONA_TRUST_GSEB_DPS_2026_2027_ENG_UNI_PG_AI_Y1_AIE,DRONA_TRUST_GSEB_DPS_2026_2027_ENG_UNI_PG_AI_Y1,stream,Artificial Intelligence,DRONA_TRUST_GSEB_DPS_2026_2027_ENG_UNI_PG_AI_Y1_AIE,Drona Education Trust / Gujarat Board Education / Drona Public School / Academic Year 2026-2027 / English Medium / M.Tech Artificial Intelligence - Y1 / AIE,1,Artificial Intelligence stream category.
DRONA_TRUST_GSEB_DPS_2026_2027_ENG_UNI_PG_AI_Y2,DRONA_TRUST_GSEB_DPS_2026_2027_ENG,grade,M.Tech Artificial Intelligence - Y2,DRONA_TRUST_GSEB_DPS_2026_2027_ENG_UNI_PG_AI_Y2,Drona Education Trust / Gujarat Board Education / Drona Public School / Academic Year 2026-2027 / English Medium / M.Tech Artificial Intelligence - Y2,1,M.Tech Artificial Intelligence - Y2 category.
DRONA_TRUST_GSEB_DPS_2026_2027_ENG_UNI_PG_AI_Y2_AIE,DRONA_TRUST_GSEB_DPS_2026_2027_ENG_UNI_PG_AI_Y2,stream,Artificial Intelligence,DRONA_TRUST_GSEB_DPS_2026_2027_ENG_UNI_PG_AI_Y2_AIE,Drona Education Trust / Gujarat Board Education / Drona Public School / Academic Year 2026-2027 / English Medium / M.Tech Artificial Intelligence - Y2 / AIE,1,Artificial Intelligence stream category.
DRONA_TRUST_GSEB_DPS_2026_2027_ENG_UNI_PG_MBA_Y1,DRONA_TRUST_GSEB_DPS_2026_2027_ENG,grade,MBA Business Analytics & Tech - Y1,DRONA_TRUST_GSEB_DPS_2026_2027_ENG_UNI_PG_MBA_Y1,Drona Education Trust / Gujarat Board Education / Drona Public School / Academic Year 2026-2027 / English Medium / MBA Business Analytics & Tech - Y1,1,MBA Business Analytics & Tech - Y1 category.
DRONA_TRUST_GSEB_DPS_2026_2027_ENG_UNI_PG_MBA_Y1_MGT,DRONA_TRUST_GSEB_DPS_2026_2027_ENG_UNI_PG_MBA_Y1,stream,Management & Biz,DRONA_TRUST_GSEB_DPS_2026_2027_ENG_UNI_PG_MBA_Y1_MGT,Drona Education Trust / Gujarat Board Education / Drona Public School / Academic Year 2026-2027 / English Medium / MBA Business Analytics & Tech - Y1 / MGT,1,Management & Biz stream category.
DRONA_TRUST_GSEB_DPS_2026_2027_ENG_UNI_PG_MBA_Y2,DRONA_TRUST_GSEB_DPS_2026_2027_ENG,grade,MBA Business Analytics & Tech - Y2,DRONA_TRUST_GSEB_DPS_2026_2027_ENG_UNI_PG_MBA_Y2,Drona Education Trust / Gujarat Board Education / Drona Public School / Academic Year 2026-2027 / English Medium / MBA Business Analytics & Tech - Y2,1,MBA Business Analytics & Tech - Y2 category.
DRONA_TRUST_GSEB_DPS_2026_2027_ENG_UNI_PG_MBA_Y2_MGT,DRONA_TRUST_GSEB_DPS_2026_2027_ENG_UNI_PG_MBA_Y2,stream,Management & Biz,DRONA_TRUST_GSEB_DPS_2026_2027_ENG_UNI_PG_MBA_Y2_MGT,Drona Education Trust / Gujarat Board Education / Drona Public School / Academic Year 2026-2027 / English Medium / MBA Business Analytics & Tech - Y2 / MGT,1,Management & Biz stream category.
DRONA_TRUST_GSEB_DPS_2026_2027_ENG_UNI_PG_LAW_Y1,DRONA_TRUST_GSEB_DPS_2026_2027_ENG,grade,LL.M (Corporate & Tech Law) - Y1,DRONA_TRUST_GSEB_DPS_2026_2027_ENG_UNI_PG_LAW_Y1,Drona Education Trust / Gujarat Board Education / Drona Public School / Academic Year 2026-2027 / English Medium / LL.M (Corporate & Tech Law) - Y1,1,LL.M (Corporate & Tech Law) - Y1 category.
DRONA_TRUST_GSEB_DPS_2026_2027_ENG_UNI_PG_LAW_Y1_LAW,DRONA_TRUST_GSEB_DPS_2026_2027_ENG_UNI_PG_LAW_Y1,stream,Law & Legal,DRONA_TRUST_GSEB_DPS_2026_2027_ENG_UNI_PG_LAW_Y1_LAW,Drona Education Trust / Gujarat Board Education / Drona Public School / Academic Year 2026-2027 / English Medium / LL.M (Corporate & Tech Law) - Y1 / LAW,1,Law & Legal stream category.
DRONA_TRUST_GSEB_DPS_2026_2027_ENG_UNI_PG_LAW_Y2,DRONA_TRUST_GSEB_DPS_2026_2027_ENG,grade,LL.M (Corporate & Tech Law) - Y2,DRONA_TRUST_GSEB_DPS_2026_2027_ENG_UNI_PG_LAW_Y2,Drona Education Trust / Gujarat Board Education / Drona Public School / Academic Year 2026-2027 / English Medium / LL.M (Corporate & Tech Law) - Y2,1,LL.M (Corporate & Tech Law) - Y2 category.
DRONA_TRUST_GSEB_DPS_2026_2027_ENG_UNI_PG_LAW_Y2_LAW,DRONA_TRUST_GSEB_DPS_2026_2027_ENG_UNI_PG_LAW_Y2,stream,Law & Legal,DRONA_TRUST_GSEB_DPS_2026_2027_ENG_UNI_PG_LAW_Y2_LAW,Drona Education Trust / Gujarat Board Education / Drona Public School / Academic Year 2026-2027 / English Medium / LL.M (Corporate & Tech Law) - Y2 / LAW,1,Law & Legal stream category.
DRONA_TRUST_GSEB_DPS_2026_2027_ENG_UNI_PHD_AI,DRONA_TRUST_GSEB_DPS_2026_2027_ENG,grade,Ph.D. Artificial Intelligence & Ethics,DRONA_TRUST_GSEB_DPS_2026_2027_ENG_UNI_PHD_AI,Drona Education Trust / Gujarat Board Education / Drona Public School / Academic Year 2026-2027 / English Medium / Ph.D. Artificial Intelligence & Ethics,1,Ph.D. Artificial Intelligence & Ethics category.
DRONA_TRUST_GSEB_DPS_2026_2027_ENG_UNI_PHD_AI_RES,DRONA_TRUST_GSEB_DPS_2026_2027_ENG_UNI_PHD_AI,stream,Research,DRONA_TRUST_GSEB_DPS_2026_2027_ENG_UNI_PHD_AI_RES,Drona Education Trust / Gujarat Board Education / Drona Public School / Academic Year 2026-2027 / English Medium / Ph.D. Artificial Intelligence & Ethics / RES,1,Research stream category.
DRONA_TRUST_GSEB_DPS_2026_2027_ENG_UNI_PHD_DS,DRONA_TRUST_GSEB_DPS_2026_2027_ENG,grade,Ph.D. Data Science & Big Data,DRONA_TRUST_GSEB_DPS_2026_2027_ENG_UNI_PHD_DS,Drona Education Trust / Gujarat Board Education / Drona Public School / Academic Year 2026-2027 / English Medium / Ph.D. Data Science & Big Data,1,Ph.D. Data Science & Big Data category.
DRONA_TRUST_GSEB_DPS_2026_2027_ENG_UNI_PHD_DS_RES,DRONA_TRUST_GSEB_DPS_2026_2027_ENG_UNI_PHD_DS,stream,Research,DRONA_TRUST_GSEB_DPS_2026_2027_ENG_UNI_PHD_DS_RES,Drona Education Trust / Gujarat Board Education / Drona Public School / Academic Year 2026-2027 / English Medium / Ph.D. Data Science & Big Data / RES,1,Research stream category.
DRONA_TRUST_GSEB_DPS_2026_2027_ENG_UNI_PHD_RE,DRONA_TRUST_GSEB_DPS_2026_2027_ENG,grade,Ph.D. Renewable Energy & Smart Grid,DRONA_TRUST_GSEB_DPS_2026_2027_ENG_UNI_PHD_RE,Drona Education Trust / Gujarat Board Education / Drona Public School / Academic Year 2026-2027 / English Medium / Ph.D. Renewable Energy & Smart Grid,1,Ph.D. Renewable Energy & Smart Grid category.
DRONA_TRUST_GSEB_DPS_2026_2027_ENG_UNI_PHD_RE_RES,DRONA_TRUST_GSEB_DPS_2026_2027_ENG_UNI_PHD_RE,stream,Research,DRONA_TRUST_GSEB_DPS_2026_2027_ENG_UNI_PHD_RE_RES,Drona Education Trust / Gujarat Board Education / Drona Public School / Academic Year 2026-2027 / English Medium / Ph.D. Renewable Energy & Smart Grid / RES,1,Research stream category.
DRONA_TRUST_GSEB_DPS_2026_2027_ENG_UNI_UG_BCA_Y1,DRONA_TRUST_GSEB_DPS_2026_2027_ENG,grade,BCA (Bachelor of Computer Applications) - Y1,DRONA_TRUST_GSEB_DPS_2026_2027_ENG_UNI_UG_BCA_Y1,Drona Education Trust / Gujarat Board Education / Drona Public School / Academic Year 2026-2027 / English Medium / BCA (Bachelor of Computer Applications) - Y1,1,BCA (Bachelor of Computer Applications) - Y1 category.
DRONA_TRUST_GSEB_DPS_2026_2027_ENG_UNI_UG_BCA_Y1_CSA,DRONA_TRUST_GSEB_DPS_2026_2027_ENG_UNI_UG_BCA_Y1,stream,Computer Applications,DRONA_TRUST_GSEB_DPS_2026_2027_ENG_UNI_UG_BCA_Y1_CSA,Drona Education Trust / Gujarat Board Education / Drona Public School / Academic Year 2026-2027 / English Medium / BCA (Bachelor of Computer Applications) - Y1 / CSA,1,Computer Applications stream category.
DRONA_TRUST_GSEB_DPS_2026_2027_ENG_UNI_UG_BCA_Y2,DRONA_TRUST_GSEB_DPS_2026_2027_ENG,grade,BCA (Bachelor of Computer Applications) - Y2,DRONA_TRUST_GSEB_DPS_2026_2027_ENG_UNI_UG_BCA_Y2,Drona Education Trust / Gujarat Board Education / Drona Public School / Academic Year 2026-2027 / English Medium / BCA (Bachelor of Computer Applications) - Y2,1,BCA (Bachelor of Computer Applications) - Y2 category.
DRONA_TRUST_GSEB_DPS_2026_2027_ENG_UNI_UG_BCA_Y2_CSA,DRONA_TRUST_GSEB_DPS_2026_2027_ENG_UNI_UG_BCA_Y2,stream,Computer Applications,DRONA_TRUST_GSEB_DPS_2026_2027_ENG_UNI_UG_BCA_Y2_CSA,Drona Education Trust / Gujarat Board Education / Drona Public School / Academic Year 2026-2027 / English Medium / BCA (Bachelor of Computer Applications) - Y2 / CSA,1,Computer Applications stream category.
DRONA_TRUST_GSEB_DPS_2026_2027_ENG_UNI_UG_BCA_Y3,DRONA_TRUST_GSEB_DPS_2026_2027_ENG,grade,BCA (Bachelor of Computer Applications) - Y3,DRONA_TRUST_GSEB_DPS_2026_2027_ENG_UNI_UG_BCA_Y3,Drona Education Trust / Gujarat Board Education / Drona Public School / Academic Year 2026-2027 / English Medium / BCA (Bachelor of Computer Applications) - Y3,1,BCA (Bachelor of Computer Applications) - Y3 category.
DRONA_TRUST_GSEB_DPS_2026_2027_ENG_UNI_UG_BCA_Y3_CSA,DRONA_TRUST_GSEB_DPS_2026_2027_ENG_UNI_UG_BCA_Y3,stream,Computer Applications,DRONA_TRUST_GSEB_DPS_2026_2027_ENG_UNI_UG_BCA_Y3_CSA,Drona Education Trust / Gujarat Board Education / Drona Public School / Academic Year 2026-2027 / English Medium / BCA (Bachelor of Computer Applications) - Y3 / CSA,1,Computer Applications stream category.
DRONA_TRUST_GSEB_DPS_2026_2027_ENG_UNI_UG_BBA_Y1,DRONA_TRUST_GSEB_DPS_2026_2027_ENG,grade,BBA (Bachelor of Business Admin) - Y1,DRONA_TRUST_GSEB_DPS_2026_2027_ENG_UNI_UG_BBA_Y1,Drona Education Trust / Gujarat Board Education / Drona Public School / Academic Year 2026-2027 / English Medium / BBA (Bachelor of Business Admin) - Y1,1,BBA (Bachelor of Business Admin) - Y1 category.
DRONA_TRUST_GSEB_DPS_2026_2027_ENG_UNI_UG_BBA_Y1_MGT,DRONA_TRUST_GSEB_DPS_2026_2027_ENG_UNI_UG_BBA_Y1,stream,Management & Biz,DRONA_TRUST_GSEB_DPS_2026_2027_ENG_UNI_UG_BBA_Y1_MGT,Drona Education Trust / Gujarat Board Education / Drona Public School / Academic Year 2026-2027 / English Medium / BBA (Bachelor of Business Admin) - Y1 / MGT,1,Management & Biz stream category.
DRONA_TRUST_GSEB_DPS_2026_2027_ENG_UNI_UG_BBA_Y2,DRONA_TRUST_GSEB_DPS_2026_2027_ENG,grade,BBA (Bachelor of Business Admin) - Y2,DRONA_TRUST_GSEB_DPS_2026_2027_ENG_UNI_UG_BBA_Y2,Drona Education Trust / Gujarat Board Education / Drona Public School / Academic Year 2026-2027 / English Medium / BBA (Bachelor of Business Admin) - Y2,1,BBA (Bachelor of Business Admin) - Y2 category.
DRONA_TRUST_GSEB_DPS_2026_2027_ENG_UNI_UG_BBA_Y2_MGT,DRONA_TRUST_GSEB_DPS_2026_2027_ENG_UNI_UG_BBA_Y2,stream,Management & Biz,DRONA_TRUST_GSEB_DPS_2026_2027_ENG_UNI_UG_BBA_Y2_MGT,Drona Education Trust / Gujarat Board Education / Drona Public School / Academic Year 2026-2027 / English Medium / BBA (Bachelor of Business Admin) - Y2 / MGT,1,Management & Biz stream category.
DRONA_TRUST_GSEB_DPS_2026_2027_ENG_UNI_UG_BBA_Y3,DRONA_TRUST_GSEB_DPS_2026_2027_ENG,grade,BBA (Bachelor of Business Admin) - Y3,DRONA_TRUST_GSEB_DPS_2026_2027_ENG_UNI_UG_BBA_Y3,Drona Education Trust / Gujarat Board Education / Drona Public School / Academic Year 2026-2027 / English Medium / BBA (Bachelor of Business Admin) - Y3,1,BBA (Bachelor of Business Admin) - Y3 category.
DRONA_TRUST_GSEB_DPS_2026_2027_ENG_UNI_UG_BBA_Y3_MGT,DRONA_TRUST_GSEB_DPS_2026_2027_ENG_UNI_UG_BBA_Y3,stream,Management & Biz,DRONA_TRUST_GSEB_DPS_2026_2027_ENG_UNI_UG_BBA_Y3_MGT,Drona Education Trust / Gujarat Board Education / Drona Public School / Academic Year 2026-2027 / English Medium / BBA (Bachelor of Business Admin) - Y3 / MGT,1,Management & Biz stream category.
DRONA_TRUST_GSEB_DPS_2026_2027_ENG_UNI_UG_BARCH_Y1,DRONA_TRUST_GSEB_DPS_2026_2027_ENG,grade,B.Arch (Architecture) - Y1,DRONA_TRUST_GSEB_DPS_2026_2027_ENG_UNI_UG_BARCH_Y1,Drona Education Trust / Gujarat Board Education / Drona Public School / Academic Year 2026-2027 / English Medium / B.Arch (Architecture) - Y1,1,B.Arch (Architecture) - Y1 category.
DRONA_TRUST_GSEB_DPS_2026_2027_ENG_UNI_UG_BARCH_Y1_ARC,DRONA_TRUST_GSEB_DPS_2026_2027_ENG_UNI_UG_BARCH_Y1,stream,Architecture,DRONA_TRUST_GSEB_DPS_2026_2027_ENG_UNI_UG_BARCH_Y1_ARC,Drona Education Trust / Gujarat Board Education / Drona Public School / Academic Year 2026-2027 / English Medium / B.Arch (Architecture) - Y1 / ARC,1,Architecture stream category.
DRONA_TRUST_GSEB_DPS_2026_2027_ENG_UNI_UG_BARCH_Y5,DRONA_TRUST_GSEB_DPS_2026_2027_ENG,grade,B.Arch (Architecture) - Y5,DRONA_TRUST_GSEB_DPS_2026_2027_ENG_UNI_UG_BARCH_Y5,Drona Education Trust / Gujarat Board Education / Drona Public School / Academic Year 2026-2027 / English Medium / B.Arch (Architecture) - Y5,1,B.Arch (Architecture) - Y5 category.
DRONA_TRUST_GSEB_DPS_2026_2027_ENG_UNI_UG_BARCH_Y5_ARC,DRONA_TRUST_GSEB_DPS_2026_2027_ENG_UNI_UG_BARCH_Y5,stream,Architecture,DRONA_TRUST_GSEB_DPS_2026_2027_ENG_UNI_UG_BARCH_Y5_ARC,Drona Education Trust / Gujarat Board Education / Drona Public School / Academic Year 2026-2027 / English Medium / B.Arch (Architecture) - Y5 / ARC,1,Architecture stream category.
DRONA_TRUST_GSEB_DPS_2026_2027_ENG_UNI_UG_BPT_Y1,DRONA_TRUST_GSEB_DPS_2026_2027_ENG,grade,BPT (Physiotherapy) - Y1,DRONA_TRUST_GSEB_DPS_2026_2027_ENG_UNI_UG_BPT_Y1,Drona Education Trust / Gujarat Board Education / Drona Public School / Academic Year 2026-2027 / English Medium / BPT (Physiotherapy) - Y1,1,BPT (Physiotherapy) - Y1 category.
DRONA_TRUST_GSEB_DPS_2026_2027_ENG_UNI_UG_BPT_Y1_AHS,DRONA_TRUST_GSEB_DPS_2026_2027_ENG_UNI_UG_BPT_Y1,stream,Allied Healthcare,DRONA_TRUST_GSEB_DPS_2026_2027_ENG_UNI_UG_BPT_Y1_AHS,Drona Education Trust / Gujarat Board Education / Drona Public School / Academic Year 2026-2027 / English Medium / BPT (Physiotherapy) - Y1 / AHS,1,Allied Healthcare stream category.
DRONA_TRUST_GSEB_DPS_2026_2027_ENG_UNI_UG_BPT_Y4,DRONA_TRUST_GSEB_DPS_2026_2027_ENG,grade,BPT (Physiotherapy) - Y4,DRONA_TRUST_GSEB_DPS_2026_2027_ENG_UNI_UG_BPT_Y4,Drona Education Trust / Gujarat Board Education / Drona Public School / Academic Year 2026-2027 / English Medium / BPT (Physiotherapy) - Y4,1,BPT (Physiotherapy) - Y4 category.
DRONA_TRUST_GSEB_DPS_2026_2027_ENG_UNI_UG_BPT_Y4_AHS,DRONA_TRUST_GSEB_DPS_2026_2027_ENG_UNI_UG_BPT_Y4,stream,Allied Healthcare,DRONA_TRUST_GSEB_DPS_2026_2027_ENG_UNI_UG_BPT_Y4_AHS,Drona Education Trust / Gujarat Board Education / Drona Public School / Academic Year 2026-2027 / English Medium / BPT (Physiotherapy) - Y4 / AHS,1,Allied Healthcare stream category.
DRONA_TRUST_GSEB_DPS_2026_2027_ENG_UNI_UG_BSW_Y1,DRONA_TRUST_GSEB_DPS_2026_2027_ENG,grade,BSW (Social Work) - Y1,DRONA_TRUST_GSEB_DPS_2026_2027_ENG_UNI_UG_BSW_Y1,Drona Education Trust / Gujarat Board Education / Drona Public School / Academic Year 2026-2027 / English Medium / BSW (Social Work) - Y1,1,BSW (Social Work) - Y1 category.
DRONA_TRUST_GSEB_DPS_2026_2027_ENG_UNI_UG_BSW_Y1_ART,DRONA_TRUST_GSEB_DPS_2026_2027_ENG_UNI_UG_BSW_Y1,stream,Humanities & Arts,DRONA_TRUST_GSEB_DPS_2026_2027_ENG_UNI_UG_BSW_Y1_ART,Drona Education Trust / Gujarat Board Education / Drona Public School / Academic Year 2026-2027 / English Medium / BSW (Social Work) - Y1 / ART,1,Humanities & Arts stream category.
DRONA_TRUST_GSEB_DPS_2026_2027_ENG_UNI_UG_BFA_Y1,DRONA_TRUST_GSEB_DPS_2026_2027_ENG,grade,BFA (Fine Arts) - Y1,DRONA_TRUST_GSEB_DPS_2026_2027_ENG_UNI_UG_BFA_Y1,Drona Education Trust / Gujarat Board Education / Drona Public School / Academic Year 2026-2027 / English Medium / BFA (Fine Arts) - Y1,1,BFA (Fine Arts) - Y1 category.
DRONA_TRUST_GSEB_DPS_2026_2027_ENG_UNI_UG_BFA_Y1_ART,DRONA_TRUST_GSEB_DPS_2026_2027_ENG_UNI_UG_BFA_Y1,stream,Humanities & Arts,DRONA_TRUST_GSEB_DPS_2026_2027_ENG_UNI_UG_BFA_Y1_ART,Drona Education Trust / Gujarat Board Education / Drona Public School / Academic Year 2026-2027 / English Medium / BFA (Fine Arts) - Y1 / ART,1,Humanities & Arts stream category.
DRONA_TRUST_GSEB_DPS_2026_2027_ENG_UNI_UG_BHM_Y1,DRONA_TRUST_GSEB_DPS_2026_2027_ENG,grade,BHM (Hotel Management) - Y1,DRONA_TRUST_GSEB_DPS_2026_2027_ENG_UNI_UG_BHM_Y1,Drona Education Trust / Gujarat Board Education / Drona Public School / Academic Year 2026-2027 / English Medium / BHM (Hotel Management) - Y1,1,BHM (Hotel Management) - Y1 category.
DRONA_TRUST_GSEB_DPS_2026_2027_ENG_UNI_UG_BHM_Y1_HOS,DRONA_TRUST_GSEB_DPS_2026_2027_ENG_UNI_UG_BHM_Y1,stream,Hospitality & Tourism,DRONA_TRUST_GSEB_DPS_2026_2027_ENG_UNI_UG_BHM_Y1_HOS,Drona Education Trust / Gujarat Board Education / Drona Public School / Academic Year 2026-2027 / English Medium / BHM (Hotel Management) - Y1 / HOS,1,Hospitality & Tourism stream category.
DRONA_TRUST_GSEB_DPS_2026_2027_ENG_UNI_PG_MCA_Y1,DRONA_TRUST_GSEB_DPS_2026_2027_ENG,grade,MCA (Master of Computer Applications) - Y1,DRONA_TRUST_GSEB_DPS_2026_2027_ENG_UNI_PG_MCA_Y1,Drona Education Trust / Gujarat Board Education / Drona Public School / Academic Year 2026-2027 / English Medium / MCA (Master of Computer Applications) - Y1,1,MCA (Master of Computer Applications) - Y1 category.
DRONA_TRUST_GSEB_DPS_2026_2027_ENG_UNI_PG_MCA_Y1_CSA,DRONA_TRUST_GSEB_DPS_2026_2027_ENG_UNI_PG_MCA_Y1,stream,Computer Applications,DRONA_TRUST_GSEB_DPS_2026_2027_ENG_UNI_PG_MCA_Y1_CSA,Drona Education Trust / Gujarat Board Education / Drona Public School / Academic Year 2026-2027 / English Medium / MCA (Master of Computer Applications) - Y1 / CSA,1,Computer Applications stream category.
DRONA_TRUST_GSEB_DPS_2026_2027_ENG_UNI_PG_MCA_Y2,DRONA_TRUST_GSEB_DPS_2026_2027_ENG,grade,MCA (Master of Computer Applications) - Y2,DRONA_TRUST_GSEB_DPS_2026_2027_ENG_UNI_PG_MCA_Y2,Drona Education Trust / Gujarat Board Education / Drona Public School / Academic Year 2026-2027 / English Medium / MCA (Master of Computer Applications) - Y2,1,MCA (Master of Computer Applications) - Y2 category.
DRONA_TRUST_GSEB_DPS_2026_2027_ENG_UNI_PG_MCA_Y2_CSA,DRONA_TRUST_GSEB_DPS_2026_2027_ENG_UNI_PG_MCA_Y2,stream,Computer Applications,DRONA_TRUST_GSEB_DPS_2026_2027_ENG_UNI_PG_MCA_Y2_CSA,Drona Education Trust / Gujarat Board Education / Drona Public School / Academic Year 2026-2027 / English Medium / MCA (Master of Computer Applications) - Y2 / CSA,1,Computer Applications stream category.
DRONA_TRUST_GSEB_DPS_2026_2027_ENG_UNI_PG_MARCH_Y1,DRONA_TRUST_GSEB_DPS_2026_2027_ENG,grade,M.Arch (Architecture) - Y1,DRONA_TRUST_GSEB_DPS_2026_2027_ENG_UNI_PG_MARCH_Y1,Drona Education Trust / Gujarat Board Education / Drona Public School / Academic Year 2026-2027 / English Medium / M.Arch (Architecture) - Y1,1,M.Arch (Architecture) - Y1 category.
DRONA_TRUST_GSEB_DPS_2026_2027_ENG_UNI_PG_MARCH_Y1_ARC,DRONA_TRUST_GSEB_DPS_2026_2027_ENG_UNI_PG_MARCH_Y1,stream,Architecture,DRONA_TRUST_GSEB_DPS_2026_2027_ENG_UNI_PG_MARCH_Y1_ARC,Drona Education Trust / Gujarat Board Education / Drona Public School / Academic Year 2026-2027 / English Medium / M.Arch (Architecture) - Y1 / ARC,1,Architecture stream category.
DRONA_TRUST_GSEB_DPS_2026_2027_ENG_UNI_PG_MPT_Y1,DRONA_TRUST_GSEB_DPS_2026_2027_ENG,grade,MPT (Physiotherapy) - Y1,DRONA_TRUST_GSEB_DPS_2026_2027_ENG_UNI_PG_MPT_Y1,Drona Education Trust / Gujarat Board Education / Drona Public School / Academic Year 2026-2027 / English Medium / MPT (Physiotherapy) - Y1,1,MPT (Physiotherapy) - Y1 category.
DRONA_TRUST_GSEB_DPS_2026_2027_ENG_UNI_PG_MPT_Y1_AHS,DRONA_TRUST_GSEB_DPS_2026_2027_ENG_UNI_PG_MPT_Y1,stream,Allied Healthcare,DRONA_TRUST_GSEB_DPS_2026_2027_ENG_UNI_PG_MPT_Y1_AHS,Drona Education Trust / Gujarat Board Education / Drona Public School / Academic Year 2026-2027 / English Medium / MPT (Physiotherapy) - Y1 / AHS,1,Allied Healthcare stream category.
DRONA_TRUST_GSEB_DPS_2026_2027_ENG_UNI_PG_MSW_Y1,DRONA_TRUST_GSEB_DPS_2026_2027_ENG,grade,MSW (Master of Social Work) - Y1,DRONA_TRUST_GSEB_DPS_2026_2027_ENG_UNI_PG_MSW_Y1,Drona Education Trust / Gujarat Board Education / Drona Public School / Academic Year 2026-2027 / English Medium / MSW (Master of Social Work) - Y1,1,MSW (Master of Social Work) - Y1 category.
DRONA_TRUST_GSEB_DPS_2026_2027_ENG_UNI_PG_MSW_Y1_ART,DRONA_TRUST_GSEB_DPS_2026_2027_ENG_UNI_PG_MSW_Y1,stream,Humanities & Arts,DRONA_TRUST_GSEB_DPS_2026_2027_ENG_UNI_PG_MSW_Y1_ART,Drona Education Trust / Gujarat Board Education / Drona Public School / Academic Year 2026-2027 / English Medium / MSW (Master of Social Work) - Y1 / ART,1,Humanities & Arts stream category.
DRONA_TRUST_GSEB_DPS_2026_2027_ENG_UNI_PG_MFA_Y1,DRONA_TRUST_GSEB_DPS_2026_2027_ENG,grade,MFA (Fine Arts) - Y1,DRONA_TRUST_GSEB_DPS_2026_2027_ENG_UNI_PG_MFA_Y1,Drona Education Trust / Gujarat Board Education / Drona Public School / Academic Year 2026-2027 / English Medium / MFA (Fine Arts) - Y1,1,MFA (Fine Arts) - Y1 category.
DRONA_TRUST_GSEB_DPS_2026_2027_ENG_UNI_PG_MFA_Y1_ART,DRONA_TRUST_GSEB_DPS_2026_2027_ENG_UNI_PG_MFA_Y1,stream,Humanities & Arts,DRONA_TRUST_GSEB_DPS_2026_2027_ENG_UNI_PG_MFA_Y1_ART,Drona Education Trust / Gujarat Board Education / Drona Public School / Academic Year 2026-2027 / English Medium / MFA (Fine Arts) - Y1 / ART,1,Humanities & Arts stream category.
DRONA_TRUST_GSEB_DPS_2026_2027_ENG_UNI_PG_MCOM_Y1,DRONA_TRUST_GSEB_DPS_2026_2027_ENG,grade,M.Com (Master of Commerce) - Y1,DRONA_TRUST_GSEB_DPS_2026_2027_ENG_UNI_PG_MCOM_Y1,Drona Education Trust / Gujarat Board Education / Drona Public School / Academic Year 2026-2027 / English Medium / M.Com (Master of Commerce) - Y1,1,M.Com (Master of Commerce) - Y1 category.
DRONA_TRUST_GSEB_DPS_2026_2027_ENG_UNI_PG_MCOM_Y1_PRO_FIN,DRONA_TRUST_GSEB_DPS_2026_2027_ENG_UNI_PG_MCOM_Y1,stream,Commerce & Finance,DRONA_TRUST_GSEB_DPS_2026_2027_ENG_UNI_PG_MCOM_Y1_PRO_FIN,Drona Education Trust / Gujarat Board Education / Drona Public School / Academic Year 2026-2027 / English Medium / M.Com (Master of Commerce) - Y1 / PRO_FIN,1,Commerce & Finance stream category.
DRONA_TRUST_GSEB_DPS_2026_2027_ENG_LMS_CERT_FSD,DRONA_TRUST_GSEB_DPS_2026_2027_ENG,grade,PG Certification in Full Stack Development,DRONA_TRUST_GSEB_DPS_2026_2027_ENG_LMS_CERT_FSD,Drona Education Trust / Gujarat Board Education / Drona Public School / Academic Year 2026-2027 / English Medium / PG Certification in Full Stack Development,1,PG Certification in Full Stack Development category.
DRONA_TRUST_GSEB_DPS_2026_2027_ENG_LMS_CERT_FSD_CSA,DRONA_TRUST_GSEB_DPS_2026_2027_ENG_LMS_CERT_FSD,stream,Computer Applications,DRONA_TRUST_GSEB_DPS_2026_2027_ENG_LMS_CERT_FSD_CSA,Drona Education Trust / Gujarat Board Education / Drona Public School / Academic Year 2026-2027 / English Medium / PG Certification in Full Stack Development / CSA,1,Computer Applications stream category.
DRONA_TRUST_GSEB_DPS_2026_2027_ENG_LMS_CERT_DATA,DRONA_TRUST_GSEB_DPS_2026_2027_ENG,grade,Executive PG in Data Science,DRONA_TRUST_GSEB_DPS_2026_2027_ENG_LMS_CERT_DATA,Drona Education Trust / Gujarat Board Education / Drona Public School / Academic Year 2026-2027 / English Medium / Executive PG in Data Science,1,Executive PG in Data Science category.
DRONA_TRUST_GSEB_DPS_2026_2027_ENG_LMS_CERT_DATA_AIE,DRONA_TRUST_GSEB_DPS_2026_2027_ENG_LMS_CERT_DATA,stream,Artificial Intelligence,DRONA_TRUST_GSEB_DPS_2026_2027_ENG_LMS_CERT_DATA_AIE,Drona Education Trust / Gujarat Board Education / Drona Public School / Academic Year 2026-2027 / English Medium / Executive PG in Data Science / AIE,1,Artificial Intelligence stream category.
DRONA_TRUST_GSEB_DPS_2026_2027_ENG_LMS_CERT_CLOUD,DRONA_TRUST_GSEB_DPS_2026_2027_ENG,grade,Cloud Architect Certification (AWS/Azure),DRONA_TRUST_GSEB_DPS_2026_2027_ENG_LMS_CERT_CLOUD,Drona Education Trust / Gujarat Board Education / Drona Public School / Academic Year 2026-2027 / English Medium / Cloud Architect Certification (AWS/Azure),1,Cloud Architect Certification (AWS/Azure) category.
DRONA_TRUST_GSEB_DPS_2026_2027_ENG_LMS_CERT_CLOUD_ENG,DRONA_TRUST_GSEB_DPS_2026_2027_ENG_LMS_CERT_CLOUD,stream,Engineering & Tech,DRONA_TRUST_GSEB_DPS_2026_2027_ENG_LMS_CERT_CLOUD_ENG,Drona Education Trust / Gujarat Board Education / Drona Public School / Academic Year 2026-2027 / English Medium / Cloud Architect Certification (AWS/Azure) / ENG,1,Engineering & Tech stream category.
DRONA_TRUST_GSEB_DPS_2026_2027_ENG_LMS_CERT_MLOPS,DRONA_TRUST_GSEB_DPS_2026_2027_ENG,grade,Advanced Certification in MLOps,DRONA_TRUST_GSEB_DPS_2026_2027_ENG_LMS_CERT_MLOPS,Drona Education Trust / Gujarat Board Education / Drona Public School / Academic Year 2026-2027 / English Medium / Advanced Certification in MLOps,1,Advanced Certification in MLOps category.
DRONA_TRUST_GSEB_DPS_2026_2027_ENG_LMS_CERT_MLOPS_AIE,DRONA_TRUST_GSEB_DPS_2026_2027_ENG_LMS_CERT_MLOPS,stream,Artificial Intelligence,DRONA_TRUST_GSEB_DPS_2026_2027_ENG_LMS_CERT_MLOPS_AIE,Drona Education Trust / Gujarat Board Education / Drona Public School / Academic Year 2026-2027 / English Medium / Advanced Certification in MLOps / AIE,1,Artificial Intelligence stream category.
DRONA_TRUST_GSEB_DPS_2026_2027_ENG_LMS_CERT_PM,DRONA_TRUST_GSEB_DPS_2026_2027_ENG,grade,PG Certificate in Product Management,DRONA_TRUST_GSEB_DPS_2026_2027_ENG_LMS_CERT_PM,Drona Education Trust / Gujarat Board Education / Drona Public School / Academic Year 2026-2027 / English Medium / PG Certificate in Product Management,1,PG Certificate in Product Management category.
DRONA_TRUST_GSEB_DPS_2026_2027_ENG_LMS_CERT_PM_MGT,DRONA_TRUST_GSEB_DPS_2026_2027_ENG_LMS_CERT_PM,stream,Management & Biz,DRONA_TRUST_GSEB_DPS_2026_2027_ENG_LMS_CERT_PM_MGT,Drona Education Trust / Gujarat Board Education / Drona Public School / Academic Year 2026-2027 / English Medium / PG Certificate in Product Management / MGT,1,Management & Biz stream category.
DRONA_TRUST_GSEB_DPS_2026_2027_ENG_LMS_CERT_AGILE,DRONA_TRUST_GSEB_DPS_2026_2027_ENG,grade,Certified Scrum Master (CSM/Agile),DRONA_TRUST_GSEB_DPS_2026_2027_ENG_LMS_CERT_AGILE,Drona Education Trust / Gujarat Board Education / Drona Public School / Academic Year 2026-2027 / English Medium / Certified Scrum Master (CSM/Agile),1,Certified Scrum Master (CSM/Agile) category.
DRONA_TRUST_GSEB_DPS_2026_2027_ENG_LMS_CERT_AGILE_MGT,DRONA_TRUST_GSEB_DPS_2026_2027_ENG_LMS_CERT_AGILE,stream,Management & Biz,DRONA_TRUST_GSEB_DPS_2026_2027_ENG_LMS_CERT_AGILE_MGT,Drona Education Trust / Gujarat Board Education / Drona Public School / Academic Year 2026-2027 / English Medium / Certified Scrum Master (CSM/Agile) / MGT,1,Management & Biz stream category.
DRONA_TRUST_GSEB_DPS_2026_2027_ENG_LMS_CERT_CYBER,DRONA_TRUST_GSEB_DPS_2026_2027_ENG,grade,Certified Ethical Hacker (CEH),DRONA_TRUST_GSEB_DPS_2026_2027_ENG_LMS_CERT_CYBER,Drona Education Trust / Gujarat Board Education / Drona Public School / Academic Year 2026-2027 / English Medium / Certified Ethical Hacker (CEH),1,Certified Ethical Hacker (CEH) category.
DRONA_TRUST_GSEB_DPS_2026_2027_ENG_LMS_CERT_CYBER_CSA,DRONA_TRUST_GSEB_DPS_2026_2027_ENG_LMS_CERT_CYBER,stream,Computer Applications,DRONA_TRUST_GSEB_DPS_2026_2027_ENG_LMS_CERT_CYBER_CSA,Drona Education Trust / Gujarat Board Education / Drona Public School / Academic Year 2026-2027 / English Medium / Certified Ethical Hacker (CEH) / CSA,1,Computer Applications stream category.
DRONA_TRUST_GSEB_DPS_2026_2027_ENG_LMS_CERT_WEB3,DRONA_TRUST_GSEB_DPS_2026_2027_ENG,grade,Certification in Blockchain & Web3,DRONA_TRUST_GSEB_DPS_2026_2027_ENG_LMS_CERT_WEB3,Drona Education Trust / Gujarat Board Education / Drona Public School / Academic Year 2026-2027 / English Medium / Certification in Blockchain & Web3,1,Certification in Blockchain & Web3 category.
DRONA_TRUST_GSEB_DPS_2026_2027_ENG_LMS_CERT_WEB3_EMG,DRONA_TRUST_GSEB_DPS_2026_2027_ENG_LMS_CERT_WEB3,stream,Emerging Tech,DRONA_TRUST_GSEB_DPS_2026_2027_ENG_LMS_CERT_WEB3_EMG,Drona Education Trust / Gujarat Board Education / Drona Public School / Academic Year 2026-2027 / English Medium / Certification in Blockchain & Web3 / EMG,1,Emerging Tech stream category.
DRONA_TRUST_GSEB_DPS_2026_2027_ENG_LMS_CERT_DIGMKT,DRONA_TRUST_GSEB_DPS_2026_2027_ENG,grade,Advanced Digital Marketing Certification,DRONA_TRUST_GSEB_DPS_2026_2027_ENG_LMS_CERT_DIGMKT,Drona Education Trust / Gujarat Board Education / Drona Public School / Academic Year 2026-2027 / English Medium / Advanced Digital Marketing Certification,1,Advanced Digital Marketing Certification category.
DRONA_TRUST_GSEB_DPS_2026_2027_ENG_LMS_CERT_DIGMKT_MKT,DRONA_TRUST_GSEB_DPS_2026_2027_ENG_LMS_CERT_DIGMKT,stream,Marketing & Biz,DRONA_TRUST_GSEB_DPS_2026_2027_ENG_LMS_CERT_DIGMKT_MKT,Drona Education Trust / Gujarat Board Education / Drona Public School / Academic Year 2026-2027 / English Medium / Advanced Digital Marketing Certification / MKT,1,Marketing & Biz stream category.
DRONA_TRUST_GSEB_DPS_2026_2027_GUJ,DRONA_TRUST_GSEB_DPS_2026_2027,medium,Gujarati Medium,DRONA_TRUST_GSEB_DPS_2026_2027_GUJ,Drona Education Trust / Gujarat Board Education / Drona Public School / Academic Year 2026-2027 / Gujarati Medium,1,Gujarati Medium category for 2026-2027.
DRONA_TRUST_GSEB_DPS_2026_2027_GUJ_PRE01,DRONA_TRUST_GSEB_DPS_2026_2027_GUJ,grade,Nursery,DRONA_TRUST_GSEB_DPS_2026_2027_GUJ_PRE01,Drona Education Trust / Gujarat Board Education / Drona Public School / Academic Year 2026-2027 / Gujarati Medium / Nursery,1,Nursery category.
DRONA_TRUST_GSEB_DPS_2026_2027_GUJ_PRE01_GEN,DRONA_TRUST_GSEB_DPS_2026_2027_GUJ_PRE01,stream,General,DRONA_TRUST_GSEB_DPS_2026_2027_GUJ_PRE01_GEN,Drona Education Trust / Gujarat Board Education / Drona Public School / Academic Year 2026-2027 / Gujarati Medium / Nursery / GEN,1,General stream category.
DRONA_TRUST_GSEB_DPS_2026_2027_GUJ_PRE02,DRONA_TRUST_GSEB_DPS_2026_2027_GUJ,grade,Preschool,DRONA_TRUST_GSEB_DPS_2026_2027_GUJ_PRE02,Drona Education Trust / Gujarat Board Education / Drona Public School / Academic Year 2026-2027 / Gujarati Medium / Preschool,1,Preschool category.
DRONA_TRUST_GSEB_DPS_2026_2027_GUJ_PRE02_GEN,DRONA_TRUST_GSEB_DPS_2026_2027_GUJ_PRE02,stream,General,DRONA_TRUST_GSEB_DPS_2026_2027_GUJ_PRE02_GEN,Drona Education Trust / Gujarat Board Education / Drona Public School / Academic Year 2026-2027 / Gujarati Medium / Preschool / GEN,1,General stream category.
DRONA_TRUST_GSEB_DPS_2026_2027_GUJ_PRE03,DRONA_TRUST_GSEB_DPS_2026_2027_GUJ,grade,LKG (Lower Kindergarten),DRONA_TRUST_GSEB_DPS_2026_2027_GUJ_PRE03,Drona Education Trust / Gujarat Board Education / Drona Public School / Academic Year 2026-2027 / Gujarati Medium / LKG (Lower Kindergarten),1,LKG (Lower Kindergarten) category.
DRONA_TRUST_GSEB_DPS_2026_2027_GUJ_PRE03_GEN,DRONA_TRUST_GSEB_DPS_2026_2027_GUJ_PRE03,stream,General,DRONA_TRUST_GSEB_DPS_2026_2027_GUJ_PRE03_GEN,Drona Education Trust / Gujarat Board Education / Drona Public School / Academic Year 2026-2027 / Gujarati Medium / LKG (Lower Kindergarten) / GEN,1,General stream category.
DRONA_TRUST_GSEB_DPS_2026_2027_GUJ_PRE04,DRONA_TRUST_GSEB_DPS_2026_2027_GUJ,grade,UKG (Upper Kindergarten),DRONA_TRUST_GSEB_DPS_2026_2027_GUJ_PRE04,Drona Education Trust / Gujarat Board Education / Drona Public School / Academic Year 2026-2027 / Gujarati Medium / UKG (Upper Kindergarten),1,UKG (Upper Kindergarten) category.
DRONA_TRUST_GSEB_DPS_2026_2027_GUJ_PRE04_GEN,DRONA_TRUST_GSEB_DPS_2026_2027_GUJ_PRE04,stream,General,DRONA_TRUST_GSEB_DPS_2026_2027_GUJ_PRE04_GEN,Drona Education Trust / Gujarat Board Education / Drona Public School / Academic Year 2026-2027 / Gujarati Medium / UKG (Upper Kindergarten) / GEN,1,General stream category.
DRONA_TRUST_GSEB_DPS_2026_2027_GUJ_STD01,DRONA_TRUST_GSEB_DPS_2026_2027_GUJ,grade,Standard 1,DRONA_TRUST_GSEB_DPS_2026_2027_GUJ_STD01,Drona Education Trust / Gujarat Board Education / Drona Public School / Academic Year 2026-2027 / Gujarati Medium / Standard 1,1,Standard 1 category.
DRONA_TRUST_GSEB_DPS_2026_2027_GUJ_STD01_GEN,DRONA_TRUST_GSEB_DPS_2026_2027_GUJ_STD01,stream,General,DRONA_TRUST_GSEB_DPS_2026_2027_GUJ_STD01_GEN,Drona Education Trust / Gujarat Board Education / Drona Public School / Academic Year 2026-2027 / Gujarati Medium / Standard 1 / GEN,1,General stream category.
DRONA_TRUST_GSEB_DPS_2026_2027_GUJ_STD02,DRONA_TRUST_GSEB_DPS_2026_2027_GUJ,grade,Standard 2,DRONA_TRUST_GSEB_DPS_2026_2027_GUJ_STD02,Drona Education Trust / Gujarat Board Education / Drona Public School / Academic Year 2026-2027 / Gujarati Medium / Standard 2,1,Standard 2 category.
DRONA_TRUST_GSEB_DPS_2026_2027_GUJ_STD02_GEN,DRONA_TRUST_GSEB_DPS_2026_2027_GUJ_STD02,stream,General,DRONA_TRUST_GSEB_DPS_2026_2027_GUJ_STD02_GEN,Drona Education Trust / Gujarat Board Education / Drona Public School / Academic Year 2026-2027 / Gujarati Medium / Standard 2 / GEN,1,General stream category.
DRONA_TRUST_GSEB_DPS_2026_2027_GUJ_STD03,DRONA_TRUST_GSEB_DPS_2026_2027_GUJ,grade,Standard 3,DRONA_TRUST_GSEB_DPS_2026_2027_GUJ_STD03,Drona Education Trust / Gujarat Board Education / Drona Public School / Academic Year 2026-2027 / Gujarati Medium / Standard 3,1,Standard 3 category.
DRONA_TRUST_GSEB_DPS_2026_2027_GUJ_STD03_GEN,DRONA_TRUST_GSEB_DPS_2026_2027_GUJ_STD03,stream,General,DRONA_TRUST_GSEB_DPS_2026_2027_GUJ_STD03_GEN,Drona Education Trust / Gujarat Board Education / Drona Public School / Academic Year 2026-2027 / Gujarati Medium / Standard 3 / GEN,1,General stream category.
DRONA_TRUST_GSEB_DPS_2026_2027_GUJ_STD04,DRONA_TRUST_GSEB_DPS_2026_2027_GUJ,grade,Standard 4,DRONA_TRUST_GSEB_DPS_2026_2027_GUJ_STD04,Drona Education Trust / Gujarat Board Education / Drona Public School / Academic Year 2026-2027 / Gujarati Medium / Standard 4,1,Standard 4 category.
DRONA_TRUST_GSEB_DPS_2026_2027_GUJ_STD04_GEN,DRONA_TRUST_GSEB_DPS_2026_2027_GUJ_STD04,stream,General,DRONA_TRUST_GSEB_DPS_2026_2027_GUJ_STD04_GEN,Drona Education Trust / Gujarat Board Education / Drona Public School / Academic Year 2026-2027 / Gujarati Medium / Standard 4 / GEN,1,General stream category.
DRONA_TRUST_GSEB_DPS_2026_2027_GUJ_STD05,DRONA_TRUST_GSEB_DPS_2026_2027_GUJ,grade,Standard 5,DRONA_TRUST_GSEB_DPS_2026_2027_GUJ_STD05,Drona Education Trust / Gujarat Board Education / Drona Public School / Academic Year 2026-2027 / Gujarati Medium / Standard 5,1,Standard 5 category.
DRONA_TRUST_GSEB_DPS_2026_2027_GUJ_STD05_GEN,DRONA_TRUST_GSEB_DPS_2026_2027_GUJ_STD05,stream,General,DRONA_TRUST_GSEB_DPS_2026_2027_GUJ_STD05_GEN,Drona Education Trust / Gujarat Board Education / Drona Public School / Academic Year 2026-2027 / Gujarati Medium / Standard 5 / GEN,1,General stream category.
DRONA_TRUST_GSEB_DPS_2026_2027_GUJ_STD06,DRONA_TRUST_GSEB_DPS_2026_2027_GUJ,grade,Standard 6,DRONA_TRUST_GSEB_DPS_2026_2027_GUJ_STD06,Drona Education Trust / Gujarat Board Education / Drona Public School / Academic Year 2026-2027 / Gujarati Medium / Standard 6,1,Standard 6 category.
DRONA_TRUST_GSEB_DPS_2026_2027_GUJ_STD06_GEN,DRONA_TRUST_GSEB_DPS_2026_2027_GUJ_STD06,stream,General,DRONA_TRUST_GSEB_DPS_2026_2027_GUJ_STD06_GEN,Drona Education Trust / Gujarat Board Education / Drona Public School / Academic Year 2026-2027 / Gujarati Medium / Standard 6 / GEN,1,General stream category.
DRONA_TRUST_GSEB_DPS_2026_2027_GUJ_STD07,DRONA_TRUST_GSEB_DPS_2026_2027_GUJ,grade,Standard 7,DRONA_TRUST_GSEB_DPS_2026_2027_GUJ_STD07,Drona Education Trust / Gujarat Board Education / Drona Public School / Academic Year 2026-2027 / Gujarati Medium / Standard 7,1,Standard 7 category.
DRONA_TRUST_GSEB_DPS_2026_2027_GUJ_STD07_GEN,DRONA_TRUST_GSEB_DPS_2026_2027_GUJ_STD07,stream,General,DRONA_TRUST_GSEB_DPS_2026_2027_GUJ_STD07_GEN,Drona Education Trust / Gujarat Board Education / Drona Public School / Academic Year 2026-2027 / Gujarati Medium / Standard 7 / GEN,1,General stream category.
DRONA_TRUST_GSEB_DPS_2026_2027_GUJ_STD08,DRONA_TRUST_GSEB_DPS_2026_2027_GUJ,grade,Standard 8,DRONA_TRUST_GSEB_DPS_2026_2027_GUJ_STD08,Drona Education Trust / Gujarat Board Education / Drona Public School / Academic Year 2026-2027 / Gujarati Medium / Standard 8,1,Standard 8 category.
DRONA_TRUST_GSEB_DPS_2026_2027_GUJ_STD08_GEN,DRONA_TRUST_GSEB_DPS_2026_2027_GUJ_STD08,stream,General,DRONA_TRUST_GSEB_DPS_2026_2027_GUJ_STD08_GEN,Drona Education Trust / Gujarat Board Education / Drona Public School / Academic Year 2026-2027 / Gujarati Medium / Standard 8 / GEN,1,General stream category.
DRONA_TRUST_GSEB_DPS_2026_2027_GUJ_STD09,DRONA_TRUST_GSEB_DPS_2026_2027_GUJ,grade,Standard 9,DRONA_TRUST_GSEB_DPS_2026_2027_GUJ_STD09,Drona Education Trust / Gujarat Board Education / Drona Public School / Academic Year 2026-2027 / Gujarati Medium / Standard 9,1,Standard 9 category.
DRONA_TRUST_GSEB_DPS_2026_2027_GUJ_STD09_GEN,DRONA_TRUST_GSEB_DPS_2026_2027_GUJ_STD09,stream,General,DRONA_TRUST_GSEB_DPS_2026_2027_GUJ_STD09_GEN,Drona Education Trust / Gujarat Board Education / Drona Public School / Academic Year 2026-2027 / Gujarati Medium / Standard 9 / GEN,1,General stream category.
DRONA_TRUST_GSEB_DPS_2026_2027_GUJ_STD10,DRONA_TRUST_GSEB_DPS_2026_2027_GUJ,grade,Standard 10,DRONA_TRUST_GSEB_DPS_2026_2027_GUJ_STD10,Drona Education Trust / Gujarat Board Education / Drona Public School / Academic Year 2026-2027 / Gujarati Medium / Standard 10,1,Standard 10 category.
DRONA_TRUST_GSEB_DPS_2026_2027_GUJ_STD10_GEN,DRONA_TRUST_GSEB_DPS_2026_2027_GUJ_STD10,stream,General,DRONA_TRUST_GSEB_DPS_2026_2027_GUJ_STD10_GEN,Drona Education Trust / Gujarat Board Education / Drona Public School / Academic Year 2026-2027 / Gujarati Medium / Standard 10 / GEN,1,General stream category.
DRONA_TRUST_GSEB_DPS_2026_2027_GUJ_STD11_SCI,DRONA_TRUST_GSEB_DPS_2026_2027_GUJ,grade,Standard 11 (Science),DRONA_TRUST_GSEB_DPS_2026_2027_GUJ_STD11_SCI,Drona Education Trust / Gujarat Board Education / Drona Public School / Academic Year 2026-2027 / Gujarati Medium / Standard 11 (Science),1,Standard 11 (Science) category.
DRONA_TRUST_GSEB_DPS_2026_2027_GUJ_STD11_SCI_SCI,DRONA_TRUST_GSEB_DPS_2026_2027_GUJ_STD11_SCI,stream,Pure Sciences,DRONA_TRUST_GSEB_DPS_2026_2027_GUJ_STD11_SCI_SCI,Drona Education Trust / Gujarat Board Education / Drona Public School / Academic Year 2026-2027 / Gujarati Medium / Standard 11 (Science) / SCI,1,Pure Sciences stream category.
DRONA_TRUST_GSEB_DPS_2026_2027_GUJ_STD11_COM,DRONA_TRUST_GSEB_DPS_2026_2027_GUJ,grade,Standard 11 (Commerce),DRONA_TRUST_GSEB_DPS_2026_2027_GUJ_STD11_COM,Drona Education Trust / Gujarat Board Education / Drona Public School / Academic Year 2026-2027 / Gujarati Medium / Standard 11 (Commerce),1,Standard 11 (Commerce) category.
DRONA_TRUST_GSEB_DPS_2026_2027_GUJ_STD11_COM_COM,DRONA_TRUST_GSEB_DPS_2026_2027_GUJ_STD11_COM,stream,Commerce & Biz,DRONA_TRUST_GSEB_DPS_2026_2027_GUJ_STD11_COM_COM,Drona Education Trust / Gujarat Board Education / Drona Public School / Academic Year 2026-2027 / Gujarati Medium / Standard 11 (Commerce) / COM,1,Commerce & Biz stream category.
DRONA_TRUST_GSEB_DPS_2026_2027_GUJ_STD11_ART,DRONA_TRUST_GSEB_DPS_2026_2027_GUJ,grade,Standard 11 (Arts),DRONA_TRUST_GSEB_DPS_2026_2027_GUJ_STD11_ART,Drona Education Trust / Gujarat Board Education / Drona Public School / Academic Year 2026-2027 / Gujarati Medium / Standard 11 (Arts),1,Standard 11 (Arts) category.
DRONA_TRUST_GSEB_DPS_2026_2027_GUJ_STD11_ART_ART,DRONA_TRUST_GSEB_DPS_2026_2027_GUJ_STD11_ART,stream,Humanities & Arts,DRONA_TRUST_GSEB_DPS_2026_2027_GUJ_STD11_ART_ART,Drona Education Trust / Gujarat Board Education / Drona Public School / Academic Year 2026-2027 / Gujarati Medium / Standard 11 (Arts) / ART,1,Humanities & Arts stream category.
DRONA_TRUST_GSEB_DPS_2026_2027_GUJ_STD12_SCI,DRONA_TRUST_GSEB_DPS_2026_2027_GUJ,grade,Standard 12 (Science),DRONA_TRUST_GSEB_DPS_2026_2027_GUJ_STD12_SCI,Drona Education Trust / Gujarat Board Education / Drona Public School / Academic Year 2026-2027 / Gujarati Medium / Standard 12 (Science),1,Standard 12 (Science) category.
DRONA_TRUST_GSEB_DPS_2026_2027_GUJ_STD12_SCI_SCI,DRONA_TRUST_GSEB_DPS_2026_2027_GUJ_STD12_SCI,stream,Pure Sciences,DRONA_TRUST_GSEB_DPS_2026_2027_GUJ_STD12_SCI_SCI,Drona Education Trust / Gujarat Board Education / Drona Public School / Academic Year 2026-2027 / Gujarati Medium / Standard 12 (Science) / SCI,1,Pure Sciences stream category.
DRONA_TRUST_GSEB_DPS_2026_2027_GUJ_STD12_COM,DRONA_TRUST_GSEB_DPS_2026_2027_GUJ,grade,Standard 12 (Commerce),DRONA_TRUST_GSEB_DPS_2026_2027_GUJ_STD12_COM,Drona Education Trust / Gujarat Board Education / Drona Public School / Academic Year 2026-2027 / Gujarati Medium / Standard 12 (Commerce),1,Standard 12 (Commerce) category.
DRONA_TRUST_GSEB_DPS_2026_2027_GUJ_STD12_COM_COM,DRONA_TRUST_GSEB_DPS_2026_2027_GUJ_STD12_COM,stream,Commerce & Biz,DRONA_TRUST_GSEB_DPS_2026_2027_GUJ_STD12_COM_COM,Drona Education Trust / Gujarat Board Education / Drona Public School / Academic Year 2026-2027 / Gujarati Medium / Standard 12 (Commerce) / COM,1,Commerce & Biz stream category.
DRONA_TRUST_GSEB_DPS_2026_2027_GUJ_STD12_ART,DRONA_TRUST_GSEB_DPS_2026_2027_GUJ,grade,Standard 12 (Arts),DRONA_TRUST_GSEB_DPS_2026_2027_GUJ_STD12_ART,Drona Education Trust / Gujarat Board Education / Drona Public School / Academic Year 2026-2027 / Gujarati Medium / Standard 12 (Arts),1,Standard 12 (Arts) category.
DRONA_TRUST_GSEB_DPS_2026_2027_GUJ_STD12_ART_ART,DRONA_TRUST_GSEB_DPS_2026_2027_GUJ_STD12_ART,stream,Humanities & Arts,DRONA_TRUST_GSEB_DPS_2026_2027_GUJ_STD12_ART_ART,Drona Education Trust / Gujarat Board Education / Drona Public School / Academic Year 2026-2027 / Gujarati Medium / Standard 12 (Arts) / ART,1,Humanities & Arts stream category.
DRONA_TRUST_GSEB_DPS_2026_2027_GUJ_ITI_ELEC,DRONA_TRUST_GSEB_DPS_2026_2027_GUJ,grade,ITI Electrician (Vocational),DRONA_TRUST_GSEB_DPS_2026_2027_GUJ_ITI_ELEC,Drona Education Trust / Gujarat Board Education / Drona Public School / Academic Year 2026-2027 / Gujarati Medium / ITI Electrician (Vocational),1,ITI Electrician (Vocational) category.
DRONA_TRUST_GSEB_DPS_2026_2027_GUJ_ITI_ELEC_VOC_IND,DRONA_TRUST_GSEB_DPS_2026_2027_GUJ_ITI_ELEC,stream,Industrial Training,DRONA_TRUST_GSEB_DPS_2026_2027_GUJ_ITI_ELEC_VOC_IND,Drona Education Trust / Gujarat Board Education / Drona Public School / Academic Year 2026-2027 / Gujarati Medium / ITI Electrician (Vocational) / VOC_IND,1,Industrial Training stream category.
DRONA_TRUST_GSEB_DPS_2026_2027_GUJ_ITI_FIT,DRONA_TRUST_GSEB_DPS_2026_2027_GUJ,grade,ITI Fitter (Vocational),DRONA_TRUST_GSEB_DPS_2026_2027_GUJ_ITI_FIT,Drona Education Trust / Gujarat Board Education / Drona Public School / Academic Year 2026-2027 / Gujarati Medium / ITI Fitter (Vocational),1,ITI Fitter (Vocational) category.
DRONA_TRUST_GSEB_DPS_2026_2027_GUJ_ITI_FIT_VOC_IND,DRONA_TRUST_GSEB_DPS_2026_2027_GUJ_ITI_FIT,stream,Industrial Training,DRONA_TRUST_GSEB_DPS_2026_2027_GUJ_ITI_FIT_VOC_IND,Drona Education Trust / Gujarat Board Education / Drona Public School / Academic Year 2026-2027 / Gujarati Medium / ITI Fitter (Vocational) / VOC_IND,1,Industrial Training stream category.
DRONA_TRUST_GSEB_DPS_2026_2027_GUJ_POLY_ME_Y1,DRONA_TRUST_GSEB_DPS_2026_2027_GUJ,grade,Polytechnic Diploma Mechanical - Y1,DRONA_TRUST_GSEB_DPS_2026_2027_GUJ_POLY_ME_Y1,Drona Education Trust / Gujarat Board Education / Drona Public School / Academic Year 2026-2027 / Gujarati Medium / Polytechnic Diploma Mechanical - Y1,1,Polytechnic Diploma Mechanical - Y1 category.
DRONA_TRUST_GSEB_DPS_2026_2027_GUJ_POLY_ME_Y1_ENG,DRONA_TRUST_GSEB_DPS_2026_2027_GUJ_POLY_ME_Y1,stream,Engineering & Tech,DRONA_TRUST_GSEB_DPS_2026_2027_GUJ_POLY_ME_Y1_ENG,Drona Education Trust / Gujarat Board Education / Drona Public School / Academic Year 2026-2027 / Gujarati Medium / Polytechnic Diploma Mechanical - Y1 / ENG,1,Engineering & Tech stream category.
DRONA_TRUST_GSEB_DPS_2026_2027_GUJ_POLY_ME_Y2,DRONA_TRUST_GSEB_DPS_2026_2027_GUJ,grade,Polytechnic Diploma Mechanical - Y2,DRONA_TRUST_GSEB_DPS_2026_2027_GUJ_POLY_ME_Y2,Drona Education Trust / Gujarat Board Education / Drona Public School / Academic Year 2026-2027 / Gujarati Medium / Polytechnic Diploma Mechanical - Y2,1,Polytechnic Diploma Mechanical - Y2 category.
DRONA_TRUST_GSEB_DPS_2026_2027_GUJ_POLY_ME_Y2_ENG,DRONA_TRUST_GSEB_DPS_2026_2027_GUJ_POLY_ME_Y2,stream,Engineering & Tech,DRONA_TRUST_GSEB_DPS_2026_2027_GUJ_POLY_ME_Y2_ENG,Drona Education Trust / Gujarat Board Education / Drona Public School / Academic Year 2026-2027 / Gujarati Medium / Polytechnic Diploma Mechanical - Y2 / ENG,1,Engineering & Tech stream category.
DRONA_TRUST_GSEB_DPS_2026_2027_GUJ_POLY_ME_Y3,DRONA_TRUST_GSEB_DPS_2026_2027_GUJ,grade,Polytechnic Diploma Mechanical - Y3,DRONA_TRUST_GSEB_DPS_2026_2027_GUJ_POLY_ME_Y3,Drona Education Trust / Gujarat Board Education / Drona Public School / Academic Year 2026-2027 / Gujarati Medium / Polytechnic Diploma Mechanical - Y3,1,Polytechnic Diploma Mechanical - Y3 category.
DRONA_TRUST_GSEB_DPS_2026_2027_GUJ_POLY_ME_Y3_ENG,DRONA_TRUST_GSEB_DPS_2026_2027_GUJ_POLY_ME_Y3,stream,Engineering & Tech,DRONA_TRUST_GSEB_DPS_2026_2027_GUJ_POLY_ME_Y3_ENG,Drona Education Trust / Gujarat Board Education / Drona Public School / Academic Year 2026-2027 / Gujarati Medium / Polytechnic Diploma Mechanical - Y3 / ENG,1,Engineering & Tech stream category.
DRONA_TRUST_GSEB_DPS_2026_2027_GUJ_POLY_CE_Y1,DRONA_TRUST_GSEB_DPS_2026_2027_GUJ,grade,Polytechnic Diploma Civil - Y1,DRONA_TRUST_GSEB_DPS_2026_2027_GUJ_POLY_CE_Y1,Drona Education Trust / Gujarat Board Education / Drona Public School / Academic Year 2026-2027 / Gujarati Medium / Polytechnic Diploma Civil - Y1,1,Polytechnic Diploma Civil - Y1 category.
DRONA_TRUST_GSEB_DPS_2026_2027_GUJ_POLY_CE_Y1_ENG,DRONA_TRUST_GSEB_DPS_2026_2027_GUJ_POLY_CE_Y1,stream,Engineering & Tech,DRONA_TRUST_GSEB_DPS_2026_2027_GUJ_POLY_CE_Y1_ENG,Drona Education Trust / Gujarat Board Education / Drona Public School / Academic Year 2026-2027 / Gujarati Medium / Polytechnic Diploma Civil - Y1 / ENG,1,Engineering & Tech stream category.
DRONA_TRUST_GSEB_DPS_2026_2027_GUJ_POLY_CE_Y2,DRONA_TRUST_GSEB_DPS_2026_2027_GUJ,grade,Polytechnic Diploma Civil - Y2,DRONA_TRUST_GSEB_DPS_2026_2027_GUJ_POLY_CE_Y2,Drona Education Trust / Gujarat Board Education / Drona Public School / Academic Year 2026-2027 / Gujarati Medium / Polytechnic Diploma Civil - Y2,1,Polytechnic Diploma Civil - Y2 category.
DRONA_TRUST_GSEB_DPS_2026_2027_GUJ_POLY_CE_Y2_ENG,DRONA_TRUST_GSEB_DPS_2026_2027_GUJ_POLY_CE_Y2,stream,Engineering & Tech,DRONA_TRUST_GSEB_DPS_2026_2027_GUJ_POLY_CE_Y2_ENG,Drona Education Trust / Gujarat Board Education / Drona Public School / Academic Year 2026-2027 / Gujarati Medium / Polytechnic Diploma Civil - Y2 / ENG,1,Engineering & Tech stream category.
DRONA_TRUST_GSEB_DPS_2026_2027_GUJ_POLY_CE_Y3,DRONA_TRUST_GSEB_DPS_2026_2027_GUJ,grade,Polytechnic Diploma Civil - Y3,DRONA_TRUST_GSEB_DPS_2026_2027_GUJ_POLY_CE_Y3,Drona Education Trust / Gujarat Board Education / Drona Public School / Academic Year 2026-2027 / Gujarati Medium / Polytechnic Diploma Civil - Y3,1,Polytechnic Diploma Civil - Y3 category.
DRONA_TRUST_GSEB_DPS_2026_2027_GUJ_POLY_CE_Y3_ENG,DRONA_TRUST_GSEB_DPS_2026_2027_GUJ_POLY_CE_Y3,stream,Engineering & Tech,DRONA_TRUST_GSEB_DPS_2026_2027_GUJ_POLY_CE_Y3_ENG,Drona Education Trust / Gujarat Board Education / Drona Public School / Academic Year 2026-2027 / Gujarati Medium / Polytechnic Diploma Civil - Y3 / ENG,1,Engineering & Tech stream category.
DRONA_TRUST_GSEB_DPS_2026_2027_GUJ_NUR_GNM_Y1,DRONA_TRUST_GSEB_DPS_2026_2027_GUJ,grade,GNM (General Nursing & Midwifery) - Y1,DRONA_TRUST_GSEB_DPS_2026_2027_GUJ_NUR_GNM_Y1,Drona Education Trust / Gujarat Board Education / Drona Public School / Academic Year 2026-2027 / Gujarati Medium / GNM (General Nursing & Midwifery) - Y1,1,GNM (General Nursing & Midwifery) - Y1 category.
DRONA_TRUST_GSEB_DPS_2026_2027_GUJ_NUR_GNM_Y1_NUR,DRONA_TRUST_GSEB_DPS_2026_2027_GUJ_NUR_GNM_Y1,stream,Nursing,DRONA_TRUST_GSEB_DPS_2026_2027_GUJ_NUR_GNM_Y1_NUR,Drona Education Trust / Gujarat Board Education / Drona Public School / Academic Year 2026-2027 / Gujarati Medium / GNM (General Nursing & Midwifery) - Y1 / NUR,1,Nursing stream category.
DRONA_TRUST_GSEB_DPS_2026_2027_GUJ_NUR_GNM_Y2,DRONA_TRUST_GSEB_DPS_2026_2027_GUJ,grade,GNM (General Nursing & Midwifery) - Y2,DRONA_TRUST_GSEB_DPS_2026_2027_GUJ_NUR_GNM_Y2,Drona Education Trust / Gujarat Board Education / Drona Public School / Academic Year 2026-2027 / Gujarati Medium / GNM (General Nursing & Midwifery) - Y2,1,GNM (General Nursing & Midwifery) - Y2 category.
DRONA_TRUST_GSEB_DPS_2026_2027_GUJ_NUR_GNM_Y2_NUR,DRONA_TRUST_GSEB_DPS_2026_2027_GUJ_NUR_GNM_Y2,stream,Nursing,DRONA_TRUST_GSEB_DPS_2026_2027_GUJ_NUR_GNM_Y2_NUR,Drona Education Trust / Gujarat Board Education / Drona Public School / Academic Year 2026-2027 / Gujarati Medium / GNM (General Nursing & Midwifery) - Y2 / NUR,1,Nursing stream category.
DRONA_TRUST_GSEB_DPS_2026_2027_GUJ_UNI_UG_CSE_Y1,DRONA_TRUST_GSEB_DPS_2026_2027_GUJ,grade,B.Tech Computer Science (AI/ML) - Y1,DRONA_TRUST_GSEB_DPS_2026_2027_GUJ_UNI_UG_CSE_Y1,Drona Education Trust / Gujarat Board Education / Drona Public School / Academic Year 2026-2027 / Gujarati Medium / B.Tech Computer Science (AI/ML) - Y1,1,B.Tech Computer Science (AI/ML) - Y1 category.
DRONA_TRUST_GSEB_DPS_2026_2027_GUJ_UNI_UG_CSE_Y1_ENG,DRONA_TRUST_GSEB_DPS_2026_2027_GUJ_UNI_UG_CSE_Y1,stream,Engineering & Tech,DRONA_TRUST_GSEB_DPS_2026_2027_GUJ_UNI_UG_CSE_Y1_ENG,Drona Education Trust / Gujarat Board Education / Drona Public School / Academic Year 2026-2027 / Gujarati Medium / B.Tech Computer Science (AI/ML) - Y1 / ENG,1,Engineering & Tech stream category.
DRONA_TRUST_GSEB_DPS_2026_2027_GUJ_UNI_UG_CSE_Y2,DRONA_TRUST_GSEB_DPS_2026_2027_GUJ,grade,B.Tech Computer Science (AI/ML) - Y2,DRONA_TRUST_GSEB_DPS_2026_2027_GUJ_UNI_UG_CSE_Y2,Drona Education Trust / Gujarat Board Education / Drona Public School / Academic Year 2026-2027 / Gujarati Medium / B.Tech Computer Science (AI/ML) - Y2,1,B.Tech Computer Science (AI/ML) - Y2 category.
DRONA_TRUST_GSEB_DPS_2026_2027_GUJ_UNI_UG_CSE_Y2_ENG,DRONA_TRUST_GSEB_DPS_2026_2027_GUJ_UNI_UG_CSE_Y2,stream,Engineering & Tech,DRONA_TRUST_GSEB_DPS_2026_2027_GUJ_UNI_UG_CSE_Y2_ENG,Drona Education Trust / Gujarat Board Education / Drona Public School / Academic Year 2026-2027 / Gujarati Medium / B.Tech Computer Science (AI/ML) - Y2 / ENG,1,Engineering & Tech stream category.
DRONA_TRUST_GSEB_DPS_2026_2027_GUJ_UNI_UG_CSE_Y3,DRONA_TRUST_GSEB_DPS_2026_2027_GUJ,grade,B.Tech Computer Science (AI/ML) - Y3,DRONA_TRUST_GSEB_DPS_2026_2027_GUJ_UNI_UG_CSE_Y3,Drona Education Trust / Gujarat Board Education / Drona Public School / Academic Year 2026-2027 / Gujarati Medium / B.Tech Computer Science (AI/ML) - Y3,1,B.Tech Computer Science (AI/ML) - Y3 category.
DRONA_TRUST_GSEB_DPS_2026_2027_GUJ_UNI_UG_CSE_Y3_ENG,DRONA_TRUST_GSEB_DPS_2026_2027_GUJ_UNI_UG_CSE_Y3,stream,Engineering & Tech,DRONA_TRUST_GSEB_DPS_2026_2027_GUJ_UNI_UG_CSE_Y3_ENG,Drona Education Trust / Gujarat Board Education / Drona Public School / Academic Year 2026-2027 / Gujarati Medium / B.Tech Computer Science (AI/ML) - Y3 / ENG,1,Engineering & Tech stream category.
DRONA_TRUST_GSEB_DPS_2026_2027_GUJ_UNI_UG_CSE_Y4,DRONA_TRUST_GSEB_DPS_2026_2027_GUJ,grade,B.Tech Computer Science (AI/ML) - Y4,DRONA_TRUST_GSEB_DPS_2026_2027_GUJ_UNI_UG_CSE_Y4,Drona Education Trust / Gujarat Board Education / Drona Public School / Academic Year 2026-2027 / Gujarati Medium / B.Tech Computer Science (AI/ML) - Y4,1,B.Tech Computer Science (AI/ML) - Y4 category.
DRONA_TRUST_GSEB_DPS_2026_2027_GUJ_UNI_UG_CSE_Y4_ENG,DRONA_TRUST_GSEB_DPS_2026_2027_GUJ_UNI_UG_CSE_Y4,stream,Engineering & Tech,DRONA_TRUST_GSEB_DPS_2026_2027_GUJ_UNI_UG_CSE_Y4_ENG,Drona Education Trust / Gujarat Board Education / Drona Public School / Academic Year 2026-2027 / Gujarati Medium / B.Tech Computer Science (AI/ML) - Y4 / ENG,1,Engineering & Tech stream category.
DRONA_TRUST_GSEB_DPS_2026_2027_GUJ_UNI_UG_DS_Y1,DRONA_TRUST_GSEB_DPS_2026_2027_GUJ,grade,B.Sc Data Science & Analytics - Y1,DRONA_TRUST_GSEB_DPS_2026_2027_GUJ_UNI_UG_DS_Y1,Drona Education Trust / Gujarat Board Education / Drona Public School / Academic Year 2026-2027 / Gujarati Medium / B.Sc Data Science & Analytics - Y1,1,B.Sc Data Science & Analytics - Y1 category.
DRONA_TRUST_GSEB_DPS_2026_2027_GUJ_UNI_UG_DS_Y1_SCI,DRONA_TRUST_GSEB_DPS_2026_2027_GUJ_UNI_UG_DS_Y1,stream,Pure Sciences,DRONA_TRUST_GSEB_DPS_2026_2027_GUJ_UNI_UG_DS_Y1_SCI,Drona Education Trust / Gujarat Board Education / Drona Public School / Academic Year 2026-2027 / Gujarati Medium / B.Sc Data Science & Analytics - Y1 / SCI,1,Pure Sciences stream category.
DRONA_TRUST_GSEB_DPS_2026_2027_GUJ_UNI_UG_DS_Y2,DRONA_TRUST_GSEB_DPS_2026_2027_GUJ,grade,B.Sc Data Science & Analytics - Y2,DRONA_TRUST_GSEB_DPS_2026_2027_GUJ_UNI_UG_DS_Y2,Drona Education Trust / Gujarat Board Education / Drona Public School / Academic Year 2026-2027 / Gujarati Medium / B.Sc Data Science & Analytics - Y2,1,B.Sc Data Science & Analytics - Y2 category.
DRONA_TRUST_GSEB_DPS_2026_2027_GUJ_UNI_UG_DS_Y2_SCI,DRONA_TRUST_GSEB_DPS_2026_2027_GUJ_UNI_UG_DS_Y2,stream,Pure Sciences,DRONA_TRUST_GSEB_DPS_2026_2027_GUJ_UNI_UG_DS_Y2_SCI,Drona Education Trust / Gujarat Board Education / Drona Public School / Academic Year 2026-2027 / Gujarati Medium / B.Sc Data Science & Analytics - Y2 / SCI,1,Pure Sciences stream category.
DRONA_TRUST_GSEB_DPS_2026_2027_GUJ_UNI_UG_DS_Y3,DRONA_TRUST_GSEB_DPS_2026_2027_GUJ,grade,B.Sc Data Science & Analytics - Y3,DRONA_TRUST_GSEB_DPS_2026_2027_GUJ_UNI_UG_DS_Y3,Drona Education Trust / Gujarat Board Education / Drona Public School / Academic Year 2026-2027 / Gujarati Medium / B.Sc Data Science & Analytics - Y3,1,B.Sc Data Science & Analytics - Y3 category.
DRONA_TRUST_GSEB_DPS_2026_2027_GUJ_UNI_UG_DS_Y3_SCI,DRONA_TRUST_GSEB_DPS_2026_2027_GUJ_UNI_UG_DS_Y3,stream,Pure Sciences,DRONA_TRUST_GSEB_DPS_2026_2027_GUJ_UNI_UG_DS_Y3_SCI,Drona Education Trust / Gujarat Board Education / Drona Public School / Academic Year 2026-2027 / Gujarati Medium / B.Sc Data Science & Analytics - Y3 / SCI,1,Pure Sciences stream category.
DRONA_TRUST_GSEB_DPS_2026_2027_GUJ_UNI_UG_UX_Y1,DRONA_TRUST_GSEB_DPS_2026_2027_GUJ,grade,B.Des UI/UX & Interaction Design - Y1,DRONA_TRUST_GSEB_DPS_2026_2027_GUJ_UNI_UG_UX_Y1,Drona Education Trust / Gujarat Board Education / Drona Public School / Academic Year 2026-2027 / Gujarati Medium / B.Des UI/UX & Interaction Design - Y1,1,B.Des UI/UX & Interaction Design - Y1 category.
DRONA_TRUST_GSEB_DPS_2026_2027_GUJ_UNI_UG_UX_Y1_DES,DRONA_TRUST_GSEB_DPS_2026_2027_GUJ_UNI_UG_UX_Y1,stream,Design & Creative,DRONA_TRUST_GSEB_DPS_2026_2027_GUJ_UNI_UG_UX_Y1_DES,Drona Education Trust / Gujarat Board Education / Drona Public School / Academic Year 2026-2027 / Gujarati Medium / B.Des UI/UX & Interaction Design - Y1 / DES,1,Design & Creative stream category.
DRONA_TRUST_GSEB_DPS_2026_2027_GUJ_UNI_UG_UX_Y2,DRONA_TRUST_GSEB_DPS_2026_2027_GUJ,grade,B.Des UI/UX & Interaction Design - Y2,DRONA_TRUST_GSEB_DPS_2026_2027_GUJ_UNI_UG_UX_Y2,Drona Education Trust / Gujarat Board Education / Drona Public School / Academic Year 2026-2027 / Gujarati Medium / B.Des UI/UX & Interaction Design - Y2,1,B.Des UI/UX & Interaction Design - Y2 category.
DRONA_TRUST_GSEB_DPS_2026_2027_GUJ_UNI_UG_UX_Y2_DES,DRONA_TRUST_GSEB_DPS_2026_2027_GUJ_UNI_UG_UX_Y2,stream,Design & Creative,DRONA_TRUST_GSEB_DPS_2026_2027_GUJ_UNI_UG_UX_Y2_DES,Drona Education Trust / Gujarat Board Education / Drona Public School / Academic Year 2026-2027 / Gujarati Medium / B.Des UI/UX & Interaction Design - Y2 / DES,1,Design & Creative stream category.
DRONA_TRUST_GSEB_DPS_2026_2027_GUJ_UNI_UG_UX_Y3,DRONA_TRUST_GSEB_DPS_2026_2027_GUJ,grade,B.Des UI/UX & Interaction Design - Y3,DRONA_TRUST_GSEB_DPS_2026_2027_GUJ_UNI_UG_UX_Y3,Drona Education Trust / Gujarat Board Education / Drona Public School / Academic Year 2026-2027 / Gujarati Medium / B.Des UI/UX & Interaction Design - Y3,1,B.Des UI/UX & Interaction Design - Y3 category.
DRONA_TRUST_GSEB_DPS_2026_2027_GUJ_UNI_UG_UX_Y3_DES,DRONA_TRUST_GSEB_DPS_2026_2027_GUJ_UNI_UG_UX_Y3,stream,Design & Creative,DRONA_TRUST_GSEB_DPS_2026_2027_GUJ_UNI_UG_UX_Y3_DES,Drona Education Trust / Gujarat Board Education / Drona Public School / Academic Year 2026-2027 / Gujarati Medium / B.Des UI/UX & Interaction Design - Y3 / DES,1,Design & Creative stream category.
DRONA_TRUST_GSEB_DPS_2026_2027_GUJ_UNI_UG_UX_Y4,DRONA_TRUST_GSEB_DPS_2026_2027_GUJ,grade,B.Des UI/UX & Interaction Design - Y4,DRONA_TRUST_GSEB_DPS_2026_2027_GUJ_UNI_UG_UX_Y4,Drona Education Trust / Gujarat Board Education / Drona Public School / Academic Year 2026-2027 / Gujarati Medium / B.Des UI/UX & Interaction Design - Y4,1,B.Des UI/UX & Interaction Design - Y4 category.
DRONA_TRUST_GSEB_DPS_2026_2027_GUJ_UNI_UG_UX_Y4_DES,DRONA_TRUST_GSEB_DPS_2026_2027_GUJ_UNI_UG_UX_Y4,stream,Design & Creative,DRONA_TRUST_GSEB_DPS_2026_2027_GUJ_UNI_UG_UX_Y4_DES,Drona Education Trust / Gujarat Board Education / Drona Public School / Academic Year 2026-2027 / Gujarati Medium / B.Des UI/UX & Interaction Design - Y4 / DES,1,Design & Creative stream category.
DRONA_TRUST_GSEB_DPS_2026_2027_GUJ_UNI_UG_LAW_Y1,DRONA_TRUST_GSEB_DPS_2026_2027_GUJ,grade,BA LL.B (Integrated Law) - Year 1,DRONA_TRUST_GSEB_DPS_2026_2027_GUJ_UNI_UG_LAW_Y1,Drona Education Trust / Gujarat Board Education / Drona Public School / Academic Year 2026-2027 / Gujarati Medium / BA LL.B (Integrated Law) - Year 1,1,BA LL.B (Integrated Law) - Year 1 category.
DRONA_TRUST_GSEB_DPS_2026_2027_GUJ_UNI_UG_LAW_Y1_LAW,DRONA_TRUST_GSEB_DPS_2026_2027_GUJ_UNI_UG_LAW_Y1,stream,Law & Legal,DRONA_TRUST_GSEB_DPS_2026_2027_GUJ_UNI_UG_LAW_Y1_LAW,Drona Education Trust / Gujarat Board Education / Drona Public School / Academic Year 2026-2027 / Gujarati Medium / BA LL.B (Integrated Law) - Year 1 / LAW,1,Law & Legal stream category.
DRONA_TRUST_GSEB_DPS_2026_2027_GUJ_UNI_UG_LAW_Y5,DRONA_TRUST_GSEB_DPS_2026_2027_GUJ,grade,BA LL.B (Integrated Law) - Year 5,DRONA_TRUST_GSEB_DPS_2026_2027_GUJ_UNI_UG_LAW_Y5,Drona Education Trust / Gujarat Board Education / Drona Public School / Academic Year 2026-2027 / Gujarati Medium / BA LL.B (Integrated Law) - Year 5,1,BA LL.B (Integrated Law) - Year 5 category.
DRONA_TRUST_GSEB_DPS_2026_2027_GUJ_UNI_UG_LAW_Y5_LAW,DRONA_TRUST_GSEB_DPS_2026_2027_GUJ_UNI_UG_LAW_Y5,stream,Law & Legal,DRONA_TRUST_GSEB_DPS_2026_2027_GUJ_UNI_UG_LAW_Y5_LAW,Drona Education Trust / Gujarat Board Education / Drona Public School / Academic Year 2026-2027 / Gujarati Medium / BA LL.B (Integrated Law) - Year 5 / LAW,1,Law & Legal stream category.
DRONA_TRUST_GSEB_DPS_2026_2027_GUJ_UNI_UG_MED_Y1,DRONA_TRUST_GSEB_DPS_2026_2027_GUJ,grade,MBBS (Medical) - Year 1,DRONA_TRUST_GSEB_DPS_2026_2027_GUJ_UNI_UG_MED_Y1,Drona Education Trust / Gujarat Board Education / Drona Public School / Academic Year 2026-2027 / Gujarati Medium / MBBS (Medical) - Year 1,1,MBBS (Medical) - Year 1 category.
DRONA_TRUST_GSEB_DPS_2026_2027_GUJ_UNI_UG_MED_Y1_MED,DRONA_TRUST_GSEB_DPS_2026_2027_GUJ_UNI_UG_MED_Y1,stream,Medical & Health,DRONA_TRUST_GSEB_DPS_2026_2027_GUJ_UNI_UG_MED_Y1_MED,Drona Education Trust / Gujarat Board Education / Drona Public School / Academic Year 2026-2027 / Gujarati Medium / MBBS (Medical) - Year 1 / MED,1,Medical & Health stream category.
DRONA_TRUST_GSEB_DPS_2026_2027_GUJ_UNI_UG_MED_Y2,DRONA_TRUST_GSEB_DPS_2026_2027_GUJ,grade,MBBS (Medical) - Year 2,DRONA_TRUST_GSEB_DPS_2026_2027_GUJ_UNI_UG_MED_Y2,Drona Education Trust / Gujarat Board Education / Drona Public School / Academic Year 2026-2027 / Gujarati Medium / MBBS (Medical) - Year 2,1,MBBS (Medical) - Year 2 category.
DRONA_TRUST_GSEB_DPS_2026_2027_GUJ_UNI_UG_MED_Y2_MED,DRONA_TRUST_GSEB_DPS_2026_2027_GUJ_UNI_UG_MED_Y2,stream,Medical & Health,DRONA_TRUST_GSEB_DPS_2026_2027_GUJ_UNI_UG_MED_Y2_MED,Drona Education Trust / Gujarat Board Education / Drona Public School / Academic Year 2026-2027 / Gujarati Medium / MBBS (Medical) - Year 2 / MED,1,Medical & Health stream category.
DRONA_TRUST_GSEB_DPS_2026_2027_GUJ_UNI_UG_MED_Y3,DRONA_TRUST_GSEB_DPS_2026_2027_GUJ,grade,MBBS (Medical) - Year 3,DRONA_TRUST_GSEB_DPS_2026_2027_GUJ_UNI_UG_MED_Y3,Drona Education Trust / Gujarat Board Education / Drona Public School / Academic Year 2026-2027 / Gujarati Medium / MBBS (Medical) - Year 3,1,MBBS (Medical) - Year 3 category.
DRONA_TRUST_GSEB_DPS_2026_2027_GUJ_UNI_UG_MED_Y3_MED,DRONA_TRUST_GSEB_DPS_2026_2027_GUJ_UNI_UG_MED_Y3,stream,Medical & Health,DRONA_TRUST_GSEB_DPS_2026_2027_GUJ_UNI_UG_MED_Y3_MED,Drona Education Trust / Gujarat Board Education / Drona Public School / Academic Year 2026-2027 / Gujarati Medium / MBBS (Medical) - Year 3 / MED,1,Medical & Health stream category.
DRONA_TRUST_GSEB_DPS_2026_2027_GUJ_UNI_UG_MED_Y4,DRONA_TRUST_GSEB_DPS_2026_2027_GUJ,grade,MBBS (Medical) - Year 4,DRONA_TRUST_GSEB_DPS_2026_2027_GUJ_UNI_UG_MED_Y4,Drona Education Trust / Gujarat Board Education / Drona Public School / Academic Year 2026-2027 / Gujarati Medium / MBBS (Medical) - Year 4,1,MBBS (Medical) - Year 4 category.
DRONA_TRUST_GSEB_DPS_2026_2027_GUJ_UNI_UG_MED_Y4_MED,DRONA_TRUST_GSEB_DPS_2026_2027_GUJ_UNI_UG_MED_Y4,stream,Medical & Health,DRONA_TRUST_GSEB_DPS_2026_2027_GUJ_UNI_UG_MED_Y4_MED,Drona Education Trust / Gujarat Board Education / Drona Public School / Academic Year 2026-2027 / Gujarati Medium / MBBS (Medical) - Year 4 / MED,1,Medical & Health stream category.
DRONA_TRUST_GSEB_DPS_2026_2027_GUJ_UNI_UG_MED_Y5,DRONA_TRUST_GSEB_DPS_2026_2027_GUJ,grade,MBBS (Medical) - Year 5,DRONA_TRUST_GSEB_DPS_2026_2027_GUJ_UNI_UG_MED_Y5,Drona Education Trust / Gujarat Board Education / Drona Public School / Academic Year 2026-2027 / Gujarati Medium / MBBS (Medical) - Year 5,1,MBBS (Medical) - Year 5 category.
DRONA_TRUST_GSEB_DPS_2026_2027_GUJ_UNI_UG_MED_Y5_MED,DRONA_TRUST_GSEB_DPS_2026_2027_GUJ_UNI_UG_MED_Y5,stream,Medical & Health,DRONA_TRUST_GSEB_DPS_2026_2027_GUJ_UNI_UG_MED_Y5_MED,Drona Education Trust / Gujarat Board Education / Drona Public School / Academic Year 2026-2027 / Gujarati Medium / MBBS (Medical) - Year 5 / MED,1,Medical & Health stream category.
DRONA_TRUST_GSEB_DPS_2026_2027_GUJ_NUR_BSC_Y1,DRONA_TRUST_GSEB_DPS_2026_2027_GUJ,grade,B.Sc Nursing - Y1,DRONA_TRUST_GSEB_DPS_2026_2027_GUJ_NUR_BSC_Y1,Drona Education Trust / Gujarat Board Education / Drona Public School / Academic Year 2026-2027 / Gujarati Medium / B.Sc Nursing - Y1,1,B.Sc Nursing - Y1 category.
DRONA_TRUST_GSEB_DPS_2026_2027_GUJ_NUR_BSC_Y1_NUR,DRONA_TRUST_GSEB_DPS_2026_2027_GUJ_NUR_BSC_Y1,stream,Nursing,DRONA_TRUST_GSEB_DPS_2026_2027_GUJ_NUR_BSC_Y1_NUR,Drona Education Trust / Gujarat Board Education / Drona Public School / Academic Year 2026-2027 / Gujarati Medium / B.Sc Nursing - Y1 / NUR,1,Nursing stream category.
DRONA_TRUST_GSEB_DPS_2026_2027_GUJ_PRO_CA_FND,DRONA_TRUST_GSEB_DPS_2026_2027_GUJ,grade,CA Foundation (Chartered Accountancy),DRONA_TRUST_GSEB_DPS_2026_2027_GUJ_PRO_CA_FND,Drona Education Trust / Gujarat Board Education / Drona Public School / Academic Year 2026-2027 / Gujarati Medium / CA Foundation (Chartered Accountancy),1,CA Foundation (Chartered Accountancy) category.
DRONA_TRUST_GSEB_DPS_2026_2027_GUJ_PRO_CA_FND_PRO_FIN,DRONA_TRUST_GSEB_DPS_2026_2027_GUJ_PRO_CA_FND,stream,Commerce & Finance,DRONA_TRUST_GSEB_DPS_2026_2027_GUJ_PRO_CA_FND_PRO_FIN,Drona Education Trust / Gujarat Board Education / Drona Public School / Academic Year 2026-2027 / Gujarati Medium / CA Foundation (Chartered Accountancy) / PRO_FIN,1,Commerce & Finance stream category.
DRONA_TRUST_GSEB_DPS_2026_2027_GUJ_PRO_CA_INT,DRONA_TRUST_GSEB_DPS_2026_2027_GUJ,grade,CA Intermediate,DRONA_TRUST_GSEB_DPS_2026_2027_GUJ_PRO_CA_INT,Drona Education Trust / Gujarat Board Education / Drona Public School / Academic Year 2026-2027 / Gujarati Medium / CA Intermediate,1,CA Intermediate category.
DRONA_TRUST_GSEB_DPS_2026_2027_GUJ_PRO_CA_INT_PRO_FIN,DRONA_TRUST_GSEB_DPS_2026_2027_GUJ_PRO_CA_INT,stream,Commerce & Finance,DRONA_TRUST_GSEB_DPS_2026_2027_GUJ_PRO_CA_INT_PRO_FIN,Drona Education Trust / Gujarat Board Education / Drona Public School / Academic Year 2026-2027 / Gujarati Medium / CA Intermediate / PRO_FIN,1,Commerce & Finance stream category.
DRONA_TRUST_GSEB_DPS_2026_2027_GUJ_PRO_CA_FIN,DRONA_TRUST_GSEB_DPS_2026_2027_GUJ,grade,CA Final,DRONA_TRUST_GSEB_DPS_2026_2027_GUJ_PRO_CA_FIN,Drona Education Trust / Gujarat Board Education / Drona Public School / Academic Year 2026-2027 / Gujarati Medium / CA Final,1,CA Final category.
DRONA_TRUST_GSEB_DPS_2026_2027_GUJ_PRO_CA_FIN_PRO_FIN,DRONA_TRUST_GSEB_DPS_2026_2027_GUJ_PRO_CA_FIN,stream,Commerce & Finance,DRONA_TRUST_GSEB_DPS_2026_2027_GUJ_PRO_CA_FIN_PRO_FIN,Drona Education Trust / Gujarat Board Education / Drona Public School / Academic Year 2026-2027 / Gujarati Medium / CA Final / PRO_FIN,1,Commerce & Finance stream category.
DRONA_TRUST_GSEB_DPS_2026_2027_GUJ_PRO_CS_EXE,DRONA_TRUST_GSEB_DPS_2026_2027_GUJ,grade,CS Executive (Company Secretary),DRONA_TRUST_GSEB_DPS_2026_2027_GUJ_PRO_CS_EXE,Drona Education Trust / Gujarat Board Education / Drona Public School / Academic Year 2026-2027 / Gujarati Medium / CS Executive (Company Secretary),1,CS Executive (Company Secretary) category.
DRONA_TRUST_GSEB_DPS_2026_2027_GUJ_PRO_CS_EXE_LAW,DRONA_TRUST_GSEB_DPS_2026_2027_GUJ_PRO_CS_EXE,stream,Law & Legal,DRONA_TRUST_GSEB_DPS_2026_2027_GUJ_PRO_CS_EXE_LAW,Drona Education Trust / Gujarat Board Education / Drona Public School / Academic Year 2026-2027 / Gujarati Medium / CS Executive (Company Secretary) / LAW,1,Law & Legal stream category.
DRONA_TRUST_GSEB_DPS_2026_2027_GUJ_UNI_PG_AI_Y1,DRONA_TRUST_GSEB_DPS_2026_2027_GUJ,grade,M.Tech Artificial Intelligence - Y1,DRONA_TRUST_GSEB_DPS_2026_2027_GUJ_UNI_PG_AI_Y1,Drona Education Trust / Gujarat Board Education / Drona Public School / Academic Year 2026-2027 / Gujarati Medium / M.Tech Artificial Intelligence - Y1,1,M.Tech Artificial Intelligence - Y1 category.
DRONA_TRUST_GSEB_DPS_2026_2027_GUJ_UNI_PG_AI_Y1_AIE,DRONA_TRUST_GSEB_DPS_2026_2027_GUJ_UNI_PG_AI_Y1,stream,Artificial Intelligence,DRONA_TRUST_GSEB_DPS_2026_2027_GUJ_UNI_PG_AI_Y1_AIE,Drona Education Trust / Gujarat Board Education / Drona Public School / Academic Year 2026-2027 / Gujarati Medium / M.Tech Artificial Intelligence - Y1 / AIE,1,Artificial Intelligence stream category.
DRONA_TRUST_GSEB_DPS_2026_2027_GUJ_UNI_PG_AI_Y2,DRONA_TRUST_GSEB_DPS_2026_2027_GUJ,grade,M.Tech Artificial Intelligence - Y2,DRONA_TRUST_GSEB_DPS_2026_2027_GUJ_UNI_PG_AI_Y2,Drona Education Trust / Gujarat Board Education / Drona Public School / Academic Year 2026-2027 / Gujarati Medium / M.Tech Artificial Intelligence - Y2,1,M.Tech Artificial Intelligence - Y2 category.
DRONA_TRUST_GSEB_DPS_2026_2027_GUJ_UNI_PG_AI_Y2_AIE,DRONA_TRUST_GSEB_DPS_2026_2027_GUJ_UNI_PG_AI_Y2,stream,Artificial Intelligence,DRONA_TRUST_GSEB_DPS_2026_2027_GUJ_UNI_PG_AI_Y2_AIE,Drona Education Trust / Gujarat Board Education / Drona Public School / Academic Year 2026-2027 / Gujarati Medium / M.Tech Artificial Intelligence - Y2 / AIE,1,Artificial Intelligence stream category.
DRONA_TRUST_GSEB_DPS_2026_2027_GUJ_UNI_PG_MBA_Y1,DRONA_TRUST_GSEB_DPS_2026_2027_GUJ,grade,MBA Business Analytics & Tech - Y1,DRONA_TRUST_GSEB_DPS_2026_2027_GUJ_UNI_PG_MBA_Y1,Drona Education Trust / Gujarat Board Education / Drona Public School / Academic Year 2026-2027 / Gujarati Medium / MBA Business Analytics & Tech - Y1,1,MBA Business Analytics & Tech - Y1 category.
DRONA_TRUST_GSEB_DPS_2026_2027_GUJ_UNI_PG_MBA_Y1_MGT,DRONA_TRUST_GSEB_DPS_2026_2027_GUJ_UNI_PG_MBA_Y1,stream,Management & Biz,DRONA_TRUST_GSEB_DPS_2026_2027_GUJ_UNI_PG_MBA_Y1_MGT,Drona Education Trust / Gujarat Board Education / Drona Public School / Academic Year 2026-2027 / Gujarati Medium / MBA Business Analytics & Tech - Y1 / MGT,1,Management & Biz stream category.
DRONA_TRUST_GSEB_DPS_2026_2027_GUJ_UNI_PG_MBA_Y2,DRONA_TRUST_GSEB_DPS_2026_2027_GUJ,grade,MBA Business Analytics & Tech - Y2,DRONA_TRUST_GSEB_DPS_2026_2027_GUJ_UNI_PG_MBA_Y2,Drona Education Trust / Gujarat Board Education / Drona Public School / Academic Year 2026-2027 / Gujarati Medium / MBA Business Analytics & Tech - Y2,1,MBA Business Analytics & Tech - Y2 category.
DRONA_TRUST_GSEB_DPS_2026_2027_GUJ_UNI_PG_MBA_Y2_MGT,DRONA_TRUST_GSEB_DPS_2026_2027_GUJ_UNI_PG_MBA_Y2,stream,Management & Biz,DRONA_TRUST_GSEB_DPS_2026_2027_GUJ_UNI_PG_MBA_Y2_MGT,Drona Education Trust / Gujarat Board Education / Drona Public School / Academic Year 2026-2027 / Gujarati Medium / MBA Business Analytics & Tech - Y2 / MGT,1,Management & Biz stream category.
DRONA_TRUST_GSEB_DPS_2026_2027_GUJ_UNI_PG_LAW_Y1,DRONA_TRUST_GSEB_DPS_2026_2027_GUJ,grade,LL.M (Corporate & Tech Law) - Y1,DRONA_TRUST_GSEB_DPS_2026_2027_GUJ_UNI_PG_LAW_Y1,Drona Education Trust / Gujarat Board Education / Drona Public School / Academic Year 2026-2027 / Gujarati Medium / LL.M (Corporate & Tech Law) - Y1,1,LL.M (Corporate & Tech Law) - Y1 category.
DRONA_TRUST_GSEB_DPS_2026_2027_GUJ_UNI_PG_LAW_Y1_LAW,DRONA_TRUST_GSEB_DPS_2026_2027_GUJ_UNI_PG_LAW_Y1,stream,Law & Legal,DRONA_TRUST_GSEB_DPS_2026_2027_GUJ_UNI_PG_LAW_Y1_LAW,Drona Education Trust / Gujarat Board Education / Drona Public School / Academic Year 2026-2027 / Gujarati Medium / LL.M (Corporate & Tech Law) - Y1 / LAW,1,Law & Legal stream category.
DRONA_TRUST_GSEB_DPS_2026_2027_GUJ_UNI_PG_LAW_Y2,DRONA_TRUST_GSEB_DPS_2026_2027_GUJ,grade,LL.M (Corporate & Tech Law) - Y2,DRONA_TRUST_GSEB_DPS_2026_2027_GUJ_UNI_PG_LAW_Y2,Drona Education Trust / Gujarat Board Education / Drona Public School / Academic Year 2026-2027 / Gujarati Medium / LL.M (Corporate & Tech Law) - Y2,1,LL.M (Corporate & Tech Law) - Y2 category.
DRONA_TRUST_GSEB_DPS_2026_2027_GUJ_UNI_PG_LAW_Y2_LAW,DRONA_TRUST_GSEB_DPS_2026_2027_GUJ_UNI_PG_LAW_Y2,stream,Law & Legal,DRONA_TRUST_GSEB_DPS_2026_2027_GUJ_UNI_PG_LAW_Y2_LAW,Drona Education Trust / Gujarat Board Education / Drona Public School / Academic Year 2026-2027 / Gujarati Medium / LL.M (Corporate & Tech Law) - Y2 / LAW,1,Law & Legal stream category.
DRONA_TRUST_GSEB_DPS_2026_2027_GUJ_UNI_PHD_AI,DRONA_TRUST_GSEB_DPS_2026_2027_GUJ,grade,Ph.D. Artificial Intelligence & Ethics,DRONA_TRUST_GSEB_DPS_2026_2027_GUJ_UNI_PHD_AI,Drona Education Trust / Gujarat Board Education / Drona Public School / Academic Year 2026-2027 / Gujarati Medium / Ph.D. Artificial Intelligence & Ethics,1,Ph.D. Artificial Intelligence & Ethics category.
DRONA_TRUST_GSEB_DPS_2026_2027_GUJ_UNI_PHD_AI_RES,DRONA_TRUST_GSEB_DPS_2026_2027_GUJ_UNI_PHD_AI,stream,Research,DRONA_TRUST_GSEB_DPS_2026_2027_GUJ_UNI_PHD_AI_RES,Drona Education Trust / Gujarat Board Education / Drona Public School / Academic Year 2026-2027 / Gujarati Medium / Ph.D. Artificial Intelligence & Ethics / RES,1,Research stream category.
DRONA_TRUST_GSEB_DPS_2026_2027_GUJ_UNI_PHD_DS,DRONA_TRUST_GSEB_DPS_2026_2027_GUJ,grade,Ph.D. Data Science & Big Data,DRONA_TRUST_GSEB_DPS_2026_2027_GUJ_UNI_PHD_DS,Drona Education Trust / Gujarat Board Education / Drona Public School / Academic Year 2026-2027 / Gujarati Medium / Ph.D. Data Science & Big Data,1,Ph.D. Data Science & Big Data category.
DRONA_TRUST_GSEB_DPS_2026_2027_GUJ_UNI_PHD_DS_RES,DRONA_TRUST_GSEB_DPS_2026_2027_GUJ_UNI_PHD_DS,stream,Research,DRONA_TRUST_GSEB_DPS_2026_2027_GUJ_UNI_PHD_DS_RES,Drona Education Trust / Gujarat Board Education / Drona Public School / Academic Year 2026-2027 / Gujarati Medium / Ph.D. Data Science & Big Data / RES,1,Research stream category.
DRONA_TRUST_GSEB_DPS_2026_2027_GUJ_UNI_PHD_RE,DRONA_TRUST_GSEB_DPS_2026_2027_GUJ,grade,Ph.D. Renewable Energy & Smart Grid,DRONA_TRUST_GSEB_DPS_2026_2027_GUJ_UNI_PHD_RE,Drona Education Trust / Gujarat Board Education / Drona Public School / Academic Year 2026-2027 / Gujarati Medium / Ph.D. Renewable Energy & Smart Grid,1,Ph.D. Renewable Energy & Smart Grid category.
DRONA_TRUST_GSEB_DPS_2026_2027_GUJ_UNI_PHD_RE_RES,DRONA_TRUST_GSEB_DPS_2026_2027_GUJ_UNI_PHD_RE,stream,Research,DRONA_TRUST_GSEB_DPS_2026_2027_GUJ_UNI_PHD_RE_RES,Drona Education Trust / Gujarat Board Education / Drona Public School / Academic Year 2026-2027 / Gujarati Medium / Ph.D. Renewable Energy & Smart Grid / RES,1,Research stream category.
DRONA_TRUST_GSEB_DPS_2026_2027_GUJ_UNI_UG_BCA_Y1,DRONA_TRUST_GSEB_DPS_2026_2027_GUJ,grade,BCA (Bachelor of Computer Applications) - Y1,DRONA_TRUST_GSEB_DPS_2026_2027_GUJ_UNI_UG_BCA_Y1,Drona Education Trust / Gujarat Board Education / Drona Public School / Academic Year 2026-2027 / Gujarati Medium / BCA (Bachelor of Computer Applications) - Y1,1,BCA (Bachelor of Computer Applications) - Y1 category.
DRONA_TRUST_GSEB_DPS_2026_2027_GUJ_UNI_UG_BCA_Y1_CSA,DRONA_TRUST_GSEB_DPS_2026_2027_GUJ_UNI_UG_BCA_Y1,stream,Computer Applications,DRONA_TRUST_GSEB_DPS_2026_2027_GUJ_UNI_UG_BCA_Y1_CSA,Drona Education Trust / Gujarat Board Education / Drona Public School / Academic Year 2026-2027 / Gujarati Medium / BCA (Bachelor of Computer Applications) - Y1 / CSA,1,Computer Applications stream category.
DRONA_TRUST_GSEB_DPS_2026_2027_GUJ_UNI_UG_BCA_Y2,DRONA_TRUST_GSEB_DPS_2026_2027_GUJ,grade,BCA (Bachelor of Computer Applications) - Y2,DRONA_TRUST_GSEB_DPS_2026_2027_GUJ_UNI_UG_BCA_Y2,Drona Education Trust / Gujarat Board Education / Drona Public School / Academic Year 2026-2027 / Gujarati Medium / BCA (Bachelor of Computer Applications) - Y2,1,BCA (Bachelor of Computer Applications) - Y2 category.
DRONA_TRUST_GSEB_DPS_2026_2027_GUJ_UNI_UG_BCA_Y2_CSA,DRONA_TRUST_GSEB_DPS_2026_2027_GUJ_UNI_UG_BCA_Y2,stream,Computer Applications,DRONA_TRUST_GSEB_DPS_2026_2027_GUJ_UNI_UG_BCA_Y2_CSA,Drona Education Trust / Gujarat Board Education / Drona Public School / Academic Year 2026-2027 / Gujarati Medium / BCA (Bachelor of Computer Applications) - Y2 / CSA,1,Computer Applications stream category.
DRONA_TRUST_GSEB_DPS_2026_2027_GUJ_UNI_UG_BCA_Y3,DRONA_TRUST_GSEB_DPS_2026_2027_GUJ,grade,BCA (Bachelor of Computer Applications) - Y3,DRONA_TRUST_GSEB_DPS_2026_2027_GUJ_UNI_UG_BCA_Y3,Drona Education Trust / Gujarat Board Education / Drona Public School / Academic Year 2026-2027 / Gujarati Medium / BCA (Bachelor of Computer Applications) - Y3,1,BCA (Bachelor of Computer Applications) - Y3 category.
DRONA_TRUST_GSEB_DPS_2026_2027_GUJ_UNI_UG_BCA_Y3_CSA,DRONA_TRUST_GSEB_DPS_2026_2027_GUJ_UNI_UG_BCA_Y3,stream,Computer Applications,DRONA_TRUST_GSEB_DPS_2026_2027_GUJ_UNI_UG_BCA_Y3_CSA,Drona Education Trust / Gujarat Board Education / Drona Public School / Academic Year 2026-2027 / Gujarati Medium / BCA (Bachelor of Computer Applications) - Y3 / CSA,1,Computer Applications stream category.
DRONA_TRUST_GSEB_DPS_2026_2027_GUJ_UNI_UG_BBA_Y1,DRONA_TRUST_GSEB_DPS_2026_2027_GUJ,grade,BBA (Bachelor of Business Admin) - Y1,DRONA_TRUST_GSEB_DPS_2026_2027_GUJ_UNI_UG_BBA_Y1,Drona Education Trust / Gujarat Board Education / Drona Public School / Academic Year 2026-2027 / Gujarati Medium / BBA (Bachelor of Business Admin) - Y1,1,BBA (Bachelor of Business Admin) - Y1 category.
DRONA_TRUST_GSEB_DPS_2026_2027_GUJ_UNI_UG_BBA_Y1_MGT,DRONA_TRUST_GSEB_DPS_2026_2027_GUJ_UNI_UG_BBA_Y1,stream,Management & Biz,DRONA_TRUST_GSEB_DPS_2026_2027_GUJ_UNI_UG_BBA_Y1_MGT,Drona Education Trust / Gujarat Board Education / Drona Public School / Academic Year 2026-2027 / Gujarati Medium / BBA (Bachelor of Business Admin) - Y1 / MGT,1,Management & Biz stream category.
DRONA_TRUST_GSEB_DPS_2026_2027_GUJ_UNI_UG_BBA_Y2,DRONA_TRUST_GSEB_DPS_2026_2027_GUJ,grade,BBA (Bachelor of Business Admin) - Y2,DRONA_TRUST_GSEB_DPS_2026_2027_GUJ_UNI_UG_BBA_Y2,Drona Education Trust / Gujarat Board Education / Drona Public School / Academic Year 2026-2027 / Gujarati Medium / BBA (Bachelor of Business Admin) - Y2,1,BBA (Bachelor of Business Admin) - Y2 category.
DRONA_TRUST_GSEB_DPS_2026_2027_GUJ_UNI_UG_BBA_Y2_MGT,DRONA_TRUST_GSEB_DPS_2026_2027_GUJ_UNI_UG_BBA_Y2,stream,Management & Biz,DRONA_TRUST_GSEB_DPS_2026_2027_GUJ_UNI_UG_BBA_Y2_MGT,Drona Education Trust / Gujarat Board Education / Drona Public School / Academic Year 2026-2027 / Gujarati Medium / BBA (Bachelor of Business Admin) - Y2 / MGT,1,Management & Biz stream category.
DRONA_TRUST_GSEB_DPS_2026_2027_GUJ_UNI_UG_BBA_Y3,DRONA_TRUST_GSEB_DPS_2026_2027_GUJ,grade,BBA (Bachelor of Business Admin) - Y3,DRONA_TRUST_GSEB_DPS_2026_2027_GUJ_UNI_UG_BBA_Y3,Drona Education Trust / Gujarat Board Education / Drona Public School / Academic Year 2026-2027 / Gujarati Medium / BBA (Bachelor of Business Admin) - Y3,1,BBA (Bachelor of Business Admin) - Y3 category.
DRONA_TRUST_GSEB_DPS_2026_2027_GUJ_UNI_UG_BBA_Y3_MGT,DRONA_TRUST_GSEB_DPS_2026_2027_GUJ_UNI_UG_BBA_Y3,stream,Management & Biz,DRONA_TRUST_GSEB_DPS_2026_2027_GUJ_UNI_UG_BBA_Y3_MGT,Drona Education Trust / Gujarat Board Education / Drona Public School / Academic Year 2026-2027 / Gujarati Medium / BBA (Bachelor of Business Admin) - Y3 / MGT,1,Management & Biz stream category.
DRONA_TRUST_GSEB_DPS_2026_2027_GUJ_UNI_UG_BARCH_Y1,DRONA_TRUST_GSEB_DPS_2026_2027_GUJ,grade,B.Arch (Architecture) - Y1,DRONA_TRUST_GSEB_DPS_2026_2027_GUJ_UNI_UG_BARCH_Y1,Drona Education Trust / Gujarat Board Education / Drona Public School / Academic Year 2026-2027 / Gujarati Medium / B.Arch (Architecture) - Y1,1,B.Arch (Architecture) - Y1 category.
DRONA_TRUST_GSEB_DPS_2026_2027_GUJ_UNI_UG_BARCH_Y1_ARC,DRONA_TRUST_GSEB_DPS_2026_2027_GUJ_UNI_UG_BARCH_Y1,stream,Architecture,DRONA_TRUST_GSEB_DPS_2026_2027_GUJ_UNI_UG_BARCH_Y1_ARC,Drona Education Trust / Gujarat Board Education / Drona Public School / Academic Year 2026-2027 / Gujarati Medium / B.Arch (Architecture) - Y1 / ARC,1,Architecture stream category.
DRONA_TRUST_GSEB_DPS_2026_2027_GUJ_UNI_UG_BARCH_Y5,DRONA_TRUST_GSEB_DPS_2026_2027_GUJ,grade,B.Arch (Architecture) - Y5,DRONA_TRUST_GSEB_DPS_2026_2027_GUJ_UNI_UG_BARCH_Y5,Drona Education Trust / Gujarat Board Education / Drona Public School / Academic Year 2026-2027 / Gujarati Medium / B.Arch (Architecture) - Y5,1,B.Arch (Architecture) - Y5 category.
DRONA_TRUST_GSEB_DPS_2026_2027_GUJ_UNI_UG_BARCH_Y5_ARC,DRONA_TRUST_GSEB_DPS_2026_2027_GUJ_UNI_UG_BARCH_Y5,stream,Architecture,DRONA_TRUST_GSEB_DPS_2026_2027_GUJ_UNI_UG_BARCH_Y5_ARC,Drona Education Trust / Gujarat Board Education / Drona Public School / Academic Year 2026-2027 / Gujarati Medium / B.Arch (Architecture) - Y5 / ARC,1,Architecture stream category.
DRONA_TRUST_GSEB_DPS_2026_2027_GUJ_UNI_UG_BPT_Y1,DRONA_TRUST_GSEB_DPS_2026_2027_GUJ,grade,BPT (Physiotherapy) - Y1,DRONA_TRUST_GSEB_DPS_2026_2027_GUJ_UNI_UG_BPT_Y1,Drona Education Trust / Gujarat Board Education / Drona Public School / Academic Year 2026-2027 / Gujarati Medium / BPT (Physiotherapy) - Y1,1,BPT (Physiotherapy) - Y1 category.
DRONA_TRUST_GSEB_DPS_2026_2027_GUJ_UNI_UG_BPT_Y1_AHS,DRONA_TRUST_GSEB_DPS_2026_2027_GUJ_UNI_UG_BPT_Y1,stream,Allied Healthcare,DRONA_TRUST_GSEB_DPS_2026_2027_GUJ_UNI_UG_BPT_Y1_AHS,Drona Education Trust / Gujarat Board Education / Drona Public School / Academic Year 2026-2027 / Gujarati Medium / BPT (Physiotherapy) - Y1 / AHS,1,Allied Healthcare stream category.
DRONA_TRUST_GSEB_DPS_2026_2027_GUJ_UNI_UG_BPT_Y4,DRONA_TRUST_GSEB_DPS_2026_2027_GUJ,grade,BPT (Physiotherapy) - Y4,DRONA_TRUST_GSEB_DPS_2026_2027_GUJ_UNI_UG_BPT_Y4,Drona Education Trust / Gujarat Board Education / Drona Public School / Academic Year 2026-2027 / Gujarati Medium / BPT (Physiotherapy) - Y4,1,BPT (Physiotherapy) - Y4 category.
DRONA_TRUST_GSEB_DPS_2026_2027_GUJ_UNI_UG_BPT_Y4_AHS,DRONA_TRUST_GSEB_DPS_2026_2027_GUJ_UNI_UG_BPT_Y4,stream,Allied Healthcare,DRONA_TRUST_GSEB_DPS_2026_2027_GUJ_UNI_UG_BPT_Y4_AHS,Drona Education Trust / Gujarat Board Education / Drona Public School / Academic Year 2026-2027 / Gujarati Medium / BPT (Physiotherapy) - Y4 / AHS,1,Allied Healthcare stream category.
DRONA_TRUST_GSEB_DPS_2026_2027_GUJ_UNI_UG_BSW_Y1,DRONA_TRUST_GSEB_DPS_2026_2027_GUJ,grade,BSW (Social Work) - Y1,DRONA_TRUST_GSEB_DPS_2026_2027_GUJ_UNI_UG_BSW_Y1,Drona Education Trust / Gujarat Board Education / Drona Public School / Academic Year 2026-2027 / Gujarati Medium / BSW (Social Work) - Y1,1,BSW (Social Work) - Y1 category.
DRONA_TRUST_GSEB_DPS_2026_2027_GUJ_UNI_UG_BSW_Y1_ART,DRONA_TRUST_GSEB_DPS_2026_2027_GUJ_UNI_UG_BSW_Y1,stream,Humanities & Arts,DRONA_TRUST_GSEB_DPS_2026_2027_GUJ_UNI_UG_BSW_Y1_ART,Drona Education Trust / Gujarat Board Education / Drona Public School / Academic Year 2026-2027 / Gujarati Medium / BSW (Social Work) - Y1 / ART,1,Humanities & Arts stream category.
DRONA_TRUST_GSEB_DPS_2026_2027_GUJ_UNI_UG_BFA_Y1,DRONA_TRUST_GSEB_DPS_2026_2027_GUJ,grade,BFA (Fine Arts) - Y1,DRONA_TRUST_GSEB_DPS_2026_2027_GUJ_UNI_UG_BFA_Y1,Drona Education Trust / Gujarat Board Education / Drona Public School / Academic Year 2026-2027 / Gujarati Medium / BFA (Fine Arts) - Y1,1,BFA (Fine Arts) - Y1 category.
DRONA_TRUST_GSEB_DPS_2026_2027_GUJ_UNI_UG_BFA_Y1_ART,DRONA_TRUST_GSEB_DPS_2026_2027_GUJ_UNI_UG_BFA_Y1,stream,Humanities & Arts,DRONA_TRUST_GSEB_DPS_2026_2027_GUJ_UNI_UG_BFA_Y1_ART,Drona Education Trust / Gujarat Board Education / Drona Public School / Academic Year 2026-2027 / Gujarati Medium / BFA (Fine Arts) - Y1 / ART,1,Humanities & Arts stream category.
DRONA_TRUST_GSEB_DPS_2026_2027_GUJ_UNI_UG_BHM_Y1,DRONA_TRUST_GSEB_DPS_2026_2027_GUJ,grade,BHM (Hotel Management) - Y1,DRONA_TRUST_GSEB_DPS_2026_2027_GUJ_UNI_UG_BHM_Y1,Drona Education Trust / Gujarat Board Education / Drona Public School / Academic Year 2026-2027 / Gujarati Medium / BHM (Hotel Management) - Y1,1,BHM (Hotel Management) - Y1 category.
DRONA_TRUST_GSEB_DPS_2026_2027_GUJ_UNI_UG_BHM_Y1_HOS,DRONA_TRUST_GSEB_DPS_2026_2027_GUJ_UNI_UG_BHM_Y1,stream,Hospitality & Tourism,DRONA_TRUST_GSEB_DPS_2026_2027_GUJ_UNI_UG_BHM_Y1_HOS,Drona Education Trust / Gujarat Board Education / Drona Public School / Academic Year 2026-2027 / Gujarati Medium / BHM (Hotel Management) - Y1 / HOS,1,Hospitality & Tourism stream category.
DRONA_TRUST_GSEB_DPS_2026_2027_GUJ_UNI_PG_MCA_Y1,DRONA_TRUST_GSEB_DPS_2026_2027_GUJ,grade,MCA (Master of Computer Applications) - Y1,DRONA_TRUST_GSEB_DPS_2026_2027_GUJ_UNI_PG_MCA_Y1,Drona Education Trust / Gujarat Board Education / Drona Public School / Academic Year 2026-2027 / Gujarati Medium / MCA (Master of Computer Applications) - Y1,1,MCA (Master of Computer Applications) - Y1 category.
DRONA_TRUST_GSEB_DPS_2026_2027_GUJ_UNI_PG_MCA_Y1_CSA,DRONA_TRUST_GSEB_DPS_2026_2027_GUJ_UNI_PG_MCA_Y1,stream,Computer Applications,DRONA_TRUST_GSEB_DPS_2026_2027_GUJ_UNI_PG_MCA_Y1_CSA,Drona Education Trust / Gujarat Board Education / Drona Public School / Academic Year 2026-2027 / Gujarati Medium / MCA (Master of Computer Applications) - Y1 / CSA,1,Computer Applications stream category.
DRONA_TRUST_GSEB_DPS_2026_2027_GUJ_UNI_PG_MCA_Y2,DRONA_TRUST_GSEB_DPS_2026_2027_GUJ,grade,MCA (Master of Computer Applications) - Y2,DRONA_TRUST_GSEB_DPS_2026_2027_GUJ_UNI_PG_MCA_Y2,Drona Education Trust / Gujarat Board Education / Drona Public School / Academic Year 2026-2027 / Gujarati Medium / MCA (Master of Computer Applications) - Y2,1,MCA (Master of Computer Applications) - Y2 category.
DRONA_TRUST_GSEB_DPS_2026_2027_GUJ_UNI_PG_MCA_Y2_CSA,DRONA_TRUST_GSEB_DPS_2026_2027_GUJ_UNI_PG_MCA_Y2,stream,Computer Applications,DRONA_TRUST_GSEB_DPS_2026_2027_GUJ_UNI_PG_MCA_Y2_CSA,Drona Education Trust / Gujarat Board Education / Drona Public School / Academic Year 2026-2027 / Gujarati Medium / MCA (Master of Computer Applications) - Y2 / CSA,1,Computer Applications stream category.
DRONA_TRUST_GSEB_DPS_2026_2027_GUJ_UNI_PG_MARCH_Y1,DRONA_TRUST_GSEB_DPS_2026_2027_GUJ,grade,M.Arch (Architecture) - Y1,DRONA_TRUST_GSEB_DPS_2026_2027_GUJ_UNI_PG_MARCH_Y1,Drona Education Trust / Gujarat Board Education / Drona Public School / Academic Year 2026-2027 / Gujarati Medium / M.Arch (Architecture) - Y1,1,M.Arch (Architecture) - Y1 category.
DRONA_TRUST_GSEB_DPS_2026_2027_GUJ_UNI_PG_MARCH_Y1_ARC,DRONA_TRUST_GSEB_DPS_2026_2027_GUJ_UNI_PG_MARCH_Y1,stream,Architecture,DRONA_TRUST_GSEB_DPS_2026_2027_GUJ_UNI_PG_MARCH_Y1_ARC,Drona Education Trust / Gujarat Board Education / Drona Public School / Academic Year 2026-2027 / Gujarati Medium / M.Arch (Architecture) - Y1 / ARC,1,Architecture stream category.
DRONA_TRUST_GSEB_DPS_2026_2027_GUJ_UNI_PG_MPT_Y1,DRONA_TRUST_GSEB_DPS_2026_2027_GUJ,grade,MPT (Physiotherapy) - Y1,DRONA_TRUST_GSEB_DPS_2026_2027_GUJ_UNI_PG_MPT_Y1,Drona Education Trust / Gujarat Board Education / Drona Public School / Academic Year 2026-2027 / Gujarati Medium / MPT (Physiotherapy) - Y1,1,MPT (Physiotherapy) - Y1 category.
DRONA_TRUST_GSEB_DPS_2026_2027_GUJ_UNI_PG_MPT_Y1_AHS,DRONA_TRUST_GSEB_DPS_2026_2027_GUJ_UNI_PG_MPT_Y1,stream,Allied Healthcare,DRONA_TRUST_GSEB_DPS_2026_2027_GUJ_UNI_PG_MPT_Y1_AHS,Drona Education Trust / Gujarat Board Education / Drona Public School / Academic Year 2026-2027 / Gujarati Medium / MPT (Physiotherapy) - Y1 / AHS,1,Allied Healthcare stream category.
DRONA_TRUST_GSEB_DPS_2026_2027_GUJ_UNI_PG_MSW_Y1,DRONA_TRUST_GSEB_DPS_2026_2027_GUJ,grade,MSW (Master of Social Work) - Y1,DRONA_TRUST_GSEB_DPS_2026_2027_GUJ_UNI_PG_MSW_Y1,Drona Education Trust / Gujarat Board Education / Drona Public School / Academic Year 2026-2027 / Gujarati Medium / MSW (Master of Social Work) - Y1,1,MSW (Master of Social Work) - Y1 category.
DRONA_TRUST_GSEB_DPS_2026_2027_GUJ_UNI_PG_MSW_Y1_ART,DRONA_TRUST_GSEB_DPS_2026_2027_GUJ_UNI_PG_MSW_Y1,stream,Humanities & Arts,DRONA_TRUST_GSEB_DPS_2026_2027_GUJ_UNI_PG_MSW_Y1_ART,Drona Education Trust / Gujarat Board Education / Drona Public School / Academic Year 2026-2027 / Gujarati Medium / MSW (Master of Social Work) - Y1 / ART,1,Humanities & Arts stream category.
DRONA_TRUST_GSEB_DPS_2026_2027_GUJ_UNI_PG_MFA_Y1,DRONA_TRUST_GSEB_DPS_2026_2027_GUJ,grade,MFA (Fine Arts) - Y1,DRONA_TRUST_GSEB_DPS_2026_2027_GUJ_UNI_PG_MFA_Y1,Drona Education Trust / Gujarat Board Education / Drona Public School / Academic Year 2026-2027 / Gujarati Medium / MFA (Fine Arts) - Y1,1,MFA (Fine Arts) - Y1 category.
DRONA_TRUST_GSEB_DPS_2026_2027_GUJ_UNI_PG_MFA_Y1_ART,DRONA_TRUST_GSEB_DPS_2026_2027_GUJ_UNI_PG_MFA_Y1,stream,Humanities & Arts,DRONA_TRUST_GSEB_DPS_2026_2027_GUJ_UNI_PG_MFA_Y1_ART,Drona Education Trust / Gujarat Board Education / Drona Public School / Academic Year 2026-2027 / Gujarati Medium / MFA (Fine Arts) - Y1 / ART,1,Humanities & Arts stream category.
DRONA_TRUST_GSEB_DPS_2026_2027_GUJ_UNI_PG_MCOM_Y1,DRONA_TRUST_GSEB_DPS_2026_2027_GUJ,grade,M.Com (Master of Commerce) - Y1,DRONA_TRUST_GSEB_DPS_2026_2027_GUJ_UNI_PG_MCOM_Y1,Drona Education Trust / Gujarat Board Education / Drona Public School / Academic Year 2026-2027 / Gujarati Medium / M.Com (Master of Commerce) - Y1,1,M.Com (Master of Commerce) - Y1 category.
DRONA_TRUST_GSEB_DPS_2026_2027_GUJ_UNI_PG_MCOM_Y1_PRO_FIN,DRONA_TRUST_GSEB_DPS_2026_2027_GUJ_UNI_PG_MCOM_Y1,stream,Commerce & Finance,DRONA_TRUST_GSEB_DPS_2026_2027_GUJ_UNI_PG_MCOM_Y1_PRO_FIN,Drona Education Trust / Gujarat Board Education / Drona Public School / Academic Year 2026-2027 / Gujarati Medium / M.Com (Master of Commerce) - Y1 / PRO_FIN,1,Commerce & Finance stream category.
DRONA_TRUST_GSEB_DPS_2026_2027_GUJ_LMS_CERT_FSD,DRONA_TRUST_GSEB_DPS_2026_2027_GUJ,grade,PG Certification in Full Stack Development,DRONA_TRUST_GSEB_DPS_2026_2027_GUJ_LMS_CERT_FSD,Drona Education Trust / Gujarat Board Education / Drona Public School / Academic Year 2026-2027 / Gujarati Medium / PG Certification in Full Stack Development,1,PG Certification in Full Stack Development category.
DRONA_TRUST_GSEB_DPS_2026_2027_GUJ_LMS_CERT_FSD_CSA,DRONA_TRUST_GSEB_DPS_2026_2027_GUJ_LMS_CERT_FSD,stream,Computer Applications,DRONA_TRUST_GSEB_DPS_2026_2027_GUJ_LMS_CERT_FSD_CSA,Drona Education Trust / Gujarat Board Education / Drona Public School / Academic Year 2026-2027 / Gujarati Medium / PG Certification in Full Stack Development / CSA,1,Computer Applications stream category.
DRONA_TRUST_GSEB_DPS_2026_2027_GUJ_LMS_CERT_DATA,DRONA_TRUST_GSEB_DPS_2026_2027_GUJ,grade,Executive PG in Data Science,DRONA_TRUST_GSEB_DPS_2026_2027_GUJ_LMS_CERT_DATA,Drona Education Trust / Gujarat Board Education / Drona Public School / Academic Year 2026-2027 / Gujarati Medium / Executive PG in Data Science,1,Executive PG in Data Science category.
DRONA_TRUST_GSEB_DPS_2026_2027_GUJ_LMS_CERT_DATA_AIE,DRONA_TRUST_GSEB_DPS_2026_2027_GUJ_LMS_CERT_DATA,stream,Artificial Intelligence,DRONA_TRUST_GSEB_DPS_2026_2027_GUJ_LMS_CERT_DATA_AIE,Drona Education Trust / Gujarat Board Education / Drona Public School / Academic Year 2026-2027 / Gujarati Medium / Executive PG in Data Science / AIE,1,Artificial Intelligence stream category.
DRONA_TRUST_GSEB_DPS_2026_2027_GUJ_LMS_CERT_CLOUD,DRONA_TRUST_GSEB_DPS_2026_2027_GUJ,grade,Cloud Architect Certification (AWS/Azure),DRONA_TRUST_GSEB_DPS_2026_2027_GUJ_LMS_CERT_CLOUD,Drona Education Trust / Gujarat Board Education / Drona Public School / Academic Year 2026-2027 / Gujarati Medium / Cloud Architect Certification (AWS/Azure),1,Cloud Architect Certification (AWS/Azure) category.
DRONA_TRUST_GSEB_DPS_2026_2027_GUJ_LMS_CERT_CLOUD_ENG,DRONA_TRUST_GSEB_DPS_2026_2027_GUJ_LMS_CERT_CLOUD,stream,Engineering & Tech,DRONA_TRUST_GSEB_DPS_2026_2027_GUJ_LMS_CERT_CLOUD_ENG,Drona Education Trust / Gujarat Board Education / Drona Public School / Academic Year 2026-2027 / Gujarati Medium / Cloud Architect Certification (AWS/Azure) / ENG,1,Engineering & Tech stream category.
DRONA_TRUST_GSEB_DPS_2026_2027_GUJ_LMS_CERT_MLOPS,DRONA_TRUST_GSEB_DPS_2026_2027_GUJ,grade,Advanced Certification in MLOps,DRONA_TRUST_GSEB_DPS_2026_2027_GUJ_LMS_CERT_MLOPS,Drona Education Trust / Gujarat Board Education / Drona Public School / Academic Year 2026-2027 / Gujarati Medium / Advanced Certification in MLOps,1,Advanced Certification in MLOps category.
DRONA_TRUST_GSEB_DPS_2026_2027_GUJ_LMS_CERT_MLOPS_AIE,DRONA_TRUST_GSEB_DPS_2026_2027_GUJ_LMS_CERT_MLOPS,stream,Artificial Intelligence,DRONA_TRUST_GSEB_DPS_2026_2027_GUJ_LMS_CERT_MLOPS_AIE,Drona Education Trust / Gujarat Board Education / Drona Public School / Academic Year 2026-2027 / Gujarati Medium / Advanced Certification in MLOps / AIE,1,Artificial Intelligence stream category.
DRONA_TRUST_GSEB_DPS_2026_2027_GUJ_LMS_CERT_PM,DRONA_TRUST_GSEB_DPS_2026_2027_GUJ,grade,PG Certificate in Product Management,DRONA_TRUST_GSEB_DPS_2026_2027_GUJ_LMS_CERT_PM,Drona Education Trust / Gujarat Board Education / Drona Public School / Academic Year 2026-2027 / Gujarati Medium / PG Certificate in Product Management,1,PG Certificate in Product Management category.
DRONA_TRUST_GSEB_DPS_2026_2027_GUJ_LMS_CERT_PM_MGT,DRONA_TRUST_GSEB_DPS_2026_2027_GUJ_LMS_CERT_PM,stream,Management & Biz,DRONA_TRUST_GSEB_DPS_2026_2027_GUJ_LMS_CERT_PM_MGT,Drona Education Trust / Gujarat Board Education / Drona Public School / Academic Year 2026-2027 / Gujarati Medium / PG Certificate in Product Management / MGT,1,Management & Biz stream category.
DRONA_TRUST_GSEB_DPS_2026_2027_GUJ_LMS_CERT_AGILE,DRONA_TRUST_GSEB_DPS_2026_2027_GUJ,grade,Certified Scrum Master (CSM/Agile),DRONA_TRUST_GSEB_DPS_2026_2027_GUJ_LMS_CERT_AGILE,Drona Education Trust / Gujarat Board Education / Drona Public School / Academic Year 2026-2027 / Gujarati Medium / Certified Scrum Master (CSM/Agile),1,Certified Scrum Master (CSM/Agile) category.
DRONA_TRUST_GSEB_DPS_2026_2027_GUJ_LMS_CERT_AGILE_MGT,DRONA_TRUST_GSEB_DPS_2026_2027_GUJ_LMS_CERT_AGILE,stream,Management & Biz,DRONA_TRUST_GSEB_DPS_2026_2027_GUJ_LMS_CERT_AGILE_MGT,Drona Education Trust / Gujarat Board Education / Drona Public School / Academic Year 2026-2027 / Gujarati Medium / Certified Scrum Master (CSM/Agile) / MGT,1,Management & Biz stream category.
DRONA_TRUST_GSEB_DPS_2026_2027_GUJ_LMS_CERT_CYBER,DRONA_TRUST_GSEB_DPS_2026_2027_GUJ,grade,Certified Ethical Hacker (CEH),DRONA_TRUST_GSEB_DPS_2026_2027_GUJ_LMS_CERT_CYBER,Drona Education Trust / Gujarat Board Education / Drona Public School / Academic Year 2026-2027 / Gujarati Medium / Certified Ethical Hacker (CEH),1,Certified Ethical Hacker (CEH) category.
DRONA_TRUST_GSEB_DPS_2026_2027_GUJ_LMS_CERT_CYBER_CSA,DRONA_TRUST_GSEB_DPS_2026_2027_GUJ_LMS_CERT_CYBER,stream,Computer Applications,DRONA_TRUST_GSEB_DPS_2026_2027_GUJ_LMS_CERT_CYBER_CSA,Drona Education Trust / Gujarat Board Education / Drona Public School / Academic Year 2026-2027 / Gujarati Medium / Certified Ethical Hacker (CEH) / CSA,1,Computer Applications stream category.
DRONA_TRUST_GSEB_DPS_2026_2027_GUJ_LMS_CERT_WEB3,DRONA_TRUST_GSEB_DPS_2026_2027_GUJ,grade,Certification in Blockchain & Web3,DRONA_TRUST_GSEB_DPS_2026_2027_GUJ_LMS_CERT_WEB3,Drona Education Trust / Gujarat Board Education / Drona Public School / Academic Year 2026-2027 / Gujarati Medium / Certification in Blockchain & Web3,1,Certification in Blockchain & Web3 category.
DRONA_TRUST_GSEB_DPS_2026_2027_GUJ_LMS_CERT_WEB3_EMG,DRONA_TRUST_GSEB_DPS_2026_2027_GUJ_LMS_CERT_WEB3,stream,Emerging Tech,DRONA_TRUST_GSEB_DPS_2026_2027_GUJ_LMS_CERT_WEB3_EMG,Drona Education Trust / Gujarat Board Education / Drona Public School / Academic Year 2026-2027 / Gujarati Medium / Certification in Blockchain & Web3 / EMG,1,Emerging Tech stream category.
DRONA_TRUST_GSEB_DPS_2026_2027_GUJ_LMS_CERT_DIGMKT,DRONA_TRUST_GSEB_DPS_2026_2027_GUJ,grade,Advanced Digital Marketing Certification,DRONA_TRUST_GSEB_DPS_2026_2027_GUJ_LMS_CERT_DIGMKT,Drona Education Trust / Gujarat Board Education / Drona Public School / Academic Year 2026-2027 / Gujarati Medium / Advanced Digital Marketing Certification,1,Advanced Digital Marketing Certification category.
DRONA_TRUST_GSEB_DPS_2026_2027_GUJ_LMS_CERT_DIGMKT_MKT,DRONA_TRUST_GSEB_DPS_2026_2027_GUJ_LMS_CERT_DIGMKT,stream,Marketing & Biz,DRONA_TRUST_GSEB_DPS_2026_2027_GUJ_LMS_CERT_DIGMKT_MKT,Drona Education Trust / Gujarat Board Education / Drona Public School / Academic Year 2026-2027 / Gujarati Medium / Advanced Digital Marketing Certification / MKT,1,Marketing & Biz stream category.
DRONA_TRUST_GSEB_DPS_2026_2027_HIN,DRONA_TRUST_GSEB_DPS_2026_2027,medium,Hindi Medium,DRONA_TRUST_GSEB_DPS_2026_2027_HIN,Drona Education Trust / Gujarat Board Education / Drona Public School / Academic Year 2026-2027 / Hindi Medium,1,Hindi Medium category for 2026-2027.
DRONA_TRUST_GSEB_DPS_2026_2027_HIN_PRE01,DRONA_TRUST_GSEB_DPS_2026_2027_HIN,grade,Nursery,DRONA_TRUST_GSEB_DPS_2026_2027_HIN_PRE01,Drona Education Trust / Gujarat Board Education / Drona Public School / Academic Year 2026-2027 / Hindi Medium / Nursery,1,Nursery category.
DRONA_TRUST_GSEB_DPS_2026_2027_HIN_PRE01_GEN,DRONA_TRUST_GSEB_DPS_2026_2027_HIN_PRE01,stream,General,DRONA_TRUST_GSEB_DPS_2026_2027_HIN_PRE01_GEN,Drona Education Trust / Gujarat Board Education / Drona Public School / Academic Year 2026-2027 / Hindi Medium / Nursery / GEN,1,General stream category.
DRONA_TRUST_GSEB_DPS_2026_2027_HIN_PRE02,DRONA_TRUST_GSEB_DPS_2026_2027_HIN,grade,Preschool,DRONA_TRUST_GSEB_DPS_2026_2027_HIN_PRE02,Drona Education Trust / Gujarat Board Education / Drona Public School / Academic Year 2026-2027 / Hindi Medium / Preschool,1,Preschool category.
DRONA_TRUST_GSEB_DPS_2026_2027_HIN_PRE02_GEN,DRONA_TRUST_GSEB_DPS_2026_2027_HIN_PRE02,stream,General,DRONA_TRUST_GSEB_DPS_2026_2027_HIN_PRE02_GEN,Drona Education Trust / Gujarat Board Education / Drona Public School / Academic Year 2026-2027 / Hindi Medium / Preschool / GEN,1,General stream category.
DRONA_TRUST_GSEB_DPS_2026_2027_HIN_PRE03,DRONA_TRUST_GSEB_DPS_2026_2027_HIN,grade,LKG (Lower Kindergarten),DRONA_TRUST_GSEB_DPS_2026_2027_HIN_PRE03,Drona Education Trust / Gujarat Board Education / Drona Public School / Academic Year 2026-2027 / Hindi Medium / LKG (Lower Kindergarten),1,LKG (Lower Kindergarten) category.
DRONA_TRUST_GSEB_DPS_2026_2027_HIN_PRE03_GEN,DRONA_TRUST_GSEB_DPS_2026_2027_HIN_PRE03,stream,General,DRONA_TRUST_GSEB_DPS_2026_2027_HIN_PRE03_GEN,Drona Education Trust / Gujarat Board Education / Drona Public School / Academic Year 2026-2027 / Hindi Medium / LKG (Lower Kindergarten) / GEN,1,General stream category.
DRONA_TRUST_GSEB_DPS_2026_2027_HIN_PRE04,DRONA_TRUST_GSEB_DPS_2026_2027_HIN,grade,UKG (Upper Kindergarten),DRONA_TRUST_GSEB_DPS_2026_2027_HIN_PRE04,Drona Education Trust / Gujarat Board Education / Drona Public School / Academic Year 2026-2027 / Hindi Medium / UKG (Upper Kindergarten),1,UKG (Upper Kindergarten) category.
DRONA_TRUST_GSEB_DPS_2026_2027_HIN_PRE04_GEN,DRONA_TRUST_GSEB_DPS_2026_2027_HIN_PRE04,stream,General,DRONA_TRUST_GSEB_DPS_2026_2027_HIN_PRE04_GEN,Drona Education Trust / Gujarat Board Education / Drona Public School / Academic Year 2026-2027 / Hindi Medium / UKG (Upper Kindergarten) / GEN,1,General stream category.
DRONA_TRUST_GSEB_DPS_2026_2027_HIN_STD01,DRONA_TRUST_GSEB_DPS_2026_2027_HIN,grade,Standard 1,DRONA_TRUST_GSEB_DPS_2026_2027_HIN_STD01,Drona Education Trust / Gujarat Board Education / Drona Public School / Academic Year 2026-2027 / Hindi Medium / Standard 1,1,Standard 1 category.
DRONA_TRUST_GSEB_DPS_2026_2027_HIN_STD01_GEN,DRONA_TRUST_GSEB_DPS_2026_2027_HIN_STD01,stream,General,DRONA_TRUST_GSEB_DPS_2026_2027_HIN_STD01_GEN,Drona Education Trust / Gujarat Board Education / Drona Public School / Academic Year 2026-2027 / Hindi Medium / Standard 1 / GEN,1,General stream category.
DRONA_TRUST_GSEB_DPS_2026_2027_HIN_STD02,DRONA_TRUST_GSEB_DPS_2026_2027_HIN,grade,Standard 2,DRONA_TRUST_GSEB_DPS_2026_2027_HIN_STD02,Drona Education Trust / Gujarat Board Education / Drona Public School / Academic Year 2026-2027 / Hindi Medium / Standard 2,1,Standard 2 category.
DRONA_TRUST_GSEB_DPS_2026_2027_HIN_STD02_GEN,DRONA_TRUST_GSEB_DPS_2026_2027_HIN_STD02,stream,General,DRONA_TRUST_GSEB_DPS_2026_2027_HIN_STD02_GEN,Drona Education Trust / Gujarat Board Education / Drona Public School / Academic Year 2026-2027 / Hindi Medium / Standard 2 / GEN,1,General stream category.
DRONA_TRUST_GSEB_DPS_2026_2027_HIN_STD03,DRONA_TRUST_GSEB_DPS_2026_2027_HIN,grade,Standard 3,DRONA_TRUST_GSEB_DPS_2026_2027_HIN_STD03,Drona Education Trust / Gujarat Board Education / Drona Public School / Academic Year 2026-2027 / Hindi Medium / Standard 3,1,Standard 3 category.
DRONA_TRUST_GSEB_DPS_2026_2027_HIN_STD03_GEN,DRONA_TRUST_GSEB_DPS_2026_2027_HIN_STD03,stream,General,DRONA_TRUST_GSEB_DPS_2026_2027_HIN_STD03_GEN,Drona Education Trust / Gujarat Board Education / Drona Public School / Academic Year 2026-2027 / Hindi Medium / Standard 3 / GEN,1,General stream category.
DRONA_TRUST_GSEB_DPS_2026_2027_HIN_STD04,DRONA_TRUST_GSEB_DPS_2026_2027_HIN,grade,Standard 4,DRONA_TRUST_GSEB_DPS_2026_2027_HIN_STD04,Drona Education Trust / Gujarat Board Education / Drona Public School / Academic Year 2026-2027 / Hindi Medium / Standard 4,1,Standard 4 category.
DRONA_TRUST_GSEB_DPS_2026_2027_HIN_STD04_GEN,DRONA_TRUST_GSEB_DPS_2026_2027_HIN_STD04,stream,General,DRONA_TRUST_GSEB_DPS_2026_2027_HIN_STD04_GEN,Drona Education Trust / Gujarat Board Education / Drona Public School / Academic Year 2026-2027 / Hindi Medium / Standard 4 / GEN,1,General stream category.
DRONA_TRUST_GSEB_DPS_2026_2027_HIN_STD05,DRONA_TRUST_GSEB_DPS_2026_2027_HIN,grade,Standard 5,DRONA_TRUST_GSEB_DPS_2026_2027_HIN_STD05,Drona Education Trust / Gujarat Board Education / Drona Public School / Academic Year 2026-2027 / Hindi Medium / Standard 5,1,Standard 5 category.
DRONA_TRUST_GSEB_DPS_2026_2027_HIN_STD05_GEN,DRONA_TRUST_GSEB_DPS_2026_2027_HIN_STD05,stream,General,DRONA_TRUST_GSEB_DPS_2026_2027_HIN_STD05_GEN,Drona Education Trust / Gujarat Board Education / Drona Public School / Academic Year 2026-2027 / Hindi Medium / Standard 5 / GEN,1,General stream category.
DRONA_TRUST_GSEB_DPS_2026_2027_HIN_STD06,DRONA_TRUST_GSEB_DPS_2026_2027_HIN,grade,Standard 6,DRONA_TRUST_GSEB_DPS_2026_2027_HIN_STD06,Drona Education Trust / Gujarat Board Education / Drona Public School / Academic Year 2026-2027 / Hindi Medium / Standard 6,1,Standard 6 category.
DRONA_TRUST_GSEB_DPS_2026_2027_HIN_STD06_GEN,DRONA_TRUST_GSEB_DPS_2026_2027_HIN_STD06,stream,General,DRONA_TRUST_GSEB_DPS_2026_2027_HIN_STD06_GEN,Drona Education Trust / Gujarat Board Education / Drona Public School / Academic Year 2026-2027 / Hindi Medium / Standard 6 / GEN,1,General stream category.
DRONA_TRUST_GSEB_DPS_2026_2027_HIN_STD07,DRONA_TRUST_GSEB_DPS_2026_2027_HIN,grade,Standard 7,DRONA_TRUST_GSEB_DPS_2026_2027_HIN_STD07,Drona Education Trust / Gujarat Board Education / Drona Public School / Academic Year 2026-2027 / Hindi Medium / Standard 7,1,Standard 7 category.
DRONA_TRUST_GSEB_DPS_2026_2027_HIN_STD07_GEN,DRONA_TRUST_GSEB_DPS_2026_2027_HIN_STD07,stream,General,DRONA_TRUST_GSEB_DPS_2026_2027_HIN_STD07_GEN,Drona Education Trust / Gujarat Board Education / Drona Public School / Academic Year 2026-2027 / Hindi Medium / Standard 7 / GEN,1,General stream category.
DRONA_TRUST_GSEB_DPS_2026_2027_HIN_STD08,DRONA_TRUST_GSEB_DPS_2026_2027_HIN,grade,Standard 8,DRONA_TRUST_GSEB_DPS_2026_2027_HIN_STD08,Drona Education Trust / Gujarat Board Education / Drona Public School / Academic Year 2026-2027 / Hindi Medium / Standard 8,1,Standard 8 category.
DRONA_TRUST_GSEB_DPS_2026_2027_HIN_STD08_GEN,DRONA_TRUST_GSEB_DPS_2026_2027_HIN_STD08,stream,General,DRONA_TRUST_GSEB_DPS_2026_2027_HIN_STD08_GEN,Drona Education Trust / Gujarat Board Education / Drona Public School / Academic Year 2026-2027 / Hindi Medium / Standard 8 / GEN,1,General stream category.
DRONA_TRUST_GSEB_DPS_2026_2027_HIN_STD09,DRONA_TRUST_GSEB_DPS_2026_2027_HIN,grade,Standard 9,DRONA_TRUST_GSEB_DPS_2026_2027_HIN_STD09,Drona Education Trust / Gujarat Board Education / Drona Public School / Academic Year 2026-2027 / Hindi Medium / Standard 9,1,Standard 9 category.
DRONA_TRUST_GSEB_DPS_2026_2027_HIN_STD09_GEN,DRONA_TRUST_GSEB_DPS_2026_2027_HIN_STD09,stream,General,DRONA_TRUST_GSEB_DPS_2026_2027_HIN_STD09_GEN,Drona Education Trust / Gujarat Board Education / Drona Public School / Academic Year 2026-2027 / Hindi Medium / Standard 9 / GEN,1,General stream category.
DRONA_TRUST_GSEB_DPS_2026_2027_HIN_STD10,DRONA_TRUST_GSEB_DPS_2026_2027_HIN,grade,Standard 10,DRONA_TRUST_GSEB_DPS_2026_2027_HIN_STD10,Drona Education Trust / Gujarat Board Education / Drona Public School / Academic Year 2026-2027 / Hindi Medium / Standard 10,1,Standard 10 category.
DRONA_TRUST_GSEB_DPS_2026_2027_HIN_STD10_GEN,DRONA_TRUST_GSEB_DPS_2026_2027_HIN_STD10,stream,General,DRONA_TRUST_GSEB_DPS_2026_2027_HIN_STD10_GEN,Drona Education Trust / Gujarat Board Education / Drona Public School / Academic Year 2026-2027 / Hindi Medium / Standard 10 / GEN,1,General stream category.
DRONA_TRUST_GSEB_DPS_2026_2027_HIN_STD11_SCI,DRONA_TRUST_GSEB_DPS_2026_2027_HIN,grade,Standard 11 (Science),DRONA_TRUST_GSEB_DPS_2026_2027_HIN_STD11_SCI,Drona Education Trust / Gujarat Board Education / Drona Public School / Academic Year 2026-2027 / Hindi Medium / Standard 11 (Science),1,Standard 11 (Science) category.
DRONA_TRUST_GSEB_DPS_2026_2027_HIN_STD11_SCI_SCI,DRONA_TRUST_GSEB_DPS_2026_2027_HIN_STD11_SCI,stream,Pure Sciences,DRONA_TRUST_GSEB_DPS_2026_2027_HIN_STD11_SCI_SCI,Drona Education Trust / Gujarat Board Education / Drona Public School / Academic Year 2026-2027 / Hindi Medium / Standard 11 (Science) / SCI,1,Pure Sciences stream category.
DRONA_TRUST_GSEB_DPS_2026_2027_HIN_STD11_COM,DRONA_TRUST_GSEB_DPS_2026_2027_HIN,grade,Standard 11 (Commerce),DRONA_TRUST_GSEB_DPS_2026_2027_HIN_STD11_COM,Drona Education Trust / Gujarat Board Education / Drona Public School / Academic Year 2026-2027 / Hindi Medium / Standard 11 (Commerce),1,Standard 11 (Commerce) category.
DRONA_TRUST_GSEB_DPS_2026_2027_HIN_STD11_COM_COM,DRONA_TRUST_GSEB_DPS_2026_2027_HIN_STD11_COM,stream,Commerce & Biz,DRONA_TRUST_GSEB_DPS_2026_2027_HIN_STD11_COM_COM,Drona Education Trust / Gujarat Board Education / Drona Public School / Academic Year 2026-2027 / Hindi Medium / Standard 11 (Commerce) / COM,1,Commerce & Biz stream category.
DRONA_TRUST_GSEB_DPS_2026_2027_HIN_STD11_ART,DRONA_TRUST_GSEB_DPS_2026_2027_HIN,grade,Standard 11 (Arts),DRONA_TRUST_GSEB_DPS_2026_2027_HIN_STD11_ART,Drona Education Trust / Gujarat Board Education / Drona Public School / Academic Year 2026-2027 / Hindi Medium / Standard 11 (Arts),1,Standard 11 (Arts) category.
DRONA_TRUST_GSEB_DPS_2026_2027_HIN_STD11_ART_ART,DRONA_TRUST_GSEB_DPS_2026_2027_HIN_STD11_ART,stream,Humanities & Arts,DRONA_TRUST_GSEB_DPS_2026_2027_HIN_STD11_ART_ART,Drona Education Trust / Gujarat Board Education / Drona Public School / Academic Year 2026-2027 / Hindi Medium / Standard 11 (Arts) / ART,1,Humanities & Arts stream category.
DRONA_TRUST_GSEB_DPS_2026_2027_HIN_STD12_SCI,DRONA_TRUST_GSEB_DPS_2026_2027_HIN,grade,Standard 12 (Science),DRONA_TRUST_GSEB_DPS_2026_2027_HIN_STD12_SCI,Drona Education Trust / Gujarat Board Education / Drona Public School / Academic Year 2026-2027 / Hindi Medium / Standard 12 (Science),1,Standard 12 (Science) category.
DRONA_TRUST_GSEB_DPS_2026_2027_HIN_STD12_SCI_SCI,DRONA_TRUST_GSEB_DPS_2026_2027_HIN_STD12_SCI,stream,Pure Sciences,DRONA_TRUST_GSEB_DPS_2026_2027_HIN_STD12_SCI_SCI,Drona Education Trust / Gujarat Board Education / Drona Public School / Academic Year 2026-2027 / Hindi Medium / Standard 12 (Science) / SCI,1,Pure Sciences stream category.
DRONA_TRUST_GSEB_DPS_2026_2027_HIN_STD12_COM,DRONA_TRUST_GSEB_DPS_2026_2027_HIN,grade,Standard 12 (Commerce),DRONA_TRUST_GSEB_DPS_2026_2027_HIN_STD12_COM,Drona Education Trust / Gujarat Board Education / Drona Public School / Academic Year 2026-2027 / Hindi Medium / Standard 12 (Commerce),1,Standard 12 (Commerce) category.
DRONA_TRUST_GSEB_DPS_2026_2027_HIN_STD12_COM_COM,DRONA_TRUST_GSEB_DPS_2026_2027_HIN_STD12_COM,stream,Commerce & Biz,DRONA_TRUST_GSEB_DPS_2026_2027_HIN_STD12_COM_COM,Drona Education Trust / Gujarat Board Education / Drona Public School / Academic Year 2026-2027 / Hindi Medium / Standard 12 (Commerce) / COM,1,Commerce & Biz stream category.
DRONA_TRUST_GSEB_DPS_2026_2027_HIN_STD12_ART,DRONA_TRUST_GSEB_DPS_2026_2027_HIN,grade,Standard 12 (Arts),DRONA_TRUST_GSEB_DPS_2026_2027_HIN_STD12_ART,Drona Education Trust / Gujarat Board Education / Drona Public School / Academic Year 2026-2027 / Hindi Medium / Standard 12 (Arts),1,Standard 12 (Arts) category.
DRONA_TRUST_GSEB_DPS_2026_2027_HIN_STD12_ART_ART,DRONA_TRUST_GSEB_DPS_2026_2027_HIN_STD12_ART,stream,Humanities & Arts,DRONA_TRUST_GSEB_DPS_2026_2027_HIN_STD12_ART_ART,Drona Education Trust / Gujarat Board Education / Drona Public School / Academic Year 2026-2027 / Hindi Medium / Standard 12 (Arts) / ART,1,Humanities & Arts stream category.
DRONA_TRUST_GSEB_DPS_2026_2027_HIN_ITI_ELEC,DRONA_TRUST_GSEB_DPS_2026_2027_HIN,grade,ITI Electrician (Vocational),DRONA_TRUST_GSEB_DPS_2026_2027_HIN_ITI_ELEC,Drona Education Trust / Gujarat Board Education / Drona Public School / Academic Year 2026-2027 / Hindi Medium / ITI Electrician (Vocational),1,ITI Electrician (Vocational) category.
DRONA_TRUST_GSEB_DPS_2026_2027_HIN_ITI_ELEC_VOC_IND,DRONA_TRUST_GSEB_DPS_2026_2027_HIN_ITI_ELEC,stream,Industrial Training,DRONA_TRUST_GSEB_DPS_2026_2027_HIN_ITI_ELEC_VOC_IND,Drona Education Trust / Gujarat Board Education / Drona Public School / Academic Year 2026-2027 / Hindi Medium / ITI Electrician (Vocational) / VOC_IND,1,Industrial Training stream category.
DRONA_TRUST_GSEB_DPS_2026_2027_HIN_ITI_FIT,DRONA_TRUST_GSEB_DPS_2026_2027_HIN,grade,ITI Fitter (Vocational),DRONA_TRUST_GSEB_DPS_2026_2027_HIN_ITI_FIT,Drona Education Trust / Gujarat Board Education / Drona Public School / Academic Year 2026-2027 / Hindi Medium / ITI Fitter (Vocational),1,ITI Fitter (Vocational) category.
DRONA_TRUST_GSEB_DPS_2026_2027_HIN_ITI_FIT_VOC_IND,DRONA_TRUST_GSEB_DPS_2026_2027_HIN_ITI_FIT,stream,Industrial Training,DRONA_TRUST_GSEB_DPS_2026_2027_HIN_ITI_FIT_VOC_IND,Drona Education Trust / Gujarat Board Education / Drona Public School / Academic Year 2026-2027 / Hindi Medium / ITI Fitter (Vocational) / VOC_IND,1,Industrial Training stream category.
DRONA_TRUST_GSEB_DPS_2026_2027_HIN_POLY_ME_Y1,DRONA_TRUST_GSEB_DPS_2026_2027_HIN,grade,Polytechnic Diploma Mechanical - Y1,DRONA_TRUST_GSEB_DPS_2026_2027_HIN_POLY_ME_Y1,Drona Education Trust / Gujarat Board Education / Drona Public School / Academic Year 2026-2027 / Hindi Medium / Polytechnic Diploma Mechanical - Y1,1,Polytechnic Diploma Mechanical - Y1 category.
DRONA_TRUST_GSEB_DPS_2026_2027_HIN_POLY_ME_Y1_ENG,DRONA_TRUST_GSEB_DPS_2026_2027_HIN_POLY_ME_Y1,stream,Engineering & Tech,DRONA_TRUST_GSEB_DPS_2026_2027_HIN_POLY_ME_Y1_ENG,Drona Education Trust / Gujarat Board Education / Drona Public School / Academic Year 2026-2027 / Hindi Medium / Polytechnic Diploma Mechanical - Y1 / ENG,1,Engineering & Tech stream category.
DRONA_TRUST_GSEB_DPS_2026_2027_HIN_POLY_ME_Y2,DRONA_TRUST_GSEB_DPS_2026_2027_HIN,grade,Polytechnic Diploma Mechanical - Y2,DRONA_TRUST_GSEB_DPS_2026_2027_HIN_POLY_ME_Y2,Drona Education Trust / Gujarat Board Education / Drona Public School / Academic Year 2026-2027 / Hindi Medium / Polytechnic Diploma Mechanical - Y2,1,Polytechnic Diploma Mechanical - Y2 category.
DRONA_TRUST_GSEB_DPS_2026_2027_HIN_POLY_ME_Y2_ENG,DRONA_TRUST_GSEB_DPS_2026_2027_HIN_POLY_ME_Y2,stream,Engineering & Tech,DRONA_TRUST_GSEB_DPS_2026_2027_HIN_POLY_ME_Y2_ENG,Drona Education Trust / Gujarat Board Education / Drona Public School / Academic Year 2026-2027 / Hindi Medium / Polytechnic Diploma Mechanical - Y2 / ENG,1,Engineering & Tech stream category.
DRONA_TRUST_GSEB_DPS_2026_2027_HIN_POLY_ME_Y3,DRONA_TRUST_GSEB_DPS_2026_2027_HIN,grade,Polytechnic Diploma Mechanical - Y3,DRONA_TRUST_GSEB_DPS_2026_2027_HIN_POLY_ME_Y3,Drona Education Trust / Gujarat Board Education / Drona Public School / Academic Year 2026-2027 / Hindi Medium / Polytechnic Diploma Mechanical - Y3,1,Polytechnic Diploma Mechanical - Y3 category.
DRONA_TRUST_GSEB_DPS_2026_2027_HIN_POLY_ME_Y3_ENG,DRONA_TRUST_GSEB_DPS_2026_2027_HIN_POLY_ME_Y3,stream,Engineering & Tech,DRONA_TRUST_GSEB_DPS_2026_2027_HIN_POLY_ME_Y3_ENG,Drona Education Trust / Gujarat Board Education / Drona Public School / Academic Year 2026-2027 / Hindi Medium / Polytechnic Diploma Mechanical - Y3 / ENG,1,Engineering & Tech stream category.
DRONA_TRUST_GSEB_DPS_2026_2027_HIN_POLY_CE_Y1,DRONA_TRUST_GSEB_DPS_2026_2027_HIN,grade,Polytechnic Diploma Civil - Y1,DRONA_TRUST_GSEB_DPS_2026_2027_HIN_POLY_CE_Y1,Drona Education Trust / Gujarat Board Education / Drona Public School / Academic Year 2026-2027 / Hindi Medium / Polytechnic Diploma Civil - Y1,1,Polytechnic Diploma Civil - Y1 category.
DRONA_TRUST_GSEB_DPS_2026_2027_HIN_POLY_CE_Y1_ENG,DRONA_TRUST_GSEB_DPS_2026_2027_HIN_POLY_CE_Y1,stream,Engineering & Tech,DRONA_TRUST_GSEB_DPS_2026_2027_HIN_POLY_CE_Y1_ENG,Drona Education Trust / Gujarat Board Education / Drona Public School / Academic Year 2026-2027 / Hindi Medium / Polytechnic Diploma Civil - Y1 / ENG,1,Engineering & Tech stream category.
DRONA_TRUST_GSEB_DPS_2026_2027_HIN_POLY_CE_Y2,DRONA_TRUST_GSEB_DPS_2026_2027_HIN,grade,Polytechnic Diploma Civil - Y2,DRONA_TRUST_GSEB_DPS_2026_2027_HIN_POLY_CE_Y2,Drona Education Trust / Gujarat Board Education / Drona Public School / Academic Year 2026-2027 / Hindi Medium / Polytechnic Diploma Civil - Y2,1,Polytechnic Diploma Civil - Y2 category.
DRONA_TRUST_GSEB_DPS_2026_2027_HIN_POLY_CE_Y2_ENG,DRONA_TRUST_GSEB_DPS_2026_2027_HIN_POLY_CE_Y2,stream,Engineering & Tech,DRONA_TRUST_GSEB_DPS_2026_2027_HIN_POLY_CE_Y2_ENG,Drona Education Trust / Gujarat Board Education / Drona Public School / Academic Year 2026-2027 / Hindi Medium / Polytechnic Diploma Civil - Y2 / ENG,1,Engineering & Tech stream category.
DRONA_TRUST_GSEB_DPS_2026_2027_HIN_POLY_CE_Y3,DRONA_TRUST_GSEB_DPS_2026_2027_HIN,grade,Polytechnic Diploma Civil - Y3,DRONA_TRUST_GSEB_DPS_2026_2027_HIN_POLY_CE_Y3,Drona Education Trust / Gujarat Board Education / Drona Public School / Academic Year 2026-2027 / Hindi Medium / Polytechnic Diploma Civil - Y3,1,Polytechnic Diploma Civil - Y3 category.
DRONA_TRUST_GSEB_DPS_2026_2027_HIN_POLY_CE_Y3_ENG,DRONA_TRUST_GSEB_DPS_2026_2027_HIN_POLY_CE_Y3,stream,Engineering & Tech,DRONA_TRUST_GSEB_DPS_2026_2027_HIN_POLY_CE_Y3_ENG,Drona Education Trust / Gujarat Board Education / Drona Public School / Academic Year 2026-2027 / Hindi Medium / Polytechnic Diploma Civil - Y3 / ENG,1,Engineering & Tech stream category.
DRONA_TRUST_GSEB_DPS_2026_2027_HIN_NUR_GNM_Y1,DRONA_TRUST_GSEB_DPS_2026_2027_HIN,grade,GNM (General Nursing & Midwifery) - Y1,DRONA_TRUST_GSEB_DPS_2026_2027_HIN_NUR_GNM_Y1,Drona Education Trust / Gujarat Board Education / Drona Public School / Academic Year 2026-2027 / Hindi Medium / GNM (General Nursing & Midwifery) - Y1,1,GNM (General Nursing & Midwifery) - Y1 category.
DRONA_TRUST_GSEB_DPS_2026_2027_HIN_NUR_GNM_Y1_NUR,DRONA_TRUST_GSEB_DPS_2026_2027_HIN_NUR_GNM_Y1,stream,Nursing,DRONA_TRUST_GSEB_DPS_2026_2027_HIN_NUR_GNM_Y1_NUR,Drona Education Trust / Gujarat Board Education / Drona Public School / Academic Year 2026-2027 / Hindi Medium / GNM (General Nursing & Midwifery) - Y1 / NUR,1,Nursing stream category.
DRONA_TRUST_GSEB_DPS_2026_2027_HIN_NUR_GNM_Y2,DRONA_TRUST_GSEB_DPS_2026_2027_HIN,grade,GNM (General Nursing & Midwifery) - Y2,DRONA_TRUST_GSEB_DPS_2026_2027_HIN_NUR_GNM_Y2,Drona Education Trust / Gujarat Board Education / Drona Public School / Academic Year 2026-2027 / Hindi Medium / GNM (General Nursing & Midwifery) - Y2,1,GNM (General Nursing & Midwifery) - Y2 category.
DRONA_TRUST_GSEB_DPS_2026_2027_HIN_NUR_GNM_Y2_NUR,DRONA_TRUST_GSEB_DPS_2026_2027_HIN_NUR_GNM_Y2,stream,Nursing,DRONA_TRUST_GSEB_DPS_2026_2027_HIN_NUR_GNM_Y2_NUR,Drona Education Trust / Gujarat Board Education / Drona Public School / Academic Year 2026-2027 / Hindi Medium / GNM (General Nursing & Midwifery) - Y2 / NUR,1,Nursing stream category.
DRONA_TRUST_GSEB_DPS_2026_2027_HIN_UNI_UG_CSE_Y1,DRONA_TRUST_GSEB_DPS_2026_2027_HIN,grade,B.Tech Computer Science (AI/ML) - Y1,DRONA_TRUST_GSEB_DPS_2026_2027_HIN_UNI_UG_CSE_Y1,Drona Education Trust / Gujarat Board Education / Drona Public School / Academic Year 2026-2027 / Hindi Medium / B.Tech Computer Science (AI/ML) - Y1,1,B.Tech Computer Science (AI/ML) - Y1 category.
DRONA_TRUST_GSEB_DPS_2026_2027_HIN_UNI_UG_CSE_Y1_ENG,DRONA_TRUST_GSEB_DPS_2026_2027_HIN_UNI_UG_CSE_Y1,stream,Engineering & Tech,DRONA_TRUST_GSEB_DPS_2026_2027_HIN_UNI_UG_CSE_Y1_ENG,Drona Education Trust / Gujarat Board Education / Drona Public School / Academic Year 2026-2027 / Hindi Medium / B.Tech Computer Science (AI/ML) - Y1 / ENG,1,Engineering & Tech stream category.
DRONA_TRUST_GSEB_DPS_2026_2027_HIN_UNI_UG_CSE_Y2,DRONA_TRUST_GSEB_DPS_2026_2027_HIN,grade,B.Tech Computer Science (AI/ML) - Y2,DRONA_TRUST_GSEB_DPS_2026_2027_HIN_UNI_UG_CSE_Y2,Drona Education Trust / Gujarat Board Education / Drona Public School / Academic Year 2026-2027 / Hindi Medium / B.Tech Computer Science (AI/ML) - Y2,1,B.Tech Computer Science (AI/ML) - Y2 category.
DRONA_TRUST_GSEB_DPS_2026_2027_HIN_UNI_UG_CSE_Y2_ENG,DRONA_TRUST_GSEB_DPS_2026_2027_HIN_UNI_UG_CSE_Y2,stream,Engineering & Tech,DRONA_TRUST_GSEB_DPS_2026_2027_HIN_UNI_UG_CSE_Y2_ENG,Drona Education Trust / Gujarat Board Education / Drona Public School / Academic Year 2026-2027 / Hindi Medium / B.Tech Computer Science (AI/ML) - Y2 / ENG,1,Engineering & Tech stream category.
DRONA_TRUST_GSEB_DPS_2026_2027_HIN_UNI_UG_CSE_Y3,DRONA_TRUST_GSEB_DPS_2026_2027_HIN,grade,B.Tech Computer Science (AI/ML) - Y3,DRONA_TRUST_GSEB_DPS_2026_2027_HIN_UNI_UG_CSE_Y3,Drona Education Trust / Gujarat Board Education / Drona Public School / Academic Year 2026-2027 / Hindi Medium / B.Tech Computer Science (AI/ML) - Y3,1,B.Tech Computer Science (AI/ML) - Y3 category.
DRONA_TRUST_GSEB_DPS_2026_2027_HIN_UNI_UG_CSE_Y3_ENG,DRONA_TRUST_GSEB_DPS_2026_2027_HIN_UNI_UG_CSE_Y3,stream,Engineering & Tech,DRONA_TRUST_GSEB_DPS_2026_2027_HIN_UNI_UG_CSE_Y3_ENG,Drona Education Trust / Gujarat Board Education / Drona Public School / Academic Year 2026-2027 / Hindi Medium / B.Tech Computer Science (AI/ML) - Y3 / ENG,1,Engineering & Tech stream category.
DRONA_TRUST_GSEB_DPS_2026_2027_HIN_UNI_UG_CSE_Y4,DRONA_TRUST_GSEB_DPS_2026_2027_HIN,grade,B.Tech Computer Science (AI/ML) - Y4,DRONA_TRUST_GSEB_DPS_2026_2027_HIN_UNI_UG_CSE_Y4,Drona Education Trust / Gujarat Board Education / Drona Public School / Academic Year 2026-2027 / Hindi Medium / B.Tech Computer Science (AI/ML) - Y4,1,B.Tech Computer Science (AI/ML) - Y4 category.
DRONA_TRUST_GSEB_DPS_2026_2027_HIN_UNI_UG_CSE_Y4_ENG,DRONA_TRUST_GSEB_DPS_2026_2027_HIN_UNI_UG_CSE_Y4,stream,Engineering & Tech,DRONA_TRUST_GSEB_DPS_2026_2027_HIN_UNI_UG_CSE_Y4_ENG,Drona Education Trust / Gujarat Board Education / Drona Public School / Academic Year 2026-2027 / Hindi Medium / B.Tech Computer Science (AI/ML) - Y4 / ENG,1,Engineering & Tech stream category.
DRONA_TRUST_GSEB_DPS_2026_2027_HIN_UNI_UG_DS_Y1,DRONA_TRUST_GSEB_DPS_2026_2027_HIN,grade,B.Sc Data Science & Analytics - Y1,DRONA_TRUST_GSEB_DPS_2026_2027_HIN_UNI_UG_DS_Y1,Drona Education Trust / Gujarat Board Education / Drona Public School / Academic Year 2026-2027 / Hindi Medium / B.Sc Data Science & Analytics - Y1,1,B.Sc Data Science & Analytics - Y1 category.
DRONA_TRUST_GSEB_DPS_2026_2027_HIN_UNI_UG_DS_Y1_SCI,DRONA_TRUST_GSEB_DPS_2026_2027_HIN_UNI_UG_DS_Y1,stream,Pure Sciences,DRONA_TRUST_GSEB_DPS_2026_2027_HIN_UNI_UG_DS_Y1_SCI,Drona Education Trust / Gujarat Board Education / Drona Public School / Academic Year 2026-2027 / Hindi Medium / B.Sc Data Science & Analytics - Y1 / SCI,1,Pure Sciences stream category.
DRONA_TRUST_GSEB_DPS_2026_2027_HIN_UNI_UG_DS_Y2,DRONA_TRUST_GSEB_DPS_2026_2027_HIN,grade,B.Sc Data Science & Analytics - Y2,DRONA_TRUST_GSEB_DPS_2026_2027_HIN_UNI_UG_DS_Y2,Drona Education Trust / Gujarat Board Education / Drona Public School / Academic Year 2026-2027 / Hindi Medium / B.Sc Data Science & Analytics - Y2,1,B.Sc Data Science & Analytics - Y2 category.
DRONA_TRUST_GSEB_DPS_2026_2027_HIN_UNI_UG_DS_Y2_SCI,DRONA_TRUST_GSEB_DPS_2026_2027_HIN_UNI_UG_DS_Y2,stream,Pure Sciences,DRONA_TRUST_GSEB_DPS_2026_2027_HIN_UNI_UG_DS_Y2_SCI,Drona Education Trust / Gujarat Board Education / Drona Public School / Academic Year 2026-2027 / Hindi Medium / B.Sc Data Science & Analytics - Y2 / SCI,1,Pure Sciences stream category.
DRONA_TRUST_GSEB_DPS_2026_2027_HIN_UNI_UG_DS_Y3,DRONA_TRUST_GSEB_DPS_2026_2027_HIN,grade,B.Sc Data Science & Analytics - Y3,DRONA_TRUST_GSEB_DPS_2026_2027_HIN_UNI_UG_DS_Y3,Drona Education Trust / Gujarat Board Education / Drona Public School / Academic Year 2026-2027 / Hindi Medium / B.Sc Data Science & Analytics - Y3,1,B.Sc Data Science & Analytics - Y3 category.
DRONA_TRUST_GSEB_DPS_2026_2027_HIN_UNI_UG_DS_Y3_SCI,DRONA_TRUST_GSEB_DPS_2026_2027_HIN_UNI_UG_DS_Y3,stream,Pure Sciences,DRONA_TRUST_GSEB_DPS_2026_2027_HIN_UNI_UG_DS_Y3_SCI,Drona Education Trust / Gujarat Board Education / Drona Public School / Academic Year 2026-2027 / Hindi Medium / B.Sc Data Science & Analytics - Y3 / SCI,1,Pure Sciences stream category.
DRONA_TRUST_GSEB_DPS_2026_2027_HIN_UNI_UG_UX_Y1,DRONA_TRUST_GSEB_DPS_2026_2027_HIN,grade,B.Des UI/UX & Interaction Design - Y1,DRONA_TRUST_GSEB_DPS_2026_2027_HIN_UNI_UG_UX_Y1,Drona Education Trust / Gujarat Board Education / Drona Public School / Academic Year 2026-2027 / Hindi Medium / B.Des UI/UX & Interaction Design - Y1,1,B.Des UI/UX & Interaction Design - Y1 category.
DRONA_TRUST_GSEB_DPS_2026_2027_HIN_UNI_UG_UX_Y1_DES,DRONA_TRUST_GSEB_DPS_2026_2027_HIN_UNI_UG_UX_Y1,stream,Design & Creative,DRONA_TRUST_GSEB_DPS_2026_2027_HIN_UNI_UG_UX_Y1_DES,Drona Education Trust / Gujarat Board Education / Drona Public School / Academic Year 2026-2027 / Hindi Medium / B.Des UI/UX & Interaction Design - Y1 / DES,1,Design & Creative stream category.
DRONA_TRUST_GSEB_DPS_2026_2027_HIN_UNI_UG_UX_Y2,DRONA_TRUST_GSEB_DPS_2026_2027_HIN,grade,B.Des UI/UX & Interaction Design - Y2,DRONA_TRUST_GSEB_DPS_2026_2027_HIN_UNI_UG_UX_Y2,Drona Education Trust / Gujarat Board Education / Drona Public School / Academic Year 2026-2027 / Hindi Medium / B.Des UI/UX & Interaction Design - Y2,1,B.Des UI/UX & Interaction Design - Y2 category.
DRONA_TRUST_GSEB_DPS_2026_2027_HIN_UNI_UG_UX_Y2_DES,DRONA_TRUST_GSEB_DPS_2026_2027_HIN_UNI_UG_UX_Y2,stream,Design & Creative,DRONA_TRUST_GSEB_DPS_2026_2027_HIN_UNI_UG_UX_Y2_DES,Drona Education Trust / Gujarat Board Education / Drona Public School / Academic Year 2026-2027 / Hindi Medium / B.Des UI/UX & Interaction Design - Y2 / DES,1,Design & Creative stream category.
DRONA_TRUST_GSEB_DPS_2026_2027_HIN_UNI_UG_UX_Y3,DRONA_TRUST_GSEB_DPS_2026_2027_HIN,grade,B.Des UI/UX & Interaction Design - Y3,DRONA_TRUST_GSEB_DPS_2026_2027_HIN_UNI_UG_UX_Y3,Drona Education Trust / Gujarat Board Education / Drona Public School / Academic Year 2026-2027 / Hindi Medium / B.Des UI/UX & Interaction Design - Y3,1,B.Des UI/UX & Interaction Design - Y3 category.
DRONA_TRUST_GSEB_DPS_2026_2027_HIN_UNI_UG_UX_Y3_DES,DRONA_TRUST_GSEB_DPS_2026_2027_HIN_UNI_UG_UX_Y3,stream,Design & Creative,DRONA_TRUST_GSEB_DPS_2026_2027_HIN_UNI_UG_UX_Y3_DES,Drona Education Trust / Gujarat Board Education / Drona Public School / Academic Year 2026-2027 / Hindi Medium / B.Des UI/UX & Interaction Design - Y3 / DES,1,Design & Creative stream category.
DRONA_TRUST_GSEB_DPS_2026_2027_HIN_UNI_UG_UX_Y4,DRONA_TRUST_GSEB_DPS_2026_2027_HIN,grade,B.Des UI/UX & Interaction Design - Y4,DRONA_TRUST_GSEB_DPS_2026_2027_HIN_UNI_UG_UX_Y4,Drona Education Trust / Gujarat Board Education / Drona Public School / Academic Year 2026-2027 / Hindi Medium / B.Des UI/UX & Interaction Design - Y4,1,B.Des UI/UX & Interaction Design - Y4 category.
DRONA_TRUST_GSEB_DPS_2026_2027_HIN_UNI_UG_UX_Y4_DES,DRONA_TRUST_GSEB_DPS_2026_2027_HIN_UNI_UG_UX_Y4,stream,Design & Creative,DRONA_TRUST_GSEB_DPS_2026_2027_HIN_UNI_UG_UX_Y4_DES,Drona Education Trust / Gujarat Board Education / Drona Public School / Academic Year 2026-2027 / Hindi Medium / B.Des UI/UX & Interaction Design - Y4 / DES,1,Design & Creative stream category.
DRONA_TRUST_GSEB_DPS_2026_2027_HIN_UNI_UG_LAW_Y1,DRONA_TRUST_GSEB_DPS_2026_2027_HIN,grade,BA LL.B (Integrated Law) - Year 1,DRONA_TRUST_GSEB_DPS_2026_2027_HIN_UNI_UG_LAW_Y1,Drona Education Trust / Gujarat Board Education / Drona Public School / Academic Year 2026-2027 / Hindi Medium / BA LL.B (Integrated Law) - Year 1,1,BA LL.B (Integrated Law) - Year 1 category.
DRONA_TRUST_GSEB_DPS_2026_2027_HIN_UNI_UG_LAW_Y1_LAW,DRONA_TRUST_GSEB_DPS_2026_2027_HIN_UNI_UG_LAW_Y1,stream,Law & Legal,DRONA_TRUST_GSEB_DPS_2026_2027_HIN_UNI_UG_LAW_Y1_LAW,Drona Education Trust / Gujarat Board Education / Drona Public School / Academic Year 2026-2027 / Hindi Medium / BA LL.B (Integrated Law) - Year 1 / LAW,1,Law & Legal stream category.
DRONA_TRUST_GSEB_DPS_2026_2027_HIN_UNI_UG_LAW_Y5,DRONA_TRUST_GSEB_DPS_2026_2027_HIN,grade,BA LL.B (Integrated Law) - Year 5,DRONA_TRUST_GSEB_DPS_2026_2027_HIN_UNI_UG_LAW_Y5,Drona Education Trust / Gujarat Board Education / Drona Public School / Academic Year 2026-2027 / Hindi Medium / BA LL.B (Integrated Law) - Year 5,1,BA LL.B (Integrated Law) - Year 5 category.
DRONA_TRUST_GSEB_DPS_2026_2027_HIN_UNI_UG_LAW_Y5_LAW,DRONA_TRUST_GSEB_DPS_2026_2027_HIN_UNI_UG_LAW_Y5,stream,Law & Legal,DRONA_TRUST_GSEB_DPS_2026_2027_HIN_UNI_UG_LAW_Y5_LAW,Drona Education Trust / Gujarat Board Education / Drona Public School / Academic Year 2026-2027 / Hindi Medium / BA LL.B (Integrated Law) - Year 5 / LAW,1,Law & Legal stream category.
DRONA_TRUST_GSEB_DPS_2026_2027_HIN_UNI_UG_MED_Y1,DRONA_TRUST_GSEB_DPS_2026_2027_HIN,grade,MBBS (Medical) - Year 1,DRONA_TRUST_GSEB_DPS_2026_2027_HIN_UNI_UG_MED_Y1,Drona Education Trust / Gujarat Board Education / Drona Public School / Academic Year 2026-2027 / Hindi Medium / MBBS (Medical) - Year 1,1,MBBS (Medical) - Year 1 category.
DRONA_TRUST_GSEB_DPS_2026_2027_HIN_UNI_UG_MED_Y1_MED,DRONA_TRUST_GSEB_DPS_2026_2027_HIN_UNI_UG_MED_Y1,stream,Medical & Health,DRONA_TRUST_GSEB_DPS_2026_2027_HIN_UNI_UG_MED_Y1_MED,Drona Education Trust / Gujarat Board Education / Drona Public School / Academic Year 2026-2027 / Hindi Medium / MBBS (Medical) - Year 1 / MED,1,Medical & Health stream category.
DRONA_TRUST_GSEB_DPS_2026_2027_HIN_UNI_UG_MED_Y2,DRONA_TRUST_GSEB_DPS_2026_2027_HIN,grade,MBBS (Medical) - Year 2,DRONA_TRUST_GSEB_DPS_2026_2027_HIN_UNI_UG_MED_Y2,Drona Education Trust / Gujarat Board Education / Drona Public School / Academic Year 2026-2027 / Hindi Medium / MBBS (Medical) - Year 2,1,MBBS (Medical) - Year 2 category.
DRONA_TRUST_GSEB_DPS_2026_2027_HIN_UNI_UG_MED_Y2_MED,DRONA_TRUST_GSEB_DPS_2026_2027_HIN_UNI_UG_MED_Y2,stream,Medical & Health,DRONA_TRUST_GSEB_DPS_2026_2027_HIN_UNI_UG_MED_Y2_MED,Drona Education Trust / Gujarat Board Education / Drona Public School / Academic Year 2026-2027 / Hindi Medium / MBBS (Medical) - Year 2 / MED,1,Medical & Health stream category.
DRONA_TRUST_GSEB_DPS_2026_2027_HIN_UNI_UG_MED_Y3,DRONA_TRUST_GSEB_DPS_2026_2027_HIN,grade,MBBS (Medical) - Year 3,DRONA_TRUST_GSEB_DPS_2026_2027_HIN_UNI_UG_MED_Y3,Drona Education Trust / Gujarat Board Education / Drona Public School / Academic Year 2026-2027 / Hindi Medium / MBBS (Medical) - Year 3,1,MBBS (Medical) - Year 3 category.
DRONA_TRUST_GSEB_DPS_2026_2027_HIN_UNI_UG_MED_Y3_MED,DRONA_TRUST_GSEB_DPS_2026_2027_HIN_UNI_UG_MED_Y3,stream,Medical & Health,DRONA_TRUST_GSEB_DPS_2026_2027_HIN_UNI_UG_MED_Y3_MED,Drona Education Trust / Gujarat Board Education / Drona Public School / Academic Year 2026-2027 / Hindi Medium / MBBS (Medical) - Year 3 / MED,1,Medical & Health stream category.
DRONA_TRUST_GSEB_DPS_2026_2027_HIN_UNI_UG_MED_Y4,DRONA_TRUST_GSEB_DPS_2026_2027_HIN,grade,MBBS (Medical) - Year 4,DRONA_TRUST_GSEB_DPS_2026_2027_HIN_UNI_UG_MED_Y4,Drona Education Trust / Gujarat Board Education / Drona Public School / Academic Year 2026-2027 / Hindi Medium / MBBS (Medical) - Year 4,1,MBBS (Medical) - Year 4 category.
DRONA_TRUST_GSEB_DPS_2026_2027_HIN_UNI_UG_MED_Y4_MED,DRONA_TRUST_GSEB_DPS_2026_2027_HIN_UNI_UG_MED_Y4,stream,Medical & Health,DRONA_TRUST_GSEB_DPS_2026_2027_HIN_UNI_UG_MED_Y4_MED,Drona Education Trust / Gujarat Board Education / Drona Public School / Academic Year 2026-2027 / Hindi Medium / MBBS (Medical) - Year 4 / MED,1,Medical & Health stream category.
DRONA_TRUST_GSEB_DPS_2026_2027_HIN_UNI_UG_MED_Y5,DRONA_TRUST_GSEB_DPS_2026_2027_HIN,grade,MBBS (Medical) - Year 5,DRONA_TRUST_GSEB_DPS_2026_2027_HIN_UNI_UG_MED_Y5,Drona Education Trust / Gujarat Board Education / Drona Public School / Academic Year 2026-2027 / Hindi Medium / MBBS (Medical) - Year 5,1,MBBS (Medical) - Year 5 category.
DRONA_TRUST_GSEB_DPS_2026_2027_HIN_UNI_UG_MED_Y5_MED,DRONA_TRUST_GSEB_DPS_2026_2027_HIN_UNI_UG_MED_Y5,stream,Medical & Health,DRONA_TRUST_GSEB_DPS_2026_2027_HIN_UNI_UG_MED_Y5_MED,Drona Education Trust / Gujarat Board Education / Drona Public School / Academic Year 2026-2027 / Hindi Medium / MBBS (Medical) - Year 5 / MED,1,Medical & Health stream category.
DRONA_TRUST_GSEB_DPS_2026_2027_HIN_NUR_BSC_Y1,DRONA_TRUST_GSEB_DPS_2026_2027_HIN,grade,B.Sc Nursing - Y1,DRONA_TRUST_GSEB_DPS_2026_2027_HIN_NUR_BSC_Y1,Drona Education Trust / Gujarat Board Education / Drona Public School / Academic Year 2026-2027 / Hindi Medium / B.Sc Nursing - Y1,1,B.Sc Nursing - Y1 category.
DRONA_TRUST_GSEB_DPS_2026_2027_HIN_NUR_BSC_Y1_NUR,DRONA_TRUST_GSEB_DPS_2026_2027_HIN_NUR_BSC_Y1,stream,Nursing,DRONA_TRUST_GSEB_DPS_2026_2027_HIN_NUR_BSC_Y1_NUR,Drona Education Trust / Gujarat Board Education / Drona Public School / Academic Year 2026-2027 / Hindi Medium / B.Sc Nursing - Y1 / NUR,1,Nursing stream category.
DRONA_TRUST_GSEB_DPS_2026_2027_HIN_PRO_CA_FND,DRONA_TRUST_GSEB_DPS_2026_2027_HIN,grade,CA Foundation (Chartered Accountancy),DRONA_TRUST_GSEB_DPS_2026_2027_HIN_PRO_CA_FND,Drona Education Trust / Gujarat Board Education / Drona Public School / Academic Year 2026-2027 / Hindi Medium / CA Foundation (Chartered Accountancy),1,CA Foundation (Chartered Accountancy) category.
DRONA_TRUST_GSEB_DPS_2026_2027_HIN_PRO_CA_FND_PRO_FIN,DRONA_TRUST_GSEB_DPS_2026_2027_HIN_PRO_CA_FND,stream,Commerce & Finance,DRONA_TRUST_GSEB_DPS_2026_2027_HIN_PRO_CA_FND_PRO_FIN,Drona Education Trust / Gujarat Board Education / Drona Public School / Academic Year 2026-2027 / Hindi Medium / CA Foundation (Chartered Accountancy) / PRO_FIN,1,Commerce & Finance stream category.
DRONA_TRUST_GSEB_DPS_2026_2027_HIN_PRO_CA_INT,DRONA_TRUST_GSEB_DPS_2026_2027_HIN,grade,CA Intermediate,DRONA_TRUST_GSEB_DPS_2026_2027_HIN_PRO_CA_INT,Drona Education Trust / Gujarat Board Education / Drona Public School / Academic Year 2026-2027 / Hindi Medium / CA Intermediate,1,CA Intermediate category.
DRONA_TRUST_GSEB_DPS_2026_2027_HIN_PRO_CA_INT_PRO_FIN,DRONA_TRUST_GSEB_DPS_2026_2027_HIN_PRO_CA_INT,stream,Commerce & Finance,DRONA_TRUST_GSEB_DPS_2026_2027_HIN_PRO_CA_INT_PRO_FIN,Drona Education Trust / Gujarat Board Education / Drona Public School / Academic Year 2026-2027 / Hindi Medium / CA Intermediate / PRO_FIN,1,Commerce & Finance stream category.
DRONA_TRUST_GSEB_DPS_2026_2027_HIN_PRO_CA_FIN,DRONA_TRUST_GSEB_DPS_2026_2027_HIN,grade,CA Final,DRONA_TRUST_GSEB_DPS_2026_2027_HIN_PRO_CA_FIN,Drona Education Trust / Gujarat Board Education / Drona Public School / Academic Year 2026-2027 / Hindi Medium / CA Final,1,CA Final category.
DRONA_TRUST_GSEB_DPS_2026_2027_HIN_PRO_CA_FIN_PRO_FIN,DRONA_TRUST_GSEB_DPS_2026_2027_HIN_PRO_CA_FIN,stream,Commerce & Finance,DRONA_TRUST_GSEB_DPS_2026_2027_HIN_PRO_CA_FIN_PRO_FIN,Drona Education Trust / Gujarat Board Education / Drona Public School / Academic Year 2026-2027 / Hindi Medium / CA Final / PRO_FIN,1,Commerce & Finance stream category.
DRONA_TRUST_GSEB_DPS_2026_2027_HIN_PRO_CS_EXE,DRONA_TRUST_GSEB_DPS_2026_2027_HIN,grade,CS Executive (Company Secretary),DRONA_TRUST_GSEB_DPS_2026_2027_HIN_PRO_CS_EXE,Drona Education Trust / Gujarat Board Education / Drona Public School / Academic Year 2026-2027 / Hindi Medium / CS Executive (Company Secretary),1,CS Executive (Company Secretary) category.
DRONA_TRUST_GSEB_DPS_2026_2027_HIN_PRO_CS_EXE_LAW,DRONA_TRUST_GSEB_DPS_2026_2027_HIN_PRO_CS_EXE,stream,Law & Legal,DRONA_TRUST_GSEB_DPS_2026_2027_HIN_PRO_CS_EXE_LAW,Drona Education Trust / Gujarat Board Education / Drona Public School / Academic Year 2026-2027 / Hindi Medium / CS Executive (Company Secretary) / LAW,1,Law & Legal stream category.
DRONA_TRUST_GSEB_DPS_2026_2027_HIN_UNI_PG_AI_Y1,DRONA_TRUST_GSEB_DPS_2026_2027_HIN,grade,M.Tech Artificial Intelligence - Y1,DRONA_TRUST_GSEB_DPS_2026_2027_HIN_UNI_PG_AI_Y1,Drona Education Trust / Gujarat Board Education / Drona Public School / Academic Year 2026-2027 / Hindi Medium / M.Tech Artificial Intelligence - Y1,1,M.Tech Artificial Intelligence - Y1 category.
DRONA_TRUST_GSEB_DPS_2026_2027_HIN_UNI_PG_AI_Y1_AIE,DRONA_TRUST_GSEB_DPS_2026_2027_HIN_UNI_PG_AI_Y1,stream,Artificial Intelligence,DRONA_TRUST_GSEB_DPS_2026_2027_HIN_UNI_PG_AI_Y1_AIE,Drona Education Trust / Gujarat Board Education / Drona Public School / Academic Year 2026-2027 / Hindi Medium / M.Tech Artificial Intelligence - Y1 / AIE,1,Artificial Intelligence stream category.
DRONA_TRUST_GSEB_DPS_2026_2027_HIN_UNI_PG_AI_Y2,DRONA_TRUST_GSEB_DPS_2026_2027_HIN,grade,M.Tech Artificial Intelligence - Y2,DRONA_TRUST_GSEB_DPS_2026_2027_HIN_UNI_PG_AI_Y2,Drona Education Trust / Gujarat Board Education / Drona Public School / Academic Year 2026-2027 / Hindi Medium / M.Tech Artificial Intelligence - Y2,1,M.Tech Artificial Intelligence - Y2 category.
DRONA_TRUST_GSEB_DPS_2026_2027_HIN_UNI_PG_AI_Y2_AIE,DRONA_TRUST_GSEB_DPS_2026_2027_HIN_UNI_PG_AI_Y2,stream,Artificial Intelligence,DRONA_TRUST_GSEB_DPS_2026_2027_HIN_UNI_PG_AI_Y2_AIE,Drona Education Trust / Gujarat Board Education / Drona Public School / Academic Year 2026-2027 / Hindi Medium / M.Tech Artificial Intelligence - Y2 / AIE,1,Artificial Intelligence stream category.
DRONA_TRUST_GSEB_DPS_2026_2027_HIN_UNI_PG_MBA_Y1,DRONA_TRUST_GSEB_DPS_2026_2027_HIN,grade,MBA Business Analytics & Tech - Y1,DRONA_TRUST_GSEB_DPS_2026_2027_HIN_UNI_PG_MBA_Y1,Drona Education Trust / Gujarat Board Education / Drona Public School / Academic Year 2026-2027 / Hindi Medium / MBA Business Analytics & Tech - Y1,1,MBA Business Analytics & Tech - Y1 category.
DRONA_TRUST_GSEB_DPS_2026_2027_HIN_UNI_PG_MBA_Y1_MGT,DRONA_TRUST_GSEB_DPS_2026_2027_HIN_UNI_PG_MBA_Y1,stream,Management & Biz,DRONA_TRUST_GSEB_DPS_2026_2027_HIN_UNI_PG_MBA_Y1_MGT,Drona Education Trust / Gujarat Board Education / Drona Public School / Academic Year 2026-2027 / Hindi Medium / MBA Business Analytics & Tech - Y1 / MGT,1,Management & Biz stream category.
DRONA_TRUST_GSEB_DPS_2026_2027_HIN_UNI_PG_MBA_Y2,DRONA_TRUST_GSEB_DPS_2026_2027_HIN,grade,MBA Business Analytics & Tech - Y2,DRONA_TRUST_GSEB_DPS_2026_2027_HIN_UNI_PG_MBA_Y2,Drona Education Trust / Gujarat Board Education / Drona Public School / Academic Year 2026-2027 / Hindi Medium / MBA Business Analytics & Tech - Y2,1,MBA Business Analytics & Tech - Y2 category.
DRONA_TRUST_GSEB_DPS_2026_2027_HIN_UNI_PG_MBA_Y2_MGT,DRONA_TRUST_GSEB_DPS_2026_2027_HIN_UNI_PG_MBA_Y2,stream,Management & Biz,DRONA_TRUST_GSEB_DPS_2026_2027_HIN_UNI_PG_MBA_Y2_MGT,Drona Education Trust / Gujarat Board Education / Drona Public School / Academic Year 2026-2027 / Hindi Medium / MBA Business Analytics & Tech - Y2 / MGT,1,Management & Biz stream category.
DRONA_TRUST_GSEB_DPS_2026_2027_HIN_UNI_PG_LAW_Y1,DRONA_TRUST_GSEB_DPS_2026_2027_HIN,grade,LL.M (Corporate & Tech Law) - Y1,DRONA_TRUST_GSEB_DPS_2026_2027_HIN_UNI_PG_LAW_Y1,Drona Education Trust / Gujarat Board Education / Drona Public School / Academic Year 2026-2027 / Hindi Medium / LL.M (Corporate & Tech Law) - Y1,1,LL.M (Corporate & Tech Law) - Y1 category.
DRONA_TRUST_GSEB_DPS_2026_2027_HIN_UNI_PG_LAW_Y1_LAW,DRONA_TRUST_GSEB_DPS_2026_2027_HIN_UNI_PG_LAW_Y1,stream,Law & Legal,DRONA_TRUST_GSEB_DPS_2026_2027_HIN_UNI_PG_LAW_Y1_LAW,Drona Education Trust / Gujarat Board Education / Drona Public School / Academic Year 2026-2027 / Hindi Medium / LL.M (Corporate & Tech Law) - Y1 / LAW,1,Law & Legal stream category.
DRONA_TRUST_GSEB_DPS_2026_2027_HIN_UNI_PG_LAW_Y2,DRONA_TRUST_GSEB_DPS_2026_2027_HIN,grade,LL.M (Corporate & Tech Law) - Y2,DRONA_TRUST_GSEB_DPS_2026_2027_HIN_UNI_PG_LAW_Y2,Drona Education Trust / Gujarat Board Education / Drona Public School / Academic Year 2026-2027 / Hindi Medium / LL.M (Corporate & Tech Law) - Y2,1,LL.M (Corporate & Tech Law) - Y2 category.
DRONA_TRUST_GSEB_DPS_2026_2027_HIN_UNI_PG_LAW_Y2_LAW,DRONA_TRUST_GSEB_DPS_2026_2027_HIN_UNI_PG_LAW_Y2,stream,Law & Legal,DRONA_TRUST_GSEB_DPS_2026_2027_HIN_UNI_PG_LAW_Y2_LAW,Drona Education Trust / Gujarat Board Education / Drona Public School / Academic Year 2026-2027 / Hindi Medium / LL.M (Corporate & Tech Law) - Y2 / LAW,1,Law & Legal stream category.
DRONA_TRUST_GSEB_DPS_2026_2027_HIN_UNI_PHD_AI,DRONA_TRUST_GSEB_DPS_2026_2027_HIN,grade,Ph.D. Artificial Intelligence & Ethics,DRONA_TRUST_GSEB_DPS_2026_2027_HIN_UNI_PHD_AI,Drona Education Trust / Gujarat Board Education / Drona Public School / Academic Year 2026-2027 / Hindi Medium / Ph.D. Artificial Intelligence & Ethics,1,Ph.D. Artificial Intelligence & Ethics category.
DRONA_TRUST_GSEB_DPS_2026_2027_HIN_UNI_PHD_AI_RES,DRONA_TRUST_GSEB_DPS_2026_2027_HIN_UNI_PHD_AI,stream,Research,DRONA_TRUST_GSEB_DPS_2026_2027_HIN_UNI_PHD_AI_RES,Drona Education Trust / Gujarat Board Education / Drona Public School / Academic Year 2026-2027 / Hindi Medium / Ph.D. Artificial Intelligence & Ethics / RES,1,Research stream category.
DRONA_TRUST_GSEB_DPS_2026_2027_HIN_UNI_PHD_DS,DRONA_TRUST_GSEB_DPS_2026_2027_HIN,grade,Ph.D. Data Science & Big Data,DRONA_TRUST_GSEB_DPS_2026_2027_HIN_UNI_PHD_DS,Drona Education Trust / Gujarat Board Education / Drona Public School / Academic Year 2026-2027 / Hindi Medium / Ph.D. Data Science & Big Data,1,Ph.D. Data Science & Big Data category.
DRONA_TRUST_GSEB_DPS_2026_2027_HIN_UNI_PHD_DS_RES,DRONA_TRUST_GSEB_DPS_2026_2027_HIN_UNI_PHD_DS,stream,Research,DRONA_TRUST_GSEB_DPS_2026_2027_HIN_UNI_PHD_DS_RES,Drona Education Trust / Gujarat Board Education / Drona Public School / Academic Year 2026-2027 / Hindi Medium / Ph.D. Data Science & Big Data / RES,1,Research stream category.
DRONA_TRUST_GSEB_DPS_2026_2027_HIN_UNI_PHD_RE,DRONA_TRUST_GSEB_DPS_2026_2027_HIN,grade,Ph.D. Renewable Energy & Smart Grid,DRONA_TRUST_GSEB_DPS_2026_2027_HIN_UNI_PHD_RE,Drona Education Trust / Gujarat Board Education / Drona Public School / Academic Year 2026-2027 / Hindi Medium / Ph.D. Renewable Energy & Smart Grid,1,Ph.D. Renewable Energy & Smart Grid category.
DRONA_TRUST_GSEB_DPS_2026_2027_HIN_UNI_PHD_RE_RES,DRONA_TRUST_GSEB_DPS_2026_2027_HIN_UNI_PHD_RE,stream,Research,DRONA_TRUST_GSEB_DPS_2026_2027_HIN_UNI_PHD_RE_RES,Drona Education Trust / Gujarat Board Education / Drona Public School / Academic Year 2026-2027 / Hindi Medium / Ph.D. Renewable Energy & Smart Grid / RES,1,Research stream category.
DRONA_TRUST_GSEB_DPS_2026_2027_HIN_UNI_UG_BCA_Y1,DRONA_TRUST_GSEB_DPS_2026_2027_HIN,grade,BCA (Bachelor of Computer Applications) - Y1,DRONA_TRUST_GSEB_DPS_2026_2027_HIN_UNI_UG_BCA_Y1,Drona Education Trust / Gujarat Board Education / Drona Public School / Academic Year 2026-2027 / Hindi Medium / BCA (Bachelor of Computer Applications) - Y1,1,BCA (Bachelor of Computer Applications) - Y1 category.
DRONA_TRUST_GSEB_DPS_2026_2027_HIN_UNI_UG_BCA_Y1_CSA,DRONA_TRUST_GSEB_DPS_2026_2027_HIN_UNI_UG_BCA_Y1,stream,Computer Applications,DRONA_TRUST_GSEB_DPS_2026_2027_HIN_UNI_UG_BCA_Y1_CSA,Drona Education Trust / Gujarat Board Education / Drona Public School / Academic Year 2026-2027 / Hindi Medium / BCA (Bachelor of Computer Applications) - Y1 / CSA,1,Computer Applications stream category.
DRONA_TRUST_GSEB_DPS_2026_2027_HIN_UNI_UG_BCA_Y2,DRONA_TRUST_GSEB_DPS_2026_2027_HIN,grade,BCA (Bachelor of Computer Applications) - Y2,DRONA_TRUST_GSEB_DPS_2026_2027_HIN_UNI_UG_BCA_Y2,Drona Education Trust / Gujarat Board Education / Drona Public School / Academic Year 2026-2027 / Hindi Medium / BCA (Bachelor of Computer Applications) - Y2,1,BCA (Bachelor of Computer Applications) - Y2 category.
DRONA_TRUST_GSEB_DPS_2026_2027_HIN_UNI_UG_BCA_Y2_CSA,DRONA_TRUST_GSEB_DPS_2026_2027_HIN_UNI_UG_BCA_Y2,stream,Computer Applications,DRONA_TRUST_GSEB_DPS_2026_2027_HIN_UNI_UG_BCA_Y2_CSA,Drona Education Trust / Gujarat Board Education / Drona Public School / Academic Year 2026-2027 / Hindi Medium / BCA (Bachelor of Computer Applications) - Y2 / CSA,1,Computer Applications stream category.
DRONA_TRUST_GSEB_DPS_2026_2027_HIN_UNI_UG_BCA_Y3,DRONA_TRUST_GSEB_DPS_2026_2027_HIN,grade,BCA (Bachelor of Computer Applications) - Y3,DRONA_TRUST_GSEB_DPS_2026_2027_HIN_UNI_UG_BCA_Y3,Drona Education Trust / Gujarat Board Education / Drona Public School / Academic Year 2026-2027 / Hindi Medium / BCA (Bachelor of Computer Applications) - Y3,1,BCA (Bachelor of Computer Applications) - Y3 category.
DRONA_TRUST_GSEB_DPS_2026_2027_HIN_UNI_UG_BCA_Y3_CSA,DRONA_TRUST_GSEB_DPS_2026_2027_HIN_UNI_UG_BCA_Y3,stream,Computer Applications,DRONA_TRUST_GSEB_DPS_2026_2027_HIN_UNI_UG_BCA_Y3_CSA,Drona Education Trust / Gujarat Board Education / Drona Public School / Academic Year 2026-2027 / Hindi Medium / BCA (Bachelor of Computer Applications) - Y3 / CSA,1,Computer Applications stream category.
DRONA_TRUST_GSEB_DPS_2026_2027_HIN_UNI_UG_BBA_Y1,DRONA_TRUST_GSEB_DPS_2026_2027_HIN,grade,BBA (Bachelor of Business Admin) - Y1,DRONA_TRUST_GSEB_DPS_2026_2027_HIN_UNI_UG_BBA_Y1,Drona Education Trust / Gujarat Board Education / Drona Public School / Academic Year 2026-2027 / Hindi Medium / BBA (Bachelor of Business Admin) - Y1,1,BBA (Bachelor of Business Admin) - Y1 category.
DRONA_TRUST_GSEB_DPS_2026_2027_HIN_UNI_UG_BBA_Y1_MGT,DRONA_TRUST_GSEB_DPS_2026_2027_HIN_UNI_UG_BBA_Y1,stream,Management & Biz,DRONA_TRUST_GSEB_DPS_2026_2027_HIN_UNI_UG_BBA_Y1_MGT,Drona Education Trust / Gujarat Board Education / Drona Public School / Academic Year 2026-2027 / Hindi Medium / BBA (Bachelor of Business Admin) - Y1 / MGT,1,Management & Biz stream category.
DRONA_TRUST_GSEB_DPS_2026_2027_HIN_UNI_UG_BBA_Y2,DRONA_TRUST_GSEB_DPS_2026_2027_HIN,grade,BBA (Bachelor of Business Admin) - Y2,DRONA_TRUST_GSEB_DPS_2026_2027_HIN_UNI_UG_BBA_Y2,Drona Education Trust / Gujarat Board Education / Drona Public School / Academic Year 2026-2027 / Hindi Medium / BBA (Bachelor of Business Admin) - Y2,1,BBA (Bachelor of Business Admin) - Y2 category.
DRONA_TRUST_GSEB_DPS_2026_2027_HIN_UNI_UG_BBA_Y2_MGT,DRONA_TRUST_GSEB_DPS_2026_2027_HIN_UNI_UG_BBA_Y2,stream,Management & Biz,DRONA_TRUST_GSEB_DPS_2026_2027_HIN_UNI_UG_BBA_Y2_MGT,Drona Education Trust / Gujarat Board Education / Drona Public School / Academic Year 2026-2027 / Hindi Medium / BBA (Bachelor of Business Admin) - Y2 / MGT,1,Management & Biz stream category.
DRONA_TRUST_GSEB_DPS_2026_2027_HIN_UNI_UG_BBA_Y3,DRONA_TRUST_GSEB_DPS_2026_2027_HIN,grade,BBA (Bachelor of Business Admin) - Y3,DRONA_TRUST_GSEB_DPS_2026_2027_HIN_UNI_UG_BBA_Y3,Drona Education Trust / Gujarat Board Education / Drona Public School / Academic Year 2026-2027 / Hindi Medium / BBA (Bachelor of Business Admin) - Y3,1,BBA (Bachelor of Business Admin) - Y3 category.
DRONA_TRUST_GSEB_DPS_2026_2027_HIN_UNI_UG_BBA_Y3_MGT,DRONA_TRUST_GSEB_DPS_2026_2027_HIN_UNI_UG_BBA_Y3,stream,Management & Biz,DRONA_TRUST_GSEB_DPS_2026_2027_HIN_UNI_UG_BBA_Y3_MGT,Drona Education Trust / Gujarat Board Education / Drona Public School / Academic Year 2026-2027 / Hindi Medium / BBA (Bachelor of Business Admin) - Y3 / MGT,1,Management & Biz stream category.
DRONA_TRUST_GSEB_DPS_2026_2027_HIN_UNI_UG_BARCH_Y1,DRONA_TRUST_GSEB_DPS_2026_2027_HIN,grade,B.Arch (Architecture) - Y1,DRONA_TRUST_GSEB_DPS_2026_2027_HIN_UNI_UG_BARCH_Y1,Drona Education Trust / Gujarat Board Education / Drona Public School / Academic Year 2026-2027 / Hindi Medium / B.Arch (Architecture) - Y1,1,B.Arch (Architecture) - Y1 category.
DRONA_TRUST_GSEB_DPS_2026_2027_HIN_UNI_UG_BARCH_Y1_ARC,DRONA_TRUST_GSEB_DPS_2026_2027_HIN_UNI_UG_BARCH_Y1,stream,Architecture,DRONA_TRUST_GSEB_DPS_2026_2027_HIN_UNI_UG_BARCH_Y1_ARC,Drona Education Trust / Gujarat Board Education / Drona Public School / Academic Year 2026-2027 / Hindi Medium / B.Arch (Architecture) - Y1 / ARC,1,Architecture stream category.
DRONA_TRUST_GSEB_DPS_2026_2027_HIN_UNI_UG_BARCH_Y5,DRONA_TRUST_GSEB_DPS_2026_2027_HIN,grade,B.Arch (Architecture) - Y5,DRONA_TRUST_GSEB_DPS_2026_2027_HIN_UNI_UG_BARCH_Y5,Drona Education Trust / Gujarat Board Education / Drona Public School / Academic Year 2026-2027 / Hindi Medium / B.Arch (Architecture) - Y5,1,B.Arch (Architecture) - Y5 category.
DRONA_TRUST_GSEB_DPS_2026_2027_HIN_UNI_UG_BARCH_Y5_ARC,DRONA_TRUST_GSEB_DPS_2026_2027_HIN_UNI_UG_BARCH_Y5,stream,Architecture,DRONA_TRUST_GSEB_DPS_2026_2027_HIN_UNI_UG_BARCH_Y5_ARC,Drona Education Trust / Gujarat Board Education / Drona Public School / Academic Year 2026-2027 / Hindi Medium / B.Arch (Architecture) - Y5 / ARC,1,Architecture stream category.
DRONA_TRUST_GSEB_DPS_2026_2027_HIN_UNI_UG_BPT_Y1,DRONA_TRUST_GSEB_DPS_2026_2027_HIN,grade,BPT (Physiotherapy) - Y1,DRONA_TRUST_GSEB_DPS_2026_2027_HIN_UNI_UG_BPT_Y1,Drona Education Trust / Gujarat Board Education / Drona Public School / Academic Year 2026-2027 / Hindi Medium / BPT (Physiotherapy) - Y1,1,BPT (Physiotherapy) - Y1 category.
DRONA_TRUST_GSEB_DPS_2026_2027_HIN_UNI_UG_BPT_Y1_AHS,DRONA_TRUST_GSEB_DPS_2026_2027_HIN_UNI_UG_BPT_Y1,stream,Allied Healthcare,DRONA_TRUST_GSEB_DPS_2026_2027_HIN_UNI_UG_BPT_Y1_AHS,Drona Education Trust / Gujarat Board Education / Drona Public School / Academic Year 2026-2027 / Hindi Medium / BPT (Physiotherapy) - Y1 / AHS,1,Allied Healthcare stream category.
DRONA_TRUST_GSEB_DPS_2026_2027_HIN_UNI_UG_BPT_Y4,DRONA_TRUST_GSEB_DPS_2026_2027_HIN,grade,BPT (Physiotherapy) - Y4,DRONA_TRUST_GSEB_DPS_2026_2027_HIN_UNI_UG_BPT_Y4,Drona Education Trust / Gujarat Board Education / Drona Public School / Academic Year 2026-2027 / Hindi Medium / BPT (Physiotherapy) - Y4,1,BPT (Physiotherapy) - Y4 category.
DRONA_TRUST_GSEB_DPS_2026_2027_HIN_UNI_UG_BPT_Y4_AHS,DRONA_TRUST_GSEB_DPS_2026_2027_HIN_UNI_UG_BPT_Y4,stream,Allied Healthcare,DRONA_TRUST_GSEB_DPS_2026_2027_HIN_UNI_UG_BPT_Y4_AHS,Drona Education Trust / Gujarat Board Education / Drona Public School / Academic Year 2026-2027 / Hindi Medium / BPT (Physiotherapy) - Y4 / AHS,1,Allied Healthcare stream category.
DRONA_TRUST_GSEB_DPS_2026_2027_HIN_UNI_UG_BSW_Y1,DRONA_TRUST_GSEB_DPS_2026_2027_HIN,grade,BSW (Social Work) - Y1,DRONA_TRUST_GSEB_DPS_2026_2027_HIN_UNI_UG_BSW_Y1,Drona Education Trust / Gujarat Board Education / Drona Public School / Academic Year 2026-2027 / Hindi Medium / BSW (Social Work) - Y1,1,BSW (Social Work) - Y1 category.
DRONA_TRUST_GSEB_DPS_2026_2027_HIN_UNI_UG_BSW_Y1_ART,DRONA_TRUST_GSEB_DPS_2026_2027_HIN_UNI_UG_BSW_Y1,stream,Humanities & Arts,DRONA_TRUST_GSEB_DPS_2026_2027_HIN_UNI_UG_BSW_Y1_ART,Drona Education Trust / Gujarat Board Education / Drona Public School / Academic Year 2026-2027 / Hindi Medium / BSW (Social Work) - Y1 / ART,1,Humanities & Arts stream category.
DRONA_TRUST_GSEB_DPS_2026_2027_HIN_UNI_UG_BFA_Y1,DRONA_TRUST_GSEB_DPS_2026_2027_HIN,grade,BFA (Fine Arts) - Y1,DRONA_TRUST_GSEB_DPS_2026_2027_HIN_UNI_UG_BFA_Y1,Drona Education Trust / Gujarat Board Education / Drona Public School / Academic Year 2026-2027 / Hindi Medium / BFA (Fine Arts) - Y1,1,BFA (Fine Arts) - Y1 category.
DRONA_TRUST_GSEB_DPS_2026_2027_HIN_UNI_UG_BFA_Y1_ART,DRONA_TRUST_GSEB_DPS_2026_2027_HIN_UNI_UG_BFA_Y1,stream,Humanities & Arts,DRONA_TRUST_GSEB_DPS_2026_2027_HIN_UNI_UG_BFA_Y1_ART,Drona Education Trust / Gujarat Board Education / Drona Public School / Academic Year 2026-2027 / Hindi Medium / BFA (Fine Arts) - Y1 / ART,1,Humanities & Arts stream category.
DRONA_TRUST_GSEB_DPS_2026_2027_HIN_UNI_UG_BHM_Y1,DRONA_TRUST_GSEB_DPS_2026_2027_HIN,grade,BHM (Hotel Management) - Y1,DRONA_TRUST_GSEB_DPS_2026_2027_HIN_UNI_UG_BHM_Y1,Drona Education Trust / Gujarat Board Education / Drona Public School / Academic Year 2026-2027 / Hindi Medium / BHM (Hotel Management) - Y1,1,BHM (Hotel Management) - Y1 category.
DRONA_TRUST_GSEB_DPS_2026_2027_HIN_UNI_UG_BHM_Y1_HOS,DRONA_TRUST_GSEB_DPS_2026_2027_HIN_UNI_UG_BHM_Y1,stream,Hospitality & Tourism,DRONA_TRUST_GSEB_DPS_2026_2027_HIN_UNI_UG_BHM_Y1_HOS,Drona Education Trust / Gujarat Board Education / Drona Public School / Academic Year 2026-2027 / Hindi Medium / BHM (Hotel Management) - Y1 / HOS,1,Hospitality & Tourism stream category.
DRONA_TRUST_GSEB_DPS_2026_2027_HIN_UNI_PG_MCA_Y1,DRONA_TRUST_GSEB_DPS_2026_2027_HIN,grade,MCA (Master of Computer Applications) - Y1,DRONA_TRUST_GSEB_DPS_2026_2027_HIN_UNI_PG_MCA_Y1,Drona Education Trust / Gujarat Board Education / Drona Public School / Academic Year 2026-2027 / Hindi Medium / MCA (Master of Computer Applications) - Y1,1,MCA (Master of Computer Applications) - Y1 category.
DRONA_TRUST_GSEB_DPS_2026_2027_HIN_UNI_PG_MCA_Y1_CSA,DRONA_TRUST_GSEB_DPS_2026_2027_HIN_UNI_PG_MCA_Y1,stream,Computer Applications,DRONA_TRUST_GSEB_DPS_2026_2027_HIN_UNI_PG_MCA_Y1_CSA,Drona Education Trust / Gujarat Board Education / Drona Public School / Academic Year 2026-2027 / Hindi Medium / MCA (Master of Computer Applications) - Y1 / CSA,1,Computer Applications stream category.
DRONA_TRUST_GSEB_DPS_2026_2027_HIN_UNI_PG_MCA_Y2,DRONA_TRUST_GSEB_DPS_2026_2027_HIN,grade,MCA (Master of Computer Applications) - Y2,DRONA_TRUST_GSEB_DPS_2026_2027_HIN_UNI_PG_MCA_Y2,Drona Education Trust / Gujarat Board Education / Drona Public School / Academic Year 2026-2027 / Hindi Medium / MCA (Master of Computer Applications) - Y2,1,MCA (Master of Computer Applications) - Y2 category.
DRONA_TRUST_GSEB_DPS_2026_2027_HIN_UNI_PG_MCA_Y2_CSA,DRONA_TRUST_GSEB_DPS_2026_2027_HIN_UNI_PG_MCA_Y2,stream,Computer Applications,DRONA_TRUST_GSEB_DPS_2026_2027_HIN_UNI_PG_MCA_Y2_CSA,Drona Education Trust / Gujarat Board Education / Drona Public School / Academic Year 2026-2027 / Hindi Medium / MCA (Master of Computer Applications) - Y2 / CSA,1,Computer Applications stream category.
DRONA_TRUST_GSEB_DPS_2026_2027_HIN_UNI_PG_MARCH_Y1,DRONA_TRUST_GSEB_DPS_2026_2027_HIN,grade,M.Arch (Architecture) - Y1,DRONA_TRUST_GSEB_DPS_2026_2027_HIN_UNI_PG_MARCH_Y1,Drona Education Trust / Gujarat Board Education / Drona Public School / Academic Year 2026-2027 / Hindi Medium / M.Arch (Architecture) - Y1,1,M.Arch (Architecture) - Y1 category.
DRONA_TRUST_GSEB_DPS_2026_2027_HIN_UNI_PG_MARCH_Y1_ARC,DRONA_TRUST_GSEB_DPS_2026_2027_HIN_UNI_PG_MARCH_Y1,stream,Architecture,DRONA_TRUST_GSEB_DPS_2026_2027_HIN_UNI_PG_MARCH_Y1_ARC,Drona Education Trust / Gujarat Board Education / Drona Public School / Academic Year 2026-2027 / Hindi Medium / M.Arch (Architecture) - Y1 / ARC,1,Architecture stream category.
DRONA_TRUST_GSEB_DPS_2026_2027_HIN_UNI_PG_MPT_Y1,DRONA_TRUST_GSEB_DPS_2026_2027_HIN,grade,MPT (Physiotherapy) - Y1,DRONA_TRUST_GSEB_DPS_2026_2027_HIN_UNI_PG_MPT_Y1,Drona Education Trust / Gujarat Board Education / Drona Public School / Academic Year 2026-2027 / Hindi Medium / MPT (Physiotherapy) - Y1,1,MPT (Physiotherapy) - Y1 category.
DRONA_TRUST_GSEB_DPS_2026_2027_HIN_UNI_PG_MPT_Y1_AHS,DRONA_TRUST_GSEB_DPS_2026_2027_HIN_UNI_PG_MPT_Y1,stream,Allied Healthcare,DRONA_TRUST_GSEB_DPS_2026_2027_HIN_UNI_PG_MPT_Y1_AHS,Drona Education Trust / Gujarat Board Education / Drona Public School / Academic Year 2026-2027 / Hindi Medium / MPT (Physiotherapy) - Y1 / AHS,1,Allied Healthcare stream category.
DRONA_TRUST_GSEB_DPS_2026_2027_HIN_UNI_PG_MSW_Y1,DRONA_TRUST_GSEB_DPS_2026_2027_HIN,grade,MSW (Master of Social Work) - Y1,DRONA_TRUST_GSEB_DPS_2026_2027_HIN_UNI_PG_MSW_Y1,Drona Education Trust / Gujarat Board Education / Drona Public School / Academic Year 2026-2027 / Hindi Medium / MSW (Master of Social Work) - Y1,1,MSW (Master of Social Work) - Y1 category.
DRONA_TRUST_GSEB_DPS_2026_2027_HIN_UNI_PG_MSW_Y1_ART,DRONA_TRUST_GSEB_DPS_2026_2027_HIN_UNI_PG_MSW_Y1,stream,Humanities & Arts,DRONA_TRUST_GSEB_DPS_2026_2027_HIN_UNI_PG_MSW_Y1_ART,Drona Education Trust / Gujarat Board Education / Drona Public School / Academic Year 2026-2027 / Hindi Medium / MSW (Master of Social Work) - Y1 / ART,1,Humanities & Arts stream category.
DRONA_TRUST_GSEB_DPS_2026_2027_HIN_UNI_PG_MFA_Y1,DRONA_TRUST_GSEB_DPS_2026_2027_HIN,grade,MFA (Fine Arts) - Y1,DRONA_TRUST_GSEB_DPS_2026_2027_HIN_UNI_PG_MFA_Y1,Drona Education Trust / Gujarat Board Education / Drona Public School / Academic Year 2026-2027 / Hindi Medium / MFA (Fine Arts) - Y1,1,MFA (Fine Arts) - Y1 category.
DRONA_TRUST_GSEB_DPS_2026_2027_HIN_UNI_PG_MFA_Y1_ART,DRONA_TRUST_GSEB_DPS_2026_2027_HIN_UNI_PG_MFA_Y1,stream,Humanities & Arts,DRONA_TRUST_GSEB_DPS_2026_2027_HIN_UNI_PG_MFA_Y1_ART,Drona Education Trust / Gujarat Board Education / Drona Public School / Academic Year 2026-2027 / Hindi Medium / MFA (Fine Arts) - Y1 / ART,1,Humanities & Arts stream category.
DRONA_TRUST_GSEB_DPS_2026_2027_HIN_UNI_PG_MCOM_Y1,DRONA_TRUST_GSEB_DPS_2026_2027_HIN,grade,M.Com (Master of Commerce) - Y1,DRONA_TRUST_GSEB_DPS_2026_2027_HIN_UNI_PG_MCOM_Y1,Drona Education Trust / Gujarat Board Education / Drona Public School / Academic Year 2026-2027 / Hindi Medium / M.Com (Master of Commerce) - Y1,1,M.Com (Master of Commerce) - Y1 category.
DRONA_TRUST_GSEB_DPS_2026_2027_HIN_UNI_PG_MCOM_Y1_PRO_FIN,DRONA_TRUST_GSEB_DPS_2026_2027_HIN_UNI_PG_MCOM_Y1,stream,Commerce & Finance,DRONA_TRUST_GSEB_DPS_2026_2027_HIN_UNI_PG_MCOM_Y1_PRO_FIN,Drona Education Trust / Gujarat Board Education / Drona Public School / Academic Year 2026-2027 / Hindi Medium / M.Com (Master of Commerce) - Y1 / PRO_FIN,1,Commerce & Finance stream category.
DRONA_TRUST_GSEB_DPS_2026_2027_HIN_LMS_CERT_FSD,DRONA_TRUST_GSEB_DPS_2026_2027_HIN,grade,PG Certification in Full Stack Development,DRONA_TRUST_GSEB_DPS_2026_2027_HIN_LMS_CERT_FSD,Drona Education Trust / Gujarat Board Education / Drona Public School / Academic Year 2026-2027 / Hindi Medium / PG Certification in Full Stack Development,1,PG Certification in Full Stack Development category.
DRONA_TRUST_GSEB_DPS_2026_2027_HIN_LMS_CERT_FSD_CSA,DRONA_TRUST_GSEB_DPS_2026_2027_HIN_LMS_CERT_FSD,stream,Computer Applications,DRONA_TRUST_GSEB_DPS_2026_2027_HIN_LMS_CERT_FSD_CSA,Drona Education Trust / Gujarat Board Education / Drona Public School / Academic Year 2026-2027 / Hindi Medium / PG Certification in Full Stack Development / CSA,1,Computer Applications stream category.
DRONA_TRUST_GSEB_DPS_2026_2027_HIN_LMS_CERT_DATA,DRONA_TRUST_GSEB_DPS_2026_2027_HIN,grade,Executive PG in Data Science,DRONA_TRUST_GSEB_DPS_2026_2027_HIN_LMS_CERT_DATA,Drona Education Trust / Gujarat Board Education / Drona Public School / Academic Year 2026-2027 / Hindi Medium / Executive PG in Data Science,1,Executive PG in Data Science category.
DRONA_TRUST_GSEB_DPS_2026_2027_HIN_LMS_CERT_DATA_AIE,DRONA_TRUST_GSEB_DPS_2026_2027_HIN_LMS_CERT_DATA,stream,Artificial Intelligence,DRONA_TRUST_GSEB_DPS_2026_2027_HIN_LMS_CERT_DATA_AIE,Drona Education Trust / Gujarat Board Education / Drona Public School / Academic Year 2026-2027 / Hindi Medium / Executive PG in Data Science / AIE,1,Artificial Intelligence stream category.
DRONA_TRUST_GSEB_DPS_2026_2027_HIN_LMS_CERT_CLOUD,DRONA_TRUST_GSEB_DPS_2026_2027_HIN,grade,Cloud Architect Certification (AWS/Azure),DRONA_TRUST_GSEB_DPS_2026_2027_HIN_LMS_CERT_CLOUD,Drona Education Trust / Gujarat Board Education / Drona Public School / Academic Year 2026-2027 / Hindi Medium / Cloud Architect Certification (AWS/Azure),1,Cloud Architect Certification (AWS/Azure) category.
DRONA_TRUST_GSEB_DPS_2026_2027_HIN_LMS_CERT_CLOUD_ENG,DRONA_TRUST_GSEB_DPS_2026_2027_HIN_LMS_CERT_CLOUD,stream,Engineering & Tech,DRONA_TRUST_GSEB_DPS_2026_2027_HIN_LMS_CERT_CLOUD_ENG,Drona Education Trust / Gujarat Board Education / Drona Public School / Academic Year 2026-2027 / Hindi Medium / Cloud Architect Certification (AWS/Azure) / ENG,1,Engineering & Tech stream category.
DRONA_TRUST_GSEB_DPS_2026_2027_HIN_LMS_CERT_MLOPS,DRONA_TRUST_GSEB_DPS_2026_2027_HIN,grade,Advanced Certification in MLOps,DRONA_TRUST_GSEB_DPS_2026_2027_HIN_LMS_CERT_MLOPS,Drona Education Trust / Gujarat Board Education / Drona Public School / Academic Year 2026-2027 / Hindi Medium / Advanced Certification in MLOps,1,Advanced Certification in MLOps category.
DRONA_TRUST_GSEB_DPS_2026_2027_HIN_LMS_CERT_MLOPS_AIE,DRONA_TRUST_GSEB_DPS_2026_2027_HIN_LMS_CERT_MLOPS,stream,Artificial Intelligence,DRONA_TRUST_GSEB_DPS_2026_2027_HIN_LMS_CERT_MLOPS_AIE,Drona Education Trust / Gujarat Board Education / Drona Public School / Academic Year 2026-2027 / Hindi Medium / Advanced Certification in MLOps / AIE,1,Artificial Intelligence stream category.
DRONA_TRUST_GSEB_DPS_2026_2027_HIN_LMS_CERT_PM,DRONA_TRUST_GSEB_DPS_2026_2027_HIN,grade,PG Certificate in Product Management,DRONA_TRUST_GSEB_DPS_2026_2027_HIN_LMS_CERT_PM,Drona Education Trust / Gujarat Board Education / Drona Public School / Academic Year 2026-2027 / Hindi Medium / PG Certificate in Product Management,1,PG Certificate in Product Management category.
DRONA_TRUST_GSEB_DPS_2026_2027_HIN_LMS_CERT_PM_MGT,DRONA_TRUST_GSEB_DPS_2026_2027_HIN_LMS_CERT_PM,stream,Management & Biz,DRONA_TRUST_GSEB_DPS_2026_2027_HIN_LMS_CERT_PM_MGT,Drona Education Trust / Gujarat Board Education / Drona Public School / Academic Year 2026-2027 / Hindi Medium / PG Certificate in Product Management / MGT,1,Management & Biz stream category.
DRONA_TRUST_GSEB_DPS_2026_2027_HIN_LMS_CERT_AGILE,DRONA_TRUST_GSEB_DPS_2026_2027_HIN,grade,Certified Scrum Master (CSM/Agile),DRONA_TRUST_GSEB_DPS_2026_2027_HIN_LMS_CERT_AGILE,Drona Education Trust / Gujarat Board Education / Drona Public School / Academic Year 2026-2027 / Hindi Medium / Certified Scrum Master (CSM/Agile),1,Certified Scrum Master (CSM/Agile) category.
DRONA_TRUST_GSEB_DPS_2026_2027_HIN_LMS_CERT_AGILE_MGT,DRONA_TRUST_GSEB_DPS_2026_2027_HIN_LMS_CERT_AGILE,stream,Management & Biz,DRONA_TRUST_GSEB_DPS_2026_2027_HIN_LMS_CERT_AGILE_MGT,Drona Education Trust / Gujarat Board Education / Drona Public School / Academic Year 2026-2027 / Hindi Medium / Certified Scrum Master (CSM/Agile) / MGT,1,Management & Biz stream category.
DRONA_TRUST_GSEB_DPS_2026_2027_HIN_LMS_CERT_CYBER,DRONA_TRUST_GSEB_DPS_2026_2027_HIN,grade,Certified Ethical Hacker (CEH),DRONA_TRUST_GSEB_DPS_2026_2027_HIN_LMS_CERT_CYBER,Drona Education Trust / Gujarat Board Education / Drona Public School / Academic Year 2026-2027 / Hindi Medium / Certified Ethical Hacker (CEH),1,Certified Ethical Hacker (CEH) category.
DRONA_TRUST_GSEB_DPS_2026_2027_HIN_LMS_CERT_CYBER_CSA,DRONA_TRUST_GSEB_DPS_2026_2027_HIN_LMS_CERT_CYBER,stream,Computer Applications,DRONA_TRUST_GSEB_DPS_2026_2027_HIN_LMS_CERT_CYBER_CSA,Drona Education Trust / Gujarat Board Education / Drona Public School / Academic Year 2026-2027 / Hindi Medium / Certified Ethical Hacker (CEH) / CSA,1,Computer Applications stream category.
DRONA_TRUST_GSEB_DPS_2026_2027_HIN_LMS_CERT_WEB3,DRONA_TRUST_GSEB_DPS_2026_2027_HIN,grade,Certification in Blockchain & Web3,DRONA_TRUST_GSEB_DPS_2026_2027_HIN_LMS_CERT_WEB3,Drona Education Trust / Gujarat Board Education / Drona Public School / Academic Year 2026-2027 / Hindi Medium / Certification in Blockchain & Web3,1,Certification in Blockchain & Web3 category.
DRONA_TRUST_GSEB_DPS_2026_2027_HIN_LMS_CERT_WEB3_EMG,DRONA_TRUST_GSEB_DPS_2026_2027_HIN_LMS_CERT_WEB3,stream,Emerging Tech,DRONA_TRUST_GSEB_DPS_2026_2027_HIN_LMS_CERT_WEB3_EMG,Drona Education Trust / Gujarat Board Education / Drona Public School / Academic Year 2026-2027 / Hindi Medium / Certification in Blockchain & Web3 / EMG,1,Emerging Tech stream category.
DRONA_TRUST_GSEB_DPS_2026_2027_HIN_LMS_CERT_DIGMKT,DRONA_TRUST_GSEB_DPS_2026_2027_HIN,grade,Advanced Digital Marketing Certification,DRONA_TRUST_GSEB_DPS_2026_2027_HIN_LMS_CERT_DIGMKT,Drona Education Trust / Gujarat Board Education / Drona Public School / Academic Year 2026-2027 / Hindi Medium / Advanced Digital Marketing Certification,1,Advanced Digital Marketing Certification category.
DRONA_TRUST_GSEB_DPS_2026_2027_HIN_LMS_CERT_DIGMKT_MKT,DRONA_TRUST_GSEB_DPS_2026_2027_HIN_LMS_CERT_DIGMKT,stream,Marketing & Biz,DRONA_TRUST_GSEB_DPS_2026_2027_HIN_LMS_CERT_DIGMKT_MKT,Drona Education Trust / Gujarat Board Education / Drona Public School / Academic Year 2026-2027 / Hindi Medium / Advanced Digital Marketing Certification / MKT,1,Marketing & Biz stream category.
COURSE_TEMPLATES,,system,Course Templates,COURSE_TEMPLATES,Course Templates,1,Hidden reusable course templates.
