course_code,fullname,shortname,idnumber,category_code,board_code,school_code,medium_code,grade_code,stream_code,subject_code,subject_name,academic_year,format,numsections,visible,groupmode,groupmodeforce,summary,templatecourse,enablecompletion,showgrades,showreports,tags,course_template_code,term
DPS-GSEB-GUJ-STD01-GEN-GUJ-2026,Drona Public School - Gujarat Board Education - Gujarati Medium - Standard 1 - GEN - Gujarati - 2026-2027,DPS-GSEB-GUJ-STD01-GEN-GUJ-26,DPS-GSEB-GUJ-STD01-GEN-GUJ-2026,DRONA_TRUST_GSEB_DPS_2026_2027_GUJ_STD01_GEN,GSEB,DPS,GUJ,STD01,GEN,GUJ,Gujarati,2026-2027,topics,16,1,1,1,"Gujarati course for Standard 1 GEN Gujarati Medium in 2026-2027. Includes 10 chapter structure, term exams, final exam, completion rules and default certification.",MASTER-ALL-GRADES-ALL-SUBJECTS-STD-TEMPLATE,1,1,1,"DPS,GSEB,2026-2027,GUJ,STD01,GEN,GUJ",TPL_STD01_02_ACTIVITY,Academic Year 2026-2027
DPS-GSEB-GUJ-STD01-GEN-HIN-2026,Drona Public School - Gujarat Board Education - Gujarati Medium - Standard 1 - GEN - Hindi - 2026-2027,DPS-GSEB-GUJ-STD01-GEN-HIN-26,DPS-GSEB-GUJ-STD01-GEN-HIN-2026,DRONA_TRUST_GSEB_DPS_2026_2027_GUJ_STD01_GEN,GSEB,DPS,GUJ,STD01,GEN,HIN,Hindi,2026-2027,topics,16,1,1,1,"Hindi course for Standard 1 GEN Gujarati Medium in 2026-2027. Includes 10 chapter structure, term exams, final exam, completion rules and default certification.",MASTER-ALL-GRADES-ALL-SUBJECTS-STD-TEMPLATE,1,1,1,"DPS,GSEB,2026-2027,GUJ,STD01,GEN,HIN",TPL_STD01_02_ACTIVITY,Academic Year 2026-2027
DPS-GSEB-GUJ-STD01-GEN-ENG-2026,Drona Public School - Gujarat Board Education - Gujarati Medium - Standard 1 - GEN - English - 2026-2027,DPS-GSEB-GUJ-STD01-GEN-ENG-26,DPS-GSEB-GUJ-STD01-GEN-ENG-2026,DRONA_TRUST_GSEB_DPS_2026_2027_GUJ_STD01_GEN,GSEB,DPS,GUJ,STD01,GEN,ENG,English,2026-2027,topics,16,1,1,1,"English course for Standard 1 GEN Gujarati Medium in 2026-2027. Includes 10 chapter structure, term exams, final exam, completion rules and default certification.",MASTER-ALL-GRADES-ALL-SUBJECTS-STD-TEMPLATE,1,1,1,"DPS,GSEB,2026-2027,GUJ,STD01,GEN,ENG",TPL_STD01_02_ACTIVITY,Academic Year 2026-2027
DPS-GSEB-GUJ-STD01-GEN-MATH-2026,Drona Public School - Gujarat Board Education - Gujarati Medium - Standard 1 - GEN - Mathematics - 2026-2027,DPS-GSEB-GUJ-STD01-GEN-MATH-26,DPS-GSEB-GUJ-STD01-GEN-MATH-2026,DRONA_TRUST_GSEB_DPS_2026_2027_GUJ_STD01_GEN,GSEB,DPS,GUJ,STD01,GEN,MATH,Mathematics,2026-2027,topics,16,1,1,1,"Mathematics course for Standard 1 GEN Gujarati Medium in 2026-2027. Includes 10 chapter structure, term exams, final exam, completion rules and default certification.",MASTER-ALL-GRADES-ALL-SUBJECTS-STD-TEMPLATE,1,1,1,"DPS,GSEB,2026-2027,GUJ,STD01,GEN,MATH",TPL_STD01_02_ACTIVITY,Academic Year 2026-2027
DPS-GSEB-GUJ-STD01-GEN-EVS-2026,Drona Public School - Gujarat Board Education - Gujarati Medium - Standard 1 - GEN - Environmental Studies - 2026-2027,DPS-GSEB-GUJ-STD01-GEN-EVS-26,DPS-GSEB-GUJ-STD01-GEN-EVS-2026,DRONA_TRUST_GSEB_DPS_2026_2027_GUJ_STD01_GEN,GSEB,DPS,GUJ,STD01,GEN,EVS,Environmental Studies,2026-2027,topics,16,1,1,1,"Environmental Studies course for Standard 1 GEN Gujarati Medium in 2026-2027. Includes 10 chapter structure, term exams, final exam, completion rules and default certification.",MASTER-ALL-GRADES-ALL-SUBJECTS-STD-TEMPLATE,1,1,1,"DPS,GSEB,2026-2027,GUJ,STD01,GEN,EVS",TPL_STD01_02_ACTIVITY,Academic Year 2026-2027
DPS-GSEB-GUJ-STD01-GEN-ART-2026,Drona Public School - Gujarat Board Education - Gujarati Medium - Standard 1 - GEN - Art Education - 2026-2027,DPS-GSEB-GUJ-STD01-GEN-ART-26,DPS-GSEB-GUJ-STD01-GEN-ART-2026,DRONA_TRUST_GSEB_DPS_2026_2027_GUJ_STD01_GEN,GSEB,DPS,GUJ,STD01,GEN,ART,Art Education,2026-2027,topics,16,1,1,1,"Art Education course for Standard 1 GEN Gujarati Medium in 2026-2027. Includes 10 chapter structure, term exams, final exam, completion rules and default certification.",MASTER-ALL-GRADES-ALL-SUBJECTS-STD-TEMPLATE,1,1,1,"DPS,GSEB,2026-2027,GUJ,STD01,GEN,ART",TPL_STD01_02_ACTIVITY,Academic Year 2026-2027
DPS-GSEB-GUJ-STD01-GEN-PE-2026,Drona Public School - Gujarat Board Education - Gujarati Medium - Standard 1 - GEN - Physical Education - 2026-2027,DPS-GSEB-GUJ-STD01-GEN-PE-26,DPS-GSEB-GUJ-STD01-GEN-PE-2026,DRONA_TRUST_GSEB_DPS_2026_2027_GUJ_STD01_GEN,GSEB,DPS,GUJ,STD01,GEN,PE,Physical Education,2026-2027,topics,16,1,1,1,"Physical Education course for Standard 1 GEN Gujarati Medium in 2026-2027. Includes 10 chapter structure, term exams, final exam, completion rules and default certification.",MASTER-ALL-GRADES-ALL-SUBJECTS-STD-TEMPLATE,1,1,1,"DPS,GSEB,2026-2027,GUJ,STD01,GEN,PE",TPL_STD01_02_ACTIVITY,Academic Year 2026-2027
DPS-GSEB-GUJ-STD02-GEN-GUJ-2026,Drona Public School - Gujarat Board Education - Gujarati Medium - Standard 2 - GEN - Gujarati - 2026-2027,DPS-GSEB-GUJ-STD02-GEN-GUJ-26,DPS-GSEB-GUJ-STD02-GEN-GUJ-2026,DRONA_TRUST_GSEB_DPS_2026_2027_GUJ_STD02_GEN,GSEB,DPS,GUJ,STD02,GEN,GUJ,Gujarati,2026-2027,topics,16,1,1,1,"Gujarati course for Standard 2 GEN Gujarati Medium in 2026-2027. Includes 10 chapter structure, term exams, final exam, completion rules and default certification.",MASTER-ALL-GRADES-ALL-SUBJECTS-STD-TEMPLATE,1,1,1,"DPS,GSEB,2026-2027,GUJ,STD02,GEN,GUJ",TPL_STD01_02_ACTIVITY,Academic Year 2026-2027
DPS-GSEB-GUJ-STD02-GEN-HIN-2026,Drona Public School - Gujarat Board Education - Gujarati Medium - Standard 2 - GEN - Hindi - 2026-2027,DPS-GSEB-GUJ-STD02-GEN-HIN-26,DPS-GSEB-GUJ-STD02-GEN-HIN-2026,DRONA_TRUST_GSEB_DPS_2026_2027_GUJ_STD02_GEN,GSEB,DPS,GUJ,STD02,GEN,HIN,Hindi,2026-2027,topics,16,1,1,1,"Hindi course for Standard 2 GEN Gujarati Medium in 2026-2027. Includes 10 chapter structure, term exams, final exam, completion rules and default certification.",MASTER-ALL-GRADES-ALL-SUBJECTS-STD-TEMPLATE,1,1,1,"DPS,GSEB,2026-2027,GUJ,STD02,GEN,HIN",TPL_STD01_02_ACTIVITY,Academic Year 2026-2027
DPS-GSEB-GUJ-STD02-GEN-ENG-2026,Drona Public School - Gujarat Board Education - Gujarati Medium - Standard 2 - GEN - English - 2026-2027,DPS-GSEB-GUJ-STD02-GEN-ENG-26,DPS-GSEB-GUJ-STD02-GEN-ENG-2026,DRONA_TRUST_GSEB_DPS_2026_2027_GUJ_STD02_GEN,GSEB,DPS,GUJ,STD02,GEN,ENG,English,2026-2027,topics,16,1,1,1,"English course for Standard 2 GEN Gujarati Medium in 2026-2027. Includes 10 chapter structure, term exams, final exam, completion rules and default certification.",MASTER-ALL-GRADES-ALL-SUBJECTS-STD-TEMPLATE,1,1,1,"DPS,GSEB,2026-2027,GUJ,STD02,GEN,ENG",TPL_STD01_02_ACTIVITY,Academic Year 2026-2027
DPS-GSEB-GUJ-STD02-GEN-MATH-2026,Drona Public School - Gujarat Board Education - Gujarati Medium - Standard 2 - GEN - Mathematics - 2026-2027,DPS-GSEB-GUJ-STD02-GEN-MATH-26,DPS-GSEB-GUJ-STD02-GEN-MATH-2026,DRONA_TRUST_GSEB_DPS_2026_2027_GUJ_STD02_GEN,GSEB,DPS,GUJ,STD02,GEN,MATH,Mathematics,2026-2027,topics,16,1,1,1,"Mathematics course for Standard 2 GEN Gujarati Medium in 2026-2027. Includes 10 chapter structure, term exams, final exam, completion rules and default certification.",MASTER-ALL-GRADES-ALL-SUBJECTS-STD-TEMPLATE,1,1,1,"DPS,GSEB,2026-2027,GUJ,STD02,GEN,MATH",TPL_STD01_02_ACTIVITY,Academic Year 2026-2027
DPS-GSEB-GUJ-STD02-GEN-EVS-2026,Drona Public School - Gujarat Board Education - Gujarati Medium - Standard 2 - GEN - Environmental Studies - 2026-2027,DPS-GSEB-GUJ-STD02-GEN-EVS-26,DPS-GSEB-GUJ-STD02-GEN-EVS-2026,DRONA_TRUST_GSEB_DPS_2026_2027_GUJ_STD02_GEN,GSEB,DPS,GUJ,STD02,GEN,EVS,Environmental Studies,2026-2027,topics,16,1,1,1,"Environmental Studies course for Standard 2 GEN Gujarati Medium in 2026-2027. Includes 10 chapter structure, term exams, final exam, completion rules and default certification.",MASTER-ALL-GRADES-ALL-SUBJECTS-STD-TEMPLATE,1,1,1,"DPS,GSEB,2026-2027,GUJ,STD02,GEN,EVS",TPL_STD01_02_ACTIVITY,Academic Year 2026-2027
DPS-GSEB-GUJ-STD02-GEN-ART-2026,Drona Public School - Gujarat Board Education - Gujarati Medium - Standard 2 - GEN - Art Education - 2026-2027,DPS-GSEB-GUJ-STD02-GEN-ART-26,DPS-GSEB-GUJ-STD02-GEN-ART-2026,DRONA_TRUST_GSEB_DPS_2026_2027_GUJ_STD02_GEN,GSEB,DPS,GUJ,STD02,GEN,ART,Art Education,2026-2027,topics,16,1,1,1,"Art Education course for Standard 2 GEN Gujarati Medium in 2026-2027. Includes 10 chapter structure, term exams, final exam, completion rules and default certification.",MASTER-ALL-GRADES-ALL-SUBJECTS-STD-TEMPLATE,1,1,1,"DPS,GSEB,2026-2027,GUJ,STD02,GEN,ART",TPL_STD01_02_ACTIVITY,Academic Year 2026-2027
DPS-GSEB-GUJ-STD02-GEN-PE-2026,Drona Public School - Gujarat Board Education - Gujarati Medium - Standard 2 - GEN - Physical Education - 2026-2027,DPS-GSEB-GUJ-STD02-GEN-PE-26,DPS-GSEB-GUJ-STD02-GEN-PE-2026,DRONA_TRUST_GSEB_DPS_2026_2027_GUJ_STD02_GEN,GSEB,DPS,GUJ,STD02,GEN,PE,Physical Education,2026-2027,topics,16,1,1,1,"Physical Education course for Standard 2 GEN Gujarati Medium in 2026-2027. Includes 10 chapter structure, term exams, final exam, completion rules and default certification.",MASTER-ALL-GRADES-ALL-SUBJECTS-STD-TEMPLATE,1,1,1,"DPS,GSEB,2026-2027,GUJ,STD02,GEN,PE",TPL_STD01_02_ACTIVITY,Academic Year 2026-2027
DPS-GSEB-GUJ-STD03-GEN-GUJ-2026,Drona Public School - Gujarat Board Education - Gujarati Medium - Standard 3 - GEN - Gujarati - 2026-2027,DPS-GSEB-GUJ-STD03-GEN-GUJ-26,DPS-GSEB-GUJ-STD03-GEN-GUJ-2026,DRONA_TRUST_GSEB_DPS_2026_2027_GUJ_STD03_GEN,GSEB,DPS,GUJ,STD03,GEN,GUJ,Gujarati,2026-2027,topics,16,1,1,1,"Gujarati course for Standard 3 GEN Gujarati Medium in 2026-2027. Includes 10 chapter structure, term exams, final exam, completion rules and default certification.",MASTER-ALL-GRADES-ALL-SUBJECTS-STD-TEMPLATE,1,1,1,"DPS,GSEB,2026-2027,GUJ,STD03,GEN,GUJ",TPL_STD03_05_PRIMARY,Academic Year 2026-2027
DPS-GSEB-GUJ-STD03-GEN-HIN-2026,Drona Public School - Gujarat Board Education - Gujarati Medium - Standard 3 - GEN - Hindi - 2026-2027,DPS-GSEB-GUJ-STD03-GEN-HIN-26,DPS-GSEB-GUJ-STD03-GEN-HIN-2026,DRONA_TRUST_GSEB_DPS_2026_2027_GUJ_STD03_GEN,GSEB,DPS,GUJ,STD03,GEN,HIN,Hindi,2026-2027,topics,16,1,1,1,"Hindi course for Standard 3 GEN Gujarati Medium in 2026-2027. Includes 10 chapter structure, term exams, final exam, completion rules and default certification.",MASTER-ALL-GRADES-ALL-SUBJECTS-STD-TEMPLATE,1,1,1,"DPS,GSEB,2026-2027,GUJ,STD03,GEN,HIN",TPL_STD03_05_PRIMARY,Academic Year 2026-2027
DPS-GSEB-GUJ-STD03-GEN-ENG-2026,Drona Public School - Gujarat Board Education - Gujarati Medium - Standard 3 - GEN - English - 2026-2027,DPS-GSEB-GUJ-STD03-GEN-ENG-26,DPS-GSEB-GUJ-STD03-GEN-ENG-2026,DRONA_TRUST_GSEB_DPS_2026_2027_GUJ_STD03_GEN,GSEB,DPS,GUJ,STD03,GEN,ENG,English,2026-2027,topics,16,1,1,1,"English course for Standard 3 GEN Gujarati Medium in 2026-2027. Includes 10 chapter structure, term exams, final exam, completion rules and default certification.",MASTER-ALL-GRADES-ALL-SUBJECTS-STD-TEMPLATE,1,1,1,"DPS,GSEB,2026-2027,GUJ,STD03,GEN,ENG",TPL_STD03_05_PRIMARY,Academic Year 2026-2027
DPS-GSEB-GUJ-STD03-GEN-MATH-2026,Drona Public School - Gujarat Board Education - Gujarati Medium - Standard 3 - GEN - Mathematics - 2026-2027,DPS-GSEB-GUJ-STD03-GEN-MATH-26,DPS-GSEB-GUJ-STD03-GEN-MATH-2026,DRONA_TRUST_GSEB_DPS_2026_2027_GUJ_STD03_GEN,GSEB,DPS,GUJ,STD03,GEN,MATH,Mathematics,2026-2027,topics,16,1,1,1,"Mathematics course for Standard 3 GEN Gujarati Medium in 2026-2027. Includes 10 chapter structure, term exams, final exam, completion rules and default certification.",MASTER-ALL-GRADES-ALL-SUBJECTS-STD-TEMPLATE,1,1,1,"DPS,GSEB,2026-2027,GUJ,STD03,GEN,MATH",TPL_STD03_05_PRIMARY,Academic Year 2026-2027
DPS-GSEB-GUJ-STD03-GEN-EVS-2026,Drona Public School - Gujarat Board Education - Gujarati Medium - Standard 3 - GEN - Environmental Studies - 2026-2027,DPS-GSEB-GUJ-STD03-GEN-EVS-26,DPS-GSEB-GUJ-STD03-GEN-EVS-2026,DRONA_TRUST_GSEB_DPS_2026_2027_GUJ_STD03_GEN,GSEB,DPS,GUJ,STD03,GEN,EVS,Environmental Studies,2026-2027,topics,16,1,1,1,"Environmental Studies course for Standard 3 GEN Gujarati Medium in 2026-2027. Includes 10 chapter structure, term exams, final exam, completion rules and default certification.",MASTER-ALL-GRADES-ALL-SUBJECTS-STD-TEMPLATE,1,1,1,"DPS,GSEB,2026-2027,GUJ,STD03,GEN,EVS",TPL_STD03_05_PRIMARY,Academic Year 2026-2027
DPS-GSEB-GUJ-STD03-GEN-ART-2026,Drona Public School - Gujarat Board Education - Gujarati Medium - Standard 3 - GEN - Art Education - 2026-2027,DPS-GSEB-GUJ-STD03-GEN-ART-26,DPS-GSEB-GUJ-STD03-GEN-ART-2026,DRONA_TRUST_GSEB_DPS_2026_2027_GUJ_STD03_GEN,GSEB,DPS,GUJ,STD03,GEN,ART,Art Education,2026-2027,topics,16,1,1,1,"Art Education course for Standard 3 GEN Gujarati Medium in 2026-2027. Includes 10 chapter structure, term exams, final exam, completion rules and default certification.",MASTER-ALL-GRADES-ALL-SUBJECTS-STD-TEMPLATE,1,1,1,"DPS,GSEB,2026-2027,GUJ,STD03,GEN,ART",TPL_STD03_05_PRIMARY,Academic Year 2026-2027
DPS-GSEB-GUJ-STD03-GEN-PE-2026,Drona Public School - Gujarat Board Education - Gujarati Medium - Standard 3 - GEN - Physical Education - 2026-2027,DPS-GSEB-GUJ-STD03-GEN-PE-26,DPS-GSEB-GUJ-STD03-GEN-PE-2026,DRONA_TRUST_GSEB_DPS_2026_2027_GUJ_STD03_GEN,GSEB,DPS,GUJ,STD03,GEN,PE,Physical Education,2026-2027,topics,16,1,1,1,"Physical Education course for Standard 3 GEN Gujarati Medium in 2026-2027. Includes 10 chapter structure, term exams, final exam, completion rules and default certification.",MASTER-ALL-GRADES-ALL-SUBJECTS-STD-TEMPLATE,1,1,1,"DPS,GSEB,2026-2027,GUJ,STD03,GEN,PE",TPL_STD03_05_PRIMARY,Academic Year 2026-2027
DPS-GSEB-GUJ-STD04-GEN-GUJ-2026,Drona Public School - Gujarat Board Education - Gujarati Medium - Standard 4 - GEN - Gujarati - 2026-2027,DPS-GSEB-GUJ-STD04-GEN-GUJ-26,DPS-GSEB-GUJ-STD04-GEN-GUJ-2026,DRONA_TRUST_GSEB_DPS_2026_2027_GUJ_STD04_GEN,GSEB,DPS,GUJ,STD04,GEN,GUJ,Gujarati,2026-2027,topics,16,1,1,1,"Gujarati course for Standard 4 GEN Gujarati Medium in 2026-2027. Includes 10 chapter structure, term exams, final exam, completion rules and default certification.",MASTER-ALL-GRADES-ALL-SUBJECTS-STD-TEMPLATE,1,1,1,"DPS,GSEB,2026-2027,GUJ,STD04,GEN,GUJ",TPL_STD03_05_PRIMARY,Academic Year 2026-2027
DPS-GSEB-GUJ-STD04-GEN-HIN-2026,Drona Public School - Gujarat Board Education - Gujarati Medium - Standard 4 - GEN - Hindi - 2026-2027,DPS-GSEB-GUJ-STD04-GEN-HIN-26,DPS-GSEB-GUJ-STD04-GEN-HIN-2026,DRONA_TRUST_GSEB_DPS_2026_2027_GUJ_STD04_GEN,GSEB,DPS,GUJ,STD04,GEN,HIN,Hindi,2026-2027,topics,16,1,1,1,"Hindi course for Standard 4 GEN Gujarati Medium in 2026-2027. Includes 10 chapter structure, term exams, final exam, completion rules and default certification.",MASTER-ALL-GRADES-ALL-SUBJECTS-STD-TEMPLATE,1,1,1,"DPS,GSEB,2026-2027,GUJ,STD04,GEN,HIN",TPL_STD03_05_PRIMARY,Academic Year 2026-2027
DPS-GSEB-GUJ-STD04-GEN-ENG-2026,Drona Public School - Gujarat Board Education - Gujarati Medium - Standard 4 - GEN - English - 2026-2027,DPS-GSEB-GUJ-STD04-GEN-ENG-26,DPS-GSEB-GUJ-STD04-GEN-ENG-2026,DRONA_TRUST_GSEB_DPS_2026_2027_GUJ_STD04_GEN,GSEB,DPS,GUJ,STD04,GEN,ENG,English,2026-2027,topics,16,1,1,1,"English course for Standard 4 GEN Gujarati Medium in 2026-2027. Includes 10 chapter structure, term exams, final exam, completion rules and default certification.",MASTER-ALL-GRADES-ALL-SUBJECTS-STD-TEMPLATE,1,1,1,"DPS,GSEB,2026-2027,GUJ,STD04,GEN,ENG",TPL_STD03_05_PRIMARY,Academic Year 2026-2027
DPS-GSEB-GUJ-STD04-GEN-MATH-2026,Drona Public School - Gujarat Board Education - Gujarati Medium - Standard 4 - GEN - Mathematics - 2026-2027,DPS-GSEB-GUJ-STD04-GEN-MATH-26,DPS-GSEB-GUJ-STD04-GEN-MATH-2026,DRONA_TRUST_GSEB_DPS_2026_2027_GUJ_STD04_GEN,GSEB,DPS,GUJ,STD04,GEN,MATH,Mathematics,2026-2027,topics,16,1,1,1,"Mathematics course for Standard 4 GEN Gujarati Medium in 2026-2027. Includes 10 chapter structure, term exams, final exam, completion rules and default certification.",MASTER-ALL-GRADES-ALL-SUBJECTS-STD-TEMPLATE,1,1,1,"DPS,GSEB,2026-2027,GUJ,STD04,GEN,MATH",TPL_STD03_05_PRIMARY,Academic Year 2026-2027
DPS-GSEB-GUJ-STD04-GEN-EVS-2026,Drona Public School - Gujarat Board Education - Gujarati Medium - Standard 4 - GEN - Environmental Studies - 2026-2027,DPS-GSEB-GUJ-STD04-GEN-EVS-26,DPS-GSEB-GUJ-STD04-GEN-EVS-2026,DRONA_TRUST_GSEB_DPS_2026_2027_GUJ_STD04_GEN,GSEB,DPS,GUJ,STD04,GEN,EVS,Environmental Studies,2026-2027,topics,16,1,1,1,"Environmental Studies course for Standard 4 GEN Gujarati Medium in 2026-2027. Includes 10 chapter structure, term exams, final exam, completion rules and default certification.",MASTER-ALL-GRADES-ALL-SUBJECTS-STD-TEMPLATE,1,1,1,"DPS,GSEB,2026-2027,GUJ,STD04,GEN,EVS",TPL_STD03_05_PRIMARY,Academic Year 2026-2027
DPS-GSEB-GUJ-STD04-GEN-ART-2026,Drona Public School - Gujarat Board Education - Gujarati Medium - Standard 4 - GEN - Art Education - 2026-2027,DPS-GSEB-GUJ-STD04-GEN-ART-26,DPS-GSEB-GUJ-STD04-GEN-ART-2026,DRONA_TRUST_GSEB_DPS_2026_2027_GUJ_STD04_GEN,GSEB,DPS,GUJ,STD04,GEN,ART,Art Education,2026-2027,topics,16,1,1,1,"Art Education course for Standard 4 GEN Gujarati Medium in 2026-2027. Includes 10 chapter structure, term exams, final exam, completion rules and default certification.",MASTER-ALL-GRADES-ALL-SUBJECTS-STD-TEMPLATE,1,1,1,"DPS,GSEB,2026-2027,GUJ,STD04,GEN,ART",TPL_STD03_05_PRIMARY,Academic Year 2026-2027
DPS-GSEB-GUJ-STD04-GEN-PE-2026,Drona Public School - Gujarat Board Education - Gujarati Medium - Standard 4 - GEN - Physical Education - 2026-2027,DPS-GSEB-GUJ-STD04-GEN-PE-26,DPS-GSEB-GUJ-STD04-GEN-PE-2026,DRONA_TRUST_GSEB_DPS_2026_2027_GUJ_STD04_GEN,GSEB,DPS,GUJ,STD04,GEN,PE,Physical Education,2026-2027,topics,16,1,1,1,"Physical Education course for Standard 4 GEN Gujarati Medium in 2026-2027. Includes 10 chapter structure, term exams, final exam, completion rules and default certification.",MASTER-ALL-GRADES-ALL-SUBJECTS-STD-TEMPLATE,1,1,1,"DPS,GSEB,2026-2027,GUJ,STD04,GEN,PE",TPL_STD03_05_PRIMARY,Academic Year 2026-2027
DPS-GSEB-GUJ-STD05-GEN-GUJ-2026,Drona Public School - Gujarat Board Education - Gujarati Medium - Standard 5 - GEN - Gujarati - 2026-2027,DPS-GSEB-GUJ-STD05-GEN-GUJ-26,DPS-GSEB-GUJ-STD05-GEN-GUJ-2026,DRONA_TRUST_GSEB_DPS_2026_2027_GUJ_STD05_GEN,GSEB,DPS,GUJ,STD05,GEN,GUJ,Gujarati,2026-2027,topics,16,1,1,1,"Gujarati course for Standard 5 GEN Gujarati Medium in 2026-2027. Includes 10 chapter structure, term exams, final exam, completion rules and default certification.",MASTER-ALL-GRADES-ALL-SUBJECTS-STD-TEMPLATE,1,1,1,"DPS,GSEB,2026-2027,GUJ,STD05,GEN,GUJ",TPL_STD03_05_PRIMARY,Academic Year 2026-2027
DPS-GSEB-GUJ-STD05-GEN-HIN-2026,Drona Public School - Gujarat Board Education - Gujarati Medium - Standard 5 - GEN - Hindi - 2026-2027,DPS-GSEB-GUJ-STD05-GEN-HIN-26,DPS-GSEB-GUJ-STD05-GEN-HIN-2026,DRONA_TRUST_GSEB_DPS_2026_2027_GUJ_STD05_GEN,GSEB,DPS,GUJ,STD05,GEN,HIN,Hindi,2026-2027,topics,16,1,1,1,"Hindi course for Standard 5 GEN Gujarati Medium in 2026-2027. Includes 10 chapter structure, term exams, final exam, completion rules and default certification.",MASTER-ALL-GRADES-ALL-SUBJECTS-STD-TEMPLATE,1,1,1,"DPS,GSEB,2026-2027,GUJ,STD05,GEN,HIN",TPL_STD03_05_PRIMARY,Academic Year 2026-2027
DPS-GSEB-GUJ-STD05-GEN-ENG-2026,Drona Public School - Gujarat Board Education - Gujarati Medium - Standard 5 - GEN - English - 2026-2027,DPS-GSEB-GUJ-STD05-GEN-ENG-26,DPS-GSEB-GUJ-STD05-GEN-ENG-2026,DRONA_TRUST_GSEB_DPS_2026_2027_GUJ_STD05_GEN,GSEB,DPS,GUJ,STD05,GEN,ENG,English,2026-2027,topics,16,1,1,1,"English course for Standard 5 GEN Gujarati Medium in 2026-2027. Includes 10 chapter structure, term exams, final exam, completion rules and default certification.",MASTER-ALL-GRADES-ALL-SUBJECTS-STD-TEMPLATE,1,1,1,"DPS,GSEB,2026-2027,GUJ,STD05,GEN,ENG",TPL_STD03_05_PRIMARY,Academic Year 2026-2027
DPS-GSEB-GUJ-STD05-GEN-MATH-2026,Drona Public School - Gujarat Board Education - Gujarati Medium - Standard 5 - GEN - Mathematics - 2026-2027,DPS-GSEB-GUJ-STD05-GEN-MATH-26,DPS-GSEB-GUJ-STD05-GEN-MATH-2026,DRONA_TRUST_GSEB_DPS_2026_2027_GUJ_STD05_GEN,GSEB,DPS,GUJ,STD05,GEN,MATH,Mathematics,2026-2027,topics,16,1,1,1,"Mathematics course for Standard 5 GEN Gujarati Medium in 2026-2027. Includes 10 chapter structure, term exams, final exam, completion rules and default certification.",MASTER-ALL-GRADES-ALL-SUBJECTS-STD-TEMPLATE,1,1,1,"DPS,GSEB,2026-2027,GUJ,STD05,GEN,MATH",TPL_STD03_05_PRIMARY,Academic Year 2026-2027
DPS-GSEB-GUJ-STD05-GEN-EVS-2026,Drona Public School - Gujarat Board Education - Gujarati Medium - Standard 5 - GEN - Environmental Studies - 2026-2027,DPS-GSEB-GUJ-STD05-GEN-EVS-26,DPS-GSEB-GUJ-STD05-GEN-EVS-2026,DRONA_TRUST_GSEB_DPS_2026_2027_GUJ_STD05_GEN,GSEB,DPS,GUJ,STD05,GEN,EVS,Environmental Studies,2026-2027,topics,16,1,1,1,"Environmental Studies course for Standard 5 GEN Gujarati Medium in 2026-2027. Includes 10 chapter structure, term exams, final exam, completion rules and default certification.",MASTER-ALL-GRADES-ALL-SUBJECTS-STD-TEMPLATE,1,1,1,"DPS,GSEB,2026-2027,GUJ,STD05,GEN,EVS",TPL_STD03_05_PRIMARY,Academic Year 2026-2027
DPS-GSEB-GUJ-STD05-GEN-ART-2026,Drona Public School - Gujarat Board Education - Gujarati Medium - Standard 5 - GEN - Art Education - 2026-2027,DPS-GSEB-GUJ-STD05-GEN-ART-26,DPS-GSEB-GUJ-STD05-GEN-ART-2026,DRONA_TRUST_GSEB_DPS_2026_2027_GUJ_STD05_GEN,GSEB,DPS,GUJ,STD05,GEN,ART,Art Education,2026-2027,topics,16,1,1,1,"Art Education course for Standard 5 GEN Gujarati Medium in 2026-2027. Includes 10 chapter structure, term exams, final exam, completion rules and default certification.",MASTER-ALL-GRADES-ALL-SUBJECTS-STD-TEMPLATE,1,1,1,"DPS,GSEB,2026-2027,GUJ,STD05,GEN,ART",TPL_STD03_05_PRIMARY,Academic Year 2026-2027
DPS-GSEB-GUJ-STD05-GEN-PE-2026,Drona Public School - Gujarat Board Education - Gujarati Medium - Standard 5 - GEN - Physical Education - 2026-2027,DPS-GSEB-GUJ-STD05-GEN-PE-26,DPS-GSEB-GUJ-STD05-GEN-PE-2026,DRONA_TRUST_GSEB_DPS_2026_2027_GUJ_STD05_GEN,GSEB,DPS,GUJ,STD05,GEN,PE,Physical Education,2026-2027,topics,16,1,1,1,"Physical Education course for Standard 5 GEN Gujarati Medium in 2026-2027. Includes 10 chapter structure, term exams, final exam, completion rules and default certification.",MASTER-ALL-GRADES-ALL-SUBJECTS-STD-TEMPLATE,1,1,1,"DPS,GSEB,2026-2027,GUJ,STD05,GEN,PE",TPL_STD03_05_PRIMARY,Academic Year 2026-2027
DPS-GSEB-GUJ-STD06-GEN-GUJ-2026,Drona Public School - Gujarat Board Education - Gujarati Medium - Standard 6 - GEN - Gujarati - 2026-2027,DPS-GSEB-GUJ-STD06-GEN-GUJ-26,DPS-GSEB-GUJ-STD06-GEN-GUJ-2026,DRONA_TRUST_GSEB_DPS_2026_2027_GUJ_STD06_GEN,GSEB,DPS,GUJ,STD06,GEN,GUJ,Gujarati,2026-2027,topics,16,1,1,1,"Gujarati course for Standard 6 GEN Gujarati Medium in 2026-2027. Includes 10 chapter structure, term exams, final exam, completion rules and default certification.",MASTER-ALL-GRADES-ALL-SUBJECTS-STD-TEMPLATE,1,1,1,"DPS,GSEB,2026-2027,GUJ,STD06,GEN,GUJ",TPL_STD06_08_UPPER_PRIMARY,Academic Year 2026-2027
DPS-GSEB-GUJ-STD06-GEN-HIN-2026,Drona Public School - Gujarat Board Education - Gujarati Medium - Standard 6 - GEN - Hindi - 2026-2027,DPS-GSEB-GUJ-STD06-GEN-HIN-26,DPS-GSEB-GUJ-STD06-GEN-HIN-2026,DRONA_TRUST_GSEB_DPS_2026_2027_GUJ_STD06_GEN,GSEB,DPS,GUJ,STD06,GEN,HIN,Hindi,2026-2027,topics,16,1,1,1,"Hindi course for Standard 6 GEN Gujarati Medium in 2026-2027. Includes 10 chapter structure, term exams, final exam, completion rules and default certification.",MASTER-ALL-GRADES-ALL-SUBJECTS-STD-TEMPLATE,1,1,1,"DPS,GSEB,2026-2027,GUJ,STD06,GEN,HIN",TPL_STD06_08_UPPER_PRIMARY,Academic Year 2026-2027
DPS-GSEB-GUJ-STD06-GEN-ENG-2026,Drona Public School - Gujarat Board Education - Gujarati Medium - Standard 6 - GEN - English - 2026-2027,DPS-GSEB-GUJ-STD06-GEN-ENG-26,DPS-GSEB-GUJ-STD06-GEN-ENG-2026,DRONA_TRUST_GSEB_DPS_2026_2027_GUJ_STD06_GEN,GSEB,DPS,GUJ,STD06,GEN,ENG,English,2026-2027,topics,16,1,1,1,"English course for Standard 6 GEN Gujarati Medium in 2026-2027. Includes 10 chapter structure, term exams, final exam, completion rules and default certification.",MASTER-ALL-GRADES-ALL-SUBJECTS-STD-TEMPLATE,1,1,1,"DPS,GSEB,2026-2027,GUJ,STD06,GEN,ENG",TPL_STD06_08_UPPER_PRIMARY,Academic Year 2026-2027
DPS-GSEB-GUJ-STD06-GEN-MATH-2026,Drona Public School - Gujarat Board Education - Gujarati Medium - Standard 6 - GEN - Mathematics - 2026-2027,DPS-GSEB-GUJ-STD06-GEN-MATH-26,DPS-GSEB-GUJ-STD06-GEN-MATH-2026,DRONA_TRUST_GSEB_DPS_2026_2027_GUJ_STD06_GEN,GSEB,DPS,GUJ,STD06,GEN,MATH,Mathematics,2026-2027,topics,16,1,1,1,"Mathematics course for Standard 6 GEN Gujarati Medium in 2026-2027. Includes 10 chapter structure, term exams, final exam, completion rules and default certification.",MASTER-ALL-GRADES-ALL-SUBJECTS-STD-TEMPLATE,1,1,1,"DPS,GSEB,2026-2027,GUJ,STD06,GEN,MATH",TPL_STD06_08_UPPER_PRIMARY,Academic Year 2026-2027
DPS-GSEB-GUJ-STD06-GEN-SCI-2026,Drona Public School - Gujarat Board Education - Gujarati Medium - Standard 6 - GEN - Science - 2026-2027,DPS-GSEB-GUJ-STD06-GEN-SCI-26,DPS-GSEB-GUJ-STD06-GEN-SCI-2026,DRONA_TRUST_GSEB_DPS_2026_2027_GUJ_STD06_GEN,GSEB,DPS,GUJ,STD06,GEN,SCI,Science,2026-2027,topics,16,1,1,1,"Science course for Standard 6 GEN Gujarati Medium in 2026-2027. Includes 10 chapter structure, term exams, final exam, completion rules and default certification.",MASTER-ALL-GRADES-ALL-SUBJECTS-STD-TEMPLATE,1,1,1,"DPS,GSEB,2026-2027,GUJ,STD06,GEN,SCI",TPL_STD06_08_UPPER_PRIMARY,Academic Year 2026-2027
DPS-GSEB-GUJ-STD06-GEN-SS-2026,Drona Public School - Gujarat Board Education - Gujarati Medium - Standard 6 - GEN - Social Science - 2026-2027,DPS-GSEB-GUJ-STD06-GEN-SS-26,DPS-GSEB-GUJ-STD06-GEN-SS-2026,DRONA_TRUST_GSEB_DPS_2026_2027_GUJ_STD06_GEN,GSEB,DPS,GUJ,STD06,GEN,SS,Social Science,2026-2027,topics,16,1,1,1,"Social Science course for Standard 6 GEN Gujarati Medium in 2026-2027. Includes 10 chapter structure, term exams, final exam, completion rules and default certification.",MASTER-ALL-GRADES-ALL-SUBJECTS-STD-TEMPLATE,1,1,1,"DPS,GSEB,2026-2027,GUJ,STD06,GEN,SS",TPL_STD06_08_UPPER_PRIMARY,Academic Year 2026-2027
DPS-GSEB-GUJ-STD06-GEN-CS-2026,Drona Public School - Gujarat Board Education - Gujarati Medium - Standard 6 - GEN - Computer Studies - 2026-2027,DPS-GSEB-GUJ-STD06-GEN-CS-26,DPS-GSEB-GUJ-STD06-GEN-CS-2026,DRONA_TRUST_GSEB_DPS_2026_2027_GUJ_STD06_GEN,GSEB,DPS,GUJ,STD06,GEN,CS,Computer Studies,2026-2027,topics,16,1,1,1,"Computer Studies course for Standard 6 GEN Gujarati Medium in 2026-2027. Includes 10 chapter structure, term exams, final exam, completion rules and default certification.",MASTER-ALL-GRADES-ALL-SUBJECTS-STD-TEMPLATE,1,1,1,"DPS,GSEB,2026-2027,GUJ,STD06,GEN,CS",TPL_STD06_08_UPPER_PRIMARY,Academic Year 2026-2027
DPS-GSEB-GUJ-STD06-GEN-ART-2026,Drona Public School - Gujarat Board Education - Gujarati Medium - Standard 6 - GEN - Art Education - 2026-2027,DPS-GSEB-GUJ-STD06-GEN-ART-26,DPS-GSEB-GUJ-STD06-GEN-ART-2026,DRONA_TRUST_GSEB_DPS_2026_2027_GUJ_STD06_GEN,GSEB,DPS,GUJ,STD06,GEN,ART,Art Education,2026-2027,topics,16,1,1,1,"Art Education course for Standard 6 GEN Gujarati Medium in 2026-2027. Includes 10 chapter structure, term exams, final exam, completion rules and default certification.",MASTER-ALL-GRADES-ALL-SUBJECTS-STD-TEMPLATE,1,1,1,"DPS,GSEB,2026-2027,GUJ,STD06,GEN,ART",TPL_STD06_08_UPPER_PRIMARY,Academic Year 2026-2027
DPS-GSEB-GUJ-STD06-GEN-PE-2026,Drona Public School - Gujarat Board Education - Gujarati Medium - Standard 6 - GEN - Physical Education - 2026-2027,DPS-GSEB-GUJ-STD06-GEN-PE-26,DPS-GSEB-GUJ-STD06-GEN-PE-2026,DRONA_TRUST_GSEB_DPS_2026_2027_GUJ_STD06_GEN,GSEB,DPS,GUJ,STD06,GEN,PE,Physical Education,2026-2027,topics,16,1,1,1,"Physical Education course for Standard 6 GEN Gujarati Medium in 2026-2027. Includes 10 chapter structure, term exams, final exam, completion rules and default certification.",MASTER-ALL-GRADES-ALL-SUBJECTS-STD-TEMPLATE,1,1,1,"DPS,GSEB,2026-2027,GUJ,STD06,GEN,PE",TPL_STD06_08_UPPER_PRIMARY,Academic Year 2026-2027
DPS-GSEB-GUJ-STD07-GEN-GUJ-2026,Drona Public School - Gujarat Board Education - Gujarati Medium - Standard 7 - GEN - Gujarati - 2026-2027,DPS-GSEB-GUJ-STD07-GEN-GUJ-26,DPS-GSEB-GUJ-STD07-GEN-GUJ-2026,DRONA_TRUST_GSEB_DPS_2026_2027_GUJ_STD07_GEN,GSEB,DPS,GUJ,STD07,GEN,GUJ,Gujarati,2026-2027,topics,16,1,1,1,"Gujarati course for Standard 7 GEN Gujarati Medium in 2026-2027. Includes 10 chapter structure, term exams, final exam, completion rules and default certification.",MASTER-ALL-GRADES-ALL-SUBJECTS-STD-TEMPLATE,1,1,1,"DPS,GSEB,2026-2027,GUJ,STD07,GEN,GUJ",TPL_STD06_08_UPPER_PRIMARY,Academic Year 2026-2027
DPS-GSEB-GUJ-STD07-GEN-HIN-2026,Drona Public School - Gujarat Board Education - Gujarati Medium - Standard 7 - GEN - Hindi - 2026-2027,DPS-GSEB-GUJ-STD07-GEN-HIN-26,DPS-GSEB-GUJ-STD07-GEN-HIN-2026,DRONA_TRUST_GSEB_DPS_2026_2027_GUJ_STD07_GEN,GSEB,DPS,GUJ,STD07,GEN,HIN,Hindi,2026-2027,topics,16,1,1,1,"Hindi course for Standard 7 GEN Gujarati Medium in 2026-2027. Includes 10 chapter structure, term exams, final exam, completion rules and default certification.",MASTER-ALL-GRADES-ALL-SUBJECTS-STD-TEMPLATE,1,1,1,"DPS,GSEB,2026-2027,GUJ,STD07,GEN,HIN",TPL_STD06_08_UPPER_PRIMARY,Academic Year 2026-2027
DPS-GSEB-GUJ-STD07-GEN-ENG-2026,Drona Public School - Gujarat Board Education - Gujarati Medium - Standard 7 - GEN - English - 2026-2027,DPS-GSEB-GUJ-STD07-GEN-ENG-26,DPS-GSEB-GUJ-STD07-GEN-ENG-2026,DRONA_TRUST_GSEB_DPS_2026_2027_GUJ_STD07_GEN,GSEB,DPS,GUJ,STD07,GEN,ENG,English,2026-2027,topics,16,1,1,1,"English course for Standard 7 GEN Gujarati Medium in 2026-2027. Includes 10 chapter structure, term exams, final exam, completion rules and default certification.",MASTER-ALL-GRADES-ALL-SUBJECTS-STD-TEMPLATE,1,1,1,"DPS,GSEB,2026-2027,GUJ,STD07,GEN,ENG",TPL_STD06_08_UPPER_PRIMARY,Academic Year 2026-2027
DPS-GSEB-GUJ-STD07-GEN-MATH-2026,Drona Public School - Gujarat Board Education - Gujarati Medium - Standard 7 - GEN - Mathematics - 2026-2027,DPS-GSEB-GUJ-STD07-GEN-MATH-26,DPS-GSEB-GUJ-STD07-GEN-MATH-2026,DRONA_TRUST_GSEB_DPS_2026_2027_GUJ_STD07_GEN,GSEB,DPS,GUJ,STD07,GEN,MATH,Mathematics,2026-2027,topics,16,1,1,1,"Mathematics course for Standard 7 GEN Gujarati Medium in 2026-2027. Includes 10 chapter structure, term exams, final exam, completion rules and default certification.",MASTER-ALL-GRADES-ALL-SUBJECTS-STD-TEMPLATE,1,1,1,"DPS,GSEB,2026-2027,GUJ,STD07,GEN,MATH",TPL_STD06_08_UPPER_PRIMARY,Academic Year 2026-2027
DPS-GSEB-GUJ-STD07-GEN-SCI-2026,Drona Public School - Gujarat Board Education - Gujarati Medium - Standard 7 - GEN - Science - 2026-2027,DPS-GSEB-GUJ-STD07-GEN-SCI-26,DPS-GSEB-GUJ-STD07-GEN-SCI-2026,DRONA_TRUST_GSEB_DPS_2026_2027_GUJ_STD07_GEN,GSEB,DPS,GUJ,STD07,GEN,SCI,Science,2026-2027,topics,16,1,1,1,"Science course for Standard 7 GEN Gujarati Medium in 2026-2027. Includes 10 chapter structure, term exams, final exam, completion rules and default certification.",MASTER-ALL-GRADES-ALL-SUBJECTS-STD-TEMPLATE,1,1,1,"DPS,GSEB,2026-2027,GUJ,STD07,GEN,SCI",TPL_STD06_08_UPPER_PRIMARY,Academic Year 2026-2027
DPS-GSEB-GUJ-STD07-GEN-SS-2026,Drona Public School - Gujarat Board Education - Gujarati Medium - Standard 7 - GEN - Social Science - 2026-2027,DPS-GSEB-GUJ-STD07-GEN-SS-26,DPS-GSEB-GUJ-STD07-GEN-SS-2026,DRONA_TRUST_GSEB_DPS_2026_2027_GUJ_STD07_GEN,GSEB,DPS,GUJ,STD07,GEN,SS,Social Science,2026-2027,topics,16,1,1,1,"Social Science course for Standard 7 GEN Gujarati Medium in 2026-2027. Includes 10 chapter structure, term exams, final exam, completion rules and default certification.",MASTER-ALL-GRADES-ALL-SUBJECTS-STD-TEMPLATE,1,1,1,"DPS,GSEB,2026-2027,GUJ,STD07,GEN,SS",TPL_STD06_08_UPPER_PRIMARY,Academic Year 2026-2027
DPS-GSEB-GUJ-STD07-GEN-CS-2026,Drona Public School - Gujarat Board Education - Gujarati Medium - Standard 7 - GEN - Computer Studies - 2026-2027,DPS-GSEB-GUJ-STD07-GEN-CS-26,DPS-GSEB-GUJ-STD07-GEN-CS-2026,DRONA_TRUST_GSEB_DPS_2026_2027_GUJ_STD07_GEN,GSEB,DPS,GUJ,STD07,GEN,CS,Computer Studies,2026-2027,topics,16,1,1,1,"Computer Studies course for Standard 7 GEN Gujarati Medium in 2026-2027. Includes 10 chapter structure, term exams, final exam, completion rules and default certification.",MASTER-ALL-GRADES-ALL-SUBJECTS-STD-TEMPLATE,1,1,1,"DPS,GSEB,2026-2027,GUJ,STD07,GEN,CS",TPL_STD06_08_UPPER_PRIMARY,Academic Year 2026-2027
DPS-GSEB-GUJ-STD07-GEN-ART-2026,Drona Public School - Gujarat Board Education - Gujarati Medium - Standard 7 - GEN - Art Education - 2026-2027,DPS-GSEB-GUJ-STD07-GEN-ART-26,DPS-GSEB-GUJ-STD07-GEN-ART-2026,DRONA_TRUST_GSEB_DPS_2026_2027_GUJ_STD07_GEN,GSEB,DPS,GUJ,STD07,GEN,ART,Art Education,2026-2027,topics,16,1,1,1,"Art Education course for Standard 7 GEN Gujarati Medium in 2026-2027. Includes 10 chapter structure, term exams, final exam, completion rules and default certification.",MASTER-ALL-GRADES-ALL-SUBJECTS-STD-TEMPLATE,1,1,1,"DPS,GSEB,2026-2027,GUJ,STD07,GEN,ART",TPL_STD06_08_UPPER_PRIMARY,Academic Year 2026-2027
DPS-GSEB-GUJ-STD07-GEN-PE-2026,Drona Public School - Gujarat Board Education - Gujarati Medium - Standard 7 - GEN - Physical Education - 2026-2027,DPS-GSEB-GUJ-STD07-GEN-PE-26,DPS-GSEB-GUJ-STD07-GEN-PE-2026,DRONA_TRUST_GSEB_DPS_2026_2027_GUJ_STD07_GEN,GSEB,DPS,GUJ,STD07,GEN,PE,Physical Education,2026-2027,topics,16,1,1,1,"Physical Education course for Standard 7 GEN Gujarati Medium in 2026-2027. Includes 10 chapter structure, term exams, final exam, completion rules and default certification.",MASTER-ALL-GRADES-ALL-SUBJECTS-STD-TEMPLATE,1,1,1,"DPS,GSEB,2026-2027,GUJ,STD07,GEN,PE",TPL_STD06_08_UPPER_PRIMARY,Academic Year 2026-2027
DPS-GSEB-GUJ-STD08-GEN-GUJ-2026,Drona Public School - Gujarat Board Education - Gujarati Medium - Standard 8 - GEN - Gujarati - 2026-2027,DPS-GSEB-GUJ-STD08-GEN-GUJ-26,DPS-GSEB-GUJ-STD08-GEN-GUJ-2026,DRONA_TRUST_GSEB_DPS_2026_2027_GUJ_STD08_GEN,GSEB,DPS,GUJ,STD08,GEN,GUJ,Gujarati,2026-2027,topics,16,1,1,1,"Gujarati course for Standard 8 GEN Gujarati Medium in 2026-2027. Includes 10 chapter structure, term exams, final exam, completion rules and default certification.",MASTER-ALL-GRADES-ALL-SUBJECTS-STD-TEMPLATE,1,1,1,"DPS,GSEB,2026-2027,GUJ,STD08,GEN,GUJ",TPL_STD06_08_UPPER_PRIMARY,Academic Year 2026-2027
DPS-GSEB-GUJ-STD08-GEN-HIN-2026,Drona Public School - Gujarat Board Education - Gujarati Medium - Standard 8 - GEN - Hindi - 2026-2027,DPS-GSEB-GUJ-STD08-GEN-HIN-26,DPS-GSEB-GUJ-STD08-GEN-HIN-2026,DRONA_TRUST_GSEB_DPS_2026_2027_GUJ_STD08_GEN,GSEB,DPS,GUJ,STD08,GEN,HIN,Hindi,2026-2027,topics,16,1,1,1,"Hindi course for Standard 8 GEN Gujarati Medium in 2026-2027. Includes 10 chapter structure, term exams, final exam, completion rules and default certification.",MASTER-ALL-GRADES-ALL-SUBJECTS-STD-TEMPLATE,1,1,1,"DPS,GSEB,2026-2027,GUJ,STD08,GEN,HIN",TPL_STD06_08_UPPER_PRIMARY,Academic Year 2026-2027
DPS-GSEB-GUJ-STD08-GEN-ENG-2026,Drona Public School - Gujarat Board Education - Gujarati Medium - Standard 8 - GEN - English - 2026-2027,DPS-GSEB-GUJ-STD08-GEN-ENG-26,DPS-GSEB-GUJ-STD08-GEN-ENG-2026,DRONA_TRUST_GSEB_DPS_2026_2027_GUJ_STD08_GEN,GSEB,DPS,GUJ,STD08,GEN,ENG,English,2026-2027,topics,16,1,1,1,"English course for Standard 8 GEN Gujarati Medium in 2026-2027. Includes 10 chapter structure, term exams, final exam, completion rules and default certification.",MASTER-ALL-GRADES-ALL-SUBJECTS-STD-TEMPLATE,1,1,1,"DPS,GSEB,2026-2027,GUJ,STD08,GEN,ENG",TPL_STD06_08_UPPER_PRIMARY,Academic Year 2026-2027
DPS-GSEB-GUJ-STD08-GEN-MATH-2026,Drona Public School - Gujarat Board Education - Gujarati Medium - Standard 8 - GEN - Mathematics - 2026-2027,DPS-GSEB-GUJ-STD08-GEN-MATH-26,DPS-GSEB-GUJ-STD08-GEN-MATH-2026,DRONA_TRUST_GSEB_DPS_2026_2027_GUJ_STD08_GEN,GSEB,DPS,GUJ,STD08,GEN,MATH,Mathematics,2026-2027,topics,16,1,1,1,"Mathematics course for Standard 8 GEN Gujarati Medium in 2026-2027. Includes 10 chapter structure, term exams, final exam, completion rules and default certification.",MASTER-ALL-GRADES-ALL-SUBJECTS-STD-TEMPLATE,1,1,1,"DPS,GSEB,2026-2027,GUJ,STD08,GEN,MATH",TPL_STD06_08_UPPER_PRIMARY,Academic Year 2026-2027
DPS-GSEB-GUJ-STD08-GEN-SCI-2026,Drona Public School - Gujarat Board Education - Gujarati Medium - Standard 8 - GEN - Science - 2026-2027,DPS-GSEB-GUJ-STD08-GEN-SCI-26,DPS-GSEB-GUJ-STD08-GEN-SCI-2026,DRONA_TRUST_GSEB_DPS_2026_2027_GUJ_STD08_GEN,GSEB,DPS,GUJ,STD08,GEN,SCI,Science,2026-2027,topics,16,1,1,1,"Science course for Standard 8 GEN Gujarati Medium in 2026-2027. Includes 10 chapter structure, term exams, final exam, completion rules and default certification.",MASTER-ALL-GRADES-ALL-SUBJECTS-STD-TEMPLATE,1,1,1,"DPS,GSEB,2026-2027,GUJ,STD08,GEN,SCI",TPL_STD06_08_UPPER_PRIMARY,Academic Year 2026-2027
DPS-GSEB-GUJ-STD08-GEN-SS-2026,Drona Public School - Gujarat Board Education - Gujarati Medium - Standard 8 - GEN - Social Science - 2026-2027,DPS-GSEB-GUJ-STD08-GEN-SS-26,DPS-GSEB-GUJ-STD08-GEN-SS-2026,DRONA_TRUST_GSEB_DPS_2026_2027_GUJ_STD08_GEN,GSEB,DPS,GUJ,STD08,GEN,SS,Social Science,2026-2027,topics,16,1,1,1,"Social Science course for Standard 8 GEN Gujarati Medium in 2026-2027. Includes 10 chapter structure, term exams, final exam, completion rules and default certification.",MASTER-ALL-GRADES-ALL-SUBJECTS-STD-TEMPLATE,1,1,1,"DPS,GSEB,2026-2027,GUJ,STD08,GEN,SS",TPL_STD06_08_UPPER_PRIMARY,Academic Year 2026-2027
DPS-GSEB-GUJ-STD08-GEN-CS-2026,Drona Public School - Gujarat Board Education - Gujarati Medium - Standard 8 - GEN - Computer Studies - 2026-2027,DPS-GSEB-GUJ-STD08-GEN-CS-26,DPS-GSEB-GUJ-STD08-GEN-CS-2026,DRONA_TRUST_GSEB_DPS_2026_2027_GUJ_STD08_GEN,GSEB,DPS,GUJ,STD08,GEN,CS,Computer Studies,2026-2027,topics,16,1,1,1,"Computer Studies course for Standard 8 GEN Gujarati Medium in 2026-2027. Includes 10 chapter structure, term exams, final exam, completion rules and default certification.",MASTER-ALL-GRADES-ALL-SUBJECTS-STD-TEMPLATE,1,1,1,"DPS,GSEB,2026-2027,GUJ,STD08,GEN,CS",TPL_STD06_08_UPPER_PRIMARY,Academic Year 2026-2027
DPS-GSEB-GUJ-STD08-GEN-ART-2026,Drona Public School - Gujarat Board Education - Gujarati Medium - Standard 8 - GEN - Art Education - 2026-2027,DPS-GSEB-GUJ-STD08-GEN-ART-26,DPS-GSEB-GUJ-STD08-GEN-ART-2026,DRONA_TRUST_GSEB_DPS_2026_2027_GUJ_STD08_GEN,GSEB,DPS,GUJ,STD08,GEN,ART,Art Education,2026-2027,topics,16,1,1,1,"Art Education course for Standard 8 GEN Gujarati Medium in 2026-2027. Includes 10 chapter structure, term exams, final exam, completion rules and default certification.",MASTER-ALL-GRADES-ALL-SUBJECTS-STD-TEMPLATE,1,1,1,"DPS,GSEB,2026-2027,GUJ,STD08,GEN,ART",TPL_STD06_08_UPPER_PRIMARY,Academic Year 2026-2027
DPS-GSEB-GUJ-STD08-GEN-PE-2026,Drona Public School - Gujarat Board Education - Gujarati Medium - Standard 8 - GEN - Physical Education - 2026-2027,DPS-GSEB-GUJ-STD08-GEN-PE-26,DPS-GSEB-GUJ-STD08-GEN-PE-2026,DRONA_TRUST_GSEB_DPS_2026_2027_GUJ_STD08_GEN,GSEB,DPS,GUJ,STD08,GEN,PE,Physical Education,2026-2027,topics,16,1,1,1,"Physical Education course for Standard 8 GEN Gujarati Medium in 2026-2027. Includes 10 chapter structure, term exams, final exam, completion rules and default certification.",MASTER-ALL-GRADES-ALL-SUBJECTS-STD-TEMPLATE,1,1,1,"DPS,GSEB,2026-2027,GUJ,STD08,GEN,PE",TPL_STD06_08_UPPER_PRIMARY,Academic Year 2026-2027
DPS-GSEB-GUJ-STD09-GEN-GUJ-2026,Drona Public School - Gujarat Board Education - Gujarati Medium - Standard 9 - GEN - Gujarati - 2026-2027,DPS-GSEB-GUJ-STD09-GEN-GUJ-26,DPS-GSEB-GUJ-STD09-GEN-GUJ-2026,DRONA_TRUST_GSEB_DPS_2026_2027_GUJ_STD09_GEN,GSEB,DPS,GUJ,STD09,GEN,GUJ,Gujarati,2026-2027,topics,16,1,1,1,"Gujarati course for Standard 9 GEN Gujarati Medium in 2026-2027. Includes 10 chapter structure, term exams, final exam, completion rules and default certification.",MASTER-ALL-GRADES-ALL-SUBJECTS-STD-TEMPLATE,1,1,1,"DPS,GSEB,2026-2027,GUJ,STD09,GEN,GUJ",TPL_STD09_10_BOARD_FOUNDATION,Academic Year 2026-2027
DPS-GSEB-GUJ-STD09-GEN-HIN-2026,Drona Public School - Gujarat Board Education - Gujarati Medium - Standard 9 - GEN - Hindi - 2026-2027,DPS-GSEB-GUJ-STD09-GEN-HIN-26,DPS-GSEB-GUJ-STD09-GEN-HIN-2026,DRONA_TRUST_GSEB_DPS_2026_2027_GUJ_STD09_GEN,GSEB,DPS,GUJ,STD09,GEN,HIN,Hindi,2026-2027,topics,16,1,1,1,"Hindi course for Standard 9 GEN Gujarati Medium in 2026-2027. Includes 10 chapter structure, term exams, final exam, completion rules and default certification.",MASTER-ALL-GRADES-ALL-SUBJECTS-STD-TEMPLATE,1,1,1,"DPS,GSEB,2026-2027,GUJ,STD09,GEN,HIN",TPL_STD09_10_BOARD_FOUNDATION,Academic Year 2026-2027
DPS-GSEB-GUJ-STD09-GEN-ENG-2026,Drona Public School - Gujarat Board Education - Gujarati Medium - Standard 9 - GEN - English - 2026-2027,DPS-GSEB-GUJ-STD09-GEN-ENG-26,DPS-GSEB-GUJ-STD09-GEN-ENG-2026,DRONA_TRUST_GSEB_DPS_2026_2027_GUJ_STD09_GEN,GSEB,DPS,GUJ,STD09,GEN,ENG,English,2026-2027,topics,16,1,1,1,"English course for Standard 9 GEN Gujarati Medium in 2026-2027. Includes 10 chapter structure, term exams, final exam, completion rules and default certification.",MASTER-ALL-GRADES-ALL-SUBJECTS-STD-TEMPLATE,1,1,1,"DPS,GSEB,2026-2027,GUJ,STD09,GEN,ENG",TPL_STD09_10_BOARD_FOUNDATION,Academic Year 2026-2027
DPS-GSEB-GUJ-STD09-GEN-MATH-2026,Drona Public School - Gujarat Board Education - Gujarati Medium - Standard 9 - GEN - Mathematics - 2026-2027,DPS-GSEB-GUJ-STD09-GEN-MATH-26,DPS-GSEB-GUJ-STD09-GEN-MATH-2026,DRONA_TRUST_GSEB_DPS_2026_2027_GUJ_STD09_GEN,GSEB,DPS,GUJ,STD09,GEN,MATH,Mathematics,2026-2027,topics,16,1,1,1,"Mathematics course for Standard 9 GEN Gujarati Medium in 2026-2027. Includes 10 chapter structure, term exams, final exam, completion rules and default certification.",MASTER-ALL-GRADES-ALL-SUBJECTS-STD-TEMPLATE,1,1,1,"DPS,GSEB,2026-2027,GUJ,STD09,GEN,MATH",TPL_STD09_10_BOARD_FOUNDATION,Academic Year 2026-2027
DPS-GSEB-GUJ-STD09-GEN-SCI-2026,Drona Public School - Gujarat Board Education - Gujarati Medium - Standard 9 - GEN - Science - 2026-2027,DPS-GSEB-GUJ-STD09-GEN-SCI-26,DPS-GSEB-GUJ-STD09-GEN-SCI-2026,DRONA_TRUST_GSEB_DPS_2026_2027_GUJ_STD09_GEN,GSEB,DPS,GUJ,STD09,GEN,SCI,Science,2026-2027,topics,16,1,1,1,"Science course for Standard 9 GEN Gujarati Medium in 2026-2027. Includes 10 chapter structure, term exams, final exam, completion rules and default certification.",MASTER-ALL-GRADES-ALL-SUBJECTS-STD-TEMPLATE,1,1,1,"DPS,GSEB,2026-2027,GUJ,STD09,GEN,SCI",TPL_STD09_10_BOARD_FOUNDATION,Academic Year 2026-2027
DPS-GSEB-GUJ-STD09-GEN-SS-2026,Drona Public School - Gujarat Board Education - Gujarati Medium - Standard 9 - GEN - Social Science - 2026-2027,DPS-GSEB-GUJ-STD09-GEN-SS-26,DPS-GSEB-GUJ-STD09-GEN-SS-2026,DRONA_TRUST_GSEB_DPS_2026_2027_GUJ_STD09_GEN,GSEB,DPS,GUJ,STD09,GEN,SS,Social Science,2026-2027,topics,16,1,1,1,"Social Science course for Standard 9 GEN Gujarati Medium in 2026-2027. Includes 10 chapter structure, term exams, final exam, completion rules and default certification.",MASTER-ALL-GRADES-ALL-SUBJECTS-STD-TEMPLATE,1,1,1,"DPS,GSEB,2026-2027,GUJ,STD09,GEN,SS",TPL_STD09_10_BOARD_FOUNDATION,Academic Year 2026-2027
DPS-GSEB-GUJ-STD09-GEN-CS-2026,Drona Public School - Gujarat Board Education - Gujarati Medium - Standard 9 - GEN - Computer Studies - 2026-2027,DPS-GSEB-GUJ-STD09-GEN-CS-26,DPS-GSEB-GUJ-STD09-GEN-CS-2026,DRONA_TRUST_GSEB_DPS_2026_2027_GUJ_STD09_GEN,GSEB,DPS,GUJ,STD09,GEN,CS,Computer Studies,2026-2027,topics,16,1,1,1,"Computer Studies course for Standard 9 GEN Gujarati Medium in 2026-2027. Includes 10 chapter structure, term exams, final exam, completion rules and default certification.",MASTER-ALL-GRADES-ALL-SUBJECTS-STD-TEMPLATE,1,1,1,"DPS,GSEB,2026-2027,GUJ,STD09,GEN,CS",TPL_STD09_10_BOARD_FOUNDATION,Academic Year 2026-2027
DPS-GSEB-GUJ-STD09-GEN-PE-2026,Drona Public School - Gujarat Board Education - Gujarati Medium - Standard 9 - GEN - Physical Education - 2026-2027,DPS-GSEB-GUJ-STD09-GEN-PE-26,DPS-GSEB-GUJ-STD09-GEN-PE-2026,DRONA_TRUST_GSEB_DPS_2026_2027_GUJ_STD09_GEN,GSEB,DPS,GUJ,STD09,GEN,PE,Physical Education,2026-2027,topics,16,1,1,1,"Physical Education course for Standard 9 GEN Gujarati Medium in 2026-2027. Includes 10 chapter structure, term exams, final exam, completion rules and default certification.",MASTER-ALL-GRADES-ALL-SUBJECTS-STD-TEMPLATE,1,1,1,"DPS,GSEB,2026-2027,GUJ,STD09,GEN,PE",TPL_STD09_10_BOARD_FOUNDATION,Academic Year 2026-2027
DPS-GSEB-GUJ-STD10-GEN-GUJ-2026,Drona Public School - Gujarat Board Education - Gujarati Medium - Standard 10 - GEN - Gujarati - 2026-2027,DPS-GSEB-GUJ-STD10-GEN-GUJ-26,DPS-GSEB-GUJ-STD10-GEN-GUJ-2026,DRONA_TRUST_GSEB_DPS_2026_2027_GUJ_STD10_GEN,GSEB,DPS,GUJ,STD10,GEN,GUJ,Gujarati,2026-2027,topics,16,1,1,1,"Gujarati course for Standard 10 GEN Gujarati Medium in 2026-2027. Includes 10 chapter structure, term exams, final exam, completion rules and default certification.",MASTER-ALL-GRADES-ALL-SUBJECTS-STD-TEMPLATE,1,1,1,"DPS,GSEB,2026-2027,GUJ,STD10,GEN,GUJ",TPL_STD09_10_BOARD_FOUNDATION,Academic Year 2026-2027
DPS-GSEB-GUJ-STD10-GEN-HIN-2026,Drona Public School - Gujarat Board Education - Gujarati Medium - Standard 10 - GEN - Hindi - 2026-2027,DPS-GSEB-GUJ-STD10-GEN-HIN-26,DPS-GSEB-GUJ-STD10-GEN-HIN-2026,DRONA_TRUST_GSEB_DPS_2026_2027_GUJ_STD10_GEN,GSEB,DPS,GUJ,STD10,GEN,HIN,Hindi,2026-2027,topics,16,1,1,1,"Hindi course for Standard 10 GEN Gujarati Medium in 2026-2027. Includes 10 chapter structure, term exams, final exam, completion rules and default certification.",MASTER-ALL-GRADES-ALL-SUBJECTS-STD-TEMPLATE,1,1,1,"DPS,GSEB,2026-2027,GUJ,STD10,GEN,HIN",TPL_STD09_10_BOARD_FOUNDATION,Academic Year 2026-2027
DPS-GSEB-GUJ-STD10-GEN-ENG-2026,Drona Public School - Gujarat Board Education - Gujarati Medium - Standard 10 - GEN - English - 2026-2027,DPS-GSEB-GUJ-STD10-GEN-ENG-26,DPS-GSEB-GUJ-STD10-GEN-ENG-2026,DRONA_TRUST_GSEB_DPS_2026_2027_GUJ_STD10_GEN,GSEB,DPS,GUJ,STD10,GEN,ENG,English,2026-2027,topics,16,1,1,1,"English course for Standard 10 GEN Gujarati Medium in 2026-2027. Includes 10 chapter structure, term exams, final exam, completion rules and default certification.",MASTER-ALL-GRADES-ALL-SUBJECTS-STD-TEMPLATE,1,1,1,"DPS,GSEB,2026-2027,GUJ,STD10,GEN,ENG",TPL_STD09_10_BOARD_FOUNDATION,Academic Year 2026-2027
DPS-GSEB-GUJ-STD10-GEN-MATH-2026,Drona Public School - Gujarat Board Education - Gujarati Medium - Standard 10 - GEN - Mathematics - 2026-2027,DPS-GSEB-GUJ-STD10-GEN-MATH-26,DPS-GSEB-GUJ-STD10-GEN-MATH-2026,DRONA_TRUST_GSEB_DPS_2026_2027_GUJ_STD10_GEN,GSEB,DPS,GUJ,STD10,GEN,MATH,Mathematics,2026-2027,topics,16,1,1,1,"Mathematics course for Standard 10 GEN Gujarati Medium in 2026-2027. Includes 10 chapter structure, term exams, final exam, completion rules and default certification.",MASTER-ALL-GRADES-ALL-SUBJECTS-STD-TEMPLATE,1,1,1,"DPS,GSEB,2026-2027,GUJ,STD10,GEN,MATH",TPL_STD09_10_BOARD_FOUNDATION,Academic Year 2026-2027
DPS-GSEB-GUJ-STD10-GEN-SCI-2026,Drona Public School - Gujarat Board Education - Gujarati Medium - Standard 10 - GEN - Science - 2026-2027,DPS-GSEB-GUJ-STD10-GEN-SCI-26,DPS-GSEB-GUJ-STD10-GEN-SCI-2026,DRONA_TRUST_GSEB_DPS_2026_2027_GUJ_STD10_GEN,GSEB,DPS,GUJ,STD10,GEN,SCI,Science,2026-2027,topics,16,1,1,1,"Science course for Standard 10 GEN Gujarati Medium in 2026-2027. Includes 10 chapter structure, term exams, final exam, completion rules and default certification.",MASTER-ALL-GRADES-ALL-SUBJECTS-STD-TEMPLATE,1,1,1,"DPS,GSEB,2026-2027,GUJ,STD10,GEN,SCI",TPL_STD09_10_BOARD_FOUNDATION,Academic Year 2026-2027
DPS-GSEB-GUJ-STD10-GEN-SS-2026,Drona Public School - Gujarat Board Education - Gujarati Medium - Standard 10 - GEN - Social Science - 2026-2027,DPS-GSEB-GUJ-STD10-GEN-SS-26,DPS-GSEB-GUJ-STD10-GEN-SS-2026,DRONA_TRUST_GSEB_DPS_2026_2027_GUJ_STD10_GEN,GSEB,DPS,GUJ,STD10,GEN,SS,Social Science,2026-2027,topics,16,1,1,1,"Social Science course for Standard 10 GEN Gujarati Medium in 2026-2027. Includes 10 chapter structure, term exams, final exam, completion rules and default certification.",MASTER-ALL-GRADES-ALL-SUBJECTS-STD-TEMPLATE,1,1,1,"DPS,GSEB,2026-2027,GUJ,STD10,GEN,SS",TPL_STD09_10_BOARD_FOUNDATION,Academic Year 2026-2027
DPS-GSEB-GUJ-STD10-GEN-CS-2026,Drona Public School - Gujarat Board Education - Gujarati Medium - Standard 10 - GEN - Computer Studies - 2026-2027,DPS-GSEB-GUJ-STD10-GEN-CS-26,DPS-GSEB-GUJ-STD10-GEN-CS-2026,DRONA_TRUST_GSEB_DPS_2026_2027_GUJ_STD10_GEN,GSEB,DPS,GUJ,STD10,GEN,CS,Computer Studies,2026-2027,topics,16,1,1,1,"Computer Studies course for Standard 10 GEN Gujarati Medium in 2026-2027. Includes 10 chapter structure, term exams, final exam, completion rules and default certification.",MASTER-ALL-GRADES-ALL-SUBJECTS-STD-TEMPLATE,1,1,1,"DPS,GSEB,2026-2027,GUJ,STD10,GEN,CS",TPL_STD09_10_BOARD_FOUNDATION,Academic Year 2026-2027
DPS-GSEB-GUJ-STD10-GEN-PE-2026,Drona Public School - Gujarat Board Education - Gujarati Medium - Standard 10 - GEN - Physical Education - 2026-2027,DPS-GSEB-GUJ-STD10-GEN-PE-26,DPS-GSEB-GUJ-STD10-GEN-PE-2026,DRONA_TRUST_GSEB_DPS_2026_2027_GUJ_STD10_GEN,GSEB,DPS,GUJ,STD10,GEN,PE,Physical Education,2026-2027,topics,16,1,1,1,"Physical Education course for Standard 10 GEN Gujarati Medium in 2026-2027. Includes 10 chapter structure, term exams, final exam, completion rules and default certification.",MASTER-ALL-GRADES-ALL-SUBJECTS-STD-TEMPLATE,1,1,1,"DPS,GSEB,2026-2027,GUJ,STD10,GEN,PE",TPL_STD09_10_BOARD_FOUNDATION,Academic Year 2026-2027
DPS-GSEB-GUJ-STD11-SCI-ENG-2026,Drona Public School - Gujarat Board Education - Gujarati Medium - Standard 11 - SCI - English - 2026-2027,DPS-GSEB-GUJ-STD11-SCI-ENG-26,DPS-GSEB-GUJ-STD11-SCI-ENG-2026,DRONA_TRUST_GSEB_DPS_2026_2027_GUJ_STD11_SCI,GSEB,DPS,GUJ,STD11,SCI,ENG,English,2026-2027,topics,16,1,1,1,"English course for Standard 11 SCI Gujarati Medium in 2026-2027. Includes 10 chapter structure, term exams, final exam, completion rules and default certification.",MASTER-ALL-GRADES-ALL-SUBJECTS-STD-TEMPLATE,1,1,1,"DPS,GSEB,2026-2027,GUJ,STD11,SCI,ENG",TPL_STD11_12_SCIENCE,Academic Year 2026-2027
DPS-GSEB-GUJ-STD11-SCI-PHY-2026,Drona Public School - Gujarat Board Education - Gujarati Medium - Standard 11 - SCI - Physics - 2026-2027,DPS-GSEB-GUJ-STD11-SCI-PHY-26,DPS-GSEB-GUJ-STD11-SCI-PHY-2026,DRONA_TRUST_GSEB_DPS_2026_2027_GUJ_STD11_SCI,GSEB,DPS,GUJ,STD11,SCI,PHY,Physics,2026-2027,topics,16,1,1,1,"Physics course for Standard 11 SCI Gujarati Medium in 2026-2027. Includes 10 chapter structure, term exams, final exam, completion rules and default certification.",MASTER-ALL-GRADES-ALL-SUBJECTS-STD-TEMPLATE,1,1,1,"DPS,GSEB,2026-2027,GUJ,STD11,SCI,PHY",TPL_STD11_12_SCIENCE,Academic Year 2026-2027
DPS-GSEB-GUJ-STD11-SCI-CHEM-2026,Drona Public School - Gujarat Board Education - Gujarati Medium - Standard 11 - SCI - Chemistry - 2026-2027,DPS-GSEB-GUJ-STD11-SCI-CHEM-26,DPS-GSEB-GUJ-STD11-SCI-CHEM-2026,DRONA_TRUST_GSEB_DPS_2026_2027_GUJ_STD11_SCI,GSEB,DPS,GUJ,STD11,SCI,CHEM,Chemistry,2026-2027,topics,16,1,1,1,"Chemistry course for Standard 11 SCI Gujarati Medium in 2026-2027. Includes 10 chapter structure, term exams, final exam, completion rules and default certification.",MASTER-ALL-GRADES-ALL-SUBJECTS-STD-TEMPLATE,1,1,1,"DPS,GSEB,2026-2027,GUJ,STD11,SCI,CHEM",TPL_STD11_12_SCIENCE,Academic Year 2026-2027
DPS-GSEB-GUJ-STD11-SCI-BIO-2026,Drona Public School - Gujarat Board Education - Gujarati Medium - Standard 11 - SCI - Biology - 2026-2027,DPS-GSEB-GUJ-STD11-SCI-BIO-26,DPS-GSEB-GUJ-STD11-SCI-BIO-2026,DRONA_TRUST_GSEB_DPS_2026_2027_GUJ_STD11_SCI,GSEB,DPS,GUJ,STD11,SCI,BIO,Biology,2026-2027,topics,16,1,1,1,"Biology course for Standard 11 SCI Gujarati Medium in 2026-2027. Includes 10 chapter structure, term exams, final exam, completion rules and default certification.",MASTER-ALL-GRADES-ALL-SUBJECTS-STD-TEMPLATE,1,1,1,"DPS,GSEB,2026-2027,GUJ,STD11,SCI,BIO",TPL_STD11_12_SCIENCE,Academic Year 2026-2027
DPS-GSEB-GUJ-STD11-SCI-MATH-2026,Drona Public School - Gujarat Board Education - Gujarati Medium - Standard 11 - SCI - Mathematics - 2026-2027,DPS-GSEB-GUJ-STD11-SCI-MATH-26,DPS-GSEB-GUJ-STD11-SCI-MATH-2026,DRONA_TRUST_GSEB_DPS_2026_2027_GUJ_STD11_SCI,GSEB,DPS,GUJ,STD11,SCI,MATH,Mathematics,2026-2027,topics,16,1,1,1,"Mathematics course for Standard 11 SCI Gujarati Medium in 2026-2027. Includes 10 chapter structure, term exams, final exam, completion rules and default certification.",MASTER-ALL-GRADES-ALL-SUBJECTS-STD-TEMPLATE,1,1,1,"DPS,GSEB,2026-2027,GUJ,STD11,SCI,MATH",TPL_STD11_12_SCIENCE,Academic Year 2026-2027
DPS-GSEB-GUJ-STD11-SCI-CS-2026,Drona Public School - Gujarat Board Education - Gujarati Medium - Standard 11 - SCI - Computer Studies - 2026-2027,DPS-GSEB-GUJ-STD11-SCI-CS-26,DPS-GSEB-GUJ-STD11-SCI-CS-2026,DRONA_TRUST_GSEB_DPS_2026_2027_GUJ_STD11_SCI,GSEB,DPS,GUJ,STD11,SCI,CS,Computer Studies,2026-2027,topics,16,1,1,1,"Computer Studies course for Standard 11 SCI Gujarati Medium in 2026-2027. Includes 10 chapter structure, term exams, final exam, completion rules and default certification.",MASTER-ALL-GRADES-ALL-SUBJECTS-STD-TEMPLATE,1,1,1,"DPS,GSEB,2026-2027,GUJ,STD11,SCI,CS",TPL_STD11_12_SCIENCE,Academic Year 2026-2027
DPS-GSEB-GUJ-STD11-SCI-PE-2026,Drona Public School - Gujarat Board Education - Gujarati Medium - Standard 11 - SCI - Physical Education - 2026-2027,DPS-GSEB-GUJ-STD11-SCI-PE-26,DPS-GSEB-GUJ-STD11-SCI-PE-2026,DRONA_TRUST_GSEB_DPS_2026_2027_GUJ_STD11_SCI,GSEB,DPS,GUJ,STD11,SCI,PE,Physical Education,2026-2027,topics,16,1,1,1,"Physical Education course for Standard 11 SCI Gujarati Medium in 2026-2027. Includes 10 chapter structure, term exams, final exam, completion rules and default certification.",MASTER-ALL-GRADES-ALL-SUBJECTS-STD-TEMPLATE,1,1,1,"DPS,GSEB,2026-2027,GUJ,STD11,SCI,PE",TPL_STD11_12_SCIENCE,Academic Year 2026-2027
DPS-GSEB-GUJ-STD11-COM-ENG-2026,Drona Public School - Gujarat Board Education - Gujarati Medium - Standard 11 - COM - English - 2026-2027,DPS-GSEB-GUJ-STD11-COM-ENG-26,DPS-GSEB-GUJ-STD11-COM-ENG-2026,DRONA_TRUST_GSEB_DPS_2026_2027_GUJ_STD11_COM,GSEB,DPS,GUJ,STD11,COM,ENG,English,2026-2027,topics,16,1,1,1,"English course for Standard 11 COM Gujarati Medium in 2026-2027. Includes 10 chapter structure, term exams, final exam, completion rules and default certification.",MASTER-ALL-GRADES-ALL-SUBJECTS-STD-TEMPLATE,1,1,1,"DPS,GSEB,2026-2027,GUJ,STD11,COM,ENG",TPL_STD11_12_COMMERCE,Academic Year 2026-2027
DPS-GSEB-GUJ-STD11-COM-ACC-2026,Drona Public School - Gujarat Board Education - Gujarati Medium - Standard 11 - COM - Accountancy - 2026-2027,DPS-GSEB-GUJ-STD11-COM-ACC-26,DPS-GSEB-GUJ-STD11-COM-ACC-2026,DRONA_TRUST_GSEB_DPS_2026_2027_GUJ_STD11_COM,GSEB,DPS,GUJ,STD11,COM,ACC,Accountancy,2026-2027,topics,16,1,1,1,"Accountancy course for Standard 11 COM Gujarati Medium in 2026-2027. Includes 10 chapter structure, term exams, final exam, completion rules and default certification.",MASTER-ALL-GRADES-ALL-SUBJECTS-STD-TEMPLATE,1,1,1,"DPS,GSEB,2026-2027,GUJ,STD11,COM,ACC",TPL_STD11_12_COMMERCE,Academic Year 2026-2027
DPS-GSEB-GUJ-STD11-COM-BA-2026,Drona Public School - Gujarat Board Education - Gujarati Medium - Standard 11 - COM - Business Studies - 2026-2027,DPS-GSEB-GUJ-STD11-COM-BA-26,DPS-GSEB-GUJ-STD11-COM-BA-2026,DRONA_TRUST_GSEB_DPS_2026_2027_GUJ_STD11_COM,GSEB,DPS,GUJ,STD11,COM,BA,Business Studies,2026-2027,topics,16,1,1,1,"Business Studies course for Standard 11 COM Gujarati Medium in 2026-2027. Includes 10 chapter structure, term exams, final exam, completion rules and default certification.",MASTER-ALL-GRADES-ALL-SUBJECTS-STD-TEMPLATE,1,1,1,"DPS,GSEB,2026-2027,GUJ,STD11,COM,BA",TPL_STD11_12_COMMERCE,Academic Year 2026-2027
DPS-GSEB-GUJ-STD11-COM-ECO-2026,Drona Public School - Gujarat Board Education - Gujarati Medium - Standard 11 - COM - Economics - 2026-2027,DPS-GSEB-GUJ-STD11-COM-ECO-26,DPS-GSEB-GUJ-STD11-COM-ECO-2026,DRONA_TRUST_GSEB_DPS_2026_2027_GUJ_STD11_COM,GSEB,DPS,GUJ,STD11,COM,ECO,Economics,2026-2027,topics,16,1,1,1,"Economics course for Standard 11 COM Gujarati Medium in 2026-2027. Includes 10 chapter structure, term exams, final exam, completion rules and default certification.",MASTER-ALL-GRADES-ALL-SUBJECTS-STD-TEMPLATE,1,1,1,"DPS,GSEB,2026-2027,GUJ,STD11,COM,ECO",TPL_STD11_12_COMMERCE,Academic Year 2026-2027
DPS-GSEB-GUJ-STD11-COM-STAT-2026,Drona Public School - Gujarat Board Education - Gujarati Medium - Standard 11 - COM - Statistics - 2026-2027,DPS-GSEB-GUJ-STD11-COM-STAT-26,DPS-GSEB-GUJ-STD11-COM-STAT-2026,DRONA_TRUST_GSEB_DPS_2026_2027_GUJ_STD11_COM,GSEB,DPS,GUJ,STD11,COM,STAT,Statistics,2026-2027,topics,16,1,1,1,"Statistics course for Standard 11 COM Gujarati Medium in 2026-2027. Includes 10 chapter structure, term exams, final exam, completion rules and default certification.",MASTER-ALL-GRADES-ALL-SUBJECTS-STD-TEMPLATE,1,1,1,"DPS,GSEB,2026-2027,GUJ,STD11,COM,STAT",TPL_STD11_12_COMMERCE,Academic Year 2026-2027
DPS-GSEB-GUJ-STD11-COM-CS-2026,Drona Public School - Gujarat Board Education - Gujarati Medium - Standard 11 - COM - Computer Studies - 2026-2027,DPS-GSEB-GUJ-STD11-COM-CS-26,DPS-GSEB-GUJ-STD11-COM-CS-2026,DRONA_TRUST_GSEB_DPS_2026_2027_GUJ_STD11_COM,GSEB,DPS,GUJ,STD11,COM,CS,Computer Studies,2026-2027,topics,16,1,1,1,"Computer Studies course for Standard 11 COM Gujarati Medium in 2026-2027. Includes 10 chapter structure, term exams, final exam, completion rules and default certification.",MASTER-ALL-GRADES-ALL-SUBJECTS-STD-TEMPLATE,1,1,1,"DPS,GSEB,2026-2027,GUJ,STD11,COM,CS",TPL_STD11_12_COMMERCE,Academic Year 2026-2027
DPS-GSEB-GUJ-STD11-COM-PE-2026,Drona Public School - Gujarat Board Education - Gujarati Medium - Standard 11 - COM - Physical Education - 2026-2027,DPS-GSEB-GUJ-STD11-COM-PE-26,DPS-GSEB-GUJ-STD11-COM-PE-2026,DRONA_TRUST_GSEB_DPS_2026_2027_GUJ_STD11_COM,GSEB,DPS,GUJ,STD11,COM,PE,Physical Education,2026-2027,topics,16,1,1,1,"Physical Education course for Standard 11 COM Gujarati Medium in 2026-2027. Includes 10 chapter structure, term exams, final exam, completion rules and default certification.",MASTER-ALL-GRADES-ALL-SUBJECTS-STD-TEMPLATE,1,1,1,"DPS,GSEB,2026-2027,GUJ,STD11,COM,PE",TPL_STD11_12_COMMERCE,Academic Year 2026-2027
DPS-GSEB-GUJ-STD11-ARTS-ENG-2026,Drona Public School - Gujarat Board Education - Gujarati Medium - Standard 11 - ARTS - English - 2026-2027,DPS-GSEB-GUJ-STD11-ARTS-ENG-26,DPS-GSEB-GUJ-STD11-ARTS-ENG-2026,DRONA_TRUST_GSEB_DPS_2026_2027_GUJ_STD11_ARTS,GSEB,DPS,GUJ,STD11,ARTS,ENG,English,2026-2027,topics,16,1,1,1,"English course for Standard 11 ARTS Gujarati Medium in 2026-2027. Includes 10 chapter structure, term exams, final exam, completion rules and default certification.",MASTER-ALL-GRADES-ALL-SUBJECTS-STD-TEMPLATE,1,1,1,"DPS,GSEB,2026-2027,GUJ,STD11,ARTS,ENG",TPL_STD11_12_ARTS,Academic Year 2026-2027
DPS-GSEB-GUJ-STD11-ARTS-HIST-2026,Drona Public School - Gujarat Board Education - Gujarati Medium - Standard 11 - ARTS - History - 2026-2027,DPS-GSEB-GUJ-STD11-ARTS-HIST-26,DPS-GSEB-GUJ-STD11-ARTS-HIST-2026,DRONA_TRUST_GSEB_DPS_2026_2027_GUJ_STD11_ARTS,GSEB,DPS,GUJ,STD11,ARTS,HIST,History,2026-2027,topics,16,1,1,1,"History course for Standard 11 ARTS Gujarati Medium in 2026-2027. Includes 10 chapter structure, term exams, final exam, completion rules and default certification.",MASTER-ALL-GRADES-ALL-SUBJECTS-STD-TEMPLATE,1,1,1,"DPS,GSEB,2026-2027,GUJ,STD11,ARTS,HIST",TPL_STD11_12_ARTS,Academic Year 2026-2027
DPS-GSEB-GUJ-STD11-ARTS-GEO-2026,Drona Public School - Gujarat Board Education - Gujarati Medium - Standard 11 - ARTS - Geography - 2026-2027,DPS-GSEB-GUJ-STD11-ARTS-GEO-26,DPS-GSEB-GUJ-STD11-ARTS-GEO-2026,DRONA_TRUST_GSEB_DPS_2026_2027_GUJ_STD11_ARTS,GSEB,DPS,GUJ,STD11,ARTS,GEO,Geography,2026-2027,topics,16,1,1,1,"Geography course for Standard 11 ARTS Gujarati Medium in 2026-2027. Includes 10 chapter structure, term exams, final exam, completion rules and default certification.",MASTER-ALL-GRADES-ALL-SUBJECTS-STD-TEMPLATE,1,1,1,"DPS,GSEB,2026-2027,GUJ,STD11,ARTS,GEO",TPL_STD11_12_ARTS,Academic Year 2026-2027
DPS-GSEB-GUJ-STD11-ARTS-POLSCI-2026,Drona Public School - Gujarat Board Education - Gujarati Medium - Standard 11 - ARTS - Political Science - 2026-2027,DPS-GSEB-GUJ-STD11-ARTS-POLSCI-26,DPS-GSEB-GUJ-STD11-ARTS-POLSCI-2026,DRONA_TRUST_GSEB_DPS_2026_2027_GUJ_STD11_ARTS,GSEB,DPS,GUJ,STD11,ARTS,POLSCI,Political Science,2026-2027,topics,16,1,1,1,"Political Science course for Standard 11 ARTS Gujarati Medium in 2026-2027. Includes 10 chapter structure, term exams, final exam, completion rules and default certification.",MASTER-ALL-GRADES-ALL-SUBJECTS-STD-TEMPLATE,1,1,1,"DPS,GSEB,2026-2027,GUJ,STD11,ARTS,POLSCI",TPL_STD11_12_ARTS,Academic Year 2026-2027
DPS-GSEB-GUJ-STD11-ARTS-PSY-2026,Drona Public School - Gujarat Board Education - Gujarati Medium - Standard 11 - ARTS - Psychology - 2026-2027,DPS-GSEB-GUJ-STD11-ARTS-PSY-26,DPS-GSEB-GUJ-STD11-ARTS-PSY-2026,DRONA_TRUST_GSEB_DPS_2026_2027_GUJ_STD11_ARTS,GSEB,DPS,GUJ,STD11,ARTS,PSY,Psychology,2026-2027,topics,16,1,1,1,"Psychology course for Standard 11 ARTS Gujarati Medium in 2026-2027. Includes 10 chapter structure, term exams, final exam, completion rules and default certification.",MASTER-ALL-GRADES-ALL-SUBJECTS-STD-TEMPLATE,1,1,1,"DPS,GSEB,2026-2027,GUJ,STD11,ARTS,PSY",TPL_STD11_12_ARTS,Academic Year 2026-2027
DPS-GSEB-GUJ-STD11-ARTS-SOC-2026,Drona Public School - Gujarat Board Education - Gujarati Medium - Standard 11 - ARTS - Sociology - 2026-2027,DPS-GSEB-GUJ-STD11-ARTS-SOC-26,DPS-GSEB-GUJ-STD11-ARTS-SOC-2026,DRONA_TRUST_GSEB_DPS_2026_2027_GUJ_STD11_ARTS,GSEB,DPS,GUJ,STD11,ARTS,SOC,Sociology,2026-2027,topics,16,1,1,1,"Sociology course for Standard 11 ARTS Gujarati Medium in 2026-2027. Includes 10 chapter structure, term exams, final exam, completion rules and default certification.",MASTER-ALL-GRADES-ALL-SUBJECTS-STD-TEMPLATE,1,1,1,"DPS,GSEB,2026-2027,GUJ,STD11,ARTS,SOC",TPL_STD11_12_ARTS,Academic Year 2026-2027
DPS-GSEB-GUJ-STD11-ARTS-PE-2026,Drona Public School - Gujarat Board Education - Gujarati Medium - Standard 11 - ARTS - Physical Education - 2026-2027,DPS-GSEB-GUJ-STD11-ARTS-PE-26,DPS-GSEB-GUJ-STD11-ARTS-PE-2026,DRONA_TRUST_GSEB_DPS_2026_2027_GUJ_STD11_ARTS,GSEB,DPS,GUJ,STD11,ARTS,PE,Physical Education,2026-2027,topics,16,1,1,1,"Physical Education course for Standard 11 ARTS Gujarati Medium in 2026-2027. Includes 10 chapter structure, term exams, final exam, completion rules and default certification.",MASTER-ALL-GRADES-ALL-SUBJECTS-STD-TEMPLATE,1,1,1,"DPS,GSEB,2026-2027,GUJ,STD11,ARTS,PE",TPL_STD11_12_ARTS,Academic Year 2026-2027
DPS-GSEB-GUJ-STD12-SCI-ENG-2026,Drona Public School - Gujarat Board Education - Gujarati Medium - Standard 12 - SCI - English - 2026-2027,DPS-GSEB-GUJ-STD12-SCI-ENG-26,DPS-GSEB-GUJ-STD12-SCI-ENG-2026,DRONA_TRUST_GSEB_DPS_2026_2027_GUJ_STD12_SCI,GSEB,DPS,GUJ,STD12,SCI,ENG,English,2026-2027,topics,16,1,1,1,"English course for Standard 12 SCI Gujarati Medium in 2026-2027. Includes 10 chapter structure, term exams, final exam, completion rules and default certification.",MASTER-ALL-GRADES-ALL-SUBJECTS-STD-TEMPLATE,1,1,1,"DPS,GSEB,2026-2027,GUJ,STD12,SCI,ENG",TPL_STD11_12_SCIENCE,Academic Year 2026-2027
DPS-GSEB-GUJ-STD12-SCI-PHY-2026,Drona Public School - Gujarat Board Education - Gujarati Medium - Standard 12 - SCI - Physics - 2026-2027,DPS-GSEB-GUJ-STD12-SCI-PHY-26,DPS-GSEB-GUJ-STD12-SCI-PHY-2026,DRONA_TRUST_GSEB_DPS_2026_2027_GUJ_STD12_SCI,GSEB,DPS,GUJ,STD12,SCI,PHY,Physics,2026-2027,topics,16,1,1,1,"Physics course for Standard 12 SCI Gujarati Medium in 2026-2027. Includes 10 chapter structure, term exams, final exam, completion rules and default certification.",MASTER-ALL-GRADES-ALL-SUBJECTS-STD-TEMPLATE,1,1,1,"DPS,GSEB,2026-2027,GUJ,STD12,SCI,PHY",TPL_STD11_12_SCIENCE,Academic Year 2026-2027
DPS-GSEB-GUJ-STD12-SCI-CHEM-2026,Drona Public School - Gujarat Board Education - Gujarati Medium - Standard 12 - SCI - Chemistry - 2026-2027,DPS-GSEB-GUJ-STD12-SCI-CHEM-26,DPS-GSEB-GUJ-STD12-SCI-CHEM-2026,DRONA_TRUST_GSEB_DPS_2026_2027_GUJ_STD12_SCI,GSEB,DPS,GUJ,STD12,SCI,CHEM,Chemistry,2026-2027,topics,16,1,1,1,"Chemistry course for Standard 12 SCI Gujarati Medium in 2026-2027. Includes 10 chapter structure, term exams, final exam, completion rules and default certification.",MASTER-ALL-GRADES-ALL-SUBJECTS-STD-TEMPLATE,1,1,1,"DPS,GSEB,2026-2027,GUJ,STD12,SCI,CHEM",TPL_STD11_12_SCIENCE,Academic Year 2026-2027
DPS-GSEB-GUJ-STD12-SCI-BIO-2026,Drona Public School - Gujarat Board Education - Gujarati Medium - Standard 12 - SCI - Biology - 2026-2027,DPS-GSEB-GUJ-STD12-SCI-BIO-26,DPS-GSEB-GUJ-STD12-SCI-BIO-2026,DRONA_TRUST_GSEB_DPS_2026_2027_GUJ_STD12_SCI,GSEB,DPS,GUJ,STD12,SCI,BIO,Biology,2026-2027,topics,16,1,1,1,"Biology course for Standard 12 SCI Gujarati Medium in 2026-2027. Includes 10 chapter structure, term exams, final exam, completion rules and default certification.",MASTER-ALL-GRADES-ALL-SUBJECTS-STD-TEMPLATE,1,1,1,"DPS,GSEB,2026-2027,GUJ,STD12,SCI,BIO",TPL_STD11_12_SCIENCE,Academic Year 2026-2027
DPS-GSEB-GUJ-STD12-SCI-MATH-2026,Drona Public School - Gujarat Board Education - Gujarati Medium - Standard 12 - SCI - Mathematics - 2026-2027,DPS-GSEB-GUJ-STD12-SCI-MATH-26,DPS-GSEB-GUJ-STD12-SCI-MATH-2026,DRONA_TRUST_GSEB_DPS_2026_2027_GUJ_STD12_SCI,GSEB,DPS,GUJ,STD12,SCI,MATH,Mathematics,2026-2027,topics,16,1,1,1,"Mathematics course for Standard 12 SCI Gujarati Medium in 2026-2027. Includes 10 chapter structure, term exams, final exam, completion rules and default certification.",MASTER-ALL-GRADES-ALL-SUBJECTS-STD-TEMPLATE,1,1,1,"DPS,GSEB,2026-2027,GUJ,STD12,SCI,MATH",TPL_STD11_12_SCIENCE,Academic Year 2026-2027
DPS-GSEB-GUJ-STD12-SCI-CS-2026,Drona Public School - Gujarat Board Education - Gujarati Medium - Standard 12 - SCI - Computer Studies - 2026-2027,DPS-GSEB-GUJ-STD12-SCI-CS-26,DPS-GSEB-GUJ-STD12-SCI-CS-2026,DRONA_TRUST_GSEB_DPS_2026_2027_GUJ_STD12_SCI,GSEB,DPS,GUJ,STD12,SCI,CS,Computer Studies,2026-2027,topics,16,1,1,1,"Computer Studies course for Standard 12 SCI Gujarati Medium in 2026-2027. Includes 10 chapter structure, term exams, final exam, completion rules and default certification.",MASTER-ALL-GRADES-ALL-SUBJECTS-STD-TEMPLATE,1,1,1,"DPS,GSEB,2026-2027,GUJ,STD12,SCI,CS",TPL_STD11_12_SCIENCE,Academic Year 2026-2027
DPS-GSEB-GUJ-STD12-SCI-PE-2026,Drona Public School - Gujarat Board Education - Gujarati Medium - Standard 12 - SCI - Physical Education - 2026-2027,DPS-GSEB-GUJ-STD12-SCI-PE-26,DPS-GSEB-GUJ-STD12-SCI-PE-2026,DRONA_TRUST_GSEB_DPS_2026_2027_GUJ_STD12_SCI,GSEB,DPS,GUJ,STD12,SCI,PE,Physical Education,2026-2027,topics,16,1,1,1,"Physical Education course for Standard 12 SCI Gujarati Medium in 2026-2027. Includes 10 chapter structure, term exams, final exam, completion rules and default certification.",MASTER-ALL-GRADES-ALL-SUBJECTS-STD-TEMPLATE,1,1,1,"DPS,GSEB,2026-2027,GUJ,STD12,SCI,PE",TPL_STD11_12_SCIENCE,Academic Year 2026-2027
DPS-GSEB-GUJ-STD12-COM-ENG-2026,Drona Public School - Gujarat Board Education - Gujarati Medium - Standard 12 - COM - English - 2026-2027,DPS-GSEB-GUJ-STD12-COM-ENG-26,DPS-GSEB-GUJ-STD12-COM-ENG-2026,DRONA_TRUST_GSEB_DPS_2026_2027_GUJ_STD12_COM,GSEB,DPS,GUJ,STD12,COM,ENG,English,2026-2027,topics,16,1,1,1,"English course for Standard 12 COM Gujarati Medium in 2026-2027. Includes 10 chapter structure, term exams, final exam, completion rules and default certification.",MASTER-ALL-GRADES-ALL-SUBJECTS-STD-TEMPLATE,1,1,1,"DPS,GSEB,2026-2027,GUJ,STD12,COM,ENG",TPL_STD11_12_COMMERCE,Academic Year 2026-2027
DPS-GSEB-GUJ-STD12-COM-ACC-2026,Drona Public School - Gujarat Board Education - Gujarati Medium - Standard 12 - COM - Accountancy - 2026-2027,DPS-GSEB-GUJ-STD12-COM-ACC-26,DPS-GSEB-GUJ-STD12-COM-ACC-2026,DRONA_TRUST_GSEB_DPS_2026_2027_GUJ_STD12_COM,GSEB,DPS,GUJ,STD12,COM,ACC,Accountancy,2026-2027,topics,16,1,1,1,"Accountancy course for Standard 12 COM Gujarati Medium in 2026-2027. Includes 10 chapter structure, term exams, final exam, completion rules and default certification.",MASTER-ALL-GRADES-ALL-SUBJECTS-STD-TEMPLATE,1,1,1,"DPS,GSEB,2026-2027,GUJ,STD12,COM,ACC",TPL_STD11_12_COMMERCE,Academic Year 2026-2027
DPS-GSEB-GUJ-STD12-COM-BA-2026,Drona Public School - Gujarat Board Education - Gujarati Medium - Standard 12 - COM - Business Studies - 2026-2027,DPS-GSEB-GUJ-STD12-COM-BA-26,DPS-GSEB-GUJ-STD12-COM-BA-2026,DRONA_TRUST_GSEB_DPS_2026_2027_GUJ_STD12_COM,GSEB,DPS,GUJ,STD12,COM,BA,Business Studies,2026-2027,topics,16,1,1,1,"Business Studies course for Standard 12 COM Gujarati Medium in 2026-2027. Includes 10 chapter structure, term exams, final exam, completion rules and default certification.",MASTER-ALL-GRADES-ALL-SUBJECTS-STD-TEMPLATE,1,1,1,"DPS,GSEB,2026-2027,GUJ,STD12,COM,BA",TPL_STD11_12_COMMERCE,Academic Year 2026-2027
DPS-GSEB-GUJ-STD12-COM-ECO-2026,Drona Public School - Gujarat Board Education - Gujarati Medium - Standard 12 - COM - Economics - 2026-2027,DPS-GSEB-GUJ-STD12-COM-ECO-26,DPS-GSEB-GUJ-STD12-COM-ECO-2026,DRONA_TRUST_GSEB_DPS_2026_2027_GUJ_STD12_COM,GSEB,DPS,GUJ,STD12,COM,ECO,Economics,2026-2027,topics,16,1,1,1,"Economics course for Standard 12 COM Gujarati Medium in 2026-2027. Includes 10 chapter structure, term exams, final exam, completion rules and default certification.",MASTER-ALL-GRADES-ALL-SUBJECTS-STD-TEMPLATE,1,1,1,"DPS,GSEB,2026-2027,GUJ,STD12,COM,ECO",TPL_STD11_12_COMMERCE,Academic Year 2026-2027
DPS-GSEB-GUJ-STD12-COM-STAT-2026,Drona Public School - Gujarat Board Education - Gujarati Medium - Standard 12 - COM - Statistics - 2026-2027,DPS-GSEB-GUJ-STD12-COM-STAT-26,DPS-GSEB-GUJ-STD12-COM-STAT-2026,DRONA_TRUST_GSEB_DPS_2026_2027_GUJ_STD12_COM,GSEB,DPS,GUJ,STD12,COM,STAT,Statistics,2026-2027,topics,16,1,1,1,"Statistics course for Standard 12 COM Gujarati Medium in 2026-2027. Includes 10 chapter structure, term exams, final exam, completion rules and default certification.",MASTER-ALL-GRADES-ALL-SUBJECTS-STD-TEMPLATE,1,1,1,"DPS,GSEB,2026-2027,GUJ,STD12,COM,STAT",TPL_STD11_12_COMMERCE,Academic Year 2026-2027
DPS-GSEB-GUJ-STD12-COM-CS-2026,Drona Public School - Gujarat Board Education - Gujarati Medium - Standard 12 - COM - Computer Studies - 2026-2027,DPS-GSEB-GUJ-STD12-COM-CS-26,DPS-GSEB-GUJ-STD12-COM-CS-2026,DRONA_TRUST_GSEB_DPS_2026_2027_GUJ_STD12_COM,GSEB,DPS,GUJ,STD12,COM,CS,Computer Studies,2026-2027,topics,16,1,1,1,"Computer Studies course for Standard 12 COM Gujarati Medium in 2026-2027. Includes 10 chapter structure, term exams, final exam, completion rules and default certification.",MASTER-ALL-GRADES-ALL-SUBJECTS-STD-TEMPLATE,1,1,1,"DPS,GSEB,2026-2027,GUJ,STD12,COM,CS",TPL_STD11_12_COMMERCE,Academic Year 2026-2027
DPS-GSEB-GUJ-STD12-COM-PE-2026,Drona Public School - Gujarat Board Education - Gujarati Medium - Standard 12 - COM - Physical Education - 2026-2027,DPS-GSEB-GUJ-STD12-COM-PE-26,DPS-GSEB-GUJ-STD12-COM-PE-2026,DRONA_TRUST_GSEB_DPS_2026_2027_GUJ_STD12_COM,GSEB,DPS,GUJ,STD12,COM,PE,Physical Education,2026-2027,topics,16,1,1,1,"Physical Education course for Standard 12 COM Gujarati Medium in 2026-2027. Includes 10 chapter structure, term exams, final exam, completion rules and default certification.",MASTER-ALL-GRADES-ALL-SUBJECTS-STD-TEMPLATE,1,1,1,"DPS,GSEB,2026-2027,GUJ,STD12,COM,PE",TPL_STD11_12_COMMERCE,Academic Year 2026-2027
DPS-GSEB-GUJ-STD12-ARTS-ENG-2026,Drona Public School - Gujarat Board Education - Gujarati Medium - Standard 12 - ARTS - English - 2026-2027,DPS-GSEB-GUJ-STD12-ARTS-ENG-26,DPS-GSEB-GUJ-STD12-ARTS-ENG-2026,DRONA_TRUST_GSEB_DPS_2026_2027_GUJ_STD12_ARTS,GSEB,DPS,GUJ,STD12,ARTS,ENG,English,2026-2027,topics,16,1,1,1,"English course for Standard 12 ARTS Gujarati Medium in 2026-2027. Includes 10 chapter structure, term exams, final exam, completion rules and default certification.",MASTER-ALL-GRADES-ALL-SUBJECTS-STD-TEMPLATE,1,1,1,"DPS,GSEB,2026-2027,GUJ,STD12,ARTS,ENG",TPL_STD11_12_ARTS,Academic Year 2026-2027
DPS-GSEB-GUJ-STD12-ARTS-HIST-2026,Drona Public School - Gujarat Board Education - Gujarati Medium - Standard 12 - ARTS - History - 2026-2027,DPS-GSEB-GUJ-STD12-ARTS-HIST-26,DPS-GSEB-GUJ-STD12-ARTS-HIST-2026,DRONA_TRUST_GSEB_DPS_2026_2027_GUJ_STD12_ARTS,GSEB,DPS,GUJ,STD12,ARTS,HIST,History,2026-2027,topics,16,1,1,1,"History course for Standard 12 ARTS Gujarati Medium in 2026-2027. Includes 10 chapter structure, term exams, final exam, completion rules and default certification.",MASTER-ALL-GRADES-ALL-SUBJECTS-STD-TEMPLATE,1,1,1,"DPS,GSEB,2026-2027,GUJ,STD12,ARTS,HIST",TPL_STD11_12_ARTS,Academic Year 2026-2027
DPS-GSEB-GUJ-STD12-ARTS-GEO-2026,Drona Public School - Gujarat Board Education - Gujarati Medium - Standard 12 - ARTS - Geography - 2026-2027,DPS-GSEB-GUJ-STD12-ARTS-GEO-26,DPS-GSEB-GUJ-STD12-ARTS-GEO-2026,DRONA_TRUST_GSEB_DPS_2026_2027_GUJ_STD12_ARTS,GSEB,DPS,GUJ,STD12,ARTS,GEO,Geography,2026-2027,topics,16,1,1,1,"Geography course for Standard 12 ARTS Gujarati Medium in 2026-2027. Includes 10 chapter structure, term exams, final exam, completion rules and default certification.",MASTER-ALL-GRADES-ALL-SUBJECTS-STD-TEMPLATE,1,1,1,"DPS,GSEB,2026-2027,GUJ,STD12,ARTS,GEO",TPL_STD11_12_ARTS,Academic Year 2026-2027
DPS-GSEB-GUJ-STD12-ARTS-POLSCI-2026,Drona Public School - Gujarat Board Education - Gujarati Medium - Standard 12 - ARTS - Political Science - 2026-2027,DPS-GSEB-GUJ-STD12-ARTS-POLSCI-26,DPS-GSEB-GUJ-STD12-ARTS-POLSCI-2026,DRONA_TRUST_GSEB_DPS_2026_2027_GUJ_STD12_ARTS,GSEB,DPS,GUJ,STD12,ARTS,POLSCI,Political Science,2026-2027,topics,16,1,1,1,"Political Science course for Standard 12 ARTS Gujarati Medium in 2026-2027. Includes 10 chapter structure, term exams, final exam, completion rules and default certification.",MASTER-ALL-GRADES-ALL-SUBJECTS-STD-TEMPLATE,1,1,1,"DPS,GSEB,2026-2027,GUJ,STD12,ARTS,POLSCI",TPL_STD11_12_ARTS,Academic Year 2026-2027
DPS-GSEB-GUJ-STD12-ARTS-PSY-2026,Drona Public School - Gujarat Board Education - Gujarati Medium - Standard 12 - ARTS - Psychology - 2026-2027,DPS-GSEB-GUJ-STD12-ARTS-PSY-26,DPS-GSEB-GUJ-STD12-ARTS-PSY-2026,DRONA_TRUST_GSEB_DPS_2026_2027_GUJ_STD12_ARTS,GSEB,DPS,GUJ,STD12,ARTS,PSY,Psychology,2026-2027,topics,16,1,1,1,"Psychology course for Standard 12 ARTS Gujarati Medium in 2026-2027. Includes 10 chapter structure, term exams, final exam, completion rules and default certification.",MASTER-ALL-GRADES-ALL-SUBJECTS-STD-TEMPLATE,1,1,1,"DPS,GSEB,2026-2027,GUJ,STD12,ARTS,PSY",TPL_STD11_12_ARTS,Academic Year 2026-2027
DPS-GSEB-GUJ-STD12-ARTS-SOC-2026,Drona Public School - Gujarat Board Education - Gujarati Medium - Standard 12 - ARTS - Sociology - 2026-2027,DPS-GSEB-GUJ-STD12-ARTS-SOC-26,DPS-GSEB-GUJ-STD12-ARTS-SOC-2026,DRONA_TRUST_GSEB_DPS_2026_2027_GUJ_STD12_ARTS,GSEB,DPS,GUJ,STD12,ARTS,SOC,Sociology,2026-2027,topics,16,1,1,1,"Sociology course for Standard 12 ARTS Gujarati Medium in 2026-2027. Includes 10 chapter structure, term exams, final exam, completion rules and default certification.",MASTER-ALL-GRADES-ALL-SUBJECTS-STD-TEMPLATE,1,1,1,"DPS,GSEB,2026-2027,GUJ,STD12,ARTS,SOC",TPL_STD11_12_ARTS,Academic Year 2026-2027
DPS-GSEB-GUJ-STD12-ARTS-PE-2026,Drona Public School - Gujarat Board Education - Gujarati Medium - Standard 12 - ARTS - Physical Education - 2026-2027,DPS-GSEB-GUJ-STD12-ARTS-PE-26,DPS-GSEB-GUJ-STD12-ARTS-PE-2026,DRONA_TRUST_GSEB_DPS_2026_2027_GUJ_STD12_ARTS,GSEB,DPS,GUJ,STD12,ARTS,PE,Physical Education,2026-2027,topics,16,1,1,1,"Physical Education course for Standard 12 ARTS Gujarati Medium in 2026-2027. Includes 10 chapter structure, term exams, final exam, completion rules and default certification.",MASTER-ALL-GRADES-ALL-SUBJECTS-STD-TEMPLATE,1,1,1,"DPS,GSEB,2026-2027,GUJ,STD12,ARTS,PE",TPL_STD11_12_ARTS,Academic Year 2026-2027
DPS-GSEB-ENG-STD01-GEN-GUJ-2026,Drona Public School - Gujarat Board Education - English Medium - Standard 1 - GEN - Gujarati - 2026-2027,DPS-GSEB-ENG-STD01-GEN-GUJ-26,DPS-GSEB-ENG-STD01-GEN-GUJ-2026,DRONA_TRUST_GSEB_DPS_2026_2027_ENG_STD01_GEN,GSEB,DPS,ENG,STD01,GEN,GUJ,Gujarati,2026-2027,topics,16,1,1,1,"Gujarati course for Standard 1 GEN English Medium in 2026-2027. Includes 10 chapter structure, term exams, final exam, completion rules and default certification.",MASTER-ALL-GRADES-ALL-SUBJECTS-STD-TEMPLATE,1,1,1,"DPS,GSEB,2026-2027,ENG,STD01,GEN,GUJ",TPL_STD01_02_ACTIVITY,Academic Year 2026-2027
DPS-GSEB-ENG-STD01-GEN-HIN-2026,Drona Public School - Gujarat Board Education - English Medium - Standard 1 - GEN - Hindi - 2026-2027,DPS-GSEB-ENG-STD01-GEN-HIN-26,DPS-GSEB-ENG-STD01-GEN-HIN-2026,DRONA_TRUST_GSEB_DPS_2026_2027_ENG_STD01_GEN,GSEB,DPS,ENG,STD01,GEN,HIN,Hindi,2026-2027,topics,16,1,1,1,"Hindi course for Standard 1 GEN English Medium in 2026-2027. Includes 10 chapter structure, term exams, final exam, completion rules and default certification.",MASTER-ALL-GRADES-ALL-SUBJECTS-STD-TEMPLATE,1,1,1,"DPS,GSEB,2026-2027,ENG,STD01,GEN,HIN",TPL_STD01_02_ACTIVITY,Academic Year 2026-2027
DPS-GSEB-ENG-STD01-GEN-ENG-2026,Drona Public School - Gujarat Board Education - English Medium - Standard 1 - GEN - English - 2026-2027,DPS-GSEB-ENG-STD01-GEN-ENG-26,DPS-GSEB-ENG-STD01-GEN-ENG-2026,DRONA_TRUST_GSEB_DPS_2026_2027_ENG_STD01_GEN,GSEB,DPS,ENG,STD01,GEN,ENG,English,2026-2027,topics,16,1,1,1,"English course for Standard 1 GEN English Medium in 2026-2027. Includes 10 chapter structure, term exams, final exam, completion rules and default certification.",MASTER-ALL-GRADES-ALL-SUBJECTS-STD-TEMPLATE,1,1,1,"DPS,GSEB,2026-2027,ENG,STD01,GEN,ENG",TPL_STD01_02_ACTIVITY,Academic Year 2026-2027
DPS-GSEB-ENG-STD01-GEN-MATH-2026,Drona Public School - Gujarat Board Education - English Medium - Standard 1 - GEN - Mathematics - 2026-2027,DPS-GSEB-ENG-STD01-GEN-MATH-26,DPS-GSEB-ENG-STD01-GEN-MATH-2026,DRONA_TRUST_GSEB_DPS_2026_2027_ENG_STD01_GEN,GSEB,DPS,ENG,STD01,GEN,MATH,Mathematics,2026-2027,topics,16,1,1,1,"Mathematics course for Standard 1 GEN English Medium in 2026-2027. Includes 10 chapter structure, term exams, final exam, completion rules and default certification.",MASTER-ALL-GRADES-ALL-SUBJECTS-STD-TEMPLATE,1,1,1,"DPS,GSEB,2026-2027,ENG,STD01,GEN,MATH",TPL_STD01_02_ACTIVITY,Academic Year 2026-2027
DPS-GSEB-ENG-STD01-GEN-EVS-2026,Drona Public School - Gujarat Board Education - English Medium - Standard 1 - GEN - Environmental Studies - 2026-2027,DPS-GSEB-ENG-STD01-GEN-EVS-26,DPS-GSEB-ENG-STD01-GEN-EVS-2026,DRONA_TRUST_GSEB_DPS_2026_2027_ENG_STD01_GEN,GSEB,DPS,ENG,STD01,GEN,EVS,Environmental Studies,2026-2027,topics,16,1,1,1,"Environmental Studies course for Standard 1 GEN English Medium in 2026-2027. Includes 10 chapter structure, term exams, final exam, completion rules and default certification.",MASTER-ALL-GRADES-ALL-SUBJECTS-STD-TEMPLATE,1,1,1,"DPS,GSEB,2026-2027,ENG,STD01,GEN,EVS",TPL_STD01_02_ACTIVITY,Academic Year 2026-2027
DPS-GSEB-ENG-STD01-GEN-ART-2026,Drona Public School - Gujarat Board Education - English Medium - Standard 1 - GEN - Art Education - 2026-2027,DPS-GSEB-ENG-STD01-GEN-ART-26,DPS-GSEB-ENG-STD01-GEN-ART-2026,DRONA_TRUST_GSEB_DPS_2026_2027_ENG_STD01_GEN,GSEB,DPS,ENG,STD01,GEN,ART,Art Education,2026-2027,topics,16,1,1,1,"Art Education course for Standard 1 GEN English Medium in 2026-2027. Includes 10 chapter structure, term exams, final exam, completion rules and default certification.",MASTER-ALL-GRADES-ALL-SUBJECTS-STD-TEMPLATE,1,1,1,"DPS,GSEB,2026-2027,ENG,STD01,GEN,ART",TPL_STD01_02_ACTIVITY,Academic Year 2026-2027
DPS-GSEB-ENG-STD01-GEN-PE-2026,Drona Public School - Gujarat Board Education - English Medium - Standard 1 - GEN - Physical Education - 2026-2027,DPS-GSEB-ENG-STD01-GEN-PE-26,DPS-GSEB-ENG-STD01-GEN-PE-2026,DRONA_TRUST_GSEB_DPS_2026_2027_ENG_STD01_GEN,GSEB,DPS,ENG,STD01,GEN,PE,Physical Education,2026-2027,topics,16,1,1,1,"Physical Education course for Standard 1 GEN English Medium in 2026-2027. Includes 10 chapter structure, term exams, final exam, completion rules and default certification.",MASTER-ALL-GRADES-ALL-SUBJECTS-STD-TEMPLATE,1,1,1,"DPS,GSEB,2026-2027,ENG,STD01,GEN,PE",TPL_STD01_02_ACTIVITY,Academic Year 2026-2027
DPS-GSEB-ENG-STD02-GEN-GUJ-2026,Drona Public School - Gujarat Board Education - English Medium - Standard 2 - GEN - Gujarati - 2026-2027,DPS-GSEB-ENG-STD02-GEN-GUJ-26,DPS-GSEB-ENG-STD02-GEN-GUJ-2026,DRONA_TRUST_GSEB_DPS_2026_2027_ENG_STD02_GEN,GSEB,DPS,ENG,STD02,GEN,GUJ,Gujarati,2026-2027,topics,16,1,1,1,"Gujarati course for Standard 2 GEN English Medium in 2026-2027. Includes 10 chapter structure, term exams, final exam, completion rules and default certification.",MASTER-ALL-GRADES-ALL-SUBJECTS-STD-TEMPLATE,1,1,1,"DPS,GSEB,2026-2027,ENG,STD02,GEN,GUJ",TPL_STD01_02_ACTIVITY,Academic Year 2026-2027
DPS-GSEB-ENG-STD02-GEN-HIN-2026,Drona Public School - Gujarat Board Education - English Medium - Standard 2 - GEN - Hindi - 2026-2027,DPS-GSEB-ENG-STD02-GEN-HIN-26,DPS-GSEB-ENG-STD02-GEN-HIN-2026,DRONA_TRUST_GSEB_DPS_2026_2027_ENG_STD02_GEN,GSEB,DPS,ENG,STD02,GEN,HIN,Hindi,2026-2027,topics,16,1,1,1,"Hindi course for Standard 2 GEN English Medium in 2026-2027. Includes 10 chapter structure, term exams, final exam, completion rules and default certification.",MASTER-ALL-GRADES-ALL-SUBJECTS-STD-TEMPLATE,1,1,1,"DPS,GSEB,2026-2027,ENG,STD02,GEN,HIN",TPL_STD01_02_ACTIVITY,Academic Year 2026-2027
DPS-GSEB-ENG-STD02-GEN-ENG-2026,Drona Public School - Gujarat Board Education - English Medium - Standard 2 - GEN - English - 2026-2027,DPS-GSEB-ENG-STD02-GEN-ENG-26,DPS-GSEB-ENG-STD02-GEN-ENG-2026,DRONA_TRUST_GSEB_DPS_2026_2027_ENG_STD02_GEN,GSEB,DPS,ENG,STD02,GEN,ENG,English,2026-2027,topics,16,1,1,1,"English course for Standard 2 GEN English Medium in 2026-2027. Includes 10 chapter structure, term exams, final exam, completion rules and default certification.",MASTER-ALL-GRADES-ALL-SUBJECTS-STD-TEMPLATE,1,1,1,"DPS,GSEB,2026-2027,ENG,STD02,GEN,ENG",TPL_STD01_02_ACTIVITY,Academic Year 2026-2027
DPS-GSEB-ENG-STD02-GEN-MATH-2026,Drona Public School - Gujarat Board Education - English Medium - Standard 2 - GEN - Mathematics - 2026-2027,DPS-GSEB-ENG-STD02-GEN-MATH-26,DPS-GSEB-ENG-STD02-GEN-MATH-2026,DRONA_TRUST_GSEB_DPS_2026_2027_ENG_STD02_GEN,GSEB,DPS,ENG,STD02,GEN,MATH,Mathematics,2026-2027,topics,16,1,1,1,"Mathematics course for Standard 2 GEN English Medium in 2026-2027. Includes 10 chapter structure, term exams, final exam, completion rules and default certification.",MASTER-ALL-GRADES-ALL-SUBJECTS-STD-TEMPLATE,1,1,1,"DPS,GSEB,2026-2027,ENG,STD02,GEN,MATH",TPL_STD01_02_ACTIVITY,Academic Year 2026-2027
DPS-GSEB-ENG-STD02-GEN-EVS-2026,Drona Public School - Gujarat Board Education - English Medium - Standard 2 - GEN - Environmental Studies - 2026-2027,DPS-GSEB-ENG-STD02-GEN-EVS-26,DPS-GSEB-ENG-STD02-GEN-EVS-2026,DRONA_TRUST_GSEB_DPS_2026_2027_ENG_STD02_GEN,GSEB,DPS,ENG,STD02,GEN,EVS,Environmental Studies,2026-2027,topics,16,1,1,1,"Environmental Studies course for Standard 2 GEN English Medium in 2026-2027. Includes 10 chapter structure, term exams, final exam, completion rules and default certification.",MASTER-ALL-GRADES-ALL-SUBJECTS-STD-TEMPLATE,1,1,1,"DPS,GSEB,2026-2027,ENG,STD02,GEN,EVS",TPL_STD01_02_ACTIVITY,Academic Year 2026-2027
DPS-GSEB-ENG-STD02-GEN-ART-2026,Drona Public School - Gujarat Board Education - English Medium - Standard 2 - GEN - Art Education - 2026-2027,DPS-GSEB-ENG-STD02-GEN-ART-26,DPS-GSEB-ENG-STD02-GEN-ART-2026,DRONA_TRUST_GSEB_DPS_2026_2027_ENG_STD02_GEN,GSEB,DPS,ENG,STD02,GEN,ART,Art Education,2026-2027,topics,16,1,1,1,"Art Education course for Standard 2 GEN English Medium in 2026-2027. Includes 10 chapter structure, term exams, final exam, completion rules and default certification.",MASTER-ALL-GRADES-ALL-SUBJECTS-STD-TEMPLATE,1,1,1,"DPS,GSEB,2026-2027,ENG,STD02,GEN,ART",TPL_STD01_02_ACTIVITY,Academic Year 2026-2027
DPS-GSEB-ENG-STD02-GEN-PE-2026,Drona Public School - Gujarat Board Education - English Medium - Standard 2 - GEN - Physical Education - 2026-2027,DPS-GSEB-ENG-STD02-GEN-PE-26,DPS-GSEB-ENG-STD02-GEN-PE-2026,DRONA_TRUST_GSEB_DPS_2026_2027_ENG_STD02_GEN,GSEB,DPS,ENG,STD02,GEN,PE,Physical Education,2026-2027,topics,16,1,1,1,"Physical Education course for Standard 2 GEN English Medium in 2026-2027. Includes 10 chapter structure, term exams, final exam, completion rules and default certification.",MASTER-ALL-GRADES-ALL-SUBJECTS-STD-TEMPLATE,1,1,1,"DPS,GSEB,2026-2027,ENG,STD02,GEN,PE",TPL_STD01_02_ACTIVITY,Academic Year 2026-2027
DPS-GSEB-ENG-STD03-GEN-GUJ-2026,Drona Public School - Gujarat Board Education - English Medium - Standard 3 - GEN - Gujarati - 2026-2027,DPS-GSEB-ENG-STD03-GEN-GUJ-26,DPS-GSEB-ENG-STD03-GEN-GUJ-2026,DRONA_TRUST_GSEB_DPS_2026_2027_ENG_STD03_GEN,GSEB,DPS,ENG,STD03,GEN,GUJ,Gujarati,2026-2027,topics,16,1,1,1,"Gujarati course for Standard 3 GEN English Medium in 2026-2027. Includes 10 chapter structure, term exams, final exam, completion rules and default certification.",MASTER-ALL-GRADES-ALL-SUBJECTS-STD-TEMPLATE,1,1,1,"DPS,GSEB,2026-2027,ENG,STD03,GEN,GUJ",TPL_STD03_05_PRIMARY,Academic Year 2026-2027
DPS-GSEB-ENG-STD03-GEN-HIN-2026,Drona Public School - Gujarat Board Education - English Medium - Standard 3 - GEN - Hindi - 2026-2027,DPS-GSEB-ENG-STD03-GEN-HIN-26,DPS-GSEB-ENG-STD03-GEN-HIN-2026,DRONA_TRUST_GSEB_DPS_2026_2027_ENG_STD03_GEN,GSEB,DPS,ENG,STD03,GEN,HIN,Hindi,2026-2027,topics,16,1,1,1,"Hindi course for Standard 3 GEN English Medium in 2026-2027. Includes 10 chapter structure, term exams, final exam, completion rules and default certification.",MASTER-ALL-GRADES-ALL-SUBJECTS-STD-TEMPLATE,1,1,1,"DPS,GSEB,2026-2027,ENG,STD03,GEN,HIN",TPL_STD03_05_PRIMARY,Academic Year 2026-2027
DPS-GSEB-ENG-STD03-GEN-ENG-2026,Drona Public School - Gujarat Board Education - English Medium - Standard 3 - GEN - English - 2026-2027,DPS-GSEB-ENG-STD03-GEN-ENG-26,DPS-GSEB-ENG-STD03-GEN-ENG-2026,DRONA_TRUST_GSEB_DPS_2026_2027_ENG_STD03_GEN,GSEB,DPS,ENG,STD03,GEN,ENG,English,2026-2027,topics,16,1,1,1,"English course for Standard 3 GEN English Medium in 2026-2027. Includes 10 chapter structure, term exams, final exam, completion rules and default certification.",MASTER-ALL-GRADES-ALL-SUBJECTS-STD-TEMPLATE,1,1,1,"DPS,GSEB,2026-2027,ENG,STD03,GEN,ENG",TPL_STD03_05_PRIMARY,Academic Year 2026-2027
DPS-GSEB-ENG-STD03-GEN-MATH-2026,Drona Public School - Gujarat Board Education - English Medium - Standard 3 - GEN - Mathematics - 2026-2027,DPS-GSEB-ENG-STD03-GEN-MATH-26,DPS-GSEB-ENG-STD03-GEN-MATH-2026,DRONA_TRUST_GSEB_DPS_2026_2027_ENG_STD03_GEN,GSEB,DPS,ENG,STD03,GEN,MATH,Mathematics,2026-2027,topics,16,1,1,1,"Mathematics course for Standard 3 GEN English Medium in 2026-2027. Includes 10 chapter structure, term exams, final exam, completion rules and default certification.",MASTER-ALL-GRADES-ALL-SUBJECTS-STD-TEMPLATE,1,1,1,"DPS,GSEB,2026-2027,ENG,STD03,GEN,MATH",TPL_STD03_05_PRIMARY,Academic Year 2026-2027
DPS-GSEB-ENG-STD03-GEN-EVS-2026,Drona Public School - Gujarat Board Education - English Medium - Standard 3 - GEN - Environmental Studies - 2026-2027,DPS-GSEB-ENG-STD03-GEN-EVS-26,DPS-GSEB-ENG-STD03-GEN-EVS-2026,DRONA_TRUST_GSEB_DPS_2026_2027_ENG_STD03_GEN,GSEB,DPS,ENG,STD03,GEN,EVS,Environmental Studies,2026-2027,topics,16,1,1,1,"Environmental Studies course for Standard 3 GEN English Medium in 2026-2027. Includes 10 chapter structure, term exams, final exam, completion rules and default certification.",MASTER-ALL-GRADES-ALL-SUBJECTS-STD-TEMPLATE,1,1,1,"DPS,GSEB,2026-2027,ENG,STD03,GEN,EVS",TPL_STD03_05_PRIMARY,Academic Year 2026-2027
DPS-GSEB-ENG-STD03-GEN-ART-2026,Drona Public School - Gujarat Board Education - English Medium - Standard 3 - GEN - Art Education - 2026-2027,DPS-GSEB-ENG-STD03-GEN-ART-26,DPS-GSEB-ENG-STD03-GEN-ART-2026,DRONA_TRUST_GSEB_DPS_2026_2027_ENG_STD03_GEN,GSEB,DPS,ENG,STD03,GEN,ART,Art Education,2026-2027,topics,16,1,1,1,"Art Education course for Standard 3 GEN English Medium in 2026-2027. Includes 10 chapter structure, term exams, final exam, completion rules and default certification.",MASTER-ALL-GRADES-ALL-SUBJECTS-STD-TEMPLATE,1,1,1,"DPS,GSEB,2026-2027,ENG,STD03,GEN,ART",TPL_STD03_05_PRIMARY,Academic Year 2026-2027
DPS-GSEB-ENG-STD03-GEN-PE-2026,Drona Public School - Gujarat Board Education - English Medium - Standard 3 - GEN - Physical Education - 2026-2027,DPS-GSEB-ENG-STD03-GEN-PE-26,DPS-GSEB-ENG-STD03-GEN-PE-2026,DRONA_TRUST_GSEB_DPS_2026_2027_ENG_STD03_GEN,GSEB,DPS,ENG,STD03,GEN,PE,Physical Education,2026-2027,topics,16,1,1,1,"Physical Education course for Standard 3 GEN English Medium in 2026-2027. Includes 10 chapter structure, term exams, final exam, completion rules and default certification.",MASTER-ALL-GRADES-ALL-SUBJECTS-STD-TEMPLATE,1,1,1,"DPS,GSEB,2026-2027,ENG,STD03,GEN,PE",TPL_STD03_05_PRIMARY,Academic Year 2026-2027
DPS-GSEB-ENG-STD04-GEN-GUJ-2026,Drona Public School - Gujarat Board Education - English Medium - Standard 4 - GEN - Gujarati - 2026-2027,DPS-GSEB-ENG-STD04-GEN-GUJ-26,DPS-GSEB-ENG-STD04-GEN-GUJ-2026,DRONA_TRUST_GSEB_DPS_2026_2027_ENG_STD04_GEN,GSEB,DPS,ENG,STD04,GEN,GUJ,Gujarati,2026-2027,topics,16,1,1,1,"Gujarati course for Standard 4 GEN English Medium in 2026-2027. Includes 10 chapter structure, term exams, final exam, completion rules and default certification.",MASTER-ALL-GRADES-ALL-SUBJECTS-STD-TEMPLATE,1,1,1,"DPS,GSEB,2026-2027,ENG,STD04,GEN,GUJ",TPL_STD03_05_PRIMARY,Academic Year 2026-2027
DPS-GSEB-ENG-STD04-GEN-HIN-2026,Drona Public School - Gujarat Board Education - English Medium - Standard 4 - GEN - Hindi - 2026-2027,DPS-GSEB-ENG-STD04-GEN-HIN-26,DPS-GSEB-ENG-STD04-GEN-HIN-2026,DRONA_TRUST_GSEB_DPS_2026_2027_ENG_STD04_GEN,GSEB,DPS,ENG,STD04,GEN,HIN,Hindi,2026-2027,topics,16,1,1,1,"Hindi course for Standard 4 GEN English Medium in 2026-2027. Includes 10 chapter structure, term exams, final exam, completion rules and default certification.",MASTER-ALL-GRADES-ALL-SUBJECTS-STD-TEMPLATE,1,1,1,"DPS,GSEB,2026-2027,ENG,STD04,GEN,HIN",TPL_STD03_05_PRIMARY,Academic Year 2026-2027
DPS-GSEB-ENG-STD04-GEN-ENG-2026,Drona Public School - Gujarat Board Education - English Medium - Standard 4 - GEN - English - 2026-2027,DPS-GSEB-ENG-STD04-GEN-ENG-26,DPS-GSEB-ENG-STD04-GEN-ENG-2026,DRONA_TRUST_GSEB_DPS_2026_2027_ENG_STD04_GEN,GSEB,DPS,ENG,STD04,GEN,ENG,English,2026-2027,topics,16,1,1,1,"English course for Standard 4 GEN English Medium in 2026-2027. Includes 10 chapter structure, term exams, final exam, completion rules and default certification.",MASTER-ALL-GRADES-ALL-SUBJECTS-STD-TEMPLATE,1,1,1,"DPS,GSEB,2026-2027,ENG,STD04,GEN,ENG",TPL_STD03_05_PRIMARY,Academic Year 2026-2027
DPS-GSEB-ENG-STD04-GEN-MATH-2026,Drona Public School - Gujarat Board Education - English Medium - Standard 4 - GEN - Mathematics - 2026-2027,DPS-GSEB-ENG-STD04-GEN-MATH-26,DPS-GSEB-ENG-STD04-GEN-MATH-2026,DRONA_TRUST_GSEB_DPS_2026_2027_ENG_STD04_GEN,GSEB,DPS,ENG,STD04,GEN,MATH,Mathematics,2026-2027,topics,16,1,1,1,"Mathematics course for Standard 4 GEN English Medium in 2026-2027. Includes 10 chapter structure, term exams, final exam, completion rules and default certification.",MASTER-ALL-GRADES-ALL-SUBJECTS-STD-TEMPLATE,1,1,1,"DPS,GSEB,2026-2027,ENG,STD04,GEN,MATH",TPL_STD03_05_PRIMARY,Academic Year 2026-2027
DPS-GSEB-ENG-STD04-GEN-EVS-2026,Drona Public School - Gujarat Board Education - English Medium - Standard 4 - GEN - Environmental Studies - 2026-2027,DPS-GSEB-ENG-STD04-GEN-EVS-26,DPS-GSEB-ENG-STD04-GEN-EVS-2026,DRONA_TRUST_GSEB_DPS_2026_2027_ENG_STD04_GEN,GSEB,DPS,ENG,STD04,GEN,EVS,Environmental Studies,2026-2027,topics,16,1,1,1,"Environmental Studies course for Standard 4 GEN English Medium in 2026-2027. Includes 10 chapter structure, term exams, final exam, completion rules and default certification.",MASTER-ALL-GRADES-ALL-SUBJECTS-STD-TEMPLATE,1,1,1,"DPS,GSEB,2026-2027,ENG,STD04,GEN,EVS",TPL_STD03_05_PRIMARY,Academic Year 2026-2027
DPS-GSEB-ENG-STD04-GEN-ART-2026,Drona Public School - Gujarat Board Education - English Medium - Standard 4 - GEN - Art Education - 2026-2027,DPS-GSEB-ENG-STD04-GEN-ART-26,DPS-GSEB-ENG-STD04-GEN-ART-2026,DRONA_TRUST_GSEB_DPS_2026_2027_ENG_STD04_GEN,GSEB,DPS,ENG,STD04,GEN,ART,Art Education,2026-2027,topics,16,1,1,1,"Art Education course for Standard 4 GEN English Medium in 2026-2027. Includes 10 chapter structure, term exams, final exam, completion rules and default certification.",MASTER-ALL-GRADES-ALL-SUBJECTS-STD-TEMPLATE,1,1,1,"DPS,GSEB,2026-2027,ENG,STD04,GEN,ART",TPL_STD03_05_PRIMARY,Academic Year 2026-2027
DPS-GSEB-ENG-STD04-GEN-PE-2026,Drona Public School - Gujarat Board Education - English Medium - Standard 4 - GEN - Physical Education - 2026-2027,DPS-GSEB-ENG-STD04-GEN-PE-26,DPS-GSEB-ENG-STD04-GEN-PE-2026,DRONA_TRUST_GSEB_DPS_2026_2027_ENG_STD04_GEN,GSEB,DPS,ENG,STD04,GEN,PE,Physical Education,2026-2027,topics,16,1,1,1,"Physical Education course for Standard 4 GEN English Medium in 2026-2027. Includes 10 chapter structure, term exams, final exam, completion rules and default certification.",MASTER-ALL-GRADES-ALL-SUBJECTS-STD-TEMPLATE,1,1,1,"DPS,GSEB,2026-2027,ENG,STD04,GEN,PE",TPL_STD03_05_PRIMARY,Academic Year 2026-2027
DPS-GSEB-ENG-STD05-GEN-GUJ-2026,Drona Public School - Gujarat Board Education - English Medium - Standard 5 - GEN - Gujarati - 2026-2027,DPS-GSEB-ENG-STD05-GEN-GUJ-26,DPS-GSEB-ENG-STD05-GEN-GUJ-2026,DRONA_TRUST_GSEB_DPS_2026_2027_ENG_STD05_GEN,GSEB,DPS,ENG,STD05,GEN,GUJ,Gujarati,2026-2027,topics,16,1,1,1,"Gujarati course for Standard 5 GEN English Medium in 2026-2027. Includes 10 chapter structure, term exams, final exam, completion rules and default certification.",MASTER-ALL-GRADES-ALL-SUBJECTS-STD-TEMPLATE,1,1,1,"DPS,GSEB,2026-2027,ENG,STD05,GEN,GUJ",TPL_STD03_05_PRIMARY,Academic Year 2026-2027
DPS-GSEB-ENG-STD05-GEN-HIN-2026,Drona Public School - Gujarat Board Education - English Medium - Standard 5 - GEN - Hindi - 2026-2027,DPS-GSEB-ENG-STD05-GEN-HIN-26,DPS-GSEB-ENG-STD05-GEN-HIN-2026,DRONA_TRUST_GSEB_DPS_2026_2027_ENG_STD05_GEN,GSEB,DPS,ENG,STD05,GEN,HIN,Hindi,2026-2027,topics,16,1,1,1,"Hindi course for Standard 5 GEN English Medium in 2026-2027. Includes 10 chapter structure, term exams, final exam, completion rules and default certification.",MASTER-ALL-GRADES-ALL-SUBJECTS-STD-TEMPLATE,1,1,1,"DPS,GSEB,2026-2027,ENG,STD05,GEN,HIN",TPL_STD03_05_PRIMARY,Academic Year 2026-2027
DPS-GSEB-ENG-STD05-GEN-ENG-2026,Drona Public School - Gujarat Board Education - English Medium - Standard 5 - GEN - English - 2026-2027,DPS-GSEB-ENG-STD05-GEN-ENG-26,DPS-GSEB-ENG-STD05-GEN-ENG-2026,DRONA_TRUST_GSEB_DPS_2026_2027_ENG_STD05_GEN,GSEB,DPS,ENG,STD05,GEN,ENG,English,2026-2027,topics,16,1,1,1,"English course for Standard 5 GEN English Medium in 2026-2027. Includes 10 chapter structure, term exams, final exam, completion rules and default certification.",MASTER-ALL-GRADES-ALL-SUBJECTS-STD-TEMPLATE,1,1,1,"DPS,GSEB,2026-2027,ENG,STD05,GEN,ENG",TPL_STD03_05_PRIMARY,Academic Year 2026-2027
DPS-GSEB-ENG-STD05-GEN-MATH-2026,Drona Public School - Gujarat Board Education - English Medium - Standard 5 - GEN - Mathematics - 2026-2027,DPS-GSEB-ENG-STD05-GEN-MATH-26,DPS-GSEB-ENG-STD05-GEN-MATH-2026,DRONA_TRUST_GSEB_DPS_2026_2027_ENG_STD05_GEN,GSEB,DPS,ENG,STD05,GEN,MATH,Mathematics,2026-2027,topics,16,1,1,1,"Mathematics course for Standard 5 GEN English Medium in 2026-2027. Includes 10 chapter structure, term exams, final exam, completion rules and default certification.",MASTER-ALL-GRADES-ALL-SUBJECTS-STD-TEMPLATE,1,1,1,"DPS,GSEB,2026-2027,ENG,STD05,GEN,MATH",TPL_STD03_05_PRIMARY,Academic Year 2026-2027
DPS-GSEB-ENG-STD05-GEN-EVS-2026,Drona Public School - Gujarat Board Education - English Medium - Standard 5 - GEN - Environmental Studies - 2026-2027,DPS-GSEB-ENG-STD05-GEN-EVS-26,DPS-GSEB-ENG-STD05-GEN-EVS-2026,DRONA_TRUST_GSEB_DPS_2026_2027_ENG_STD05_GEN,GSEB,DPS,ENG,STD05,GEN,EVS,Environmental Studies,2026-2027,topics,16,1,1,1,"Environmental Studies course for Standard 5 GEN English Medium in 2026-2027. Includes 10 chapter structure, term exams, final exam, completion rules and default certification.",MASTER-ALL-GRADES-ALL-SUBJECTS-STD-TEMPLATE,1,1,1,"DPS,GSEB,2026-2027,ENG,STD05,GEN,EVS",TPL_STD03_05_PRIMARY,Academic Year 2026-2027
DPS-GSEB-ENG-STD05-GEN-ART-2026,Drona Public School - Gujarat Board Education - English Medium - Standard 5 - GEN - Art Education - 2026-2027,DPS-GSEB-ENG-STD05-GEN-ART-26,DPS-GSEB-ENG-STD05-GEN-ART-2026,DRONA_TRUST_GSEB_DPS_2026_2027_ENG_STD05_GEN,GSEB,DPS,ENG,STD05,GEN,ART,Art Education,2026-2027,topics,16,1,1,1,"Art Education course for Standard 5 GEN English Medium in 2026-2027. Includes 10 chapter structure, term exams, final exam, completion rules and default certification.",MASTER-ALL-GRADES-ALL-SUBJECTS-STD-TEMPLATE,1,1,1,"DPS,GSEB,2026-2027,ENG,STD05,GEN,ART",TPL_STD03_05_PRIMARY,Academic Year 2026-2027
DPS-GSEB-ENG-STD05-GEN-PE-2026,Drona Public School - Gujarat Board Education - English Medium - Standard 5 - GEN - Physical Education - 2026-2027,DPS-GSEB-ENG-STD05-GEN-PE-26,DPS-GSEB-ENG-STD05-GEN-PE-2026,DRONA_TRUST_GSEB_DPS_2026_2027_ENG_STD05_GEN,GSEB,DPS,ENG,STD05,GEN,PE,Physical Education,2026-2027,topics,16,1,1,1,"Physical Education course for Standard 5 GEN English Medium in 2026-2027. Includes 10 chapter structure, term exams, final exam, completion rules and default certification.",MASTER-ALL-GRADES-ALL-SUBJECTS-STD-TEMPLATE,1,1,1,"DPS,GSEB,2026-2027,ENG,STD05,GEN,PE",TPL_STD03_05_PRIMARY,Academic Year 2026-2027
DPS-GSEB-ENG-STD06-GEN-GUJ-2026,Drona Public School - Gujarat Board Education - English Medium - Standard 6 - GEN - Gujarati - 2026-2027,DPS-GSEB-ENG-STD06-GEN-GUJ-26,DPS-GSEB-ENG-STD06-GEN-GUJ-2026,DRONA_TRUST_GSEB_DPS_2026_2027_ENG_STD06_GEN,GSEB,DPS,ENG,STD06,GEN,GUJ,Gujarati,2026-2027,topics,16,1,1,1,"Gujarati course for Standard 6 GEN English Medium in 2026-2027. Includes 10 chapter structure, term exams, final exam, completion rules and default certification.",MASTER-ALL-GRADES-ALL-SUBJECTS-STD-TEMPLATE,1,1,1,"DPS,GSEB,2026-2027,ENG,STD06,GEN,GUJ",TPL_STD06_08_UPPER_PRIMARY,Academic Year 2026-2027
DPS-GSEB-ENG-STD06-GEN-HIN-2026,Drona Public School - Gujarat Board Education - English Medium - Standard 6 - GEN - Hindi - 2026-2027,DPS-GSEB-ENG-STD06-GEN-HIN-26,DPS-GSEB-ENG-STD06-GEN-HIN-2026,DRONA_TRUST_GSEB_DPS_2026_2027_ENG_STD06_GEN,GSEB,DPS,ENG,STD06,GEN,HIN,Hindi,2026-2027,topics,16,1,1,1,"Hindi course for Standard 6 GEN English Medium in 2026-2027. Includes 10 chapter structure, term exams, final exam, completion rules and default certification.",MASTER-ALL-GRADES-ALL-SUBJECTS-STD-TEMPLATE,1,1,1,"DPS,GSEB,2026-2027,ENG,STD06,GEN,HIN",TPL_STD06_08_UPPER_PRIMARY,Academic Year 2026-2027
DPS-GSEB-ENG-STD06-GEN-ENG-2026,Drona Public School - Gujarat Board Education - English Medium - Standard 6 - GEN - English - 2026-2027,DPS-GSEB-ENG-STD06-GEN-ENG-26,DPS-GSEB-ENG-STD06-GEN-ENG-2026,DRONA_TRUST_GSEB_DPS_2026_2027_ENG_STD06_GEN,GSEB,DPS,ENG,STD06,GEN,ENG,English,2026-2027,topics,16,1,1,1,"English course for Standard 6 GEN English Medium in 2026-2027. Includes 10 chapter structure, term exams, final exam, completion rules and default certification.",MASTER-ALL-GRADES-ALL-SUBJECTS-STD-TEMPLATE,1,1,1,"DPS,GSEB,2026-2027,ENG,STD06,GEN,ENG",TPL_STD06_08_UPPER_PRIMARY,Academic Year 2026-2027
DPS-GSEB-ENG-STD06-GEN-MATH-2026,Drona Public School - Gujarat Board Education - English Medium - Standard 6 - GEN - Mathematics - 2026-2027,DPS-GSEB-ENG-STD06-GEN-MATH-26,DPS-GSEB-ENG-STD06-GEN-MATH-2026,DRONA_TRUST_GSEB_DPS_2026_2027_ENG_STD06_GEN,GSEB,DPS,ENG,STD06,GEN,MATH,Mathematics,2026-2027,topics,16,1,1,1,"Mathematics course for Standard 6 GEN English Medium in 2026-2027. Includes 10 chapter structure, term exams, final exam, completion rules and default certification.",MASTER-ALL-GRADES-ALL-SUBJECTS-STD-TEMPLATE,1,1,1,"DPS,GSEB,2026-2027,ENG,STD06,GEN,MATH",TPL_STD06_08_UPPER_PRIMARY,Academic Year 2026-2027
DPS-GSEB-ENG-STD06-GEN-SCI-2026,Drona Public School - Gujarat Board Education - English Medium - Standard 6 - GEN - Science - 2026-2027,DPS-GSEB-ENG-STD06-GEN-SCI-26,DPS-GSEB-ENG-STD06-GEN-SCI-2026,DRONA_TRUST_GSEB_DPS_2026_2027_ENG_STD06_GEN,GSEB,DPS,ENG,STD06,GEN,SCI,Science,2026-2027,topics,16,1,1,1,"Science course for Standard 6 GEN English Medium in 2026-2027. Includes 10 chapter structure, term exams, final exam, completion rules and default certification.",MASTER-ALL-GRADES-ALL-SUBJECTS-STD-TEMPLATE,1,1,1,"DPS,GSEB,2026-2027,ENG,STD06,GEN,SCI",TPL_STD06_08_UPPER_PRIMARY,Academic Year 2026-2027
DPS-GSEB-ENG-STD06-GEN-SS-2026,Drona Public School - Gujarat Board Education - English Medium - Standard 6 - GEN - Social Science - 2026-2027,DPS-GSEB-ENG-STD06-GEN-SS-26,DPS-GSEB-ENG-STD06-GEN-SS-2026,DRONA_TRUST_GSEB_DPS_2026_2027_ENG_STD06_GEN,GSEB,DPS,ENG,STD06,GEN,SS,Social Science,2026-2027,topics,16,1,1,1,"Social Science course for Standard 6 GEN English Medium in 2026-2027. Includes 10 chapter structure, term exams, final exam, completion rules and default certification.",MASTER-ALL-GRADES-ALL-SUBJECTS-STD-TEMPLATE,1,1,1,"DPS,GSEB,2026-2027,ENG,STD06,GEN,SS",TPL_STD06_08_UPPER_PRIMARY,Academic Year 2026-2027
DPS-GSEB-ENG-STD06-GEN-CS-2026,Drona Public School - Gujarat Board Education - English Medium - Standard 6 - GEN - Computer Studies - 2026-2027,DPS-GSEB-ENG-STD06-GEN-CS-26,DPS-GSEB-ENG-STD06-GEN-CS-2026,DRONA_TRUST_GSEB_DPS_2026_2027_ENG_STD06_GEN,GSEB,DPS,ENG,STD06,GEN,CS,Computer Studies,2026-2027,topics,16,1,1,1,"Computer Studies course for Standard 6 GEN English Medium in 2026-2027. Includes 10 chapter structure, term exams, final exam, completion rules and default certification.",MASTER-ALL-GRADES-ALL-SUBJECTS-STD-TEMPLATE,1,1,1,"DPS,GSEB,2026-2027,ENG,STD06,GEN,CS",TPL_STD06_08_UPPER_PRIMARY,Academic Year 2026-2027
DPS-GSEB-ENG-STD06-GEN-ART-2026,Drona Public School - Gujarat Board Education - English Medium - Standard 6 - GEN - Art Education - 2026-2027,DPS-GSEB-ENG-STD06-GEN-ART-26,DPS-GSEB-ENG-STD06-GEN-ART-2026,DRONA_TRUST_GSEB_DPS_2026_2027_ENG_STD06_GEN,GSEB,DPS,ENG,STD06,GEN,ART,Art Education,2026-2027,topics,16,1,1,1,"Art Education course for Standard 6 GEN English Medium in 2026-2027. Includes 10 chapter structure, term exams, final exam, completion rules and default certification.",MASTER-ALL-GRADES-ALL-SUBJECTS-STD-TEMPLATE,1,1,1,"DPS,GSEB,2026-2027,ENG,STD06,GEN,ART",TPL_STD06_08_UPPER_PRIMARY,Academic Year 2026-2027
DPS-GSEB-ENG-STD06-GEN-PE-2026,Drona Public School - Gujarat Board Education - English Medium - Standard 6 - GEN - Physical Education - 2026-2027,DPS-GSEB-ENG-STD06-GEN-PE-26,DPS-GSEB-ENG-STD06-GEN-PE-2026,DRONA_TRUST_GSEB_DPS_2026_2027_ENG_STD06_GEN,GSEB,DPS,ENG,STD06,GEN,PE,Physical Education,2026-2027,topics,16,1,1,1,"Physical Education course for Standard 6 GEN English Medium in 2026-2027. Includes 10 chapter structure, term exams, final exam, completion rules and default certification.",MASTER-ALL-GRADES-ALL-SUBJECTS-STD-TEMPLATE,1,1,1,"DPS,GSEB,2026-2027,ENG,STD06,GEN,PE",TPL_STD06_08_UPPER_PRIMARY,Academic Year 2026-2027
DPS-GSEB-ENG-STD07-GEN-GUJ-2026,Drona Public School - Gujarat Board Education - English Medium - Standard 7 - GEN - Gujarati - 2026-2027,DPS-GSEB-ENG-STD07-GEN-GUJ-26,DPS-GSEB-ENG-STD07-GEN-GUJ-2026,DRONA_TRUST_GSEB_DPS_2026_2027_ENG_STD07_GEN,GSEB,DPS,ENG,STD07,GEN,GUJ,Gujarati,2026-2027,topics,16,1,1,1,"Gujarati course for Standard 7 GEN English Medium in 2026-2027. Includes 10 chapter structure, term exams, final exam, completion rules and default certification.",MASTER-ALL-GRADES-ALL-SUBJECTS-STD-TEMPLATE,1,1,1,"DPS,GSEB,2026-2027,ENG,STD07,GEN,GUJ",TPL_STD06_08_UPPER_PRIMARY,Academic Year 2026-2027
DPS-GSEB-ENG-STD07-GEN-HIN-2026,Drona Public School - Gujarat Board Education - English Medium - Standard 7 - GEN - Hindi - 2026-2027,DPS-GSEB-ENG-STD07-GEN-HIN-26,DPS-GSEB-ENG-STD07-GEN-HIN-2026,DRONA_TRUST_GSEB_DPS_2026_2027_ENG_STD07_GEN,GSEB,DPS,ENG,STD07,GEN,HIN,Hindi,2026-2027,topics,16,1,1,1,"Hindi course for Standard 7 GEN English Medium in 2026-2027. Includes 10 chapter structure, term exams, final exam, completion rules and default certification.",MASTER-ALL-GRADES-ALL-SUBJECTS-STD-TEMPLATE,1,1,1,"DPS,GSEB,2026-2027,ENG,STD07,GEN,HIN",TPL_STD06_08_UPPER_PRIMARY,Academic Year 2026-2027
DPS-GSEB-ENG-STD07-GEN-ENG-2026,Drona Public School - Gujarat Board Education - English Medium - Standard 7 - GEN - English - 2026-2027,DPS-GSEB-ENG-STD07-GEN-ENG-26,DPS-GSEB-ENG-STD07-GEN-ENG-2026,DRONA_TRUST_GSEB_DPS_2026_2027_ENG_STD07_GEN,GSEB,DPS,ENG,STD07,GEN,ENG,English,2026-2027,topics,16,1,1,1,"English course for Standard 7 GEN English Medium in 2026-2027. Includes 10 chapter structure, term exams, final exam, completion rules and default certification.",MASTER-ALL-GRADES-ALL-SUBJECTS-STD-TEMPLATE,1,1,1,"DPS,GSEB,2026-2027,ENG,STD07,GEN,ENG",TPL_STD06_08_UPPER_PRIMARY,Academic Year 2026-2027
DPS-GSEB-ENG-STD07-GEN-MATH-2026,Drona Public School - Gujarat Board Education - English Medium - Standard 7 - GEN - Mathematics - 2026-2027,DPS-GSEB-ENG-STD07-GEN-MATH-26,DPS-GSEB-ENG-STD07-GEN-MATH-2026,DRONA_TRUST_GSEB_DPS_2026_2027_ENG_STD07_GEN,GSEB,DPS,ENG,STD07,GEN,MATH,Mathematics,2026-2027,topics,16,1,1,1,"Mathematics course for Standard 7 GEN English Medium in 2026-2027. Includes 10 chapter structure, term exams, final exam, completion rules and default certification.",MASTER-ALL-GRADES-ALL-SUBJECTS-STD-TEMPLATE,1,1,1,"DPS,GSEB,2026-2027,ENG,STD07,GEN,MATH",TPL_STD06_08_UPPER_PRIMARY,Academic Year 2026-2027
DPS-GSEB-ENG-STD07-GEN-SCI-2026,Drona Public School - Gujarat Board Education - English Medium - Standard 7 - GEN - Science - 2026-2027,DPS-GSEB-ENG-STD07-GEN-SCI-26,DPS-GSEB-ENG-STD07-GEN-SCI-2026,DRONA_TRUST_GSEB_DPS_2026_2027_ENG_STD07_GEN,GSEB,DPS,ENG,STD07,GEN,SCI,Science,2026-2027,topics,16,1,1,1,"Science course for Standard 7 GEN English Medium in 2026-2027. Includes 10 chapter structure, term exams, final exam, completion rules and default certification.",MASTER-ALL-GRADES-ALL-SUBJECTS-STD-TEMPLATE,1,1,1,"DPS,GSEB,2026-2027,ENG,STD07,GEN,SCI",TPL_STD06_08_UPPER_PRIMARY,Academic Year 2026-2027
DPS-GSEB-ENG-STD07-GEN-SS-2026,Drona Public School - Gujarat Board Education - English Medium - Standard 7 - GEN - Social Science - 2026-2027,DPS-GSEB-ENG-STD07-GEN-SS-26,DPS-GSEB-ENG-STD07-GEN-SS-2026,DRONA_TRUST_GSEB_DPS_2026_2027_ENG_STD07_GEN,GSEB,DPS,ENG,STD07,GEN,SS,Social Science,2026-2027,topics,16,1,1,1,"Social Science course for Standard 7 GEN English Medium in 2026-2027. Includes 10 chapter structure, term exams, final exam, completion rules and default certification.",MASTER-ALL-GRADES-ALL-SUBJECTS-STD-TEMPLATE,1,1,1,"DPS,GSEB,2026-2027,ENG,STD07,GEN,SS",TPL_STD06_08_UPPER_PRIMARY,Academic Year 2026-2027
DPS-GSEB-ENG-STD07-GEN-CS-2026,Drona Public School - Gujarat Board Education - English Medium - Standard 7 - GEN - Computer Studies - 2026-2027,DPS-GSEB-ENG-STD07-GEN-CS-26,DPS-GSEB-ENG-STD07-GEN-CS-2026,DRONA_TRUST_GSEB_DPS_2026_2027_ENG_STD07_GEN,GSEB,DPS,ENG,STD07,GEN,CS,Computer Studies,2026-2027,topics,16,1,1,1,"Computer Studies course for Standard 7 GEN English Medium in 2026-2027. Includes 10 chapter structure, term exams, final exam, completion rules and default certification.",MASTER-ALL-GRADES-ALL-SUBJECTS-STD-TEMPLATE,1,1,1,"DPS,GSEB,2026-2027,ENG,STD07,GEN,CS",TPL_STD06_08_UPPER_PRIMARY,Academic Year 2026-2027
DPS-GSEB-ENG-STD07-GEN-ART-2026,Drona Public School - Gujarat Board Education - English Medium - Standard 7 - GEN - Art Education - 2026-2027,DPS-GSEB-ENG-STD07-GEN-ART-26,DPS-GSEB-ENG-STD07-GEN-ART-2026,DRONA_TRUST_GSEB_DPS_2026_2027_ENG_STD07_GEN,GSEB,DPS,ENG,STD07,GEN,ART,Art Education,2026-2027,topics,16,1,1,1,"Art Education course for Standard 7 GEN English Medium in 2026-2027. Includes 10 chapter structure, term exams, final exam, completion rules and default certification.",MASTER-ALL-GRADES-ALL-SUBJECTS-STD-TEMPLATE,1,1,1,"DPS,GSEB,2026-2027,ENG,STD07,GEN,ART",TPL_STD06_08_UPPER_PRIMARY,Academic Year 2026-2027
DPS-GSEB-ENG-STD07-GEN-PE-2026,Drona Public School - Gujarat Board Education - English Medium - Standard 7 - GEN - Physical Education - 2026-2027,DPS-GSEB-ENG-STD07-GEN-PE-26,DPS-GSEB-ENG-STD07-GEN-PE-2026,DRONA_TRUST_GSEB_DPS_2026_2027_ENG_STD07_GEN,GSEB,DPS,ENG,STD07,GEN,PE,Physical Education,2026-2027,topics,16,1,1,1,"Physical Education course for Standard 7 GEN English Medium in 2026-2027. Includes 10 chapter structure, term exams, final exam, completion rules and default certification.",MASTER-ALL-GRADES-ALL-SUBJECTS-STD-TEMPLATE,1,1,1,"DPS,GSEB,2026-2027,ENG,STD07,GEN,PE",TPL_STD06_08_UPPER_PRIMARY,Academic Year 2026-2027
DPS-GSEB-ENG-STD08-GEN-GUJ-2026,Drona Public School - Gujarat Board Education - English Medium - Standard 8 - GEN - Gujarati - 2026-2027,DPS-GSEB-ENG-STD08-GEN-GUJ-26,DPS-GSEB-ENG-STD08-GEN-GUJ-2026,DRONA_TRUST_GSEB_DPS_2026_2027_ENG_STD08_GEN,GSEB,DPS,ENG,STD08,GEN,GUJ,Gujarati,2026-2027,topics,16,1,1,1,"Gujarati course for Standard 8 GEN English Medium in 2026-2027. Includes 10 chapter structure, term exams, final exam, completion rules and default certification.",MASTER-ALL-GRADES-ALL-SUBJECTS-STD-TEMPLATE,1,1,1,"DPS,GSEB,2026-2027,ENG,STD08,GEN,GUJ",TPL_STD06_08_UPPER_PRIMARY,Academic Year 2026-2027
DPS-GSEB-ENG-STD08-GEN-HIN-2026,Drona Public School - Gujarat Board Education - English Medium - Standard 8 - GEN - Hindi - 2026-2027,DPS-GSEB-ENG-STD08-GEN-HIN-26,DPS-GSEB-ENG-STD08-GEN-HIN-2026,DRONA_TRUST_GSEB_DPS_2026_2027_ENG_STD08_GEN,GSEB,DPS,ENG,STD08,GEN,HIN,Hindi,2026-2027,topics,16,1,1,1,"Hindi course for Standard 8 GEN English Medium in 2026-2027. Includes 10 chapter structure, term exams, final exam, completion rules and default certification.",MASTER-ALL-GRADES-ALL-SUBJECTS-STD-TEMPLATE,1,1,1,"DPS,GSEB,2026-2027,ENG,STD08,GEN,HIN",TPL_STD06_08_UPPER_PRIMARY,Academic Year 2026-2027
DPS-GSEB-ENG-STD08-GEN-ENG-2026,Drona Public School - Gujarat Board Education - English Medium - Standard 8 - GEN - English - 2026-2027,DPS-GSEB-ENG-STD08-GEN-ENG-26,DPS-GSEB-ENG-STD08-GEN-ENG-2026,DRONA_TRUST_GSEB_DPS_2026_2027_ENG_STD08_GEN,GSEB,DPS,ENG,STD08,GEN,ENG,English,2026-2027,topics,16,1,1,1,"English course for Standard 8 GEN English Medium in 2026-2027. Includes 10 chapter structure, term exams, final exam, completion rules and default certification.",MASTER-ALL-GRADES-ALL-SUBJECTS-STD-TEMPLATE,1,1,1,"DPS,GSEB,2026-2027,ENG,STD08,GEN,ENG",TPL_STD06_08_UPPER_PRIMARY,Academic Year 2026-2027
DPS-GSEB-ENG-STD08-GEN-MATH-2026,Drona Public School - Gujarat Board Education - English Medium - Standard 8 - GEN - Mathematics - 2026-2027,DPS-GSEB-ENG-STD08-GEN-MATH-26,DPS-GSEB-ENG-STD08-GEN-MATH-2026,DRONA_TRUST_GSEB_DPS_2026_2027_ENG_STD08_GEN,GSEB,DPS,ENG,STD08,GEN,MATH,Mathematics,2026-2027,topics,16,1,1,1,"Mathematics course for Standard 8 GEN English Medium in 2026-2027. Includes 10 chapter structure, term exams, final exam, completion rules and default certification.",MASTER-ALL-GRADES-ALL-SUBJECTS-STD-TEMPLATE,1,1,1,"DPS,GSEB,2026-2027,ENG,STD08,GEN,MATH",TPL_STD06_08_UPPER_PRIMARY,Academic Year 2026-2027
DPS-GSEB-ENG-STD08-GEN-SCI-2026,Drona Public School - Gujarat Board Education - English Medium - Standard 8 - GEN - Science - 2026-2027,DPS-GSEB-ENG-STD08-GEN-SCI-26,DPS-GSEB-ENG-STD08-GEN-SCI-2026,DRONA_TRUST_GSEB_DPS_2026_2027_ENG_STD08_GEN,GSEB,DPS,ENG,STD08,GEN,SCI,Science,2026-2027,topics,16,1,1,1,"Science course for Standard 8 GEN English Medium in 2026-2027. Includes 10 chapter structure, term exams, final exam, completion rules and default certification.",MASTER-ALL-GRADES-ALL-SUBJECTS-STD-TEMPLATE,1,1,1,"DPS,GSEB,2026-2027,ENG,STD08,GEN,SCI",TPL_STD06_08_UPPER_PRIMARY,Academic Year 2026-2027
DPS-GSEB-ENG-STD08-GEN-SS-2026,Drona Public School - Gujarat Board Education - English Medium - Standard 8 - GEN - Social Science - 2026-2027,DPS-GSEB-ENG-STD08-GEN-SS-26,DPS-GSEB-ENG-STD08-GEN-SS-2026,DRONA_TRUST_GSEB_DPS_2026_2027_ENG_STD08_GEN,GSEB,DPS,ENG,STD08,GEN,SS,Social Science,2026-2027,topics,16,1,1,1,"Social Science course for Standard 8 GEN English Medium in 2026-2027. Includes 10 chapter structure, term exams, final exam, completion rules and default certification.",MASTER-ALL-GRADES-ALL-SUBJECTS-STD-TEMPLATE,1,1,1,"DPS,GSEB,2026-2027,ENG,STD08,GEN,SS",TPL_STD06_08_UPPER_PRIMARY,Academic Year 2026-2027
DPS-GSEB-ENG-STD08-GEN-CS-2026,Drona Public School - Gujarat Board Education - English Medium - Standard 8 - GEN - Computer Studies - 2026-2027,DPS-GSEB-ENG-STD08-GEN-CS-26,DPS-GSEB-ENG-STD08-GEN-CS-2026,DRONA_TRUST_GSEB_DPS_2026_2027_ENG_STD08_GEN,GSEB,DPS,ENG,STD08,GEN,CS,Computer Studies,2026-2027,topics,16,1,1,1,"Computer Studies course for Standard 8 GEN English Medium in 2026-2027. Includes 10 chapter structure, term exams, final exam, completion rules and default certification.",MASTER-ALL-GRADES-ALL-SUBJECTS-STD-TEMPLATE,1,1,1,"DPS,GSEB,2026-2027,ENG,STD08,GEN,CS",TPL_STD06_08_UPPER_PRIMARY,Academic Year 2026-2027
DPS-GSEB-ENG-STD08-GEN-ART-2026,Drona Public School - Gujarat Board Education - English Medium - Standard 8 - GEN - Art Education - 2026-2027,DPS-GSEB-ENG-STD08-GEN-ART-26,DPS-GSEB-ENG-STD08-GEN-ART-2026,DRONA_TRUST_GSEB_DPS_2026_2027_ENG_STD08_GEN,GSEB,DPS,ENG,STD08,GEN,ART,Art Education,2026-2027,topics,16,1,1,1,"Art Education course for Standard 8 GEN English Medium in 2026-2027. Includes 10 chapter structure, term exams, final exam, completion rules and default certification.",MASTER-ALL-GRADES-ALL-SUBJECTS-STD-TEMPLATE,1,1,1,"DPS,GSEB,2026-2027,ENG,STD08,GEN,ART",TPL_STD06_08_UPPER_PRIMARY,Academic Year 2026-2027
DPS-GSEB-ENG-STD08-GEN-PE-2026,Drona Public School - Gujarat Board Education - English Medium - Standard 8 - GEN - Physical Education - 2026-2027,DPS-GSEB-ENG-STD08-GEN-PE-26,DPS-GSEB-ENG-STD08-GEN-PE-2026,DRONA_TRUST_GSEB_DPS_2026_2027_ENG_STD08_GEN,GSEB,DPS,ENG,STD08,GEN,PE,Physical Education,2026-2027,topics,16,1,1,1,"Physical Education course for Standard 8 GEN English Medium in 2026-2027. Includes 10 chapter structure, term exams, final exam, completion rules and default certification.",MASTER-ALL-GRADES-ALL-SUBJECTS-STD-TEMPLATE,1,1,1,"DPS,GSEB,2026-2027,ENG,STD08,GEN,PE",TPL_STD06_08_UPPER_PRIMARY,Academic Year 2026-2027
DPS-GSEB-ENG-STD09-GEN-GUJ-2026,Drona Public School - Gujarat Board Education - English Medium - Standard 9 - GEN - Gujarati - 2026-2027,DPS-GSEB-ENG-STD09-GEN-GUJ-26,DPS-GSEB-ENG-STD09-GEN-GUJ-2026,DRONA_TRUST_GSEB_DPS_2026_2027_ENG_STD09_GEN,GSEB,DPS,ENG,STD09,GEN,GUJ,Gujarati,2026-2027,topics,16,1,1,1,"Gujarati course for Standard 9 GEN English Medium in 2026-2027. Includes 10 chapter structure, term exams, final exam, completion rules and default certification.",MASTER-ALL-GRADES-ALL-SUBJECTS-STD-TEMPLATE,1,1,1,"DPS,GSEB,2026-2027,ENG,STD09,GEN,GUJ",TPL_STD09_10_BOARD_FOUNDATION,Academic Year 2026-2027
DPS-GSEB-ENG-STD09-GEN-HIN-2026,Drona Public School - Gujarat Board Education - English Medium - Standard 9 - GEN - Hindi - 2026-2027,DPS-GSEB-ENG-STD09-GEN-HIN-26,DPS-GSEB-ENG-STD09-GEN-HIN-2026,DRONA_TRUST_GSEB_DPS_2026_2027_ENG_STD09_GEN,GSEB,DPS,ENG,STD09,GEN,HIN,Hindi,2026-2027,topics,16,1,1,1,"Hindi course for Standard 9 GEN English Medium in 2026-2027. Includes 10 chapter structure, term exams, final exam, completion rules and default certification.",MASTER-ALL-GRADES-ALL-SUBJECTS-STD-TEMPLATE,1,1,1,"DPS,GSEB,2026-2027,ENG,STD09,GEN,HIN",TPL_STD09_10_BOARD_FOUNDATION,Academic Year 2026-2027
DPS-GSEB-ENG-STD09-GEN-ENG-2026,Drona Public School - Gujarat Board Education - English Medium - Standard 9 - GEN - English - 2026-2027,DPS-GSEB-ENG-STD09-GEN-ENG-26,DPS-GSEB-ENG-STD09-GEN-ENG-2026,DRONA_TRUST_GSEB_DPS_2026_2027_ENG_STD09_GEN,GSEB,DPS,ENG,STD09,GEN,ENG,English,2026-2027,topics,16,1,1,1,"English course for Standard 9 GEN English Medium in 2026-2027. Includes 10 chapter structure, term exams, final exam, completion rules and default certification.",MASTER-ALL-GRADES-ALL-SUBJECTS-STD-TEMPLATE,1,1,1,"DPS,GSEB,2026-2027,ENG,STD09,GEN,ENG",TPL_STD09_10_BOARD_FOUNDATION,Academic Year 2026-2027
DPS-GSEB-ENG-STD09-GEN-MATH-2026,Drona Public School - Gujarat Board Education - English Medium - Standard 9 - GEN - Mathematics - 2026-2027,DPS-GSEB-ENG-STD09-GEN-MATH-26,DPS-GSEB-ENG-STD09-GEN-MATH-2026,DRONA_TRUST_GSEB_DPS_2026_2027_ENG_STD09_GEN,GSEB,DPS,ENG,STD09,GEN,MATH,Mathematics,2026-2027,topics,16,1,1,1,"Mathematics course for Standard 9 GEN English Medium in 2026-2027. Includes 10 chapter structure, term exams, final exam, completion rules and default certification.",MASTER-ALL-GRADES-ALL-SUBJECTS-STD-TEMPLATE,1,1,1,"DPS,GSEB,2026-2027,ENG,STD09,GEN,MATH",TPL_STD09_10_BOARD_FOUNDATION,Academic Year 2026-2027
DPS-GSEB-ENG-STD09-GEN-SCI-2026,Drona Public School - Gujarat Board Education - English Medium - Standard 9 - GEN - Science - 2026-2027,DPS-GSEB-ENG-STD09-GEN-SCI-26,DPS-GSEB-ENG-STD09-GEN-SCI-2026,DRONA_TRUST_GSEB_DPS_2026_2027_ENG_STD09_GEN,GSEB,DPS,ENG,STD09,GEN,SCI,Science,2026-2027,topics,16,1,1,1,"Science course for Standard 9 GEN English Medium in 2026-2027. Includes 10 chapter structure, term exams, final exam, completion rules and default certification.",MASTER-ALL-GRADES-ALL-SUBJECTS-STD-TEMPLATE,1,1,1,"DPS,GSEB,2026-2027,ENG,STD09,GEN,SCI",TPL_STD09_10_BOARD_FOUNDATION,Academic Year 2026-2027
DPS-GSEB-ENG-STD09-GEN-SS-2026,Drona Public School - Gujarat Board Education - English Medium - Standard 9 - GEN - Social Science - 2026-2027,DPS-GSEB-ENG-STD09-GEN-SS-26,DPS-GSEB-ENG-STD09-GEN-SS-2026,DRONA_TRUST_GSEB_DPS_2026_2027_ENG_STD09_GEN,GSEB,DPS,ENG,STD09,GEN,SS,Social Science,2026-2027,topics,16,1,1,1,"Social Science course for Standard 9 GEN English Medium in 2026-2027. Includes 10 chapter structure, term exams, final exam, completion rules and default certification.",MASTER-ALL-GRADES-ALL-SUBJECTS-STD-TEMPLATE,1,1,1,"DPS,GSEB,2026-2027,ENG,STD09,GEN,SS",TPL_STD09_10_BOARD_FOUNDATION,Academic Year 2026-2027
DPS-GSEB-ENG-STD09-GEN-CS-2026,Drona Public School - Gujarat Board Education - English Medium - Standard 9 - GEN - Computer Studies - 2026-2027,DPS-GSEB-ENG-STD09-GEN-CS-26,DPS-GSEB-ENG-STD09-GEN-CS-2026,DRONA_TRUST_GSEB_DPS_2026_2027_ENG_STD09_GEN,GSEB,DPS,ENG,STD09,GEN,CS,Computer Studies,2026-2027,topics,16,1,1,1,"Computer Studies course for Standard 9 GEN English Medium in 2026-2027. Includes 10 chapter structure, term exams, final exam, completion rules and default certification.",MASTER-ALL-GRADES-ALL-SUBJECTS-STD-TEMPLATE,1,1,1,"DPS,GSEB,2026-2027,ENG,STD09,GEN,CS",TPL_STD09_10_BOARD_FOUNDATION,Academic Year 2026-2027
DPS-GSEB-ENG-STD09-GEN-PE-2026,Drona Public School - Gujarat Board Education - English Medium - Standard 9 - GEN - Physical Education - 2026-2027,DPS-GSEB-ENG-STD09-GEN-PE-26,DPS-GSEB-ENG-STD09-GEN-PE-2026,DRONA_TRUST_GSEB_DPS_2026_2027_ENG_STD09_GEN,GSEB,DPS,ENG,STD09,GEN,PE,Physical Education,2026-2027,topics,16,1,1,1,"Physical Education course for Standard 9 GEN English Medium in 2026-2027. Includes 10 chapter structure, term exams, final exam, completion rules and default certification.",MASTER-ALL-GRADES-ALL-SUBJECTS-STD-TEMPLATE,1,1,1,"DPS,GSEB,2026-2027,ENG,STD09,GEN,PE",TPL_STD09_10_BOARD_FOUNDATION,Academic Year 2026-2027
DPS-GSEB-ENG-STD10-GEN-GUJ-2026,Drona Public School - Gujarat Board Education - English Medium - Standard 10 - GEN - Gujarati - 2026-2027,DPS-GSEB-ENG-STD10-GEN-GUJ-26,DPS-GSEB-ENG-STD10-GEN-GUJ-2026,DRONA_TRUST_GSEB_DPS_2026_2027_ENG_STD10_GEN,GSEB,DPS,ENG,STD10,GEN,GUJ,Gujarati,2026-2027,topics,16,1,1,1,"Gujarati course for Standard 10 GEN English Medium in 2026-2027. Includes 10 chapter structure, term exams, final exam, completion rules and default certification.",MASTER-ALL-GRADES-ALL-SUBJECTS-STD-TEMPLATE,1,1,1,"DPS,GSEB,2026-2027,ENG,STD10,GEN,GUJ",TPL_STD09_10_BOARD_FOUNDATION,Academic Year 2026-2027
DPS-GSEB-ENG-STD10-GEN-HIN-2026,Drona Public School - Gujarat Board Education - English Medium - Standard 10 - GEN - Hindi - 2026-2027,DPS-GSEB-ENG-STD10-GEN-HIN-26,DPS-GSEB-ENG-STD10-GEN-HIN-2026,DRONA_TRUST_GSEB_DPS_2026_2027_ENG_STD10_GEN,GSEB,DPS,ENG,STD10,GEN,HIN,Hindi,2026-2027,topics,16,1,1,1,"Hindi course for Standard 10 GEN English Medium in 2026-2027. Includes 10 chapter structure, term exams, final exam, completion rules and default certification.",MASTER-ALL-GRADES-ALL-SUBJECTS-STD-TEMPLATE,1,1,1,"DPS,GSEB,2026-2027,ENG,STD10,GEN,HIN",TPL_STD09_10_BOARD_FOUNDATION,Academic Year 2026-2027
DPS-GSEB-ENG-STD10-GEN-ENG-2026,Drona Public School - Gujarat Board Education - English Medium - Standard 10 - GEN - English - 2026-2027,DPS-GSEB-ENG-STD10-GEN-ENG-26,DPS-GSEB-ENG-STD10-GEN-ENG-2026,DRONA_TRUST_GSEB_DPS_2026_2027_ENG_STD10_GEN,GSEB,DPS,ENG,STD10,GEN,ENG,English,2026-2027,topics,16,1,1,1,"English course for Standard 10 GEN English Medium in 2026-2027. Includes 10 chapter structure, term exams, final exam, completion rules and default certification.",MASTER-ALL-GRADES-ALL-SUBJECTS-STD-TEMPLATE,1,1,1,"DPS,GSEB,2026-2027,ENG,STD10,GEN,ENG",TPL_STD09_10_BOARD_FOUNDATION,Academic Year 2026-2027
DPS-GSEB-ENG-STD10-GEN-MATH-2026,Drona Public School - Gujarat Board Education - English Medium - Standard 10 - GEN - Mathematics - 2026-2027,DPS-GSEB-ENG-STD10-GEN-MATH-26,DPS-GSEB-ENG-STD10-GEN-MATH-2026,DRONA_TRUST_GSEB_DPS_2026_2027_ENG_STD10_GEN,GSEB,DPS,ENG,STD10,GEN,MATH,Mathematics,2026-2027,topics,16,1,1,1,"Mathematics course for Standard 10 GEN English Medium in 2026-2027. Includes 10 chapter structure, term exams, final exam, completion rules and default certification.",MASTER-ALL-GRADES-ALL-SUBJECTS-STD-TEMPLATE,1,1,1,"DPS,GSEB,2026-2027,ENG,STD10,GEN,MATH",TPL_STD09_10_BOARD_FOUNDATION,Academic Year 2026-2027
DPS-GSEB-ENG-STD10-GEN-SCI-2026,Drona Public School - Gujarat Board Education - English Medium - Standard 10 - GEN - Science - 2026-2027,DPS-GSEB-ENG-STD10-GEN-SCI-26,DPS-GSEB-ENG-STD10-GEN-SCI-2026,DRONA_TRUST_GSEB_DPS_2026_2027_ENG_STD10_GEN,GSEB,DPS,ENG,STD10,GEN,SCI,Science,2026-2027,topics,16,1,1,1,"Science course for Standard 10 GEN English Medium in 2026-2027. Includes 10 chapter structure, term exams, final exam, completion rules and default certification.",MASTER-ALL-GRADES-ALL-SUBJECTS-STD-TEMPLATE,1,1,1,"DPS,GSEB,2026-2027,ENG,STD10,GEN,SCI",TPL_STD09_10_BOARD_FOUNDATION,Academic Year 2026-2027
DPS-GSEB-ENG-STD10-GEN-SS-2026,Drona Public School - Gujarat Board Education - English Medium - Standard 10 - GEN - Social Science - 2026-2027,DPS-GSEB-ENG-STD10-GEN-SS-26,DPS-GSEB-ENG-STD10-GEN-SS-2026,DRONA_TRUST_GSEB_DPS_2026_2027_ENG_STD10_GEN,GSEB,DPS,ENG,STD10,GEN,SS,Social Science,2026-2027,topics,16,1,1,1,"Social Science course for Standard 10 GEN English Medium in 2026-2027. Includes 10 chapter structure, term exams, final exam, completion rules and default certification.",MASTER-ALL-GRADES-ALL-SUBJECTS-STD-TEMPLATE,1,1,1,"DPS,GSEB,2026-2027,ENG,STD10,GEN,SS",TPL_STD09_10_BOARD_FOUNDATION,Academic Year 2026-2027
DPS-GSEB-ENG-STD10-GEN-CS-2026,Drona Public School - Gujarat Board Education - English Medium - Standard 10 - GEN - Computer Studies - 2026-2027,DPS-GSEB-ENG-STD10-GEN-CS-26,DPS-GSEB-ENG-STD10-GEN-CS-2026,DRONA_TRUST_GSEB_DPS_2026_2027_ENG_STD10_GEN,GSEB,DPS,ENG,STD10,GEN,CS,Computer Studies,2026-2027,topics,16,1,1,1,"Computer Studies course for Standard 10 GEN English Medium in 2026-2027. Includes 10 chapter structure, term exams, final exam, completion rules and default certification.",MASTER-ALL-GRADES-ALL-SUBJECTS-STD-TEMPLATE,1,1,1,"DPS,GSEB,2026-2027,ENG,STD10,GEN,CS",TPL_STD09_10_BOARD_FOUNDATION,Academic Year 2026-2027
DPS-GSEB-ENG-STD10-GEN-PE-2026,Drona Public School - Gujarat Board Education - English Medium - Standard 10 - GEN - Physical Education - 2026-2027,DPS-GSEB-ENG-STD10-GEN-PE-26,DPS-GSEB-ENG-STD10-GEN-PE-2026,DRONA_TRUST_GSEB_DPS_2026_2027_ENG_STD10_GEN,GSEB,DPS,ENG,STD10,GEN,PE,Physical Education,2026-2027,topics,16,1,1,1,"Physical Education course for Standard 10 GEN English Medium in 2026-2027. Includes 10 chapter structure, term exams, final exam, completion rules and default certification.",MASTER-ALL-GRADES-ALL-SUBJECTS-STD-TEMPLATE,1,1,1,"DPS,GSEB,2026-2027,ENG,STD10,GEN,PE",TPL_STD09_10_BOARD_FOUNDATION,Academic Year 2026-2027
DPS-GSEB-ENG-STD11-SCI-ENG-2026,Drona Public School - Gujarat Board Education - English Medium - Standard 11 - SCI - English - 2026-2027,DPS-GSEB-ENG-STD11-SCI-ENG-26,DPS-GSEB-ENG-STD11-SCI-ENG-2026,DRONA_TRUST_GSEB_DPS_2026_2027_ENG_STD11_SCI,GSEB,DPS,ENG,STD11,SCI,ENG,English,2026-2027,topics,16,1,1,1,"English course for Standard 11 SCI English Medium in 2026-2027. Includes 10 chapter structure, term exams, final exam, completion rules and default certification.",MASTER-ALL-GRADES-ALL-SUBJECTS-STD-TEMPLATE,1,1,1,"DPS,GSEB,2026-2027,ENG,STD11,SCI,ENG",TPL_STD11_12_SCIENCE,Academic Year 2026-2027
DPS-GSEB-ENG-STD11-SCI-PHY-2026,Drona Public School - Gujarat Board Education - English Medium - Standard 11 - SCI - Physics - 2026-2027,DPS-GSEB-ENG-STD11-SCI-PHY-26,DPS-GSEB-ENG-STD11-SCI-PHY-2026,DRONA_TRUST_GSEB_DPS_2026_2027_ENG_STD11_SCI,GSEB,DPS,ENG,STD11,SCI,PHY,Physics,2026-2027,topics,16,1,1,1,"Physics course for Standard 11 SCI English Medium in 2026-2027. Includes 10 chapter structure, term exams, final exam, completion rules and default certification.",MASTER-ALL-GRADES-ALL-SUBJECTS-STD-TEMPLATE,1,1,1,"DPS,GSEB,2026-2027,ENG,STD11,SCI,PHY",TPL_STD11_12_SCIENCE,Academic Year 2026-2027
DPS-GSEB-ENG-STD11-SCI-CHEM-2026,Drona Public School - Gujarat Board Education - English Medium - Standard 11 - SCI - Chemistry - 2026-2027,DPS-GSEB-ENG-STD11-SCI-CHEM-26,DPS-GSEB-ENG-STD11-SCI-CHEM-2026,DRONA_TRUST_GSEB_DPS_2026_2027_ENG_STD11_SCI,GSEB,DPS,ENG,STD11,SCI,CHEM,Chemistry,2026-2027,topics,16,1,1,1,"Chemistry course for Standard 11 SCI English Medium in 2026-2027. Includes 10 chapter structure, term exams, final exam, completion rules and default certification.",MASTER-ALL-GRADES-ALL-SUBJECTS-STD-TEMPLATE,1,1,1,"DPS,GSEB,2026-2027,ENG,STD11,SCI,CHEM",TPL_STD11_12_SCIENCE,Academic Year 2026-2027
DPS-GSEB-ENG-STD11-SCI-BIO-2026,Drona Public School - Gujarat Board Education - English Medium - Standard 11 - SCI - Biology - 2026-2027,DPS-GSEB-ENG-STD11-SCI-BIO-26,DPS-GSEB-ENG-STD11-SCI-BIO-2026,DRONA_TRUST_GSEB_DPS_2026_2027_ENG_STD11_SCI,GSEB,DPS,ENG,STD11,SCI,BIO,Biology,2026-2027,topics,16,1,1,1,"Biology course for Standard 11 SCI English Medium in 2026-2027. Includes 10 chapter structure, term exams, final exam, completion rules and default certification.",MASTER-ALL-GRADES-ALL-SUBJECTS-STD-TEMPLATE,1,1,1,"DPS,GSEB,2026-2027,ENG,STD11,SCI,BIO",TPL_STD11_12_SCIENCE,Academic Year 2026-2027
DPS-GSEB-ENG-STD11-SCI-MATH-2026,Drona Public School - Gujarat Board Education - English Medium - Standard 11 - SCI - Mathematics - 2026-2027,DPS-GSEB-ENG-STD11-SCI-MATH-26,DPS-GSEB-ENG-STD11-SCI-MATH-2026,DRONA_TRUST_GSEB_DPS_2026_2027_ENG_STD11_SCI,GSEB,DPS,ENG,STD11,SCI,MATH,Mathematics,2026-2027,topics,16,1,1,1,"Mathematics course for Standard 11 SCI English Medium in 2026-2027. Includes 10 chapter structure, term exams, final exam, completion rules and default certification.",MASTER-ALL-GRADES-ALL-SUBJECTS-STD-TEMPLATE,1,1,1,"DPS,GSEB,2026-2027,ENG,STD11,SCI,MATH",TPL_STD11_12_SCIENCE,Academic Year 2026-2027
DPS-GSEB-ENG-STD11-SCI-CS-2026,Drona Public School - Gujarat Board Education - English Medium - Standard 11 - SCI - Computer Studies - 2026-2027,DPS-GSEB-ENG-STD11-SCI-CS-26,DPS-GSEB-ENG-STD11-SCI-CS-2026,DRONA_TRUST_GSEB_DPS_2026_2027_ENG_STD11_SCI,GSEB,DPS,ENG,STD11,SCI,CS,Computer Studies,2026-2027,topics,16,1,1,1,"Computer Studies course for Standard 11 SCI English Medium in 2026-2027. Includes 10 chapter structure, term exams, final exam, completion rules and default certification.",MASTER-ALL-GRADES-ALL-SUBJECTS-STD-TEMPLATE,1,1,1,"DPS,GSEB,2026-2027,ENG,STD11,SCI,CS",TPL_STD11_12_SCIENCE,Academic Year 2026-2027
DPS-GSEB-ENG-STD11-SCI-PE-2026,Drona Public School - Gujarat Board Education - English Medium - Standard 11 - SCI - Physical Education - 2026-2027,DPS-GSEB-ENG-STD11-SCI-PE-26,DPS-GSEB-ENG-STD11-SCI-PE-2026,DRONA_TRUST_GSEB_DPS_2026_2027_ENG_STD11_SCI,GSEB,DPS,ENG,STD11,SCI,PE,Physical Education,2026-2027,topics,16,1,1,1,"Physical Education course for Standard 11 SCI English Medium in 2026-2027. Includes 10 chapter structure, term exams, final exam, completion rules and default certification.",MASTER-ALL-GRADES-ALL-SUBJECTS-STD-TEMPLATE,1,1,1,"DPS,GSEB,2026-2027,ENG,STD11,SCI,PE",TPL_STD11_12_SCIENCE,Academic Year 2026-2027
DPS-GSEB-ENG-STD11-COM-ENG-2026,Drona Public School - Gujarat Board Education - English Medium - Standard 11 - COM - English - 2026-2027,DPS-GSEB-ENG-STD11-COM-ENG-26,DPS-GSEB-ENG-STD11-COM-ENG-2026,DRONA_TRUST_GSEB_DPS_2026_2027_ENG_STD11_COM,GSEB,DPS,ENG,STD11,COM,ENG,English,2026-2027,topics,16,1,1,1,"English course for Standard 11 COM English Medium in 2026-2027. Includes 10 chapter structure, term exams, final exam, completion rules and default certification.",MASTER-ALL-GRADES-ALL-SUBJECTS-STD-TEMPLATE,1,1,1,"DPS,GSEB,2026-2027,ENG,STD11,COM,ENG",TPL_STD11_12_COMMERCE,Academic Year 2026-2027
DPS-GSEB-ENG-STD11-COM-ACC-2026,Drona Public School - Gujarat Board Education - English Medium - Standard 11 - COM - Accountancy - 2026-2027,DPS-GSEB-ENG-STD11-COM-ACC-26,DPS-GSEB-ENG-STD11-COM-ACC-2026,DRONA_TRUST_GSEB_DPS_2026_2027_ENG_STD11_COM,GSEB,DPS,ENG,STD11,COM,ACC,Accountancy,2026-2027,topics,16,1,1,1,"Accountancy course for Standard 11 COM English Medium in 2026-2027. Includes 10 chapter structure, term exams, final exam, completion rules and default certification.",MASTER-ALL-GRADES-ALL-SUBJECTS-STD-TEMPLATE,1,1,1,"DPS,GSEB,2026-2027,ENG,STD11,COM,ACC",TPL_STD11_12_COMMERCE,Academic Year 2026-2027
DPS-GSEB-ENG-STD11-COM-BA-2026,Drona Public School - Gujarat Board Education - English Medium - Standard 11 - COM - Business Studies - 2026-2027,DPS-GSEB-ENG-STD11-COM-BA-26,DPS-GSEB-ENG-STD11-COM-BA-2026,DRONA_TRUST_GSEB_DPS_2026_2027_ENG_STD11_COM,GSEB,DPS,ENG,STD11,COM,BA,Business Studies,2026-2027,topics,16,1,1,1,"Business Studies course for Standard 11 COM English Medium in 2026-2027. Includes 10 chapter structure, term exams, final exam, completion rules and default certification.",MASTER-ALL-GRADES-ALL-SUBJECTS-STD-TEMPLATE,1,1,1,"DPS,GSEB,2026-2027,ENG,STD11,COM,BA",TPL_STD11_12_COMMERCE,Academic Year 2026-2027
DPS-GSEB-ENG-STD11-COM-ECO-2026,Drona Public School - Gujarat Board Education - English Medium - Standard 11 - COM - Economics - 2026-2027,DPS-GSEB-ENG-STD11-COM-ECO-26,DPS-GSEB-ENG-STD11-COM-ECO-2026,DRONA_TRUST_GSEB_DPS_2026_2027_ENG_STD11_COM,GSEB,DPS,ENG,STD11,COM,ECO,Economics,2026-2027,topics,16,1,1,1,"Economics course for Standard 11 COM English Medium in 2026-2027. Includes 10 chapter structure, term exams, final exam, completion rules and default certification.",MASTER-ALL-GRADES-ALL-SUBJECTS-STD-TEMPLATE,1,1,1,"DPS,GSEB,2026-2027,ENG,STD11,COM,ECO",TPL_STD11_12_COMMERCE,Academic Year 2026-2027
DPS-GSEB-ENG-STD11-COM-STAT-2026,Drona Public School - Gujarat Board Education - English Medium - Standard 11 - COM - Statistics - 2026-2027,DPS-GSEB-ENG-STD11-COM-STAT-26,DPS-GSEB-ENG-STD11-COM-STAT-2026,DRONA_TRUST_GSEB_DPS_2026_2027_ENG_STD11_COM,GSEB,DPS,ENG,STD11,COM,STAT,Statistics,2026-2027,topics,16,1,1,1,"Statistics course for Standard 11 COM English Medium in 2026-2027. Includes 10 chapter structure, term exams, final exam, completion rules and default certification.",MASTER-ALL-GRADES-ALL-SUBJECTS-STD-TEMPLATE,1,1,1,"DPS,GSEB,2026-2027,ENG,STD11,COM,STAT",TPL_STD11_12_COMMERCE,Academic Year 2026-2027
DPS-GSEB-ENG-STD11-COM-CS-2026,Drona Public School - Gujarat Board Education - English Medium - Standard 11 - COM - Computer Studies - 2026-2027,DPS-GSEB-ENG-STD11-COM-CS-26,DPS-GSEB-ENG-STD11-COM-CS-2026,DRONA_TRUST_GSEB_DPS_2026_2027_ENG_STD11_COM,GSEB,DPS,ENG,STD11,COM,CS,Computer Studies,2026-2027,topics,16,1,1,1,"Computer Studies course for Standard 11 COM English Medium in 2026-2027. Includes 10 chapter structure, term exams, final exam, completion rules and default certification.",MASTER-ALL-GRADES-ALL-SUBJECTS-STD-TEMPLATE,1,1,1,"DPS,GSEB,2026-2027,ENG,STD11,COM,CS",TPL_STD11_12_COMMERCE,Academic Year 2026-2027
DPS-GSEB-ENG-STD11-COM-PE-2026,Drona Public School - Gujarat Board Education - English Medium - Standard 11 - COM - Physical Education - 2026-2027,DPS-GSEB-ENG-STD11-COM-PE-26,DPS-GSEB-ENG-STD11-COM-PE-2026,DRONA_TRUST_GSEB_DPS_2026_2027_ENG_STD11_COM,GSEB,DPS,ENG,STD11,COM,PE,Physical Education,2026-2027,topics,16,1,1,1,"Physical Education course for Standard 11 COM English Medium in 2026-2027. Includes 10 chapter structure, term exams, final exam, completion rules and default certification.",MASTER-ALL-GRADES-ALL-SUBJECTS-STD-TEMPLATE,1,1,1,"DPS,GSEB,2026-2027,ENG,STD11,COM,PE",TPL_STD11_12_COMMERCE,Academic Year 2026-2027
DPS-GSEB-ENG-STD11-ARTS-ENG-2026,Drona Public School - Gujarat Board Education - English Medium - Standard 11 - ARTS - English - 2026-2027,DPS-GSEB-ENG-STD11-ARTS-ENG-26,DPS-GSEB-ENG-STD11-ARTS-ENG-2026,DRONA_TRUST_GSEB_DPS_2026_2027_ENG_STD11_ARTS,GSEB,DPS,ENG,STD11,ARTS,ENG,English,2026-2027,topics,16,1,1,1,"English course for Standard 11 ARTS English Medium in 2026-2027. Includes 10 chapter structure, term exams, final exam, completion rules and default certification.",MASTER-ALL-GRADES-ALL-SUBJECTS-STD-TEMPLATE,1,1,1,"DPS,GSEB,2026-2027,ENG,STD11,ARTS,ENG",TPL_STD11_12_ARTS,Academic Year 2026-2027
DPS-GSEB-ENG-STD11-ARTS-HIST-2026,Drona Public School - Gujarat Board Education - English Medium - Standard 11 - ARTS - History - 2026-2027,DPS-GSEB-ENG-STD11-ARTS-HIST-26,DPS-GSEB-ENG-STD11-ARTS-HIST-2026,DRONA_TRUST_GSEB_DPS_2026_2027_ENG_STD11_ARTS,GSEB,DPS,ENG,STD11,ARTS,HIST,History,2026-2027,topics,16,1,1,1,"History course for Standard 11 ARTS English Medium in 2026-2027. Includes 10 chapter structure, term exams, final exam, completion rules and default certification.",MASTER-ALL-GRADES-ALL-SUBJECTS-STD-TEMPLATE,1,1,1,"DPS,GSEB,2026-2027,ENG,STD11,ARTS,HIST",TPL_STD11_12_ARTS,Academic Year 2026-2027
DPS-GSEB-ENG-STD11-ARTS-GEO-2026,Drona Public School - Gujarat Board Education - English Medium - Standard 11 - ARTS - Geography - 2026-2027,DPS-GSEB-ENG-STD11-ARTS-GEO-26,DPS-GSEB-ENG-STD11-ARTS-GEO-2026,DRONA_TRUST_GSEB_DPS_2026_2027_ENG_STD11_ARTS,GSEB,DPS,ENG,STD11,ARTS,GEO,Geography,2026-2027,topics,16,1,1,1,"Geography course for Standard 11 ARTS English Medium in 2026-2027. Includes 10 chapter structure, term exams, final exam, completion rules and default certification.",MASTER-ALL-GRADES-ALL-SUBJECTS-STD-TEMPLATE,1,1,1,"DPS,GSEB,2026-2027,ENG,STD11,ARTS,GEO",TPL_STD11_12_ARTS,Academic Year 2026-2027
DPS-GSEB-ENG-STD11-ARTS-POLSCI-2026,Drona Public School - Gujarat Board Education - English Medium - Standard 11 - ARTS - Political Science - 2026-2027,DPS-GSEB-ENG-STD11-ARTS-POLSCI-26,DPS-GSEB-ENG-STD11-ARTS-POLSCI-2026,DRONA_TRUST_GSEB_DPS_2026_2027_ENG_STD11_ARTS,GSEB,DPS,ENG,STD11,ARTS,POLSCI,Political Science,2026-2027,topics,16,1,1,1,"Political Science course for Standard 11 ARTS English Medium in 2026-2027. Includes 10 chapter structure, term exams, final exam, completion rules and default certification.",MASTER-ALL-GRADES-ALL-SUBJECTS-STD-TEMPLATE,1,1,1,"DPS,GSEB,2026-2027,ENG,STD11,ARTS,POLSCI",TPL_STD11_12_ARTS,Academic Year 2026-2027
DPS-GSEB-ENG-STD11-ARTS-PSY-2026,Drona Public School - Gujarat Board Education - English Medium - Standard 11 - ARTS - Psychology - 2026-2027,DPS-GSEB-ENG-STD11-ARTS-PSY-26,DPS-GSEB-ENG-STD11-ARTS-PSY-2026,DRONA_TRUST_GSEB_DPS_2026_2027_ENG_STD11_ARTS,GSEB,DPS,ENG,STD11,ARTS,PSY,Psychology,2026-2027,topics,16,1,1,1,"Psychology course for Standard 11 ARTS English Medium in 2026-2027. Includes 10 chapter structure, term exams, final exam, completion rules and default certification.",MASTER-ALL-GRADES-ALL-SUBJECTS-STD-TEMPLATE,1,1,1,"DPS,GSEB,2026-2027,ENG,STD11,ARTS,PSY",TPL_STD11_12_ARTS,Academic Year 2026-2027
DPS-GSEB-ENG-STD11-ARTS-SOC-2026,Drona Public School - Gujarat Board Education - English Medium - Standard 11 - ARTS - Sociology - 2026-2027,DPS-GSEB-ENG-STD11-ARTS-SOC-26,DPS-GSEB-ENG-STD11-ARTS-SOC-2026,DRONA_TRUST_GSEB_DPS_2026_2027_ENG_STD11_ARTS,GSEB,DPS,ENG,STD11,ARTS,SOC,Sociology,2026-2027,topics,16,1,1,1,"Sociology course for Standard 11 ARTS English Medium in 2026-2027. Includes 10 chapter structure, term exams, final exam, completion rules and default certification.",MASTER-ALL-GRADES-ALL-SUBJECTS-STD-TEMPLATE,1,1,1,"DPS,GSEB,2026-2027,ENG,STD11,ARTS,SOC",TPL_STD11_12_ARTS,Academic Year 2026-2027
DPS-GSEB-ENG-STD11-ARTS-PE-2026,Drona Public School - Gujarat Board Education - English Medium - Standard 11 - ARTS - Physical Education - 2026-2027,DPS-GSEB-ENG-STD11-ARTS-PE-26,DPS-GSEB-ENG-STD11-ARTS-PE-2026,DRONA_TRUST_GSEB_DPS_2026_2027_ENG_STD11_ARTS,GSEB,DPS,ENG,STD11,ARTS,PE,Physical Education,2026-2027,topics,16,1,1,1,"Physical Education course for Standard 11 ARTS English Medium in 2026-2027. Includes 10 chapter structure, term exams, final exam, completion rules and default certification.",MASTER-ALL-GRADES-ALL-SUBJECTS-STD-TEMPLATE,1,1,1,"DPS,GSEB,2026-2027,ENG,STD11,ARTS,PE",TPL_STD11_12_ARTS,Academic Year 2026-2027
DPS-GSEB-ENG-STD12-SCI-ENG-2026,Drona Public School - Gujarat Board Education - English Medium - Standard 12 - SCI - English - 2026-2027,DPS-GSEB-ENG-STD12-SCI-ENG-26,DPS-GSEB-ENG-STD12-SCI-ENG-2026,DRONA_TRUST_GSEB_DPS_2026_2027_ENG_STD12_SCI,GSEB,DPS,ENG,STD12,SCI,ENG,English,2026-2027,topics,16,1,1,1,"English course for Standard 12 SCI English Medium in 2026-2027. Includes 10 chapter structure, term exams, final exam, completion rules and default certification.",MASTER-ALL-GRADES-ALL-SUBJECTS-STD-TEMPLATE,1,1,1,"DPS,GSEB,2026-2027,ENG,STD12,SCI,ENG",TPL_STD11_12_SCIENCE,Academic Year 2026-2027
DPS-GSEB-ENG-STD12-SCI-PHY-2026,Drona Public School - Gujarat Board Education - English Medium - Standard 12 - SCI - Physics - 2026-2027,DPS-GSEB-ENG-STD12-SCI-PHY-26,DPS-GSEB-ENG-STD12-SCI-PHY-2026,DRONA_TRUST_GSEB_DPS_2026_2027_ENG_STD12_SCI,GSEB,DPS,ENG,STD12,SCI,PHY,Physics,2026-2027,topics,16,1,1,1,"Physics course for Standard 12 SCI English Medium in 2026-2027. Includes 10 chapter structure, term exams, final exam, completion rules and default certification.",MASTER-ALL-GRADES-ALL-SUBJECTS-STD-TEMPLATE,1,1,1,"DPS,GSEB,2026-2027,ENG,STD12,SCI,PHY",TPL_STD11_12_SCIENCE,Academic Year 2026-2027
DPS-GSEB-ENG-STD12-SCI-CHEM-2026,Drona Public School - Gujarat Board Education - English Medium - Standard 12 - SCI - Chemistry - 2026-2027,DPS-GSEB-ENG-STD12-SCI-CHEM-26,DPS-GSEB-ENG-STD12-SCI-CHEM-2026,DRONA_TRUST_GSEB_DPS_2026_2027_ENG_STD12_SCI,GSEB,DPS,ENG,STD12,SCI,CHEM,Chemistry,2026-2027,topics,16,1,1,1,"Chemistry course for Standard 12 SCI English Medium in 2026-2027. Includes 10 chapter structure, term exams, final exam, completion rules and default certification.",MASTER-ALL-GRADES-ALL-SUBJECTS-STD-TEMPLATE,1,1,1,"DPS,GSEB,2026-2027,ENG,STD12,SCI,CHEM",TPL_STD11_12_SCIENCE,Academic Year 2026-2027
DPS-GSEB-ENG-STD12-SCI-BIO-2026,Drona Public School - Gujarat Board Education - English Medium - Standard 12 - SCI - Biology - 2026-2027,DPS-GSEB-ENG-STD12-SCI-BIO-26,DPS-GSEB-ENG-STD12-SCI-BIO-2026,DRONA_TRUST_GSEB_DPS_2026_2027_ENG_STD12_SCI,GSEB,DPS,ENG,STD12,SCI,BIO,Biology,2026-2027,topics,16,1,1,1,"Biology course for Standard 12 SCI English Medium in 2026-2027. Includes 10 chapter structure, term exams, final exam, completion rules and default certification.",MASTER-ALL-GRADES-ALL-SUBJECTS-STD-TEMPLATE,1,1,1,"DPS,GSEB,2026-2027,ENG,STD12,SCI,BIO",TPL_STD11_12_SCIENCE,Academic Year 2026-2027
DPS-GSEB-ENG-STD12-SCI-MATH-2026,Drona Public School - Gujarat Board Education - English Medium - Standard 12 - SCI - Mathematics - 2026-2027,DPS-GSEB-ENG-STD12-SCI-MATH-26,DPS-GSEB-ENG-STD12-SCI-MATH-2026,DRONA_TRUST_GSEB_DPS_2026_2027_ENG_STD12_SCI,GSEB,DPS,ENG,STD12,SCI,MATH,Mathematics,2026-2027,topics,16,1,1,1,"Mathematics course for Standard 12 SCI English Medium in 2026-2027. Includes 10 chapter structure, term exams, final exam, completion rules and default certification.",MASTER-ALL-GRADES-ALL-SUBJECTS-STD-TEMPLATE,1,1,1,"DPS,GSEB,2026-2027,ENG,STD12,SCI,MATH",TPL_STD11_12_SCIENCE,Academic Year 2026-2027
DPS-GSEB-ENG-STD12-SCI-CS-2026,Drona Public School - Gujarat Board Education - English Medium - Standard 12 - SCI - Computer Studies - 2026-2027,DPS-GSEB-ENG-STD12-SCI-CS-26,DPS-GSEB-ENG-STD12-SCI-CS-2026,DRONA_TRUST_GSEB_DPS_2026_2027_ENG_STD12_SCI,GSEB,DPS,ENG,STD12,SCI,CS,Computer Studies,2026-2027,topics,16,1,1,1,"Computer Studies course for Standard 12 SCI English Medium in 2026-2027. Includes 10 chapter structure, term exams, final exam, completion rules and default certification.",MASTER-ALL-GRADES-ALL-SUBJECTS-STD-TEMPLATE,1,1,1,"DPS,GSEB,2026-2027,ENG,STD12,SCI,CS",TPL_STD11_12_SCIENCE,Academic Year 2026-2027
DPS-GSEB-ENG-STD12-SCI-PE-2026,Drona Public School - Gujarat Board Education - English Medium - Standard 12 - SCI - Physical Education - 2026-2027,DPS-GSEB-ENG-STD12-SCI-PE-26,DPS-GSEB-ENG-STD12-SCI-PE-2026,DRONA_TRUST_GSEB_DPS_2026_2027_ENG_STD12_SCI,GSEB,DPS,ENG,STD12,SCI,PE,Physical Education,2026-2027,topics,16,1,1,1,"Physical Education course for Standard 12 SCI English Medium in 2026-2027. Includes 10 chapter structure, term exams, final exam, completion rules and default certification.",MASTER-ALL-GRADES-ALL-SUBJECTS-STD-TEMPLATE,1,1,1,"DPS,GSEB,2026-2027,ENG,STD12,SCI,PE",TPL_STD11_12_SCIENCE,Academic Year 2026-2027
DPS-GSEB-ENG-STD12-COM-ENG-2026,Drona Public School - Gujarat Board Education - English Medium - Standard 12 - COM - English - 2026-2027,DPS-GSEB-ENG-STD12-COM-ENG-26,DPS-GSEB-ENG-STD12-COM-ENG-2026,DRONA_TRUST_GSEB_DPS_2026_2027_ENG_STD12_COM,GSEB,DPS,ENG,STD12,COM,ENG,English,2026-2027,topics,16,1,1,1,"English course for Standard 12 COM English Medium in 2026-2027. Includes 10 chapter structure, term exams, final exam, completion rules and default certification.",MASTER-ALL-GRADES-ALL-SUBJECTS-STD-TEMPLATE,1,1,1,"DPS,GSEB,2026-2027,ENG,STD12,COM,ENG",TPL_STD11_12_COMMERCE,Academic Year 2026-2027
DPS-GSEB-ENG-STD12-COM-ACC-2026,Drona Public School - Gujarat Board Education - English Medium - Standard 12 - COM - Accountancy - 2026-2027,DPS-GSEB-ENG-STD12-COM-ACC-26,DPS-GSEB-ENG-STD12-COM-ACC-2026,DRONA_TRUST_GSEB_DPS_2026_2027_ENG_STD12_COM,GSEB,DPS,ENG,STD12,COM,ACC,Accountancy,2026-2027,topics,16,1,1,1,"Accountancy course for Standard 12 COM English Medium in 2026-2027. Includes 10 chapter structure, term exams, final exam, completion rules and default certification.",MASTER-ALL-GRADES-ALL-SUBJECTS-STD-TEMPLATE,1,1,1,"DPS,GSEB,2026-2027,ENG,STD12,COM,ACC",TPL_STD11_12_COMMERCE,Academic Year 2026-2027
DPS-GSEB-ENG-STD12-COM-BA-2026,Drona Public School - Gujarat Board Education - English Medium - Standard 12 - COM - Business Studies - 2026-2027,DPS-GSEB-ENG-STD12-COM-BA-26,DPS-GSEB-ENG-STD12-COM-BA-2026,DRONA_TRUST_GSEB_DPS_2026_2027_ENG_STD12_COM,GSEB,DPS,ENG,STD12,COM,BA,Business Studies,2026-2027,topics,16,1,1,1,"Business Studies course for Standard 12 COM English Medium in 2026-2027. Includes 10 chapter structure, term exams, final exam, completion rules and default certification.",MASTER-ALL-GRADES-ALL-SUBJECTS-STD-TEMPLATE,1,1,1,"DPS,GSEB,2026-2027,ENG,STD12,COM,BA",TPL_STD11_12_COMMERCE,Academic Year 2026-2027
DPS-GSEB-ENG-STD12-COM-ECO-2026,Drona Public School - Gujarat Board Education - English Medium - Standard 12 - COM - Economics - 2026-2027,DPS-GSEB-ENG-STD12-COM-ECO-26,DPS-GSEB-ENG-STD12-COM-ECO-2026,DRONA_TRUST_GSEB_DPS_2026_2027_ENG_STD12_COM,GSEB,DPS,ENG,STD12,COM,ECO,Economics,2026-2027,topics,16,1,1,1,"Economics course for Standard 12 COM English Medium in 2026-2027. Includes 10 chapter structure, term exams, final exam, completion rules and default certification.",MASTER-ALL-GRADES-ALL-SUBJECTS-STD-TEMPLATE,1,1,1,"DPS,GSEB,2026-2027,ENG,STD12,COM,ECO",TPL_STD11_12_COMMERCE,Academic Year 2026-2027
DPS-GSEB-ENG-STD12-COM-STAT-2026,Drona Public School - Gujarat Board Education - English Medium - Standard 12 - COM - Statistics - 2026-2027,DPS-GSEB-ENG-STD12-COM-STAT-26,DPS-GSEB-ENG-STD12-COM-STAT-2026,DRONA_TRUST_GSEB_DPS_2026_2027_ENG_STD12_COM,GSEB,DPS,ENG,STD12,COM,STAT,Statistics,2026-2027,topics,16,1,1,1,"Statistics course for Standard 12 COM English Medium in 2026-2027. Includes 10 chapter structure, term exams, final exam, completion rules and default certification.",MASTER-ALL-GRADES-ALL-SUBJECTS-STD-TEMPLATE,1,1,1,"DPS,GSEB,2026-2027,ENG,STD12,COM,STAT",TPL_STD11_12_COMMERCE,Academic Year 2026-2027
DPS-GSEB-ENG-STD12-COM-CS-2026,Drona Public School - Gujarat Board Education - English Medium - Standard 12 - COM - Computer Studies - 2026-2027,DPS-GSEB-ENG-STD12-COM-CS-26,DPS-GSEB-ENG-STD12-COM-CS-2026,DRONA_TRUST_GSEB_DPS_2026_2027_ENG_STD12_COM,GSEB,DPS,ENG,STD12,COM,CS,Computer Studies,2026-2027,topics,16,1,1,1,"Computer Studies course for Standard 12 COM English Medium in 2026-2027. Includes 10 chapter structure, term exams, final exam, completion rules and default certification.",MASTER-ALL-GRADES-ALL-SUBJECTS-STD-TEMPLATE,1,1,1,"DPS,GSEB,2026-2027,ENG,STD12,COM,CS",TPL_STD11_12_COMMERCE,Academic Year 2026-2027
DPS-GSEB-ENG-STD12-COM-PE-2026,Drona Public School - Gujarat Board Education - English Medium - Standard 12 - COM - Physical Education - 2026-2027,DPS-GSEB-ENG-STD12-COM-PE-26,DPS-GSEB-ENG-STD12-COM-PE-2026,DRONA_TRUST_GSEB_DPS_2026_2027_ENG_STD12_COM,GSEB,DPS,ENG,STD12,COM,PE,Physical Education,2026-2027,topics,16,1,1,1,"Physical Education course for Standard 12 COM English Medium in 2026-2027. Includes 10 chapter structure, term exams, final exam, completion rules and default certification.",MASTER-ALL-GRADES-ALL-SUBJECTS-STD-TEMPLATE,1,1,1,"DPS,GSEB,2026-2027,ENG,STD12,COM,PE",TPL_STD11_12_COMMERCE,Academic Year 2026-2027
DPS-GSEB-ENG-STD12-ARTS-ENG-2026,Drona Public School - Gujarat Board Education - English Medium - Standard 12 - ARTS - English - 2026-2027,DPS-GSEB-ENG-STD12-ARTS-ENG-26,DPS-GSEB-ENG-STD12-ARTS-ENG-2026,DRONA_TRUST_GSEB_DPS_2026_2027_ENG_STD12_ARTS,GSEB,DPS,ENG,STD12,ARTS,ENG,English,2026-2027,topics,16,1,1,1,"English course for Standard 12 ARTS English Medium in 2026-2027. Includes 10 chapter structure, term exams, final exam, completion rules and default certification.",MASTER-ALL-GRADES-ALL-SUBJECTS-STD-TEMPLATE,1,1,1,"DPS,GSEB,2026-2027,ENG,STD12,ARTS,ENG",TPL_STD11_12_ARTS,Academic Year 2026-2027
DPS-GSEB-ENG-STD12-ARTS-HIST-2026,Drona Public School - Gujarat Board Education - English Medium - Standard 12 - ARTS - History - 2026-2027,DPS-GSEB-ENG-STD12-ARTS-HIST-26,DPS-GSEB-ENG-STD12-ARTS-HIST-2026,DRONA_TRUST_GSEB_DPS_2026_2027_ENG_STD12_ARTS,GSEB,DPS,ENG,STD12,ARTS,HIST,History,2026-2027,topics,16,1,1,1,"History course for Standard 12 ARTS English Medium in 2026-2027. Includes 10 chapter structure, term exams, final exam, completion rules and default certification.",MASTER-ALL-GRADES-ALL-SUBJECTS-STD-TEMPLATE,1,1,1,"DPS,GSEB,2026-2027,ENG,STD12,ARTS,HIST",TPL_STD11_12_ARTS,Academic Year 2026-2027
DPS-GSEB-ENG-STD12-ARTS-GEO-2026,Drona Public School - Gujarat Board Education - English Medium - Standard 12 - ARTS - Geography - 2026-2027,DPS-GSEB-ENG-STD12-ARTS-GEO-26,DPS-GSEB-ENG-STD12-ARTS-GEO-2026,DRONA_TRUST_GSEB_DPS_2026_2027_ENG_STD12_ARTS,GSEB,DPS,ENG,STD12,ARTS,GEO,Geography,2026-2027,topics,16,1,1,1,"Geography course for Standard 12 ARTS English Medium in 2026-2027. Includes 10 chapter structure, term exams, final exam, completion rules and default certification.",MASTER-ALL-GRADES-ALL-SUBJECTS-STD-TEMPLATE,1,1,1,"DPS,GSEB,2026-2027,ENG,STD12,ARTS,GEO",TPL_STD11_12_ARTS,Academic Year 2026-2027
DPS-GSEB-ENG-STD12-ARTS-POLSCI-2026,Drona Public School - Gujarat Board Education - English Medium - Standard 12 - ARTS - Political Science - 2026-2027,DPS-GSEB-ENG-STD12-ARTS-POLSCI-26,DPS-GSEB-ENG-STD12-ARTS-POLSCI-2026,DRONA_TRUST_GSEB_DPS_2026_2027_ENG_STD12_ARTS,GSEB,DPS,ENG,STD12,ARTS,POLSCI,Political Science,2026-2027,topics,16,1,1,1,"Political Science course for Standard 12 ARTS English Medium in 2026-2027. Includes 10 chapter structure, term exams, final exam, completion rules and default certification.",MASTER-ALL-GRADES-ALL-SUBJECTS-STD-TEMPLATE,1,1,1,"DPS,GSEB,2026-2027,ENG,STD12,ARTS,POLSCI",TPL_STD11_12_ARTS,Academic Year 2026-2027
DPS-GSEB-ENG-STD12-ARTS-PSY-2026,Drona Public School - Gujarat Board Education - English Medium - Standard 12 - ARTS - Psychology - 2026-2027,DPS-GSEB-ENG-STD12-ARTS-PSY-26,DPS-GSEB-ENG-STD12-ARTS-PSY-2026,DRONA_TRUST_GSEB_DPS_2026_2027_ENG_STD12_ARTS,GSEB,DPS,ENG,STD12,ARTS,PSY,Psychology,2026-2027,topics,16,1,1,1,"Psychology course for Standard 12 ARTS English Medium in 2026-2027. Includes 10 chapter structure, term exams, final exam, completion rules and default certification.",MASTER-ALL-GRADES-ALL-SUBJECTS-STD-TEMPLATE,1,1,1,"DPS,GSEB,2026-2027,ENG,STD12,ARTS,PSY",TPL_STD11_12_ARTS,Academic Year 2026-2027
DPS-GSEB-ENG-STD12-ARTS-SOC-2026,Drona Public School - Gujarat Board Education - English Medium - Standard 12 - ARTS - Sociology - 2026-2027,DPS-GSEB-ENG-STD12-ARTS-SOC-26,DPS-GSEB-ENG-STD12-ARTS-SOC-2026,DRONA_TRUST_GSEB_DPS_2026_2027_ENG_STD12_ARTS,GSEB,DPS,ENG,STD12,ARTS,SOC,Sociology,2026-2027,topics,16,1,1,1,"Sociology course for Standard 12 ARTS English Medium in 2026-2027. Includes 10 chapter structure, term exams, final exam, completion rules and default certification.",MASTER-ALL-GRADES-ALL-SUBJECTS-STD-TEMPLATE,1,1,1,"DPS,GSEB,2026-2027,ENG,STD12,ARTS,SOC",TPL_STD11_12_ARTS,Academic Year 2026-2027
DPS-GSEB-ENG-STD12-ARTS-PE-2026,Drona Public School - Gujarat Board Education - English Medium - Standard 12 - ARTS - Physical Education - 2026-2027,DPS-GSEB-ENG-STD12-ARTS-PE-26,DPS-GSEB-ENG-STD12-ARTS-PE-2026,DRONA_TRUST_GSEB_DPS_2026_2027_ENG_STD12_ARTS,GSEB,DPS,ENG,STD12,ARTS,PE,Physical Education,2026-2027,topics,16,1,1,1,"Physical Education course for Standard 12 ARTS English Medium in 2026-2027. Includes 10 chapter structure, term exams, final exam, completion rules and default certification.",MASTER-ALL-GRADES-ALL-SUBJECTS-STD-TEMPLATE,1,1,1,"DPS,GSEB,2026-2027,ENG,STD12,ARTS,PE",TPL_STD11_12_ARTS,Academic Year 2026-2027
DPS-GSEB-HIN-STD01-GEN-GUJ-2026,Drona Public School - Gujarat Board Education - Hindi Medium - Standard 1 - GEN - Gujarati - 2026-2027,DPS-GSEB-HIN-STD01-GEN-GUJ-26,DPS-GSEB-HIN-STD01-GEN-GUJ-2026,DRONA_TRUST_GSEB_DPS_2026_2027_HIN_STD01_GEN,GSEB,DPS,HIN,STD01,GEN,GUJ,Gujarati,2026-2027,topics,16,1,1,1,"Gujarati course for Standard 1 GEN Hindi Medium in 2026-2027. Includes 10 chapter structure, term exams, final exam, completion rules and default certification.",MASTER-ALL-GRADES-ALL-SUBJECTS-STD-TEMPLATE,1,1,1,"DPS,GSEB,2026-2027,HIN,STD01,GEN,GUJ",TPL_STD01_02_ACTIVITY,Academic Year 2026-2027
DPS-GSEB-HIN-STD01-GEN-HIN-2026,Drona Public School - Gujarat Board Education - Hindi Medium - Standard 1 - GEN - Hindi - 2026-2027,DPS-GSEB-HIN-STD01-GEN-HIN-26,DPS-GSEB-HIN-STD01-GEN-HIN-2026,DRONA_TRUST_GSEB_DPS_2026_2027_HIN_STD01_GEN,GSEB,DPS,HIN,STD01,GEN,HIN,Hindi,2026-2027,topics,16,1,1,1,"Hindi course for Standard 1 GEN Hindi Medium in 2026-2027. Includes 10 chapter structure, term exams, final exam, completion rules and default certification.",MASTER-ALL-GRADES-ALL-SUBJECTS-STD-TEMPLATE,1,1,1,"DPS,GSEB,2026-2027,HIN,STD01,GEN,HIN",TPL_STD01_02_ACTIVITY,Academic Year 2026-2027
DPS-GSEB-HIN-STD01-GEN-ENG-2026,Drona Public School - Gujarat Board Education - Hindi Medium - Standard 1 - GEN - English - 2026-2027,DPS-GSEB-HIN-STD01-GEN-ENG-26,DPS-GSEB-HIN-STD01-GEN-ENG-2026,DRONA_TRUST_GSEB_DPS_2026_2027_HIN_STD01_GEN,GSEB,DPS,HIN,STD01,GEN,ENG,English,2026-2027,topics,16,1,1,1,"English course for Standard 1 GEN Hindi Medium in 2026-2027. Includes 10 chapter structure, term exams, final exam, completion rules and default certification.",MASTER-ALL-GRADES-ALL-SUBJECTS-STD-TEMPLATE,1,1,1,"DPS,GSEB,2026-2027,HIN,STD01,GEN,ENG",TPL_STD01_02_ACTIVITY,Academic Year 2026-2027
DPS-GSEB-HIN-STD01-GEN-MATH-2026,Drona Public School - Gujarat Board Education - Hindi Medium - Standard 1 - GEN - Mathematics - 2026-2027,DPS-GSEB-HIN-STD01-GEN-MATH-26,DPS-GSEB-HIN-STD01-GEN-MATH-2026,DRONA_TRUST_GSEB_DPS_2026_2027_HIN_STD01_GEN,GSEB,DPS,HIN,STD01,GEN,MATH,Mathematics,2026-2027,topics,16,1,1,1,"Mathematics course for Standard 1 GEN Hindi Medium in 2026-2027. Includes 10 chapter structure, term exams, final exam, completion rules and default certification.",MASTER-ALL-GRADES-ALL-SUBJECTS-STD-TEMPLATE,1,1,1,"DPS,GSEB,2026-2027,HIN,STD01,GEN,MATH",TPL_STD01_02_ACTIVITY,Academic Year 2026-2027
DPS-GSEB-HIN-STD01-GEN-EVS-2026,Drona Public School - Gujarat Board Education - Hindi Medium - Standard 1 - GEN - Environmental Studies - 2026-2027,DPS-GSEB-HIN-STD01-GEN-EVS-26,DPS-GSEB-HIN-STD01-GEN-EVS-2026,DRONA_TRUST_GSEB_DPS_2026_2027_HIN_STD01_GEN,GSEB,DPS,HIN,STD01,GEN,EVS,Environmental Studies,2026-2027,topics,16,1,1,1,"Environmental Studies course for Standard 1 GEN Hindi Medium in 2026-2027. Includes 10 chapter structure, term exams, final exam, completion rules and default certification.",MASTER-ALL-GRADES-ALL-SUBJECTS-STD-TEMPLATE,1,1,1,"DPS,GSEB,2026-2027,HIN,STD01,GEN,EVS",TPL_STD01_02_ACTIVITY,Academic Year 2026-2027
DPS-GSEB-HIN-STD01-GEN-ART-2026,Drona Public School - Gujarat Board Education - Hindi Medium - Standard 1 - GEN - Art Education - 2026-2027,DPS-GSEB-HIN-STD01-GEN-ART-26,DPS-GSEB-HIN-STD01-GEN-ART-2026,DRONA_TRUST_GSEB_DPS_2026_2027_HIN_STD01_GEN,GSEB,DPS,HIN,STD01,GEN,ART,Art Education,2026-2027,topics,16,1,1,1,"Art Education course for Standard 1 GEN Hindi Medium in 2026-2027. Includes 10 chapter structure, term exams, final exam, completion rules and default certification.",MASTER-ALL-GRADES-ALL-SUBJECTS-STD-TEMPLATE,1,1,1,"DPS,GSEB,2026-2027,HIN,STD01,GEN,ART",TPL_STD01_02_ACTIVITY,Academic Year 2026-2027
DPS-GSEB-HIN-STD01-GEN-PE-2026,Drona Public School - Gujarat Board Education - Hindi Medium - Standard 1 - GEN - Physical Education - 2026-2027,DPS-GSEB-HIN-STD01-GEN-PE-26,DPS-GSEB-HIN-STD01-GEN-PE-2026,DRONA_TRUST_GSEB_DPS_2026_2027_HIN_STD01_GEN,GSEB,DPS,HIN,STD01,GEN,PE,Physical Education,2026-2027,topics,16,1,1,1,"Physical Education course for Standard 1 GEN Hindi Medium in 2026-2027. Includes 10 chapter structure, term exams, final exam, completion rules and default certification.",MASTER-ALL-GRADES-ALL-SUBJECTS-STD-TEMPLATE,1,1,1,"DPS,GSEB,2026-2027,HIN,STD01,GEN,PE",TPL_STD01_02_ACTIVITY,Academic Year 2026-2027
DPS-GSEB-HIN-STD02-GEN-GUJ-2026,Drona Public School - Gujarat Board Education - Hindi Medium - Standard 2 - GEN - Gujarati - 2026-2027,DPS-GSEB-HIN-STD02-GEN-GUJ-26,DPS-GSEB-HIN-STD02-GEN-GUJ-2026,DRONA_TRUST_GSEB_DPS_2026_2027_HIN_STD02_GEN,GSEB,DPS,HIN,STD02,GEN,GUJ,Gujarati,2026-2027,topics,16,1,1,1,"Gujarati course for Standard 2 GEN Hindi Medium in 2026-2027. Includes 10 chapter structure, term exams, final exam, completion rules and default certification.",MASTER-ALL-GRADES-ALL-SUBJECTS-STD-TEMPLATE,1,1,1,"DPS,GSEB,2026-2027,HIN,STD02,GEN,GUJ",TPL_STD01_02_ACTIVITY,Academic Year 2026-2027
DPS-GSEB-HIN-STD02-GEN-HIN-2026,Drona Public School - Gujarat Board Education - Hindi Medium - Standard 2 - GEN - Hindi - 2026-2027,DPS-GSEB-HIN-STD02-GEN-HIN-26,DPS-GSEB-HIN-STD02-GEN-HIN-2026,DRONA_TRUST_GSEB_DPS_2026_2027_HIN_STD02_GEN,GSEB,DPS,HIN,STD02,GEN,HIN,Hindi,2026-2027,topics,16,1,1,1,"Hindi course for Standard 2 GEN Hindi Medium in 2026-2027. Includes 10 chapter structure, term exams, final exam, completion rules and default certification.",MASTER-ALL-GRADES-ALL-SUBJECTS-STD-TEMPLATE,1,1,1,"DPS,GSEB,2026-2027,HIN,STD02,GEN,HIN",TPL_STD01_02_ACTIVITY,Academic Year 2026-2027
DPS-GSEB-HIN-STD02-GEN-ENG-2026,Drona Public School - Gujarat Board Education - Hindi Medium - Standard 2 - GEN - English - 2026-2027,DPS-GSEB-HIN-STD02-GEN-ENG-26,DPS-GSEB-HIN-STD02-GEN-ENG-2026,DRONA_TRUST_GSEB_DPS_2026_2027_HIN_STD02_GEN,GSEB,DPS,HIN,STD02,GEN,ENG,English,2026-2027,topics,16,1,1,1,"English course for Standard 2 GEN Hindi Medium in 2026-2027. Includes 10 chapter structure, term exams, final exam, completion rules and default certification.",MASTER-ALL-GRADES-ALL-SUBJECTS-STD-TEMPLATE,1,1,1,"DPS,GSEB,2026-2027,HIN,STD02,GEN,ENG",TPL_STD01_02_ACTIVITY,Academic Year 2026-2027
DPS-GSEB-HIN-STD02-GEN-MATH-2026,Drona Public School - Gujarat Board Education - Hindi Medium - Standard 2 - GEN - Mathematics - 2026-2027,DPS-GSEB-HIN-STD02-GEN-MATH-26,DPS-GSEB-HIN-STD02-GEN-MATH-2026,DRONA_TRUST_GSEB_DPS_2026_2027_HIN_STD02_GEN,GSEB,DPS,HIN,STD02,GEN,MATH,Mathematics,2026-2027,topics,16,1,1,1,"Mathematics course for Standard 2 GEN Hindi Medium in 2026-2027. Includes 10 chapter structure, term exams, final exam, completion rules and default certification.",MASTER-ALL-GRADES-ALL-SUBJECTS-STD-TEMPLATE,1,1,1,"DPS,GSEB,2026-2027,HIN,STD02,GEN,MATH",TPL_STD01_02_ACTIVITY,Academic Year 2026-2027
DPS-GSEB-HIN-STD02-GEN-EVS-2026,Drona Public School - Gujarat Board Education - Hindi Medium - Standard 2 - GEN - Environmental Studies - 2026-2027,DPS-GSEB-HIN-STD02-GEN-EVS-26,DPS-GSEB-HIN-STD02-GEN-EVS-2026,DRONA_TRUST_GSEB_DPS_2026_2027_HIN_STD02_GEN,GSEB,DPS,HIN,STD02,GEN,EVS,Environmental Studies,2026-2027,topics,16,1,1,1,"Environmental Studies course for Standard 2 GEN Hindi Medium in 2026-2027. Includes 10 chapter structure, term exams, final exam, completion rules and default certification.",MASTER-ALL-GRADES-ALL-SUBJECTS-STD-TEMPLATE,1,1,1,"DPS,GSEB,2026-2027,HIN,STD02,GEN,EVS",TPL_STD01_02_ACTIVITY,Academic Year 2026-2027
DPS-GSEB-HIN-STD02-GEN-ART-2026,Drona Public School - Gujarat Board Education - Hindi Medium - Standard 2 - GEN - Art Education - 2026-2027,DPS-GSEB-HIN-STD02-GEN-ART-26,DPS-GSEB-HIN-STD02-GEN-ART-2026,DRONA_TRUST_GSEB_DPS_2026_2027_HIN_STD02_GEN,GSEB,DPS,HIN,STD02,GEN,ART,Art Education,2026-2027,topics,16,1,1,1,"Art Education course for Standard 2 GEN Hindi Medium in 2026-2027. Includes 10 chapter structure, term exams, final exam, completion rules and default certification.",MASTER-ALL-GRADES-ALL-SUBJECTS-STD-TEMPLATE,1,1,1,"DPS,GSEB,2026-2027,HIN,STD02,GEN,ART",TPL_STD01_02_ACTIVITY,Academic Year 2026-2027
DPS-GSEB-HIN-STD02-GEN-PE-2026,Drona Public School - Gujarat Board Education - Hindi Medium - Standard 2 - GEN - Physical Education - 2026-2027,DPS-GSEB-HIN-STD02-GEN-PE-26,DPS-GSEB-HIN-STD02-GEN-PE-2026,DRONA_TRUST_GSEB_DPS_2026_2027_HIN_STD02_GEN,GSEB,DPS,HIN,STD02,GEN,PE,Physical Education,2026-2027,topics,16,1,1,1,"Physical Education course for Standard 2 GEN Hindi Medium in 2026-2027. Includes 10 chapter structure, term exams, final exam, completion rules and default certification.",MASTER-ALL-GRADES-ALL-SUBJECTS-STD-TEMPLATE,1,1,1,"DPS,GSEB,2026-2027,HIN,STD02,GEN,PE",TPL_STD01_02_ACTIVITY,Academic Year 2026-2027
DPS-GSEB-HIN-STD03-GEN-GUJ-2026,Drona Public School - Gujarat Board Education - Hindi Medium - Standard 3 - GEN - Gujarati - 2026-2027,DPS-GSEB-HIN-STD03-GEN-GUJ-26,DPS-GSEB-HIN-STD03-GEN-GUJ-2026,DRONA_TRUST_GSEB_DPS_2026_2027_HIN_STD03_GEN,GSEB,DPS,HIN,STD03,GEN,GUJ,Gujarati,2026-2027,topics,16,1,1,1,"Gujarati course for Standard 3 GEN Hindi Medium in 2026-2027. Includes 10 chapter structure, term exams, final exam, completion rules and default certification.",MASTER-ALL-GRADES-ALL-SUBJECTS-STD-TEMPLATE,1,1,1,"DPS,GSEB,2026-2027,HIN,STD03,GEN,GUJ",TPL_STD03_05_PRIMARY,Academic Year 2026-2027
DPS-GSEB-HIN-STD03-GEN-HIN-2026,Drona Public School - Gujarat Board Education - Hindi Medium - Standard 3 - GEN - Hindi - 2026-2027,DPS-GSEB-HIN-STD03-GEN-HIN-26,DPS-GSEB-HIN-STD03-GEN-HIN-2026,DRONA_TRUST_GSEB_DPS_2026_2027_HIN_STD03_GEN,GSEB,DPS,HIN,STD03,GEN,HIN,Hindi,2026-2027,topics,16,1,1,1,"Hindi course for Standard 3 GEN Hindi Medium in 2026-2027. Includes 10 chapter structure, term exams, final exam, completion rules and default certification.",MASTER-ALL-GRADES-ALL-SUBJECTS-STD-TEMPLATE,1,1,1,"DPS,GSEB,2026-2027,HIN,STD03,GEN,HIN",TPL_STD03_05_PRIMARY,Academic Year 2026-2027
DPS-GSEB-HIN-STD03-GEN-ENG-2026,Drona Public School - Gujarat Board Education - Hindi Medium - Standard 3 - GEN - English - 2026-2027,DPS-GSEB-HIN-STD03-GEN-ENG-26,DPS-GSEB-HIN-STD03-GEN-ENG-2026,DRONA_TRUST_GSEB_DPS_2026_2027_HIN_STD03_GEN,GSEB,DPS,HIN,STD03,GEN,ENG,English,2026-2027,topics,16,1,1,1,"English course for Standard 3 GEN Hindi Medium in 2026-2027. Includes 10 chapter structure, term exams, final exam, completion rules and default certification.",MASTER-ALL-GRADES-ALL-SUBJECTS-STD-TEMPLATE,1,1,1,"DPS,GSEB,2026-2027,HIN,STD03,GEN,ENG",TPL_STD03_05_PRIMARY,Academic Year 2026-2027
DPS-GSEB-HIN-STD03-GEN-MATH-2026,Drona Public School - Gujarat Board Education - Hindi Medium - Standard 3 - GEN - Mathematics - 2026-2027,DPS-GSEB-HIN-STD03-GEN-MATH-26,DPS-GSEB-HIN-STD03-GEN-MATH-2026,DRONA_TRUST_GSEB_DPS_2026_2027_HIN_STD03_GEN,GSEB,DPS,HIN,STD03,GEN,MATH,Mathematics,2026-2027,topics,16,1,1,1,"Mathematics course for Standard 3 GEN Hindi Medium in 2026-2027. Includes 10 chapter structure, term exams, final exam, completion rules and default certification.",MASTER-ALL-GRADES-ALL-SUBJECTS-STD-TEMPLATE,1,1,1,"DPS,GSEB,2026-2027,HIN,STD03,GEN,MATH",TPL_STD03_05_PRIMARY,Academic Year 2026-2027
DPS-GSEB-HIN-STD03-GEN-EVS-2026,Drona Public School - Gujarat Board Education - Hindi Medium - Standard 3 - GEN - Environmental Studies - 2026-2027,DPS-GSEB-HIN-STD03-GEN-EVS-26,DPS-GSEB-HIN-STD03-GEN-EVS-2026,DRONA_TRUST_GSEB_DPS_2026_2027_HIN_STD03_GEN,GSEB,DPS,HIN,STD03,GEN,EVS,Environmental Studies,2026-2027,topics,16,1,1,1,"Environmental Studies course for Standard 3 GEN Hindi Medium in 2026-2027. Includes 10 chapter structure, term exams, final exam, completion rules and default certification.",MASTER-ALL-GRADES-ALL-SUBJECTS-STD-TEMPLATE,1,1,1,"DPS,GSEB,2026-2027,HIN,STD03,GEN,EVS",TPL_STD03_05_PRIMARY,Academic Year 2026-2027
DPS-GSEB-HIN-STD03-GEN-ART-2026,Drona Public School - Gujarat Board Education - Hindi Medium - Standard 3 - GEN - Art Education - 2026-2027,DPS-GSEB-HIN-STD03-GEN-ART-26,DPS-GSEB-HIN-STD03-GEN-ART-2026,DRONA_TRUST_GSEB_DPS_2026_2027_HIN_STD03_GEN,GSEB,DPS,HIN,STD03,GEN,ART,Art Education,2026-2027,topics,16,1,1,1,"Art Education course for Standard 3 GEN Hindi Medium in 2026-2027. Includes 10 chapter structure, term exams, final exam, completion rules and default certification.",MASTER-ALL-GRADES-ALL-SUBJECTS-STD-TEMPLATE,1,1,1,"DPS,GSEB,2026-2027,HIN,STD03,GEN,ART",TPL_STD03_05_PRIMARY,Academic Year 2026-2027
DPS-GSEB-HIN-STD03-GEN-PE-2026,Drona Public School - Gujarat Board Education - Hindi Medium - Standard 3 - GEN - Physical Education - 2026-2027,DPS-GSEB-HIN-STD03-GEN-PE-26,DPS-GSEB-HIN-STD03-GEN-PE-2026,DRONA_TRUST_GSEB_DPS_2026_2027_HIN_STD03_GEN,GSEB,DPS,HIN,STD03,GEN,PE,Physical Education,2026-2027,topics,16,1,1,1,"Physical Education course for Standard 3 GEN Hindi Medium in 2026-2027. Includes 10 chapter structure, term exams, final exam, completion rules and default certification.",MASTER-ALL-GRADES-ALL-SUBJECTS-STD-TEMPLATE,1,1,1,"DPS,GSEB,2026-2027,HIN,STD03,GEN,PE",TPL_STD03_05_PRIMARY,Academic Year 2026-2027
DPS-GSEB-HIN-STD04-GEN-GUJ-2026,Drona Public School - Gujarat Board Education - Hindi Medium - Standard 4 - GEN - Gujarati - 2026-2027,DPS-GSEB-HIN-STD04-GEN-GUJ-26,DPS-GSEB-HIN-STD04-GEN-GUJ-2026,DRONA_TRUST_GSEB_DPS_2026_2027_HIN_STD04_GEN,GSEB,DPS,HIN,STD04,GEN,GUJ,Gujarati,2026-2027,topics,16,1,1,1,"Gujarati course for Standard 4 GEN Hindi Medium in 2026-2027. Includes 10 chapter structure, term exams, final exam, completion rules and default certification.",MASTER-ALL-GRADES-ALL-SUBJECTS-STD-TEMPLATE,1,1,1,"DPS,GSEB,2026-2027,HIN,STD04,GEN,GUJ",TPL_STD03_05_PRIMARY,Academic Year 2026-2027
DPS-GSEB-HIN-STD04-GEN-HIN-2026,Drona Public School - Gujarat Board Education - Hindi Medium - Standard 4 - GEN - Hindi - 2026-2027,DPS-GSEB-HIN-STD04-GEN-HIN-26,DPS-GSEB-HIN-STD04-GEN-HIN-2026,DRONA_TRUST_GSEB_DPS_2026_2027_HIN_STD04_GEN,GSEB,DPS,HIN,STD04,GEN,HIN,Hindi,2026-2027,topics,16,1,1,1,"Hindi course for Standard 4 GEN Hindi Medium in 2026-2027. Includes 10 chapter structure, term exams, final exam, completion rules and default certification.",MASTER-ALL-GRADES-ALL-SUBJECTS-STD-TEMPLATE,1,1,1,"DPS,GSEB,2026-2027,HIN,STD04,GEN,HIN",TPL_STD03_05_PRIMARY,Academic Year 2026-2027
DPS-GSEB-HIN-STD04-GEN-ENG-2026,Drona Public School - Gujarat Board Education - Hindi Medium - Standard 4 - GEN - English - 2026-2027,DPS-GSEB-HIN-STD04-GEN-ENG-26,DPS-GSEB-HIN-STD04-GEN-ENG-2026,DRONA_TRUST_GSEB_DPS_2026_2027_HIN_STD04_GEN,GSEB,DPS,HIN,STD04,GEN,ENG,English,2026-2027,topics,16,1,1,1,"English course for Standard 4 GEN Hindi Medium in 2026-2027. Includes 10 chapter structure, term exams, final exam, completion rules and default certification.",MASTER-ALL-GRADES-ALL-SUBJECTS-STD-TEMPLATE,1,1,1,"DPS,GSEB,2026-2027,HIN,STD04,GEN,ENG",TPL_STD03_05_PRIMARY,Academic Year 2026-2027
DPS-GSEB-HIN-STD04-GEN-MATH-2026,Drona Public School - Gujarat Board Education - Hindi Medium - Standard 4 - GEN - Mathematics - 2026-2027,DPS-GSEB-HIN-STD04-GEN-MATH-26,DPS-GSEB-HIN-STD04-GEN-MATH-2026,DRONA_TRUST_GSEB_DPS_2026_2027_HIN_STD04_GEN,GSEB,DPS,HIN,STD04,GEN,MATH,Mathematics,2026-2027,topics,16,1,1,1,"Mathematics course for Standard 4 GEN Hindi Medium in 2026-2027. Includes 10 chapter structure, term exams, final exam, completion rules and default certification.",MASTER-ALL-GRADES-ALL-SUBJECTS-STD-TEMPLATE,1,1,1,"DPS,GSEB,2026-2027,HIN,STD04,GEN,MATH",TPL_STD03_05_PRIMARY,Academic Year 2026-2027
DPS-GSEB-HIN-STD04-GEN-EVS-2026,Drona Public School - Gujarat Board Education - Hindi Medium - Standard 4 - GEN - Environmental Studies - 2026-2027,DPS-GSEB-HIN-STD04-GEN-EVS-26,DPS-GSEB-HIN-STD04-GEN-EVS-2026,DRONA_TRUST_GSEB_DPS_2026_2027_HIN_STD04_GEN,GSEB,DPS,HIN,STD04,GEN,EVS,Environmental Studies,2026-2027,topics,16,1,1,1,"Environmental Studies course for Standard 4 GEN Hindi Medium in 2026-2027. Includes 10 chapter structure, term exams, final exam, completion rules and default certification.",MASTER-ALL-GRADES-ALL-SUBJECTS-STD-TEMPLATE,1,1,1,"DPS,GSEB,2026-2027,HIN,STD04,GEN,EVS",TPL_STD03_05_PRIMARY,Academic Year 2026-2027
DPS-GSEB-HIN-STD04-GEN-ART-2026,Drona Public School - Gujarat Board Education - Hindi Medium - Standard 4 - GEN - Art Education - 2026-2027,DPS-GSEB-HIN-STD04-GEN-ART-26,DPS-GSEB-HIN-STD04-GEN-ART-2026,DRONA_TRUST_GSEB_DPS_2026_2027_HIN_STD04_GEN,GSEB,DPS,HIN,STD04,GEN,ART,Art Education,2026-2027,topics,16,1,1,1,"Art Education course for Standard 4 GEN Hindi Medium in 2026-2027. Includes 10 chapter structure, term exams, final exam, completion rules and default certification.",MASTER-ALL-GRADES-ALL-SUBJECTS-STD-TEMPLATE,1,1,1,"DPS,GSEB,2026-2027,HIN,STD04,GEN,ART",TPL_STD03_05_PRIMARY,Academic Year 2026-2027
DPS-GSEB-HIN-STD04-GEN-PE-2026,Drona Public School - Gujarat Board Education - Hindi Medium - Standard 4 - GEN - Physical Education - 2026-2027,DPS-GSEB-HIN-STD04-GEN-PE-26,DPS-GSEB-HIN-STD04-GEN-PE-2026,DRONA_TRUST_GSEB_DPS_2026_2027_HIN_STD04_GEN,GSEB,DPS,HIN,STD04,GEN,PE,Physical Education,2026-2027,topics,16,1,1,1,"Physical Education course for Standard 4 GEN Hindi Medium in 2026-2027. Includes 10 chapter structure, term exams, final exam, completion rules and default certification.",MASTER-ALL-GRADES-ALL-SUBJECTS-STD-TEMPLATE,1,1,1,"DPS,GSEB,2026-2027,HIN,STD04,GEN,PE",TPL_STD03_05_PRIMARY,Academic Year 2026-2027
DPS-GSEB-HIN-STD05-GEN-GUJ-2026,Drona Public School - Gujarat Board Education - Hindi Medium - Standard 5 - GEN - Gujarati - 2026-2027,DPS-GSEB-HIN-STD05-GEN-GUJ-26,DPS-GSEB-HIN-STD05-GEN-GUJ-2026,DRONA_TRUST_GSEB_DPS_2026_2027_HIN_STD05_GEN,GSEB,DPS,HIN,STD05,GEN,GUJ,Gujarati,2026-2027,topics,16,1,1,1,"Gujarati course for Standard 5 GEN Hindi Medium in 2026-2027. Includes 10 chapter structure, term exams, final exam, completion rules and default certification.",MASTER-ALL-GRADES-ALL-SUBJECTS-STD-TEMPLATE,1,1,1,"DPS,GSEB,2026-2027,HIN,STD05,GEN,GUJ",TPL_STD03_05_PRIMARY,Academic Year 2026-2027
DPS-GSEB-HIN-STD05-GEN-HIN-2026,Drona Public School - Gujarat Board Education - Hindi Medium - Standard 5 - GEN - Hindi - 2026-2027,DPS-GSEB-HIN-STD05-GEN-HIN-26,DPS-GSEB-HIN-STD05-GEN-HIN-2026,DRONA_TRUST_GSEB_DPS_2026_2027_HIN_STD05_GEN,GSEB,DPS,HIN,STD05,GEN,HIN,Hindi,2026-2027,topics,16,1,1,1,"Hindi course for Standard 5 GEN Hindi Medium in 2026-2027. Includes 10 chapter structure, term exams, final exam, completion rules and default certification.",MASTER-ALL-GRADES-ALL-SUBJECTS-STD-TEMPLATE,1,1,1,"DPS,GSEB,2026-2027,HIN,STD05,GEN,HIN",TPL_STD03_05_PRIMARY,Academic Year 2026-2027
DPS-GSEB-HIN-STD05-GEN-ENG-2026,Drona Public School - Gujarat Board Education - Hindi Medium - Standard 5 - GEN - English - 2026-2027,DPS-GSEB-HIN-STD05-GEN-ENG-26,DPS-GSEB-HIN-STD05-GEN-ENG-2026,DRONA_TRUST_GSEB_DPS_2026_2027_HIN_STD05_GEN,GSEB,DPS,HIN,STD05,GEN,ENG,English,2026-2027,topics,16,1,1,1,"English course for Standard 5 GEN Hindi Medium in 2026-2027. Includes 10 chapter structure, term exams, final exam, completion rules and default certification.",MASTER-ALL-GRADES-ALL-SUBJECTS-STD-TEMPLATE,1,1,1,"DPS,GSEB,2026-2027,HIN,STD05,GEN,ENG",TPL_STD03_05_PRIMARY,Academic Year 2026-2027
DPS-GSEB-HIN-STD05-GEN-MATH-2026,Drona Public School - Gujarat Board Education - Hindi Medium - Standard 5 - GEN - Mathematics - 2026-2027,DPS-GSEB-HIN-STD05-GEN-MATH-26,DPS-GSEB-HIN-STD05-GEN-MATH-2026,DRONA_TRUST_GSEB_DPS_2026_2027_HIN_STD05_GEN,GSEB,DPS,HIN,STD05,GEN,MATH,Mathematics,2026-2027,topics,16,1,1,1,"Mathematics course for Standard 5 GEN Hindi Medium in 2026-2027. Includes 10 chapter structure, term exams, final exam, completion rules and default certification.",MASTER-ALL-GRADES-ALL-SUBJECTS-STD-TEMPLATE,1,1,1,"DPS,GSEB,2026-2027,HIN,STD05,GEN,MATH",TPL_STD03_05_PRIMARY,Academic Year 2026-2027
DPS-GSEB-HIN-STD05-GEN-EVS-2026,Drona Public School - Gujarat Board Education - Hindi Medium - Standard 5 - GEN - Environmental Studies - 2026-2027,DPS-GSEB-HIN-STD05-GEN-EVS-26,DPS-GSEB-HIN-STD05-GEN-EVS-2026,DRONA_TRUST_GSEB_DPS_2026_2027_HIN_STD05_GEN,GSEB,DPS,HIN,STD05,GEN,EVS,Environmental Studies,2026-2027,topics,16,1,1,1,"Environmental Studies course for Standard 5 GEN Hindi Medium in 2026-2027. Includes 10 chapter structure, term exams, final exam, completion rules and default certification.",MASTER-ALL-GRADES-ALL-SUBJECTS-STD-TEMPLATE,1,1,1,"DPS,GSEB,2026-2027,HIN,STD05,GEN,EVS",TPL_STD03_05_PRIMARY,Academic Year 2026-2027
DPS-GSEB-HIN-STD05-GEN-ART-2026,Drona Public School - Gujarat Board Education - Hindi Medium - Standard 5 - GEN - Art Education - 2026-2027,DPS-GSEB-HIN-STD05-GEN-ART-26,DPS-GSEB-HIN-STD05-GEN-ART-2026,DRONA_TRUST_GSEB_DPS_2026_2027_HIN_STD05_GEN,GSEB,DPS,HIN,STD05,GEN,ART,Art Education,2026-2027,topics,16,1,1,1,"Art Education course for Standard 5 GEN Hindi Medium in 2026-2027. Includes 10 chapter structure, term exams, final exam, completion rules and default certification.",MASTER-ALL-GRADES-ALL-SUBJECTS-STD-TEMPLATE,1,1,1,"DPS,GSEB,2026-2027,HIN,STD05,GEN,ART",TPL_STD03_05_PRIMARY,Academic Year 2026-2027
DPS-GSEB-HIN-STD05-GEN-PE-2026,Drona Public School - Gujarat Board Education - Hindi Medium - Standard 5 - GEN - Physical Education - 2026-2027,DPS-GSEB-HIN-STD05-GEN-PE-26,DPS-GSEB-HIN-STD05-GEN-PE-2026,DRONA_TRUST_GSEB_DPS_2026_2027_HIN_STD05_GEN,GSEB,DPS,HIN,STD05,GEN,PE,Physical Education,2026-2027,topics,16,1,1,1,"Physical Education course for Standard 5 GEN Hindi Medium in 2026-2027. Includes 10 chapter structure, term exams, final exam, completion rules and default certification.",MASTER-ALL-GRADES-ALL-SUBJECTS-STD-TEMPLATE,1,1,1,"DPS,GSEB,2026-2027,HIN,STD05,GEN,PE",TPL_STD03_05_PRIMARY,Academic Year 2026-2027
DPS-GSEB-HIN-STD06-GEN-GUJ-2026,Drona Public School - Gujarat Board Education - Hindi Medium - Standard 6 - GEN - Gujarati - 2026-2027,DPS-GSEB-HIN-STD06-GEN-GUJ-26,DPS-GSEB-HIN-STD06-GEN-GUJ-2026,DRONA_TRUST_GSEB_DPS_2026_2027_HIN_STD06_GEN,GSEB,DPS,HIN,STD06,GEN,GUJ,Gujarati,2026-2027,topics,16,1,1,1,"Gujarati course for Standard 6 GEN Hindi Medium in 2026-2027. Includes 10 chapter structure, term exams, final exam, completion rules and default certification.",MASTER-ALL-GRADES-ALL-SUBJECTS-STD-TEMPLATE,1,1,1,"DPS,GSEB,2026-2027,HIN,STD06,GEN,GUJ",TPL_STD06_08_UPPER_PRIMARY,Academic Year 2026-2027
DPS-GSEB-HIN-STD06-GEN-HIN-2026,Drona Public School - Gujarat Board Education - Hindi Medium - Standard 6 - GEN - Hindi - 2026-2027,DPS-GSEB-HIN-STD06-GEN-HIN-26,DPS-GSEB-HIN-STD06-GEN-HIN-2026,DRONA_TRUST_GSEB_DPS_2026_2027_HIN_STD06_GEN,GSEB,DPS,HIN,STD06,GEN,HIN,Hindi,2026-2027,topics,16,1,1,1,"Hindi course for Standard 6 GEN Hindi Medium in 2026-2027. Includes 10 chapter structure, term exams, final exam, completion rules and default certification.",MASTER-ALL-GRADES-ALL-SUBJECTS-STD-TEMPLATE,1,1,1,"DPS,GSEB,2026-2027,HIN,STD06,GEN,HIN",TPL_STD06_08_UPPER_PRIMARY,Academic Year 2026-2027
DPS-GSEB-HIN-STD06-GEN-ENG-2026,Drona Public School - Gujarat Board Education - Hindi Medium - Standard 6 - GEN - English - 2026-2027,DPS-GSEB-HIN-STD06-GEN-ENG-26,DPS-GSEB-HIN-STD06-GEN-ENG-2026,DRONA_TRUST_GSEB_DPS_2026_2027_HIN_STD06_GEN,GSEB,DPS,HIN,STD06,GEN,ENG,English,2026-2027,topics,16,1,1,1,"English course for Standard 6 GEN Hindi Medium in 2026-2027. Includes 10 chapter structure, term exams, final exam, completion rules and default certification.",MASTER-ALL-GRADES-ALL-SUBJECTS-STD-TEMPLATE,1,1,1,"DPS,GSEB,2026-2027,HIN,STD06,GEN,ENG",TPL_STD06_08_UPPER_PRIMARY,Academic Year 2026-2027
DPS-GSEB-HIN-STD06-GEN-MATH-2026,Drona Public School - Gujarat Board Education - Hindi Medium - Standard 6 - GEN - Mathematics - 2026-2027,DPS-GSEB-HIN-STD06-GEN-MATH-26,DPS-GSEB-HIN-STD06-GEN-MATH-2026,DRONA_TRUST_GSEB_DPS_2026_2027_HIN_STD06_GEN,GSEB,DPS,HIN,STD06,GEN,MATH,Mathematics,2026-2027,topics,16,1,1,1,"Mathematics course for Standard 6 GEN Hindi Medium in 2026-2027. Includes 10 chapter structure, term exams, final exam, completion rules and default certification.",MASTER-ALL-GRADES-ALL-SUBJECTS-STD-TEMPLATE,1,1,1,"DPS,GSEB,2026-2027,HIN,STD06,GEN,MATH",TPL_STD06_08_UPPER_PRIMARY,Academic Year 2026-2027
DPS-GSEB-HIN-STD06-GEN-SCI-2026,Drona Public School - Gujarat Board Education - Hindi Medium - Standard 6 - GEN - Science - 2026-2027,DPS-GSEB-HIN-STD06-GEN-SCI-26,DPS-GSEB-HIN-STD06-GEN-SCI-2026,DRONA_TRUST_GSEB_DPS_2026_2027_HIN_STD06_GEN,GSEB,DPS,HIN,STD06,GEN,SCI,Science,2026-2027,topics,16,1,1,1,"Science course for Standard 6 GEN Hindi Medium in 2026-2027. Includes 10 chapter structure, term exams, final exam, completion rules and default certification.",MASTER-ALL-GRADES-ALL-SUBJECTS-STD-TEMPLATE,1,1,1,"DPS,GSEB,2026-2027,HIN,STD06,GEN,SCI",TPL_STD06_08_UPPER_PRIMARY,Academic Year 2026-2027
DPS-GSEB-HIN-STD06-GEN-SS-2026,Drona Public School - Gujarat Board Education - Hindi Medium - Standard 6 - GEN - Social Science - 2026-2027,DPS-GSEB-HIN-STD06-GEN-SS-26,DPS-GSEB-HIN-STD06-GEN-SS-2026,DRONA_TRUST_GSEB_DPS_2026_2027_HIN_STD06_GEN,GSEB,DPS,HIN,STD06,GEN,SS,Social Science,2026-2027,topics,16,1,1,1,"Social Science course for Standard 6 GEN Hindi Medium in 2026-2027. Includes 10 chapter structure, term exams, final exam, completion rules and default certification.",MASTER-ALL-GRADES-ALL-SUBJECTS-STD-TEMPLATE,1,1,1,"DPS,GSEB,2026-2027,HIN,STD06,GEN,SS",TPL_STD06_08_UPPER_PRIMARY,Academic Year 2026-2027
DPS-GSEB-HIN-STD06-GEN-CS-2026,Drona Public School - Gujarat Board Education - Hindi Medium - Standard 6 - GEN - Computer Studies - 2026-2027,DPS-GSEB-HIN-STD06-GEN-CS-26,DPS-GSEB-HIN-STD06-GEN-CS-2026,DRONA_TRUST_GSEB_DPS_2026_2027_HIN_STD06_GEN,GSEB,DPS,HIN,STD06,GEN,CS,Computer Studies,2026-2027,topics,16,1,1,1,"Computer Studies course for Standard 6 GEN Hindi Medium in 2026-2027. Includes 10 chapter structure, term exams, final exam, completion rules and default certification.",MASTER-ALL-GRADES-ALL-SUBJECTS-STD-TEMPLATE,1,1,1,"DPS,GSEB,2026-2027,HIN,STD06,GEN,CS",TPL_STD06_08_UPPER_PRIMARY,Academic Year 2026-2027
DPS-GSEB-HIN-STD06-GEN-ART-2026,Drona Public School - Gujarat Board Education - Hindi Medium - Standard 6 - GEN - Art Education - 2026-2027,DPS-GSEB-HIN-STD06-GEN-ART-26,DPS-GSEB-HIN-STD06-GEN-ART-2026,DRONA_TRUST_GSEB_DPS_2026_2027_HIN_STD06_GEN,GSEB,DPS,HIN,STD06,GEN,ART,Art Education,2026-2027,topics,16,1,1,1,"Art Education course for Standard 6 GEN Hindi Medium in 2026-2027. Includes 10 chapter structure, term exams, final exam, completion rules and default certification.",MASTER-ALL-GRADES-ALL-SUBJECTS-STD-TEMPLATE,1,1,1,"DPS,GSEB,2026-2027,HIN,STD06,GEN,ART",TPL_STD06_08_UPPER_PRIMARY,Academic Year 2026-2027
DPS-GSEB-HIN-STD06-GEN-PE-2026,Drona Public School - Gujarat Board Education - Hindi Medium - Standard 6 - GEN - Physical Education - 2026-2027,DPS-GSEB-HIN-STD06-GEN-PE-26,DPS-GSEB-HIN-STD06-GEN-PE-2026,DRONA_TRUST_GSEB_DPS_2026_2027_HIN_STD06_GEN,GSEB,DPS,HIN,STD06,GEN,PE,Physical Education,2026-2027,topics,16,1,1,1,"Physical Education course for Standard 6 GEN Hindi Medium in 2026-2027. Includes 10 chapter structure, term exams, final exam, completion rules and default certification.",MASTER-ALL-GRADES-ALL-SUBJECTS-STD-TEMPLATE,1,1,1,"DPS,GSEB,2026-2027,HIN,STD06,GEN,PE",TPL_STD06_08_UPPER_PRIMARY,Academic Year 2026-2027
DPS-GSEB-HIN-STD07-GEN-GUJ-2026,Drona Public School - Gujarat Board Education - Hindi Medium - Standard 7 - GEN - Gujarati - 2026-2027,DPS-GSEB-HIN-STD07-GEN-GUJ-26,DPS-GSEB-HIN-STD07-GEN-GUJ-2026,DRONA_TRUST_GSEB_DPS_2026_2027_HIN_STD07_GEN,GSEB,DPS,HIN,STD07,GEN,GUJ,Gujarati,2026-2027,topics,16,1,1,1,"Gujarati course for Standard 7 GEN Hindi Medium in 2026-2027. Includes 10 chapter structure, term exams, final exam, completion rules and default certification.",MASTER-ALL-GRADES-ALL-SUBJECTS-STD-TEMPLATE,1,1,1,"DPS,GSEB,2026-2027,HIN,STD07,GEN,GUJ",TPL_STD06_08_UPPER_PRIMARY,Academic Year 2026-2027
DPS-GSEB-HIN-STD07-GEN-HIN-2026,Drona Public School - Gujarat Board Education - Hindi Medium - Standard 7 - GEN - Hindi - 2026-2027,DPS-GSEB-HIN-STD07-GEN-HIN-26,DPS-GSEB-HIN-STD07-GEN-HIN-2026,DRONA_TRUST_GSEB_DPS_2026_2027_HIN_STD07_GEN,GSEB,DPS,HIN,STD07,GEN,HIN,Hindi,2026-2027,topics,16,1,1,1,"Hindi course for Standard 7 GEN Hindi Medium in 2026-2027. Includes 10 chapter structure, term exams, final exam, completion rules and default certification.",MASTER-ALL-GRADES-ALL-SUBJECTS-STD-TEMPLATE,1,1,1,"DPS,GSEB,2026-2027,HIN,STD07,GEN,HIN",TPL_STD06_08_UPPER_PRIMARY,Academic Year 2026-2027
DPS-GSEB-HIN-STD07-GEN-ENG-2026,Drona Public School - Gujarat Board Education - Hindi Medium - Standard 7 - GEN - English - 2026-2027,DPS-GSEB-HIN-STD07-GEN-ENG-26,DPS-GSEB-HIN-STD07-GEN-ENG-2026,DRONA_TRUST_GSEB_DPS_2026_2027_HIN_STD07_GEN,GSEB,DPS,HIN,STD07,GEN,ENG,English,2026-2027,topics,16,1,1,1,"English course for Standard 7 GEN Hindi Medium in 2026-2027. Includes 10 chapter structure, term exams, final exam, completion rules and default certification.",MASTER-ALL-GRADES-ALL-SUBJECTS-STD-TEMPLATE,1,1,1,"DPS,GSEB,2026-2027,HIN,STD07,GEN,ENG",TPL_STD06_08_UPPER_PRIMARY,Academic Year 2026-2027
DPS-GSEB-HIN-STD07-GEN-MATH-2026,Drona Public School - Gujarat Board Education - Hindi Medium - Standard 7 - GEN - Mathematics - 2026-2027,DPS-GSEB-HIN-STD07-GEN-MATH-26,DPS-GSEB-HIN-STD07-GEN-MATH-2026,DRONA_TRUST_GSEB_DPS_2026_2027_HIN_STD07_GEN,GSEB,DPS,HIN,STD07,GEN,MATH,Mathematics,2026-2027,topics,16,1,1,1,"Mathematics course for Standard 7 GEN Hindi Medium in 2026-2027. Includes 10 chapter structure, term exams, final exam, completion rules and default certification.",MASTER-ALL-GRADES-ALL-SUBJECTS-STD-TEMPLATE,1,1,1,"DPS,GSEB,2026-2027,HIN,STD07,GEN,MATH",TPL_STD06_08_UPPER_PRIMARY,Academic Year 2026-2027
DPS-GSEB-HIN-STD07-GEN-SCI-2026,Drona Public School - Gujarat Board Education - Hindi Medium - Standard 7 - GEN - Science - 2026-2027,DPS-GSEB-HIN-STD07-GEN-SCI-26,DPS-GSEB-HIN-STD07-GEN-SCI-2026,DRONA_TRUST_GSEB_DPS_2026_2027_HIN_STD07_GEN,GSEB,DPS,HIN,STD07,GEN,SCI,Science,2026-2027,topics,16,1,1,1,"Science course for Standard 7 GEN Hindi Medium in 2026-2027. Includes 10 chapter structure, term exams, final exam, completion rules and default certification.",MASTER-ALL-GRADES-ALL-SUBJECTS-STD-TEMPLATE,1,1,1,"DPS,GSEB,2026-2027,HIN,STD07,GEN,SCI",TPL_STD06_08_UPPER_PRIMARY,Academic Year 2026-2027
DPS-GSEB-HIN-STD07-GEN-SS-2026,Drona Public School - Gujarat Board Education - Hindi Medium - Standard 7 - GEN - Social Science - 2026-2027,DPS-GSEB-HIN-STD07-GEN-SS-26,DPS-GSEB-HIN-STD07-GEN-SS-2026,DRONA_TRUST_GSEB_DPS_2026_2027_HIN_STD07_GEN,GSEB,DPS,HIN,STD07,GEN,SS,Social Science,2026-2027,topics,16,1,1,1,"Social Science course for Standard 7 GEN Hindi Medium in 2026-2027. Includes 10 chapter structure, term exams, final exam, completion rules and default certification.",MASTER-ALL-GRADES-ALL-SUBJECTS-STD-TEMPLATE,1,1,1,"DPS,GSEB,2026-2027,HIN,STD07,GEN,SS",TPL_STD06_08_UPPER_PRIMARY,Academic Year 2026-2027
DPS-GSEB-HIN-STD07-GEN-CS-2026,Drona Public School - Gujarat Board Education - Hindi Medium - Standard 7 - GEN - Computer Studies - 2026-2027,DPS-GSEB-HIN-STD07-GEN-CS-26,DPS-GSEB-HIN-STD07-GEN-CS-2026,DRONA_TRUST_GSEB_DPS_2026_2027_HIN_STD07_GEN,GSEB,DPS,HIN,STD07,GEN,CS,Computer Studies,2026-2027,topics,16,1,1,1,"Computer Studies course for Standard 7 GEN Hindi Medium in 2026-2027. Includes 10 chapter structure, term exams, final exam, completion rules and default certification.",MASTER-ALL-GRADES-ALL-SUBJECTS-STD-TEMPLATE,1,1,1,"DPS,GSEB,2026-2027,HIN,STD07,GEN,CS",TPL_STD06_08_UPPER_PRIMARY,Academic Year 2026-2027
DPS-GSEB-HIN-STD07-GEN-ART-2026,Drona Public School - Gujarat Board Education - Hindi Medium - Standard 7 - GEN - Art Education - 2026-2027,DPS-GSEB-HIN-STD07-GEN-ART-26,DPS-GSEB-HIN-STD07-GEN-ART-2026,DRONA_TRUST_GSEB_DPS_2026_2027_HIN_STD07_GEN,GSEB,DPS,HIN,STD07,GEN,ART,Art Education,2026-2027,topics,16,1,1,1,"Art Education course for Standard 7 GEN Hindi Medium in 2026-2027. Includes 10 chapter structure, term exams, final exam, completion rules and default certification.",MASTER-ALL-GRADES-ALL-SUBJECTS-STD-TEMPLATE,1,1,1,"DPS,GSEB,2026-2027,HIN,STD07,GEN,ART",TPL_STD06_08_UPPER_PRIMARY,Academic Year 2026-2027
DPS-GSEB-HIN-STD07-GEN-PE-2026,Drona Public School - Gujarat Board Education - Hindi Medium - Standard 7 - GEN - Physical Education - 2026-2027,DPS-GSEB-HIN-STD07-GEN-PE-26,DPS-GSEB-HIN-STD07-GEN-PE-2026,DRONA_TRUST_GSEB_DPS_2026_2027_HIN_STD07_GEN,GSEB,DPS,HIN,STD07,GEN,PE,Physical Education,2026-2027,topics,16,1,1,1,"Physical Education course for Standard 7 GEN Hindi Medium in 2026-2027. Includes 10 chapter structure, term exams, final exam, completion rules and default certification.",MASTER-ALL-GRADES-ALL-SUBJECTS-STD-TEMPLATE,1,1,1,"DPS,GSEB,2026-2027,HIN,STD07,GEN,PE",TPL_STD06_08_UPPER_PRIMARY,Academic Year 2026-2027
DPS-GSEB-HIN-STD08-GEN-GUJ-2026,Drona Public School - Gujarat Board Education - Hindi Medium - Standard 8 - GEN - Gujarati - 2026-2027,DPS-GSEB-HIN-STD08-GEN-GUJ-26,DPS-GSEB-HIN-STD08-GEN-GUJ-2026,DRONA_TRUST_GSEB_DPS_2026_2027_HIN_STD08_GEN,GSEB,DPS,HIN,STD08,GEN,GUJ,Gujarati,2026-2027,topics,16,1,1,1,"Gujarati course for Standard 8 GEN Hindi Medium in 2026-2027. Includes 10 chapter structure, term exams, final exam, completion rules and default certification.",MASTER-ALL-GRADES-ALL-SUBJECTS-STD-TEMPLATE,1,1,1,"DPS,GSEB,2026-2027,HIN,STD08,GEN,GUJ",TPL_STD06_08_UPPER_PRIMARY,Academic Year 2026-2027
DPS-GSEB-HIN-STD08-GEN-HIN-2026,Drona Public School - Gujarat Board Education - Hindi Medium - Standard 8 - GEN - Hindi - 2026-2027,DPS-GSEB-HIN-STD08-GEN-HIN-26,DPS-GSEB-HIN-STD08-GEN-HIN-2026,DRONA_TRUST_GSEB_DPS_2026_2027_HIN_STD08_GEN,GSEB,DPS,HIN,STD08,GEN,HIN,Hindi,2026-2027,topics,16,1,1,1,"Hindi course for Standard 8 GEN Hindi Medium in 2026-2027. Includes 10 chapter structure, term exams, final exam, completion rules and default certification.",MASTER-ALL-GRADES-ALL-SUBJECTS-STD-TEMPLATE,1,1,1,"DPS,GSEB,2026-2027,HIN,STD08,GEN,HIN",TPL_STD06_08_UPPER_PRIMARY,Academic Year 2026-2027
DPS-GSEB-HIN-STD08-GEN-ENG-2026,Drona Public School - Gujarat Board Education - Hindi Medium - Standard 8 - GEN - English - 2026-2027,DPS-GSEB-HIN-STD08-GEN-ENG-26,DPS-GSEB-HIN-STD08-GEN-ENG-2026,DRONA_TRUST_GSEB_DPS_2026_2027_HIN_STD08_GEN,GSEB,DPS,HIN,STD08,GEN,ENG,English,2026-2027,topics,16,1,1,1,"English course for Standard 8 GEN Hindi Medium in 2026-2027. Includes 10 chapter structure, term exams, final exam, completion rules and default certification.",MASTER-ALL-GRADES-ALL-SUBJECTS-STD-TEMPLATE,1,1,1,"DPS,GSEB,2026-2027,HIN,STD08,GEN,ENG",TPL_STD06_08_UPPER_PRIMARY,Academic Year 2026-2027
DPS-GSEB-HIN-STD08-GEN-MATH-2026,Drona Public School - Gujarat Board Education - Hindi Medium - Standard 8 - GEN - Mathematics - 2026-2027,DPS-GSEB-HIN-STD08-GEN-MATH-26,DPS-GSEB-HIN-STD08-GEN-MATH-2026,DRONA_TRUST_GSEB_DPS_2026_2027_HIN_STD08_GEN,GSEB,DPS,HIN,STD08,GEN,MATH,Mathematics,2026-2027,topics,16,1,1,1,"Mathematics course for Standard 8 GEN Hindi Medium in 2026-2027. Includes 10 chapter structure, term exams, final exam, completion rules and default certification.",MASTER-ALL-GRADES-ALL-SUBJECTS-STD-TEMPLATE,1,1,1,"DPS,GSEB,2026-2027,HIN,STD08,GEN,MATH",TPL_STD06_08_UPPER_PRIMARY,Academic Year 2026-2027
DPS-GSEB-HIN-STD08-GEN-SCI-2026,Drona Public School - Gujarat Board Education - Hindi Medium - Standard 8 - GEN - Science - 2026-2027,DPS-GSEB-HIN-STD08-GEN-SCI-26,DPS-GSEB-HIN-STD08-GEN-SCI-2026,DRONA_TRUST_GSEB_DPS_2026_2027_HIN_STD08_GEN,GSEB,DPS,HIN,STD08,GEN,SCI,Science,2026-2027,topics,16,1,1,1,"Science course for Standard 8 GEN Hindi Medium in 2026-2027. Includes 10 chapter structure, term exams, final exam, completion rules and default certification.",MASTER-ALL-GRADES-ALL-SUBJECTS-STD-TEMPLATE,1,1,1,"DPS,GSEB,2026-2027,HIN,STD08,GEN,SCI",TPL_STD06_08_UPPER_PRIMARY,Academic Year 2026-2027
DPS-GSEB-HIN-STD08-GEN-SS-2026,Drona Public School - Gujarat Board Education - Hindi Medium - Standard 8 - GEN - Social Science - 2026-2027,DPS-GSEB-HIN-STD08-GEN-SS-26,DPS-GSEB-HIN-STD08-GEN-SS-2026,DRONA_TRUST_GSEB_DPS_2026_2027_HIN_STD08_GEN,GSEB,DPS,HIN,STD08,GEN,SS,Social Science,2026-2027,topics,16,1,1,1,"Social Science course for Standard 8 GEN Hindi Medium in 2026-2027. Includes 10 chapter structure, term exams, final exam, completion rules and default certification.",MASTER-ALL-GRADES-ALL-SUBJECTS-STD-TEMPLATE,1,1,1,"DPS,GSEB,2026-2027,HIN,STD08,GEN,SS",TPL_STD06_08_UPPER_PRIMARY,Academic Year 2026-2027
DPS-GSEB-HIN-STD08-GEN-CS-2026,Drona Public School - Gujarat Board Education - Hindi Medium - Standard 8 - GEN - Computer Studies - 2026-2027,DPS-GSEB-HIN-STD08-GEN-CS-26,DPS-GSEB-HIN-STD08-GEN-CS-2026,DRONA_TRUST_GSEB_DPS_2026_2027_HIN_STD08_GEN,GSEB,DPS,HIN,STD08,GEN,CS,Computer Studies,2026-2027,topics,16,1,1,1,"Computer Studies course for Standard 8 GEN Hindi Medium in 2026-2027. Includes 10 chapter structure, term exams, final exam, completion rules and default certification.",MASTER-ALL-GRADES-ALL-SUBJECTS-STD-TEMPLATE,1,1,1,"DPS,GSEB,2026-2027,HIN,STD08,GEN,CS",TPL_STD06_08_UPPER_PRIMARY,Academic Year 2026-2027
DPS-GSEB-HIN-STD08-GEN-ART-2026,Drona Public School - Gujarat Board Education - Hindi Medium - Standard 8 - GEN - Art Education - 2026-2027,DPS-GSEB-HIN-STD08-GEN-ART-26,DPS-GSEB-HIN-STD08-GEN-ART-2026,DRONA_TRUST_GSEB_DPS_2026_2027_HIN_STD08_GEN,GSEB,DPS,HIN,STD08,GEN,ART,Art Education,2026-2027,topics,16,1,1,1,"Art Education course for Standard 8 GEN Hindi Medium in 2026-2027. Includes 10 chapter structure, term exams, final exam, completion rules and default certification.",MASTER-ALL-GRADES-ALL-SUBJECTS-STD-TEMPLATE,1,1,1,"DPS,GSEB,2026-2027,HIN,STD08,GEN,ART",TPL_STD06_08_UPPER_PRIMARY,Academic Year 2026-2027
DPS-GSEB-HIN-STD08-GEN-PE-2026,Drona Public School - Gujarat Board Education - Hindi Medium - Standard 8 - GEN - Physical Education - 2026-2027,DPS-GSEB-HIN-STD08-GEN-PE-26,DPS-GSEB-HIN-STD08-GEN-PE-2026,DRONA_TRUST_GSEB_DPS_2026_2027_HIN_STD08_GEN,GSEB,DPS,HIN,STD08,GEN,PE,Physical Education,2026-2027,topics,16,1,1,1,"Physical Education course for Standard 8 GEN Hindi Medium in 2026-2027. Includes 10 chapter structure, term exams, final exam, completion rules and default certification.",MASTER-ALL-GRADES-ALL-SUBJECTS-STD-TEMPLATE,1,1,1,"DPS,GSEB,2026-2027,HIN,STD08,GEN,PE",TPL_STD06_08_UPPER_PRIMARY,Academic Year 2026-2027
DPS-GSEB-HIN-STD09-GEN-GUJ-2026,Drona Public School - Gujarat Board Education - Hindi Medium - Standard 9 - GEN - Gujarati - 2026-2027,DPS-GSEB-HIN-STD09-GEN-GUJ-26,DPS-GSEB-HIN-STD09-GEN-GUJ-2026,DRONA_TRUST_GSEB_DPS_2026_2027_HIN_STD09_GEN,GSEB,DPS,HIN,STD09,GEN,GUJ,Gujarati,2026-2027,topics,16,1,1,1,"Gujarati course for Standard 9 GEN Hindi Medium in 2026-2027. Includes 10 chapter structure, term exams, final exam, completion rules and default certification.",MASTER-ALL-GRADES-ALL-SUBJECTS-STD-TEMPLATE,1,1,1,"DPS,GSEB,2026-2027,HIN,STD09,GEN,GUJ",TPL_STD09_10_BOARD_FOUNDATION,Academic Year 2026-2027
DPS-GSEB-HIN-STD09-GEN-HIN-2026,Drona Public School - Gujarat Board Education - Hindi Medium - Standard 9 - GEN - Hindi - 2026-2027,DPS-GSEB-HIN-STD09-GEN-HIN-26,DPS-GSEB-HIN-STD09-GEN-HIN-2026,DRONA_TRUST_GSEB_DPS_2026_2027_HIN_STD09_GEN,GSEB,DPS,HIN,STD09,GEN,HIN,Hindi,2026-2027,topics,16,1,1,1,"Hindi course for Standard 9 GEN Hindi Medium in 2026-2027. Includes 10 chapter structure, term exams, final exam, completion rules and default certification.",MASTER-ALL-GRADES-ALL-SUBJECTS-STD-TEMPLATE,1,1,1,"DPS,GSEB,2026-2027,HIN,STD09,GEN,HIN",TPL_STD09_10_BOARD_FOUNDATION,Academic Year 2026-2027
DPS-GSEB-HIN-STD09-GEN-ENG-2026,Drona Public School - Gujarat Board Education - Hindi Medium - Standard 9 - GEN - English - 2026-2027,DPS-GSEB-HIN-STD09-GEN-ENG-26,DPS-GSEB-HIN-STD09-GEN-ENG-2026,DRONA_TRUST_GSEB_DPS_2026_2027_HIN_STD09_GEN,GSEB,DPS,HIN,STD09,GEN,ENG,English,2026-2027,topics,16,1,1,1,"English course for Standard 9 GEN Hindi Medium in 2026-2027. Includes 10 chapter structure, term exams, final exam, completion rules and default certification.",MASTER-ALL-GRADES-ALL-SUBJECTS-STD-TEMPLATE,1,1,1,"DPS,GSEB,2026-2027,HIN,STD09,GEN,ENG",TPL_STD09_10_BOARD_FOUNDATION,Academic Year 2026-2027
DPS-GSEB-HIN-STD09-GEN-MATH-2026,Drona Public School - Gujarat Board Education - Hindi Medium - Standard 9 - GEN - Mathematics - 2026-2027,DPS-GSEB-HIN-STD09-GEN-MATH-26,DPS-GSEB-HIN-STD09-GEN-MATH-2026,DRONA_TRUST_GSEB_DPS_2026_2027_HIN_STD09_GEN,GSEB,DPS,HIN,STD09,GEN,MATH,Mathematics,2026-2027,topics,16,1,1,1,"Mathematics course for Standard 9 GEN Hindi Medium in 2026-2027. Includes 10 chapter structure, term exams, final exam, completion rules and default certification.",MASTER-ALL-GRADES-ALL-SUBJECTS-STD-TEMPLATE,1,1,1,"DPS,GSEB,2026-2027,HIN,STD09,GEN,MATH",TPL_STD09_10_BOARD_FOUNDATION,Academic Year 2026-2027
DPS-GSEB-HIN-STD09-GEN-SCI-2026,Drona Public School - Gujarat Board Education - Hindi Medium - Standard 9 - GEN - Science - 2026-2027,DPS-GSEB-HIN-STD09-GEN-SCI-26,DPS-GSEB-HIN-STD09-GEN-SCI-2026,DRONA_TRUST_GSEB_DPS_2026_2027_HIN_STD09_GEN,GSEB,DPS,HIN,STD09,GEN,SCI,Science,2026-2027,topics,16,1,1,1,"Science course for Standard 9 GEN Hindi Medium in 2026-2027. Includes 10 chapter structure, term exams, final exam, completion rules and default certification.",MASTER-ALL-GRADES-ALL-SUBJECTS-STD-TEMPLATE,1,1,1,"DPS,GSEB,2026-2027,HIN,STD09,GEN,SCI",TPL_STD09_10_BOARD_FOUNDATION,Academic Year 2026-2027
DPS-GSEB-HIN-STD09-GEN-SS-2026,Drona Public School - Gujarat Board Education - Hindi Medium - Standard 9 - GEN - Social Science - 2026-2027,DPS-GSEB-HIN-STD09-GEN-SS-26,DPS-GSEB-HIN-STD09-GEN-SS-2026,DRONA_TRUST_GSEB_DPS_2026_2027_HIN_STD09_GEN,GSEB,DPS,HIN,STD09,GEN,SS,Social Science,2026-2027,topics,16,1,1,1,"Social Science course for Standard 9 GEN Hindi Medium in 2026-2027. Includes 10 chapter structure, term exams, final exam, completion rules and default certification.",MASTER-ALL-GRADES-ALL-SUBJECTS-STD-TEMPLATE,1,1,1,"DPS,GSEB,2026-2027,HIN,STD09,GEN,SS",TPL_STD09_10_BOARD_FOUNDATION,Academic Year 2026-2027
DPS-GSEB-HIN-STD09-GEN-CS-2026,Drona Public School - Gujarat Board Education - Hindi Medium - Standard 9 - GEN - Computer Studies - 2026-2027,DPS-GSEB-HIN-STD09-GEN-CS-26,DPS-GSEB-HIN-STD09-GEN-CS-2026,DRONA_TRUST_GSEB_DPS_2026_2027_HIN_STD09_GEN,GSEB,DPS,HIN,STD09,GEN,CS,Computer Studies,2026-2027,topics,16,1,1,1,"Computer Studies course for Standard 9 GEN Hindi Medium in 2026-2027. Includes 10 chapter structure, term exams, final exam, completion rules and default certification.",MASTER-ALL-GRADES-ALL-SUBJECTS-STD-TEMPLATE,1,1,1,"DPS,GSEB,2026-2027,HIN,STD09,GEN,CS",TPL_STD09_10_BOARD_FOUNDATION,Academic Year 2026-2027
DPS-GSEB-HIN-STD09-GEN-PE-2026,Drona Public School - Gujarat Board Education - Hindi Medium - Standard 9 - GEN - Physical Education - 2026-2027,DPS-GSEB-HIN-STD09-GEN-PE-26,DPS-GSEB-HIN-STD09-GEN-PE-2026,DRONA_TRUST_GSEB_DPS_2026_2027_HIN_STD09_GEN,GSEB,DPS,HIN,STD09,GEN,PE,Physical Education,2026-2027,topics,16,1,1,1,"Physical Education course for Standard 9 GEN Hindi Medium in 2026-2027. Includes 10 chapter structure, term exams, final exam, completion rules and default certification.",MASTER-ALL-GRADES-ALL-SUBJECTS-STD-TEMPLATE,1,1,1,"DPS,GSEB,2026-2027,HIN,STD09,GEN,PE",TPL_STD09_10_BOARD_FOUNDATION,Academic Year 2026-2027
DPS-GSEB-HIN-STD10-GEN-GUJ-2026,Drona Public School - Gujarat Board Education - Hindi Medium - Standard 10 - GEN - Gujarati - 2026-2027,DPS-GSEB-HIN-STD10-GEN-GUJ-26,DPS-GSEB-HIN-STD10-GEN-GUJ-2026,DRONA_TRUST_GSEB_DPS_2026_2027_HIN_STD10_GEN,GSEB,DPS,HIN,STD10,GEN,GUJ,Gujarati,2026-2027,topics,16,1,1,1,"Gujarati course for Standard 10 GEN Hindi Medium in 2026-2027. Includes 10 chapter structure, term exams, final exam, completion rules and default certification.",MASTER-ALL-GRADES-ALL-SUBJECTS-STD-TEMPLATE,1,1,1,"DPS,GSEB,2026-2027,HIN,STD10,GEN,GUJ",TPL_STD09_10_BOARD_FOUNDATION,Academic Year 2026-2027
DPS-GSEB-HIN-STD10-GEN-HIN-2026,Drona Public School - Gujarat Board Education - Hindi Medium - Standard 10 - GEN - Hindi - 2026-2027,DPS-GSEB-HIN-STD10-GEN-HIN-26,DPS-GSEB-HIN-STD10-GEN-HIN-2026,DRONA_TRUST_GSEB_DPS_2026_2027_HIN_STD10_GEN,GSEB,DPS,HIN,STD10,GEN,HIN,Hindi,2026-2027,topics,16,1,1,1,"Hindi course for Standard 10 GEN Hindi Medium in 2026-2027. Includes 10 chapter structure, term exams, final exam, completion rules and default certification.",MASTER-ALL-GRADES-ALL-SUBJECTS-STD-TEMPLATE,1,1,1,"DPS,GSEB,2026-2027,HIN,STD10,GEN,HIN",TPL_STD09_10_BOARD_FOUNDATION,Academic Year 2026-2027
DPS-GSEB-HIN-STD10-GEN-ENG-2026,Drona Public School - Gujarat Board Education - Hindi Medium - Standard 10 - GEN - English - 2026-2027,DPS-GSEB-HIN-STD10-GEN-ENG-26,DPS-GSEB-HIN-STD10-GEN-ENG-2026,DRONA_TRUST_GSEB_DPS_2026_2027_HIN_STD10_GEN,GSEB,DPS,HIN,STD10,GEN,ENG,English,2026-2027,topics,16,1,1,1,"English course for Standard 10 GEN Hindi Medium in 2026-2027. Includes 10 chapter structure, term exams, final exam, completion rules and default certification.",MASTER-ALL-GRADES-ALL-SUBJECTS-STD-TEMPLATE,1,1,1,"DPS,GSEB,2026-2027,HIN,STD10,GEN,ENG",TPL_STD09_10_BOARD_FOUNDATION,Academic Year 2026-2027
DPS-GSEB-HIN-STD10-GEN-MATH-2026,Drona Public School - Gujarat Board Education - Hindi Medium - Standard 10 - GEN - Mathematics - 2026-2027,DPS-GSEB-HIN-STD10-GEN-MATH-26,DPS-GSEB-HIN-STD10-GEN-MATH-2026,DRONA_TRUST_GSEB_DPS_2026_2027_HIN_STD10_GEN,GSEB,DPS,HIN,STD10,GEN,MATH,Mathematics,2026-2027,topics,16,1,1,1,"Mathematics course for Standard 10 GEN Hindi Medium in 2026-2027. Includes 10 chapter structure, term exams, final exam, completion rules and default certification.",MASTER-ALL-GRADES-ALL-SUBJECTS-STD-TEMPLATE,1,1,1,"DPS,GSEB,2026-2027,HIN,STD10,GEN,MATH",TPL_STD09_10_BOARD_FOUNDATION,Academic Year 2026-2027
DPS-GSEB-HIN-STD10-GEN-SCI-2026,Drona Public School - Gujarat Board Education - Hindi Medium - Standard 10 - GEN - Science - 2026-2027,DPS-GSEB-HIN-STD10-GEN-SCI-26,DPS-GSEB-HIN-STD10-GEN-SCI-2026,DRONA_TRUST_GSEB_DPS_2026_2027_HIN_STD10_GEN,GSEB,DPS,HIN,STD10,GEN,SCI,Science,2026-2027,topics,16,1,1,1,"Science course for Standard 10 GEN Hindi Medium in 2026-2027. Includes 10 chapter structure, term exams, final exam, completion rules and default certification.",MASTER-ALL-GRADES-ALL-SUBJECTS-STD-TEMPLATE,1,1,1,"DPS,GSEB,2026-2027,HIN,STD10,GEN,SCI",TPL_STD09_10_BOARD_FOUNDATION,Academic Year 2026-2027
DPS-GSEB-HIN-STD10-GEN-SS-2026,Drona Public School - Gujarat Board Education - Hindi Medium - Standard 10 - GEN - Social Science - 2026-2027,DPS-GSEB-HIN-STD10-GEN-SS-26,DPS-GSEB-HIN-STD10-GEN-SS-2026,DRONA_TRUST_GSEB_DPS_2026_2027_HIN_STD10_GEN,GSEB,DPS,HIN,STD10,GEN,SS,Social Science,2026-2027,topics,16,1,1,1,"Social Science course for Standard 10 GEN Hindi Medium in 2026-2027. Includes 10 chapter structure, term exams, final exam, completion rules and default certification.",MASTER-ALL-GRADES-ALL-SUBJECTS-STD-TEMPLATE,1,1,1,"DPS,GSEB,2026-2027,HIN,STD10,GEN,SS",TPL_STD09_10_BOARD_FOUNDATION,Academic Year 2026-2027
DPS-GSEB-HIN-STD10-GEN-CS-2026,Drona Public School - Gujarat Board Education - Hindi Medium - Standard 10 - GEN - Computer Studies - 2026-2027,DPS-GSEB-HIN-STD10-GEN-CS-26,DPS-GSEB-HIN-STD10-GEN-CS-2026,DRONA_TRUST_GSEB_DPS_2026_2027_HIN_STD10_GEN,GSEB,DPS,HIN,STD10,GEN,CS,Computer Studies,2026-2027,topics,16,1,1,1,"Computer Studies course for Standard 10 GEN Hindi Medium in 2026-2027. Includes 10 chapter structure, term exams, final exam, completion rules and default certification.",MASTER-ALL-GRADES-ALL-SUBJECTS-STD-TEMPLATE,1,1,1,"DPS,GSEB,2026-2027,HIN,STD10,GEN,CS",TPL_STD09_10_BOARD_FOUNDATION,Academic Year 2026-2027
DPS-GSEB-HIN-STD10-GEN-PE-2026,Drona Public School - Gujarat Board Education - Hindi Medium - Standard 10 - GEN - Physical Education - 2026-2027,DPS-GSEB-HIN-STD10-GEN-PE-26,DPS-GSEB-HIN-STD10-GEN-PE-2026,DRONA_TRUST_GSEB_DPS_2026_2027_HIN_STD10_GEN,GSEB,DPS,HIN,STD10,GEN,PE,Physical Education,2026-2027,topics,16,1,1,1,"Physical Education course for Standard 10 GEN Hindi Medium in 2026-2027. Includes 10 chapter structure, term exams, final exam, completion rules and default certification.",MASTER-ALL-GRADES-ALL-SUBJECTS-STD-TEMPLATE,1,1,1,"DPS,GSEB,2026-2027,HIN,STD10,GEN,PE",TPL_STD09_10_BOARD_FOUNDATION,Academic Year 2026-2027
DPS-GSEB-HIN-STD11-SCI-ENG-2026,Drona Public School - Gujarat Board Education - Hindi Medium - Standard 11 - SCI - English - 2026-2027,DPS-GSEB-HIN-STD11-SCI-ENG-26,DPS-GSEB-HIN-STD11-SCI-ENG-2026,DRONA_TRUST_GSEB_DPS_2026_2027_HIN_STD11_SCI,GSEB,DPS,HIN,STD11,SCI,ENG,English,2026-2027,topics,16,1,1,1,"English course for Standard 11 SCI Hindi Medium in 2026-2027. Includes 10 chapter structure, term exams, final exam, completion rules and default certification.",MASTER-ALL-GRADES-ALL-SUBJECTS-STD-TEMPLATE,1,1,1,"DPS,GSEB,2026-2027,HIN,STD11,SCI,ENG",TPL_STD11_12_SCIENCE,Academic Year 2026-2027
DPS-GSEB-HIN-STD11-SCI-PHY-2026,Drona Public School - Gujarat Board Education - Hindi Medium - Standard 11 - SCI - Physics - 2026-2027,DPS-GSEB-HIN-STD11-SCI-PHY-26,DPS-GSEB-HIN-STD11-SCI-PHY-2026,DRONA_TRUST_GSEB_DPS_2026_2027_HIN_STD11_SCI,GSEB,DPS,HIN,STD11,SCI,PHY,Physics,2026-2027,topics,16,1,1,1,"Physics course for Standard 11 SCI Hindi Medium in 2026-2027. Includes 10 chapter structure, term exams, final exam, completion rules and default certification.",MASTER-ALL-GRADES-ALL-SUBJECTS-STD-TEMPLATE,1,1,1,"DPS,GSEB,2026-2027,HIN,STD11,SCI,PHY",TPL_STD11_12_SCIENCE,Academic Year 2026-2027
DPS-GSEB-HIN-STD11-SCI-CHEM-2026,Drona Public School - Gujarat Board Education - Hindi Medium - Standard 11 - SCI - Chemistry - 2026-2027,DPS-GSEB-HIN-STD11-SCI-CHEM-26,DPS-GSEB-HIN-STD11-SCI-CHEM-2026,DRONA_TRUST_GSEB_DPS_2026_2027_HIN_STD11_SCI,GSEB,DPS,HIN,STD11,SCI,CHEM,Chemistry,2026-2027,topics,16,1,1,1,"Chemistry course for Standard 11 SCI Hindi Medium in 2026-2027. Includes 10 chapter structure, term exams, final exam, completion rules and default certification.",MASTER-ALL-GRADES-ALL-SUBJECTS-STD-TEMPLATE,1,1,1,"DPS,GSEB,2026-2027,HIN,STD11,SCI,CHEM",TPL_STD11_12_SCIENCE,Academic Year 2026-2027
DPS-GSEB-HIN-STD11-SCI-BIO-2026,Drona Public School - Gujarat Board Education - Hindi Medium - Standard 11 - SCI - Biology - 2026-2027,DPS-GSEB-HIN-STD11-SCI-BIO-26,DPS-GSEB-HIN-STD11-SCI-BIO-2026,DRONA_TRUST_GSEB_DPS_2026_2027_HIN_STD11_SCI,GSEB,DPS,HIN,STD11,SCI,BIO,Biology,2026-2027,topics,16,1,1,1,"Biology course for Standard 11 SCI Hindi Medium in 2026-2027. Includes 10 chapter structure, term exams, final exam, completion rules and default certification.",MASTER-ALL-GRADES-ALL-SUBJECTS-STD-TEMPLATE,1,1,1,"DPS,GSEB,2026-2027,HIN,STD11,SCI,BIO",TPL_STD11_12_SCIENCE,Academic Year 2026-2027
DPS-GSEB-HIN-STD11-SCI-MATH-2026,Drona Public School - Gujarat Board Education - Hindi Medium - Standard 11 - SCI - Mathematics - 2026-2027,DPS-GSEB-HIN-STD11-SCI-MATH-26,DPS-GSEB-HIN-STD11-SCI-MATH-2026,DRONA_TRUST_GSEB_DPS_2026_2027_HIN_STD11_SCI,GSEB,DPS,HIN,STD11,SCI,MATH,Mathematics,2026-2027,topics,16,1,1,1,"Mathematics course for Standard 11 SCI Hindi Medium in 2026-2027. Includes 10 chapter structure, term exams, final exam, completion rules and default certification.",MASTER-ALL-GRADES-ALL-SUBJECTS-STD-TEMPLATE,1,1,1,"DPS,GSEB,2026-2027,HIN,STD11,SCI,MATH",TPL_STD11_12_SCIENCE,Academic Year 2026-2027
DPS-GSEB-HIN-STD11-SCI-CS-2026,Drona Public School - Gujarat Board Education - Hindi Medium - Standard 11 - SCI - Computer Studies - 2026-2027,DPS-GSEB-HIN-STD11-SCI-CS-26,DPS-GSEB-HIN-STD11-SCI-CS-2026,DRONA_TRUST_GSEB_DPS_2026_2027_HIN_STD11_SCI,GSEB,DPS,HIN,STD11,SCI,CS,Computer Studies,2026-2027,topics,16,1,1,1,"Computer Studies course for Standard 11 SCI Hindi Medium in 2026-2027. Includes 10 chapter structure, term exams, final exam, completion rules and default certification.",MASTER-ALL-GRADES-ALL-SUBJECTS-STD-TEMPLATE,1,1,1,"DPS,GSEB,2026-2027,HIN,STD11,SCI,CS",TPL_STD11_12_SCIENCE,Academic Year 2026-2027
DPS-GSEB-HIN-STD11-SCI-PE-2026,Drona Public School - Gujarat Board Education - Hindi Medium - Standard 11 - SCI - Physical Education - 2026-2027,DPS-GSEB-HIN-STD11-SCI-PE-26,DPS-GSEB-HIN-STD11-SCI-PE-2026,DRONA_TRUST_GSEB_DPS_2026_2027_HIN_STD11_SCI,GSEB,DPS,HIN,STD11,SCI,PE,Physical Education,2026-2027,topics,16,1,1,1,"Physical Education course for Standard 11 SCI Hindi Medium in 2026-2027. Includes 10 chapter structure, term exams, final exam, completion rules and default certification.",MASTER-ALL-GRADES-ALL-SUBJECTS-STD-TEMPLATE,1,1,1,"DPS,GSEB,2026-2027,HIN,STD11,SCI,PE",TPL_STD11_12_SCIENCE,Academic Year 2026-2027
DPS-GSEB-HIN-STD11-COM-ENG-2026,Drona Public School - Gujarat Board Education - Hindi Medium - Standard 11 - COM - English - 2026-2027,DPS-GSEB-HIN-STD11-COM-ENG-26,DPS-GSEB-HIN-STD11-COM-ENG-2026,DRONA_TRUST_GSEB_DPS_2026_2027_HIN_STD11_COM,GSEB,DPS,HIN,STD11,COM,ENG,English,2026-2027,topics,16,1,1,1,"English course for Standard 11 COM Hindi Medium in 2026-2027. Includes 10 chapter structure, term exams, final exam, completion rules and default certification.",MASTER-ALL-GRADES-ALL-SUBJECTS-STD-TEMPLATE,1,1,1,"DPS,GSEB,2026-2027,HIN,STD11,COM,ENG",TPL_STD11_12_COMMERCE,Academic Year 2026-2027
DPS-GSEB-HIN-STD11-COM-ACC-2026,Drona Public School - Gujarat Board Education - Hindi Medium - Standard 11 - COM - Accountancy - 2026-2027,DPS-GSEB-HIN-STD11-COM-ACC-26,DPS-GSEB-HIN-STD11-COM-ACC-2026,DRONA_TRUST_GSEB_DPS_2026_2027_HIN_STD11_COM,GSEB,DPS,HIN,STD11,COM,ACC,Accountancy,2026-2027,topics,16,1,1,1,"Accountancy course for Standard 11 COM Hindi Medium in 2026-2027. Includes 10 chapter structure, term exams, final exam, completion rules and default certification.",MASTER-ALL-GRADES-ALL-SUBJECTS-STD-TEMPLATE,1,1,1,"DPS,GSEB,2026-2027,HIN,STD11,COM,ACC",TPL_STD11_12_COMMERCE,Academic Year 2026-2027
DPS-GSEB-HIN-STD11-COM-BA-2026,Drona Public School - Gujarat Board Education - Hindi Medium - Standard 11 - COM - Business Studies - 2026-2027,DPS-GSEB-HIN-STD11-COM-BA-26,DPS-GSEB-HIN-STD11-COM-BA-2026,DRONA_TRUST_GSEB_DPS_2026_2027_HIN_STD11_COM,GSEB,DPS,HIN,STD11,COM,BA,Business Studies,2026-2027,topics,16,1,1,1,"Business Studies course for Standard 11 COM Hindi Medium in 2026-2027. Includes 10 chapter structure, term exams, final exam, completion rules and default certification.",MASTER-ALL-GRADES-ALL-SUBJECTS-STD-TEMPLATE,1,1,1,"DPS,GSEB,2026-2027,HIN,STD11,COM,BA",TPL_STD11_12_COMMERCE,Academic Year 2026-2027
DPS-GSEB-HIN-STD11-COM-ECO-2026,Drona Public School - Gujarat Board Education - Hindi Medium - Standard 11 - COM - Economics - 2026-2027,DPS-GSEB-HIN-STD11-COM-ECO-26,DPS-GSEB-HIN-STD11-COM-ECO-2026,DRONA_TRUST_GSEB_DPS_2026_2027_HIN_STD11_COM,GSEB,DPS,HIN,STD11,COM,ECO,Economics,2026-2027,topics,16,1,1,1,"Economics course for Standard 11 COM Hindi Medium in 2026-2027. Includes 10 chapter structure, term exams, final exam, completion rules and default certification.",MASTER-ALL-GRADES-ALL-SUBJECTS-STD-TEMPLATE,1,1,1,"DPS,GSEB,2026-2027,HIN,STD11,COM,ECO",TPL_STD11_12_COMMERCE,Academic Year 2026-2027
DPS-GSEB-HIN-STD11-COM-STAT-2026,Drona Public School - Gujarat Board Education - Hindi Medium - Standard 11 - COM - Statistics - 2026-2027,DPS-GSEB-HIN-STD11-COM-STAT-26,DPS-GSEB-HIN-STD11-COM-STAT-2026,DRONA_TRUST_GSEB_DPS_2026_2027_HIN_STD11_COM,GSEB,DPS,HIN,STD11,COM,STAT,Statistics,2026-2027,topics,16,1,1,1,"Statistics course for Standard 11 COM Hindi Medium in 2026-2027. Includes 10 chapter structure, term exams, final exam, completion rules and default certification.",MASTER-ALL-GRADES-ALL-SUBJECTS-STD-TEMPLATE,1,1,1,"DPS,GSEB,2026-2027,HIN,STD11,COM,STAT",TPL_STD11_12_COMMERCE,Academic Year 2026-2027
DPS-GSEB-HIN-STD11-COM-CS-2026,Drona Public School - Gujarat Board Education - Hindi Medium - Standard 11 - COM - Computer Studies - 2026-2027,DPS-GSEB-HIN-STD11-COM-CS-26,DPS-GSEB-HIN-STD11-COM-CS-2026,DRONA_TRUST_GSEB_DPS_2026_2027_HIN_STD11_COM,GSEB,DPS,HIN,STD11,COM,CS,Computer Studies,2026-2027,topics,16,1,1,1,"Computer Studies course for Standard 11 COM Hindi Medium in 2026-2027. Includes 10 chapter structure, term exams, final exam, completion rules and default certification.",MASTER-ALL-GRADES-ALL-SUBJECTS-STD-TEMPLATE,1,1,1,"DPS,GSEB,2026-2027,HIN,STD11,COM,CS",TPL_STD11_12_COMMERCE,Academic Year 2026-2027
DPS-GSEB-HIN-STD11-COM-PE-2026,Drona Public School - Gujarat Board Education - Hindi Medium - Standard 11 - COM - Physical Education - 2026-2027,DPS-GSEB-HIN-STD11-COM-PE-26,DPS-GSEB-HIN-STD11-COM-PE-2026,DRONA_TRUST_GSEB_DPS_2026_2027_HIN_STD11_COM,GSEB,DPS,HIN,STD11,COM,PE,Physical Education,2026-2027,topics,16,1,1,1,"Physical Education course for Standard 11 COM Hindi Medium in 2026-2027. Includes 10 chapter structure, term exams, final exam, completion rules and default certification.",MASTER-ALL-GRADES-ALL-SUBJECTS-STD-TEMPLATE,1,1,1,"DPS,GSEB,2026-2027,HIN,STD11,COM,PE",TPL_STD11_12_COMMERCE,Academic Year 2026-2027
DPS-GSEB-HIN-STD11-ARTS-ENG-2026,Drona Public School - Gujarat Board Education - Hindi Medium - Standard 11 - ARTS - English - 2026-2027,DPS-GSEB-HIN-STD11-ARTS-ENG-26,DPS-GSEB-HIN-STD11-ARTS-ENG-2026,DRONA_TRUST_GSEB_DPS_2026_2027_HIN_STD11_ARTS,GSEB,DPS,HIN,STD11,ARTS,ENG,English,2026-2027,topics,16,1,1,1,"English course for Standard 11 ARTS Hindi Medium in 2026-2027. Includes 10 chapter structure, term exams, final exam, completion rules and default certification.",MASTER-ALL-GRADES-ALL-SUBJECTS-STD-TEMPLATE,1,1,1,"DPS,GSEB,2026-2027,HIN,STD11,ARTS,ENG",TPL_STD11_12_ARTS,Academic Year 2026-2027
DPS-GSEB-HIN-STD11-ARTS-HIST-2026,Drona Public School - Gujarat Board Education - Hindi Medium - Standard 11 - ARTS - History - 2026-2027,DPS-GSEB-HIN-STD11-ARTS-HIST-26,DPS-GSEB-HIN-STD11-ARTS-HIST-2026,DRONA_TRUST_GSEB_DPS_2026_2027_HIN_STD11_ARTS,GSEB,DPS,HIN,STD11,ARTS,HIST,History,2026-2027,topics,16,1,1,1,"History course for Standard 11 ARTS Hindi Medium in 2026-2027. Includes 10 chapter structure, term exams, final exam, completion rules and default certification.",MASTER-ALL-GRADES-ALL-SUBJECTS-STD-TEMPLATE,1,1,1,"DPS,GSEB,2026-2027,HIN,STD11,ARTS,HIST",TPL_STD11_12_ARTS,Academic Year 2026-2027
DPS-GSEB-HIN-STD11-ARTS-GEO-2026,Drona Public School - Gujarat Board Education - Hindi Medium - Standard 11 - ARTS - Geography - 2026-2027,DPS-GSEB-HIN-STD11-ARTS-GEO-26,DPS-GSEB-HIN-STD11-ARTS-GEO-2026,DRONA_TRUST_GSEB_DPS_2026_2027_HIN_STD11_ARTS,GSEB,DPS,HIN,STD11,ARTS,GEO,Geography,2026-2027,topics,16,1,1,1,"Geography course for Standard 11 ARTS Hindi Medium in 2026-2027. Includes 10 chapter structure, term exams, final exam, completion rules and default certification.",MASTER-ALL-GRADES-ALL-SUBJECTS-STD-TEMPLATE,1,1,1,"DPS,GSEB,2026-2027,HIN,STD11,ARTS,GEO",TPL_STD11_12_ARTS,Academic Year 2026-2027
DPS-GSEB-HIN-STD11-ARTS-POLSCI-2026,Drona Public School - Gujarat Board Education - Hindi Medium - Standard 11 - ARTS - Political Science - 2026-2027,DPS-GSEB-HIN-STD11-ARTS-POLSCI-26,DPS-GSEB-HIN-STD11-ARTS-POLSCI-2026,DRONA_TRUST_GSEB_DPS_2026_2027_HIN_STD11_ARTS,GSEB,DPS,HIN,STD11,ARTS,POLSCI,Political Science,2026-2027,topics,16,1,1,1,"Political Science course for Standard 11 ARTS Hindi Medium in 2026-2027. Includes 10 chapter structure, term exams, final exam, completion rules and default certification.",MASTER-ALL-GRADES-ALL-SUBJECTS-STD-TEMPLATE,1,1,1,"DPS,GSEB,2026-2027,HIN,STD11,ARTS,POLSCI",TPL_STD11_12_ARTS,Academic Year 2026-2027
DPS-GSEB-HIN-STD11-ARTS-PSY-2026,Drona Public School - Gujarat Board Education - Hindi Medium - Standard 11 - ARTS - Psychology - 2026-2027,DPS-GSEB-HIN-STD11-ARTS-PSY-26,DPS-GSEB-HIN-STD11-ARTS-PSY-2026,DRONA_TRUST_GSEB_DPS_2026_2027_HIN_STD11_ARTS,GSEB,DPS,HIN,STD11,ARTS,PSY,Psychology,2026-2027,topics,16,1,1,1,"Psychology course for Standard 11 ARTS Hindi Medium in 2026-2027. Includes 10 chapter structure, term exams, final exam, completion rules and default certification.",MASTER-ALL-GRADES-ALL-SUBJECTS-STD-TEMPLATE,1,1,1,"DPS,GSEB,2026-2027,HIN,STD11,ARTS,PSY",TPL_STD11_12_ARTS,Academic Year 2026-2027
DPS-GSEB-HIN-STD11-ARTS-SOC-2026,Drona Public School - Gujarat Board Education - Hindi Medium - Standard 11 - ARTS - Sociology - 2026-2027,DPS-GSEB-HIN-STD11-ARTS-SOC-26,DPS-GSEB-HIN-STD11-ARTS-SOC-2026,DRONA_TRUST_GSEB_DPS_2026_2027_HIN_STD11_ARTS,GSEB,DPS,HIN,STD11,ARTS,SOC,Sociology,2026-2027,topics,16,1,1,1,"Sociology course for Standard 11 ARTS Hindi Medium in 2026-2027. Includes 10 chapter structure, term exams, final exam, completion rules and default certification.",MASTER-ALL-GRADES-ALL-SUBJECTS-STD-TEMPLATE,1,1,1,"DPS,GSEB,2026-2027,HIN,STD11,ARTS,SOC",TPL_STD11_12_ARTS,Academic Year 2026-2027
DPS-GSEB-HIN-STD11-ARTS-PE-2026,Drona Public School - Gujarat Board Education - Hindi Medium - Standard 11 - ARTS - Physical Education - 2026-2027,DPS-GSEB-HIN-STD11-ARTS-PE-26,DPS-GSEB-HIN-STD11-ARTS-PE-2026,DRONA_TRUST_GSEB_DPS_2026_2027_HIN_STD11_ARTS,GSEB,DPS,HIN,STD11,ARTS,PE,Physical Education,2026-2027,topics,16,1,1,1,"Physical Education course for Standard 11 ARTS Hindi Medium in 2026-2027. Includes 10 chapter structure, term exams, final exam, completion rules and default certification.",MASTER-ALL-GRADES-ALL-SUBJECTS-STD-TEMPLATE,1,1,1,"DPS,GSEB,2026-2027,HIN,STD11,ARTS,PE",TPL_STD11_12_ARTS,Academic Year 2026-2027
DPS-GSEB-HIN-STD12-SCI-ENG-2026,Drona Public School - Gujarat Board Education - Hindi Medium - Standard 12 - SCI - English - 2026-2027,DPS-GSEB-HIN-STD12-SCI-ENG-26,DPS-GSEB-HIN-STD12-SCI-ENG-2026,DRONA_TRUST_GSEB_DPS_2026_2027_HIN_STD12_SCI,GSEB,DPS,HIN,STD12,SCI,ENG,English,2026-2027,topics,16,1,1,1,"English course for Standard 12 SCI Hindi Medium in 2026-2027. Includes 10 chapter structure, term exams, final exam, completion rules and default certification.",MASTER-ALL-GRADES-ALL-SUBJECTS-STD-TEMPLATE,1,1,1,"DPS,GSEB,2026-2027,HIN,STD12,SCI,ENG",TPL_STD11_12_SCIENCE,Academic Year 2026-2027
DPS-GSEB-HIN-STD12-SCI-PHY-2026,Drona Public School - Gujarat Board Education - Hindi Medium - Standard 12 - SCI - Physics - 2026-2027,DPS-GSEB-HIN-STD12-SCI-PHY-26,DPS-GSEB-HIN-STD12-SCI-PHY-2026,DRONA_TRUST_GSEB_DPS_2026_2027_HIN_STD12_SCI,GSEB,DPS,HIN,STD12,SCI,PHY,Physics,2026-2027,topics,16,1,1,1,"Physics course for Standard 12 SCI Hindi Medium in 2026-2027. Includes 10 chapter structure, term exams, final exam, completion rules and default certification.",MASTER-ALL-GRADES-ALL-SUBJECTS-STD-TEMPLATE,1,1,1,"DPS,GSEB,2026-2027,HIN,STD12,SCI,PHY",TPL_STD11_12_SCIENCE,Academic Year 2026-2027
DPS-GSEB-HIN-STD12-SCI-CHEM-2026,Drona Public School - Gujarat Board Education - Hindi Medium - Standard 12 - SCI - Chemistry - 2026-2027,DPS-GSEB-HIN-STD12-SCI-CHEM-26,DPS-GSEB-HIN-STD12-SCI-CHEM-2026,DRONA_TRUST_GSEB_DPS_2026_2027_HIN_STD12_SCI,GSEB,DPS,HIN,STD12,SCI,CHEM,Chemistry,2026-2027,topics,16,1,1,1,"Chemistry course for Standard 12 SCI Hindi Medium in 2026-2027. Includes 10 chapter structure, term exams, final exam, completion rules and default certification.",MASTER-ALL-GRADES-ALL-SUBJECTS-STD-TEMPLATE,1,1,1,"DPS,GSEB,2026-2027,HIN,STD12,SCI,CHEM",TPL_STD11_12_SCIENCE,Academic Year 2026-2027
DPS-GSEB-HIN-STD12-SCI-BIO-2026,Drona Public School - Gujarat Board Education - Hindi Medium - Standard 12 - SCI - Biology - 2026-2027,DPS-GSEB-HIN-STD12-SCI-BIO-26,DPS-GSEB-HIN-STD12-SCI-BIO-2026,DRONA_TRUST_GSEB_DPS_2026_2027_HIN_STD12_SCI,GSEB,DPS,HIN,STD12,SCI,BIO,Biology,2026-2027,topics,16,1,1,1,"Biology course for Standard 12 SCI Hindi Medium in 2026-2027. Includes 10 chapter structure, term exams, final exam, completion rules and default certification.",MASTER-ALL-GRADES-ALL-SUBJECTS-STD-TEMPLATE,1,1,1,"DPS,GSEB,2026-2027,HIN,STD12,SCI,BIO",TPL_STD11_12_SCIENCE,Academic Year 2026-2027
DPS-GSEB-HIN-STD12-SCI-MATH-2026,Drona Public School - Gujarat Board Education - Hindi Medium - Standard 12 - SCI - Mathematics - 2026-2027,DPS-GSEB-HIN-STD12-SCI-MATH-26,DPS-GSEB-HIN-STD12-SCI-MATH-2026,DRONA_TRUST_GSEB_DPS_2026_2027_HIN_STD12_SCI,GSEB,DPS,HIN,STD12,SCI,MATH,Mathematics,2026-2027,topics,16,1,1,1,"Mathematics course for Standard 12 SCI Hindi Medium in 2026-2027. Includes 10 chapter structure, term exams, final exam, completion rules and default certification.",MASTER-ALL-GRADES-ALL-SUBJECTS-STD-TEMPLATE,1,1,1,"DPS,GSEB,2026-2027,HIN,STD12,SCI,MATH",TPL_STD11_12_SCIENCE,Academic Year 2026-2027
DPS-GSEB-HIN-STD12-SCI-CS-2026,Drona Public School - Gujarat Board Education - Hindi Medium - Standard 12 - SCI - Computer Studies - 2026-2027,DPS-GSEB-HIN-STD12-SCI-CS-26,DPS-GSEB-HIN-STD12-SCI-CS-2026,DRONA_TRUST_GSEB_DPS_2026_2027_HIN_STD12_SCI,GSEB,DPS,HIN,STD12,SCI,CS,Computer Studies,2026-2027,topics,16,1,1,1,"Computer Studies course for Standard 12 SCI Hindi Medium in 2026-2027. Includes 10 chapter structure, term exams, final exam, completion rules and default certification.",MASTER-ALL-GRADES-ALL-SUBJECTS-STD-TEMPLATE,1,1,1,"DPS,GSEB,2026-2027,HIN,STD12,SCI,CS",TPL_STD11_12_SCIENCE,Academic Year 2026-2027
DPS-GSEB-HIN-STD12-SCI-PE-2026,Drona Public School - Gujarat Board Education - Hindi Medium - Standard 12 - SCI - Physical Education - 2026-2027,DPS-GSEB-HIN-STD12-SCI-PE-26,DPS-GSEB-HIN-STD12-SCI-PE-2026,DRONA_TRUST_GSEB_DPS_2026_2027_HIN_STD12_SCI,GSEB,DPS,HIN,STD12,SCI,PE,Physical Education,2026-2027,topics,16,1,1,1,"Physical Education course for Standard 12 SCI Hindi Medium in 2026-2027. Includes 10 chapter structure, term exams, final exam, completion rules and default certification.",MASTER-ALL-GRADES-ALL-SUBJECTS-STD-TEMPLATE,1,1,1,"DPS,GSEB,2026-2027,HIN,STD12,SCI,PE",TPL_STD11_12_SCIENCE,Academic Year 2026-2027
DPS-GSEB-HIN-STD12-COM-ENG-2026,Drona Public School - Gujarat Board Education - Hindi Medium - Standard 12 - COM - English - 2026-2027,DPS-GSEB-HIN-STD12-COM-ENG-26,DPS-GSEB-HIN-STD12-COM-ENG-2026,DRONA_TRUST_GSEB_DPS_2026_2027_HIN_STD12_COM,GSEB,DPS,HIN,STD12,COM,ENG,English,2026-2027,topics,16,1,1,1,"English course for Standard 12 COM Hindi Medium in 2026-2027. Includes 10 chapter structure, term exams, final exam, completion rules and default certification.",MASTER-ALL-GRADES-ALL-SUBJECTS-STD-TEMPLATE,1,1,1,"DPS,GSEB,2026-2027,HIN,STD12,COM,ENG",TPL_STD11_12_COMMERCE,Academic Year 2026-2027
DPS-GSEB-HIN-STD12-COM-ACC-2026,Drona Public School - Gujarat Board Education - Hindi Medium - Standard 12 - COM - Accountancy - 2026-2027,DPS-GSEB-HIN-STD12-COM-ACC-26,DPS-GSEB-HIN-STD12-COM-ACC-2026,DRONA_TRUST_GSEB_DPS_2026_2027_HIN_STD12_COM,GSEB,DPS,HIN,STD12,COM,ACC,Accountancy,2026-2027,topics,16,1,1,1,"Accountancy course for Standard 12 COM Hindi Medium in 2026-2027. Includes 10 chapter structure, term exams, final exam, completion rules and default certification.",MASTER-ALL-GRADES-ALL-SUBJECTS-STD-TEMPLATE,1,1,1,"DPS,GSEB,2026-2027,HIN,STD12,COM,ACC",TPL_STD11_12_COMMERCE,Academic Year 2026-2027
DPS-GSEB-HIN-STD12-COM-BA-2026,Drona Public School - Gujarat Board Education - Hindi Medium - Standard 12 - COM - Business Studies - 2026-2027,DPS-GSEB-HIN-STD12-COM-BA-26,DPS-GSEB-HIN-STD12-COM-BA-2026,DRONA_TRUST_GSEB_DPS_2026_2027_HIN_STD12_COM,GSEB,DPS,HIN,STD12,COM,BA,Business Studies,2026-2027,topics,16,1,1,1,"Business Studies course for Standard 12 COM Hindi Medium in 2026-2027. Includes 10 chapter structure, term exams, final exam, completion rules and default certification.",MASTER-ALL-GRADES-ALL-SUBJECTS-STD-TEMPLATE,1,1,1,"DPS,GSEB,2026-2027,HIN,STD12,COM,BA",TPL_STD11_12_COMMERCE,Academic Year 2026-2027
DPS-GSEB-HIN-STD12-COM-ECO-2026,Drona Public School - Gujarat Board Education - Hindi Medium - Standard 12 - COM - Economics - 2026-2027,DPS-GSEB-HIN-STD12-COM-ECO-26,DPS-GSEB-HIN-STD12-COM-ECO-2026,DRONA_TRUST_GSEB_DPS_2026_2027_HIN_STD12_COM,GSEB,DPS,HIN,STD12,COM,ECO,Economics,2026-2027,topics,16,1,1,1,"Economics course for Standard 12 COM Hindi Medium in 2026-2027. Includes 10 chapter structure, term exams, final exam, completion rules and default certification.",MASTER-ALL-GRADES-ALL-SUBJECTS-STD-TEMPLATE,1,1,1,"DPS,GSEB,2026-2027,HIN,STD12,COM,ECO",TPL_STD11_12_COMMERCE,Academic Year 2026-2027
DPS-GSEB-HIN-STD12-COM-STAT-2026,Drona Public School - Gujarat Board Education - Hindi Medium - Standard 12 - COM - Statistics - 2026-2027,DPS-GSEB-HIN-STD12-COM-STAT-26,DPS-GSEB-HIN-STD12-COM-STAT-2026,DRONA_TRUST_GSEB_DPS_2026_2027_HIN_STD12_COM,GSEB,DPS,HIN,STD12,COM,STAT,Statistics,2026-2027,topics,16,1,1,1,"Statistics course for Standard 12 COM Hindi Medium in 2026-2027. Includes 10 chapter structure, term exams, final exam, completion rules and default certification.",MASTER-ALL-GRADES-ALL-SUBJECTS-STD-TEMPLATE,1,1,1,"DPS,GSEB,2026-2027,HIN,STD12,COM,STAT",TPL_STD11_12_COMMERCE,Academic Year 2026-2027
DPS-GSEB-HIN-STD12-COM-CS-2026,Drona Public School - Gujarat Board Education - Hindi Medium - Standard 12 - COM - Computer Studies - 2026-2027,DPS-GSEB-HIN-STD12-COM-CS-26,DPS-GSEB-HIN-STD12-COM-CS-2026,DRONA_TRUST_GSEB_DPS_2026_2027_HIN_STD12_COM,GSEB,DPS,HIN,STD12,COM,CS,Computer Studies,2026-2027,topics,16,1,1,1,"Computer Studies course for Standard 12 COM Hindi Medium in 2026-2027. Includes 10 chapter structure, term exams, final exam, completion rules and default certification.",MASTER-ALL-GRADES-ALL-SUBJECTS-STD-TEMPLATE,1,1,1,"DPS,GSEB,2026-2027,HIN,STD12,COM,CS",TPL_STD11_12_COMMERCE,Academic Year 2026-2027
DPS-GSEB-HIN-STD12-COM-PE-2026,Drona Public School - Gujarat Board Education - Hindi Medium - Standard 12 - COM - Physical Education - 2026-2027,DPS-GSEB-HIN-STD12-COM-PE-26,DPS-GSEB-HIN-STD12-COM-PE-2026,DRONA_TRUST_GSEB_DPS_2026_2027_HIN_STD12_COM,GSEB,DPS,HIN,STD12,COM,PE,Physical Education,2026-2027,topics,16,1,1,1,"Physical Education course for Standard 12 COM Hindi Medium in 2026-2027. Includes 10 chapter structure, term exams, final exam, completion rules and default certification.",MASTER-ALL-GRADES-ALL-SUBJECTS-STD-TEMPLATE,1,1,1,"DPS,GSEB,2026-2027,HIN,STD12,COM,PE",TPL_STD11_12_COMMERCE,Academic Year 2026-2027
DPS-GSEB-HIN-STD12-ARTS-ENG-2026,Drona Public School - Gujarat Board Education - Hindi Medium - Standard 12 - ARTS - English - 2026-2027,DPS-GSEB-HIN-STD12-ARTS-ENG-26,DPS-GSEB-HIN-STD12-ARTS-ENG-2026,DRONA_TRUST_GSEB_DPS_2026_2027_HIN_STD12_ARTS,GSEB,DPS,HIN,STD12,ARTS,ENG,English,2026-2027,topics,16,1,1,1,"English course for Standard 12 ARTS Hindi Medium in 2026-2027. Includes 10 chapter structure, term exams, final exam, completion rules and default certification.",MASTER-ALL-GRADES-ALL-SUBJECTS-STD-TEMPLATE,1,1,1,"DPS,GSEB,2026-2027,HIN,STD12,ARTS,ENG",TPL_STD11_12_ARTS,Academic Year 2026-2027
DPS-GSEB-HIN-STD12-ARTS-HIST-2026,Drona Public School - Gujarat Board Education - Hindi Medium - Standard 12 - ARTS - History - 2026-2027,DPS-GSEB-HIN-STD12-ARTS-HIST-26,DPS-GSEB-HIN-STD12-ARTS-HIST-2026,DRONA_TRUST_GSEB_DPS_2026_2027_HIN_STD12_ARTS,GSEB,DPS,HIN,STD12,ARTS,HIST,History,2026-2027,topics,16,1,1,1,"History course for Standard 12 ARTS Hindi Medium in 2026-2027. Includes 10 chapter structure, term exams, final exam, completion rules and default certification.",MASTER-ALL-GRADES-ALL-SUBJECTS-STD-TEMPLATE,1,1,1,"DPS,GSEB,2026-2027,HIN,STD12,ARTS,HIST",TPL_STD11_12_ARTS,Academic Year 2026-2027
DPS-GSEB-HIN-STD12-ARTS-GEO-2026,Drona Public School - Gujarat Board Education - Hindi Medium - Standard 12 - ARTS - Geography - 2026-2027,DPS-GSEB-HIN-STD12-ARTS-GEO-26,DPS-GSEB-HIN-STD12-ARTS-GEO-2026,DRONA_TRUST_GSEB_DPS_2026_2027_HIN_STD12_ARTS,GSEB,DPS,HIN,STD12,ARTS,GEO,Geography,2026-2027,topics,16,1,1,1,"Geography course for Standard 12 ARTS Hindi Medium in 2026-2027. Includes 10 chapter structure, term exams, final exam, completion rules and default certification.",MASTER-ALL-GRADES-ALL-SUBJECTS-STD-TEMPLATE,1,1,1,"DPS,GSEB,2026-2027,HIN,STD12,ARTS,GEO",TPL_STD11_12_ARTS,Academic Year 2026-2027
DPS-GSEB-HIN-STD12-ARTS-POLSCI-2026,Drona Public School - Gujarat Board Education - Hindi Medium - Standard 12 - ARTS - Political Science - 2026-2027,DPS-GSEB-HIN-STD12-ARTS-POLSCI-26,DPS-GSEB-HIN-STD12-ARTS-POLSCI-2026,DRONA_TRUST_GSEB_DPS_2026_2027_HIN_STD12_ARTS,GSEB,DPS,HIN,STD12,ARTS,POLSCI,Political Science,2026-2027,topics,16,1,1,1,"Political Science course for Standard 12 ARTS Hindi Medium in 2026-2027. Includes 10 chapter structure, term exams, final exam, completion rules and default certification.",MASTER-ALL-GRADES-ALL-SUBJECTS-STD-TEMPLATE,1,1,1,"DPS,GSEB,2026-2027,HIN,STD12,ARTS,POLSCI",TPL_STD11_12_ARTS,Academic Year 2026-2027
DPS-GSEB-HIN-STD12-ARTS-PSY-2026,Drona Public School - Gujarat Board Education - Hindi Medium - Standard 12 - ARTS - Psychology - 2026-2027,DPS-GSEB-HIN-STD12-ARTS-PSY-26,DPS-GSEB-HIN-STD12-ARTS-PSY-2026,DRONA_TRUST_GSEB_DPS_2026_2027_HIN_STD12_ARTS,GSEB,DPS,HIN,STD12,ARTS,PSY,Psychology,2026-2027,topics,16,1,1,1,"Psychology course for Standard 12 ARTS Hindi Medium in 2026-2027. Includes 10 chapter structure, term exams, final exam, completion rules and default certification.",MASTER-ALL-GRADES-ALL-SUBJECTS-STD-TEMPLATE,1,1,1,"DPS,GSEB,2026-2027,HIN,STD12,ARTS,PSY",TPL_STD11_12_ARTS,Academic Year 2026-2027
DPS-GSEB-HIN-STD12-ARTS-SOC-2026,Drona Public School - Gujarat Board Education - Hindi Medium - Standard 12 - ARTS - Sociology - 2026-2027,DPS-GSEB-HIN-STD12-ARTS-SOC-26,DPS-GSEB-HIN-STD12-ARTS-SOC-2026,DRONA_TRUST_GSEB_DPS_2026_2027_HIN_STD12_ARTS,GSEB,DPS,HIN,STD12,ARTS,SOC,Sociology,2026-2027,topics,16,1,1,1,"Sociology course for Standard 12 ARTS Hindi Medium in 2026-2027. Includes 10 chapter structure, term exams, final exam, completion rules and default certification.",MASTER-ALL-GRADES-ALL-SUBJECTS-STD-TEMPLATE,1,1,1,"DPS,GSEB,2026-2027,HIN,STD12,ARTS,SOC",TPL_STD11_12_ARTS,Academic Year 2026-2027
DPS-GSEB-HIN-STD12-ARTS-PE-2026,Drona Public School - Gujarat Board Education - Hindi Medium - Standard 12 - ARTS - Physical Education - 2026-2027,DPS-GSEB-HIN-STD12-ARTS-PE-26,DPS-GSEB-HIN-STD12-ARTS-PE-2026,DRONA_TRUST_GSEB_DPS_2026_2027_HIN_STD12_ARTS,GSEB,DPS,HIN,STD12,ARTS,PE,Physical Education,2026-2027,topics,16,1,1,1,"Physical Education course for Standard 12 ARTS Hindi Medium in 2026-2027. Includes 10 chapter structure, term exams, final exam, completion rules and default certification.",MASTER-ALL-GRADES-ALL-SUBJECTS-STD-TEMPLATE,1,1,1,"DPS,GSEB,2026-2027,HIN,STD12,ARTS,PE",TPL_STD11_12_ARTS,Academic Year 2026-2027
