board_code,medium_code,grade_code,stream_code,subject_code,subject_name,subject_category,is_compulsory,is_elective,display_order,source_note
GGOV,GUJ,NUR,GEN,FLIT,Foundational Literacy,Foundation,0,1,1,Baseline Indian school subject matrix; verify board-specific electives before production.
GGOV,GUJ,NUR,GEN,FNUM,Foundational Numeracy,Foundation,0,1,2,Baseline Indian school subject matrix; verify board-specific electives before production.
GGOV,GUJ,NUR,GEN,RHYM,Rhymes and Stories,Foundation,0,1,3,Baseline Indian school subject matrix; verify board-specific electives before production.
GGOV,GUJ,NUR,GEN,PLAY,Play and Activity,Foundation,0,1,4,Baseline Indian school subject matrix; verify board-specific electives before production.
GGOV,GUJ,NUR,GEN,ARTC,Art and Craft,Co-curricular,0,1,5,Baseline Indian school subject matrix; verify board-specific electives before production.
GGOV,GUJ,NUR,GEN,HEALTH,Health and Hygiene,Co-curricular,0,1,6,Baseline Indian school subject matrix; verify board-specific electives before production.
GGOV,GUJ,LKG,GEN,FLIT,Foundational Literacy,Foundation,0,1,1,Baseline Indian school subject matrix; verify board-specific electives before production.
GGOV,GUJ,LKG,GEN,FNUM,Foundational Numeracy,Foundation,0,1,2,Baseline Indian school subject matrix; verify board-specific electives before production.
GGOV,GUJ,LKG,GEN,RHYM,Rhymes and Stories,Foundation,0,1,3,Baseline Indian school subject matrix; verify board-specific electives before production.
GGOV,GUJ,LKG,GEN,PLAY,Play and Activity,Foundation,0,1,4,Baseline Indian school subject matrix; verify board-specific electives before production.
GGOV,GUJ,LKG,GEN,ARTC,Art and Craft,Co-curricular,0,1,5,Baseline Indian school subject matrix; verify board-specific electives before production.
GGOV,GUJ,LKG,GEN,HEALTH,Health and Hygiene,Co-curricular,0,1,6,Baseline Indian school subject matrix; verify board-specific electives before production.
GGOV,GUJ,UKG,GEN,FLIT,Foundational Literacy,Foundation,0,1,1,Baseline Indian school subject matrix; verify board-specific electives before production.
GGOV,GUJ,UKG,GEN,FNUM,Foundational Numeracy,Foundation,0,1,2,Baseline Indian school subject matrix; verify board-specific electives before production.
GGOV,GUJ,UKG,GEN,RHYM,Rhymes and Stories,Foundation,0,1,3,Baseline Indian school subject matrix; verify board-specific electives before production.
GGOV,GUJ,UKG,GEN,PLAY,Play and Activity,Foundation,0,1,4,Baseline Indian school subject matrix; verify board-specific electives before production.
GGOV,GUJ,UKG,GEN,ARTC,Art and Craft,Co-curricular,0,1,5,Baseline Indian school subject matrix; verify board-specific electives before production.
GGOV,GUJ,UKG,GEN,HEALTH,Health and Hygiene,Co-curricular,0,1,6,Baseline Indian school subject matrix; verify board-specific electives before production.
GGOV,GUJ,BAL,GEN,FLIT,Foundational Literacy,Foundation,0,1,1,Baseline Indian school subject matrix; verify board-specific electives before production.
GGOV,GUJ,BAL,GEN,FNUM,Foundational Numeracy,Foundation,0,1,2,Baseline Indian school subject matrix; verify board-specific electives before production.
GGOV,GUJ,BAL,GEN,RHYM,Rhymes and Stories,Foundation,0,1,3,Baseline Indian school subject matrix; verify board-specific electives before production.
GGOV,GUJ,BAL,GEN,PLAY,Play and Activity,Foundation,0,1,4,Baseline Indian school subject matrix; verify board-specific electives before production.
GGOV,GUJ,BAL,GEN,ARTC,Art and Craft,Co-curricular,0,1,5,Baseline Indian school subject matrix; verify board-specific electives before production.
GGOV,GUJ,BAL,GEN,HEALTH,Health and Hygiene,Co-curricular,0,1,6,Baseline Indian school subject matrix; verify board-specific electives before production.
GGOV,GUJ,STD01,GEN,GUJ,Gujarati,Language,1,0,1,Baseline Indian school subject matrix; verify board-specific electives before production.
GGOV,GUJ,STD01,GEN,ENG,English,Language,1,0,2,Baseline Indian school subject matrix; verify board-specific electives before production.
GGOV,GUJ,STD01,GEN,HIN,Hindi,Language,1,0,3,Baseline Indian school subject matrix; verify board-specific electives before production.
GGOV,GUJ,STD01,GEN,MATH,Mathematics,Core,1,0,4,Baseline Indian school subject matrix; verify board-specific electives before production.
GGOV,GUJ,STD01,GEN,EVS,Environmental Studies,Core,1,0,5,Baseline Indian school subject matrix; verify board-specific electives before production.
GGOV,GUJ,STD01,GEN,ARTC,Art and Craft,Co-curricular,0,1,6,Baseline Indian school subject matrix; verify board-specific electives before production.
GGOV,GUJ,STD01,GEN,HPE,Health and Physical Education,Co-curricular,0,1,7,Baseline Indian school subject matrix; verify board-specific electives before production.
GGOV,GUJ,STD01,GEN,VALUE,Value Education / Moral Science,Co-curricular,0,1,8,Baseline Indian school subject matrix; verify board-specific electives before production.
GGOV,GUJ,STD02,GEN,GUJ,Gujarati,Language,1,0,1,Baseline Indian school subject matrix; verify board-specific electives before production.
GGOV,GUJ,STD02,GEN,ENG,English,Language,1,0,2,Baseline Indian school subject matrix; verify board-specific electives before production.
GGOV,GUJ,STD02,GEN,HIN,Hindi,Language,1,0,3,Baseline Indian school subject matrix; verify board-specific electives before production.
GGOV,GUJ,STD02,GEN,MATH,Mathematics,Core,1,0,4,Baseline Indian school subject matrix; verify board-specific electives before production.
GGOV,GUJ,STD02,GEN,EVS,Environmental Studies,Core,1,0,5,Baseline Indian school subject matrix; verify board-specific electives before production.
GGOV,GUJ,STD02,GEN,ARTC,Art and Craft,Co-curricular,0,1,6,Baseline Indian school subject matrix; verify board-specific electives before production.
GGOV,GUJ,STD02,GEN,HPE,Health and Physical Education,Co-curricular,0,1,7,Baseline Indian school subject matrix; verify board-specific electives before production.
GGOV,GUJ,STD02,GEN,VALUE,Value Education / Moral Science,Co-curricular,0,1,8,Baseline Indian school subject matrix; verify board-specific electives before production.
GGOV,GUJ,STD03,GEN,GUJ,Gujarati,Language,1,0,1,Baseline Indian school subject matrix; verify board-specific electives before production.
GGOV,GUJ,STD03,GEN,ENG,English,Language,1,0,2,Baseline Indian school subject matrix; verify board-specific electives before production.
GGOV,GUJ,STD03,GEN,HIN,Hindi,Language,1,0,3,Baseline Indian school subject matrix; verify board-specific electives before production.
GGOV,GUJ,STD03,GEN,MATH,Mathematics,Core,1,0,4,Baseline Indian school subject matrix; verify board-specific electives before production.
GGOV,GUJ,STD03,GEN,EVS,Environmental Studies,Core,1,0,5,Baseline Indian school subject matrix; verify board-specific electives before production.
GGOV,GUJ,STD03,GEN,COMP,Computer Studies,Core/Elective,0,1,6,Baseline Indian school subject matrix; verify board-specific electives before production.
GGOV,GUJ,STD03,GEN,ARTC,Art and Craft,Co-curricular,0,1,7,Baseline Indian school subject matrix; verify board-specific electives before production.
GGOV,GUJ,STD03,GEN,HPE,Health and Physical Education,Co-curricular,0,1,8,Baseline Indian school subject matrix; verify board-specific electives before production.
GGOV,GUJ,STD03,GEN,VALUE,Value Education / Moral Science,Co-curricular,0,1,9,Baseline Indian school subject matrix; verify board-specific electives before production.
GGOV,GUJ,STD04,GEN,GUJ,Gujarati,Language,1,0,1,Baseline Indian school subject matrix; verify board-specific electives before production.
GGOV,GUJ,STD04,GEN,ENG,English,Language,1,0,2,Baseline Indian school subject matrix; verify board-specific electives before production.
GGOV,GUJ,STD04,GEN,HIN,Hindi,Language,1,0,3,Baseline Indian school subject matrix; verify board-specific electives before production.
GGOV,GUJ,STD04,GEN,MATH,Mathematics,Core,1,0,4,Baseline Indian school subject matrix; verify board-specific electives before production.
GGOV,GUJ,STD04,GEN,EVS,Environmental Studies,Core,1,0,5,Baseline Indian school subject matrix; verify board-specific electives before production.
GGOV,GUJ,STD04,GEN,COMP,Computer Studies,Core/Elective,0,1,6,Baseline Indian school subject matrix; verify board-specific electives before production.
GGOV,GUJ,STD04,GEN,ARTC,Art and Craft,Co-curricular,0,1,7,Baseline Indian school subject matrix; verify board-specific electives before production.
GGOV,GUJ,STD04,GEN,HPE,Health and Physical Education,Co-curricular,0,1,8,Baseline Indian school subject matrix; verify board-specific electives before production.
GGOV,GUJ,STD04,GEN,VALUE,Value Education / Moral Science,Co-curricular,0,1,9,Baseline Indian school subject matrix; verify board-specific electives before production.
GGOV,GUJ,STD05,GEN,GUJ,Gujarati,Language,1,0,1,Baseline Indian school subject matrix; verify board-specific electives before production.
GGOV,GUJ,STD05,GEN,ENG,English,Language,1,0,2,Baseline Indian school subject matrix; verify board-specific electives before production.
GGOV,GUJ,STD05,GEN,HIN,Hindi,Language,1,0,3,Baseline Indian school subject matrix; verify board-specific electives before production.
GGOV,GUJ,STD05,GEN,MATH,Mathematics,Core,1,0,4,Baseline Indian school subject matrix; verify board-specific electives before production.
GGOV,GUJ,STD05,GEN,EVS,Environmental Studies,Core,1,0,5,Baseline Indian school subject matrix; verify board-specific electives before production.
GGOV,GUJ,STD05,GEN,COMP,Computer Studies,Core/Elective,0,1,6,Baseline Indian school subject matrix; verify board-specific electives before production.
GGOV,GUJ,STD05,GEN,ARTC,Art and Craft,Co-curricular,0,1,7,Baseline Indian school subject matrix; verify board-specific electives before production.
GGOV,GUJ,STD05,GEN,HPE,Health and Physical Education,Co-curricular,0,1,8,Baseline Indian school subject matrix; verify board-specific electives before production.
GGOV,GUJ,STD05,GEN,VALUE,Value Education / Moral Science,Co-curricular,0,1,9,Baseline Indian school subject matrix; verify board-specific electives before production.
GGOV,GUJ,STD06,GEN,GUJ,Gujarati,Language,1,0,1,Baseline Indian school subject matrix; verify board-specific electives before production.
GGOV,GUJ,STD06,GEN,ENG,English,Language,1,0,2,Baseline Indian school subject matrix; verify board-specific electives before production.
GGOV,GUJ,STD06,GEN,HIN,Hindi,Language,1,0,3,Baseline Indian school subject matrix; verify board-specific electives before production.
GGOV,GUJ,STD06,GEN,SAN,Sanskrit,Language,0,1,4,Baseline Indian school subject matrix; verify board-specific electives before production.
GGOV,GUJ,STD06,GEN,MATH,Mathematics,Core,1,0,5,Baseline Indian school subject matrix; verify board-specific electives before production.
GGOV,GUJ,STD06,GEN,SCI,Science,Core,1,0,6,Baseline Indian school subject matrix; verify board-specific electives before production.
GGOV,GUJ,STD06,GEN,SS,Social Science,Core,1,0,7,Baseline Indian school subject matrix; verify board-specific electives before production.
GGOV,GUJ,STD06,GEN,COMP,Computer Studies,Core/Elective,0,1,8,Baseline Indian school subject matrix; verify board-specific electives before production.
GGOV,GUJ,STD06,GEN,ARTEDU,Art Education,Co-curricular,0,1,9,Baseline Indian school subject matrix; verify board-specific electives before production.
GGOV,GUJ,STD06,GEN,HPE,Health and Physical Education,Co-curricular,0,1,10,Baseline Indian school subject matrix; verify board-specific electives before production.
GGOV,GUJ,STD06,GEN,VALUE,Value Education / Moral Science,Co-curricular,0,1,11,Baseline Indian school subject matrix; verify board-specific electives before production.
GGOV,GUJ,STD07,GEN,GUJ,Gujarati,Language,1,0,1,Baseline Indian school subject matrix; verify board-specific electives before production.
GGOV,GUJ,STD07,GEN,ENG,English,Language,1,0,2,Baseline Indian school subject matrix; verify board-specific electives before production.
GGOV,GUJ,STD07,GEN,HIN,Hindi,Language,1,0,3,Baseline Indian school subject matrix; verify board-specific electives before production.
GGOV,GUJ,STD07,GEN,SAN,Sanskrit,Language,0,1,4,Baseline Indian school subject matrix; verify board-specific electives before production.
GGOV,GUJ,STD07,GEN,MATH,Mathematics,Core,1,0,5,Baseline Indian school subject matrix; verify board-specific electives before production.
GGOV,GUJ,STD07,GEN,SCI,Science,Core,1,0,6,Baseline Indian school subject matrix; verify board-specific electives before production.
GGOV,GUJ,STD07,GEN,SS,Social Science,Core,1,0,7,Baseline Indian school subject matrix; verify board-specific electives before production.
GGOV,GUJ,STD07,GEN,COMP,Computer Studies,Core/Elective,0,1,8,Baseline Indian school subject matrix; verify board-specific electives before production.
GGOV,GUJ,STD07,GEN,ARTEDU,Art Education,Co-curricular,0,1,9,Baseline Indian school subject matrix; verify board-specific electives before production.
GGOV,GUJ,STD07,GEN,HPE,Health and Physical Education,Co-curricular,0,1,10,Baseline Indian school subject matrix; verify board-specific electives before production.
GGOV,GUJ,STD07,GEN,VALUE,Value Education / Moral Science,Co-curricular,0,1,11,Baseline Indian school subject matrix; verify board-specific electives before production.
GGOV,GUJ,STD08,GEN,GUJ,Gujarati,Language,1,0,1,Baseline Indian school subject matrix; verify board-specific electives before production.
GGOV,GUJ,STD08,GEN,ENG,English,Language,1,0,2,Baseline Indian school subject matrix; verify board-specific electives before production.
GGOV,GUJ,STD08,GEN,HIN,Hindi,Language,1,0,3,Baseline Indian school subject matrix; verify board-specific electives before production.
GGOV,GUJ,STD08,GEN,SAN,Sanskrit,Language,0,1,4,Baseline Indian school subject matrix; verify board-specific electives before production.
GGOV,GUJ,STD08,GEN,MATH,Mathematics,Core,1,0,5,Baseline Indian school subject matrix; verify board-specific electives before production.
GGOV,GUJ,STD08,GEN,SCI,Science,Core,1,0,6,Baseline Indian school subject matrix; verify board-specific electives before production.
GGOV,GUJ,STD08,GEN,SS,Social Science,Core,1,0,7,Baseline Indian school subject matrix; verify board-specific electives before production.
GGOV,GUJ,STD08,GEN,COMP,Computer Studies,Core/Elective,0,1,8,Baseline Indian school subject matrix; verify board-specific electives before production.
GGOV,GUJ,STD08,GEN,ARTEDU,Art Education,Co-curricular,0,1,9,Baseline Indian school subject matrix; verify board-specific electives before production.
GGOV,GUJ,STD08,GEN,HPE,Health and Physical Education,Co-curricular,0,1,10,Baseline Indian school subject matrix; verify board-specific electives before production.
GGOV,GUJ,STD08,GEN,VALUE,Value Education / Moral Science,Co-curricular,0,1,11,Baseline Indian school subject matrix; verify board-specific electives before production.
GGOV,GUJ,STD09,GEN,GUJ,Gujarati,Language,1,0,1,Baseline Indian school subject matrix; verify board-specific electives before production.
GGOV,GUJ,STD09,GEN,ENG,English,Language,1,0,2,Baseline Indian school subject matrix; verify board-specific electives before production.
GGOV,GUJ,STD09,GEN,HIN,Hindi,Language,1,0,3,Baseline Indian school subject matrix; verify board-specific electives before production.
GGOV,GUJ,STD09,GEN,SAN,Sanskrit,Language,0,1,4,Baseline Indian school subject matrix; verify board-specific electives before production.
GGOV,GUJ,STD09,GEN,MATH,Mathematics,Core,1,0,5,Baseline Indian school subject matrix; verify board-specific electives before production.
GGOV,GUJ,STD09,GEN,SCI,Science,Core,1,0,6,Baseline Indian school subject matrix; verify board-specific electives before production.
GGOV,GUJ,STD09,GEN,SS,Social Science,Core,1,0,7,Baseline Indian school subject matrix; verify board-specific electives before production.
GGOV,GUJ,STD09,GEN,COMP,Computer Studies,Core/Elective,0,1,8,Baseline Indian school subject matrix; verify board-specific electives before production.
GGOV,GUJ,STD09,GEN,AI,Artificial Intelligence,Skill/Elective,0,1,9,Baseline Indian school subject matrix; verify board-specific electives before production.
GGOV,GUJ,STD09,GEN,HPE,Health and Physical Education,Co-curricular,0,1,10,Baseline Indian school subject matrix; verify board-specific electives before production.
GGOV,GUJ,STD09,GEN,ARTEDU,Art Education,Co-curricular,0,1,11,Baseline Indian school subject matrix; verify board-specific electives before production.
GGOV,GUJ,STD09,GEN,WORKEX,Work Experience,Co-curricular,0,1,12,Baseline Indian school subject matrix; verify board-specific electives before production.
GGOV,GUJ,STD09,GEN,NCC,National Cadet Corps,Elective,0,1,13,Baseline Indian school subject matrix; verify board-specific electives before production.
GGOV,GUJ,STD09,VOC,ENG,English,Language,1,0,1,Baseline Indian school subject matrix; verify board-specific electives before production.
GGOV,GUJ,STD09,VOC,GUJ,Gujarati,Language,1,0,2,Baseline Indian school subject matrix; verify board-specific electives before production.
GGOV,GUJ,STD09,VOC,HIN,Hindi,Language,1,0,3,Baseline Indian school subject matrix; verify board-specific electives before production.
GGOV,GUJ,STD09,VOC,ITITES,Information Technology / IT-ITES,Vocational,0,1,4,Baseline Indian school subject matrix; verify board-specific electives before production.
GGOV,GUJ,STD09,VOC,RETAIL,Retail,Vocational,0,1,5,Baseline Indian school subject matrix; verify board-specific electives before production.
GGOV,GUJ,STD09,VOC,HEALTHCARE,Healthcare,Vocational,0,1,6,Baseline Indian school subject matrix; verify board-specific electives before production.
GGOV,GUJ,STD09,VOC,TOURISM,Tourism and Hospitality,Vocational,0,1,7,Baseline Indian school subject matrix; verify board-specific electives before production.
GGOV,GUJ,STD09,VOC,AGRI,Agriculture,Vocational,0,1,8,Baseline Indian school subject matrix; verify board-specific electives before production.
GGOV,GUJ,STD09,VOC,BANKING,Banking and Insurance,Vocational,0,1,9,Baseline Indian school subject matrix; verify board-specific electives before production.
GGOV,GUJ,STD09,VOC,AUTO,Automotive,Vocational,0,1,10,Baseline Indian school subject matrix; verify board-specific electives before production.
GGOV,GUJ,STD09,VOC,ELECT,Electronics and Hardware,Vocational,0,1,11,Baseline Indian school subject matrix; verify board-specific electives before production.
GGOV,GUJ,STD09,VOC,BEAUTY,Beauty and Wellness,Vocational,0,1,12,Baseline Indian school subject matrix; verify board-specific electives before production.
GGOV,GUJ,STD09,VOC,HPE,Health and Physical Education,Co-curricular,0,1,13,Baseline Indian school subject matrix; verify board-specific electives before production.
GGOV,GUJ,STD10,GEN,GUJ,Gujarati,Language,1,0,1,Baseline Indian school subject matrix; verify board-specific electives before production.
GGOV,GUJ,STD10,GEN,ENG,English,Language,1,0,2,Baseline Indian school subject matrix; verify board-specific electives before production.
GGOV,GUJ,STD10,GEN,HIN,Hindi,Language,1,0,3,Baseline Indian school subject matrix; verify board-specific electives before production.
GGOV,GUJ,STD10,GEN,SAN,Sanskrit,Language,0,1,4,Baseline Indian school subject matrix; verify board-specific electives before production.
GGOV,GUJ,STD10,GEN,MATH,Mathematics,Core,1,0,5,Baseline Indian school subject matrix; verify board-specific electives before production.
GGOV,GUJ,STD10,GEN,SCI,Science,Core,1,0,6,Baseline Indian school subject matrix; verify board-specific electives before production.
GGOV,GUJ,STD10,GEN,SS,Social Science,Core,1,0,7,Baseline Indian school subject matrix; verify board-specific electives before production.
GGOV,GUJ,STD10,GEN,COMP,Computer Studies,Core/Elective,0,1,8,Baseline Indian school subject matrix; verify board-specific electives before production.
GGOV,GUJ,STD10,GEN,AI,Artificial Intelligence,Skill/Elective,0,1,9,Baseline Indian school subject matrix; verify board-specific electives before production.
GGOV,GUJ,STD10,GEN,HPE,Health and Physical Education,Co-curricular,0,1,10,Baseline Indian school subject matrix; verify board-specific electives before production.
GGOV,GUJ,STD10,GEN,ARTEDU,Art Education,Co-curricular,0,1,11,Baseline Indian school subject matrix; verify board-specific electives before production.
GGOV,GUJ,STD10,GEN,WORKEX,Work Experience,Co-curricular,0,1,12,Baseline Indian school subject matrix; verify board-specific electives before production.
GGOV,GUJ,STD10,GEN,NCC,National Cadet Corps,Elective,0,1,13,Baseline Indian school subject matrix; verify board-specific electives before production.
GGOV,GUJ,STD10,VOC,ENG,English,Language,1,0,1,Baseline Indian school subject matrix; verify board-specific electives before production.
GGOV,GUJ,STD10,VOC,GUJ,Gujarati,Language,1,0,2,Baseline Indian school subject matrix; verify board-specific electives before production.
GGOV,GUJ,STD10,VOC,HIN,Hindi,Language,1,0,3,Baseline Indian school subject matrix; verify board-specific electives before production.
GGOV,GUJ,STD10,VOC,ITITES,Information Technology / IT-ITES,Vocational,0,1,4,Baseline Indian school subject matrix; verify board-specific electives before production.
GGOV,GUJ,STD10,VOC,RETAIL,Retail,Vocational,0,1,5,Baseline Indian school subject matrix; verify board-specific electives before production.
GGOV,GUJ,STD10,VOC,HEALTHCARE,Healthcare,Vocational,0,1,6,Baseline Indian school subject matrix; verify board-specific electives before production.
GGOV,GUJ,STD10,VOC,TOURISM,Tourism and Hospitality,Vocational,0,1,7,Baseline Indian school subject matrix; verify board-specific electives before production.
GGOV,GUJ,STD10,VOC,AGRI,Agriculture,Vocational,0,1,8,Baseline Indian school subject matrix; verify board-specific electives before production.
GGOV,GUJ,STD10,VOC,BANKING,Banking and Insurance,Vocational,0,1,9,Baseline Indian school subject matrix; verify board-specific electives before production.
GGOV,GUJ,STD10,VOC,AUTO,Automotive,Vocational,0,1,10,Baseline Indian school subject matrix; verify board-specific electives before production.
GGOV,GUJ,STD10,VOC,ELECT,Electronics and Hardware,Vocational,0,1,11,Baseline Indian school subject matrix; verify board-specific electives before production.
GGOV,GUJ,STD10,VOC,BEAUTY,Beauty and Wellness,Vocational,0,1,12,Baseline Indian school subject matrix; verify board-specific electives before production.
GGOV,GUJ,STD10,VOC,HPE,Health and Physical Education,Co-curricular,0,1,13,Baseline Indian school subject matrix; verify board-specific electives before production.
GGOV,GUJ,STD11,SCI,ENG,English,Language,1,0,1,Baseline Indian school subject matrix; verify board-specific electives before production.
GGOV,GUJ,STD11,SCI,GUJ,Gujarati,Language,1,0,2,Baseline Indian school subject matrix; verify board-specific electives before production.
GGOV,GUJ,STD11,SCI,HIN,Hindi,Language,1,0,3,Baseline Indian school subject matrix; verify board-specific electives before production.
GGOV,GUJ,STD11,SCI,PHY,Physics,Science,1,0,4,Baseline Indian school subject matrix; verify board-specific electives before production.
GGOV,GUJ,STD11,SCI,CHEM,Chemistry,Science,1,0,5,Baseline Indian school subject matrix; verify board-specific electives before production.
GGOV,GUJ,STD11,SCI,BIO,Biology,Science,0,1,6,Baseline Indian school subject matrix; verify board-specific electives before production.
GGOV,GUJ,STD11,SCI,MATH,Mathematics,Core,1,0,7,Baseline Indian school subject matrix; verify board-specific electives before production.
GGOV,GUJ,STD11,SCI,AMATH,Applied Mathematics,Core/Elective,0,1,8,Baseline Indian school subject matrix; verify board-specific electives before production.
GGOV,GUJ,STD11,SCI,CS,Computer Science,Science/Elective,0,1,9,Baseline Indian school subject matrix; verify board-specific electives before production.
GGOV,GUJ,STD11,SCI,IP,Informatics Practices,Science/Commerce/Elective,0,1,10,Baseline Indian school subject matrix; verify board-specific electives before production.
GGOV,GUJ,STD11,SCI,BIOTECH,Biotechnology,Science/Elective,0,1,11,Baseline Indian school subject matrix; verify board-specific electives before production.
GGOV,GUJ,STD11,SCI,ENGGFX,Engineering Graphics,Science/Elective,0,1,12,Baseline Indian school subject matrix; verify board-specific electives before production.
GGOV,GUJ,STD11,SCI,HPE,Health and Physical Education,Co-curricular,0,1,13,Baseline Indian school subject matrix; verify board-specific electives before production.
GGOV,GUJ,STD11,COM,ENG,English,Language,1,0,1,Baseline Indian school subject matrix; verify board-specific electives before production.
GGOV,GUJ,STD11,COM,GUJ,Gujarati,Language,1,0,2,Baseline Indian school subject matrix; verify board-specific electives before production.
GGOV,GUJ,STD11,COM,HIN,Hindi,Language,1,0,3,Baseline Indian school subject matrix; verify board-specific electives before production.
GGOV,GUJ,STD11,COM,ACC,Accountancy,Commerce,1,0,4,Baseline Indian school subject matrix; verify board-specific electives before production.
GGOV,GUJ,STD11,COM,BST,Business Studies,Commerce,1,0,5,Baseline Indian school subject matrix; verify board-specific electives before production.
GGOV,GUJ,STD11,COM,BADMIN,Business Administration / Management,Commerce,1,0,6,Baseline Indian school subject matrix; verify board-specific electives before production.
GGOV,GUJ,STD11,COM,ECO,Economics,Commerce/Humanities,0,1,7,Baseline Indian school subject matrix; verify board-specific electives before production.
GGOV,GUJ,STD11,COM,STAT,Statistics,Commerce/Elective,0,1,8,Baseline Indian school subject matrix; verify board-specific electives before production.
GGOV,GUJ,STD11,COM,MATH,Mathematics,Core,1,0,9,Baseline Indian school subject matrix; verify board-specific electives before production.
GGOV,GUJ,STD11,COM,AMATH,Applied Mathematics,Core/Elective,0,1,10,Baseline Indian school subject matrix; verify board-specific electives before production.
GGOV,GUJ,STD11,COM,IP,Informatics Practices,Science/Commerce/Elective,0,1,11,Baseline Indian school subject matrix; verify board-specific electives before production.
GGOV,GUJ,STD11,COM,ENT,Entrepreneurship,Commerce/Elective,0,1,12,Baseline Indian school subject matrix; verify board-specific electives before production.
GGOV,GUJ,STD11,COM,HPE,Health and Physical Education,Co-curricular,0,1,13,Baseline Indian school subject matrix; verify board-specific electives before production.
GGOV,GUJ,STD11,ARTS,ENG,English,Language,1,0,1,Baseline Indian school subject matrix; verify board-specific electives before production.
GGOV,GUJ,STD11,ARTS,GUJ,Gujarati,Language,1,0,2,Baseline Indian school subject matrix; verify board-specific electives before production.
GGOV,GUJ,STD11,ARTS,HIN,Hindi,Language,1,0,3,Baseline Indian school subject matrix; verify board-specific electives before production.
GGOV,GUJ,STD11,ARTS,HIST,History,Humanities,0,1,4,Baseline Indian school subject matrix; verify board-specific electives before production.
GGOV,GUJ,STD11,ARTS,GEO,Geography,Humanities,0,1,5,Baseline Indian school subject matrix; verify board-specific electives before production.
GGOV,GUJ,STD11,ARTS,POLSCI,Political Science,Humanities,0,1,6,Baseline Indian school subject matrix; verify board-specific electives before production.
GGOV,GUJ,STD11,ARTS,SOC,Sociology,Humanities,0,1,7,Baseline Indian school subject matrix; verify board-specific electives before production.
GGOV,GUJ,STD11,ARTS,PSY,Psychology,Humanities,0,1,8,Baseline Indian school subject matrix; verify board-specific electives before production.
GGOV,GUJ,STD11,ARTS,ECO,Economics,Commerce/Humanities,0,1,9,Baseline Indian school subject matrix; verify board-specific electives before production.
GGOV,GUJ,STD11,ARTS,PHIL,Philosophy,Humanities,0,1,10,Baseline Indian school subject matrix; verify board-specific electives before production.
GGOV,GUJ,STD11,ARTS,HOMESCI,Home Science,Humanities/Elective,0,1,11,Baseline Indian school subject matrix; verify board-specific electives before production.
GGOV,GUJ,STD11,ARTS,LEGAL,Legal Studies,Humanities/Elective,0,1,12,Baseline Indian school subject matrix; verify board-specific electives before production.
GGOV,GUJ,STD11,ARTS,FINEART,Fine Arts / Painting,Arts/Elective,0,1,13,Baseline Indian school subject matrix; verify board-specific electives before production.
GGOV,GUJ,STD11,ARTS,MUSIC,Music,Arts/Elective,0,1,14,Baseline Indian school subject matrix; verify board-specific electives before production.
GGOV,GUJ,STD11,ARTS,DANCE,Dance,Arts/Elective,0,1,15,Baseline Indian school subject matrix; verify board-specific electives before production.
GGOV,GUJ,STD11,ARTS,HPE,Health and Physical Education,Co-curricular,0,1,16,Baseline Indian school subject matrix; verify board-specific electives before production.
GGOV,GUJ,STD11,VOC,ENG,English,Language,1,0,1,Baseline Indian school subject matrix; verify board-specific electives before production.
GGOV,GUJ,STD11,VOC,GUJ,Gujarati,Language,1,0,2,Baseline Indian school subject matrix; verify board-specific electives before production.
GGOV,GUJ,STD11,VOC,HIN,Hindi,Language,1,0,3,Baseline Indian school subject matrix; verify board-specific electives before production.
GGOV,GUJ,STD11,VOC,ITITES,Information Technology / IT-ITES,Vocational,0,1,4,Baseline Indian school subject matrix; verify board-specific electives before production.
GGOV,GUJ,STD11,VOC,RETAIL,Retail,Vocational,0,1,5,Baseline Indian school subject matrix; verify board-specific electives before production.
GGOV,GUJ,STD11,VOC,HEALTHCARE,Healthcare,Vocational,0,1,6,Baseline Indian school subject matrix; verify board-specific electives before production.
GGOV,GUJ,STD11,VOC,TOURISM,Tourism and Hospitality,Vocational,0,1,7,Baseline Indian school subject matrix; verify board-specific electives before production.
GGOV,GUJ,STD11,VOC,AGRI,Agriculture,Vocational,0,1,8,Baseline Indian school subject matrix; verify board-specific electives before production.
GGOV,GUJ,STD11,VOC,BANKING,Banking and Insurance,Vocational,0,1,9,Baseline Indian school subject matrix; verify board-specific electives before production.
GGOV,GUJ,STD11,VOC,AUTO,Automotive,Vocational,0,1,10,Baseline Indian school subject matrix; verify board-specific electives before production.
GGOV,GUJ,STD11,VOC,ELECT,Electronics and Hardware,Vocational,0,1,11,Baseline Indian school subject matrix; verify board-specific electives before production.
GGOV,GUJ,STD11,VOC,BEAUTY,Beauty and Wellness,Vocational,0,1,12,Baseline Indian school subject matrix; verify board-specific electives before production.
GGOV,GUJ,STD11,VOC,HPE,Health and Physical Education,Co-curricular,0,1,13,Baseline Indian school subject matrix; verify board-specific electives before production.
GGOV,GUJ,STD12,SCI,ENG,English,Language,1,0,1,Baseline Indian school subject matrix; verify board-specific electives before production.
GGOV,GUJ,STD12,SCI,GUJ,Gujarati,Language,1,0,2,Baseline Indian school subject matrix; verify board-specific electives before production.
GGOV,GUJ,STD12,SCI,HIN,Hindi,Language,1,0,3,Baseline Indian school subject matrix; verify board-specific electives before production.
GGOV,GUJ,STD12,SCI,PHY,Physics,Science,1,0,4,Baseline Indian school subject matrix; verify board-specific electives before production.
GGOV,GUJ,STD12,SCI,CHEM,Chemistry,Science,1,0,5,Baseline Indian school subject matrix; verify board-specific electives before production.
GGOV,GUJ,STD12,SCI,BIO,Biology,Science,0,1,6,Baseline Indian school subject matrix; verify board-specific electives before production.
GGOV,GUJ,STD12,SCI,MATH,Mathematics,Core,1,0,7,Baseline Indian school subject matrix; verify board-specific electives before production.
GGOV,GUJ,STD12,SCI,AMATH,Applied Mathematics,Core/Elective,0,1,8,Baseline Indian school subject matrix; verify board-specific electives before production.
GGOV,GUJ,STD12,SCI,CS,Computer Science,Science/Elective,0,1,9,Baseline Indian school subject matrix; verify board-specific electives before production.
GGOV,GUJ,STD12,SCI,IP,Informatics Practices,Science/Commerce/Elective,0,1,10,Baseline Indian school subject matrix; verify board-specific electives before production.
GGOV,GUJ,STD12,SCI,BIOTECH,Biotechnology,Science/Elective,0,1,11,Baseline Indian school subject matrix; verify board-specific electives before production.
GGOV,GUJ,STD12,SCI,ENGGFX,Engineering Graphics,Science/Elective,0,1,12,Baseline Indian school subject matrix; verify board-specific electives before production.
GGOV,GUJ,STD12,SCI,HPE,Health and Physical Education,Co-curricular,0,1,13,Baseline Indian school subject matrix; verify board-specific electives before production.
GGOV,GUJ,STD12,COM,ENG,English,Language,1,0,1,Baseline Indian school subject matrix; verify board-specific electives before production.
GGOV,GUJ,STD12,COM,GUJ,Gujarati,Language,1,0,2,Baseline Indian school subject matrix; verify board-specific electives before production.
GGOV,GUJ,STD12,COM,HIN,Hindi,Language,1,0,3,Baseline Indian school subject matrix; verify board-specific electives before production.
GGOV,GUJ,STD12,COM,ACC,Accountancy,Commerce,1,0,4,Baseline Indian school subject matrix; verify board-specific electives before production.
GGOV,GUJ,STD12,COM,BST,Business Studies,Commerce,1,0,5,Baseline Indian school subject matrix; verify board-specific electives before production.
GGOV,GUJ,STD12,COM,BADMIN,Business Administration / Management,Commerce,1,0,6,Baseline Indian school subject matrix; verify board-specific electives before production.
GGOV,GUJ,STD12,COM,ECO,Economics,Commerce/Humanities,0,1,7,Baseline Indian school subject matrix; verify board-specific electives before production.
GGOV,GUJ,STD12,COM,STAT,Statistics,Commerce/Elective,0,1,8,Baseline Indian school subject matrix; verify board-specific electives before production.
GGOV,GUJ,STD12,COM,MATH,Mathematics,Core,1,0,9,Baseline Indian school subject matrix; verify board-specific electives before production.
GGOV,GUJ,STD12,COM,AMATH,Applied Mathematics,Core/Elective,0,1,10,Baseline Indian school subject matrix; verify board-specific electives before production.
GGOV,GUJ,STD12,COM,IP,Informatics Practices,Science/Commerce/Elective,0,1,11,Baseline Indian school subject matrix; verify board-specific electives before production.
GGOV,GUJ,STD12,COM,ENT,Entrepreneurship,Commerce/Elective,0,1,12,Baseline Indian school subject matrix; verify board-specific electives before production.
GGOV,GUJ,STD12,COM,HPE,Health and Physical Education,Co-curricular,0,1,13,Baseline Indian school subject matrix; verify board-specific electives before production.
GGOV,GUJ,STD12,ARTS,ENG,English,Language,1,0,1,Baseline Indian school subject matrix; verify board-specific electives before production.
GGOV,GUJ,STD12,ARTS,GUJ,Gujarati,Language,1,0,2,Baseline Indian school subject matrix; verify board-specific electives before production.
GGOV,GUJ,STD12,ARTS,HIN,Hindi,Language,1,0,3,Baseline Indian school subject matrix; verify board-specific electives before production.
GGOV,GUJ,STD12,ARTS,HIST,History,Humanities,0,1,4,Baseline Indian school subject matrix; verify board-specific electives before production.
GGOV,GUJ,STD12,ARTS,GEO,Geography,Humanities,0,1,5,Baseline Indian school subject matrix; verify board-specific electives before production.
GGOV,GUJ,STD12,ARTS,POLSCI,Political Science,Humanities,0,1,6,Baseline Indian school subject matrix; verify board-specific electives before production.
GGOV,GUJ,STD12,ARTS,SOC,Sociology,Humanities,0,1,7,Baseline Indian school subject matrix; verify board-specific electives before production.
GGOV,GUJ,STD12,ARTS,PSY,Psychology,Humanities,0,1,8,Baseline Indian school subject matrix; verify board-specific electives before production.
GGOV,GUJ,STD12,ARTS,ECO,Economics,Commerce/Humanities,0,1,9,Baseline Indian school subject matrix; verify board-specific electives before production.
GGOV,GUJ,STD12,ARTS,PHIL,Philosophy,Humanities,0,1,10,Baseline Indian school subject matrix; verify board-specific electives before production.
GGOV,GUJ,STD12,ARTS,HOMESCI,Home Science,Humanities/Elective,0,1,11,Baseline Indian school subject matrix; verify board-specific electives before production.
GGOV,GUJ,STD12,ARTS,LEGAL,Legal Studies,Humanities/Elective,0,1,12,Baseline Indian school subject matrix; verify board-specific electives before production.
GGOV,GUJ,STD12,ARTS,FINEART,Fine Arts / Painting,Arts/Elective,0,1,13,Baseline Indian school subject matrix; verify board-specific electives before production.
GGOV,GUJ,STD12,ARTS,MUSIC,Music,Arts/Elective,0,1,14,Baseline Indian school subject matrix; verify board-specific electives before production.
GGOV,GUJ,STD12,ARTS,DANCE,Dance,Arts/Elective,0,1,15,Baseline Indian school subject matrix; verify board-specific electives before production.
GGOV,GUJ,STD12,ARTS,HPE,Health and Physical Education,Co-curricular,0,1,16,Baseline Indian school subject matrix; verify board-specific electives before production.
GGOV,GUJ,STD12,VOC,ENG,English,Language,1,0,1,Baseline Indian school subject matrix; verify board-specific electives before production.
GGOV,GUJ,STD12,VOC,GUJ,Gujarati,Language,1,0,2,Baseline Indian school subject matrix; verify board-specific electives before production.
GGOV,GUJ,STD12,VOC,HIN,Hindi,Language,1,0,3,Baseline Indian school subject matrix; verify board-specific electives before production.
GGOV,GUJ,STD12,VOC,ITITES,Information Technology / IT-ITES,Vocational,0,1,4,Baseline Indian school subject matrix; verify board-specific electives before production.
GGOV,GUJ,STD12,VOC,RETAIL,Retail,Vocational,0,1,5,Baseline Indian school subject matrix; verify board-specific electives before production.
GGOV,GUJ,STD12,VOC,HEALTHCARE,Healthcare,Vocational,0,1,6,Baseline Indian school subject matrix; verify board-specific electives before production.
GGOV,GUJ,STD12,VOC,TOURISM,Tourism and Hospitality,Vocational,0,1,7,Baseline Indian school subject matrix; verify board-specific electives before production.
GGOV,GUJ,STD12,VOC,AGRI,Agriculture,Vocational,0,1,8,Baseline Indian school subject matrix; verify board-specific electives before production.
GGOV,GUJ,STD12,VOC,BANKING,Banking and Insurance,Vocational,0,1,9,Baseline Indian school subject matrix; verify board-specific electives before production.
GGOV,GUJ,STD12,VOC,AUTO,Automotive,Vocational,0,1,10,Baseline Indian school subject matrix; verify board-specific electives before production.
GGOV,GUJ,STD12,VOC,ELECT,Electronics and Hardware,Vocational,0,1,11,Baseline Indian school subject matrix; verify board-specific electives before production.
GGOV,GUJ,STD12,VOC,BEAUTY,Beauty and Wellness,Vocational,0,1,12,Baseline Indian school subject matrix; verify board-specific electives before production.
GGOV,GUJ,STD12,VOC,HPE,Health and Physical Education,Co-curricular,0,1,13,Baseline Indian school subject matrix; verify board-specific electives before production.
GGOV,ENG,NUR,GEN,FLIT,Foundational Literacy,Foundation,0,1,1,Baseline Indian school subject matrix; verify board-specific electives before production.
GGOV,ENG,NUR,GEN,FNUM,Foundational Numeracy,Foundation,0,1,2,Baseline Indian school subject matrix; verify board-specific electives before production.
GGOV,ENG,NUR,GEN,RHYM,Rhymes and Stories,Foundation,0,1,3,Baseline Indian school subject matrix; verify board-specific electives before production.
GGOV,ENG,NUR,GEN,PLAY,Play and Activity,Foundation,0,1,4,Baseline Indian school subject matrix; verify board-specific electives before production.
GGOV,ENG,NUR,GEN,ARTC,Art and Craft,Co-curricular,0,1,5,Baseline Indian school subject matrix; verify board-specific electives before production.
GGOV,ENG,NUR,GEN,HEALTH,Health and Hygiene,Co-curricular,0,1,6,Baseline Indian school subject matrix; verify board-specific electives before production.
GGOV,ENG,LKG,GEN,FLIT,Foundational Literacy,Foundation,0,1,1,Baseline Indian school subject matrix; verify board-specific electives before production.
GGOV,ENG,LKG,GEN,FNUM,Foundational Numeracy,Foundation,0,1,2,Baseline Indian school subject matrix; verify board-specific electives before production.
GGOV,ENG,LKG,GEN,RHYM,Rhymes and Stories,Foundation,0,1,3,Baseline Indian school subject matrix; verify board-specific electives before production.
GGOV,ENG,LKG,GEN,PLAY,Play and Activity,Foundation,0,1,4,Baseline Indian school subject matrix; verify board-specific electives before production.
GGOV,ENG,LKG,GEN,ARTC,Art and Craft,Co-curricular,0,1,5,Baseline Indian school subject matrix; verify board-specific electives before production.
GGOV,ENG,LKG,GEN,HEALTH,Health and Hygiene,Co-curricular,0,1,6,Baseline Indian school subject matrix; verify board-specific electives before production.
GGOV,ENG,UKG,GEN,FLIT,Foundational Literacy,Foundation,0,1,1,Baseline Indian school subject matrix; verify board-specific electives before production.
GGOV,ENG,UKG,GEN,FNUM,Foundational Numeracy,Foundation,0,1,2,Baseline Indian school subject matrix; verify board-specific electives before production.
GGOV,ENG,UKG,GEN,RHYM,Rhymes and Stories,Foundation,0,1,3,Baseline Indian school subject matrix; verify board-specific electives before production.
GGOV,ENG,UKG,GEN,PLAY,Play and Activity,Foundation,0,1,4,Baseline Indian school subject matrix; verify board-specific electives before production.
GGOV,ENG,UKG,GEN,ARTC,Art and Craft,Co-curricular,0,1,5,Baseline Indian school subject matrix; verify board-specific electives before production.
GGOV,ENG,UKG,GEN,HEALTH,Health and Hygiene,Co-curricular,0,1,6,Baseline Indian school subject matrix; verify board-specific electives before production.
GGOV,ENG,BAL,GEN,FLIT,Foundational Literacy,Foundation,0,1,1,Baseline Indian school subject matrix; verify board-specific electives before production.
GGOV,ENG,BAL,GEN,FNUM,Foundational Numeracy,Foundation,0,1,2,Baseline Indian school subject matrix; verify board-specific electives before production.
GGOV,ENG,BAL,GEN,RHYM,Rhymes and Stories,Foundation,0,1,3,Baseline Indian school subject matrix; verify board-specific electives before production.
GGOV,ENG,BAL,GEN,PLAY,Play and Activity,Foundation,0,1,4,Baseline Indian school subject matrix; verify board-specific electives before production.
GGOV,ENG,BAL,GEN,ARTC,Art and Craft,Co-curricular,0,1,5,Baseline Indian school subject matrix; verify board-specific electives before production.
GGOV,ENG,BAL,GEN,HEALTH,Health and Hygiene,Co-curricular,0,1,6,Baseline Indian school subject matrix; verify board-specific electives before production.
GGOV,ENG,STD01,GEN,GUJ,Gujarati,Language,1,0,1,Baseline Indian school subject matrix; verify board-specific electives before production.
GGOV,ENG,STD01,GEN,ENG,English,Language,1,0,2,Baseline Indian school subject matrix; verify board-specific electives before production.
GGOV,ENG,STD01,GEN,HIN,Hindi,Language,1,0,3,Baseline Indian school subject matrix; verify board-specific electives before production.
GGOV,ENG,STD01,GEN,MATH,Mathematics,Core,1,0,4,Baseline Indian school subject matrix; verify board-specific electives before production.
GGOV,ENG,STD01,GEN,EVS,Environmental Studies,Core,1,0,5,Baseline Indian school subject matrix; verify board-specific electives before production.
GGOV,ENG,STD01,GEN,ARTC,Art and Craft,Co-curricular,0,1,6,Baseline Indian school subject matrix; verify board-specific electives before production.
GGOV,ENG,STD01,GEN,HPE,Health and Physical Education,Co-curricular,0,1,7,Baseline Indian school subject matrix; verify board-specific electives before production.
GGOV,ENG,STD01,GEN,VALUE,Value Education / Moral Science,Co-curricular,0,1,8,Baseline Indian school subject matrix; verify board-specific electives before production.
GGOV,ENG,STD02,GEN,GUJ,Gujarati,Language,1,0,1,Baseline Indian school subject matrix; verify board-specific electives before production.
GGOV,ENG,STD02,GEN,ENG,English,Language,1,0,2,Baseline Indian school subject matrix; verify board-specific electives before production.
GGOV,ENG,STD02,GEN,HIN,Hindi,Language,1,0,3,Baseline Indian school subject matrix; verify board-specific electives before production.
GGOV,ENG,STD02,GEN,MATH,Mathematics,Core,1,0,4,Baseline Indian school subject matrix; verify board-specific electives before production.
GGOV,ENG,STD02,GEN,EVS,Environmental Studies,Core,1,0,5,Baseline Indian school subject matrix; verify board-specific electives before production.
GGOV,ENG,STD02,GEN,ARTC,Art and Craft,Co-curricular,0,1,6,Baseline Indian school subject matrix; verify board-specific electives before production.
GGOV,ENG,STD02,GEN,HPE,Health and Physical Education,Co-curricular,0,1,7,Baseline Indian school subject matrix; verify board-specific electives before production.
GGOV,ENG,STD02,GEN,VALUE,Value Education / Moral Science,Co-curricular,0,1,8,Baseline Indian school subject matrix; verify board-specific electives before production.
GGOV,ENG,STD03,GEN,GUJ,Gujarati,Language,1,0,1,Baseline Indian school subject matrix; verify board-specific electives before production.
GGOV,ENG,STD03,GEN,ENG,English,Language,1,0,2,Baseline Indian school subject matrix; verify board-specific electives before production.
GGOV,ENG,STD03,GEN,HIN,Hindi,Language,1,0,3,Baseline Indian school subject matrix; verify board-specific electives before production.
GGOV,ENG,STD03,GEN,MATH,Mathematics,Core,1,0,4,Baseline Indian school subject matrix; verify board-specific electives before production.
GGOV,ENG,STD03,GEN,EVS,Environmental Studies,Core,1,0,5,Baseline Indian school subject matrix; verify board-specific electives before production.
GGOV,ENG,STD03,GEN,COMP,Computer Studies,Core/Elective,0,1,6,Baseline Indian school subject matrix; verify board-specific electives before production.
GGOV,ENG,STD03,GEN,ARTC,Art and Craft,Co-curricular,0,1,7,Baseline Indian school subject matrix; verify board-specific electives before production.
GGOV,ENG,STD03,GEN,HPE,Health and Physical Education,Co-curricular,0,1,8,Baseline Indian school subject matrix; verify board-specific electives before production.
GGOV,ENG,STD03,GEN,VALUE,Value Education / Moral Science,Co-curricular,0,1,9,Baseline Indian school subject matrix; verify board-specific electives before production.
GGOV,ENG,STD04,GEN,GUJ,Gujarati,Language,1,0,1,Baseline Indian school subject matrix; verify board-specific electives before production.
GGOV,ENG,STD04,GEN,ENG,English,Language,1,0,2,Baseline Indian school subject matrix; verify board-specific electives before production.
GGOV,ENG,STD04,GEN,HIN,Hindi,Language,1,0,3,Baseline Indian school subject matrix; verify board-specific electives before production.
GGOV,ENG,STD04,GEN,MATH,Mathematics,Core,1,0,4,Baseline Indian school subject matrix; verify board-specific electives before production.
GGOV,ENG,STD04,GEN,EVS,Environmental Studies,Core,1,0,5,Baseline Indian school subject matrix; verify board-specific electives before production.
GGOV,ENG,STD04,GEN,COMP,Computer Studies,Core/Elective,0,1,6,Baseline Indian school subject matrix; verify board-specific electives before production.
GGOV,ENG,STD04,GEN,ARTC,Art and Craft,Co-curricular,0,1,7,Baseline Indian school subject matrix; verify board-specific electives before production.
GGOV,ENG,STD04,GEN,HPE,Health and Physical Education,Co-curricular,0,1,8,Baseline Indian school subject matrix; verify board-specific electives before production.
GGOV,ENG,STD04,GEN,VALUE,Value Education / Moral Science,Co-curricular,0,1,9,Baseline Indian school subject matrix; verify board-specific electives before production.
GGOV,ENG,STD05,GEN,GUJ,Gujarati,Language,1,0,1,Baseline Indian school subject matrix; verify board-specific electives before production.
GGOV,ENG,STD05,GEN,ENG,English,Language,1,0,2,Baseline Indian school subject matrix; verify board-specific electives before production.
GGOV,ENG,STD05,GEN,HIN,Hindi,Language,1,0,3,Baseline Indian school subject matrix; verify board-specific electives before production.
GGOV,ENG,STD05,GEN,MATH,Mathematics,Core,1,0,4,Baseline Indian school subject matrix; verify board-specific electives before production.
GGOV,ENG,STD05,GEN,EVS,Environmental Studies,Core,1,0,5,Baseline Indian school subject matrix; verify board-specific electives before production.
GGOV,ENG,STD05,GEN,COMP,Computer Studies,Core/Elective,0,1,6,Baseline Indian school subject matrix; verify board-specific electives before production.
GGOV,ENG,STD05,GEN,ARTC,Art and Craft,Co-curricular,0,1,7,Baseline Indian school subject matrix; verify board-specific electives before production.
GGOV,ENG,STD05,GEN,HPE,Health and Physical Education,Co-curricular,0,1,8,Baseline Indian school subject matrix; verify board-specific electives before production.
GGOV,ENG,STD05,GEN,VALUE,Value Education / Moral Science,Co-curricular,0,1,9,Baseline Indian school subject matrix; verify board-specific electives before production.
GGOV,ENG,STD06,GEN,GUJ,Gujarati,Language,1,0,1,Baseline Indian school subject matrix; verify board-specific electives before production.
GGOV,ENG,STD06,GEN,ENG,English,Language,1,0,2,Baseline Indian school subject matrix; verify board-specific electives before production.
GGOV,ENG,STD06,GEN,HIN,Hindi,Language,1,0,3,Baseline Indian school subject matrix; verify board-specific electives before production.
GGOV,ENG,STD06,GEN,SAN,Sanskrit,Language,0,1,4,Baseline Indian school subject matrix; verify board-specific electives before production.
GGOV,ENG,STD06,GEN,MATH,Mathematics,Core,1,0,5,Baseline Indian school subject matrix; verify board-specific electives before production.
GGOV,ENG,STD06,GEN,SCI,Science,Core,1,0,6,Baseline Indian school subject matrix; verify board-specific electives before production.
GGOV,ENG,STD06,GEN,SS,Social Science,Core,1,0,7,Baseline Indian school subject matrix; verify board-specific electives before production.
GGOV,ENG,STD06,GEN,COMP,Computer Studies,Core/Elective,0,1,8,Baseline Indian school subject matrix; verify board-specific electives before production.
GGOV,ENG,STD06,GEN,ARTEDU,Art Education,Co-curricular,0,1,9,Baseline Indian school subject matrix; verify board-specific electives before production.
GGOV,ENG,STD06,GEN,HPE,Health and Physical Education,Co-curricular,0,1,10,Baseline Indian school subject matrix; verify board-specific electives before production.
GGOV,ENG,STD06,GEN,VALUE,Value Education / Moral Science,Co-curricular,0,1,11,Baseline Indian school subject matrix; verify board-specific electives before production.
GGOV,ENG,STD07,GEN,GUJ,Gujarati,Language,1,0,1,Baseline Indian school subject matrix; verify board-specific electives before production.
GGOV,ENG,STD07,GEN,ENG,English,Language,1,0,2,Baseline Indian school subject matrix; verify board-specific electives before production.
GGOV,ENG,STD07,GEN,HIN,Hindi,Language,1,0,3,Baseline Indian school subject matrix; verify board-specific electives before production.
GGOV,ENG,STD07,GEN,SAN,Sanskrit,Language,0,1,4,Baseline Indian school subject matrix; verify board-specific electives before production.
GGOV,ENG,STD07,GEN,MATH,Mathematics,Core,1,0,5,Baseline Indian school subject matrix; verify board-specific electives before production.
GGOV,ENG,STD07,GEN,SCI,Science,Core,1,0,6,Baseline Indian school subject matrix; verify board-specific electives before production.
GGOV,ENG,STD07,GEN,SS,Social Science,Core,1,0,7,Baseline Indian school subject matrix; verify board-specific electives before production.
GGOV,ENG,STD07,GEN,COMP,Computer Studies,Core/Elective,0,1,8,Baseline Indian school subject matrix; verify board-specific electives before production.
GGOV,ENG,STD07,GEN,ARTEDU,Art Education,Co-curricular,0,1,9,Baseline Indian school subject matrix; verify board-specific electives before production.
GGOV,ENG,STD07,GEN,HPE,Health and Physical Education,Co-curricular,0,1,10,Baseline Indian school subject matrix; verify board-specific electives before production.
GGOV,ENG,STD07,GEN,VALUE,Value Education / Moral Science,Co-curricular,0,1,11,Baseline Indian school subject matrix; verify board-specific electives before production.
GGOV,ENG,STD08,GEN,GUJ,Gujarati,Language,1,0,1,Baseline Indian school subject matrix; verify board-specific electives before production.
GGOV,ENG,STD08,GEN,ENG,English,Language,1,0,2,Baseline Indian school subject matrix; verify board-specific electives before production.
GGOV,ENG,STD08,GEN,HIN,Hindi,Language,1,0,3,Baseline Indian school subject matrix; verify board-specific electives before production.
GGOV,ENG,STD08,GEN,SAN,Sanskrit,Language,0,1,4,Baseline Indian school subject matrix; verify board-specific electives before production.
GGOV,ENG,STD08,GEN,MATH,Mathematics,Core,1,0,5,Baseline Indian school subject matrix; verify board-specific electives before production.
GGOV,ENG,STD08,GEN,SCI,Science,Core,1,0,6,Baseline Indian school subject matrix; verify board-specific electives before production.
GGOV,ENG,STD08,GEN,SS,Social Science,Core,1,0,7,Baseline Indian school subject matrix; verify board-specific electives before production.
GGOV,ENG,STD08,GEN,COMP,Computer Studies,Core/Elective,0,1,8,Baseline Indian school subject matrix; verify board-specific electives before production.
GGOV,ENG,STD08,GEN,ARTEDU,Art Education,Co-curricular,0,1,9,Baseline Indian school subject matrix; verify board-specific electives before production.
GGOV,ENG,STD08,GEN,HPE,Health and Physical Education,Co-curricular,0,1,10,Baseline Indian school subject matrix; verify board-specific electives before production.
GGOV,ENG,STD08,GEN,VALUE,Value Education / Moral Science,Co-curricular,0,1,11,Baseline Indian school subject matrix; verify board-specific electives before production.
GGOV,ENG,STD09,GEN,GUJ,Gujarati,Language,1,0,1,Baseline Indian school subject matrix; verify board-specific electives before production.
GGOV,ENG,STD09,GEN,ENG,English,Language,1,0,2,Baseline Indian school subject matrix; verify board-specific electives before production.
GGOV,ENG,STD09,GEN,HIN,Hindi,Language,1,0,3,Baseline Indian school subject matrix; verify board-specific electives before production.
GGOV,ENG,STD09,GEN,SAN,Sanskrit,Language,0,1,4,Baseline Indian school subject matrix; verify board-specific electives before production.
GGOV,ENG,STD09,GEN,MATH,Mathematics,Core,1,0,5,Baseline Indian school subject matrix; verify board-specific electives before production.
GGOV,ENG,STD09,GEN,SCI,Science,Core,1,0,6,Baseline Indian school subject matrix; verify board-specific electives before production.
GGOV,ENG,STD09,GEN,SS,Social Science,Core,1,0,7,Baseline Indian school subject matrix; verify board-specific electives before production.
GGOV,ENG,STD09,GEN,COMP,Computer Studies,Core/Elective,0,1,8,Baseline Indian school subject matrix; verify board-specific electives before production.
GGOV,ENG,STD09,GEN,AI,Artificial Intelligence,Skill/Elective,0,1,9,Baseline Indian school subject matrix; verify board-specific electives before production.
GGOV,ENG,STD09,GEN,HPE,Health and Physical Education,Co-curricular,0,1,10,Baseline Indian school subject matrix; verify board-specific electives before production.
GGOV,ENG,STD09,GEN,ARTEDU,Art Education,Co-curricular,0,1,11,Baseline Indian school subject matrix; verify board-specific electives before production.
GGOV,ENG,STD09,GEN,WORKEX,Work Experience,Co-curricular,0,1,12,Baseline Indian school subject matrix; verify board-specific electives before production.
GGOV,ENG,STD09,GEN,NCC,National Cadet Corps,Elective,0,1,13,Baseline Indian school subject matrix; verify board-specific electives before production.
GGOV,ENG,STD09,VOC,ENG,English,Language,1,0,1,Baseline Indian school subject matrix; verify board-specific electives before production.
GGOV,ENG,STD09,VOC,GUJ,Gujarati,Language,1,0,2,Baseline Indian school subject matrix; verify board-specific electives before production.
GGOV,ENG,STD09,VOC,HIN,Hindi,Language,1,0,3,Baseline Indian school subject matrix; verify board-specific electives before production.
GGOV,ENG,STD09,VOC,ITITES,Information Technology / IT-ITES,Vocational,0,1,4,Baseline Indian school subject matrix; verify board-specific electives before production.
GGOV,ENG,STD09,VOC,RETAIL,Retail,Vocational,0,1,5,Baseline Indian school subject matrix; verify board-specific electives before production.
GGOV,ENG,STD09,VOC,HEALTHCARE,Healthcare,Vocational,0,1,6,Baseline Indian school subject matrix; verify board-specific electives before production.
GGOV,ENG,STD09,VOC,TOURISM,Tourism and Hospitality,Vocational,0,1,7,Baseline Indian school subject matrix; verify board-specific electives before production.
GGOV,ENG,STD09,VOC,AGRI,Agriculture,Vocational,0,1,8,Baseline Indian school subject matrix; verify board-specific electives before production.
GGOV,ENG,STD09,VOC,BANKING,Banking and Insurance,Vocational,0,1,9,Baseline Indian school subject matrix; verify board-specific electives before production.
GGOV,ENG,STD09,VOC,AUTO,Automotive,Vocational,0,1,10,Baseline Indian school subject matrix; verify board-specific electives before production.
GGOV,ENG,STD09,VOC,ELECT,Electronics and Hardware,Vocational,0,1,11,Baseline Indian school subject matrix; verify board-specific electives before production.
GGOV,ENG,STD09,VOC,BEAUTY,Beauty and Wellness,Vocational,0,1,12,Baseline Indian school subject matrix; verify board-specific electives before production.
GGOV,ENG,STD09,VOC,HPE,Health and Physical Education,Co-curricular,0,1,13,Baseline Indian school subject matrix; verify board-specific electives before production.
GGOV,ENG,STD10,GEN,GUJ,Gujarati,Language,1,0,1,Baseline Indian school subject matrix; verify board-specific electives before production.
GGOV,ENG,STD10,GEN,ENG,English,Language,1,0,2,Baseline Indian school subject matrix; verify board-specific electives before production.
GGOV,ENG,STD10,GEN,HIN,Hindi,Language,1,0,3,Baseline Indian school subject matrix; verify board-specific electives before production.
GGOV,ENG,STD10,GEN,SAN,Sanskrit,Language,0,1,4,Baseline Indian school subject matrix; verify board-specific electives before production.
GGOV,ENG,STD10,GEN,MATH,Mathematics,Core,1,0,5,Baseline Indian school subject matrix; verify board-specific electives before production.
GGOV,ENG,STD10,GEN,SCI,Science,Core,1,0,6,Baseline Indian school subject matrix; verify board-specific electives before production.
GGOV,ENG,STD10,GEN,SS,Social Science,Core,1,0,7,Baseline Indian school subject matrix; verify board-specific electives before production.
GGOV,ENG,STD10,GEN,COMP,Computer Studies,Core/Elective,0,1,8,Baseline Indian school subject matrix; verify board-specific electives before production.
GGOV,ENG,STD10,GEN,AI,Artificial Intelligence,Skill/Elective,0,1,9,Baseline Indian school subject matrix; verify board-specific electives before production.
GGOV,ENG,STD10,GEN,HPE,Health and Physical Education,Co-curricular,0,1,10,Baseline Indian school subject matrix; verify board-specific electives before production.
GGOV,ENG,STD10,GEN,ARTEDU,Art Education,Co-curricular,0,1,11,Baseline Indian school subject matrix; verify board-specific electives before production.
GGOV,ENG,STD10,GEN,WORKEX,Work Experience,Co-curricular,0,1,12,Baseline Indian school subject matrix; verify board-specific electives before production.
GGOV,ENG,STD10,GEN,NCC,National Cadet Corps,Elective,0,1,13,Baseline Indian school subject matrix; verify board-specific electives before production.
GGOV,ENG,STD10,VOC,ENG,English,Language,1,0,1,Baseline Indian school subject matrix; verify board-specific electives before production.
GGOV,ENG,STD10,VOC,GUJ,Gujarati,Language,1,0,2,Baseline Indian school subject matrix; verify board-specific electives before production.
GGOV,ENG,STD10,VOC,HIN,Hindi,Language,1,0,3,Baseline Indian school subject matrix; verify board-specific electives before production.
GGOV,ENG,STD10,VOC,ITITES,Information Technology / IT-ITES,Vocational,0,1,4,Baseline Indian school subject matrix; verify board-specific electives before production.
GGOV,ENG,STD10,VOC,RETAIL,Retail,Vocational,0,1,5,Baseline Indian school subject matrix; verify board-specific electives before production.
GGOV,ENG,STD10,VOC,HEALTHCARE,Healthcare,Vocational,0,1,6,Baseline Indian school subject matrix; verify board-specific electives before production.
GGOV,ENG,STD10,VOC,TOURISM,Tourism and Hospitality,Vocational,0,1,7,Baseline Indian school subject matrix; verify board-specific electives before production.
GGOV,ENG,STD10,VOC,AGRI,Agriculture,Vocational,0,1,8,Baseline Indian school subject matrix; verify board-specific electives before production.
GGOV,ENG,STD10,VOC,BANKING,Banking and Insurance,Vocational,0,1,9,Baseline Indian school subject matrix; verify board-specific electives before production.
GGOV,ENG,STD10,VOC,AUTO,Automotive,Vocational,0,1,10,Baseline Indian school subject matrix; verify board-specific electives before production.
GGOV,ENG,STD10,VOC,ELECT,Electronics and Hardware,Vocational,0,1,11,Baseline Indian school subject matrix; verify board-specific electives before production.
GGOV,ENG,STD10,VOC,BEAUTY,Beauty and Wellness,Vocational,0,1,12,Baseline Indian school subject matrix; verify board-specific electives before production.
GGOV,ENG,STD10,VOC,HPE,Health and Physical Education,Co-curricular,0,1,13,Baseline Indian school subject matrix; verify board-specific electives before production.
GGOV,ENG,STD11,SCI,ENG,English,Language,1,0,1,Baseline Indian school subject matrix; verify board-specific electives before production.
GGOV,ENG,STD11,SCI,GUJ,Gujarati,Language,1,0,2,Baseline Indian school subject matrix; verify board-specific electives before production.
GGOV,ENG,STD11,SCI,HIN,Hindi,Language,1,0,3,Baseline Indian school subject matrix; verify board-specific electives before production.
GGOV,ENG,STD11,SCI,PHY,Physics,Science,1,0,4,Baseline Indian school subject matrix; verify board-specific electives before production.
GGOV,ENG,STD11,SCI,CHEM,Chemistry,Science,1,0,5,Baseline Indian school subject matrix; verify board-specific electives before production.
GGOV,ENG,STD11,SCI,BIO,Biology,Science,0,1,6,Baseline Indian school subject matrix; verify board-specific electives before production.
GGOV,ENG,STD11,SCI,MATH,Mathematics,Core,1,0,7,Baseline Indian school subject matrix; verify board-specific electives before production.
GGOV,ENG,STD11,SCI,AMATH,Applied Mathematics,Core/Elective,0,1,8,Baseline Indian school subject matrix; verify board-specific electives before production.
GGOV,ENG,STD11,SCI,CS,Computer Science,Science/Elective,0,1,9,Baseline Indian school subject matrix; verify board-specific electives before production.
GGOV,ENG,STD11,SCI,IP,Informatics Practices,Science/Commerce/Elective,0,1,10,Baseline Indian school subject matrix; verify board-specific electives before production.
GGOV,ENG,STD11,SCI,BIOTECH,Biotechnology,Science/Elective,0,1,11,Baseline Indian school subject matrix; verify board-specific electives before production.
GGOV,ENG,STD11,SCI,ENGGFX,Engineering Graphics,Science/Elective,0,1,12,Baseline Indian school subject matrix; verify board-specific electives before production.
GGOV,ENG,STD11,SCI,HPE,Health and Physical Education,Co-curricular,0,1,13,Baseline Indian school subject matrix; verify board-specific electives before production.
GGOV,ENG,STD11,COM,ENG,English,Language,1,0,1,Baseline Indian school subject matrix; verify board-specific electives before production.
GGOV,ENG,STD11,COM,GUJ,Gujarati,Language,1,0,2,Baseline Indian school subject matrix; verify board-specific electives before production.
GGOV,ENG,STD11,COM,HIN,Hindi,Language,1,0,3,Baseline Indian school subject matrix; verify board-specific electives before production.
GGOV,ENG,STD11,COM,ACC,Accountancy,Commerce,1,0,4,Baseline Indian school subject matrix; verify board-specific electives before production.
GGOV,ENG,STD11,COM,BST,Business Studies,Commerce,1,0,5,Baseline Indian school subject matrix; verify board-specific electives before production.
GGOV,ENG,STD11,COM,BADMIN,Business Administration / Management,Commerce,1,0,6,Baseline Indian school subject matrix; verify board-specific electives before production.
GGOV,ENG,STD11,COM,ECO,Economics,Commerce/Humanities,0,1,7,Baseline Indian school subject matrix; verify board-specific electives before production.
GGOV,ENG,STD11,COM,STAT,Statistics,Commerce/Elective,0,1,8,Baseline Indian school subject matrix; verify board-specific electives before production.
GGOV,ENG,STD11,COM,MATH,Mathematics,Core,1,0,9,Baseline Indian school subject matrix; verify board-specific electives before production.
GGOV,ENG,STD11,COM,AMATH,Applied Mathematics,Core/Elective,0,1,10,Baseline Indian school subject matrix; verify board-specific electives before production.
GGOV,ENG,STD11,COM,IP,Informatics Practices,Science/Commerce/Elective,0,1,11,Baseline Indian school subject matrix; verify board-specific electives before production.
GGOV,ENG,STD11,COM,ENT,Entrepreneurship,Commerce/Elective,0,1,12,Baseline Indian school subject matrix; verify board-specific electives before production.
GGOV,ENG,STD11,COM,HPE,Health and Physical Education,Co-curricular,0,1,13,Baseline Indian school subject matrix; verify board-specific electives before production.
GGOV,ENG,STD11,ARTS,ENG,English,Language,1,0,1,Baseline Indian school subject matrix; verify board-specific electives before production.
GGOV,ENG,STD11,ARTS,GUJ,Gujarati,Language,1,0,2,Baseline Indian school subject matrix; verify board-specific electives before production.
GGOV,ENG,STD11,ARTS,HIN,Hindi,Language,1,0,3,Baseline Indian school subject matrix; verify board-specific electives before production.
GGOV,ENG,STD11,ARTS,HIST,History,Humanities,0,1,4,Baseline Indian school subject matrix; verify board-specific electives before production.
GGOV,ENG,STD11,ARTS,GEO,Geography,Humanities,0,1,5,Baseline Indian school subject matrix; verify board-specific electives before production.
GGOV,ENG,STD11,ARTS,POLSCI,Political Science,Humanities,0,1,6,Baseline Indian school subject matrix; verify board-specific electives before production.
GGOV,ENG,STD11,ARTS,SOC,Sociology,Humanities,0,1,7,Baseline Indian school subject matrix; verify board-specific electives before production.
GGOV,ENG,STD11,ARTS,PSY,Psychology,Humanities,0,1,8,Baseline Indian school subject matrix; verify board-specific electives before production.
GGOV,ENG,STD11,ARTS,ECO,Economics,Commerce/Humanities,0,1,9,Baseline Indian school subject matrix; verify board-specific electives before production.
GGOV,ENG,STD11,ARTS,PHIL,Philosophy,Humanities,0,1,10,Baseline Indian school subject matrix; verify board-specific electives before production.
GGOV,ENG,STD11,ARTS,HOMESCI,Home Science,Humanities/Elective,0,1,11,Baseline Indian school subject matrix; verify board-specific electives before production.
GGOV,ENG,STD11,ARTS,LEGAL,Legal Studies,Humanities/Elective,0,1,12,Baseline Indian school subject matrix; verify board-specific electives before production.
GGOV,ENG,STD11,ARTS,FINEART,Fine Arts / Painting,Arts/Elective,0,1,13,Baseline Indian school subject matrix; verify board-specific electives before production.
GGOV,ENG,STD11,ARTS,MUSIC,Music,Arts/Elective,0,1,14,Baseline Indian school subject matrix; verify board-specific electives before production.
GGOV,ENG,STD11,ARTS,DANCE,Dance,Arts/Elective,0,1,15,Baseline Indian school subject matrix; verify board-specific electives before production.
GGOV,ENG,STD11,ARTS,HPE,Health and Physical Education,Co-curricular,0,1,16,Baseline Indian school subject matrix; verify board-specific electives before production.
GGOV,ENG,STD11,VOC,ENG,English,Language,1,0,1,Baseline Indian school subject matrix; verify board-specific electives before production.
GGOV,ENG,STD11,VOC,GUJ,Gujarati,Language,1,0,2,Baseline Indian school subject matrix; verify board-specific electives before production.
GGOV,ENG,STD11,VOC,HIN,Hindi,Language,1,0,3,Baseline Indian school subject matrix; verify board-specific electives before production.
GGOV,ENG,STD11,VOC,ITITES,Information Technology / IT-ITES,Vocational,0,1,4,Baseline Indian school subject matrix; verify board-specific electives before production.
GGOV,ENG,STD11,VOC,RETAIL,Retail,Vocational,0,1,5,Baseline Indian school subject matrix; verify board-specific electives before production.
GGOV,ENG,STD11,VOC,HEALTHCARE,Healthcare,Vocational,0,1,6,Baseline Indian school subject matrix; verify board-specific electives before production.
GGOV,ENG,STD11,VOC,TOURISM,Tourism and Hospitality,Vocational,0,1,7,Baseline Indian school subject matrix; verify board-specific electives before production.
GGOV,ENG,STD11,VOC,AGRI,Agriculture,Vocational,0,1,8,Baseline Indian school subject matrix; verify board-specific electives before production.
GGOV,ENG,STD11,VOC,BANKING,Banking and Insurance,Vocational,0,1,9,Baseline Indian school subject matrix; verify board-specific electives before production.
GGOV,ENG,STD11,VOC,AUTO,Automotive,Vocational,0,1,10,Baseline Indian school subject matrix; verify board-specific electives before production.
GGOV,ENG,STD11,VOC,ELECT,Electronics and Hardware,Vocational,0,1,11,Baseline Indian school subject matrix; verify board-specific electives before production.
GGOV,ENG,STD11,VOC,BEAUTY,Beauty and Wellness,Vocational,0,1,12,Baseline Indian school subject matrix; verify board-specific electives before production.
GGOV,ENG,STD11,VOC,HPE,Health and Physical Education,Co-curricular,0,1,13,Baseline Indian school subject matrix; verify board-specific electives before production.
GGOV,ENG,STD12,SCI,ENG,English,Language,1,0,1,Baseline Indian school subject matrix; verify board-specific electives before production.
GGOV,ENG,STD12,SCI,GUJ,Gujarati,Language,1,0,2,Baseline Indian school subject matrix; verify board-specific electives before production.
GGOV,ENG,STD12,SCI,HIN,Hindi,Language,1,0,3,Baseline Indian school subject matrix; verify board-specific electives before production.
GGOV,ENG,STD12,SCI,PHY,Physics,Science,1,0,4,Baseline Indian school subject matrix; verify board-specific electives before production.
GGOV,ENG,STD12,SCI,CHEM,Chemistry,Science,1,0,5,Baseline Indian school subject matrix; verify board-specific electives before production.
GGOV,ENG,STD12,SCI,BIO,Biology,Science,0,1,6,Baseline Indian school subject matrix; verify board-specific electives before production.
GGOV,ENG,STD12,SCI,MATH,Mathematics,Core,1,0,7,Baseline Indian school subject matrix; verify board-specific electives before production.
GGOV,ENG,STD12,SCI,AMATH,Applied Mathematics,Core/Elective,0,1,8,Baseline Indian school subject matrix; verify board-specific electives before production.
GGOV,ENG,STD12,SCI,CS,Computer Science,Science/Elective,0,1,9,Baseline Indian school subject matrix; verify board-specific electives before production.
GGOV,ENG,STD12,SCI,IP,Informatics Practices,Science/Commerce/Elective,0,1,10,Baseline Indian school subject matrix; verify board-specific electives before production.
GGOV,ENG,STD12,SCI,BIOTECH,Biotechnology,Science/Elective,0,1,11,Baseline Indian school subject matrix; verify board-specific electives before production.
GGOV,ENG,STD12,SCI,ENGGFX,Engineering Graphics,Science/Elective,0,1,12,Baseline Indian school subject matrix; verify board-specific electives before production.
GGOV,ENG,STD12,SCI,HPE,Health and Physical Education,Co-curricular,0,1,13,Baseline Indian school subject matrix; verify board-specific electives before production.
GGOV,ENG,STD12,COM,ENG,English,Language,1,0,1,Baseline Indian school subject matrix; verify board-specific electives before production.
GGOV,ENG,STD12,COM,GUJ,Gujarati,Language,1,0,2,Baseline Indian school subject matrix; verify board-specific electives before production.
GGOV,ENG,STD12,COM,HIN,Hindi,Language,1,0,3,Baseline Indian school subject matrix; verify board-specific electives before production.
GGOV,ENG,STD12,COM,ACC,Accountancy,Commerce,1,0,4,Baseline Indian school subject matrix; verify board-specific electives before production.
GGOV,ENG,STD12,COM,BST,Business Studies,Commerce,1,0,5,Baseline Indian school subject matrix; verify board-specific electives before production.
GGOV,ENG,STD12,COM,BADMIN,Business Administration / Management,Commerce,1,0,6,Baseline Indian school subject matrix; verify board-specific electives before production.
GGOV,ENG,STD12,COM,ECO,Economics,Commerce/Humanities,0,1,7,Baseline Indian school subject matrix; verify board-specific electives before production.
GGOV,ENG,STD12,COM,STAT,Statistics,Commerce/Elective,0,1,8,Baseline Indian school subject matrix; verify board-specific electives before production.
GGOV,ENG,STD12,COM,MATH,Mathematics,Core,1,0,9,Baseline Indian school subject matrix; verify board-specific electives before production.
GGOV,ENG,STD12,COM,AMATH,Applied Mathematics,Core/Elective,0,1,10,Baseline Indian school subject matrix; verify board-specific electives before production.
GGOV,ENG,STD12,COM,IP,Informatics Practices,Science/Commerce/Elective,0,1,11,Baseline Indian school subject matrix; verify board-specific electives before production.
GGOV,ENG,STD12,COM,ENT,Entrepreneurship,Commerce/Elective,0,1,12,Baseline Indian school subject matrix; verify board-specific electives before production.
GGOV,ENG,STD12,COM,HPE,Health and Physical Education,Co-curricular,0,1,13,Baseline Indian school subject matrix; verify board-specific electives before production.
GGOV,ENG,STD12,ARTS,ENG,English,Language,1,0,1,Baseline Indian school subject matrix; verify board-specific electives before production.
GGOV,ENG,STD12,ARTS,GUJ,Gujarati,Language,1,0,2,Baseline Indian school subject matrix; verify board-specific electives before production.
GGOV,ENG,STD12,ARTS,HIN,Hindi,Language,1,0,3,Baseline Indian school subject matrix; verify board-specific electives before production.
GGOV,ENG,STD12,ARTS,HIST,History,Humanities,0,1,4,Baseline Indian school subject matrix; verify board-specific electives before production.
GGOV,ENG,STD12,ARTS,GEO,Geography,Humanities,0,1,5,Baseline Indian school subject matrix; verify board-specific electives before production.
GGOV,ENG,STD12,ARTS,POLSCI,Political Science,Humanities,0,1,6,Baseline Indian school subject matrix; verify board-specific electives before production.
GGOV,ENG,STD12,ARTS,SOC,Sociology,Humanities,0,1,7,Baseline Indian school subject matrix; verify board-specific electives before production.
GGOV,ENG,STD12,ARTS,PSY,Psychology,Humanities,0,1,8,Baseline Indian school subject matrix; verify board-specific electives before production.
GGOV,ENG,STD12,ARTS,ECO,Economics,Commerce/Humanities,0,1,9,Baseline Indian school subject matrix; verify board-specific electives before production.
GGOV,ENG,STD12,ARTS,PHIL,Philosophy,Humanities,0,1,10,Baseline Indian school subject matrix; verify board-specific electives before production.
GGOV,ENG,STD12,ARTS,HOMESCI,Home Science,Humanities/Elective,0,1,11,Baseline Indian school subject matrix; verify board-specific electives before production.
GGOV,ENG,STD12,ARTS,LEGAL,Legal Studies,Humanities/Elective,0,1,12,Baseline Indian school subject matrix; verify board-specific electives before production.
GGOV,ENG,STD12,ARTS,FINEART,Fine Arts / Painting,Arts/Elective,0,1,13,Baseline Indian school subject matrix; verify board-specific electives before production.
GGOV,ENG,STD12,ARTS,MUSIC,Music,Arts/Elective,0,1,14,Baseline Indian school subject matrix; verify board-specific electives before production.
GGOV,ENG,STD12,ARTS,DANCE,Dance,Arts/Elective,0,1,15,Baseline Indian school subject matrix; verify board-specific electives before production.
GGOV,ENG,STD12,ARTS,HPE,Health and Physical Education,Co-curricular,0,1,16,Baseline Indian school subject matrix; verify board-specific electives before production.
GGOV,ENG,STD12,VOC,ENG,English,Language,1,0,1,Baseline Indian school subject matrix; verify board-specific electives before production.
GGOV,ENG,STD12,VOC,GUJ,Gujarati,Language,1,0,2,Baseline Indian school subject matrix; verify board-specific electives before production.
GGOV,ENG,STD12,VOC,HIN,Hindi,Language,1,0,3,Baseline Indian school subject matrix; verify board-specific electives before production.
GGOV,ENG,STD12,VOC,ITITES,Information Technology / IT-ITES,Vocational,0,1,4,Baseline Indian school subject matrix; verify board-specific electives before production.
GGOV,ENG,STD12,VOC,RETAIL,Retail,Vocational,0,1,5,Baseline Indian school subject matrix; verify board-specific electives before production.
GGOV,ENG,STD12,VOC,HEALTHCARE,Healthcare,Vocational,0,1,6,Baseline Indian school subject matrix; verify board-specific electives before production.
GGOV,ENG,STD12,VOC,TOURISM,Tourism and Hospitality,Vocational,0,1,7,Baseline Indian school subject matrix; verify board-specific electives before production.
GGOV,ENG,STD12,VOC,AGRI,Agriculture,Vocational,0,1,8,Baseline Indian school subject matrix; verify board-specific electives before production.
GGOV,ENG,STD12,VOC,BANKING,Banking and Insurance,Vocational,0,1,9,Baseline Indian school subject matrix; verify board-specific electives before production.
GGOV,ENG,STD12,VOC,AUTO,Automotive,Vocational,0,1,10,Baseline Indian school subject matrix; verify board-specific electives before production.
GGOV,ENG,STD12,VOC,ELECT,Electronics and Hardware,Vocational,0,1,11,Baseline Indian school subject matrix; verify board-specific electives before production.
GGOV,ENG,STD12,VOC,BEAUTY,Beauty and Wellness,Vocational,0,1,12,Baseline Indian school subject matrix; verify board-specific electives before production.
GGOV,ENG,STD12,VOC,HPE,Health and Physical Education,Co-curricular,0,1,13,Baseline Indian school subject matrix; verify board-specific electives before production.
GGOV,HIN,NUR,GEN,FLIT,Foundational Literacy,Foundation,0,1,1,Baseline Indian school subject matrix; verify board-specific electives before production.
GGOV,HIN,NUR,GEN,FNUM,Foundational Numeracy,Foundation,0,1,2,Baseline Indian school subject matrix; verify board-specific electives before production.
GGOV,HIN,NUR,GEN,RHYM,Rhymes and Stories,Foundation,0,1,3,Baseline Indian school subject matrix; verify board-specific electives before production.
GGOV,HIN,NUR,GEN,PLAY,Play and Activity,Foundation,0,1,4,Baseline Indian school subject matrix; verify board-specific electives before production.
GGOV,HIN,NUR,GEN,ARTC,Art and Craft,Co-curricular,0,1,5,Baseline Indian school subject matrix; verify board-specific electives before production.
GGOV,HIN,NUR,GEN,HEALTH,Health and Hygiene,Co-curricular,0,1,6,Baseline Indian school subject matrix; verify board-specific electives before production.
GGOV,HIN,LKG,GEN,FLIT,Foundational Literacy,Foundation,0,1,1,Baseline Indian school subject matrix; verify board-specific electives before production.
GGOV,HIN,LKG,GEN,FNUM,Foundational Numeracy,Foundation,0,1,2,Baseline Indian school subject matrix; verify board-specific electives before production.
GGOV,HIN,LKG,GEN,RHYM,Rhymes and Stories,Foundation,0,1,3,Baseline Indian school subject matrix; verify board-specific electives before production.
GGOV,HIN,LKG,GEN,PLAY,Play and Activity,Foundation,0,1,4,Baseline Indian school subject matrix; verify board-specific electives before production.
GGOV,HIN,LKG,GEN,ARTC,Art and Craft,Co-curricular,0,1,5,Baseline Indian school subject matrix; verify board-specific electives before production.
GGOV,HIN,LKG,GEN,HEALTH,Health and Hygiene,Co-curricular,0,1,6,Baseline Indian school subject matrix; verify board-specific electives before production.
GGOV,HIN,UKG,GEN,FLIT,Foundational Literacy,Foundation,0,1,1,Baseline Indian school subject matrix; verify board-specific electives before production.
GGOV,HIN,UKG,GEN,FNUM,Foundational Numeracy,Foundation,0,1,2,Baseline Indian school subject matrix; verify board-specific electives before production.
GGOV,HIN,UKG,GEN,RHYM,Rhymes and Stories,Foundation,0,1,3,Baseline Indian school subject matrix; verify board-specific electives before production.
GGOV,HIN,UKG,GEN,PLAY,Play and Activity,Foundation,0,1,4,Baseline Indian school subject matrix; verify board-specific electives before production.
GGOV,HIN,UKG,GEN,ARTC,Art and Craft,Co-curricular,0,1,5,Baseline Indian school subject matrix; verify board-specific electives before production.
GGOV,HIN,UKG,GEN,HEALTH,Health and Hygiene,Co-curricular,0,1,6,Baseline Indian school subject matrix; verify board-specific electives before production.
GGOV,HIN,BAL,GEN,FLIT,Foundational Literacy,Foundation,0,1,1,Baseline Indian school subject matrix; verify board-specific electives before production.
GGOV,HIN,BAL,GEN,FNUM,Foundational Numeracy,Foundation,0,1,2,Baseline Indian school subject matrix; verify board-specific electives before production.
GGOV,HIN,BAL,GEN,RHYM,Rhymes and Stories,Foundation,0,1,3,Baseline Indian school subject matrix; verify board-specific electives before production.
GGOV,HIN,BAL,GEN,PLAY,Play and Activity,Foundation,0,1,4,Baseline Indian school subject matrix; verify board-specific electives before production.
GGOV,HIN,BAL,GEN,ARTC,Art and Craft,Co-curricular,0,1,5,Baseline Indian school subject matrix; verify board-specific electives before production.
GGOV,HIN,BAL,GEN,HEALTH,Health and Hygiene,Co-curricular,0,1,6,Baseline Indian school subject matrix; verify board-specific electives before production.
GGOV,HIN,STD01,GEN,GUJ,Gujarati,Language,1,0,1,Baseline Indian school subject matrix; verify board-specific electives before production.
GGOV,HIN,STD01,GEN,ENG,English,Language,1,0,2,Baseline Indian school subject matrix; verify board-specific electives before production.
GGOV,HIN,STD01,GEN,HIN,Hindi,Language,1,0,3,Baseline Indian school subject matrix; verify board-specific electives before production.
GGOV,HIN,STD01,GEN,MATH,Mathematics,Core,1,0,4,Baseline Indian school subject matrix; verify board-specific electives before production.
GGOV,HIN,STD01,GEN,EVS,Environmental Studies,Core,1,0,5,Baseline Indian school subject matrix; verify board-specific electives before production.
GGOV,HIN,STD01,GEN,ARTC,Art and Craft,Co-curricular,0,1,6,Baseline Indian school subject matrix; verify board-specific electives before production.
GGOV,HIN,STD01,GEN,HPE,Health and Physical Education,Co-curricular,0,1,7,Baseline Indian school subject matrix; verify board-specific electives before production.
GGOV,HIN,STD01,GEN,VALUE,Value Education / Moral Science,Co-curricular,0,1,8,Baseline Indian school subject matrix; verify board-specific electives before production.
GGOV,HIN,STD02,GEN,GUJ,Gujarati,Language,1,0,1,Baseline Indian school subject matrix; verify board-specific electives before production.
GGOV,HIN,STD02,GEN,ENG,English,Language,1,0,2,Baseline Indian school subject matrix; verify board-specific electives before production.
GGOV,HIN,STD02,GEN,HIN,Hindi,Language,1,0,3,Baseline Indian school subject matrix; verify board-specific electives before production.
GGOV,HIN,STD02,GEN,MATH,Mathematics,Core,1,0,4,Baseline Indian school subject matrix; verify board-specific electives before production.
GGOV,HIN,STD02,GEN,EVS,Environmental Studies,Core,1,0,5,Baseline Indian school subject matrix; verify board-specific electives before production.
GGOV,HIN,STD02,GEN,ARTC,Art and Craft,Co-curricular,0,1,6,Baseline Indian school subject matrix; verify board-specific electives before production.
GGOV,HIN,STD02,GEN,HPE,Health and Physical Education,Co-curricular,0,1,7,Baseline Indian school subject matrix; verify board-specific electives before production.
GGOV,HIN,STD02,GEN,VALUE,Value Education / Moral Science,Co-curricular,0,1,8,Baseline Indian school subject matrix; verify board-specific electives before production.
GGOV,HIN,STD03,GEN,GUJ,Gujarati,Language,1,0,1,Baseline Indian school subject matrix; verify board-specific electives before production.
GGOV,HIN,STD03,GEN,ENG,English,Language,1,0,2,Baseline Indian school subject matrix; verify board-specific electives before production.
GGOV,HIN,STD03,GEN,HIN,Hindi,Language,1,0,3,Baseline Indian school subject matrix; verify board-specific electives before production.
GGOV,HIN,STD03,GEN,MATH,Mathematics,Core,1,0,4,Baseline Indian school subject matrix; verify board-specific electives before production.
GGOV,HIN,STD03,GEN,EVS,Environmental Studies,Core,1,0,5,Baseline Indian school subject matrix; verify board-specific electives before production.
GGOV,HIN,STD03,GEN,COMP,Computer Studies,Core/Elective,0,1,6,Baseline Indian school subject matrix; verify board-specific electives before production.
GGOV,HIN,STD03,GEN,ARTC,Art and Craft,Co-curricular,0,1,7,Baseline Indian school subject matrix; verify board-specific electives before production.
GGOV,HIN,STD03,GEN,HPE,Health and Physical Education,Co-curricular,0,1,8,Baseline Indian school subject matrix; verify board-specific electives before production.
GGOV,HIN,STD03,GEN,VALUE,Value Education / Moral Science,Co-curricular,0,1,9,Baseline Indian school subject matrix; verify board-specific electives before production.
GGOV,HIN,STD04,GEN,GUJ,Gujarati,Language,1,0,1,Baseline Indian school subject matrix; verify board-specific electives before production.
GGOV,HIN,STD04,GEN,ENG,English,Language,1,0,2,Baseline Indian school subject matrix; verify board-specific electives before production.
GGOV,HIN,STD04,GEN,HIN,Hindi,Language,1,0,3,Baseline Indian school subject matrix; verify board-specific electives before production.
GGOV,HIN,STD04,GEN,MATH,Mathematics,Core,1,0,4,Baseline Indian school subject matrix; verify board-specific electives before production.
GGOV,HIN,STD04,GEN,EVS,Environmental Studies,Core,1,0,5,Baseline Indian school subject matrix; verify board-specific electives before production.
GGOV,HIN,STD04,GEN,COMP,Computer Studies,Core/Elective,0,1,6,Baseline Indian school subject matrix; verify board-specific electives before production.
GGOV,HIN,STD04,GEN,ARTC,Art and Craft,Co-curricular,0,1,7,Baseline Indian school subject matrix; verify board-specific electives before production.
GGOV,HIN,STD04,GEN,HPE,Health and Physical Education,Co-curricular,0,1,8,Baseline Indian school subject matrix; verify board-specific electives before production.
GGOV,HIN,STD04,GEN,VALUE,Value Education / Moral Science,Co-curricular,0,1,9,Baseline Indian school subject matrix; verify board-specific electives before production.
GGOV,HIN,STD05,GEN,GUJ,Gujarati,Language,1,0,1,Baseline Indian school subject matrix; verify board-specific electives before production.
GGOV,HIN,STD05,GEN,ENG,English,Language,1,0,2,Baseline Indian school subject matrix; verify board-specific electives before production.
GGOV,HIN,STD05,GEN,HIN,Hindi,Language,1,0,3,Baseline Indian school subject matrix; verify board-specific electives before production.
GGOV,HIN,STD05,GEN,MATH,Mathematics,Core,1,0,4,Baseline Indian school subject matrix; verify board-specific electives before production.
GGOV,HIN,STD05,GEN,EVS,Environmental Studies,Core,1,0,5,Baseline Indian school subject matrix; verify board-specific electives before production.
GGOV,HIN,STD05,GEN,COMP,Computer Studies,Core/Elective,0,1,6,Baseline Indian school subject matrix; verify board-specific electives before production.
GGOV,HIN,STD05,GEN,ARTC,Art and Craft,Co-curricular,0,1,7,Baseline Indian school subject matrix; verify board-specific electives before production.
GGOV,HIN,STD05,GEN,HPE,Health and Physical Education,Co-curricular,0,1,8,Baseline Indian school subject matrix; verify board-specific electives before production.
GGOV,HIN,STD05,GEN,VALUE,Value Education / Moral Science,Co-curricular,0,1,9,Baseline Indian school subject matrix; verify board-specific electives before production.
GGOV,HIN,STD06,GEN,GUJ,Gujarati,Language,1,0,1,Baseline Indian school subject matrix; verify board-specific electives before production.
GGOV,HIN,STD06,GEN,ENG,English,Language,1,0,2,Baseline Indian school subject matrix; verify board-specific electives before production.
GGOV,HIN,STD06,GEN,HIN,Hindi,Language,1,0,3,Baseline Indian school subject matrix; verify board-specific electives before production.
GGOV,HIN,STD06,GEN,SAN,Sanskrit,Language,0,1,4,Baseline Indian school subject matrix; verify board-specific electives before production.
GGOV,HIN,STD06,GEN,MATH,Mathematics,Core,1,0,5,Baseline Indian school subject matrix; verify board-specific electives before production.
GGOV,HIN,STD06,GEN,SCI,Science,Core,1,0,6,Baseline Indian school subject matrix; verify board-specific electives before production.
GGOV,HIN,STD06,GEN,SS,Social Science,Core,1,0,7,Baseline Indian school subject matrix; verify board-specific electives before production.
GGOV,HIN,STD06,GEN,COMP,Computer Studies,Core/Elective,0,1,8,Baseline Indian school subject matrix; verify board-specific electives before production.
GGOV,HIN,STD06,GEN,ARTEDU,Art Education,Co-curricular,0,1,9,Baseline Indian school subject matrix; verify board-specific electives before production.
GGOV,HIN,STD06,GEN,HPE,Health and Physical Education,Co-curricular,0,1,10,Baseline Indian school subject matrix; verify board-specific electives before production.
GGOV,HIN,STD06,GEN,VALUE,Value Education / Moral Science,Co-curricular,0,1,11,Baseline Indian school subject matrix; verify board-specific electives before production.
GGOV,HIN,STD07,GEN,GUJ,Gujarati,Language,1,0,1,Baseline Indian school subject matrix; verify board-specific electives before production.
GGOV,HIN,STD07,GEN,ENG,English,Language,1,0,2,Baseline Indian school subject matrix; verify board-specific electives before production.
GGOV,HIN,STD07,GEN,HIN,Hindi,Language,1,0,3,Baseline Indian school subject matrix; verify board-specific electives before production.
GGOV,HIN,STD07,GEN,SAN,Sanskrit,Language,0,1,4,Baseline Indian school subject matrix; verify board-specific electives before production.
GGOV,HIN,STD07,GEN,MATH,Mathematics,Core,1,0,5,Baseline Indian school subject matrix; verify board-specific electives before production.
GGOV,HIN,STD07,GEN,SCI,Science,Core,1,0,6,Baseline Indian school subject matrix; verify board-specific electives before production.
GGOV,HIN,STD07,GEN,SS,Social Science,Core,1,0,7,Baseline Indian school subject matrix; verify board-specific electives before production.
GGOV,HIN,STD07,GEN,COMP,Computer Studies,Core/Elective,0,1,8,Baseline Indian school subject matrix; verify board-specific electives before production.
GGOV,HIN,STD07,GEN,ARTEDU,Art Education,Co-curricular,0,1,9,Baseline Indian school subject matrix; verify board-specific electives before production.
GGOV,HIN,STD07,GEN,HPE,Health and Physical Education,Co-curricular,0,1,10,Baseline Indian school subject matrix; verify board-specific electives before production.
GGOV,HIN,STD07,GEN,VALUE,Value Education / Moral Science,Co-curricular,0,1,11,Baseline Indian school subject matrix; verify board-specific electives before production.
GGOV,HIN,STD08,GEN,GUJ,Gujarati,Language,1,0,1,Baseline Indian school subject matrix; verify board-specific electives before production.
GGOV,HIN,STD08,GEN,ENG,English,Language,1,0,2,Baseline Indian school subject matrix; verify board-specific electives before production.
GGOV,HIN,STD08,GEN,HIN,Hindi,Language,1,0,3,Baseline Indian school subject matrix; verify board-specific electives before production.
GGOV,HIN,STD08,GEN,SAN,Sanskrit,Language,0,1,4,Baseline Indian school subject matrix; verify board-specific electives before production.
GGOV,HIN,STD08,GEN,MATH,Mathematics,Core,1,0,5,Baseline Indian school subject matrix; verify board-specific electives before production.
GGOV,HIN,STD08,GEN,SCI,Science,Core,1,0,6,Baseline Indian school subject matrix; verify board-specific electives before production.
GGOV,HIN,STD08,GEN,SS,Social Science,Core,1,0,7,Baseline Indian school subject matrix; verify board-specific electives before production.
GGOV,HIN,STD08,GEN,COMP,Computer Studies,Core/Elective,0,1,8,Baseline Indian school subject matrix; verify board-specific electives before production.
GGOV,HIN,STD08,GEN,ARTEDU,Art Education,Co-curricular,0,1,9,Baseline Indian school subject matrix; verify board-specific electives before production.
GGOV,HIN,STD08,GEN,HPE,Health and Physical Education,Co-curricular,0,1,10,Baseline Indian school subject matrix; verify board-specific electives before production.
GGOV,HIN,STD08,GEN,VALUE,Value Education / Moral Science,Co-curricular,0,1,11,Baseline Indian school subject matrix; verify board-specific electives before production.
GGOV,HIN,STD09,GEN,GUJ,Gujarati,Language,1,0,1,Baseline Indian school subject matrix; verify board-specific electives before production.
GGOV,HIN,STD09,GEN,ENG,English,Language,1,0,2,Baseline Indian school subject matrix; verify board-specific electives before production.
GGOV,HIN,STD09,GEN,HIN,Hindi,Language,1,0,3,Baseline Indian school subject matrix; verify board-specific electives before production.
GGOV,HIN,STD09,GEN,SAN,Sanskrit,Language,0,1,4,Baseline Indian school subject matrix; verify board-specific electives before production.
GGOV,HIN,STD09,GEN,MATH,Mathematics,Core,1,0,5,Baseline Indian school subject matrix; verify board-specific electives before production.
GGOV,HIN,STD09,GEN,SCI,Science,Core,1,0,6,Baseline Indian school subject matrix; verify board-specific electives before production.
GGOV,HIN,STD09,GEN,SS,Social Science,Core,1,0,7,Baseline Indian school subject matrix; verify board-specific electives before production.
GGOV,HIN,STD09,GEN,COMP,Computer Studies,Core/Elective,0,1,8,Baseline Indian school subject matrix; verify board-specific electives before production.
GGOV,HIN,STD09,GEN,AI,Artificial Intelligence,Skill/Elective,0,1,9,Baseline Indian school subject matrix; verify board-specific electives before production.
GGOV,HIN,STD09,GEN,HPE,Health and Physical Education,Co-curricular,0,1,10,Baseline Indian school subject matrix; verify board-specific electives before production.
GGOV,HIN,STD09,GEN,ARTEDU,Art Education,Co-curricular,0,1,11,Baseline Indian school subject matrix; verify board-specific electives before production.
GGOV,HIN,STD09,GEN,WORKEX,Work Experience,Co-curricular,0,1,12,Baseline Indian school subject matrix; verify board-specific electives before production.
GGOV,HIN,STD09,GEN,NCC,National Cadet Corps,Elective,0,1,13,Baseline Indian school subject matrix; verify board-specific electives before production.
GGOV,HIN,STD09,VOC,ENG,English,Language,1,0,1,Baseline Indian school subject matrix; verify board-specific electives before production.
GGOV,HIN,STD09,VOC,GUJ,Gujarati,Language,1,0,2,Baseline Indian school subject matrix; verify board-specific electives before production.
GGOV,HIN,STD09,VOC,HIN,Hindi,Language,1,0,3,Baseline Indian school subject matrix; verify board-specific electives before production.
GGOV,HIN,STD09,VOC,ITITES,Information Technology / IT-ITES,Vocational,0,1,4,Baseline Indian school subject matrix; verify board-specific electives before production.
GGOV,HIN,STD09,VOC,RETAIL,Retail,Vocational,0,1,5,Baseline Indian school subject matrix; verify board-specific electives before production.
GGOV,HIN,STD09,VOC,HEALTHCARE,Healthcare,Vocational,0,1,6,Baseline Indian school subject matrix; verify board-specific electives before production.
GGOV,HIN,STD09,VOC,TOURISM,Tourism and Hospitality,Vocational,0,1,7,Baseline Indian school subject matrix; verify board-specific electives before production.
GGOV,HIN,STD09,VOC,AGRI,Agriculture,Vocational,0,1,8,Baseline Indian school subject matrix; verify board-specific electives before production.
GGOV,HIN,STD09,VOC,BANKING,Banking and Insurance,Vocational,0,1,9,Baseline Indian school subject matrix; verify board-specific electives before production.
GGOV,HIN,STD09,VOC,AUTO,Automotive,Vocational,0,1,10,Baseline Indian school subject matrix; verify board-specific electives before production.
GGOV,HIN,STD09,VOC,ELECT,Electronics and Hardware,Vocational,0,1,11,Baseline Indian school subject matrix; verify board-specific electives before production.
GGOV,HIN,STD09,VOC,BEAUTY,Beauty and Wellness,Vocational,0,1,12,Baseline Indian school subject matrix; verify board-specific electives before production.
GGOV,HIN,STD09,VOC,HPE,Health and Physical Education,Co-curricular,0,1,13,Baseline Indian school subject matrix; verify board-specific electives before production.
GGOV,HIN,STD10,GEN,GUJ,Gujarati,Language,1,0,1,Baseline Indian school subject matrix; verify board-specific electives before production.
GGOV,HIN,STD10,GEN,ENG,English,Language,1,0,2,Baseline Indian school subject matrix; verify board-specific electives before production.
GGOV,HIN,STD10,GEN,HIN,Hindi,Language,1,0,3,Baseline Indian school subject matrix; verify board-specific electives before production.
GGOV,HIN,STD10,GEN,SAN,Sanskrit,Language,0,1,4,Baseline Indian school subject matrix; verify board-specific electives before production.
GGOV,HIN,STD10,GEN,MATH,Mathematics,Core,1,0,5,Baseline Indian school subject matrix; verify board-specific electives before production.
GGOV,HIN,STD10,GEN,SCI,Science,Core,1,0,6,Baseline Indian school subject matrix; verify board-specific electives before production.
GGOV,HIN,STD10,GEN,SS,Social Science,Core,1,0,7,Baseline Indian school subject matrix; verify board-specific electives before production.
GGOV,HIN,STD10,GEN,COMP,Computer Studies,Core/Elective,0,1,8,Baseline Indian school subject matrix; verify board-specific electives before production.
GGOV,HIN,STD10,GEN,AI,Artificial Intelligence,Skill/Elective,0,1,9,Baseline Indian school subject matrix; verify board-specific electives before production.
GGOV,HIN,STD10,GEN,HPE,Health and Physical Education,Co-curricular,0,1,10,Baseline Indian school subject matrix; verify board-specific electives before production.
GGOV,HIN,STD10,GEN,ARTEDU,Art Education,Co-curricular,0,1,11,Baseline Indian school subject matrix; verify board-specific electives before production.
GGOV,HIN,STD10,GEN,WORKEX,Work Experience,Co-curricular,0,1,12,Baseline Indian school subject matrix; verify board-specific electives before production.
GGOV,HIN,STD10,GEN,NCC,National Cadet Corps,Elective,0,1,13,Baseline Indian school subject matrix; verify board-specific electives before production.
GGOV,HIN,STD10,VOC,ENG,English,Language,1,0,1,Baseline Indian school subject matrix; verify board-specific electives before production.
GGOV,HIN,STD10,VOC,GUJ,Gujarati,Language,1,0,2,Baseline Indian school subject matrix; verify board-specific electives before production.
GGOV,HIN,STD10,VOC,HIN,Hindi,Language,1,0,3,Baseline Indian school subject matrix; verify board-specific electives before production.
GGOV,HIN,STD10,VOC,ITITES,Information Technology / IT-ITES,Vocational,0,1,4,Baseline Indian school subject matrix; verify board-specific electives before production.
GGOV,HIN,STD10,VOC,RETAIL,Retail,Vocational,0,1,5,Baseline Indian school subject matrix; verify board-specific electives before production.
GGOV,HIN,STD10,VOC,HEALTHCARE,Healthcare,Vocational,0,1,6,Baseline Indian school subject matrix; verify board-specific electives before production.
GGOV,HIN,STD10,VOC,TOURISM,Tourism and Hospitality,Vocational,0,1,7,Baseline Indian school subject matrix; verify board-specific electives before production.
GGOV,HIN,STD10,VOC,AGRI,Agriculture,Vocational,0,1,8,Baseline Indian school subject matrix; verify board-specific electives before production.
GGOV,HIN,STD10,VOC,BANKING,Banking and Insurance,Vocational,0,1,9,Baseline Indian school subject matrix; verify board-specific electives before production.
GGOV,HIN,STD10,VOC,AUTO,Automotive,Vocational,0,1,10,Baseline Indian school subject matrix; verify board-specific electives before production.
GGOV,HIN,STD10,VOC,ELECT,Electronics and Hardware,Vocational,0,1,11,Baseline Indian school subject matrix; verify board-specific electives before production.
GGOV,HIN,STD10,VOC,BEAUTY,Beauty and Wellness,Vocational,0,1,12,Baseline Indian school subject matrix; verify board-specific electives before production.
GGOV,HIN,STD10,VOC,HPE,Health and Physical Education,Co-curricular,0,1,13,Baseline Indian school subject matrix; verify board-specific electives before production.
GGOV,HIN,STD11,SCI,ENG,English,Language,1,0,1,Baseline Indian school subject matrix; verify board-specific electives before production.
GGOV,HIN,STD11,SCI,GUJ,Gujarati,Language,1,0,2,Baseline Indian school subject matrix; verify board-specific electives before production.
GGOV,HIN,STD11,SCI,HIN,Hindi,Language,1,0,3,Baseline Indian school subject matrix; verify board-specific electives before production.
GGOV,HIN,STD11,SCI,PHY,Physics,Science,1,0,4,Baseline Indian school subject matrix; verify board-specific electives before production.
GGOV,HIN,STD11,SCI,CHEM,Chemistry,Science,1,0,5,Baseline Indian school subject matrix; verify board-specific electives before production.
GGOV,HIN,STD11,SCI,BIO,Biology,Science,0,1,6,Baseline Indian school subject matrix; verify board-specific electives before production.
GGOV,HIN,STD11,SCI,MATH,Mathematics,Core,1,0,7,Baseline Indian school subject matrix; verify board-specific electives before production.
GGOV,HIN,STD11,SCI,AMATH,Applied Mathematics,Core/Elective,0,1,8,Baseline Indian school subject matrix; verify board-specific electives before production.
GGOV,HIN,STD11,SCI,CS,Computer Science,Science/Elective,0,1,9,Baseline Indian school subject matrix; verify board-specific electives before production.
GGOV,HIN,STD11,SCI,IP,Informatics Practices,Science/Commerce/Elective,0,1,10,Baseline Indian school subject matrix; verify board-specific electives before production.
GGOV,HIN,STD11,SCI,BIOTECH,Biotechnology,Science/Elective,0,1,11,Baseline Indian school subject matrix; verify board-specific electives before production.
GGOV,HIN,STD11,SCI,ENGGFX,Engineering Graphics,Science/Elective,0,1,12,Baseline Indian school subject matrix; verify board-specific electives before production.
GGOV,HIN,STD11,SCI,HPE,Health and Physical Education,Co-curricular,0,1,13,Baseline Indian school subject matrix; verify board-specific electives before production.
GGOV,HIN,STD11,COM,ENG,English,Language,1,0,1,Baseline Indian school subject matrix; verify board-specific electives before production.
GGOV,HIN,STD11,COM,GUJ,Gujarati,Language,1,0,2,Baseline Indian school subject matrix; verify board-specific electives before production.
GGOV,HIN,STD11,COM,HIN,Hindi,Language,1,0,3,Baseline Indian school subject matrix; verify board-specific electives before production.
GGOV,HIN,STD11,COM,ACC,Accountancy,Commerce,1,0,4,Baseline Indian school subject matrix; verify board-specific electives before production.
GGOV,HIN,STD11,COM,BST,Business Studies,Commerce,1,0,5,Baseline Indian school subject matrix; verify board-specific electives before production.
GGOV,HIN,STD11,COM,BADMIN,Business Administration / Management,Commerce,1,0,6,Baseline Indian school subject matrix; verify board-specific electives before production.
GGOV,HIN,STD11,COM,ECO,Economics,Commerce/Humanities,0,1,7,Baseline Indian school subject matrix; verify board-specific electives before production.
GGOV,HIN,STD11,COM,STAT,Statistics,Commerce/Elective,0,1,8,Baseline Indian school subject matrix; verify board-specific electives before production.
GGOV,HIN,STD11,COM,MATH,Mathematics,Core,1,0,9,Baseline Indian school subject matrix; verify board-specific electives before production.
GGOV,HIN,STD11,COM,AMATH,Applied Mathematics,Core/Elective,0,1,10,Baseline Indian school subject matrix; verify board-specific electives before production.
GGOV,HIN,STD11,COM,IP,Informatics Practices,Science/Commerce/Elective,0,1,11,Baseline Indian school subject matrix; verify board-specific electives before production.
GGOV,HIN,STD11,COM,ENT,Entrepreneurship,Commerce/Elective,0,1,12,Baseline Indian school subject matrix; verify board-specific electives before production.
GGOV,HIN,STD11,COM,HPE,Health and Physical Education,Co-curricular,0,1,13,Baseline Indian school subject matrix; verify board-specific electives before production.
GGOV,HIN,STD11,ARTS,ENG,English,Language,1,0,1,Baseline Indian school subject matrix; verify board-specific electives before production.
GGOV,HIN,STD11,ARTS,GUJ,Gujarati,Language,1,0,2,Baseline Indian school subject matrix; verify board-specific electives before production.
GGOV,HIN,STD11,ARTS,HIN,Hindi,Language,1,0,3,Baseline Indian school subject matrix; verify board-specific electives before production.
GGOV,HIN,STD11,ARTS,HIST,History,Humanities,0,1,4,Baseline Indian school subject matrix; verify board-specific electives before production.
GGOV,HIN,STD11,ARTS,GEO,Geography,Humanities,0,1,5,Baseline Indian school subject matrix; verify board-specific electives before production.
GGOV,HIN,STD11,ARTS,POLSCI,Political Science,Humanities,0,1,6,Baseline Indian school subject matrix; verify board-specific electives before production.
GGOV,HIN,STD11,ARTS,SOC,Sociology,Humanities,0,1,7,Baseline Indian school subject matrix; verify board-specific electives before production.
GGOV,HIN,STD11,ARTS,PSY,Psychology,Humanities,0,1,8,Baseline Indian school subject matrix; verify board-specific electives before production.
GGOV,HIN,STD11,ARTS,ECO,Economics,Commerce/Humanities,0,1,9,Baseline Indian school subject matrix; verify board-specific electives before production.
GGOV,HIN,STD11,ARTS,PHIL,Philosophy,Humanities,0,1,10,Baseline Indian school subject matrix; verify board-specific electives before production.
GGOV,HIN,STD11,ARTS,HOMESCI,Home Science,Humanities/Elective,0,1,11,Baseline Indian school subject matrix; verify board-specific electives before production.
GGOV,HIN,STD11,ARTS,LEGAL,Legal Studies,Humanities/Elective,0,1,12,Baseline Indian school subject matrix; verify board-specific electives before production.
GGOV,HIN,STD11,ARTS,FINEART,Fine Arts / Painting,Arts/Elective,0,1,13,Baseline Indian school subject matrix; verify board-specific electives before production.
GGOV,HIN,STD11,ARTS,MUSIC,Music,Arts/Elective,0,1,14,Baseline Indian school subject matrix; verify board-specific electives before production.
GGOV,HIN,STD11,ARTS,DANCE,Dance,Arts/Elective,0,1,15,Baseline Indian school subject matrix; verify board-specific electives before production.
GGOV,HIN,STD11,ARTS,HPE,Health and Physical Education,Co-curricular,0,1,16,Baseline Indian school subject matrix; verify board-specific electives before production.
GGOV,HIN,STD11,VOC,ENG,English,Language,1,0,1,Baseline Indian school subject matrix; verify board-specific electives before production.
GGOV,HIN,STD11,VOC,GUJ,Gujarati,Language,1,0,2,Baseline Indian school subject matrix; verify board-specific electives before production.
GGOV,HIN,STD11,VOC,HIN,Hindi,Language,1,0,3,Baseline Indian school subject matrix; verify board-specific electives before production.
GGOV,HIN,STD11,VOC,ITITES,Information Technology / IT-ITES,Vocational,0,1,4,Baseline Indian school subject matrix; verify board-specific electives before production.
GGOV,HIN,STD11,VOC,RETAIL,Retail,Vocational,0,1,5,Baseline Indian school subject matrix; verify board-specific electives before production.
GGOV,HIN,STD11,VOC,HEALTHCARE,Healthcare,Vocational,0,1,6,Baseline Indian school subject matrix; verify board-specific electives before production.
GGOV,HIN,STD11,VOC,TOURISM,Tourism and Hospitality,Vocational,0,1,7,Baseline Indian school subject matrix; verify board-specific electives before production.
GGOV,HIN,STD11,VOC,AGRI,Agriculture,Vocational,0,1,8,Baseline Indian school subject matrix; verify board-specific electives before production.
GGOV,HIN,STD11,VOC,BANKING,Banking and Insurance,Vocational,0,1,9,Baseline Indian school subject matrix; verify board-specific electives before production.
GGOV,HIN,STD11,VOC,AUTO,Automotive,Vocational,0,1,10,Baseline Indian school subject matrix; verify board-specific electives before production.
GGOV,HIN,STD11,VOC,ELECT,Electronics and Hardware,Vocational,0,1,11,Baseline Indian school subject matrix; verify board-specific electives before production.
GGOV,HIN,STD11,VOC,BEAUTY,Beauty and Wellness,Vocational,0,1,12,Baseline Indian school subject matrix; verify board-specific electives before production.
GGOV,HIN,STD11,VOC,HPE,Health and Physical Education,Co-curricular,0,1,13,Baseline Indian school subject matrix; verify board-specific electives before production.
GGOV,HIN,STD12,SCI,ENG,English,Language,1,0,1,Baseline Indian school subject matrix; verify board-specific electives before production.
GGOV,HIN,STD12,SCI,GUJ,Gujarati,Language,1,0,2,Baseline Indian school subject matrix; verify board-specific electives before production.
GGOV,HIN,STD12,SCI,HIN,Hindi,Language,1,0,3,Baseline Indian school subject matrix; verify board-specific electives before production.
GGOV,HIN,STD12,SCI,PHY,Physics,Science,1,0,4,Baseline Indian school subject matrix; verify board-specific electives before production.
GGOV,HIN,STD12,SCI,CHEM,Chemistry,Science,1,0,5,Baseline Indian school subject matrix; verify board-specific electives before production.
GGOV,HIN,STD12,SCI,BIO,Biology,Science,0,1,6,Baseline Indian school subject matrix; verify board-specific electives before production.
GGOV,HIN,STD12,SCI,MATH,Mathematics,Core,1,0,7,Baseline Indian school subject matrix; verify board-specific electives before production.
GGOV,HIN,STD12,SCI,AMATH,Applied Mathematics,Core/Elective,0,1,8,Baseline Indian school subject matrix; verify board-specific electives before production.
GGOV,HIN,STD12,SCI,CS,Computer Science,Science/Elective,0,1,9,Baseline Indian school subject matrix; verify board-specific electives before production.
GGOV,HIN,STD12,SCI,IP,Informatics Practices,Science/Commerce/Elective,0,1,10,Baseline Indian school subject matrix; verify board-specific electives before production.
GGOV,HIN,STD12,SCI,BIOTECH,Biotechnology,Science/Elective,0,1,11,Baseline Indian school subject matrix; verify board-specific electives before production.
GGOV,HIN,STD12,SCI,ENGGFX,Engineering Graphics,Science/Elective,0,1,12,Baseline Indian school subject matrix; verify board-specific electives before production.
GGOV,HIN,STD12,SCI,HPE,Health and Physical Education,Co-curricular,0,1,13,Baseline Indian school subject matrix; verify board-specific electives before production.
GGOV,HIN,STD12,COM,ENG,English,Language,1,0,1,Baseline Indian school subject matrix; verify board-specific electives before production.
GGOV,HIN,STD12,COM,GUJ,Gujarati,Language,1,0,2,Baseline Indian school subject matrix; verify board-specific electives before production.
GGOV,HIN,STD12,COM,HIN,Hindi,Language,1,0,3,Baseline Indian school subject matrix; verify board-specific electives before production.
GGOV,HIN,STD12,COM,ACC,Accountancy,Commerce,1,0,4,Baseline Indian school subject matrix; verify board-specific electives before production.
GGOV,HIN,STD12,COM,BST,Business Studies,Commerce,1,0,5,Baseline Indian school subject matrix; verify board-specific electives before production.
GGOV,HIN,STD12,COM,BADMIN,Business Administration / Management,Commerce,1,0,6,Baseline Indian school subject matrix; verify board-specific electives before production.
GGOV,HIN,STD12,COM,ECO,Economics,Commerce/Humanities,0,1,7,Baseline Indian school subject matrix; verify board-specific electives before production.
GGOV,HIN,STD12,COM,STAT,Statistics,Commerce/Elective,0,1,8,Baseline Indian school subject matrix; verify board-specific electives before production.
GGOV,HIN,STD12,COM,MATH,Mathematics,Core,1,0,9,Baseline Indian school subject matrix; verify board-specific electives before production.
GGOV,HIN,STD12,COM,AMATH,Applied Mathematics,Core/Elective,0,1,10,Baseline Indian school subject matrix; verify board-specific electives before production.
GGOV,HIN,STD12,COM,IP,Informatics Practices,Science/Commerce/Elective,0,1,11,Baseline Indian school subject matrix; verify board-specific electives before production.
GGOV,HIN,STD12,COM,ENT,Entrepreneurship,Commerce/Elective,0,1,12,Baseline Indian school subject matrix; verify board-specific electives before production.
GGOV,HIN,STD12,COM,HPE,Health and Physical Education,Co-curricular,0,1,13,Baseline Indian school subject matrix; verify board-specific electives before production.
GGOV,HIN,STD12,ARTS,ENG,English,Language,1,0,1,Baseline Indian school subject matrix; verify board-specific electives before production.
GGOV,HIN,STD12,ARTS,GUJ,Gujarati,Language,1,0,2,Baseline Indian school subject matrix; verify board-specific electives before production.
GGOV,HIN,STD12,ARTS,HIN,Hindi,Language,1,0,3,Baseline Indian school subject matrix; verify board-specific electives before production.
GGOV,HIN,STD12,ARTS,HIST,History,Humanities,0,1,4,Baseline Indian school subject matrix; verify board-specific electives before production.
GGOV,HIN,STD12,ARTS,GEO,Geography,Humanities,0,1,5,Baseline Indian school subject matrix; verify board-specific electives before production.
GGOV,HIN,STD12,ARTS,POLSCI,Political Science,Humanities,0,1,6,Baseline Indian school subject matrix; verify board-specific electives before production.
GGOV,HIN,STD12,ARTS,SOC,Sociology,Humanities,0,1,7,Baseline Indian school subject matrix; verify board-specific electives before production.
GGOV,HIN,STD12,ARTS,PSY,Psychology,Humanities,0,1,8,Baseline Indian school subject matrix; verify board-specific electives before production.
GGOV,HIN,STD12,ARTS,ECO,Economics,Commerce/Humanities,0,1,9,Baseline Indian school subject matrix; verify board-specific electives before production.
GGOV,HIN,STD12,ARTS,PHIL,Philosophy,Humanities,0,1,10,Baseline Indian school subject matrix; verify board-specific electives before production.
GGOV,HIN,STD12,ARTS,HOMESCI,Home Science,Humanities/Elective,0,1,11,Baseline Indian school subject matrix; verify board-specific electives before production.
GGOV,HIN,STD12,ARTS,LEGAL,Legal Studies,Humanities/Elective,0,1,12,Baseline Indian school subject matrix; verify board-specific electives before production.
GGOV,HIN,STD12,ARTS,FINEART,Fine Arts / Painting,Arts/Elective,0,1,13,Baseline Indian school subject matrix; verify board-specific electives before production.
GGOV,HIN,STD12,ARTS,MUSIC,Music,Arts/Elective,0,1,14,Baseline Indian school subject matrix; verify board-specific electives before production.
GGOV,HIN,STD12,ARTS,DANCE,Dance,Arts/Elective,0,1,15,Baseline Indian school subject matrix; verify board-specific electives before production.
GGOV,HIN,STD12,ARTS,HPE,Health and Physical Education,Co-curricular,0,1,16,Baseline Indian school subject matrix; verify board-specific electives before production.
GGOV,HIN,STD12,VOC,ENG,English,Language,1,0,1,Baseline Indian school subject matrix; verify board-specific electives before production.
GGOV,HIN,STD12,VOC,GUJ,Gujarati,Language,1,0,2,Baseline Indian school subject matrix; verify board-specific electives before production.
GGOV,HIN,STD12,VOC,HIN,Hindi,Language,1,0,3,Baseline Indian school subject matrix; verify board-specific electives before production.
GGOV,HIN,STD12,VOC,ITITES,Information Technology / IT-ITES,Vocational,0,1,4,Baseline Indian school subject matrix; verify board-specific electives before production.
GGOV,HIN,STD12,VOC,RETAIL,Retail,Vocational,0,1,5,Baseline Indian school subject matrix; verify board-specific electives before production.
GGOV,HIN,STD12,VOC,HEALTHCARE,Healthcare,Vocational,0,1,6,Baseline Indian school subject matrix; verify board-specific electives before production.
GGOV,HIN,STD12,VOC,TOURISM,Tourism and Hospitality,Vocational,0,1,7,Baseline Indian school subject matrix; verify board-specific electives before production.
GGOV,HIN,STD12,VOC,AGRI,Agriculture,Vocational,0,1,8,Baseline Indian school subject matrix; verify board-specific electives before production.
GGOV,HIN,STD12,VOC,BANKING,Banking and Insurance,Vocational,0,1,9,Baseline Indian school subject matrix; verify board-specific electives before production.
GGOV,HIN,STD12,VOC,AUTO,Automotive,Vocational,0,1,10,Baseline Indian school subject matrix; verify board-specific electives before production.
GGOV,HIN,STD12,VOC,ELECT,Electronics and Hardware,Vocational,0,1,11,Baseline Indian school subject matrix; verify board-specific electives before production.
GGOV,HIN,STD12,VOC,BEAUTY,Beauty and Wellness,Vocational,0,1,12,Baseline Indian school subject matrix; verify board-specific electives before production.
GGOV,HIN,STD12,VOC,HPE,Health and Physical Education,Co-curricular,0,1,13,Baseline Indian school subject matrix; verify board-specific electives before production.
GSEB,GUJ,NUR,GEN,FLIT,Foundational Literacy,Foundation,0,1,1,Baseline Indian school subject matrix; verify board-specific electives before production.
GSEB,GUJ,NUR,GEN,FNUM,Foundational Numeracy,Foundation,0,1,2,Baseline Indian school subject matrix; verify board-specific electives before production.
GSEB,GUJ,NUR,GEN,RHYM,Rhymes and Stories,Foundation,0,1,3,Baseline Indian school subject matrix; verify board-specific electives before production.
GSEB,GUJ,NUR,GEN,PLAY,Play and Activity,Foundation,0,1,4,Baseline Indian school subject matrix; verify board-specific electives before production.
GSEB,GUJ,NUR,GEN,ARTC,Art and Craft,Co-curricular,0,1,5,Baseline Indian school subject matrix; verify board-specific electives before production.
GSEB,GUJ,NUR,GEN,HEALTH,Health and Hygiene,Co-curricular,0,1,6,Baseline Indian school subject matrix; verify board-specific electives before production.
GSEB,GUJ,LKG,GEN,FLIT,Foundational Literacy,Foundation,0,1,1,Baseline Indian school subject matrix; verify board-specific electives before production.
GSEB,GUJ,LKG,GEN,FNUM,Foundational Numeracy,Foundation,0,1,2,Baseline Indian school subject matrix; verify board-specific electives before production.
GSEB,GUJ,LKG,GEN,RHYM,Rhymes and Stories,Foundation,0,1,3,Baseline Indian school subject matrix; verify board-specific electives before production.
GSEB,GUJ,LKG,GEN,PLAY,Play and Activity,Foundation,0,1,4,Baseline Indian school subject matrix; verify board-specific electives before production.
GSEB,GUJ,LKG,GEN,ARTC,Art and Craft,Co-curricular,0,1,5,Baseline Indian school subject matrix; verify board-specific electives before production.
GSEB,GUJ,LKG,GEN,HEALTH,Health and Hygiene,Co-curricular,0,1,6,Baseline Indian school subject matrix; verify board-specific electives before production.
GSEB,GUJ,UKG,GEN,FLIT,Foundational Literacy,Foundation,0,1,1,Baseline Indian school subject matrix; verify board-specific electives before production.
GSEB,GUJ,UKG,GEN,FNUM,Foundational Numeracy,Foundation,0,1,2,Baseline Indian school subject matrix; verify board-specific electives before production.
GSEB,GUJ,UKG,GEN,RHYM,Rhymes and Stories,Foundation,0,1,3,Baseline Indian school subject matrix; verify board-specific electives before production.
GSEB,GUJ,UKG,GEN,PLAY,Play and Activity,Foundation,0,1,4,Baseline Indian school subject matrix; verify board-specific electives before production.
GSEB,GUJ,UKG,GEN,ARTC,Art and Craft,Co-curricular,0,1,5,Baseline Indian school subject matrix; verify board-specific electives before production.
GSEB,GUJ,UKG,GEN,HEALTH,Health and Hygiene,Co-curricular,0,1,6,Baseline Indian school subject matrix; verify board-specific electives before production.
GSEB,GUJ,BAL,GEN,FLIT,Foundational Literacy,Foundation,0,1,1,Baseline Indian school subject matrix; verify board-specific electives before production.
GSEB,GUJ,BAL,GEN,FNUM,Foundational Numeracy,Foundation,0,1,2,Baseline Indian school subject matrix; verify board-specific electives before production.
GSEB,GUJ,BAL,GEN,RHYM,Rhymes and Stories,Foundation,0,1,3,Baseline Indian school subject matrix; verify board-specific electives before production.
GSEB,GUJ,BAL,GEN,PLAY,Play and Activity,Foundation,0,1,4,Baseline Indian school subject matrix; verify board-specific electives before production.
GSEB,GUJ,BAL,GEN,ARTC,Art and Craft,Co-curricular,0,1,5,Baseline Indian school subject matrix; verify board-specific electives before production.
GSEB,GUJ,BAL,GEN,HEALTH,Health and Hygiene,Co-curricular,0,1,6,Baseline Indian school subject matrix; verify board-specific electives before production.
GSEB,GUJ,STD01,GEN,GUJ,Gujarati,Language,1,0,1,Baseline Indian school subject matrix; verify board-specific electives before production.
GSEB,GUJ,STD01,GEN,ENG,English,Language,1,0,2,Baseline Indian school subject matrix; verify board-specific electives before production.
GSEB,GUJ,STD01,GEN,HIN,Hindi,Language,1,0,3,Baseline Indian school subject matrix; verify board-specific electives before production.
GSEB,GUJ,STD01,GEN,MATH,Mathematics,Core,1,0,4,Baseline Indian school subject matrix; verify board-specific electives before production.
GSEB,GUJ,STD01,GEN,EVS,Environmental Studies,Core,1,0,5,Baseline Indian school subject matrix; verify board-specific electives before production.
GSEB,GUJ,STD01,GEN,ARTC,Art and Craft,Co-curricular,0,1,6,Baseline Indian school subject matrix; verify board-specific electives before production.
GSEB,GUJ,STD01,GEN,HPE,Health and Physical Education,Co-curricular,0,1,7,Baseline Indian school subject matrix; verify board-specific electives before production.
GSEB,GUJ,STD01,GEN,VALUE,Value Education / Moral Science,Co-curricular,0,1,8,Baseline Indian school subject matrix; verify board-specific electives before production.
GSEB,GUJ,STD02,GEN,GUJ,Gujarati,Language,1,0,1,Baseline Indian school subject matrix; verify board-specific electives before production.
GSEB,GUJ,STD02,GEN,ENG,English,Language,1,0,2,Baseline Indian school subject matrix; verify board-specific electives before production.
GSEB,GUJ,STD02,GEN,HIN,Hindi,Language,1,0,3,Baseline Indian school subject matrix; verify board-specific electives before production.
GSEB,GUJ,STD02,GEN,MATH,Mathematics,Core,1,0,4,Baseline Indian school subject matrix; verify board-specific electives before production.
GSEB,GUJ,STD02,GEN,EVS,Environmental Studies,Core,1,0,5,Baseline Indian school subject matrix; verify board-specific electives before production.
GSEB,GUJ,STD02,GEN,ARTC,Art and Craft,Co-curricular,0,1,6,Baseline Indian school subject matrix; verify board-specific electives before production.
GSEB,GUJ,STD02,GEN,HPE,Health and Physical Education,Co-curricular,0,1,7,Baseline Indian school subject matrix; verify board-specific electives before production.
GSEB,GUJ,STD02,GEN,VALUE,Value Education / Moral Science,Co-curricular,0,1,8,Baseline Indian school subject matrix; verify board-specific electives before production.
GSEB,GUJ,STD03,GEN,GUJ,Gujarati,Language,1,0,1,Baseline Indian school subject matrix; verify board-specific electives before production.
GSEB,GUJ,STD03,GEN,ENG,English,Language,1,0,2,Baseline Indian school subject matrix; verify board-specific electives before production.
GSEB,GUJ,STD03,GEN,HIN,Hindi,Language,1,0,3,Baseline Indian school subject matrix; verify board-specific electives before production.
GSEB,GUJ,STD03,GEN,MATH,Mathematics,Core,1,0,4,Baseline Indian school subject matrix; verify board-specific electives before production.
GSEB,GUJ,STD03,GEN,EVS,Environmental Studies,Core,1,0,5,Baseline Indian school subject matrix; verify board-specific electives before production.
GSEB,GUJ,STD03,GEN,COMP,Computer Studies,Core/Elective,0,1,6,Baseline Indian school subject matrix; verify board-specific electives before production.
GSEB,GUJ,STD03,GEN,ARTC,Art and Craft,Co-curricular,0,1,7,Baseline Indian school subject matrix; verify board-specific electives before production.
GSEB,GUJ,STD03,GEN,HPE,Health and Physical Education,Co-curricular,0,1,8,Baseline Indian school subject matrix; verify board-specific electives before production.
GSEB,GUJ,STD03,GEN,VALUE,Value Education / Moral Science,Co-curricular,0,1,9,Baseline Indian school subject matrix; verify board-specific electives before production.
GSEB,GUJ,STD04,GEN,GUJ,Gujarati,Language,1,0,1,Baseline Indian school subject matrix; verify board-specific electives before production.
GSEB,GUJ,STD04,GEN,ENG,English,Language,1,0,2,Baseline Indian school subject matrix; verify board-specific electives before production.
GSEB,GUJ,STD04,GEN,HIN,Hindi,Language,1,0,3,Baseline Indian school subject matrix; verify board-specific electives before production.
GSEB,GUJ,STD04,GEN,MATH,Mathematics,Core,1,0,4,Baseline Indian school subject matrix; verify board-specific electives before production.
GSEB,GUJ,STD04,GEN,EVS,Environmental Studies,Core,1,0,5,Baseline Indian school subject matrix; verify board-specific electives before production.
GSEB,GUJ,STD04,GEN,COMP,Computer Studies,Core/Elective,0,1,6,Baseline Indian school subject matrix; verify board-specific electives before production.
GSEB,GUJ,STD04,GEN,ARTC,Art and Craft,Co-curricular,0,1,7,Baseline Indian school subject matrix; verify board-specific electives before production.
GSEB,GUJ,STD04,GEN,HPE,Health and Physical Education,Co-curricular,0,1,8,Baseline Indian school subject matrix; verify board-specific electives before production.
GSEB,GUJ,STD04,GEN,VALUE,Value Education / Moral Science,Co-curricular,0,1,9,Baseline Indian school subject matrix; verify board-specific electives before production.
GSEB,GUJ,STD05,GEN,GUJ,Gujarati,Language,1,0,1,Baseline Indian school subject matrix; verify board-specific electives before production.
GSEB,GUJ,STD05,GEN,ENG,English,Language,1,0,2,Baseline Indian school subject matrix; verify board-specific electives before production.
GSEB,GUJ,STD05,GEN,HIN,Hindi,Language,1,0,3,Baseline Indian school subject matrix; verify board-specific electives before production.
GSEB,GUJ,STD05,GEN,MATH,Mathematics,Core,1,0,4,Baseline Indian school subject matrix; verify board-specific electives before production.
GSEB,GUJ,STD05,GEN,EVS,Environmental Studies,Core,1,0,5,Baseline Indian school subject matrix; verify board-specific electives before production.
GSEB,GUJ,STD05,GEN,COMP,Computer Studies,Core/Elective,0,1,6,Baseline Indian school subject matrix; verify board-specific electives before production.
GSEB,GUJ,STD05,GEN,ARTC,Art and Craft,Co-curricular,0,1,7,Baseline Indian school subject matrix; verify board-specific electives before production.
GSEB,GUJ,STD05,GEN,HPE,Health and Physical Education,Co-curricular,0,1,8,Baseline Indian school subject matrix; verify board-specific electives before production.
GSEB,GUJ,STD05,GEN,VALUE,Value Education / Moral Science,Co-curricular,0,1,9,Baseline Indian school subject matrix; verify board-specific electives before production.
GSEB,GUJ,STD06,GEN,GUJ,Gujarati,Language,1,0,1,Baseline Indian school subject matrix; verify board-specific electives before production.
GSEB,GUJ,STD06,GEN,ENG,English,Language,1,0,2,Baseline Indian school subject matrix; verify board-specific electives before production.
GSEB,GUJ,STD06,GEN,HIN,Hindi,Language,1,0,3,Baseline Indian school subject matrix; verify board-specific electives before production.
GSEB,GUJ,STD06,GEN,SAN,Sanskrit,Language,0,1,4,Baseline Indian school subject matrix; verify board-specific electives before production.
GSEB,GUJ,STD06,GEN,MATH,Mathematics,Core,1,0,5,Baseline Indian school subject matrix; verify board-specific electives before production.
GSEB,GUJ,STD06,GEN,SCI,Science,Core,1,0,6,Baseline Indian school subject matrix; verify board-specific electives before production.
GSEB,GUJ,STD06,GEN,SS,Social Science,Core,1,0,7,Baseline Indian school subject matrix; verify board-specific electives before production.
GSEB,GUJ,STD06,GEN,COMP,Computer Studies,Core/Elective,0,1,8,Baseline Indian school subject matrix; verify board-specific electives before production.
GSEB,GUJ,STD06,GEN,ARTEDU,Art Education,Co-curricular,0,1,9,Baseline Indian school subject matrix; verify board-specific electives before production.
GSEB,GUJ,STD06,GEN,HPE,Health and Physical Education,Co-curricular,0,1,10,Baseline Indian school subject matrix; verify board-specific electives before production.
GSEB,GUJ,STD06,GEN,VALUE,Value Education / Moral Science,Co-curricular,0,1,11,Baseline Indian school subject matrix; verify board-specific electives before production.
GSEB,GUJ,STD07,GEN,GUJ,Gujarati,Language,1,0,1,Baseline Indian school subject matrix; verify board-specific electives before production.
GSEB,GUJ,STD07,GEN,ENG,English,Language,1,0,2,Baseline Indian school subject matrix; verify board-specific electives before production.
GSEB,GUJ,STD07,GEN,HIN,Hindi,Language,1,0,3,Baseline Indian school subject matrix; verify board-specific electives before production.
GSEB,GUJ,STD07,GEN,SAN,Sanskrit,Language,0,1,4,Baseline Indian school subject matrix; verify board-specific electives before production.
GSEB,GUJ,STD07,GEN,MATH,Mathematics,Core,1,0,5,Baseline Indian school subject matrix; verify board-specific electives before production.
GSEB,GUJ,STD07,GEN,SCI,Science,Core,1,0,6,Baseline Indian school subject matrix; verify board-specific electives before production.
GSEB,GUJ,STD07,GEN,SS,Social Science,Core,1,0,7,Baseline Indian school subject matrix; verify board-specific electives before production.
GSEB,GUJ,STD07,GEN,COMP,Computer Studies,Core/Elective,0,1,8,Baseline Indian school subject matrix; verify board-specific electives before production.
GSEB,GUJ,STD07,GEN,ARTEDU,Art Education,Co-curricular,0,1,9,Baseline Indian school subject matrix; verify board-specific electives before production.
GSEB,GUJ,STD07,GEN,HPE,Health and Physical Education,Co-curricular,0,1,10,Baseline Indian school subject matrix; verify board-specific electives before production.
GSEB,GUJ,STD07,GEN,VALUE,Value Education / Moral Science,Co-curricular,0,1,11,Baseline Indian school subject matrix; verify board-specific electives before production.
GSEB,GUJ,STD08,GEN,GUJ,Gujarati,Language,1,0,1,Baseline Indian school subject matrix; verify board-specific electives before production.
GSEB,GUJ,STD08,GEN,ENG,English,Language,1,0,2,Baseline Indian school subject matrix; verify board-specific electives before production.
GSEB,GUJ,STD08,GEN,HIN,Hindi,Language,1,0,3,Baseline Indian school subject matrix; verify board-specific electives before production.
GSEB,GUJ,STD08,GEN,SAN,Sanskrit,Language,0,1,4,Baseline Indian school subject matrix; verify board-specific electives before production.
GSEB,GUJ,STD08,GEN,MATH,Mathematics,Core,1,0,5,Baseline Indian school subject matrix; verify board-specific electives before production.
GSEB,GUJ,STD08,GEN,SCI,Science,Core,1,0,6,Baseline Indian school subject matrix; verify board-specific electives before production.
GSEB,GUJ,STD08,GEN,SS,Social Science,Core,1,0,7,Baseline Indian school subject matrix; verify board-specific electives before production.
GSEB,GUJ,STD08,GEN,COMP,Computer Studies,Core/Elective,0,1,8,Baseline Indian school subject matrix; verify board-specific electives before production.
GSEB,GUJ,STD08,GEN,ARTEDU,Art Education,Co-curricular,0,1,9,Baseline Indian school subject matrix; verify board-specific electives before production.
GSEB,GUJ,STD08,GEN,HPE,Health and Physical Education,Co-curricular,0,1,10,Baseline Indian school subject matrix; verify board-specific electives before production.
GSEB,GUJ,STD08,GEN,VALUE,Value Education / Moral Science,Co-curricular,0,1,11,Baseline Indian school subject matrix; verify board-specific electives before production.
GSEB,GUJ,STD09,GEN,GUJ,Gujarati,Language,1,0,1,Baseline Indian school subject matrix; verify board-specific electives before production.
GSEB,GUJ,STD09,GEN,ENG,English,Language,1,0,2,Baseline Indian school subject matrix; verify board-specific electives before production.
GSEB,GUJ,STD09,GEN,HIN,Hindi,Language,1,0,3,Baseline Indian school subject matrix; verify board-specific electives before production.
GSEB,GUJ,STD09,GEN,SAN,Sanskrit,Language,0,1,4,Baseline Indian school subject matrix; verify board-specific electives before production.
GSEB,GUJ,STD09,GEN,MATH,Mathematics,Core,1,0,5,Baseline Indian school subject matrix; verify board-specific electives before production.
GSEB,GUJ,STD09,GEN,SCI,Science,Core,1,0,6,Baseline Indian school subject matrix; verify board-specific electives before production.
GSEB,GUJ,STD09,GEN,SS,Social Science,Core,1,0,7,Baseline Indian school subject matrix; verify board-specific electives before production.
GSEB,GUJ,STD09,GEN,COMP,Computer Studies,Core/Elective,0,1,8,Baseline Indian school subject matrix; verify board-specific electives before production.
GSEB,GUJ,STD09,GEN,AI,Artificial Intelligence,Skill/Elective,0,1,9,Baseline Indian school subject matrix; verify board-specific electives before production.
GSEB,GUJ,STD09,GEN,HPE,Health and Physical Education,Co-curricular,0,1,10,Baseline Indian school subject matrix; verify board-specific electives before production.
GSEB,GUJ,STD09,GEN,ARTEDU,Art Education,Co-curricular,0,1,11,Baseline Indian school subject matrix; verify board-specific electives before production.
GSEB,GUJ,STD09,GEN,WORKEX,Work Experience,Co-curricular,0,1,12,Baseline Indian school subject matrix; verify board-specific electives before production.
GSEB,GUJ,STD09,GEN,NCC,National Cadet Corps,Elective,0,1,13,Baseline Indian school subject matrix; verify board-specific electives before production.
GSEB,GUJ,STD09,VOC,ENG,English,Language,1,0,1,Baseline Indian school subject matrix; verify board-specific electives before production.
GSEB,GUJ,STD09,VOC,GUJ,Gujarati,Language,1,0,2,Baseline Indian school subject matrix; verify board-specific electives before production.
GSEB,GUJ,STD09,VOC,HIN,Hindi,Language,1,0,3,Baseline Indian school subject matrix; verify board-specific electives before production.
GSEB,GUJ,STD09,VOC,ITITES,Information Technology / IT-ITES,Vocational,0,1,4,Baseline Indian school subject matrix; verify board-specific electives before production.
GSEB,GUJ,STD09,VOC,RETAIL,Retail,Vocational,0,1,5,Baseline Indian school subject matrix; verify board-specific electives before production.
GSEB,GUJ,STD09,VOC,HEALTHCARE,Healthcare,Vocational,0,1,6,Baseline Indian school subject matrix; verify board-specific electives before production.
GSEB,GUJ,STD09,VOC,TOURISM,Tourism and Hospitality,Vocational,0,1,7,Baseline Indian school subject matrix; verify board-specific electives before production.
GSEB,GUJ,STD09,VOC,AGRI,Agriculture,Vocational,0,1,8,Baseline Indian school subject matrix; verify board-specific electives before production.
GSEB,GUJ,STD09,VOC,BANKING,Banking and Insurance,Vocational,0,1,9,Baseline Indian school subject matrix; verify board-specific electives before production.
GSEB,GUJ,STD09,VOC,AUTO,Automotive,Vocational,0,1,10,Baseline Indian school subject matrix; verify board-specific electives before production.
GSEB,GUJ,STD09,VOC,ELECT,Electronics and Hardware,Vocational,0,1,11,Baseline Indian school subject matrix; verify board-specific electives before production.
GSEB,GUJ,STD09,VOC,BEAUTY,Beauty and Wellness,Vocational,0,1,12,Baseline Indian school subject matrix; verify board-specific electives before production.
GSEB,GUJ,STD09,VOC,HPE,Health and Physical Education,Co-curricular,0,1,13,Baseline Indian school subject matrix; verify board-specific electives before production.
GSEB,GUJ,STD10,GEN,GUJ,Gujarati,Language,1,0,1,Baseline Indian school subject matrix; verify board-specific electives before production.
GSEB,GUJ,STD10,GEN,ENG,English,Language,1,0,2,Baseline Indian school subject matrix; verify board-specific electives before production.
GSEB,GUJ,STD10,GEN,HIN,Hindi,Language,1,0,3,Baseline Indian school subject matrix; verify board-specific electives before production.
GSEB,GUJ,STD10,GEN,SAN,Sanskrit,Language,0,1,4,Baseline Indian school subject matrix; verify board-specific electives before production.
GSEB,GUJ,STD10,GEN,MATH,Mathematics,Core,1,0,5,Baseline Indian school subject matrix; verify board-specific electives before production.
GSEB,GUJ,STD10,GEN,SCI,Science,Core,1,0,6,Baseline Indian school subject matrix; verify board-specific electives before production.
GSEB,GUJ,STD10,GEN,SS,Social Science,Core,1,0,7,Baseline Indian school subject matrix; verify board-specific electives before production.
GSEB,GUJ,STD10,GEN,COMP,Computer Studies,Core/Elective,0,1,8,Baseline Indian school subject matrix; verify board-specific electives before production.
GSEB,GUJ,STD10,GEN,AI,Artificial Intelligence,Skill/Elective,0,1,9,Baseline Indian school subject matrix; verify board-specific electives before production.
GSEB,GUJ,STD10,GEN,HPE,Health and Physical Education,Co-curricular,0,1,10,Baseline Indian school subject matrix; verify board-specific electives before production.
GSEB,GUJ,STD10,GEN,ARTEDU,Art Education,Co-curricular,0,1,11,Baseline Indian school subject matrix; verify board-specific electives before production.
GSEB,GUJ,STD10,GEN,WORKEX,Work Experience,Co-curricular,0,1,12,Baseline Indian school subject matrix; verify board-specific electives before production.
GSEB,GUJ,STD10,GEN,NCC,National Cadet Corps,Elective,0,1,13,Baseline Indian school subject matrix; verify board-specific electives before production.
GSEB,GUJ,STD10,VOC,ENG,English,Language,1,0,1,Baseline Indian school subject matrix; verify board-specific electives before production.
GSEB,GUJ,STD10,VOC,GUJ,Gujarati,Language,1,0,2,Baseline Indian school subject matrix; verify board-specific electives before production.
GSEB,GUJ,STD10,VOC,HIN,Hindi,Language,1,0,3,Baseline Indian school subject matrix; verify board-specific electives before production.
GSEB,GUJ,STD10,VOC,ITITES,Information Technology / IT-ITES,Vocational,0,1,4,Baseline Indian school subject matrix; verify board-specific electives before production.
GSEB,GUJ,STD10,VOC,RETAIL,Retail,Vocational,0,1,5,Baseline Indian school subject matrix; verify board-specific electives before production.
GSEB,GUJ,STD10,VOC,HEALTHCARE,Healthcare,Vocational,0,1,6,Baseline Indian school subject matrix; verify board-specific electives before production.
GSEB,GUJ,STD10,VOC,TOURISM,Tourism and Hospitality,Vocational,0,1,7,Baseline Indian school subject matrix; verify board-specific electives before production.
GSEB,GUJ,STD10,VOC,AGRI,Agriculture,Vocational,0,1,8,Baseline Indian school subject matrix; verify board-specific electives before production.
GSEB,GUJ,STD10,VOC,BANKING,Banking and Insurance,Vocational,0,1,9,Baseline Indian school subject matrix; verify board-specific electives before production.
GSEB,GUJ,STD10,VOC,AUTO,Automotive,Vocational,0,1,10,Baseline Indian school subject matrix; verify board-specific electives before production.
GSEB,GUJ,STD10,VOC,ELECT,Electronics and Hardware,Vocational,0,1,11,Baseline Indian school subject matrix; verify board-specific electives before production.
GSEB,GUJ,STD10,VOC,BEAUTY,Beauty and Wellness,Vocational,0,1,12,Baseline Indian school subject matrix; verify board-specific electives before production.
GSEB,GUJ,STD10,VOC,HPE,Health and Physical Education,Co-curricular,0,1,13,Baseline Indian school subject matrix; verify board-specific electives before production.
GSEB,GUJ,STD11,SCI,ENG,English,Language,1,0,1,Baseline Indian school subject matrix; verify board-specific electives before production.
GSEB,GUJ,STD11,SCI,GUJ,Gujarati,Language,1,0,2,Baseline Indian school subject matrix; verify board-specific electives before production.
GSEB,GUJ,STD11,SCI,HIN,Hindi,Language,1,0,3,Baseline Indian school subject matrix; verify board-specific electives before production.
GSEB,GUJ,STD11,SCI,PHY,Physics,Science,1,0,4,Baseline Indian school subject matrix; verify board-specific electives before production.
GSEB,GUJ,STD11,SCI,CHEM,Chemistry,Science,1,0,5,Baseline Indian school subject matrix; verify board-specific electives before production.
GSEB,GUJ,STD11,SCI,BIO,Biology,Science,0,1,6,Baseline Indian school subject matrix; verify board-specific electives before production.
GSEB,GUJ,STD11,SCI,MATH,Mathematics,Core,1,0,7,Baseline Indian school subject matrix; verify board-specific electives before production.
GSEB,GUJ,STD11,SCI,AMATH,Applied Mathematics,Core/Elective,0,1,8,Baseline Indian school subject matrix; verify board-specific electives before production.
GSEB,GUJ,STD11,SCI,CS,Computer Science,Science/Elective,0,1,9,Baseline Indian school subject matrix; verify board-specific electives before production.
GSEB,GUJ,STD11,SCI,IP,Informatics Practices,Science/Commerce/Elective,0,1,10,Baseline Indian school subject matrix; verify board-specific electives before production.
GSEB,GUJ,STD11,SCI,BIOTECH,Biotechnology,Science/Elective,0,1,11,Baseline Indian school subject matrix; verify board-specific electives before production.
GSEB,GUJ,STD11,SCI,ENGGFX,Engineering Graphics,Science/Elective,0,1,12,Baseline Indian school subject matrix; verify board-specific electives before production.
GSEB,GUJ,STD11,SCI,HPE,Health and Physical Education,Co-curricular,0,1,13,Baseline Indian school subject matrix; verify board-specific electives before production.
GSEB,GUJ,STD11,COM,ENG,English,Language,1,0,1,Baseline Indian school subject matrix; verify board-specific electives before production.
GSEB,GUJ,STD11,COM,GUJ,Gujarati,Language,1,0,2,Baseline Indian school subject matrix; verify board-specific electives before production.
GSEB,GUJ,STD11,COM,HIN,Hindi,Language,1,0,3,Baseline Indian school subject matrix; verify board-specific electives before production.
GSEB,GUJ,STD11,COM,ACC,Accountancy,Commerce,1,0,4,Baseline Indian school subject matrix; verify board-specific electives before production.
GSEB,GUJ,STD11,COM,BST,Business Studies,Commerce,1,0,5,Baseline Indian school subject matrix; verify board-specific electives before production.
GSEB,GUJ,STD11,COM,BADMIN,Business Administration / Management,Commerce,1,0,6,Baseline Indian school subject matrix; verify board-specific electives before production.
GSEB,GUJ,STD11,COM,ECO,Economics,Commerce/Humanities,0,1,7,Baseline Indian school subject matrix; verify board-specific electives before production.
GSEB,GUJ,STD11,COM,STAT,Statistics,Commerce/Elective,0,1,8,Baseline Indian school subject matrix; verify board-specific electives before production.
GSEB,GUJ,STD11,COM,MATH,Mathematics,Core,1,0,9,Baseline Indian school subject matrix; verify board-specific electives before production.
GSEB,GUJ,STD11,COM,AMATH,Applied Mathematics,Core/Elective,0,1,10,Baseline Indian school subject matrix; verify board-specific electives before production.
GSEB,GUJ,STD11,COM,IP,Informatics Practices,Science/Commerce/Elective,0,1,11,Baseline Indian school subject matrix; verify board-specific electives before production.
GSEB,GUJ,STD11,COM,ENT,Entrepreneurship,Commerce/Elective,0,1,12,Baseline Indian school subject matrix; verify board-specific electives before production.
GSEB,GUJ,STD11,COM,HPE,Health and Physical Education,Co-curricular,0,1,13,Baseline Indian school subject matrix; verify board-specific electives before production.
GSEB,GUJ,STD11,ARTS,ENG,English,Language,1,0,1,Baseline Indian school subject matrix; verify board-specific electives before production.
GSEB,GUJ,STD11,ARTS,GUJ,Gujarati,Language,1,0,2,Baseline Indian school subject matrix; verify board-specific electives before production.
GSEB,GUJ,STD11,ARTS,HIN,Hindi,Language,1,0,3,Baseline Indian school subject matrix; verify board-specific electives before production.
GSEB,GUJ,STD11,ARTS,HIST,History,Humanities,0,1,4,Baseline Indian school subject matrix; verify board-specific electives before production.
GSEB,GUJ,STD11,ARTS,GEO,Geography,Humanities,0,1,5,Baseline Indian school subject matrix; verify board-specific electives before production.
GSEB,GUJ,STD11,ARTS,POLSCI,Political Science,Humanities,0,1,6,Baseline Indian school subject matrix; verify board-specific electives before production.
GSEB,GUJ,STD11,ARTS,SOC,Sociology,Humanities,0,1,7,Baseline Indian school subject matrix; verify board-specific electives before production.
GSEB,GUJ,STD11,ARTS,PSY,Psychology,Humanities,0,1,8,Baseline Indian school subject matrix; verify board-specific electives before production.
GSEB,GUJ,STD11,ARTS,ECO,Economics,Commerce/Humanities,0,1,9,Baseline Indian school subject matrix; verify board-specific electives before production.
GSEB,GUJ,STD11,ARTS,PHIL,Philosophy,Humanities,0,1,10,Baseline Indian school subject matrix; verify board-specific electives before production.
GSEB,GUJ,STD11,ARTS,HOMESCI,Home Science,Humanities/Elective,0,1,11,Baseline Indian school subject matrix; verify board-specific electives before production.
GSEB,GUJ,STD11,ARTS,LEGAL,Legal Studies,Humanities/Elective,0,1,12,Baseline Indian school subject matrix; verify board-specific electives before production.
GSEB,GUJ,STD11,ARTS,FINEART,Fine Arts / Painting,Arts/Elective,0,1,13,Baseline Indian school subject matrix; verify board-specific electives before production.
GSEB,GUJ,STD11,ARTS,MUSIC,Music,Arts/Elective,0,1,14,Baseline Indian school subject matrix; verify board-specific electives before production.
GSEB,GUJ,STD11,ARTS,DANCE,Dance,Arts/Elective,0,1,15,Baseline Indian school subject matrix; verify board-specific electives before production.
GSEB,GUJ,STD11,ARTS,HPE,Health and Physical Education,Co-curricular,0,1,16,Baseline Indian school subject matrix; verify board-specific electives before production.
GSEB,GUJ,STD11,VOC,ENG,English,Language,1,0,1,Baseline Indian school subject matrix; verify board-specific electives before production.
GSEB,GUJ,STD11,VOC,GUJ,Gujarati,Language,1,0,2,Baseline Indian school subject matrix; verify board-specific electives before production.
GSEB,GUJ,STD11,VOC,HIN,Hindi,Language,1,0,3,Baseline Indian school subject matrix; verify board-specific electives before production.
GSEB,GUJ,STD11,VOC,ITITES,Information Technology / IT-ITES,Vocational,0,1,4,Baseline Indian school subject matrix; verify board-specific electives before production.
GSEB,GUJ,STD11,VOC,RETAIL,Retail,Vocational,0,1,5,Baseline Indian school subject matrix; verify board-specific electives before production.
GSEB,GUJ,STD11,VOC,HEALTHCARE,Healthcare,Vocational,0,1,6,Baseline Indian school subject matrix; verify board-specific electives before production.
GSEB,GUJ,STD11,VOC,TOURISM,Tourism and Hospitality,Vocational,0,1,7,Baseline Indian school subject matrix; verify board-specific electives before production.
GSEB,GUJ,STD11,VOC,AGRI,Agriculture,Vocational,0,1,8,Baseline Indian school subject matrix; verify board-specific electives before production.
GSEB,GUJ,STD11,VOC,BANKING,Banking and Insurance,Vocational,0,1,9,Baseline Indian school subject matrix; verify board-specific electives before production.
GSEB,GUJ,STD11,VOC,AUTO,Automotive,Vocational,0,1,10,Baseline Indian school subject matrix; verify board-specific electives before production.
GSEB,GUJ,STD11,VOC,ELECT,Electronics and Hardware,Vocational,0,1,11,Baseline Indian school subject matrix; verify board-specific electives before production.
GSEB,GUJ,STD11,VOC,BEAUTY,Beauty and Wellness,Vocational,0,1,12,Baseline Indian school subject matrix; verify board-specific electives before production.
GSEB,GUJ,STD11,VOC,HPE,Health and Physical Education,Co-curricular,0,1,13,Baseline Indian school subject matrix; verify board-specific electives before production.
GSEB,GUJ,STD12,SCI,ENG,English,Language,1,0,1,Baseline Indian school subject matrix; verify board-specific electives before production.
GSEB,GUJ,STD12,SCI,GUJ,Gujarati,Language,1,0,2,Baseline Indian school subject matrix; verify board-specific electives before production.
GSEB,GUJ,STD12,SCI,HIN,Hindi,Language,1,0,3,Baseline Indian school subject matrix; verify board-specific electives before production.
GSEB,GUJ,STD12,SCI,PHY,Physics,Science,1,0,4,Baseline Indian school subject matrix; verify board-specific electives before production.
GSEB,GUJ,STD12,SCI,CHEM,Chemistry,Science,1,0,5,Baseline Indian school subject matrix; verify board-specific electives before production.
GSEB,GUJ,STD12,SCI,BIO,Biology,Science,0,1,6,Baseline Indian school subject matrix; verify board-specific electives before production.
GSEB,GUJ,STD12,SCI,MATH,Mathematics,Core,1,0,7,Baseline Indian school subject matrix; verify board-specific electives before production.
GSEB,GUJ,STD12,SCI,AMATH,Applied Mathematics,Core/Elective,0,1,8,Baseline Indian school subject matrix; verify board-specific electives before production.
GSEB,GUJ,STD12,SCI,CS,Computer Science,Science/Elective,0,1,9,Baseline Indian school subject matrix; verify board-specific electives before production.
GSEB,GUJ,STD12,SCI,IP,Informatics Practices,Science/Commerce/Elective,0,1,10,Baseline Indian school subject matrix; verify board-specific electives before production.
GSEB,GUJ,STD12,SCI,BIOTECH,Biotechnology,Science/Elective,0,1,11,Baseline Indian school subject matrix; verify board-specific electives before production.
GSEB,GUJ,STD12,SCI,ENGGFX,Engineering Graphics,Science/Elective,0,1,12,Baseline Indian school subject matrix; verify board-specific electives before production.
GSEB,GUJ,STD12,SCI,HPE,Health and Physical Education,Co-curricular,0,1,13,Baseline Indian school subject matrix; verify board-specific electives before production.
GSEB,GUJ,STD12,COM,ENG,English,Language,1,0,1,Baseline Indian school subject matrix; verify board-specific electives before production.
GSEB,GUJ,STD12,COM,GUJ,Gujarati,Language,1,0,2,Baseline Indian school subject matrix; verify board-specific electives before production.
GSEB,GUJ,STD12,COM,HIN,Hindi,Language,1,0,3,Baseline Indian school subject matrix; verify board-specific electives before production.
GSEB,GUJ,STD12,COM,ACC,Accountancy,Commerce,1,0,4,Baseline Indian school subject matrix; verify board-specific electives before production.
GSEB,GUJ,STD12,COM,BST,Business Studies,Commerce,1,0,5,Baseline Indian school subject matrix; verify board-specific electives before production.
GSEB,GUJ,STD12,COM,BADMIN,Business Administration / Management,Commerce,1,0,6,Baseline Indian school subject matrix; verify board-specific electives before production.
GSEB,GUJ,STD12,COM,ECO,Economics,Commerce/Humanities,0,1,7,Baseline Indian school subject matrix; verify board-specific electives before production.
GSEB,GUJ,STD12,COM,STAT,Statistics,Commerce/Elective,0,1,8,Baseline Indian school subject matrix; verify board-specific electives before production.
GSEB,GUJ,STD12,COM,MATH,Mathematics,Core,1,0,9,Baseline Indian school subject matrix; verify board-specific electives before production.
GSEB,GUJ,STD12,COM,AMATH,Applied Mathematics,Core/Elective,0,1,10,Baseline Indian school subject matrix; verify board-specific electives before production.
GSEB,GUJ,STD12,COM,IP,Informatics Practices,Science/Commerce/Elective,0,1,11,Baseline Indian school subject matrix; verify board-specific electives before production.
GSEB,GUJ,STD12,COM,ENT,Entrepreneurship,Commerce/Elective,0,1,12,Baseline Indian school subject matrix; verify board-specific electives before production.
GSEB,GUJ,STD12,COM,HPE,Health and Physical Education,Co-curricular,0,1,13,Baseline Indian school subject matrix; verify board-specific electives before production.
GSEB,GUJ,STD12,ARTS,ENG,English,Language,1,0,1,Baseline Indian school subject matrix; verify board-specific electives before production.
GSEB,GUJ,STD12,ARTS,GUJ,Gujarati,Language,1,0,2,Baseline Indian school subject matrix; verify board-specific electives before production.
GSEB,GUJ,STD12,ARTS,HIN,Hindi,Language,1,0,3,Baseline Indian school subject matrix; verify board-specific electives before production.
GSEB,GUJ,STD12,ARTS,HIST,History,Humanities,0,1,4,Baseline Indian school subject matrix; verify board-specific electives before production.
GSEB,GUJ,STD12,ARTS,GEO,Geography,Humanities,0,1,5,Baseline Indian school subject matrix; verify board-specific electives before production.
GSEB,GUJ,STD12,ARTS,POLSCI,Political Science,Humanities,0,1,6,Baseline Indian school subject matrix; verify board-specific electives before production.
GSEB,GUJ,STD12,ARTS,SOC,Sociology,Humanities,0,1,7,Baseline Indian school subject matrix; verify board-specific electives before production.
GSEB,GUJ,STD12,ARTS,PSY,Psychology,Humanities,0,1,8,Baseline Indian school subject matrix; verify board-specific electives before production.
GSEB,GUJ,STD12,ARTS,ECO,Economics,Commerce/Humanities,0,1,9,Baseline Indian school subject matrix; verify board-specific electives before production.
GSEB,GUJ,STD12,ARTS,PHIL,Philosophy,Humanities,0,1,10,Baseline Indian school subject matrix; verify board-specific electives before production.
GSEB,GUJ,STD12,ARTS,HOMESCI,Home Science,Humanities/Elective,0,1,11,Baseline Indian school subject matrix; verify board-specific electives before production.
GSEB,GUJ,STD12,ARTS,LEGAL,Legal Studies,Humanities/Elective,0,1,12,Baseline Indian school subject matrix; verify board-specific electives before production.
GSEB,GUJ,STD12,ARTS,FINEART,Fine Arts / Painting,Arts/Elective,0,1,13,Baseline Indian school subject matrix; verify board-specific electives before production.
GSEB,GUJ,STD12,ARTS,MUSIC,Music,Arts/Elective,0,1,14,Baseline Indian school subject matrix; verify board-specific electives before production.
GSEB,GUJ,STD12,ARTS,DANCE,Dance,Arts/Elective,0,1,15,Baseline Indian school subject matrix; verify board-specific electives before production.
GSEB,GUJ,STD12,ARTS,HPE,Health and Physical Education,Co-curricular,0,1,16,Baseline Indian school subject matrix; verify board-specific electives before production.
GSEB,GUJ,STD12,VOC,ENG,English,Language,1,0,1,Baseline Indian school subject matrix; verify board-specific electives before production.
GSEB,GUJ,STD12,VOC,GUJ,Gujarati,Language,1,0,2,Baseline Indian school subject matrix; verify board-specific electives before production.
GSEB,GUJ,STD12,VOC,HIN,Hindi,Language,1,0,3,Baseline Indian school subject matrix; verify board-specific electives before production.
GSEB,GUJ,STD12,VOC,ITITES,Information Technology / IT-ITES,Vocational,0,1,4,Baseline Indian school subject matrix; verify board-specific electives before production.
GSEB,GUJ,STD12,VOC,RETAIL,Retail,Vocational,0,1,5,Baseline Indian school subject matrix; verify board-specific electives before production.
GSEB,GUJ,STD12,VOC,HEALTHCARE,Healthcare,Vocational,0,1,6,Baseline Indian school subject matrix; verify board-specific electives before production.
GSEB,GUJ,STD12,VOC,TOURISM,Tourism and Hospitality,Vocational,0,1,7,Baseline Indian school subject matrix; verify board-specific electives before production.
GSEB,GUJ,STD12,VOC,AGRI,Agriculture,Vocational,0,1,8,Baseline Indian school subject matrix; verify board-specific electives before production.
GSEB,GUJ,STD12,VOC,BANKING,Banking and Insurance,Vocational,0,1,9,Baseline Indian school subject matrix; verify board-specific electives before production.
GSEB,GUJ,STD12,VOC,AUTO,Automotive,Vocational,0,1,10,Baseline Indian school subject matrix; verify board-specific electives before production.
GSEB,GUJ,STD12,VOC,ELECT,Electronics and Hardware,Vocational,0,1,11,Baseline Indian school subject matrix; verify board-specific electives before production.
GSEB,GUJ,STD12,VOC,BEAUTY,Beauty and Wellness,Vocational,0,1,12,Baseline Indian school subject matrix; verify board-specific electives before production.
GSEB,GUJ,STD12,VOC,HPE,Health and Physical Education,Co-curricular,0,1,13,Baseline Indian school subject matrix; verify board-specific electives before production.
GSEB,ENG,NUR,GEN,FLIT,Foundational Literacy,Foundation,0,1,1,Baseline Indian school subject matrix; verify board-specific electives before production.
GSEB,ENG,NUR,GEN,FNUM,Foundational Numeracy,Foundation,0,1,2,Baseline Indian school subject matrix; verify board-specific electives before production.
GSEB,ENG,NUR,GEN,RHYM,Rhymes and Stories,Foundation,0,1,3,Baseline Indian school subject matrix; verify board-specific electives before production.
GSEB,ENG,NUR,GEN,PLAY,Play and Activity,Foundation,0,1,4,Baseline Indian school subject matrix; verify board-specific electives before production.
GSEB,ENG,NUR,GEN,ARTC,Art and Craft,Co-curricular,0,1,5,Baseline Indian school subject matrix; verify board-specific electives before production.
GSEB,ENG,NUR,GEN,HEALTH,Health and Hygiene,Co-curricular,0,1,6,Baseline Indian school subject matrix; verify board-specific electives before production.
GSEB,ENG,LKG,GEN,FLIT,Foundational Literacy,Foundation,0,1,1,Baseline Indian school subject matrix; verify board-specific electives before production.
GSEB,ENG,LKG,GEN,FNUM,Foundational Numeracy,Foundation,0,1,2,Baseline Indian school subject matrix; verify board-specific electives before production.
GSEB,ENG,LKG,GEN,RHYM,Rhymes and Stories,Foundation,0,1,3,Baseline Indian school subject matrix; verify board-specific electives before production.
GSEB,ENG,LKG,GEN,PLAY,Play and Activity,Foundation,0,1,4,Baseline Indian school subject matrix; verify board-specific electives before production.
GSEB,ENG,LKG,GEN,ARTC,Art and Craft,Co-curricular,0,1,5,Baseline Indian school subject matrix; verify board-specific electives before production.
GSEB,ENG,LKG,GEN,HEALTH,Health and Hygiene,Co-curricular,0,1,6,Baseline Indian school subject matrix; verify board-specific electives before production.
GSEB,ENG,UKG,GEN,FLIT,Foundational Literacy,Foundation,0,1,1,Baseline Indian school subject matrix; verify board-specific electives before production.
GSEB,ENG,UKG,GEN,FNUM,Foundational Numeracy,Foundation,0,1,2,Baseline Indian school subject matrix; verify board-specific electives before production.
GSEB,ENG,UKG,GEN,RHYM,Rhymes and Stories,Foundation,0,1,3,Baseline Indian school subject matrix; verify board-specific electives before production.
GSEB,ENG,UKG,GEN,PLAY,Play and Activity,Foundation,0,1,4,Baseline Indian school subject matrix; verify board-specific electives before production.
GSEB,ENG,UKG,GEN,ARTC,Art and Craft,Co-curricular,0,1,5,Baseline Indian school subject matrix; verify board-specific electives before production.
GSEB,ENG,UKG,GEN,HEALTH,Health and Hygiene,Co-curricular,0,1,6,Baseline Indian school subject matrix; verify board-specific electives before production.
GSEB,ENG,BAL,GEN,FLIT,Foundational Literacy,Foundation,0,1,1,Baseline Indian school subject matrix; verify board-specific electives before production.
GSEB,ENG,BAL,GEN,FNUM,Foundational Numeracy,Foundation,0,1,2,Baseline Indian school subject matrix; verify board-specific electives before production.
GSEB,ENG,BAL,GEN,RHYM,Rhymes and Stories,Foundation,0,1,3,Baseline Indian school subject matrix; verify board-specific electives before production.
GSEB,ENG,BAL,GEN,PLAY,Play and Activity,Foundation,0,1,4,Baseline Indian school subject matrix; verify board-specific electives before production.
GSEB,ENG,BAL,GEN,ARTC,Art and Craft,Co-curricular,0,1,5,Baseline Indian school subject matrix; verify board-specific electives before production.
GSEB,ENG,BAL,GEN,HEALTH,Health and Hygiene,Co-curricular,0,1,6,Baseline Indian school subject matrix; verify board-specific electives before production.
GSEB,ENG,STD01,GEN,GUJ,Gujarati,Language,1,0,1,Baseline Indian school subject matrix; verify board-specific electives before production.
GSEB,ENG,STD01,GEN,ENG,English,Language,1,0,2,Baseline Indian school subject matrix; verify board-specific electives before production.
GSEB,ENG,STD01,GEN,HIN,Hindi,Language,1,0,3,Baseline Indian school subject matrix; verify board-specific electives before production.
GSEB,ENG,STD01,GEN,MATH,Mathematics,Core,1,0,4,Baseline Indian school subject matrix; verify board-specific electives before production.
GSEB,ENG,STD01,GEN,EVS,Environmental Studies,Core,1,0,5,Baseline Indian school subject matrix; verify board-specific electives before production.
GSEB,ENG,STD01,GEN,ARTC,Art and Craft,Co-curricular,0,1,6,Baseline Indian school subject matrix; verify board-specific electives before production.
GSEB,ENG,STD01,GEN,HPE,Health and Physical Education,Co-curricular,0,1,7,Baseline Indian school subject matrix; verify board-specific electives before production.
GSEB,ENG,STD01,GEN,VALUE,Value Education / Moral Science,Co-curricular,0,1,8,Baseline Indian school subject matrix; verify board-specific electives before production.
GSEB,ENG,STD02,GEN,GUJ,Gujarati,Language,1,0,1,Baseline Indian school subject matrix; verify board-specific electives before production.
GSEB,ENG,STD02,GEN,ENG,English,Language,1,0,2,Baseline Indian school subject matrix; verify board-specific electives before production.
GSEB,ENG,STD02,GEN,HIN,Hindi,Language,1,0,3,Baseline Indian school subject matrix; verify board-specific electives before production.
GSEB,ENG,STD02,GEN,MATH,Mathematics,Core,1,0,4,Baseline Indian school subject matrix; verify board-specific electives before production.
GSEB,ENG,STD02,GEN,EVS,Environmental Studies,Core,1,0,5,Baseline Indian school subject matrix; verify board-specific electives before production.
GSEB,ENG,STD02,GEN,ARTC,Art and Craft,Co-curricular,0,1,6,Baseline Indian school subject matrix; verify board-specific electives before production.
GSEB,ENG,STD02,GEN,HPE,Health and Physical Education,Co-curricular,0,1,7,Baseline Indian school subject matrix; verify board-specific electives before production.
GSEB,ENG,STD02,GEN,VALUE,Value Education / Moral Science,Co-curricular,0,1,8,Baseline Indian school subject matrix; verify board-specific electives before production.
GSEB,ENG,STD03,GEN,GUJ,Gujarati,Language,1,0,1,Baseline Indian school subject matrix; verify board-specific electives before production.
GSEB,ENG,STD03,GEN,ENG,English,Language,1,0,2,Baseline Indian school subject matrix; verify board-specific electives before production.
GSEB,ENG,STD03,GEN,HIN,Hindi,Language,1,0,3,Baseline Indian school subject matrix; verify board-specific electives before production.
GSEB,ENG,STD03,GEN,MATH,Mathematics,Core,1,0,4,Baseline Indian school subject matrix; verify board-specific electives before production.
GSEB,ENG,STD03,GEN,EVS,Environmental Studies,Core,1,0,5,Baseline Indian school subject matrix; verify board-specific electives before production.
GSEB,ENG,STD03,GEN,COMP,Computer Studies,Core/Elective,0,1,6,Baseline Indian school subject matrix; verify board-specific electives before production.
GSEB,ENG,STD03,GEN,ARTC,Art and Craft,Co-curricular,0,1,7,Baseline Indian school subject matrix; verify board-specific electives before production.
GSEB,ENG,STD03,GEN,HPE,Health and Physical Education,Co-curricular,0,1,8,Baseline Indian school subject matrix; verify board-specific electives before production.
GSEB,ENG,STD03,GEN,VALUE,Value Education / Moral Science,Co-curricular,0,1,9,Baseline Indian school subject matrix; verify board-specific electives before production.
GSEB,ENG,STD04,GEN,GUJ,Gujarati,Language,1,0,1,Baseline Indian school subject matrix; verify board-specific electives before production.
GSEB,ENG,STD04,GEN,ENG,English,Language,1,0,2,Baseline Indian school subject matrix; verify board-specific electives before production.
GSEB,ENG,STD04,GEN,HIN,Hindi,Language,1,0,3,Baseline Indian school subject matrix; verify board-specific electives before production.
GSEB,ENG,STD04,GEN,MATH,Mathematics,Core,1,0,4,Baseline Indian school subject matrix; verify board-specific electives before production.
GSEB,ENG,STD04,GEN,EVS,Environmental Studies,Core,1,0,5,Baseline Indian school subject matrix; verify board-specific electives before production.
GSEB,ENG,STD04,GEN,COMP,Computer Studies,Core/Elective,0,1,6,Baseline Indian school subject matrix; verify board-specific electives before production.
GSEB,ENG,STD04,GEN,ARTC,Art and Craft,Co-curricular,0,1,7,Baseline Indian school subject matrix; verify board-specific electives before production.
GSEB,ENG,STD04,GEN,HPE,Health and Physical Education,Co-curricular,0,1,8,Baseline Indian school subject matrix; verify board-specific electives before production.
GSEB,ENG,STD04,GEN,VALUE,Value Education / Moral Science,Co-curricular,0,1,9,Baseline Indian school subject matrix; verify board-specific electives before production.
GSEB,ENG,STD05,GEN,GUJ,Gujarati,Language,1,0,1,Baseline Indian school subject matrix; verify board-specific electives before production.
GSEB,ENG,STD05,GEN,ENG,English,Language,1,0,2,Baseline Indian school subject matrix; verify board-specific electives before production.
GSEB,ENG,STD05,GEN,HIN,Hindi,Language,1,0,3,Baseline Indian school subject matrix; verify board-specific electives before production.
GSEB,ENG,STD05,GEN,MATH,Mathematics,Core,1,0,4,Baseline Indian school subject matrix; verify board-specific electives before production.
GSEB,ENG,STD05,GEN,EVS,Environmental Studies,Core,1,0,5,Baseline Indian school subject matrix; verify board-specific electives before production.
GSEB,ENG,STD05,GEN,COMP,Computer Studies,Core/Elective,0,1,6,Baseline Indian school subject matrix; verify board-specific electives before production.
GSEB,ENG,STD05,GEN,ARTC,Art and Craft,Co-curricular,0,1,7,Baseline Indian school subject matrix; verify board-specific electives before production.
GSEB,ENG,STD05,GEN,HPE,Health and Physical Education,Co-curricular,0,1,8,Baseline Indian school subject matrix; verify board-specific electives before production.
GSEB,ENG,STD05,GEN,VALUE,Value Education / Moral Science,Co-curricular,0,1,9,Baseline Indian school subject matrix; verify board-specific electives before production.
GSEB,ENG,STD06,GEN,GUJ,Gujarati,Language,1,0,1,Baseline Indian school subject matrix; verify board-specific electives before production.
GSEB,ENG,STD06,GEN,ENG,English,Language,1,0,2,Baseline Indian school subject matrix; verify board-specific electives before production.
GSEB,ENG,STD06,GEN,HIN,Hindi,Language,1,0,3,Baseline Indian school subject matrix; verify board-specific electives before production.
GSEB,ENG,STD06,GEN,SAN,Sanskrit,Language,0,1,4,Baseline Indian school subject matrix; verify board-specific electives before production.
GSEB,ENG,STD06,GEN,MATH,Mathematics,Core,1,0,5,Baseline Indian school subject matrix; verify board-specific electives before production.
GSEB,ENG,STD06,GEN,SCI,Science,Core,1,0,6,Baseline Indian school subject matrix; verify board-specific electives before production.
GSEB,ENG,STD06,GEN,SS,Social Science,Core,1,0,7,Baseline Indian school subject matrix; verify board-specific electives before production.
GSEB,ENG,STD06,GEN,COMP,Computer Studies,Core/Elective,0,1,8,Baseline Indian school subject matrix; verify board-specific electives before production.
GSEB,ENG,STD06,GEN,ARTEDU,Art Education,Co-curricular,0,1,9,Baseline Indian school subject matrix; verify board-specific electives before production.
GSEB,ENG,STD06,GEN,HPE,Health and Physical Education,Co-curricular,0,1,10,Baseline Indian school subject matrix; verify board-specific electives before production.
GSEB,ENG,STD06,GEN,VALUE,Value Education / Moral Science,Co-curricular,0,1,11,Baseline Indian school subject matrix; verify board-specific electives before production.
GSEB,ENG,STD07,GEN,GUJ,Gujarati,Language,1,0,1,Baseline Indian school subject matrix; verify board-specific electives before production.
GSEB,ENG,STD07,GEN,ENG,English,Language,1,0,2,Baseline Indian school subject matrix; verify board-specific electives before production.
GSEB,ENG,STD07,GEN,HIN,Hindi,Language,1,0,3,Baseline Indian school subject matrix; verify board-specific electives before production.
GSEB,ENG,STD07,GEN,SAN,Sanskrit,Language,0,1,4,Baseline Indian school subject matrix; verify board-specific electives before production.
GSEB,ENG,STD07,GEN,MATH,Mathematics,Core,1,0,5,Baseline Indian school subject matrix; verify board-specific electives before production.
GSEB,ENG,STD07,GEN,SCI,Science,Core,1,0,6,Baseline Indian school subject matrix; verify board-specific electives before production.
GSEB,ENG,STD07,GEN,SS,Social Science,Core,1,0,7,Baseline Indian school subject matrix; verify board-specific electives before production.
GSEB,ENG,STD07,GEN,COMP,Computer Studies,Core/Elective,0,1,8,Baseline Indian school subject matrix; verify board-specific electives before production.
GSEB,ENG,STD07,GEN,ARTEDU,Art Education,Co-curricular,0,1,9,Baseline Indian school subject matrix; verify board-specific electives before production.
GSEB,ENG,STD07,GEN,HPE,Health and Physical Education,Co-curricular,0,1,10,Baseline Indian school subject matrix; verify board-specific electives before production.
GSEB,ENG,STD07,GEN,VALUE,Value Education / Moral Science,Co-curricular,0,1,11,Baseline Indian school subject matrix; verify board-specific electives before production.
GSEB,ENG,STD08,GEN,GUJ,Gujarati,Language,1,0,1,Baseline Indian school subject matrix; verify board-specific electives before production.
GSEB,ENG,STD08,GEN,ENG,English,Language,1,0,2,Baseline Indian school subject matrix; verify board-specific electives before production.
GSEB,ENG,STD08,GEN,HIN,Hindi,Language,1,0,3,Baseline Indian school subject matrix; verify board-specific electives before production.
GSEB,ENG,STD08,GEN,SAN,Sanskrit,Language,0,1,4,Baseline Indian school subject matrix; verify board-specific electives before production.
GSEB,ENG,STD08,GEN,MATH,Mathematics,Core,1,0,5,Baseline Indian school subject matrix; verify board-specific electives before production.
GSEB,ENG,STD08,GEN,SCI,Science,Core,1,0,6,Baseline Indian school subject matrix; verify board-specific electives before production.
GSEB,ENG,STD08,GEN,SS,Social Science,Core,1,0,7,Baseline Indian school subject matrix; verify board-specific electives before production.
GSEB,ENG,STD08,GEN,COMP,Computer Studies,Core/Elective,0,1,8,Baseline Indian school subject matrix; verify board-specific electives before production.
GSEB,ENG,STD08,GEN,ARTEDU,Art Education,Co-curricular,0,1,9,Baseline Indian school subject matrix; verify board-specific electives before production.
GSEB,ENG,STD08,GEN,HPE,Health and Physical Education,Co-curricular,0,1,10,Baseline Indian school subject matrix; verify board-specific electives before production.
GSEB,ENG,STD08,GEN,VALUE,Value Education / Moral Science,Co-curricular,0,1,11,Baseline Indian school subject matrix; verify board-specific electives before production.
GSEB,ENG,STD09,GEN,GUJ,Gujarati,Language,1,0,1,Baseline Indian school subject matrix; verify board-specific electives before production.
GSEB,ENG,STD09,GEN,ENG,English,Language,1,0,2,Baseline Indian school subject matrix; verify board-specific electives before production.
GSEB,ENG,STD09,GEN,HIN,Hindi,Language,1,0,3,Baseline Indian school subject matrix; verify board-specific electives before production.
GSEB,ENG,STD09,GEN,SAN,Sanskrit,Language,0,1,4,Baseline Indian school subject matrix; verify board-specific electives before production.
GSEB,ENG,STD09,GEN,MATH,Mathematics,Core,1,0,5,Baseline Indian school subject matrix; verify board-specific electives before production.
GSEB,ENG,STD09,GEN,SCI,Science,Core,1,0,6,Baseline Indian school subject matrix; verify board-specific electives before production.
GSEB,ENG,STD09,GEN,SS,Social Science,Core,1,0,7,Baseline Indian school subject matrix; verify board-specific electives before production.
GSEB,ENG,STD09,GEN,COMP,Computer Studies,Core/Elective,0,1,8,Baseline Indian school subject matrix; verify board-specific electives before production.
GSEB,ENG,STD09,GEN,AI,Artificial Intelligence,Skill/Elective,0,1,9,Baseline Indian school subject matrix; verify board-specific electives before production.
GSEB,ENG,STD09,GEN,HPE,Health and Physical Education,Co-curricular,0,1,10,Baseline Indian school subject matrix; verify board-specific electives before production.
GSEB,ENG,STD09,GEN,ARTEDU,Art Education,Co-curricular,0,1,11,Baseline Indian school subject matrix; verify board-specific electives before production.
GSEB,ENG,STD09,GEN,WORKEX,Work Experience,Co-curricular,0,1,12,Baseline Indian school subject matrix; verify board-specific electives before production.
GSEB,ENG,STD09,GEN,NCC,National Cadet Corps,Elective,0,1,13,Baseline Indian school subject matrix; verify board-specific electives before production.
GSEB,ENG,STD09,VOC,ENG,English,Language,1,0,1,Baseline Indian school subject matrix; verify board-specific electives before production.
GSEB,ENG,STD09,VOC,GUJ,Gujarati,Language,1,0,2,Baseline Indian school subject matrix; verify board-specific electives before production.
GSEB,ENG,STD09,VOC,HIN,Hindi,Language,1,0,3,Baseline Indian school subject matrix; verify board-specific electives before production.
GSEB,ENG,STD09,VOC,ITITES,Information Technology / IT-ITES,Vocational,0,1,4,Baseline Indian school subject matrix; verify board-specific electives before production.
GSEB,ENG,STD09,VOC,RETAIL,Retail,Vocational,0,1,5,Baseline Indian school subject matrix; verify board-specific electives before production.
GSEB,ENG,STD09,VOC,HEALTHCARE,Healthcare,Vocational,0,1,6,Baseline Indian school subject matrix; verify board-specific electives before production.
GSEB,ENG,STD09,VOC,TOURISM,Tourism and Hospitality,Vocational,0,1,7,Baseline Indian school subject matrix; verify board-specific electives before production.
GSEB,ENG,STD09,VOC,AGRI,Agriculture,Vocational,0,1,8,Baseline Indian school subject matrix; verify board-specific electives before production.
GSEB,ENG,STD09,VOC,BANKING,Banking and Insurance,Vocational,0,1,9,Baseline Indian school subject matrix; verify board-specific electives before production.
GSEB,ENG,STD09,VOC,AUTO,Automotive,Vocational,0,1,10,Baseline Indian school subject matrix; verify board-specific electives before production.
GSEB,ENG,STD09,VOC,ELECT,Electronics and Hardware,Vocational,0,1,11,Baseline Indian school subject matrix; verify board-specific electives before production.
GSEB,ENG,STD09,VOC,BEAUTY,Beauty and Wellness,Vocational,0,1,12,Baseline Indian school subject matrix; verify board-specific electives before production.
GSEB,ENG,STD09,VOC,HPE,Health and Physical Education,Co-curricular,0,1,13,Baseline Indian school subject matrix; verify board-specific electives before production.
GSEB,ENG,STD10,GEN,GUJ,Gujarati,Language,1,0,1,Baseline Indian school subject matrix; verify board-specific electives before production.
GSEB,ENG,STD10,GEN,ENG,English,Language,1,0,2,Baseline Indian school subject matrix; verify board-specific electives before production.
GSEB,ENG,STD10,GEN,HIN,Hindi,Language,1,0,3,Baseline Indian school subject matrix; verify board-specific electives before production.
GSEB,ENG,STD10,GEN,SAN,Sanskrit,Language,0,1,4,Baseline Indian school subject matrix; verify board-specific electives before production.
GSEB,ENG,STD10,GEN,MATH,Mathematics,Core,1,0,5,Baseline Indian school subject matrix; verify board-specific electives before production.
GSEB,ENG,STD10,GEN,SCI,Science,Core,1,0,6,Baseline Indian school subject matrix; verify board-specific electives before production.
GSEB,ENG,STD10,GEN,SS,Social Science,Core,1,0,7,Baseline Indian school subject matrix; verify board-specific electives before production.
GSEB,ENG,STD10,GEN,COMP,Computer Studies,Core/Elective,0,1,8,Baseline Indian school subject matrix; verify board-specific electives before production.
GSEB,ENG,STD10,GEN,AI,Artificial Intelligence,Skill/Elective,0,1,9,Baseline Indian school subject matrix; verify board-specific electives before production.
GSEB,ENG,STD10,GEN,HPE,Health and Physical Education,Co-curricular,0,1,10,Baseline Indian school subject matrix; verify board-specific electives before production.
GSEB,ENG,STD10,GEN,ARTEDU,Art Education,Co-curricular,0,1,11,Baseline Indian school subject matrix; verify board-specific electives before production.
GSEB,ENG,STD10,GEN,WORKEX,Work Experience,Co-curricular,0,1,12,Baseline Indian school subject matrix; verify board-specific electives before production.
GSEB,ENG,STD10,GEN,NCC,National Cadet Corps,Elective,0,1,13,Baseline Indian school subject matrix; verify board-specific electives before production.
GSEB,ENG,STD10,VOC,ENG,English,Language,1,0,1,Baseline Indian school subject matrix; verify board-specific electives before production.
GSEB,ENG,STD10,VOC,GUJ,Gujarati,Language,1,0,2,Baseline Indian school subject matrix; verify board-specific electives before production.
GSEB,ENG,STD10,VOC,HIN,Hindi,Language,1,0,3,Baseline Indian school subject matrix; verify board-specific electives before production.
GSEB,ENG,STD10,VOC,ITITES,Information Technology / IT-ITES,Vocational,0,1,4,Baseline Indian school subject matrix; verify board-specific electives before production.
GSEB,ENG,STD10,VOC,RETAIL,Retail,Vocational,0,1,5,Baseline Indian school subject matrix; verify board-specific electives before production.
GSEB,ENG,STD10,VOC,HEALTHCARE,Healthcare,Vocational,0,1,6,Baseline Indian school subject matrix; verify board-specific electives before production.
GSEB,ENG,STD10,VOC,TOURISM,Tourism and Hospitality,Vocational,0,1,7,Baseline Indian school subject matrix; verify board-specific electives before production.
GSEB,ENG,STD10,VOC,AGRI,Agriculture,Vocational,0,1,8,Baseline Indian school subject matrix; verify board-specific electives before production.
GSEB,ENG,STD10,VOC,BANKING,Banking and Insurance,Vocational,0,1,9,Baseline Indian school subject matrix; verify board-specific electives before production.
GSEB,ENG,STD10,VOC,AUTO,Automotive,Vocational,0,1,10,Baseline Indian school subject matrix; verify board-specific electives before production.
GSEB,ENG,STD10,VOC,ELECT,Electronics and Hardware,Vocational,0,1,11,Baseline Indian school subject matrix; verify board-specific electives before production.
GSEB,ENG,STD10,VOC,BEAUTY,Beauty and Wellness,Vocational,0,1,12,Baseline Indian school subject matrix; verify board-specific electives before production.
GSEB,ENG,STD10,VOC,HPE,Health and Physical Education,Co-curricular,0,1,13,Baseline Indian school subject matrix; verify board-specific electives before production.
GSEB,ENG,STD11,SCI,ENG,English,Language,1,0,1,Baseline Indian school subject matrix; verify board-specific electives before production.
GSEB,ENG,STD11,SCI,GUJ,Gujarati,Language,1,0,2,Baseline Indian school subject matrix; verify board-specific electives before production.
GSEB,ENG,STD11,SCI,HIN,Hindi,Language,1,0,3,Baseline Indian school subject matrix; verify board-specific electives before production.
GSEB,ENG,STD11,SCI,PHY,Physics,Science,1,0,4,Baseline Indian school subject matrix; verify board-specific electives before production.
GSEB,ENG,STD11,SCI,CHEM,Chemistry,Science,1,0,5,Baseline Indian school subject matrix; verify board-specific electives before production.
GSEB,ENG,STD11,SCI,BIO,Biology,Science,0,1,6,Baseline Indian school subject matrix; verify board-specific electives before production.
GSEB,ENG,STD11,SCI,MATH,Mathematics,Core,1,0,7,Baseline Indian school subject matrix; verify board-specific electives before production.
GSEB,ENG,STD11,SCI,AMATH,Applied Mathematics,Core/Elective,0,1,8,Baseline Indian school subject matrix; verify board-specific electives before production.
GSEB,ENG,STD11,SCI,CS,Computer Science,Science/Elective,0,1,9,Baseline Indian school subject matrix; verify board-specific electives before production.
GSEB,ENG,STD11,SCI,IP,Informatics Practices,Science/Commerce/Elective,0,1,10,Baseline Indian school subject matrix; verify board-specific electives before production.
GSEB,ENG,STD11,SCI,BIOTECH,Biotechnology,Science/Elective,0,1,11,Baseline Indian school subject matrix; verify board-specific electives before production.
GSEB,ENG,STD11,SCI,ENGGFX,Engineering Graphics,Science/Elective,0,1,12,Baseline Indian school subject matrix; verify board-specific electives before production.
GSEB,ENG,STD11,SCI,HPE,Health and Physical Education,Co-curricular,0,1,13,Baseline Indian school subject matrix; verify board-specific electives before production.
GSEB,ENG,STD11,COM,ENG,English,Language,1,0,1,Baseline Indian school subject matrix; verify board-specific electives before production.
GSEB,ENG,STD11,COM,GUJ,Gujarati,Language,1,0,2,Baseline Indian school subject matrix; verify board-specific electives before production.
GSEB,ENG,STD11,COM,HIN,Hindi,Language,1,0,3,Baseline Indian school subject matrix; verify board-specific electives before production.
GSEB,ENG,STD11,COM,ACC,Accountancy,Commerce,1,0,4,Baseline Indian school subject matrix; verify board-specific electives before production.
GSEB,ENG,STD11,COM,BST,Business Studies,Commerce,1,0,5,Baseline Indian school subject matrix; verify board-specific electives before production.
GSEB,ENG,STD11,COM,BADMIN,Business Administration / Management,Commerce,1,0,6,Baseline Indian school subject matrix; verify board-specific electives before production.
GSEB,ENG,STD11,COM,ECO,Economics,Commerce/Humanities,0,1,7,Baseline Indian school subject matrix; verify board-specific electives before production.
GSEB,ENG,STD11,COM,STAT,Statistics,Commerce/Elective,0,1,8,Baseline Indian school subject matrix; verify board-specific electives before production.
GSEB,ENG,STD11,COM,MATH,Mathematics,Core,1,0,9,Baseline Indian school subject matrix; verify board-specific electives before production.
GSEB,ENG,STD11,COM,AMATH,Applied Mathematics,Core/Elective,0,1,10,Baseline Indian school subject matrix; verify board-specific electives before production.
GSEB,ENG,STD11,COM,IP,Informatics Practices,Science/Commerce/Elective,0,1,11,Baseline Indian school subject matrix; verify board-specific electives before production.
GSEB,ENG,STD11,COM,ENT,Entrepreneurship,Commerce/Elective,0,1,12,Baseline Indian school subject matrix; verify board-specific electives before production.
GSEB,ENG,STD11,COM,HPE,Health and Physical Education,Co-curricular,0,1,13,Baseline Indian school subject matrix; verify board-specific electives before production.
GSEB,ENG,STD11,ARTS,ENG,English,Language,1,0,1,Baseline Indian school subject matrix; verify board-specific electives before production.
GSEB,ENG,STD11,ARTS,GUJ,Gujarati,Language,1,0,2,Baseline Indian school subject matrix; verify board-specific electives before production.
GSEB,ENG,STD11,ARTS,HIN,Hindi,Language,1,0,3,Baseline Indian school subject matrix; verify board-specific electives before production.
GSEB,ENG,STD11,ARTS,HIST,History,Humanities,0,1,4,Baseline Indian school subject matrix; verify board-specific electives before production.
GSEB,ENG,STD11,ARTS,GEO,Geography,Humanities,0,1,5,Baseline Indian school subject matrix; verify board-specific electives before production.
GSEB,ENG,STD11,ARTS,POLSCI,Political Science,Humanities,0,1,6,Baseline Indian school subject matrix; verify board-specific electives before production.
GSEB,ENG,STD11,ARTS,SOC,Sociology,Humanities,0,1,7,Baseline Indian school subject matrix; verify board-specific electives before production.
GSEB,ENG,STD11,ARTS,PSY,Psychology,Humanities,0,1,8,Baseline Indian school subject matrix; verify board-specific electives before production.
GSEB,ENG,STD11,ARTS,ECO,Economics,Commerce/Humanities,0,1,9,Baseline Indian school subject matrix; verify board-specific electives before production.
GSEB,ENG,STD11,ARTS,PHIL,Philosophy,Humanities,0,1,10,Baseline Indian school subject matrix; verify board-specific electives before production.
GSEB,ENG,STD11,ARTS,HOMESCI,Home Science,Humanities/Elective,0,1,11,Baseline Indian school subject matrix; verify board-specific electives before production.
GSEB,ENG,STD11,ARTS,LEGAL,Legal Studies,Humanities/Elective,0,1,12,Baseline Indian school subject matrix; verify board-specific electives before production.
GSEB,ENG,STD11,ARTS,FINEART,Fine Arts / Painting,Arts/Elective,0,1,13,Baseline Indian school subject matrix; verify board-specific electives before production.
GSEB,ENG,STD11,ARTS,MUSIC,Music,Arts/Elective,0,1,14,Baseline Indian school subject matrix; verify board-specific electives before production.
GSEB,ENG,STD11,ARTS,DANCE,Dance,Arts/Elective,0,1,15,Baseline Indian school subject matrix; verify board-specific electives before production.
GSEB,ENG,STD11,ARTS,HPE,Health and Physical Education,Co-curricular,0,1,16,Baseline Indian school subject matrix; verify board-specific electives before production.
GSEB,ENG,STD11,VOC,ENG,English,Language,1,0,1,Baseline Indian school subject matrix; verify board-specific electives before production.
GSEB,ENG,STD11,VOC,GUJ,Gujarati,Language,1,0,2,Baseline Indian school subject matrix; verify board-specific electives before production.
GSEB,ENG,STD11,VOC,HIN,Hindi,Language,1,0,3,Baseline Indian school subject matrix; verify board-specific electives before production.
GSEB,ENG,STD11,VOC,ITITES,Information Technology / IT-ITES,Vocational,0,1,4,Baseline Indian school subject matrix; verify board-specific electives before production.
GSEB,ENG,STD11,VOC,RETAIL,Retail,Vocational,0,1,5,Baseline Indian school subject matrix; verify board-specific electives before production.
GSEB,ENG,STD11,VOC,HEALTHCARE,Healthcare,Vocational,0,1,6,Baseline Indian school subject matrix; verify board-specific electives before production.
GSEB,ENG,STD11,VOC,TOURISM,Tourism and Hospitality,Vocational,0,1,7,Baseline Indian school subject matrix; verify board-specific electives before production.
GSEB,ENG,STD11,VOC,AGRI,Agriculture,Vocational,0,1,8,Baseline Indian school subject matrix; verify board-specific electives before production.
GSEB,ENG,STD11,VOC,BANKING,Banking and Insurance,Vocational,0,1,9,Baseline Indian school subject matrix; verify board-specific electives before production.
GSEB,ENG,STD11,VOC,AUTO,Automotive,Vocational,0,1,10,Baseline Indian school subject matrix; verify board-specific electives before production.
GSEB,ENG,STD11,VOC,ELECT,Electronics and Hardware,Vocational,0,1,11,Baseline Indian school subject matrix; verify board-specific electives before production.
GSEB,ENG,STD11,VOC,BEAUTY,Beauty and Wellness,Vocational,0,1,12,Baseline Indian school subject matrix; verify board-specific electives before production.
GSEB,ENG,STD11,VOC,HPE,Health and Physical Education,Co-curricular,0,1,13,Baseline Indian school subject matrix; verify board-specific electives before production.
GSEB,ENG,STD12,SCI,ENG,English,Language,1,0,1,Baseline Indian school subject matrix; verify board-specific electives before production.
GSEB,ENG,STD12,SCI,GUJ,Gujarati,Language,1,0,2,Baseline Indian school subject matrix; verify board-specific electives before production.
GSEB,ENG,STD12,SCI,HIN,Hindi,Language,1,0,3,Baseline Indian school subject matrix; verify board-specific electives before production.
GSEB,ENG,STD12,SCI,PHY,Physics,Science,1,0,4,Baseline Indian school subject matrix; verify board-specific electives before production.
GSEB,ENG,STD12,SCI,CHEM,Chemistry,Science,1,0,5,Baseline Indian school subject matrix; verify board-specific electives before production.
GSEB,ENG,STD12,SCI,BIO,Biology,Science,0,1,6,Baseline Indian school subject matrix; verify board-specific electives before production.
GSEB,ENG,STD12,SCI,MATH,Mathematics,Core,1,0,7,Baseline Indian school subject matrix; verify board-specific electives before production.
GSEB,ENG,STD12,SCI,AMATH,Applied Mathematics,Core/Elective,0,1,8,Baseline Indian school subject matrix; verify board-specific electives before production.
GSEB,ENG,STD12,SCI,CS,Computer Science,Science/Elective,0,1,9,Baseline Indian school subject matrix; verify board-specific electives before production.
GSEB,ENG,STD12,SCI,IP,Informatics Practices,Science/Commerce/Elective,0,1,10,Baseline Indian school subject matrix; verify board-specific electives before production.
GSEB,ENG,STD12,SCI,BIOTECH,Biotechnology,Science/Elective,0,1,11,Baseline Indian school subject matrix; verify board-specific electives before production.
GSEB,ENG,STD12,SCI,ENGGFX,Engineering Graphics,Science/Elective,0,1,12,Baseline Indian school subject matrix; verify board-specific electives before production.
GSEB,ENG,STD12,SCI,HPE,Health and Physical Education,Co-curricular,0,1,13,Baseline Indian school subject matrix; verify board-specific electives before production.
GSEB,ENG,STD12,COM,ENG,English,Language,1,0,1,Baseline Indian school subject matrix; verify board-specific electives before production.
GSEB,ENG,STD12,COM,GUJ,Gujarati,Language,1,0,2,Baseline Indian school subject matrix; verify board-specific electives before production.
GSEB,ENG,STD12,COM,HIN,Hindi,Language,1,0,3,Baseline Indian school subject matrix; verify board-specific electives before production.
GSEB,ENG,STD12,COM,ACC,Accountancy,Commerce,1,0,4,Baseline Indian school subject matrix; verify board-specific electives before production.
GSEB,ENG,STD12,COM,BST,Business Studies,Commerce,1,0,5,Baseline Indian school subject matrix; verify board-specific electives before production.
GSEB,ENG,STD12,COM,BADMIN,Business Administration / Management,Commerce,1,0,6,Baseline Indian school subject matrix; verify board-specific electives before production.
GSEB,ENG,STD12,COM,ECO,Economics,Commerce/Humanities,0,1,7,Baseline Indian school subject matrix; verify board-specific electives before production.
GSEB,ENG,STD12,COM,STAT,Statistics,Commerce/Elective,0,1,8,Baseline Indian school subject matrix; verify board-specific electives before production.
GSEB,ENG,STD12,COM,MATH,Mathematics,Core,1,0,9,Baseline Indian school subject matrix; verify board-specific electives before production.
GSEB,ENG,STD12,COM,AMATH,Applied Mathematics,Core/Elective,0,1,10,Baseline Indian school subject matrix; verify board-specific electives before production.
GSEB,ENG,STD12,COM,IP,Informatics Practices,Science/Commerce/Elective,0,1,11,Baseline Indian school subject matrix; verify board-specific electives before production.
GSEB,ENG,STD12,COM,ENT,Entrepreneurship,Commerce/Elective,0,1,12,Baseline Indian school subject matrix; verify board-specific electives before production.
GSEB,ENG,STD12,COM,HPE,Health and Physical Education,Co-curricular,0,1,13,Baseline Indian school subject matrix; verify board-specific electives before production.
GSEB,ENG,STD12,ARTS,ENG,English,Language,1,0,1,Baseline Indian school subject matrix; verify board-specific electives before production.
GSEB,ENG,STD12,ARTS,GUJ,Gujarati,Language,1,0,2,Baseline Indian school subject matrix; verify board-specific electives before production.
GSEB,ENG,STD12,ARTS,HIN,Hindi,Language,1,0,3,Baseline Indian school subject matrix; verify board-specific electives before production.
GSEB,ENG,STD12,ARTS,HIST,History,Humanities,0,1,4,Baseline Indian school subject matrix; verify board-specific electives before production.
GSEB,ENG,STD12,ARTS,GEO,Geography,Humanities,0,1,5,Baseline Indian school subject matrix; verify board-specific electives before production.
GSEB,ENG,STD12,ARTS,POLSCI,Political Science,Humanities,0,1,6,Baseline Indian school subject matrix; verify board-specific electives before production.
GSEB,ENG,STD12,ARTS,SOC,Sociology,Humanities,0,1,7,Baseline Indian school subject matrix; verify board-specific electives before production.
GSEB,ENG,STD12,ARTS,PSY,Psychology,Humanities,0,1,8,Baseline Indian school subject matrix; verify board-specific electives before production.
GSEB,ENG,STD12,ARTS,ECO,Economics,Commerce/Humanities,0,1,9,Baseline Indian school subject matrix; verify board-specific electives before production.
GSEB,ENG,STD12,ARTS,PHIL,Philosophy,Humanities,0,1,10,Baseline Indian school subject matrix; verify board-specific electives before production.
GSEB,ENG,STD12,ARTS,HOMESCI,Home Science,Humanities/Elective,0,1,11,Baseline Indian school subject matrix; verify board-specific electives before production.
GSEB,ENG,STD12,ARTS,LEGAL,Legal Studies,Humanities/Elective,0,1,12,Baseline Indian school subject matrix; verify board-specific electives before production.
GSEB,ENG,STD12,ARTS,FINEART,Fine Arts / Painting,Arts/Elective,0,1,13,Baseline Indian school subject matrix; verify board-specific electives before production.
GSEB,ENG,STD12,ARTS,MUSIC,Music,Arts/Elective,0,1,14,Baseline Indian school subject matrix; verify board-specific electives before production.
GSEB,ENG,STD12,ARTS,DANCE,Dance,Arts/Elective,0,1,15,Baseline Indian school subject matrix; verify board-specific electives before production.
GSEB,ENG,STD12,ARTS,HPE,Health and Physical Education,Co-curricular,0,1,16,Baseline Indian school subject matrix; verify board-specific electives before production.
GSEB,ENG,STD12,VOC,ENG,English,Language,1,0,1,Baseline Indian school subject matrix; verify board-specific electives before production.
GSEB,ENG,STD12,VOC,GUJ,Gujarati,Language,1,0,2,Baseline Indian school subject matrix; verify board-specific electives before production.
GSEB,ENG,STD12,VOC,HIN,Hindi,Language,1,0,3,Baseline Indian school subject matrix; verify board-specific electives before production.
GSEB,ENG,STD12,VOC,ITITES,Information Technology / IT-ITES,Vocational,0,1,4,Baseline Indian school subject matrix; verify board-specific electives before production.
GSEB,ENG,STD12,VOC,RETAIL,Retail,Vocational,0,1,5,Baseline Indian school subject matrix; verify board-specific electives before production.
GSEB,ENG,STD12,VOC,HEALTHCARE,Healthcare,Vocational,0,1,6,Baseline Indian school subject matrix; verify board-specific electives before production.
GSEB,ENG,STD12,VOC,TOURISM,Tourism and Hospitality,Vocational,0,1,7,Baseline Indian school subject matrix; verify board-specific electives before production.
GSEB,ENG,STD12,VOC,AGRI,Agriculture,Vocational,0,1,8,Baseline Indian school subject matrix; verify board-specific electives before production.
GSEB,ENG,STD12,VOC,BANKING,Banking and Insurance,Vocational,0,1,9,Baseline Indian school subject matrix; verify board-specific electives before production.
GSEB,ENG,STD12,VOC,AUTO,Automotive,Vocational,0,1,10,Baseline Indian school subject matrix; verify board-specific electives before production.
GSEB,ENG,STD12,VOC,ELECT,Electronics and Hardware,Vocational,0,1,11,Baseline Indian school subject matrix; verify board-specific electives before production.
GSEB,ENG,STD12,VOC,BEAUTY,Beauty and Wellness,Vocational,0,1,12,Baseline Indian school subject matrix; verify board-specific electives before production.
GSEB,ENG,STD12,VOC,HPE,Health and Physical Education,Co-curricular,0,1,13,Baseline Indian school subject matrix; verify board-specific electives before production.
GSEB,HIN,NUR,GEN,FLIT,Foundational Literacy,Foundation,0,1,1,Baseline Indian school subject matrix; verify board-specific electives before production.
GSEB,HIN,NUR,GEN,FNUM,Foundational Numeracy,Foundation,0,1,2,Baseline Indian school subject matrix; verify board-specific electives before production.
GSEB,HIN,NUR,GEN,RHYM,Rhymes and Stories,Foundation,0,1,3,Baseline Indian school subject matrix; verify board-specific electives before production.
GSEB,HIN,NUR,GEN,PLAY,Play and Activity,Foundation,0,1,4,Baseline Indian school subject matrix; verify board-specific electives before production.
GSEB,HIN,NUR,GEN,ARTC,Art and Craft,Co-curricular,0,1,5,Baseline Indian school subject matrix; verify board-specific electives before production.
GSEB,HIN,NUR,GEN,HEALTH,Health and Hygiene,Co-curricular,0,1,6,Baseline Indian school subject matrix; verify board-specific electives before production.
GSEB,HIN,LKG,GEN,FLIT,Foundational Literacy,Foundation,0,1,1,Baseline Indian school subject matrix; verify board-specific electives before production.
GSEB,HIN,LKG,GEN,FNUM,Foundational Numeracy,Foundation,0,1,2,Baseline Indian school subject matrix; verify board-specific electives before production.
GSEB,HIN,LKG,GEN,RHYM,Rhymes and Stories,Foundation,0,1,3,Baseline Indian school subject matrix; verify board-specific electives before production.
GSEB,HIN,LKG,GEN,PLAY,Play and Activity,Foundation,0,1,4,Baseline Indian school subject matrix; verify board-specific electives before production.
GSEB,HIN,LKG,GEN,ARTC,Art and Craft,Co-curricular,0,1,5,Baseline Indian school subject matrix; verify board-specific electives before production.
GSEB,HIN,LKG,GEN,HEALTH,Health and Hygiene,Co-curricular,0,1,6,Baseline Indian school subject matrix; verify board-specific electives before production.
GSEB,HIN,UKG,GEN,FLIT,Foundational Literacy,Foundation,0,1,1,Baseline Indian school subject matrix; verify board-specific electives before production.
GSEB,HIN,UKG,GEN,FNUM,Foundational Numeracy,Foundation,0,1,2,Baseline Indian school subject matrix; verify board-specific electives before production.
GSEB,HIN,UKG,GEN,RHYM,Rhymes and Stories,Foundation,0,1,3,Baseline Indian school subject matrix; verify board-specific electives before production.
GSEB,HIN,UKG,GEN,PLAY,Play and Activity,Foundation,0,1,4,Baseline Indian school subject matrix; verify board-specific electives before production.
GSEB,HIN,UKG,GEN,ARTC,Art and Craft,Co-curricular,0,1,5,Baseline Indian school subject matrix; verify board-specific electives before production.
GSEB,HIN,UKG,GEN,HEALTH,Health and Hygiene,Co-curricular,0,1,6,Baseline Indian school subject matrix; verify board-specific electives before production.
GSEB,HIN,BAL,GEN,FLIT,Foundational Literacy,Foundation,0,1,1,Baseline Indian school subject matrix; verify board-specific electives before production.
GSEB,HIN,BAL,GEN,FNUM,Foundational Numeracy,Foundation,0,1,2,Baseline Indian school subject matrix; verify board-specific electives before production.
GSEB,HIN,BAL,GEN,RHYM,Rhymes and Stories,Foundation,0,1,3,Baseline Indian school subject matrix; verify board-specific electives before production.
GSEB,HIN,BAL,GEN,PLAY,Play and Activity,Foundation,0,1,4,Baseline Indian school subject matrix; verify board-specific electives before production.
GSEB,HIN,BAL,GEN,ARTC,Art and Craft,Co-curricular,0,1,5,Baseline Indian school subject matrix; verify board-specific electives before production.
GSEB,HIN,BAL,GEN,HEALTH,Health and Hygiene,Co-curricular,0,1,6,Baseline Indian school subject matrix; verify board-specific electives before production.
GSEB,HIN,STD01,GEN,GUJ,Gujarati,Language,1,0,1,Baseline Indian school subject matrix; verify board-specific electives before production.
GSEB,HIN,STD01,GEN,ENG,English,Language,1,0,2,Baseline Indian school subject matrix; verify board-specific electives before production.
GSEB,HIN,STD01,GEN,HIN,Hindi,Language,1,0,3,Baseline Indian school subject matrix; verify board-specific electives before production.
GSEB,HIN,STD01,GEN,MATH,Mathematics,Core,1,0,4,Baseline Indian school subject matrix; verify board-specific electives before production.
GSEB,HIN,STD01,GEN,EVS,Environmental Studies,Core,1,0,5,Baseline Indian school subject matrix; verify board-specific electives before production.
GSEB,HIN,STD01,GEN,ARTC,Art and Craft,Co-curricular,0,1,6,Baseline Indian school subject matrix; verify board-specific electives before production.
GSEB,HIN,STD01,GEN,HPE,Health and Physical Education,Co-curricular,0,1,7,Baseline Indian school subject matrix; verify board-specific electives before production.
GSEB,HIN,STD01,GEN,VALUE,Value Education / Moral Science,Co-curricular,0,1,8,Baseline Indian school subject matrix; verify board-specific electives before production.
GSEB,HIN,STD02,GEN,GUJ,Gujarati,Language,1,0,1,Baseline Indian school subject matrix; verify board-specific electives before production.
GSEB,HIN,STD02,GEN,ENG,English,Language,1,0,2,Baseline Indian school subject matrix; verify board-specific electives before production.
GSEB,HIN,STD02,GEN,HIN,Hindi,Language,1,0,3,Baseline Indian school subject matrix; verify board-specific electives before production.
GSEB,HIN,STD02,GEN,MATH,Mathematics,Core,1,0,4,Baseline Indian school subject matrix; verify board-specific electives before production.
GSEB,HIN,STD02,GEN,EVS,Environmental Studies,Core,1,0,5,Baseline Indian school subject matrix; verify board-specific electives before production.
GSEB,HIN,STD02,GEN,ARTC,Art and Craft,Co-curricular,0,1,6,Baseline Indian school subject matrix; verify board-specific electives before production.
GSEB,HIN,STD02,GEN,HPE,Health and Physical Education,Co-curricular,0,1,7,Baseline Indian school subject matrix; verify board-specific electives before production.
GSEB,HIN,STD02,GEN,VALUE,Value Education / Moral Science,Co-curricular,0,1,8,Baseline Indian school subject matrix; verify board-specific electives before production.
GSEB,HIN,STD03,GEN,GUJ,Gujarati,Language,1,0,1,Baseline Indian school subject matrix; verify board-specific electives before production.
GSEB,HIN,STD03,GEN,ENG,English,Language,1,0,2,Baseline Indian school subject matrix; verify board-specific electives before production.
GSEB,HIN,STD03,GEN,HIN,Hindi,Language,1,0,3,Baseline Indian school subject matrix; verify board-specific electives before production.
GSEB,HIN,STD03,GEN,MATH,Mathematics,Core,1,0,4,Baseline Indian school subject matrix; verify board-specific electives before production.
GSEB,HIN,STD03,GEN,EVS,Environmental Studies,Core,1,0,5,Baseline Indian school subject matrix; verify board-specific electives before production.
GSEB,HIN,STD03,GEN,COMP,Computer Studies,Core/Elective,0,1,6,Baseline Indian school subject matrix; verify board-specific electives before production.
GSEB,HIN,STD03,GEN,ARTC,Art and Craft,Co-curricular,0,1,7,Baseline Indian school subject matrix; verify board-specific electives before production.
GSEB,HIN,STD03,GEN,HPE,Health and Physical Education,Co-curricular,0,1,8,Baseline Indian school subject matrix; verify board-specific electives before production.
GSEB,HIN,STD03,GEN,VALUE,Value Education / Moral Science,Co-curricular,0,1,9,Baseline Indian school subject matrix; verify board-specific electives before production.
GSEB,HIN,STD04,GEN,GUJ,Gujarati,Language,1,0,1,Baseline Indian school subject matrix; verify board-specific electives before production.
GSEB,HIN,STD04,GEN,ENG,English,Language,1,0,2,Baseline Indian school subject matrix; verify board-specific electives before production.
GSEB,HIN,STD04,GEN,HIN,Hindi,Language,1,0,3,Baseline Indian school subject matrix; verify board-specific electives before production.
GSEB,HIN,STD04,GEN,MATH,Mathematics,Core,1,0,4,Baseline Indian school subject matrix; verify board-specific electives before production.
GSEB,HIN,STD04,GEN,EVS,Environmental Studies,Core,1,0,5,Baseline Indian school subject matrix; verify board-specific electives before production.
GSEB,HIN,STD04,GEN,COMP,Computer Studies,Core/Elective,0,1,6,Baseline Indian school subject matrix; verify board-specific electives before production.
GSEB,HIN,STD04,GEN,ARTC,Art and Craft,Co-curricular,0,1,7,Baseline Indian school subject matrix; verify board-specific electives before production.
GSEB,HIN,STD04,GEN,HPE,Health and Physical Education,Co-curricular,0,1,8,Baseline Indian school subject matrix; verify board-specific electives before production.
GSEB,HIN,STD04,GEN,VALUE,Value Education / Moral Science,Co-curricular,0,1,9,Baseline Indian school subject matrix; verify board-specific electives before production.
GSEB,HIN,STD05,GEN,GUJ,Gujarati,Language,1,0,1,Baseline Indian school subject matrix; verify board-specific electives before production.
GSEB,HIN,STD05,GEN,ENG,English,Language,1,0,2,Baseline Indian school subject matrix; verify board-specific electives before production.
GSEB,HIN,STD05,GEN,HIN,Hindi,Language,1,0,3,Baseline Indian school subject matrix; verify board-specific electives before production.
GSEB,HIN,STD05,GEN,MATH,Mathematics,Core,1,0,4,Baseline Indian school subject matrix; verify board-specific electives before production.
GSEB,HIN,STD05,GEN,EVS,Environmental Studies,Core,1,0,5,Baseline Indian school subject matrix; verify board-specific electives before production.
GSEB,HIN,STD05,GEN,COMP,Computer Studies,Core/Elective,0,1,6,Baseline Indian school subject matrix; verify board-specific electives before production.
GSEB,HIN,STD05,GEN,ARTC,Art and Craft,Co-curricular,0,1,7,Baseline Indian school subject matrix; verify board-specific electives before production.
GSEB,HIN,STD05,GEN,HPE,Health and Physical Education,Co-curricular,0,1,8,Baseline Indian school subject matrix; verify board-specific electives before production.
GSEB,HIN,STD05,GEN,VALUE,Value Education / Moral Science,Co-curricular,0,1,9,Baseline Indian school subject matrix; verify board-specific electives before production.
GSEB,HIN,STD06,GEN,GUJ,Gujarati,Language,1,0,1,Baseline Indian school subject matrix; verify board-specific electives before production.
GSEB,HIN,STD06,GEN,ENG,English,Language,1,0,2,Baseline Indian school subject matrix; verify board-specific electives before production.
GSEB,HIN,STD06,GEN,HIN,Hindi,Language,1,0,3,Baseline Indian school subject matrix; verify board-specific electives before production.
GSEB,HIN,STD06,GEN,SAN,Sanskrit,Language,0,1,4,Baseline Indian school subject matrix; verify board-specific electives before production.
GSEB,HIN,STD06,GEN,MATH,Mathematics,Core,1,0,5,Baseline Indian school subject matrix; verify board-specific electives before production.
GSEB,HIN,STD06,GEN,SCI,Science,Core,1,0,6,Baseline Indian school subject matrix; verify board-specific electives before production.
GSEB,HIN,STD06,GEN,SS,Social Science,Core,1,0,7,Baseline Indian school subject matrix; verify board-specific electives before production.
GSEB,HIN,STD06,GEN,COMP,Computer Studies,Core/Elective,0,1,8,Baseline Indian school subject matrix; verify board-specific electives before production.
GSEB,HIN,STD06,GEN,ARTEDU,Art Education,Co-curricular,0,1,9,Baseline Indian school subject matrix; verify board-specific electives before production.
GSEB,HIN,STD06,GEN,HPE,Health and Physical Education,Co-curricular,0,1,10,Baseline Indian school subject matrix; verify board-specific electives before production.
GSEB,HIN,STD06,GEN,VALUE,Value Education / Moral Science,Co-curricular,0,1,11,Baseline Indian school subject matrix; verify board-specific electives before production.
GSEB,HIN,STD07,GEN,GUJ,Gujarati,Language,1,0,1,Baseline Indian school subject matrix; verify board-specific electives before production.
GSEB,HIN,STD07,GEN,ENG,English,Language,1,0,2,Baseline Indian school subject matrix; verify board-specific electives before production.
GSEB,HIN,STD07,GEN,HIN,Hindi,Language,1,0,3,Baseline Indian school subject matrix; verify board-specific electives before production.
GSEB,HIN,STD07,GEN,SAN,Sanskrit,Language,0,1,4,Baseline Indian school subject matrix; verify board-specific electives before production.
GSEB,HIN,STD07,GEN,MATH,Mathematics,Core,1,0,5,Baseline Indian school subject matrix; verify board-specific electives before production.
GSEB,HIN,STD07,GEN,SCI,Science,Core,1,0,6,Baseline Indian school subject matrix; verify board-specific electives before production.
GSEB,HIN,STD07,GEN,SS,Social Science,Core,1,0,7,Baseline Indian school subject matrix; verify board-specific electives before production.
GSEB,HIN,STD07,GEN,COMP,Computer Studies,Core/Elective,0,1,8,Baseline Indian school subject matrix; verify board-specific electives before production.
GSEB,HIN,STD07,GEN,ARTEDU,Art Education,Co-curricular,0,1,9,Baseline Indian school subject matrix; verify board-specific electives before production.
GSEB,HIN,STD07,GEN,HPE,Health and Physical Education,Co-curricular,0,1,10,Baseline Indian school subject matrix; verify board-specific electives before production.
GSEB,HIN,STD07,GEN,VALUE,Value Education / Moral Science,Co-curricular,0,1,11,Baseline Indian school subject matrix; verify board-specific electives before production.
GSEB,HIN,STD08,GEN,GUJ,Gujarati,Language,1,0,1,Baseline Indian school subject matrix; verify board-specific electives before production.
GSEB,HIN,STD08,GEN,ENG,English,Language,1,0,2,Baseline Indian school subject matrix; verify board-specific electives before production.
GSEB,HIN,STD08,GEN,HIN,Hindi,Language,1,0,3,Baseline Indian school subject matrix; verify board-specific electives before production.
GSEB,HIN,STD08,GEN,SAN,Sanskrit,Language,0,1,4,Baseline Indian school subject matrix; verify board-specific electives before production.
GSEB,HIN,STD08,GEN,MATH,Mathematics,Core,1,0,5,Baseline Indian school subject matrix; verify board-specific electives before production.
GSEB,HIN,STD08,GEN,SCI,Science,Core,1,0,6,Baseline Indian school subject matrix; verify board-specific electives before production.
GSEB,HIN,STD08,GEN,SS,Social Science,Core,1,0,7,Baseline Indian school subject matrix; verify board-specific electives before production.
GSEB,HIN,STD08,GEN,COMP,Computer Studies,Core/Elective,0,1,8,Baseline Indian school subject matrix; verify board-specific electives before production.
GSEB,HIN,STD08,GEN,ARTEDU,Art Education,Co-curricular,0,1,9,Baseline Indian school subject matrix; verify board-specific electives before production.
GSEB,HIN,STD08,GEN,HPE,Health and Physical Education,Co-curricular,0,1,10,Baseline Indian school subject matrix; verify board-specific electives before production.
GSEB,HIN,STD08,GEN,VALUE,Value Education / Moral Science,Co-curricular,0,1,11,Baseline Indian school subject matrix; verify board-specific electives before production.
GSEB,HIN,STD09,GEN,GUJ,Gujarati,Language,1,0,1,Baseline Indian school subject matrix; verify board-specific electives before production.
GSEB,HIN,STD09,GEN,ENG,English,Language,1,0,2,Baseline Indian school subject matrix; verify board-specific electives before production.
GSEB,HIN,STD09,GEN,HIN,Hindi,Language,1,0,3,Baseline Indian school subject matrix; verify board-specific electives before production.
GSEB,HIN,STD09,GEN,SAN,Sanskrit,Language,0,1,4,Baseline Indian school subject matrix; verify board-specific electives before production.
GSEB,HIN,STD09,GEN,MATH,Mathematics,Core,1,0,5,Baseline Indian school subject matrix; verify board-specific electives before production.
GSEB,HIN,STD09,GEN,SCI,Science,Core,1,0,6,Baseline Indian school subject matrix; verify board-specific electives before production.
GSEB,HIN,STD09,GEN,SS,Social Science,Core,1,0,7,Baseline Indian school subject matrix; verify board-specific electives before production.
GSEB,HIN,STD09,GEN,COMP,Computer Studies,Core/Elective,0,1,8,Baseline Indian school subject matrix; verify board-specific electives before production.
GSEB,HIN,STD09,GEN,AI,Artificial Intelligence,Skill/Elective,0,1,9,Baseline Indian school subject matrix; verify board-specific electives before production.
GSEB,HIN,STD09,GEN,HPE,Health and Physical Education,Co-curricular,0,1,10,Baseline Indian school subject matrix; verify board-specific electives before production.
GSEB,HIN,STD09,GEN,ARTEDU,Art Education,Co-curricular,0,1,11,Baseline Indian school subject matrix; verify board-specific electives before production.
GSEB,HIN,STD09,GEN,WORKEX,Work Experience,Co-curricular,0,1,12,Baseline Indian school subject matrix; verify board-specific electives before production.
GSEB,HIN,STD09,GEN,NCC,National Cadet Corps,Elective,0,1,13,Baseline Indian school subject matrix; verify board-specific electives before production.
GSEB,HIN,STD09,VOC,ENG,English,Language,1,0,1,Baseline Indian school subject matrix; verify board-specific electives before production.
GSEB,HIN,STD09,VOC,GUJ,Gujarati,Language,1,0,2,Baseline Indian school subject matrix; verify board-specific electives before production.
GSEB,HIN,STD09,VOC,HIN,Hindi,Language,1,0,3,Baseline Indian school subject matrix; verify board-specific electives before production.
GSEB,HIN,STD09,VOC,ITITES,Information Technology / IT-ITES,Vocational,0,1,4,Baseline Indian school subject matrix; verify board-specific electives before production.
GSEB,HIN,STD09,VOC,RETAIL,Retail,Vocational,0,1,5,Baseline Indian school subject matrix; verify board-specific electives before production.
GSEB,HIN,STD09,VOC,HEALTHCARE,Healthcare,Vocational,0,1,6,Baseline Indian school subject matrix; verify board-specific electives before production.
GSEB,HIN,STD09,VOC,TOURISM,Tourism and Hospitality,Vocational,0,1,7,Baseline Indian school subject matrix; verify board-specific electives before production.
GSEB,HIN,STD09,VOC,AGRI,Agriculture,Vocational,0,1,8,Baseline Indian school subject matrix; verify board-specific electives before production.
GSEB,HIN,STD09,VOC,BANKING,Banking and Insurance,Vocational,0,1,9,Baseline Indian school subject matrix; verify board-specific electives before production.
GSEB,HIN,STD09,VOC,AUTO,Automotive,Vocational,0,1,10,Baseline Indian school subject matrix; verify board-specific electives before production.
GSEB,HIN,STD09,VOC,ELECT,Electronics and Hardware,Vocational,0,1,11,Baseline Indian school subject matrix; verify board-specific electives before production.
GSEB,HIN,STD09,VOC,BEAUTY,Beauty and Wellness,Vocational,0,1,12,Baseline Indian school subject matrix; verify board-specific electives before production.
GSEB,HIN,STD09,VOC,HPE,Health and Physical Education,Co-curricular,0,1,13,Baseline Indian school subject matrix; verify board-specific electives before production.
GSEB,HIN,STD10,GEN,GUJ,Gujarati,Language,1,0,1,Baseline Indian school subject matrix; verify board-specific electives before production.
GSEB,HIN,STD10,GEN,ENG,English,Language,1,0,2,Baseline Indian school subject matrix; verify board-specific electives before production.
GSEB,HIN,STD10,GEN,HIN,Hindi,Language,1,0,3,Baseline Indian school subject matrix; verify board-specific electives before production.
GSEB,HIN,STD10,GEN,SAN,Sanskrit,Language,0,1,4,Baseline Indian school subject matrix; verify board-specific electives before production.
GSEB,HIN,STD10,GEN,MATH,Mathematics,Core,1,0,5,Baseline Indian school subject matrix; verify board-specific electives before production.
GSEB,HIN,STD10,GEN,SCI,Science,Core,1,0,6,Baseline Indian school subject matrix; verify board-specific electives before production.
GSEB,HIN,STD10,GEN,SS,Social Science,Core,1,0,7,Baseline Indian school subject matrix; verify board-specific electives before production.
GSEB,HIN,STD10,GEN,COMP,Computer Studies,Core/Elective,0,1,8,Baseline Indian school subject matrix; verify board-specific electives before production.
GSEB,HIN,STD10,GEN,AI,Artificial Intelligence,Skill/Elective,0,1,9,Baseline Indian school subject matrix; verify board-specific electives before production.
GSEB,HIN,STD10,GEN,HPE,Health and Physical Education,Co-curricular,0,1,10,Baseline Indian school subject matrix; verify board-specific electives before production.
GSEB,HIN,STD10,GEN,ARTEDU,Art Education,Co-curricular,0,1,11,Baseline Indian school subject matrix; verify board-specific electives before production.
GSEB,HIN,STD10,GEN,WORKEX,Work Experience,Co-curricular,0,1,12,Baseline Indian school subject matrix; verify board-specific electives before production.
GSEB,HIN,STD10,GEN,NCC,National Cadet Corps,Elective,0,1,13,Baseline Indian school subject matrix; verify board-specific electives before production.
GSEB,HIN,STD10,VOC,ENG,English,Language,1,0,1,Baseline Indian school subject matrix; verify board-specific electives before production.
GSEB,HIN,STD10,VOC,GUJ,Gujarati,Language,1,0,2,Baseline Indian school subject matrix; verify board-specific electives before production.
GSEB,HIN,STD10,VOC,HIN,Hindi,Language,1,0,3,Baseline Indian school subject matrix; verify board-specific electives before production.
GSEB,HIN,STD10,VOC,ITITES,Information Technology / IT-ITES,Vocational,0,1,4,Baseline Indian school subject matrix; verify board-specific electives before production.
GSEB,HIN,STD10,VOC,RETAIL,Retail,Vocational,0,1,5,Baseline Indian school subject matrix; verify board-specific electives before production.
GSEB,HIN,STD10,VOC,HEALTHCARE,Healthcare,Vocational,0,1,6,Baseline Indian school subject matrix; verify board-specific electives before production.
GSEB,HIN,STD10,VOC,TOURISM,Tourism and Hospitality,Vocational,0,1,7,Baseline Indian school subject matrix; verify board-specific electives before production.
GSEB,HIN,STD10,VOC,AGRI,Agriculture,Vocational,0,1,8,Baseline Indian school subject matrix; verify board-specific electives before production.
GSEB,HIN,STD10,VOC,BANKING,Banking and Insurance,Vocational,0,1,9,Baseline Indian school subject matrix; verify board-specific electives before production.
GSEB,HIN,STD10,VOC,AUTO,Automotive,Vocational,0,1,10,Baseline Indian school subject matrix; verify board-specific electives before production.
GSEB,HIN,STD10,VOC,ELECT,Electronics and Hardware,Vocational,0,1,11,Baseline Indian school subject matrix; verify board-specific electives before production.
GSEB,HIN,STD10,VOC,BEAUTY,Beauty and Wellness,Vocational,0,1,12,Baseline Indian school subject matrix; verify board-specific electives before production.
GSEB,HIN,STD10,VOC,HPE,Health and Physical Education,Co-curricular,0,1,13,Baseline Indian school subject matrix; verify board-specific electives before production.
GSEB,HIN,STD11,SCI,ENG,English,Language,1,0,1,Baseline Indian school subject matrix; verify board-specific electives before production.
GSEB,HIN,STD11,SCI,GUJ,Gujarati,Language,1,0,2,Baseline Indian school subject matrix; verify board-specific electives before production.
GSEB,HIN,STD11,SCI,HIN,Hindi,Language,1,0,3,Baseline Indian school subject matrix; verify board-specific electives before production.
GSEB,HIN,STD11,SCI,PHY,Physics,Science,1,0,4,Baseline Indian school subject matrix; verify board-specific electives before production.
GSEB,HIN,STD11,SCI,CHEM,Chemistry,Science,1,0,5,Baseline Indian school subject matrix; verify board-specific electives before production.
GSEB,HIN,STD11,SCI,BIO,Biology,Science,0,1,6,Baseline Indian school subject matrix; verify board-specific electives before production.
GSEB,HIN,STD11,SCI,MATH,Mathematics,Core,1,0,7,Baseline Indian school subject matrix; verify board-specific electives before production.
GSEB,HIN,STD11,SCI,AMATH,Applied Mathematics,Core/Elective,0,1,8,Baseline Indian school subject matrix; verify board-specific electives before production.
GSEB,HIN,STD11,SCI,CS,Computer Science,Science/Elective,0,1,9,Baseline Indian school subject matrix; verify board-specific electives before production.
GSEB,HIN,STD11,SCI,IP,Informatics Practices,Science/Commerce/Elective,0,1,10,Baseline Indian school subject matrix; verify board-specific electives before production.
GSEB,HIN,STD11,SCI,BIOTECH,Biotechnology,Science/Elective,0,1,11,Baseline Indian school subject matrix; verify board-specific electives before production.
GSEB,HIN,STD11,SCI,ENGGFX,Engineering Graphics,Science/Elective,0,1,12,Baseline Indian school subject matrix; verify board-specific electives before production.
GSEB,HIN,STD11,SCI,HPE,Health and Physical Education,Co-curricular,0,1,13,Baseline Indian school subject matrix; verify board-specific electives before production.
GSEB,HIN,STD11,COM,ENG,English,Language,1,0,1,Baseline Indian school subject matrix; verify board-specific electives before production.
GSEB,HIN,STD11,COM,GUJ,Gujarati,Language,1,0,2,Baseline Indian school subject matrix; verify board-specific electives before production.
GSEB,HIN,STD11,COM,HIN,Hindi,Language,1,0,3,Baseline Indian school subject matrix; verify board-specific electives before production.
GSEB,HIN,STD11,COM,ACC,Accountancy,Commerce,1,0,4,Baseline Indian school subject matrix; verify board-specific electives before production.
GSEB,HIN,STD11,COM,BST,Business Studies,Commerce,1,0,5,Baseline Indian school subject matrix; verify board-specific electives before production.
GSEB,HIN,STD11,COM,BADMIN,Business Administration / Management,Commerce,1,0,6,Baseline Indian school subject matrix; verify board-specific electives before production.
GSEB,HIN,STD11,COM,ECO,Economics,Commerce/Humanities,0,1,7,Baseline Indian school subject matrix; verify board-specific electives before production.
GSEB,HIN,STD11,COM,STAT,Statistics,Commerce/Elective,0,1,8,Baseline Indian school subject matrix; verify board-specific electives before production.
GSEB,HIN,STD11,COM,MATH,Mathematics,Core,1,0,9,Baseline Indian school subject matrix; verify board-specific electives before production.
GSEB,HIN,STD11,COM,AMATH,Applied Mathematics,Core/Elective,0,1,10,Baseline Indian school subject matrix; verify board-specific electives before production.
GSEB,HIN,STD11,COM,IP,Informatics Practices,Science/Commerce/Elective,0,1,11,Baseline Indian school subject matrix; verify board-specific electives before production.
GSEB,HIN,STD11,COM,ENT,Entrepreneurship,Commerce/Elective,0,1,12,Baseline Indian school subject matrix; verify board-specific electives before production.
GSEB,HIN,STD11,COM,HPE,Health and Physical Education,Co-curricular,0,1,13,Baseline Indian school subject matrix; verify board-specific electives before production.
GSEB,HIN,STD11,ARTS,ENG,English,Language,1,0,1,Baseline Indian school subject matrix; verify board-specific electives before production.
GSEB,HIN,STD11,ARTS,GUJ,Gujarati,Language,1,0,2,Baseline Indian school subject matrix; verify board-specific electives before production.
GSEB,HIN,STD11,ARTS,HIN,Hindi,Language,1,0,3,Baseline Indian school subject matrix; verify board-specific electives before production.
GSEB,HIN,STD11,ARTS,HIST,History,Humanities,0,1,4,Baseline Indian school subject matrix; verify board-specific electives before production.
GSEB,HIN,STD11,ARTS,GEO,Geography,Humanities,0,1,5,Baseline Indian school subject matrix; verify board-specific electives before production.
GSEB,HIN,STD11,ARTS,POLSCI,Political Science,Humanities,0,1,6,Baseline Indian school subject matrix; verify board-specific electives before production.
GSEB,HIN,STD11,ARTS,SOC,Sociology,Humanities,0,1,7,Baseline Indian school subject matrix; verify board-specific electives before production.
GSEB,HIN,STD11,ARTS,PSY,Psychology,Humanities,0,1,8,Baseline Indian school subject matrix; verify board-specific electives before production.
GSEB,HIN,STD11,ARTS,ECO,Economics,Commerce/Humanities,0,1,9,Baseline Indian school subject matrix; verify board-specific electives before production.
GSEB,HIN,STD11,ARTS,PHIL,Philosophy,Humanities,0,1,10,Baseline Indian school subject matrix; verify board-specific electives before production.
GSEB,HIN,STD11,ARTS,HOMESCI,Home Science,Humanities/Elective,0,1,11,Baseline Indian school subject matrix; verify board-specific electives before production.
GSEB,HIN,STD11,ARTS,LEGAL,Legal Studies,Humanities/Elective,0,1,12,Baseline Indian school subject matrix; verify board-specific electives before production.
GSEB,HIN,STD11,ARTS,FINEART,Fine Arts / Painting,Arts/Elective,0,1,13,Baseline Indian school subject matrix; verify board-specific electives before production.
GSEB,HIN,STD11,ARTS,MUSIC,Music,Arts/Elective,0,1,14,Baseline Indian school subject matrix; verify board-specific electives before production.
GSEB,HIN,STD11,ARTS,DANCE,Dance,Arts/Elective,0,1,15,Baseline Indian school subject matrix; verify board-specific electives before production.
GSEB,HIN,STD11,ARTS,HPE,Health and Physical Education,Co-curricular,0,1,16,Baseline Indian school subject matrix; verify board-specific electives before production.
GSEB,HIN,STD11,VOC,ENG,English,Language,1,0,1,Baseline Indian school subject matrix; verify board-specific electives before production.
GSEB,HIN,STD11,VOC,GUJ,Gujarati,Language,1,0,2,Baseline Indian school subject matrix; verify board-specific electives before production.
GSEB,HIN,STD11,VOC,HIN,Hindi,Language,1,0,3,Baseline Indian school subject matrix; verify board-specific electives before production.
GSEB,HIN,STD11,VOC,ITITES,Information Technology / IT-ITES,Vocational,0,1,4,Baseline Indian school subject matrix; verify board-specific electives before production.
GSEB,HIN,STD11,VOC,RETAIL,Retail,Vocational,0,1,5,Baseline Indian school subject matrix; verify board-specific electives before production.
GSEB,HIN,STD11,VOC,HEALTHCARE,Healthcare,Vocational,0,1,6,Baseline Indian school subject matrix; verify board-specific electives before production.
GSEB,HIN,STD11,VOC,TOURISM,Tourism and Hospitality,Vocational,0,1,7,Baseline Indian school subject matrix; verify board-specific electives before production.
GSEB,HIN,STD11,VOC,AGRI,Agriculture,Vocational,0,1,8,Baseline Indian school subject matrix; verify board-specific electives before production.
GSEB,HIN,STD11,VOC,BANKING,Banking and Insurance,Vocational,0,1,9,Baseline Indian school subject matrix; verify board-specific electives before production.
GSEB,HIN,STD11,VOC,AUTO,Automotive,Vocational,0,1,10,Baseline Indian school subject matrix; verify board-specific electives before production.
GSEB,HIN,STD11,VOC,ELECT,Electronics and Hardware,Vocational,0,1,11,Baseline Indian school subject matrix; verify board-specific electives before production.
GSEB,HIN,STD11,VOC,BEAUTY,Beauty and Wellness,Vocational,0,1,12,Baseline Indian school subject matrix; verify board-specific electives before production.
GSEB,HIN,STD11,VOC,HPE,Health and Physical Education,Co-curricular,0,1,13,Baseline Indian school subject matrix; verify board-specific electives before production.
GSEB,HIN,STD12,SCI,ENG,English,Language,1,0,1,Baseline Indian school subject matrix; verify board-specific electives before production.
GSEB,HIN,STD12,SCI,GUJ,Gujarati,Language,1,0,2,Baseline Indian school subject matrix; verify board-specific electives before production.
GSEB,HIN,STD12,SCI,HIN,Hindi,Language,1,0,3,Baseline Indian school subject matrix; verify board-specific electives before production.
GSEB,HIN,STD12,SCI,PHY,Physics,Science,1,0,4,Baseline Indian school subject matrix; verify board-specific electives before production.
GSEB,HIN,STD12,SCI,CHEM,Chemistry,Science,1,0,5,Baseline Indian school subject matrix; verify board-specific electives before production.
GSEB,HIN,STD12,SCI,BIO,Biology,Science,0,1,6,Baseline Indian school subject matrix; verify board-specific electives before production.
GSEB,HIN,STD12,SCI,MATH,Mathematics,Core,1,0,7,Baseline Indian school subject matrix; verify board-specific electives before production.
GSEB,HIN,STD12,SCI,AMATH,Applied Mathematics,Core/Elective,0,1,8,Baseline Indian school subject matrix; verify board-specific electives before production.
GSEB,HIN,STD12,SCI,CS,Computer Science,Science/Elective,0,1,9,Baseline Indian school subject matrix; verify board-specific electives before production.
GSEB,HIN,STD12,SCI,IP,Informatics Practices,Science/Commerce/Elective,0,1,10,Baseline Indian school subject matrix; verify board-specific electives before production.
GSEB,HIN,STD12,SCI,BIOTECH,Biotechnology,Science/Elective,0,1,11,Baseline Indian school subject matrix; verify board-specific electives before production.
GSEB,HIN,STD12,SCI,ENGGFX,Engineering Graphics,Science/Elective,0,1,12,Baseline Indian school subject matrix; verify board-specific electives before production.
GSEB,HIN,STD12,SCI,HPE,Health and Physical Education,Co-curricular,0,1,13,Baseline Indian school subject matrix; verify board-specific electives before production.
GSEB,HIN,STD12,COM,ENG,English,Language,1,0,1,Baseline Indian school subject matrix; verify board-specific electives before production.
GSEB,HIN,STD12,COM,GUJ,Gujarati,Language,1,0,2,Baseline Indian school subject matrix; verify board-specific electives before production.
GSEB,HIN,STD12,COM,HIN,Hindi,Language,1,0,3,Baseline Indian school subject matrix; verify board-specific electives before production.
GSEB,HIN,STD12,COM,ACC,Accountancy,Commerce,1,0,4,Baseline Indian school subject matrix; verify board-specific electives before production.
GSEB,HIN,STD12,COM,BST,Business Studies,Commerce,1,0,5,Baseline Indian school subject matrix; verify board-specific electives before production.
GSEB,HIN,STD12,COM,BADMIN,Business Administration / Management,Commerce,1,0,6,Baseline Indian school subject matrix; verify board-specific electives before production.
GSEB,HIN,STD12,COM,ECO,Economics,Commerce/Humanities,0,1,7,Baseline Indian school subject matrix; verify board-specific electives before production.
GSEB,HIN,STD12,COM,STAT,Statistics,Commerce/Elective,0,1,8,Baseline Indian school subject matrix; verify board-specific electives before production.
GSEB,HIN,STD12,COM,MATH,Mathematics,Core,1,0,9,Baseline Indian school subject matrix; verify board-specific electives before production.
GSEB,HIN,STD12,COM,AMATH,Applied Mathematics,Core/Elective,0,1,10,Baseline Indian school subject matrix; verify board-specific electives before production.
GSEB,HIN,STD12,COM,IP,Informatics Practices,Science/Commerce/Elective,0,1,11,Baseline Indian school subject matrix; verify board-specific electives before production.
GSEB,HIN,STD12,COM,ENT,Entrepreneurship,Commerce/Elective,0,1,12,Baseline Indian school subject matrix; verify board-specific electives before production.
GSEB,HIN,STD12,COM,HPE,Health and Physical Education,Co-curricular,0,1,13,Baseline Indian school subject matrix; verify board-specific electives before production.
GSEB,HIN,STD12,ARTS,ENG,English,Language,1,0,1,Baseline Indian school subject matrix; verify board-specific electives before production.
GSEB,HIN,STD12,ARTS,GUJ,Gujarati,Language,1,0,2,Baseline Indian school subject matrix; verify board-specific electives before production.
GSEB,HIN,STD12,ARTS,HIN,Hindi,Language,1,0,3,Baseline Indian school subject matrix; verify board-specific electives before production.
GSEB,HIN,STD12,ARTS,HIST,History,Humanities,0,1,4,Baseline Indian school subject matrix; verify board-specific electives before production.
GSEB,HIN,STD12,ARTS,GEO,Geography,Humanities,0,1,5,Baseline Indian school subject matrix; verify board-specific electives before production.
GSEB,HIN,STD12,ARTS,POLSCI,Political Science,Humanities,0,1,6,Baseline Indian school subject matrix; verify board-specific electives before production.
GSEB,HIN,STD12,ARTS,SOC,Sociology,Humanities,0,1,7,Baseline Indian school subject matrix; verify board-specific electives before production.
GSEB,HIN,STD12,ARTS,PSY,Psychology,Humanities,0,1,8,Baseline Indian school subject matrix; verify board-specific electives before production.
GSEB,HIN,STD12,ARTS,ECO,Economics,Commerce/Humanities,0,1,9,Baseline Indian school subject matrix; verify board-specific electives before production.
GSEB,HIN,STD12,ARTS,PHIL,Philosophy,Humanities,0,1,10,Baseline Indian school subject matrix; verify board-specific electives before production.
GSEB,HIN,STD12,ARTS,HOMESCI,Home Science,Humanities/Elective,0,1,11,Baseline Indian school subject matrix; verify board-specific electives before production.
GSEB,HIN,STD12,ARTS,LEGAL,Legal Studies,Humanities/Elective,0,1,12,Baseline Indian school subject matrix; verify board-specific electives before production.
GSEB,HIN,STD12,ARTS,FINEART,Fine Arts / Painting,Arts/Elective,0,1,13,Baseline Indian school subject matrix; verify board-specific electives before production.
GSEB,HIN,STD12,ARTS,MUSIC,Music,Arts/Elective,0,1,14,Baseline Indian school subject matrix; verify board-specific electives before production.
GSEB,HIN,STD12,ARTS,DANCE,Dance,Arts/Elective,0,1,15,Baseline Indian school subject matrix; verify board-specific electives before production.
GSEB,HIN,STD12,ARTS,HPE,Health and Physical Education,Co-curricular,0,1,16,Baseline Indian school subject matrix; verify board-specific electives before production.
GSEB,HIN,STD12,VOC,ENG,English,Language,1,0,1,Baseline Indian school subject matrix; verify board-specific electives before production.
GSEB,HIN,STD12,VOC,GUJ,Gujarati,Language,1,0,2,Baseline Indian school subject matrix; verify board-specific electives before production.
GSEB,HIN,STD12,VOC,HIN,Hindi,Language,1,0,3,Baseline Indian school subject matrix; verify board-specific electives before production.
GSEB,HIN,STD12,VOC,ITITES,Information Technology / IT-ITES,Vocational,0,1,4,Baseline Indian school subject matrix; verify board-specific electives before production.
GSEB,HIN,STD12,VOC,RETAIL,Retail,Vocational,0,1,5,Baseline Indian school subject matrix; verify board-specific electives before production.
GSEB,HIN,STD12,VOC,HEALTHCARE,Healthcare,Vocational,0,1,6,Baseline Indian school subject matrix; verify board-specific electives before production.
GSEB,HIN,STD12,VOC,TOURISM,Tourism and Hospitality,Vocational,0,1,7,Baseline Indian school subject matrix; verify board-specific electives before production.
GSEB,HIN,STD12,VOC,AGRI,Agriculture,Vocational,0,1,8,Baseline Indian school subject matrix; verify board-specific electives before production.
GSEB,HIN,STD12,VOC,BANKING,Banking and Insurance,Vocational,0,1,9,Baseline Indian school subject matrix; verify board-specific electives before production.
GSEB,HIN,STD12,VOC,AUTO,Automotive,Vocational,0,1,10,Baseline Indian school subject matrix; verify board-specific electives before production.
GSEB,HIN,STD12,VOC,ELECT,Electronics and Hardware,Vocational,0,1,11,Baseline Indian school subject matrix; verify board-specific electives before production.
GSEB,HIN,STD12,VOC,BEAUTY,Beauty and Wellness,Vocational,0,1,12,Baseline Indian school subject matrix; verify board-specific electives before production.
GSEB,HIN,STD12,VOC,HPE,Health and Physical Education,Co-curricular,0,1,13,Baseline Indian school subject matrix; verify board-specific electives before production.
CBSE,ENG,NUR,GEN,FLIT,Foundational Literacy,Foundation,0,1,1,Baseline Indian school subject matrix; verify board-specific electives before production.
CBSE,ENG,NUR,GEN,FNUM,Foundational Numeracy,Foundation,0,1,2,Baseline Indian school subject matrix; verify board-specific electives before production.
CBSE,ENG,NUR,GEN,RHYM,Rhymes and Stories,Foundation,0,1,3,Baseline Indian school subject matrix; verify board-specific electives before production.
CBSE,ENG,NUR,GEN,PLAY,Play and Activity,Foundation,0,1,4,Baseline Indian school subject matrix; verify board-specific electives before production.
CBSE,ENG,NUR,GEN,ARTC,Art and Craft,Co-curricular,0,1,5,Baseline Indian school subject matrix; verify board-specific electives before production.
CBSE,ENG,NUR,GEN,HEALTH,Health and Hygiene,Co-curricular,0,1,6,Baseline Indian school subject matrix; verify board-specific electives before production.
CBSE,ENG,LKG,GEN,FLIT,Foundational Literacy,Foundation,0,1,1,Baseline Indian school subject matrix; verify board-specific electives before production.
CBSE,ENG,LKG,GEN,FNUM,Foundational Numeracy,Foundation,0,1,2,Baseline Indian school subject matrix; verify board-specific electives before production.
CBSE,ENG,LKG,GEN,RHYM,Rhymes and Stories,Foundation,0,1,3,Baseline Indian school subject matrix; verify board-specific electives before production.
CBSE,ENG,LKG,GEN,PLAY,Play and Activity,Foundation,0,1,4,Baseline Indian school subject matrix; verify board-specific electives before production.
CBSE,ENG,LKG,GEN,ARTC,Art and Craft,Co-curricular,0,1,5,Baseline Indian school subject matrix; verify board-specific electives before production.
CBSE,ENG,LKG,GEN,HEALTH,Health and Hygiene,Co-curricular,0,1,6,Baseline Indian school subject matrix; verify board-specific electives before production.
CBSE,ENG,UKG,GEN,FLIT,Foundational Literacy,Foundation,0,1,1,Baseline Indian school subject matrix; verify board-specific electives before production.
CBSE,ENG,UKG,GEN,FNUM,Foundational Numeracy,Foundation,0,1,2,Baseline Indian school subject matrix; verify board-specific electives before production.
CBSE,ENG,UKG,GEN,RHYM,Rhymes and Stories,Foundation,0,1,3,Baseline Indian school subject matrix; verify board-specific electives before production.
CBSE,ENG,UKG,GEN,PLAY,Play and Activity,Foundation,0,1,4,Baseline Indian school subject matrix; verify board-specific electives before production.
CBSE,ENG,UKG,GEN,ARTC,Art and Craft,Co-curricular,0,1,5,Baseline Indian school subject matrix; verify board-specific electives before production.
CBSE,ENG,UKG,GEN,HEALTH,Health and Hygiene,Co-curricular,0,1,6,Baseline Indian school subject matrix; verify board-specific electives before production.
CBSE,ENG,BAL,GEN,FLIT,Foundational Literacy,Foundation,0,1,1,Baseline Indian school subject matrix; verify board-specific electives before production.
CBSE,ENG,BAL,GEN,FNUM,Foundational Numeracy,Foundation,0,1,2,Baseline Indian school subject matrix; verify board-specific electives before production.
CBSE,ENG,BAL,GEN,RHYM,Rhymes and Stories,Foundation,0,1,3,Baseline Indian school subject matrix; verify board-specific electives before production.
CBSE,ENG,BAL,GEN,PLAY,Play and Activity,Foundation,0,1,4,Baseline Indian school subject matrix; verify board-specific electives before production.
CBSE,ENG,BAL,GEN,ARTC,Art and Craft,Co-curricular,0,1,5,Baseline Indian school subject matrix; verify board-specific electives before production.
CBSE,ENG,BAL,GEN,HEALTH,Health and Hygiene,Co-curricular,0,1,6,Baseline Indian school subject matrix; verify board-specific electives before production.
CBSE,ENG,STD01,GEN,GUJ,Gujarati,Language,1,0,1,Baseline Indian school subject matrix; verify board-specific electives before production.
CBSE,ENG,STD01,GEN,ENG,English,Language,1,0,2,Baseline Indian school subject matrix; verify board-specific electives before production.
CBSE,ENG,STD01,GEN,HIN,Hindi,Language,1,0,3,Baseline Indian school subject matrix; verify board-specific electives before production.
CBSE,ENG,STD01,GEN,MATH,Mathematics,Core,1,0,4,Baseline Indian school subject matrix; verify board-specific electives before production.
CBSE,ENG,STD01,GEN,EVS,Environmental Studies,Core,1,0,5,Baseline Indian school subject matrix; verify board-specific electives before production.
CBSE,ENG,STD01,GEN,ARTC,Art and Craft,Co-curricular,0,1,6,Baseline Indian school subject matrix; verify board-specific electives before production.
CBSE,ENG,STD01,GEN,HPE,Health and Physical Education,Co-curricular,0,1,7,Baseline Indian school subject matrix; verify board-specific electives before production.
CBSE,ENG,STD01,GEN,VALUE,Value Education / Moral Science,Co-curricular,0,1,8,Baseline Indian school subject matrix; verify board-specific electives before production.
CBSE,ENG,STD02,GEN,GUJ,Gujarati,Language,1,0,1,Baseline Indian school subject matrix; verify board-specific electives before production.
CBSE,ENG,STD02,GEN,ENG,English,Language,1,0,2,Baseline Indian school subject matrix; verify board-specific electives before production.
CBSE,ENG,STD02,GEN,HIN,Hindi,Language,1,0,3,Baseline Indian school subject matrix; verify board-specific electives before production.
CBSE,ENG,STD02,GEN,MATH,Mathematics,Core,1,0,4,Baseline Indian school subject matrix; verify board-specific electives before production.
CBSE,ENG,STD02,GEN,EVS,Environmental Studies,Core,1,0,5,Baseline Indian school subject matrix; verify board-specific electives before production.
CBSE,ENG,STD02,GEN,ARTC,Art and Craft,Co-curricular,0,1,6,Baseline Indian school subject matrix; verify board-specific electives before production.
CBSE,ENG,STD02,GEN,HPE,Health and Physical Education,Co-curricular,0,1,7,Baseline Indian school subject matrix; verify board-specific electives before production.
CBSE,ENG,STD02,GEN,VALUE,Value Education / Moral Science,Co-curricular,0,1,8,Baseline Indian school subject matrix; verify board-specific electives before production.
CBSE,ENG,STD03,GEN,GUJ,Gujarati,Language,1,0,1,Baseline Indian school subject matrix; verify board-specific electives before production.
CBSE,ENG,STD03,GEN,ENG,English,Language,1,0,2,Baseline Indian school subject matrix; verify board-specific electives before production.
CBSE,ENG,STD03,GEN,HIN,Hindi,Language,1,0,3,Baseline Indian school subject matrix; verify board-specific electives before production.
CBSE,ENG,STD03,GEN,MATH,Mathematics,Core,1,0,4,Baseline Indian school subject matrix; verify board-specific electives before production.
CBSE,ENG,STD03,GEN,EVS,Environmental Studies,Core,1,0,5,Baseline Indian school subject matrix; verify board-specific electives before production.
CBSE,ENG,STD03,GEN,COMP,Computer Studies,Core/Elective,0,1,6,Baseline Indian school subject matrix; verify board-specific electives before production.
CBSE,ENG,STD03,GEN,ARTC,Art and Craft,Co-curricular,0,1,7,Baseline Indian school subject matrix; verify board-specific electives before production.
CBSE,ENG,STD03,GEN,HPE,Health and Physical Education,Co-curricular,0,1,8,Baseline Indian school subject matrix; verify board-specific electives before production.
CBSE,ENG,STD03,GEN,VALUE,Value Education / Moral Science,Co-curricular,0,1,9,Baseline Indian school subject matrix; verify board-specific electives before production.
CBSE,ENG,STD04,GEN,GUJ,Gujarati,Language,1,0,1,Baseline Indian school subject matrix; verify board-specific electives before production.
CBSE,ENG,STD04,GEN,ENG,English,Language,1,0,2,Baseline Indian school subject matrix; verify board-specific electives before production.
CBSE,ENG,STD04,GEN,HIN,Hindi,Language,1,0,3,Baseline Indian school subject matrix; verify board-specific electives before production.
CBSE,ENG,STD04,GEN,MATH,Mathematics,Core,1,0,4,Baseline Indian school subject matrix; verify board-specific electives before production.
CBSE,ENG,STD04,GEN,EVS,Environmental Studies,Core,1,0,5,Baseline Indian school subject matrix; verify board-specific electives before production.
CBSE,ENG,STD04,GEN,COMP,Computer Studies,Core/Elective,0,1,6,Baseline Indian school subject matrix; verify board-specific electives before production.
CBSE,ENG,STD04,GEN,ARTC,Art and Craft,Co-curricular,0,1,7,Baseline Indian school subject matrix; verify board-specific electives before production.
CBSE,ENG,STD04,GEN,HPE,Health and Physical Education,Co-curricular,0,1,8,Baseline Indian school subject matrix; verify board-specific electives before production.
CBSE,ENG,STD04,GEN,VALUE,Value Education / Moral Science,Co-curricular,0,1,9,Baseline Indian school subject matrix; verify board-specific electives before production.
CBSE,ENG,STD05,GEN,GUJ,Gujarati,Language,1,0,1,Baseline Indian school subject matrix; verify board-specific electives before production.
CBSE,ENG,STD05,GEN,ENG,English,Language,1,0,2,Baseline Indian school subject matrix; verify board-specific electives before production.
CBSE,ENG,STD05,GEN,HIN,Hindi,Language,1,0,3,Baseline Indian school subject matrix; verify board-specific electives before production.
CBSE,ENG,STD05,GEN,MATH,Mathematics,Core,1,0,4,Baseline Indian school subject matrix; verify board-specific electives before production.
CBSE,ENG,STD05,GEN,EVS,Environmental Studies,Core,1,0,5,Baseline Indian school subject matrix; verify board-specific electives before production.
CBSE,ENG,STD05,GEN,COMP,Computer Studies,Core/Elective,0,1,6,Baseline Indian school subject matrix; verify board-specific electives before production.
CBSE,ENG,STD05,GEN,ARTC,Art and Craft,Co-curricular,0,1,7,Baseline Indian school subject matrix; verify board-specific electives before production.
CBSE,ENG,STD05,GEN,HPE,Health and Physical Education,Co-curricular,0,1,8,Baseline Indian school subject matrix; verify board-specific electives before production.
CBSE,ENG,STD05,GEN,VALUE,Value Education / Moral Science,Co-curricular,0,1,9,Baseline Indian school subject matrix; verify board-specific electives before production.
CBSE,ENG,STD06,GEN,GUJ,Gujarati,Language,1,0,1,Baseline Indian school subject matrix; verify board-specific electives before production.
CBSE,ENG,STD06,GEN,ENG,English,Language,1,0,2,Baseline Indian school subject matrix; verify board-specific electives before production.
CBSE,ENG,STD06,GEN,HIN,Hindi,Language,1,0,3,Baseline Indian school subject matrix; verify board-specific electives before production.
CBSE,ENG,STD06,GEN,SAN,Sanskrit,Language,0,1,4,Baseline Indian school subject matrix; verify board-specific electives before production.
CBSE,ENG,STD06,GEN,MATH,Mathematics,Core,1,0,5,Baseline Indian school subject matrix; verify board-specific electives before production.
CBSE,ENG,STD06,GEN,SCI,Science,Core,1,0,6,Baseline Indian school subject matrix; verify board-specific electives before production.
CBSE,ENG,STD06,GEN,SS,Social Science,Core,1,0,7,Baseline Indian school subject matrix; verify board-specific electives before production.
CBSE,ENG,STD06,GEN,COMP,Computer Studies,Core/Elective,0,1,8,Baseline Indian school subject matrix; verify board-specific electives before production.
CBSE,ENG,STD06,GEN,ARTEDU,Art Education,Co-curricular,0,1,9,Baseline Indian school subject matrix; verify board-specific electives before production.
CBSE,ENG,STD06,GEN,HPE,Health and Physical Education,Co-curricular,0,1,10,Baseline Indian school subject matrix; verify board-specific electives before production.
CBSE,ENG,STD06,GEN,VALUE,Value Education / Moral Science,Co-curricular,0,1,11,Baseline Indian school subject matrix; verify board-specific electives before production.
CBSE,ENG,STD07,GEN,GUJ,Gujarati,Language,1,0,1,Baseline Indian school subject matrix; verify board-specific electives before production.
CBSE,ENG,STD07,GEN,ENG,English,Language,1,0,2,Baseline Indian school subject matrix; verify board-specific electives before production.
CBSE,ENG,STD07,GEN,HIN,Hindi,Language,1,0,3,Baseline Indian school subject matrix; verify board-specific electives before production.
CBSE,ENG,STD07,GEN,SAN,Sanskrit,Language,0,1,4,Baseline Indian school subject matrix; verify board-specific electives before production.
CBSE,ENG,STD07,GEN,MATH,Mathematics,Core,1,0,5,Baseline Indian school subject matrix; verify board-specific electives before production.
CBSE,ENG,STD07,GEN,SCI,Science,Core,1,0,6,Baseline Indian school subject matrix; verify board-specific electives before production.
CBSE,ENG,STD07,GEN,SS,Social Science,Core,1,0,7,Baseline Indian school subject matrix; verify board-specific electives before production.
CBSE,ENG,STD07,GEN,COMP,Computer Studies,Core/Elective,0,1,8,Baseline Indian school subject matrix; verify board-specific electives before production.
CBSE,ENG,STD07,GEN,ARTEDU,Art Education,Co-curricular,0,1,9,Baseline Indian school subject matrix; verify board-specific electives before production.
CBSE,ENG,STD07,GEN,HPE,Health and Physical Education,Co-curricular,0,1,10,Baseline Indian school subject matrix; verify board-specific electives before production.
CBSE,ENG,STD07,GEN,VALUE,Value Education / Moral Science,Co-curricular,0,1,11,Baseline Indian school subject matrix; verify board-specific electives before production.
CBSE,ENG,STD08,GEN,GUJ,Gujarati,Language,1,0,1,Baseline Indian school subject matrix; verify board-specific electives before production.
CBSE,ENG,STD08,GEN,ENG,English,Language,1,0,2,Baseline Indian school subject matrix; verify board-specific electives before production.
CBSE,ENG,STD08,GEN,HIN,Hindi,Language,1,0,3,Baseline Indian school subject matrix; verify board-specific electives before production.
CBSE,ENG,STD08,GEN,SAN,Sanskrit,Language,0,1,4,Baseline Indian school subject matrix; verify board-specific electives before production.
CBSE,ENG,STD08,GEN,MATH,Mathematics,Core,1,0,5,Baseline Indian school subject matrix; verify board-specific electives before production.
CBSE,ENG,STD08,GEN,SCI,Science,Core,1,0,6,Baseline Indian school subject matrix; verify board-specific electives before production.
CBSE,ENG,STD08,GEN,SS,Social Science,Core,1,0,7,Baseline Indian school subject matrix; verify board-specific electives before production.
CBSE,ENG,STD08,GEN,COMP,Computer Studies,Core/Elective,0,1,8,Baseline Indian school subject matrix; verify board-specific electives before production.
CBSE,ENG,STD08,GEN,ARTEDU,Art Education,Co-curricular,0,1,9,Baseline Indian school subject matrix; verify board-specific electives before production.
CBSE,ENG,STD08,GEN,HPE,Health and Physical Education,Co-curricular,0,1,10,Baseline Indian school subject matrix; verify board-specific electives before production.
CBSE,ENG,STD08,GEN,VALUE,Value Education / Moral Science,Co-curricular,0,1,11,Baseline Indian school subject matrix; verify board-specific electives before production.
CBSE,ENG,STD09,GEN,GUJ,Gujarati,Language,1,0,1,Baseline Indian school subject matrix; verify board-specific electives before production.
CBSE,ENG,STD09,GEN,ENG,English,Language,1,0,2,Baseline Indian school subject matrix; verify board-specific electives before production.
CBSE,ENG,STD09,GEN,HIN,Hindi,Language,1,0,3,Baseline Indian school subject matrix; verify board-specific electives before production.
CBSE,ENG,STD09,GEN,SAN,Sanskrit,Language,0,1,4,Baseline Indian school subject matrix; verify board-specific electives before production.
CBSE,ENG,STD09,GEN,MATH,Mathematics,Core,1,0,5,Baseline Indian school subject matrix; verify board-specific electives before production.
CBSE,ENG,STD09,GEN,SCI,Science,Core,1,0,6,Baseline Indian school subject matrix; verify board-specific electives before production.
CBSE,ENG,STD09,GEN,SS,Social Science,Core,1,0,7,Baseline Indian school subject matrix; verify board-specific electives before production.
CBSE,ENG,STD09,GEN,COMP,Computer Studies,Core/Elective,0,1,8,Baseline Indian school subject matrix; verify board-specific electives before production.
CBSE,ENG,STD09,GEN,AI,Artificial Intelligence,Skill/Elective,0,1,9,Baseline Indian school subject matrix; verify board-specific electives before production.
CBSE,ENG,STD09,GEN,HPE,Health and Physical Education,Co-curricular,0,1,10,Baseline Indian school subject matrix; verify board-specific electives before production.
CBSE,ENG,STD09,GEN,ARTEDU,Art Education,Co-curricular,0,1,11,Baseline Indian school subject matrix; verify board-specific electives before production.
CBSE,ENG,STD09,GEN,WORKEX,Work Experience,Co-curricular,0,1,12,Baseline Indian school subject matrix; verify board-specific electives before production.
CBSE,ENG,STD09,GEN,NCC,National Cadet Corps,Elective,0,1,13,Baseline Indian school subject matrix; verify board-specific electives before production.
CBSE,ENG,STD09,VOC,ENG,English,Language,1,0,1,Baseline Indian school subject matrix; verify board-specific electives before production.
CBSE,ENG,STD09,VOC,GUJ,Gujarati,Language,1,0,2,Baseline Indian school subject matrix; verify board-specific electives before production.
CBSE,ENG,STD09,VOC,HIN,Hindi,Language,1,0,3,Baseline Indian school subject matrix; verify board-specific electives before production.
CBSE,ENG,STD09,VOC,ITITES,Information Technology / IT-ITES,Vocational,0,1,4,Baseline Indian school subject matrix; verify board-specific electives before production.
CBSE,ENG,STD09,VOC,RETAIL,Retail,Vocational,0,1,5,Baseline Indian school subject matrix; verify board-specific electives before production.
CBSE,ENG,STD09,VOC,HEALTHCARE,Healthcare,Vocational,0,1,6,Baseline Indian school subject matrix; verify board-specific electives before production.
CBSE,ENG,STD09,VOC,TOURISM,Tourism and Hospitality,Vocational,0,1,7,Baseline Indian school subject matrix; verify board-specific electives before production.
CBSE,ENG,STD09,VOC,AGRI,Agriculture,Vocational,0,1,8,Baseline Indian school subject matrix; verify board-specific electives before production.
CBSE,ENG,STD09,VOC,BANKING,Banking and Insurance,Vocational,0,1,9,Baseline Indian school subject matrix; verify board-specific electives before production.
CBSE,ENG,STD09,VOC,AUTO,Automotive,Vocational,0,1,10,Baseline Indian school subject matrix; verify board-specific electives before production.
CBSE,ENG,STD09,VOC,ELECT,Electronics and Hardware,Vocational,0,1,11,Baseline Indian school subject matrix; verify board-specific electives before production.
CBSE,ENG,STD09,VOC,BEAUTY,Beauty and Wellness,Vocational,0,1,12,Baseline Indian school subject matrix; verify board-specific electives before production.
CBSE,ENG,STD09,VOC,HPE,Health and Physical Education,Co-curricular,0,1,13,Baseline Indian school subject matrix; verify board-specific electives before production.
CBSE,ENG,STD10,GEN,GUJ,Gujarati,Language,1,0,1,Baseline Indian school subject matrix; verify board-specific electives before production.
CBSE,ENG,STD10,GEN,ENG,English,Language,1,0,2,Baseline Indian school subject matrix; verify board-specific electives before production.
CBSE,ENG,STD10,GEN,HIN,Hindi,Language,1,0,3,Baseline Indian school subject matrix; verify board-specific electives before production.
CBSE,ENG,STD10,GEN,SAN,Sanskrit,Language,0,1,4,Baseline Indian school subject matrix; verify board-specific electives before production.
CBSE,ENG,STD10,GEN,MATH,Mathematics,Core,1,0,5,Baseline Indian school subject matrix; verify board-specific electives before production.
CBSE,ENG,STD10,GEN,SCI,Science,Core,1,0,6,Baseline Indian school subject matrix; verify board-specific electives before production.
CBSE,ENG,STD10,GEN,SS,Social Science,Core,1,0,7,Baseline Indian school subject matrix; verify board-specific electives before production.
CBSE,ENG,STD10,GEN,COMP,Computer Studies,Core/Elective,0,1,8,Baseline Indian school subject matrix; verify board-specific electives before production.
CBSE,ENG,STD10,GEN,AI,Artificial Intelligence,Skill/Elective,0,1,9,Baseline Indian school subject matrix; verify board-specific electives before production.
CBSE,ENG,STD10,GEN,HPE,Health and Physical Education,Co-curricular,0,1,10,Baseline Indian school subject matrix; verify board-specific electives before production.
CBSE,ENG,STD10,GEN,ARTEDU,Art Education,Co-curricular,0,1,11,Baseline Indian school subject matrix; verify board-specific electives before production.
CBSE,ENG,STD10,GEN,WORKEX,Work Experience,Co-curricular,0,1,12,Baseline Indian school subject matrix; verify board-specific electives before production.
CBSE,ENG,STD10,GEN,NCC,National Cadet Corps,Elective,0,1,13,Baseline Indian school subject matrix; verify board-specific electives before production.
CBSE,ENG,STD10,VOC,ENG,English,Language,1,0,1,Baseline Indian school subject matrix; verify board-specific electives before production.
CBSE,ENG,STD10,VOC,GUJ,Gujarati,Language,1,0,2,Baseline Indian school subject matrix; verify board-specific electives before production.
CBSE,ENG,STD10,VOC,HIN,Hindi,Language,1,0,3,Baseline Indian school subject matrix; verify board-specific electives before production.
CBSE,ENG,STD10,VOC,ITITES,Information Technology / IT-ITES,Vocational,0,1,4,Baseline Indian school subject matrix; verify board-specific electives before production.
CBSE,ENG,STD10,VOC,RETAIL,Retail,Vocational,0,1,5,Baseline Indian school subject matrix; verify board-specific electives before production.
CBSE,ENG,STD10,VOC,HEALTHCARE,Healthcare,Vocational,0,1,6,Baseline Indian school subject matrix; verify board-specific electives before production.
CBSE,ENG,STD10,VOC,TOURISM,Tourism and Hospitality,Vocational,0,1,7,Baseline Indian school subject matrix; verify board-specific electives before production.
CBSE,ENG,STD10,VOC,AGRI,Agriculture,Vocational,0,1,8,Baseline Indian school subject matrix; verify board-specific electives before production.
CBSE,ENG,STD10,VOC,BANKING,Banking and Insurance,Vocational,0,1,9,Baseline Indian school subject matrix; verify board-specific electives before production.
CBSE,ENG,STD10,VOC,AUTO,Automotive,Vocational,0,1,10,Baseline Indian school subject matrix; verify board-specific electives before production.
CBSE,ENG,STD10,VOC,ELECT,Electronics and Hardware,Vocational,0,1,11,Baseline Indian school subject matrix; verify board-specific electives before production.
CBSE,ENG,STD10,VOC,BEAUTY,Beauty and Wellness,Vocational,0,1,12,Baseline Indian school subject matrix; verify board-specific electives before production.
CBSE,ENG,STD10,VOC,HPE,Health and Physical Education,Co-curricular,0,1,13,Baseline Indian school subject matrix; verify board-specific electives before production.
CBSE,ENG,STD11,SCI,ENG,English,Language,1,0,1,Baseline Indian school subject matrix; verify board-specific electives before production.
CBSE,ENG,STD11,SCI,GUJ,Gujarati,Language,1,0,2,Baseline Indian school subject matrix; verify board-specific electives before production.
CBSE,ENG,STD11,SCI,HIN,Hindi,Language,1,0,3,Baseline Indian school subject matrix; verify board-specific electives before production.
CBSE,ENG,STD11,SCI,PHY,Physics,Science,1,0,4,Baseline Indian school subject matrix; verify board-specific electives before production.
CBSE,ENG,STD11,SCI,CHEM,Chemistry,Science,1,0,5,Baseline Indian school subject matrix; verify board-specific electives before production.
CBSE,ENG,STD11,SCI,BIO,Biology,Science,0,1,6,Baseline Indian school subject matrix; verify board-specific electives before production.
CBSE,ENG,STD11,SCI,MATH,Mathematics,Core,1,0,7,Baseline Indian school subject matrix; verify board-specific electives before production.
CBSE,ENG,STD11,SCI,AMATH,Applied Mathematics,Core/Elective,0,1,8,Baseline Indian school subject matrix; verify board-specific electives before production.
CBSE,ENG,STD11,SCI,CS,Computer Science,Science/Elective,0,1,9,Baseline Indian school subject matrix; verify board-specific electives before production.
CBSE,ENG,STD11,SCI,IP,Informatics Practices,Science/Commerce/Elective,0,1,10,Baseline Indian school subject matrix; verify board-specific electives before production.
CBSE,ENG,STD11,SCI,BIOTECH,Biotechnology,Science/Elective,0,1,11,Baseline Indian school subject matrix; verify board-specific electives before production.
CBSE,ENG,STD11,SCI,ENGGFX,Engineering Graphics,Science/Elective,0,1,12,Baseline Indian school subject matrix; verify board-specific electives before production.
CBSE,ENG,STD11,SCI,HPE,Health and Physical Education,Co-curricular,0,1,13,Baseline Indian school subject matrix; verify board-specific electives before production.
CBSE,ENG,STD11,COM,ENG,English,Language,1,0,1,Baseline Indian school subject matrix; verify board-specific electives before production.
CBSE,ENG,STD11,COM,GUJ,Gujarati,Language,1,0,2,Baseline Indian school subject matrix; verify board-specific electives before production.
CBSE,ENG,STD11,COM,HIN,Hindi,Language,1,0,3,Baseline Indian school subject matrix; verify board-specific electives before production.
CBSE,ENG,STD11,COM,ACC,Accountancy,Commerce,1,0,4,Baseline Indian school subject matrix; verify board-specific electives before production.
CBSE,ENG,STD11,COM,BST,Business Studies,Commerce,1,0,5,Baseline Indian school subject matrix; verify board-specific electives before production.
CBSE,ENG,STD11,COM,BADMIN,Business Administration / Management,Commerce,1,0,6,Baseline Indian school subject matrix; verify board-specific electives before production.
CBSE,ENG,STD11,COM,ECO,Economics,Commerce/Humanities,0,1,7,Baseline Indian school subject matrix; verify board-specific electives before production.
CBSE,ENG,STD11,COM,STAT,Statistics,Commerce/Elective,0,1,8,Baseline Indian school subject matrix; verify board-specific electives before production.
CBSE,ENG,STD11,COM,MATH,Mathematics,Core,1,0,9,Baseline Indian school subject matrix; verify board-specific electives before production.
CBSE,ENG,STD11,COM,AMATH,Applied Mathematics,Core/Elective,0,1,10,Baseline Indian school subject matrix; verify board-specific electives before production.
CBSE,ENG,STD11,COM,IP,Informatics Practices,Science/Commerce/Elective,0,1,11,Baseline Indian school subject matrix; verify board-specific electives before production.
CBSE,ENG,STD11,COM,ENT,Entrepreneurship,Commerce/Elective,0,1,12,Baseline Indian school subject matrix; verify board-specific electives before production.
CBSE,ENG,STD11,COM,HPE,Health and Physical Education,Co-curricular,0,1,13,Baseline Indian school subject matrix; verify board-specific electives before production.
CBSE,ENG,STD11,ARTS,ENG,English,Language,1,0,1,Baseline Indian school subject matrix; verify board-specific electives before production.
CBSE,ENG,STD11,ARTS,GUJ,Gujarati,Language,1,0,2,Baseline Indian school subject matrix; verify board-specific electives before production.
CBSE,ENG,STD11,ARTS,HIN,Hindi,Language,1,0,3,Baseline Indian school subject matrix; verify board-specific electives before production.
CBSE,ENG,STD11,ARTS,HIST,History,Humanities,0,1,4,Baseline Indian school subject matrix; verify board-specific electives before production.
CBSE,ENG,STD11,ARTS,GEO,Geography,Humanities,0,1,5,Baseline Indian school subject matrix; verify board-specific electives before production.
CBSE,ENG,STD11,ARTS,POLSCI,Political Science,Humanities,0,1,6,Baseline Indian school subject matrix; verify board-specific electives before production.
CBSE,ENG,STD11,ARTS,SOC,Sociology,Humanities,0,1,7,Baseline Indian school subject matrix; verify board-specific electives before production.
CBSE,ENG,STD11,ARTS,PSY,Psychology,Humanities,0,1,8,Baseline Indian school subject matrix; verify board-specific electives before production.
CBSE,ENG,STD11,ARTS,ECO,Economics,Commerce/Humanities,0,1,9,Baseline Indian school subject matrix; verify board-specific electives before production.
CBSE,ENG,STD11,ARTS,PHIL,Philosophy,Humanities,0,1,10,Baseline Indian school subject matrix; verify board-specific electives before production.
CBSE,ENG,STD11,ARTS,HOMESCI,Home Science,Humanities/Elective,0,1,11,Baseline Indian school subject matrix; verify board-specific electives before production.
CBSE,ENG,STD11,ARTS,LEGAL,Legal Studies,Humanities/Elective,0,1,12,Baseline Indian school subject matrix; verify board-specific electives before production.
CBSE,ENG,STD11,ARTS,FINEART,Fine Arts / Painting,Arts/Elective,0,1,13,Baseline Indian school subject matrix; verify board-specific electives before production.
CBSE,ENG,STD11,ARTS,MUSIC,Music,Arts/Elective,0,1,14,Baseline Indian school subject matrix; verify board-specific electives before production.
CBSE,ENG,STD11,ARTS,DANCE,Dance,Arts/Elective,0,1,15,Baseline Indian school subject matrix; verify board-specific electives before production.
CBSE,ENG,STD11,ARTS,HPE,Health and Physical Education,Co-curricular,0,1,16,Baseline Indian school subject matrix; verify board-specific electives before production.
CBSE,ENG,STD11,VOC,ENG,English,Language,1,0,1,Baseline Indian school subject matrix; verify board-specific electives before production.
CBSE,ENG,STD11,VOC,GUJ,Gujarati,Language,1,0,2,Baseline Indian school subject matrix; verify board-specific electives before production.
CBSE,ENG,STD11,VOC,HIN,Hindi,Language,1,0,3,Baseline Indian school subject matrix; verify board-specific electives before production.
CBSE,ENG,STD11,VOC,ITITES,Information Technology / IT-ITES,Vocational,0,1,4,Baseline Indian school subject matrix; verify board-specific electives before production.
CBSE,ENG,STD11,VOC,RETAIL,Retail,Vocational,0,1,5,Baseline Indian school subject matrix; verify board-specific electives before production.
CBSE,ENG,STD11,VOC,HEALTHCARE,Healthcare,Vocational,0,1,6,Baseline Indian school subject matrix; verify board-specific electives before production.
CBSE,ENG,STD11,VOC,TOURISM,Tourism and Hospitality,Vocational,0,1,7,Baseline Indian school subject matrix; verify board-specific electives before production.
CBSE,ENG,STD11,VOC,AGRI,Agriculture,Vocational,0,1,8,Baseline Indian school subject matrix; verify board-specific electives before production.
CBSE,ENG,STD11,VOC,BANKING,Banking and Insurance,Vocational,0,1,9,Baseline Indian school subject matrix; verify board-specific electives before production.
CBSE,ENG,STD11,VOC,AUTO,Automotive,Vocational,0,1,10,Baseline Indian school subject matrix; verify board-specific electives before production.
CBSE,ENG,STD11,VOC,ELECT,Electronics and Hardware,Vocational,0,1,11,Baseline Indian school subject matrix; verify board-specific electives before production.
CBSE,ENG,STD11,VOC,BEAUTY,Beauty and Wellness,Vocational,0,1,12,Baseline Indian school subject matrix; verify board-specific electives before production.
CBSE,ENG,STD11,VOC,HPE,Health and Physical Education,Co-curricular,0,1,13,Baseline Indian school subject matrix; verify board-specific electives before production.
CBSE,ENG,STD12,SCI,ENG,English,Language,1,0,1,Baseline Indian school subject matrix; verify board-specific electives before production.
CBSE,ENG,STD12,SCI,GUJ,Gujarati,Language,1,0,2,Baseline Indian school subject matrix; verify board-specific electives before production.
CBSE,ENG,STD12,SCI,HIN,Hindi,Language,1,0,3,Baseline Indian school subject matrix; verify board-specific electives before production.
CBSE,ENG,STD12,SCI,PHY,Physics,Science,1,0,4,Baseline Indian school subject matrix; verify board-specific electives before production.
CBSE,ENG,STD12,SCI,CHEM,Chemistry,Science,1,0,5,Baseline Indian school subject matrix; verify board-specific electives before production.
CBSE,ENG,STD12,SCI,BIO,Biology,Science,0,1,6,Baseline Indian school subject matrix; verify board-specific electives before production.
CBSE,ENG,STD12,SCI,MATH,Mathematics,Core,1,0,7,Baseline Indian school subject matrix; verify board-specific electives before production.
CBSE,ENG,STD12,SCI,AMATH,Applied Mathematics,Core/Elective,0,1,8,Baseline Indian school subject matrix; verify board-specific electives before production.
CBSE,ENG,STD12,SCI,CS,Computer Science,Science/Elective,0,1,9,Baseline Indian school subject matrix; verify board-specific electives before production.
CBSE,ENG,STD12,SCI,IP,Informatics Practices,Science/Commerce/Elective,0,1,10,Baseline Indian school subject matrix; verify board-specific electives before production.
CBSE,ENG,STD12,SCI,BIOTECH,Biotechnology,Science/Elective,0,1,11,Baseline Indian school subject matrix; verify board-specific electives before production.
CBSE,ENG,STD12,SCI,ENGGFX,Engineering Graphics,Science/Elective,0,1,12,Baseline Indian school subject matrix; verify board-specific electives before production.
CBSE,ENG,STD12,SCI,HPE,Health and Physical Education,Co-curricular,0,1,13,Baseline Indian school subject matrix; verify board-specific electives before production.
CBSE,ENG,STD12,COM,ENG,English,Language,1,0,1,Baseline Indian school subject matrix; verify board-specific electives before production.
CBSE,ENG,STD12,COM,GUJ,Gujarati,Language,1,0,2,Baseline Indian school subject matrix; verify board-specific electives before production.
CBSE,ENG,STD12,COM,HIN,Hindi,Language,1,0,3,Baseline Indian school subject matrix; verify board-specific electives before production.
CBSE,ENG,STD12,COM,ACC,Accountancy,Commerce,1,0,4,Baseline Indian school subject matrix; verify board-specific electives before production.
CBSE,ENG,STD12,COM,BST,Business Studies,Commerce,1,0,5,Baseline Indian school subject matrix; verify board-specific electives before production.
CBSE,ENG,STD12,COM,BADMIN,Business Administration / Management,Commerce,1,0,6,Baseline Indian school subject matrix; verify board-specific electives before production.
CBSE,ENG,STD12,COM,ECO,Economics,Commerce/Humanities,0,1,7,Baseline Indian school subject matrix; verify board-specific electives before production.
CBSE,ENG,STD12,COM,STAT,Statistics,Commerce/Elective,0,1,8,Baseline Indian school subject matrix; verify board-specific electives before production.
CBSE,ENG,STD12,COM,MATH,Mathematics,Core,1,0,9,Baseline Indian school subject matrix; verify board-specific electives before production.
CBSE,ENG,STD12,COM,AMATH,Applied Mathematics,Core/Elective,0,1,10,Baseline Indian school subject matrix; verify board-specific electives before production.
CBSE,ENG,STD12,COM,IP,Informatics Practices,Science/Commerce/Elective,0,1,11,Baseline Indian school subject matrix; verify board-specific electives before production.
CBSE,ENG,STD12,COM,ENT,Entrepreneurship,Commerce/Elective,0,1,12,Baseline Indian school subject matrix; verify board-specific electives before production.
CBSE,ENG,STD12,COM,HPE,Health and Physical Education,Co-curricular,0,1,13,Baseline Indian school subject matrix; verify board-specific electives before production.
CBSE,ENG,STD12,ARTS,ENG,English,Language,1,0,1,Baseline Indian school subject matrix; verify board-specific electives before production.
CBSE,ENG,STD12,ARTS,GUJ,Gujarati,Language,1,0,2,Baseline Indian school subject matrix; verify board-specific electives before production.
CBSE,ENG,STD12,ARTS,HIN,Hindi,Language,1,0,3,Baseline Indian school subject matrix; verify board-specific electives before production.
CBSE,ENG,STD12,ARTS,HIST,History,Humanities,0,1,4,Baseline Indian school subject matrix; verify board-specific electives before production.
CBSE,ENG,STD12,ARTS,GEO,Geography,Humanities,0,1,5,Baseline Indian school subject matrix; verify board-specific electives before production.
CBSE,ENG,STD12,ARTS,POLSCI,Political Science,Humanities,0,1,6,Baseline Indian school subject matrix; verify board-specific electives before production.
CBSE,ENG,STD12,ARTS,SOC,Sociology,Humanities,0,1,7,Baseline Indian school subject matrix; verify board-specific electives before production.
CBSE,ENG,STD12,ARTS,PSY,Psychology,Humanities,0,1,8,Baseline Indian school subject matrix; verify board-specific electives before production.
CBSE,ENG,STD12,ARTS,ECO,Economics,Commerce/Humanities,0,1,9,Baseline Indian school subject matrix; verify board-specific electives before production.
CBSE,ENG,STD12,ARTS,PHIL,Philosophy,Humanities,0,1,10,Baseline Indian school subject matrix; verify board-specific electives before production.
CBSE,ENG,STD12,ARTS,HOMESCI,Home Science,Humanities/Elective,0,1,11,Baseline Indian school subject matrix; verify board-specific electives before production.
CBSE,ENG,STD12,ARTS,LEGAL,Legal Studies,Humanities/Elective,0,1,12,Baseline Indian school subject matrix; verify board-specific electives before production.
CBSE,ENG,STD12,ARTS,FINEART,Fine Arts / Painting,Arts/Elective,0,1,13,Baseline Indian school subject matrix; verify board-specific electives before production.
CBSE,ENG,STD12,ARTS,MUSIC,Music,Arts/Elective,0,1,14,Baseline Indian school subject matrix; verify board-specific electives before production.
CBSE,ENG,STD12,ARTS,DANCE,Dance,Arts/Elective,0,1,15,Baseline Indian school subject matrix; verify board-specific electives before production.
CBSE,ENG,STD12,ARTS,HPE,Health and Physical Education,Co-curricular,0,1,16,Baseline Indian school subject matrix; verify board-specific electives before production.
CBSE,ENG,STD12,VOC,ENG,English,Language,1,0,1,Baseline Indian school subject matrix; verify board-specific electives before production.
CBSE,ENG,STD12,VOC,GUJ,Gujarati,Language,1,0,2,Baseline Indian school subject matrix; verify board-specific electives before production.
CBSE,ENG,STD12,VOC,HIN,Hindi,Language,1,0,3,Baseline Indian school subject matrix; verify board-specific electives before production.
CBSE,ENG,STD12,VOC,ITITES,Information Technology / IT-ITES,Vocational,0,1,4,Baseline Indian school subject matrix; verify board-specific electives before production.
CBSE,ENG,STD12,VOC,RETAIL,Retail,Vocational,0,1,5,Baseline Indian school subject matrix; verify board-specific electives before production.
CBSE,ENG,STD12,VOC,HEALTHCARE,Healthcare,Vocational,0,1,6,Baseline Indian school subject matrix; verify board-specific electives before production.
CBSE,ENG,STD12,VOC,TOURISM,Tourism and Hospitality,Vocational,0,1,7,Baseline Indian school subject matrix; verify board-specific electives before production.
CBSE,ENG,STD12,VOC,AGRI,Agriculture,Vocational,0,1,8,Baseline Indian school subject matrix; verify board-specific electives before production.
CBSE,ENG,STD12,VOC,BANKING,Banking and Insurance,Vocational,0,1,9,Baseline Indian school subject matrix; verify board-specific electives before production.
CBSE,ENG,STD12,VOC,AUTO,Automotive,Vocational,0,1,10,Baseline Indian school subject matrix; verify board-specific electives before production.
CBSE,ENG,STD12,VOC,ELECT,Electronics and Hardware,Vocational,0,1,11,Baseline Indian school subject matrix; verify board-specific electives before production.
CBSE,ENG,STD12,VOC,BEAUTY,Beauty and Wellness,Vocational,0,1,12,Baseline Indian school subject matrix; verify board-specific electives before production.
CBSE,ENG,STD12,VOC,HPE,Health and Physical Education,Co-curricular,0,1,13,Baseline Indian school subject matrix; verify board-specific electives before production.
CBSE,HIN,NUR,GEN,FLIT,Foundational Literacy,Foundation,0,1,1,Baseline Indian school subject matrix; verify board-specific electives before production.
CBSE,HIN,NUR,GEN,FNUM,Foundational Numeracy,Foundation,0,1,2,Baseline Indian school subject matrix; verify board-specific electives before production.
CBSE,HIN,NUR,GEN,RHYM,Rhymes and Stories,Foundation,0,1,3,Baseline Indian school subject matrix; verify board-specific electives before production.
CBSE,HIN,NUR,GEN,PLAY,Play and Activity,Foundation,0,1,4,Baseline Indian school subject matrix; verify board-specific electives before production.
CBSE,HIN,NUR,GEN,ARTC,Art and Craft,Co-curricular,0,1,5,Baseline Indian school subject matrix; verify board-specific electives before production.
CBSE,HIN,NUR,GEN,HEALTH,Health and Hygiene,Co-curricular,0,1,6,Baseline Indian school subject matrix; verify board-specific electives before production.
CBSE,HIN,LKG,GEN,FLIT,Foundational Literacy,Foundation,0,1,1,Baseline Indian school subject matrix; verify board-specific electives before production.
CBSE,HIN,LKG,GEN,FNUM,Foundational Numeracy,Foundation,0,1,2,Baseline Indian school subject matrix; verify board-specific electives before production.
CBSE,HIN,LKG,GEN,RHYM,Rhymes and Stories,Foundation,0,1,3,Baseline Indian school subject matrix; verify board-specific electives before production.
CBSE,HIN,LKG,GEN,PLAY,Play and Activity,Foundation,0,1,4,Baseline Indian school subject matrix; verify board-specific electives before production.
CBSE,HIN,LKG,GEN,ARTC,Art and Craft,Co-curricular,0,1,5,Baseline Indian school subject matrix; verify board-specific electives before production.
CBSE,HIN,LKG,GEN,HEALTH,Health and Hygiene,Co-curricular,0,1,6,Baseline Indian school subject matrix; verify board-specific electives before production.
CBSE,HIN,UKG,GEN,FLIT,Foundational Literacy,Foundation,0,1,1,Baseline Indian school subject matrix; verify board-specific electives before production.
CBSE,HIN,UKG,GEN,FNUM,Foundational Numeracy,Foundation,0,1,2,Baseline Indian school subject matrix; verify board-specific electives before production.
CBSE,HIN,UKG,GEN,RHYM,Rhymes and Stories,Foundation,0,1,3,Baseline Indian school subject matrix; verify board-specific electives before production.
CBSE,HIN,UKG,GEN,PLAY,Play and Activity,Foundation,0,1,4,Baseline Indian school subject matrix; verify board-specific electives before production.
CBSE,HIN,UKG,GEN,ARTC,Art and Craft,Co-curricular,0,1,5,Baseline Indian school subject matrix; verify board-specific electives before production.
CBSE,HIN,UKG,GEN,HEALTH,Health and Hygiene,Co-curricular,0,1,6,Baseline Indian school subject matrix; verify board-specific electives before production.
CBSE,HIN,BAL,GEN,FLIT,Foundational Literacy,Foundation,0,1,1,Baseline Indian school subject matrix; verify board-specific electives before production.
CBSE,HIN,BAL,GEN,FNUM,Foundational Numeracy,Foundation,0,1,2,Baseline Indian school subject matrix; verify board-specific electives before production.
CBSE,HIN,BAL,GEN,RHYM,Rhymes and Stories,Foundation,0,1,3,Baseline Indian school subject matrix; verify board-specific electives before production.
CBSE,HIN,BAL,GEN,PLAY,Play and Activity,Foundation,0,1,4,Baseline Indian school subject matrix; verify board-specific electives before production.
CBSE,HIN,BAL,GEN,ARTC,Art and Craft,Co-curricular,0,1,5,Baseline Indian school subject matrix; verify board-specific electives before production.
CBSE,HIN,BAL,GEN,HEALTH,Health and Hygiene,Co-curricular,0,1,6,Baseline Indian school subject matrix; verify board-specific electives before production.
CBSE,HIN,STD01,GEN,GUJ,Gujarati,Language,1,0,1,Baseline Indian school subject matrix; verify board-specific electives before production.
CBSE,HIN,STD01,GEN,ENG,English,Language,1,0,2,Baseline Indian school subject matrix; verify board-specific electives before production.
CBSE,HIN,STD01,GEN,HIN,Hindi,Language,1,0,3,Baseline Indian school subject matrix; verify board-specific electives before production.
CBSE,HIN,STD01,GEN,MATH,Mathematics,Core,1,0,4,Baseline Indian school subject matrix; verify board-specific electives before production.
CBSE,HIN,STD01,GEN,EVS,Environmental Studies,Core,1,0,5,Baseline Indian school subject matrix; verify board-specific electives before production.
CBSE,HIN,STD01,GEN,ARTC,Art and Craft,Co-curricular,0,1,6,Baseline Indian school subject matrix; verify board-specific electives before production.
CBSE,HIN,STD01,GEN,HPE,Health and Physical Education,Co-curricular,0,1,7,Baseline Indian school subject matrix; verify board-specific electives before production.
CBSE,HIN,STD01,GEN,VALUE,Value Education / Moral Science,Co-curricular,0,1,8,Baseline Indian school subject matrix; verify board-specific electives before production.
CBSE,HIN,STD02,GEN,GUJ,Gujarati,Language,1,0,1,Baseline Indian school subject matrix; verify board-specific electives before production.
CBSE,HIN,STD02,GEN,ENG,English,Language,1,0,2,Baseline Indian school subject matrix; verify board-specific electives before production.
CBSE,HIN,STD02,GEN,HIN,Hindi,Language,1,0,3,Baseline Indian school subject matrix; verify board-specific electives before production.
CBSE,HIN,STD02,GEN,MATH,Mathematics,Core,1,0,4,Baseline Indian school subject matrix; verify board-specific electives before production.
CBSE,HIN,STD02,GEN,EVS,Environmental Studies,Core,1,0,5,Baseline Indian school subject matrix; verify board-specific electives before production.
CBSE,HIN,STD02,GEN,ARTC,Art and Craft,Co-curricular,0,1,6,Baseline Indian school subject matrix; verify board-specific electives before production.
CBSE,HIN,STD02,GEN,HPE,Health and Physical Education,Co-curricular,0,1,7,Baseline Indian school subject matrix; verify board-specific electives before production.
CBSE,HIN,STD02,GEN,VALUE,Value Education / Moral Science,Co-curricular,0,1,8,Baseline Indian school subject matrix; verify board-specific electives before production.
CBSE,HIN,STD03,GEN,GUJ,Gujarati,Language,1,0,1,Baseline Indian school subject matrix; verify board-specific electives before production.
CBSE,HIN,STD03,GEN,ENG,English,Language,1,0,2,Baseline Indian school subject matrix; verify board-specific electives before production.
CBSE,HIN,STD03,GEN,HIN,Hindi,Language,1,0,3,Baseline Indian school subject matrix; verify board-specific electives before production.
CBSE,HIN,STD03,GEN,MATH,Mathematics,Core,1,0,4,Baseline Indian school subject matrix; verify board-specific electives before production.
CBSE,HIN,STD03,GEN,EVS,Environmental Studies,Core,1,0,5,Baseline Indian school subject matrix; verify board-specific electives before production.
CBSE,HIN,STD03,GEN,COMP,Computer Studies,Core/Elective,0,1,6,Baseline Indian school subject matrix; verify board-specific electives before production.
CBSE,HIN,STD03,GEN,ARTC,Art and Craft,Co-curricular,0,1,7,Baseline Indian school subject matrix; verify board-specific electives before production.
CBSE,HIN,STD03,GEN,HPE,Health and Physical Education,Co-curricular,0,1,8,Baseline Indian school subject matrix; verify board-specific electives before production.
CBSE,HIN,STD03,GEN,VALUE,Value Education / Moral Science,Co-curricular,0,1,9,Baseline Indian school subject matrix; verify board-specific electives before production.
CBSE,HIN,STD04,GEN,GUJ,Gujarati,Language,1,0,1,Baseline Indian school subject matrix; verify board-specific electives before production.
CBSE,HIN,STD04,GEN,ENG,English,Language,1,0,2,Baseline Indian school subject matrix; verify board-specific electives before production.
CBSE,HIN,STD04,GEN,HIN,Hindi,Language,1,0,3,Baseline Indian school subject matrix; verify board-specific electives before production.
CBSE,HIN,STD04,GEN,MATH,Mathematics,Core,1,0,4,Baseline Indian school subject matrix; verify board-specific electives before production.
CBSE,HIN,STD04,GEN,EVS,Environmental Studies,Core,1,0,5,Baseline Indian school subject matrix; verify board-specific electives before production.
CBSE,HIN,STD04,GEN,COMP,Computer Studies,Core/Elective,0,1,6,Baseline Indian school subject matrix; verify board-specific electives before production.
CBSE,HIN,STD04,GEN,ARTC,Art and Craft,Co-curricular,0,1,7,Baseline Indian school subject matrix; verify board-specific electives before production.
CBSE,HIN,STD04,GEN,HPE,Health and Physical Education,Co-curricular,0,1,8,Baseline Indian school subject matrix; verify board-specific electives before production.
CBSE,HIN,STD04,GEN,VALUE,Value Education / Moral Science,Co-curricular,0,1,9,Baseline Indian school subject matrix; verify board-specific electives before production.
CBSE,HIN,STD05,GEN,GUJ,Gujarati,Language,1,0,1,Baseline Indian school subject matrix; verify board-specific electives before production.
CBSE,HIN,STD05,GEN,ENG,English,Language,1,0,2,Baseline Indian school subject matrix; verify board-specific electives before production.
CBSE,HIN,STD05,GEN,HIN,Hindi,Language,1,0,3,Baseline Indian school subject matrix; verify board-specific electives before production.
CBSE,HIN,STD05,GEN,MATH,Mathematics,Core,1,0,4,Baseline Indian school subject matrix; verify board-specific electives before production.
CBSE,HIN,STD05,GEN,EVS,Environmental Studies,Core,1,0,5,Baseline Indian school subject matrix; verify board-specific electives before production.
CBSE,HIN,STD05,GEN,COMP,Computer Studies,Core/Elective,0,1,6,Baseline Indian school subject matrix; verify board-specific electives before production.
CBSE,HIN,STD05,GEN,ARTC,Art and Craft,Co-curricular,0,1,7,Baseline Indian school subject matrix; verify board-specific electives before production.
CBSE,HIN,STD05,GEN,HPE,Health and Physical Education,Co-curricular,0,1,8,Baseline Indian school subject matrix; verify board-specific electives before production.
CBSE,HIN,STD05,GEN,VALUE,Value Education / Moral Science,Co-curricular,0,1,9,Baseline Indian school subject matrix; verify board-specific electives before production.
CBSE,HIN,STD06,GEN,GUJ,Gujarati,Language,1,0,1,Baseline Indian school subject matrix; verify board-specific electives before production.
CBSE,HIN,STD06,GEN,ENG,English,Language,1,0,2,Baseline Indian school subject matrix; verify board-specific electives before production.
CBSE,HIN,STD06,GEN,HIN,Hindi,Language,1,0,3,Baseline Indian school subject matrix; verify board-specific electives before production.
CBSE,HIN,STD06,GEN,SAN,Sanskrit,Language,0,1,4,Baseline Indian school subject matrix; verify board-specific electives before production.
CBSE,HIN,STD06,GEN,MATH,Mathematics,Core,1,0,5,Baseline Indian school subject matrix; verify board-specific electives before production.
CBSE,HIN,STD06,GEN,SCI,Science,Core,1,0,6,Baseline Indian school subject matrix; verify board-specific electives before production.
CBSE,HIN,STD06,GEN,SS,Social Science,Core,1,0,7,Baseline Indian school subject matrix; verify board-specific electives before production.
CBSE,HIN,STD06,GEN,COMP,Computer Studies,Core/Elective,0,1,8,Baseline Indian school subject matrix; verify board-specific electives before production.
CBSE,HIN,STD06,GEN,ARTEDU,Art Education,Co-curricular,0,1,9,Baseline Indian school subject matrix; verify board-specific electives before production.
CBSE,HIN,STD06,GEN,HPE,Health and Physical Education,Co-curricular,0,1,10,Baseline Indian school subject matrix; verify board-specific electives before production.
CBSE,HIN,STD06,GEN,VALUE,Value Education / Moral Science,Co-curricular,0,1,11,Baseline Indian school subject matrix; verify board-specific electives before production.
CBSE,HIN,STD07,GEN,GUJ,Gujarati,Language,1,0,1,Baseline Indian school subject matrix; verify board-specific electives before production.
CBSE,HIN,STD07,GEN,ENG,English,Language,1,0,2,Baseline Indian school subject matrix; verify board-specific electives before production.
CBSE,HIN,STD07,GEN,HIN,Hindi,Language,1,0,3,Baseline Indian school subject matrix; verify board-specific electives before production.
CBSE,HIN,STD07,GEN,SAN,Sanskrit,Language,0,1,4,Baseline Indian school subject matrix; verify board-specific electives before production.
CBSE,HIN,STD07,GEN,MATH,Mathematics,Core,1,0,5,Baseline Indian school subject matrix; verify board-specific electives before production.
CBSE,HIN,STD07,GEN,SCI,Science,Core,1,0,6,Baseline Indian school subject matrix; verify board-specific electives before production.
CBSE,HIN,STD07,GEN,SS,Social Science,Core,1,0,7,Baseline Indian school subject matrix; verify board-specific electives before production.
CBSE,HIN,STD07,GEN,COMP,Computer Studies,Core/Elective,0,1,8,Baseline Indian school subject matrix; verify board-specific electives before production.
CBSE,HIN,STD07,GEN,ARTEDU,Art Education,Co-curricular,0,1,9,Baseline Indian school subject matrix; verify board-specific electives before production.
CBSE,HIN,STD07,GEN,HPE,Health and Physical Education,Co-curricular,0,1,10,Baseline Indian school subject matrix; verify board-specific electives before production.
CBSE,HIN,STD07,GEN,VALUE,Value Education / Moral Science,Co-curricular,0,1,11,Baseline Indian school subject matrix; verify board-specific electives before production.
CBSE,HIN,STD08,GEN,GUJ,Gujarati,Language,1,0,1,Baseline Indian school subject matrix; verify board-specific electives before production.
CBSE,HIN,STD08,GEN,ENG,English,Language,1,0,2,Baseline Indian school subject matrix; verify board-specific electives before production.
CBSE,HIN,STD08,GEN,HIN,Hindi,Language,1,0,3,Baseline Indian school subject matrix; verify board-specific electives before production.
CBSE,HIN,STD08,GEN,SAN,Sanskrit,Language,0,1,4,Baseline Indian school subject matrix; verify board-specific electives before production.
CBSE,HIN,STD08,GEN,MATH,Mathematics,Core,1,0,5,Baseline Indian school subject matrix; verify board-specific electives before production.
CBSE,HIN,STD08,GEN,SCI,Science,Core,1,0,6,Baseline Indian school subject matrix; verify board-specific electives before production.
CBSE,HIN,STD08,GEN,SS,Social Science,Core,1,0,7,Baseline Indian school subject matrix; verify board-specific electives before production.
CBSE,HIN,STD08,GEN,COMP,Computer Studies,Core/Elective,0,1,8,Baseline Indian school subject matrix; verify board-specific electives before production.
CBSE,HIN,STD08,GEN,ARTEDU,Art Education,Co-curricular,0,1,9,Baseline Indian school subject matrix; verify board-specific electives before production.
CBSE,HIN,STD08,GEN,HPE,Health and Physical Education,Co-curricular,0,1,10,Baseline Indian school subject matrix; verify board-specific electives before production.
CBSE,HIN,STD08,GEN,VALUE,Value Education / Moral Science,Co-curricular,0,1,11,Baseline Indian school subject matrix; verify board-specific electives before production.
CBSE,HIN,STD09,GEN,GUJ,Gujarati,Language,1,0,1,Baseline Indian school subject matrix; verify board-specific electives before production.
CBSE,HIN,STD09,GEN,ENG,English,Language,1,0,2,Baseline Indian school subject matrix; verify board-specific electives before production.
CBSE,HIN,STD09,GEN,HIN,Hindi,Language,1,0,3,Baseline Indian school subject matrix; verify board-specific electives before production.
CBSE,HIN,STD09,GEN,SAN,Sanskrit,Language,0,1,4,Baseline Indian school subject matrix; verify board-specific electives before production.
CBSE,HIN,STD09,GEN,MATH,Mathematics,Core,1,0,5,Baseline Indian school subject matrix; verify board-specific electives before production.
CBSE,HIN,STD09,GEN,SCI,Science,Core,1,0,6,Baseline Indian school subject matrix; verify board-specific electives before production.
CBSE,HIN,STD09,GEN,SS,Social Science,Core,1,0,7,Baseline Indian school subject matrix; verify board-specific electives before production.
CBSE,HIN,STD09,GEN,COMP,Computer Studies,Core/Elective,0,1,8,Baseline Indian school subject matrix; verify board-specific electives before production.
CBSE,HIN,STD09,GEN,AI,Artificial Intelligence,Skill/Elective,0,1,9,Baseline Indian school subject matrix; verify board-specific electives before production.
CBSE,HIN,STD09,GEN,HPE,Health and Physical Education,Co-curricular,0,1,10,Baseline Indian school subject matrix; verify board-specific electives before production.
CBSE,HIN,STD09,GEN,ARTEDU,Art Education,Co-curricular,0,1,11,Baseline Indian school subject matrix; verify board-specific electives before production.
CBSE,HIN,STD09,GEN,WORKEX,Work Experience,Co-curricular,0,1,12,Baseline Indian school subject matrix; verify board-specific electives before production.
CBSE,HIN,STD09,GEN,NCC,National Cadet Corps,Elective,0,1,13,Baseline Indian school subject matrix; verify board-specific electives before production.
CBSE,HIN,STD09,VOC,ENG,English,Language,1,0,1,Baseline Indian school subject matrix; verify board-specific electives before production.
CBSE,HIN,STD09,VOC,GUJ,Gujarati,Language,1,0,2,Baseline Indian school subject matrix; verify board-specific electives before production.
CBSE,HIN,STD09,VOC,HIN,Hindi,Language,1,0,3,Baseline Indian school subject matrix; verify board-specific electives before production.
CBSE,HIN,STD09,VOC,ITITES,Information Technology / IT-ITES,Vocational,0,1,4,Baseline Indian school subject matrix; verify board-specific electives before production.
CBSE,HIN,STD09,VOC,RETAIL,Retail,Vocational,0,1,5,Baseline Indian school subject matrix; verify board-specific electives before production.
CBSE,HIN,STD09,VOC,HEALTHCARE,Healthcare,Vocational,0,1,6,Baseline Indian school subject matrix; verify board-specific electives before production.
CBSE,HIN,STD09,VOC,TOURISM,Tourism and Hospitality,Vocational,0,1,7,Baseline Indian school subject matrix; verify board-specific electives before production.
CBSE,HIN,STD09,VOC,AGRI,Agriculture,Vocational,0,1,8,Baseline Indian school subject matrix; verify board-specific electives before production.
CBSE,HIN,STD09,VOC,BANKING,Banking and Insurance,Vocational,0,1,9,Baseline Indian school subject matrix; verify board-specific electives before production.
CBSE,HIN,STD09,VOC,AUTO,Automotive,Vocational,0,1,10,Baseline Indian school subject matrix; verify board-specific electives before production.
CBSE,HIN,STD09,VOC,ELECT,Electronics and Hardware,Vocational,0,1,11,Baseline Indian school subject matrix; verify board-specific electives before production.
CBSE,HIN,STD09,VOC,BEAUTY,Beauty and Wellness,Vocational,0,1,12,Baseline Indian school subject matrix; verify board-specific electives before production.
CBSE,HIN,STD09,VOC,HPE,Health and Physical Education,Co-curricular,0,1,13,Baseline Indian school subject matrix; verify board-specific electives before production.
CBSE,HIN,STD10,GEN,GUJ,Gujarati,Language,1,0,1,Baseline Indian school subject matrix; verify board-specific electives before production.
CBSE,HIN,STD10,GEN,ENG,English,Language,1,0,2,Baseline Indian school subject matrix; verify board-specific electives before production.
CBSE,HIN,STD10,GEN,HIN,Hindi,Language,1,0,3,Baseline Indian school subject matrix; verify board-specific electives before production.
CBSE,HIN,STD10,GEN,SAN,Sanskrit,Language,0,1,4,Baseline Indian school subject matrix; verify board-specific electives before production.
CBSE,HIN,STD10,GEN,MATH,Mathematics,Core,1,0,5,Baseline Indian school subject matrix; verify board-specific electives before production.
CBSE,HIN,STD10,GEN,SCI,Science,Core,1,0,6,Baseline Indian school subject matrix; verify board-specific electives before production.
CBSE,HIN,STD10,GEN,SS,Social Science,Core,1,0,7,Baseline Indian school subject matrix; verify board-specific electives before production.
CBSE,HIN,STD10,GEN,COMP,Computer Studies,Core/Elective,0,1,8,Baseline Indian school subject matrix; verify board-specific electives before production.
CBSE,HIN,STD10,GEN,AI,Artificial Intelligence,Skill/Elective,0,1,9,Baseline Indian school subject matrix; verify board-specific electives before production.
CBSE,HIN,STD10,GEN,HPE,Health and Physical Education,Co-curricular,0,1,10,Baseline Indian school subject matrix; verify board-specific electives before production.
CBSE,HIN,STD10,GEN,ARTEDU,Art Education,Co-curricular,0,1,11,Baseline Indian school subject matrix; verify board-specific electives before production.
CBSE,HIN,STD10,GEN,WORKEX,Work Experience,Co-curricular,0,1,12,Baseline Indian school subject matrix; verify board-specific electives before production.
CBSE,HIN,STD10,GEN,NCC,National Cadet Corps,Elective,0,1,13,Baseline Indian school subject matrix; verify board-specific electives before production.
CBSE,HIN,STD10,VOC,ENG,English,Language,1,0,1,Baseline Indian school subject matrix; verify board-specific electives before production.
CBSE,HIN,STD10,VOC,GUJ,Gujarati,Language,1,0,2,Baseline Indian school subject matrix; verify board-specific electives before production.
CBSE,HIN,STD10,VOC,HIN,Hindi,Language,1,0,3,Baseline Indian school subject matrix; verify board-specific electives before production.
CBSE,HIN,STD10,VOC,ITITES,Information Technology / IT-ITES,Vocational,0,1,4,Baseline Indian school subject matrix; verify board-specific electives before production.
CBSE,HIN,STD10,VOC,RETAIL,Retail,Vocational,0,1,5,Baseline Indian school subject matrix; verify board-specific electives before production.
CBSE,HIN,STD10,VOC,HEALTHCARE,Healthcare,Vocational,0,1,6,Baseline Indian school subject matrix; verify board-specific electives before production.
CBSE,HIN,STD10,VOC,TOURISM,Tourism and Hospitality,Vocational,0,1,7,Baseline Indian school subject matrix; verify board-specific electives before production.
CBSE,HIN,STD10,VOC,AGRI,Agriculture,Vocational,0,1,8,Baseline Indian school subject matrix; verify board-specific electives before production.
CBSE,HIN,STD10,VOC,BANKING,Banking and Insurance,Vocational,0,1,9,Baseline Indian school subject matrix; verify board-specific electives before production.
CBSE,HIN,STD10,VOC,AUTO,Automotive,Vocational,0,1,10,Baseline Indian school subject matrix; verify board-specific electives before production.
CBSE,HIN,STD10,VOC,ELECT,Electronics and Hardware,Vocational,0,1,11,Baseline Indian school subject matrix; verify board-specific electives before production.
CBSE,HIN,STD10,VOC,BEAUTY,Beauty and Wellness,Vocational,0,1,12,Baseline Indian school subject matrix; verify board-specific electives before production.
CBSE,HIN,STD10,VOC,HPE,Health and Physical Education,Co-curricular,0,1,13,Baseline Indian school subject matrix; verify board-specific electives before production.
CBSE,HIN,STD11,SCI,ENG,English,Language,1,0,1,Baseline Indian school subject matrix; verify board-specific electives before production.
CBSE,HIN,STD11,SCI,GUJ,Gujarati,Language,1,0,2,Baseline Indian school subject matrix; verify board-specific electives before production.
CBSE,HIN,STD11,SCI,HIN,Hindi,Language,1,0,3,Baseline Indian school subject matrix; verify board-specific electives before production.
CBSE,HIN,STD11,SCI,PHY,Physics,Science,1,0,4,Baseline Indian school subject matrix; verify board-specific electives before production.
CBSE,HIN,STD11,SCI,CHEM,Chemistry,Science,1,0,5,Baseline Indian school subject matrix; verify board-specific electives before production.
CBSE,HIN,STD11,SCI,BIO,Biology,Science,0,1,6,Baseline Indian school subject matrix; verify board-specific electives before production.
CBSE,HIN,STD11,SCI,MATH,Mathematics,Core,1,0,7,Baseline Indian school subject matrix; verify board-specific electives before production.
CBSE,HIN,STD11,SCI,AMATH,Applied Mathematics,Core/Elective,0,1,8,Baseline Indian school subject matrix; verify board-specific electives before production.
CBSE,HIN,STD11,SCI,CS,Computer Science,Science/Elective,0,1,9,Baseline Indian school subject matrix; verify board-specific electives before production.
CBSE,HIN,STD11,SCI,IP,Informatics Practices,Science/Commerce/Elective,0,1,10,Baseline Indian school subject matrix; verify board-specific electives before production.
CBSE,HIN,STD11,SCI,BIOTECH,Biotechnology,Science/Elective,0,1,11,Baseline Indian school subject matrix; verify board-specific electives before production.
CBSE,HIN,STD11,SCI,ENGGFX,Engineering Graphics,Science/Elective,0,1,12,Baseline Indian school subject matrix; verify board-specific electives before production.
CBSE,HIN,STD11,SCI,HPE,Health and Physical Education,Co-curricular,0,1,13,Baseline Indian school subject matrix; verify board-specific electives before production.
CBSE,HIN,STD11,COM,ENG,English,Language,1,0,1,Baseline Indian school subject matrix; verify board-specific electives before production.
CBSE,HIN,STD11,COM,GUJ,Gujarati,Language,1,0,2,Baseline Indian school subject matrix; verify board-specific electives before production.
CBSE,HIN,STD11,COM,HIN,Hindi,Language,1,0,3,Baseline Indian school subject matrix; verify board-specific electives before production.
CBSE,HIN,STD11,COM,ACC,Accountancy,Commerce,1,0,4,Baseline Indian school subject matrix; verify board-specific electives before production.
CBSE,HIN,STD11,COM,BST,Business Studies,Commerce,1,0,5,Baseline Indian school subject matrix; verify board-specific electives before production.
CBSE,HIN,STD11,COM,BADMIN,Business Administration / Management,Commerce,1,0,6,Baseline Indian school subject matrix; verify board-specific electives before production.
CBSE,HIN,STD11,COM,ECO,Economics,Commerce/Humanities,0,1,7,Baseline Indian school subject matrix; verify board-specific electives before production.
CBSE,HIN,STD11,COM,STAT,Statistics,Commerce/Elective,0,1,8,Baseline Indian school subject matrix; verify board-specific electives before production.
CBSE,HIN,STD11,COM,MATH,Mathematics,Core,1,0,9,Baseline Indian school subject matrix; verify board-specific electives before production.
CBSE,HIN,STD11,COM,AMATH,Applied Mathematics,Core/Elective,0,1,10,Baseline Indian school subject matrix; verify board-specific electives before production.
CBSE,HIN,STD11,COM,IP,Informatics Practices,Science/Commerce/Elective,0,1,11,Baseline Indian school subject matrix; verify board-specific electives before production.
CBSE,HIN,STD11,COM,ENT,Entrepreneurship,Commerce/Elective,0,1,12,Baseline Indian school subject matrix; verify board-specific electives before production.
CBSE,HIN,STD11,COM,HPE,Health and Physical Education,Co-curricular,0,1,13,Baseline Indian school subject matrix; verify board-specific electives before production.
CBSE,HIN,STD11,ARTS,ENG,English,Language,1,0,1,Baseline Indian school subject matrix; verify board-specific electives before production.
CBSE,HIN,STD11,ARTS,GUJ,Gujarati,Language,1,0,2,Baseline Indian school subject matrix; verify board-specific electives before production.
CBSE,HIN,STD11,ARTS,HIN,Hindi,Language,1,0,3,Baseline Indian school subject matrix; verify board-specific electives before production.
CBSE,HIN,STD11,ARTS,HIST,History,Humanities,0,1,4,Baseline Indian school subject matrix; verify board-specific electives before production.
CBSE,HIN,STD11,ARTS,GEO,Geography,Humanities,0,1,5,Baseline Indian school subject matrix; verify board-specific electives before production.
CBSE,HIN,STD11,ARTS,POLSCI,Political Science,Humanities,0,1,6,Baseline Indian school subject matrix; verify board-specific electives before production.
CBSE,HIN,STD11,ARTS,SOC,Sociology,Humanities,0,1,7,Baseline Indian school subject matrix; verify board-specific electives before production.
CBSE,HIN,STD11,ARTS,PSY,Psychology,Humanities,0,1,8,Baseline Indian school subject matrix; verify board-specific electives before production.
CBSE,HIN,STD11,ARTS,ECO,Economics,Commerce/Humanities,0,1,9,Baseline Indian school subject matrix; verify board-specific electives before production.
CBSE,HIN,STD11,ARTS,PHIL,Philosophy,Humanities,0,1,10,Baseline Indian school subject matrix; verify board-specific electives before production.
CBSE,HIN,STD11,ARTS,HOMESCI,Home Science,Humanities/Elective,0,1,11,Baseline Indian school subject matrix; verify board-specific electives before production.
CBSE,HIN,STD11,ARTS,LEGAL,Legal Studies,Humanities/Elective,0,1,12,Baseline Indian school subject matrix; verify board-specific electives before production.
CBSE,HIN,STD11,ARTS,FINEART,Fine Arts / Painting,Arts/Elective,0,1,13,Baseline Indian school subject matrix; verify board-specific electives before production.
CBSE,HIN,STD11,ARTS,MUSIC,Music,Arts/Elective,0,1,14,Baseline Indian school subject matrix; verify board-specific electives before production.
CBSE,HIN,STD11,ARTS,DANCE,Dance,Arts/Elective,0,1,15,Baseline Indian school subject matrix; verify board-specific electives before production.
CBSE,HIN,STD11,ARTS,HPE,Health and Physical Education,Co-curricular,0,1,16,Baseline Indian school subject matrix; verify board-specific electives before production.
CBSE,HIN,STD11,VOC,ENG,English,Language,1,0,1,Baseline Indian school subject matrix; verify board-specific electives before production.
CBSE,HIN,STD11,VOC,GUJ,Gujarati,Language,1,0,2,Baseline Indian school subject matrix; verify board-specific electives before production.
CBSE,HIN,STD11,VOC,HIN,Hindi,Language,1,0,3,Baseline Indian school subject matrix; verify board-specific electives before production.
CBSE,HIN,STD11,VOC,ITITES,Information Technology / IT-ITES,Vocational,0,1,4,Baseline Indian school subject matrix; verify board-specific electives before production.
CBSE,HIN,STD11,VOC,RETAIL,Retail,Vocational,0,1,5,Baseline Indian school subject matrix; verify board-specific electives before production.
CBSE,HIN,STD11,VOC,HEALTHCARE,Healthcare,Vocational,0,1,6,Baseline Indian school subject matrix; verify board-specific electives before production.
CBSE,HIN,STD11,VOC,TOURISM,Tourism and Hospitality,Vocational,0,1,7,Baseline Indian school subject matrix; verify board-specific electives before production.
CBSE,HIN,STD11,VOC,AGRI,Agriculture,Vocational,0,1,8,Baseline Indian school subject matrix; verify board-specific electives before production.
CBSE,HIN,STD11,VOC,BANKING,Banking and Insurance,Vocational,0,1,9,Baseline Indian school subject matrix; verify board-specific electives before production.
CBSE,HIN,STD11,VOC,AUTO,Automotive,Vocational,0,1,10,Baseline Indian school subject matrix; verify board-specific electives before production.
CBSE,HIN,STD11,VOC,ELECT,Electronics and Hardware,Vocational,0,1,11,Baseline Indian school subject matrix; verify board-specific electives before production.
CBSE,HIN,STD11,VOC,BEAUTY,Beauty and Wellness,Vocational,0,1,12,Baseline Indian school subject matrix; verify board-specific electives before production.
CBSE,HIN,STD11,VOC,HPE,Health and Physical Education,Co-curricular,0,1,13,Baseline Indian school subject matrix; verify board-specific electives before production.
CBSE,HIN,STD12,SCI,ENG,English,Language,1,0,1,Baseline Indian school subject matrix; verify board-specific electives before production.
CBSE,HIN,STD12,SCI,GUJ,Gujarati,Language,1,0,2,Baseline Indian school subject matrix; verify board-specific electives before production.
CBSE,HIN,STD12,SCI,HIN,Hindi,Language,1,0,3,Baseline Indian school subject matrix; verify board-specific electives before production.
CBSE,HIN,STD12,SCI,PHY,Physics,Science,1,0,4,Baseline Indian school subject matrix; verify board-specific electives before production.
CBSE,HIN,STD12,SCI,CHEM,Chemistry,Science,1,0,5,Baseline Indian school subject matrix; verify board-specific electives before production.
CBSE,HIN,STD12,SCI,BIO,Biology,Science,0,1,6,Baseline Indian school subject matrix; verify board-specific electives before production.
CBSE,HIN,STD12,SCI,MATH,Mathematics,Core,1,0,7,Baseline Indian school subject matrix; verify board-specific electives before production.
CBSE,HIN,STD12,SCI,AMATH,Applied Mathematics,Core/Elective,0,1,8,Baseline Indian school subject matrix; verify board-specific electives before production.
CBSE,HIN,STD12,SCI,CS,Computer Science,Science/Elective,0,1,9,Baseline Indian school subject matrix; verify board-specific electives before production.
CBSE,HIN,STD12,SCI,IP,Informatics Practices,Science/Commerce/Elective,0,1,10,Baseline Indian school subject matrix; verify board-specific electives before production.
CBSE,HIN,STD12,SCI,BIOTECH,Biotechnology,Science/Elective,0,1,11,Baseline Indian school subject matrix; verify board-specific electives before production.
CBSE,HIN,STD12,SCI,ENGGFX,Engineering Graphics,Science/Elective,0,1,12,Baseline Indian school subject matrix; verify board-specific electives before production.
CBSE,HIN,STD12,SCI,HPE,Health and Physical Education,Co-curricular,0,1,13,Baseline Indian school subject matrix; verify board-specific electives before production.
CBSE,HIN,STD12,COM,ENG,English,Language,1,0,1,Baseline Indian school subject matrix; verify board-specific electives before production.
CBSE,HIN,STD12,COM,GUJ,Gujarati,Language,1,0,2,Baseline Indian school subject matrix; verify board-specific electives before production.
CBSE,HIN,STD12,COM,HIN,Hindi,Language,1,0,3,Baseline Indian school subject matrix; verify board-specific electives before production.
CBSE,HIN,STD12,COM,ACC,Accountancy,Commerce,1,0,4,Baseline Indian school subject matrix; verify board-specific electives before production.
CBSE,HIN,STD12,COM,BST,Business Studies,Commerce,1,0,5,Baseline Indian school subject matrix; verify board-specific electives before production.
CBSE,HIN,STD12,COM,BADMIN,Business Administration / Management,Commerce,1,0,6,Baseline Indian school subject matrix; verify board-specific electives before production.
CBSE,HIN,STD12,COM,ECO,Economics,Commerce/Humanities,0,1,7,Baseline Indian school subject matrix; verify board-specific electives before production.
CBSE,HIN,STD12,COM,STAT,Statistics,Commerce/Elective,0,1,8,Baseline Indian school subject matrix; verify board-specific electives before production.
CBSE,HIN,STD12,COM,MATH,Mathematics,Core,1,0,9,Baseline Indian school subject matrix; verify board-specific electives before production.
CBSE,HIN,STD12,COM,AMATH,Applied Mathematics,Core/Elective,0,1,10,Baseline Indian school subject matrix; verify board-specific electives before production.
CBSE,HIN,STD12,COM,IP,Informatics Practices,Science/Commerce/Elective,0,1,11,Baseline Indian school subject matrix; verify board-specific electives before production.
CBSE,HIN,STD12,COM,ENT,Entrepreneurship,Commerce/Elective,0,1,12,Baseline Indian school subject matrix; verify board-specific electives before production.
CBSE,HIN,STD12,COM,HPE,Health and Physical Education,Co-curricular,0,1,13,Baseline Indian school subject matrix; verify board-specific electives before production.
CBSE,HIN,STD12,ARTS,ENG,English,Language,1,0,1,Baseline Indian school subject matrix; verify board-specific electives before production.
CBSE,HIN,STD12,ARTS,GUJ,Gujarati,Language,1,0,2,Baseline Indian school subject matrix; verify board-specific electives before production.
CBSE,HIN,STD12,ARTS,HIN,Hindi,Language,1,0,3,Baseline Indian school subject matrix; verify board-specific electives before production.
CBSE,HIN,STD12,ARTS,HIST,History,Humanities,0,1,4,Baseline Indian school subject matrix; verify board-specific electives before production.
CBSE,HIN,STD12,ARTS,GEO,Geography,Humanities,0,1,5,Baseline Indian school subject matrix; verify board-specific electives before production.
CBSE,HIN,STD12,ARTS,POLSCI,Political Science,Humanities,0,1,6,Baseline Indian school subject matrix; verify board-specific electives before production.
CBSE,HIN,STD12,ARTS,SOC,Sociology,Humanities,0,1,7,Baseline Indian school subject matrix; verify board-specific electives before production.
CBSE,HIN,STD12,ARTS,PSY,Psychology,Humanities,0,1,8,Baseline Indian school subject matrix; verify board-specific electives before production.
CBSE,HIN,STD12,ARTS,ECO,Economics,Commerce/Humanities,0,1,9,Baseline Indian school subject matrix; verify board-specific electives before production.
CBSE,HIN,STD12,ARTS,PHIL,Philosophy,Humanities,0,1,10,Baseline Indian school subject matrix; verify board-specific electives before production.
CBSE,HIN,STD12,ARTS,HOMESCI,Home Science,Humanities/Elective,0,1,11,Baseline Indian school subject matrix; verify board-specific electives before production.
CBSE,HIN,STD12,ARTS,LEGAL,Legal Studies,Humanities/Elective,0,1,12,Baseline Indian school subject matrix; verify board-specific electives before production.
CBSE,HIN,STD12,ARTS,FINEART,Fine Arts / Painting,Arts/Elective,0,1,13,Baseline Indian school subject matrix; verify board-specific electives before production.
CBSE,HIN,STD12,ARTS,MUSIC,Music,Arts/Elective,0,1,14,Baseline Indian school subject matrix; verify board-specific electives before production.
CBSE,HIN,STD12,ARTS,DANCE,Dance,Arts/Elective,0,1,15,Baseline Indian school subject matrix; verify board-specific electives before production.
CBSE,HIN,STD12,ARTS,HPE,Health and Physical Education,Co-curricular,0,1,16,Baseline Indian school subject matrix; verify board-specific electives before production.
CBSE,HIN,STD12,VOC,ENG,English,Language,1,0,1,Baseline Indian school subject matrix; verify board-specific electives before production.
CBSE,HIN,STD12,VOC,GUJ,Gujarati,Language,1,0,2,Baseline Indian school subject matrix; verify board-specific electives before production.
CBSE,HIN,STD12,VOC,HIN,Hindi,Language,1,0,3,Baseline Indian school subject matrix; verify board-specific electives before production.
CBSE,HIN,STD12,VOC,ITITES,Information Technology / IT-ITES,Vocational,0,1,4,Baseline Indian school subject matrix; verify board-specific electives before production.
CBSE,HIN,STD12,VOC,RETAIL,Retail,Vocational,0,1,5,Baseline Indian school subject matrix; verify board-specific electives before production.
CBSE,HIN,STD12,VOC,HEALTHCARE,Healthcare,Vocational,0,1,6,Baseline Indian school subject matrix; verify board-specific electives before production.
CBSE,HIN,STD12,VOC,TOURISM,Tourism and Hospitality,Vocational,0,1,7,Baseline Indian school subject matrix; verify board-specific electives before production.
CBSE,HIN,STD12,VOC,AGRI,Agriculture,Vocational,0,1,8,Baseline Indian school subject matrix; verify board-specific electives before production.
CBSE,HIN,STD12,VOC,BANKING,Banking and Insurance,Vocational,0,1,9,Baseline Indian school subject matrix; verify board-specific electives before production.
CBSE,HIN,STD12,VOC,AUTO,Automotive,Vocational,0,1,10,Baseline Indian school subject matrix; verify board-specific electives before production.
CBSE,HIN,STD12,VOC,ELECT,Electronics and Hardware,Vocational,0,1,11,Baseline Indian school subject matrix; verify board-specific electives before production.
CBSE,HIN,STD12,VOC,BEAUTY,Beauty and Wellness,Vocational,0,1,12,Baseline Indian school subject matrix; verify board-specific electives before production.
CBSE,HIN,STD12,VOC,HPE,Health and Physical Education,Co-curricular,0,1,13,Baseline Indian school subject matrix; verify board-specific electives before production.
CBSE,GUJ,NUR,GEN,FLIT,Foundational Literacy,Foundation,0,1,1,Baseline Indian school subject matrix; verify board-specific electives before production.
CBSE,GUJ,NUR,GEN,FNUM,Foundational Numeracy,Foundation,0,1,2,Baseline Indian school subject matrix; verify board-specific electives before production.
CBSE,GUJ,NUR,GEN,RHYM,Rhymes and Stories,Foundation,0,1,3,Baseline Indian school subject matrix; verify board-specific electives before production.
CBSE,GUJ,NUR,GEN,PLAY,Play and Activity,Foundation,0,1,4,Baseline Indian school subject matrix; verify board-specific electives before production.
CBSE,GUJ,NUR,GEN,ARTC,Art and Craft,Co-curricular,0,1,5,Baseline Indian school subject matrix; verify board-specific electives before production.
CBSE,GUJ,NUR,GEN,HEALTH,Health and Hygiene,Co-curricular,0,1,6,Baseline Indian school subject matrix; verify board-specific electives before production.
CBSE,GUJ,LKG,GEN,FLIT,Foundational Literacy,Foundation,0,1,1,Baseline Indian school subject matrix; verify board-specific electives before production.
CBSE,GUJ,LKG,GEN,FNUM,Foundational Numeracy,Foundation,0,1,2,Baseline Indian school subject matrix; verify board-specific electives before production.
CBSE,GUJ,LKG,GEN,RHYM,Rhymes and Stories,Foundation,0,1,3,Baseline Indian school subject matrix; verify board-specific electives before production.
CBSE,GUJ,LKG,GEN,PLAY,Play and Activity,Foundation,0,1,4,Baseline Indian school subject matrix; verify board-specific electives before production.
CBSE,GUJ,LKG,GEN,ARTC,Art and Craft,Co-curricular,0,1,5,Baseline Indian school subject matrix; verify board-specific electives before production.
CBSE,GUJ,LKG,GEN,HEALTH,Health and Hygiene,Co-curricular,0,1,6,Baseline Indian school subject matrix; verify board-specific electives before production.
CBSE,GUJ,UKG,GEN,FLIT,Foundational Literacy,Foundation,0,1,1,Baseline Indian school subject matrix; verify board-specific electives before production.
CBSE,GUJ,UKG,GEN,FNUM,Foundational Numeracy,Foundation,0,1,2,Baseline Indian school subject matrix; verify board-specific electives before production.
CBSE,GUJ,UKG,GEN,RHYM,Rhymes and Stories,Foundation,0,1,3,Baseline Indian school subject matrix; verify board-specific electives before production.
CBSE,GUJ,UKG,GEN,PLAY,Play and Activity,Foundation,0,1,4,Baseline Indian school subject matrix; verify board-specific electives before production.
CBSE,GUJ,UKG,GEN,ARTC,Art and Craft,Co-curricular,0,1,5,Baseline Indian school subject matrix; verify board-specific electives before production.
CBSE,GUJ,UKG,GEN,HEALTH,Health and Hygiene,Co-curricular,0,1,6,Baseline Indian school subject matrix; verify board-specific electives before production.
CBSE,GUJ,BAL,GEN,FLIT,Foundational Literacy,Foundation,0,1,1,Baseline Indian school subject matrix; verify board-specific electives before production.
CBSE,GUJ,BAL,GEN,FNUM,Foundational Numeracy,Foundation,0,1,2,Baseline Indian school subject matrix; verify board-specific electives before production.
CBSE,GUJ,BAL,GEN,RHYM,Rhymes and Stories,Foundation,0,1,3,Baseline Indian school subject matrix; verify board-specific electives before production.
CBSE,GUJ,BAL,GEN,PLAY,Play and Activity,Foundation,0,1,4,Baseline Indian school subject matrix; verify board-specific electives before production.
CBSE,GUJ,BAL,GEN,ARTC,Art and Craft,Co-curricular,0,1,5,Baseline Indian school subject matrix; verify board-specific electives before production.
CBSE,GUJ,BAL,GEN,HEALTH,Health and Hygiene,Co-curricular,0,1,6,Baseline Indian school subject matrix; verify board-specific electives before production.
CBSE,GUJ,STD01,GEN,GUJ,Gujarati,Language,1,0,1,Baseline Indian school subject matrix; verify board-specific electives before production.
CBSE,GUJ,STD01,GEN,ENG,English,Language,1,0,2,Baseline Indian school subject matrix; verify board-specific electives before production.
CBSE,GUJ,STD01,GEN,HIN,Hindi,Language,1,0,3,Baseline Indian school subject matrix; verify board-specific electives before production.
CBSE,GUJ,STD01,GEN,MATH,Mathematics,Core,1,0,4,Baseline Indian school subject matrix; verify board-specific electives before production.
CBSE,GUJ,STD01,GEN,EVS,Environmental Studies,Core,1,0,5,Baseline Indian school subject matrix; verify board-specific electives before production.
CBSE,GUJ,STD01,GEN,ARTC,Art and Craft,Co-curricular,0,1,6,Baseline Indian school subject matrix; verify board-specific electives before production.
CBSE,GUJ,STD01,GEN,HPE,Health and Physical Education,Co-curricular,0,1,7,Baseline Indian school subject matrix; verify board-specific electives before production.
CBSE,GUJ,STD01,GEN,VALUE,Value Education / Moral Science,Co-curricular,0,1,8,Baseline Indian school subject matrix; verify board-specific electives before production.
CBSE,GUJ,STD02,GEN,GUJ,Gujarati,Language,1,0,1,Baseline Indian school subject matrix; verify board-specific electives before production.
CBSE,GUJ,STD02,GEN,ENG,English,Language,1,0,2,Baseline Indian school subject matrix; verify board-specific electives before production.
CBSE,GUJ,STD02,GEN,HIN,Hindi,Language,1,0,3,Baseline Indian school subject matrix; verify board-specific electives before production.
CBSE,GUJ,STD02,GEN,MATH,Mathematics,Core,1,0,4,Baseline Indian school subject matrix; verify board-specific electives before production.
CBSE,GUJ,STD02,GEN,EVS,Environmental Studies,Core,1,0,5,Baseline Indian school subject matrix; verify board-specific electives before production.
CBSE,GUJ,STD02,GEN,ARTC,Art and Craft,Co-curricular,0,1,6,Baseline Indian school subject matrix; verify board-specific electives before production.
CBSE,GUJ,STD02,GEN,HPE,Health and Physical Education,Co-curricular,0,1,7,Baseline Indian school subject matrix; verify board-specific electives before production.
CBSE,GUJ,STD02,GEN,VALUE,Value Education / Moral Science,Co-curricular,0,1,8,Baseline Indian school subject matrix; verify board-specific electives before production.
CBSE,GUJ,STD03,GEN,GUJ,Gujarati,Language,1,0,1,Baseline Indian school subject matrix; verify board-specific electives before production.
CBSE,GUJ,STD03,GEN,ENG,English,Language,1,0,2,Baseline Indian school subject matrix; verify board-specific electives before production.
CBSE,GUJ,STD03,GEN,HIN,Hindi,Language,1,0,3,Baseline Indian school subject matrix; verify board-specific electives before production.
CBSE,GUJ,STD03,GEN,MATH,Mathematics,Core,1,0,4,Baseline Indian school subject matrix; verify board-specific electives before production.
CBSE,GUJ,STD03,GEN,EVS,Environmental Studies,Core,1,0,5,Baseline Indian school subject matrix; verify board-specific electives before production.
CBSE,GUJ,STD03,GEN,COMP,Computer Studies,Core/Elective,0,1,6,Baseline Indian school subject matrix; verify board-specific electives before production.
CBSE,GUJ,STD03,GEN,ARTC,Art and Craft,Co-curricular,0,1,7,Baseline Indian school subject matrix; verify board-specific electives before production.
CBSE,GUJ,STD03,GEN,HPE,Health and Physical Education,Co-curricular,0,1,8,Baseline Indian school subject matrix; verify board-specific electives before production.
CBSE,GUJ,STD03,GEN,VALUE,Value Education / Moral Science,Co-curricular,0,1,9,Baseline Indian school subject matrix; verify board-specific electives before production.
CBSE,GUJ,STD04,GEN,GUJ,Gujarati,Language,1,0,1,Baseline Indian school subject matrix; verify board-specific electives before production.
CBSE,GUJ,STD04,GEN,ENG,English,Language,1,0,2,Baseline Indian school subject matrix; verify board-specific electives before production.
CBSE,GUJ,STD04,GEN,HIN,Hindi,Language,1,0,3,Baseline Indian school subject matrix; verify board-specific electives before production.
CBSE,GUJ,STD04,GEN,MATH,Mathematics,Core,1,0,4,Baseline Indian school subject matrix; verify board-specific electives before production.
CBSE,GUJ,STD04,GEN,EVS,Environmental Studies,Core,1,0,5,Baseline Indian school subject matrix; verify board-specific electives before production.
CBSE,GUJ,STD04,GEN,COMP,Computer Studies,Core/Elective,0,1,6,Baseline Indian school subject matrix; verify board-specific electives before production.
CBSE,GUJ,STD04,GEN,ARTC,Art and Craft,Co-curricular,0,1,7,Baseline Indian school subject matrix; verify board-specific electives before production.
CBSE,GUJ,STD04,GEN,HPE,Health and Physical Education,Co-curricular,0,1,8,Baseline Indian school subject matrix; verify board-specific electives before production.
CBSE,GUJ,STD04,GEN,VALUE,Value Education / Moral Science,Co-curricular,0,1,9,Baseline Indian school subject matrix; verify board-specific electives before production.
CBSE,GUJ,STD05,GEN,GUJ,Gujarati,Language,1,0,1,Baseline Indian school subject matrix; verify board-specific electives before production.
CBSE,GUJ,STD05,GEN,ENG,English,Language,1,0,2,Baseline Indian school subject matrix; verify board-specific electives before production.
CBSE,GUJ,STD05,GEN,HIN,Hindi,Language,1,0,3,Baseline Indian school subject matrix; verify board-specific electives before production.
CBSE,GUJ,STD05,GEN,MATH,Mathematics,Core,1,0,4,Baseline Indian school subject matrix; verify board-specific electives before production.
CBSE,GUJ,STD05,GEN,EVS,Environmental Studies,Core,1,0,5,Baseline Indian school subject matrix; verify board-specific electives before production.
CBSE,GUJ,STD05,GEN,COMP,Computer Studies,Core/Elective,0,1,6,Baseline Indian school subject matrix; verify board-specific electives before production.
CBSE,GUJ,STD05,GEN,ARTC,Art and Craft,Co-curricular,0,1,7,Baseline Indian school subject matrix; verify board-specific electives before production.
CBSE,GUJ,STD05,GEN,HPE,Health and Physical Education,Co-curricular,0,1,8,Baseline Indian school subject matrix; verify board-specific electives before production.
CBSE,GUJ,STD05,GEN,VALUE,Value Education / Moral Science,Co-curricular,0,1,9,Baseline Indian school subject matrix; verify board-specific electives before production.
CBSE,GUJ,STD06,GEN,GUJ,Gujarati,Language,1,0,1,Baseline Indian school subject matrix; verify board-specific electives before production.
CBSE,GUJ,STD06,GEN,ENG,English,Language,1,0,2,Baseline Indian school subject matrix; verify board-specific electives before production.
CBSE,GUJ,STD06,GEN,HIN,Hindi,Language,1,0,3,Baseline Indian school subject matrix; verify board-specific electives before production.
CBSE,GUJ,STD06,GEN,SAN,Sanskrit,Language,0,1,4,Baseline Indian school subject matrix; verify board-specific electives before production.
CBSE,GUJ,STD06,GEN,MATH,Mathematics,Core,1,0,5,Baseline Indian school subject matrix; verify board-specific electives before production.
CBSE,GUJ,STD06,GEN,SCI,Science,Core,1,0,6,Baseline Indian school subject matrix; verify board-specific electives before production.
CBSE,GUJ,STD06,GEN,SS,Social Science,Core,1,0,7,Baseline Indian school subject matrix; verify board-specific electives before production.
CBSE,GUJ,STD06,GEN,COMP,Computer Studies,Core/Elective,0,1,8,Baseline Indian school subject matrix; verify board-specific electives before production.
CBSE,GUJ,STD06,GEN,ARTEDU,Art Education,Co-curricular,0,1,9,Baseline Indian school subject matrix; verify board-specific electives before production.
CBSE,GUJ,STD06,GEN,HPE,Health and Physical Education,Co-curricular,0,1,10,Baseline Indian school subject matrix; verify board-specific electives before production.
CBSE,GUJ,STD06,GEN,VALUE,Value Education / Moral Science,Co-curricular,0,1,11,Baseline Indian school subject matrix; verify board-specific electives before production.
CBSE,GUJ,STD07,GEN,GUJ,Gujarati,Language,1,0,1,Baseline Indian school subject matrix; verify board-specific electives before production.
CBSE,GUJ,STD07,GEN,ENG,English,Language,1,0,2,Baseline Indian school subject matrix; verify board-specific electives before production.
CBSE,GUJ,STD07,GEN,HIN,Hindi,Language,1,0,3,Baseline Indian school subject matrix; verify board-specific electives before production.
CBSE,GUJ,STD07,GEN,SAN,Sanskrit,Language,0,1,4,Baseline Indian school subject matrix; verify board-specific electives before production.
CBSE,GUJ,STD07,GEN,MATH,Mathematics,Core,1,0,5,Baseline Indian school subject matrix; verify board-specific electives before production.
CBSE,GUJ,STD07,GEN,SCI,Science,Core,1,0,6,Baseline Indian school subject matrix; verify board-specific electives before production.
CBSE,GUJ,STD07,GEN,SS,Social Science,Core,1,0,7,Baseline Indian school subject matrix; verify board-specific electives before production.
CBSE,GUJ,STD07,GEN,COMP,Computer Studies,Core/Elective,0,1,8,Baseline Indian school subject matrix; verify board-specific electives before production.
CBSE,GUJ,STD07,GEN,ARTEDU,Art Education,Co-curricular,0,1,9,Baseline Indian school subject matrix; verify board-specific electives before production.
CBSE,GUJ,STD07,GEN,HPE,Health and Physical Education,Co-curricular,0,1,10,Baseline Indian school subject matrix; verify board-specific electives before production.
CBSE,GUJ,STD07,GEN,VALUE,Value Education / Moral Science,Co-curricular,0,1,11,Baseline Indian school subject matrix; verify board-specific electives before production.
CBSE,GUJ,STD08,GEN,GUJ,Gujarati,Language,1,0,1,Baseline Indian school subject matrix; verify board-specific electives before production.
CBSE,GUJ,STD08,GEN,ENG,English,Language,1,0,2,Baseline Indian school subject matrix; verify board-specific electives before production.
CBSE,GUJ,STD08,GEN,HIN,Hindi,Language,1,0,3,Baseline Indian school subject matrix; verify board-specific electives before production.
CBSE,GUJ,STD08,GEN,SAN,Sanskrit,Language,0,1,4,Baseline Indian school subject matrix; verify board-specific electives before production.
CBSE,GUJ,STD08,GEN,MATH,Mathematics,Core,1,0,5,Baseline Indian school subject matrix; verify board-specific electives before production.
CBSE,GUJ,STD08,GEN,SCI,Science,Core,1,0,6,Baseline Indian school subject matrix; verify board-specific electives before production.
CBSE,GUJ,STD08,GEN,SS,Social Science,Core,1,0,7,Baseline Indian school subject matrix; verify board-specific electives before production.
CBSE,GUJ,STD08,GEN,COMP,Computer Studies,Core/Elective,0,1,8,Baseline Indian school subject matrix; verify board-specific electives before production.
CBSE,GUJ,STD08,GEN,ARTEDU,Art Education,Co-curricular,0,1,9,Baseline Indian school subject matrix; verify board-specific electives before production.
CBSE,GUJ,STD08,GEN,HPE,Health and Physical Education,Co-curricular,0,1,10,Baseline Indian school subject matrix; verify board-specific electives before production.
CBSE,GUJ,STD08,GEN,VALUE,Value Education / Moral Science,Co-curricular,0,1,11,Baseline Indian school subject matrix; verify board-specific electives before production.
CBSE,GUJ,STD09,GEN,GUJ,Gujarati,Language,1,0,1,Baseline Indian school subject matrix; verify board-specific electives before production.
CBSE,GUJ,STD09,GEN,ENG,English,Language,1,0,2,Baseline Indian school subject matrix; verify board-specific electives before production.
CBSE,GUJ,STD09,GEN,HIN,Hindi,Language,1,0,3,Baseline Indian school subject matrix; verify board-specific electives before production.
CBSE,GUJ,STD09,GEN,SAN,Sanskrit,Language,0,1,4,Baseline Indian school subject matrix; verify board-specific electives before production.
CBSE,GUJ,STD09,GEN,MATH,Mathematics,Core,1,0,5,Baseline Indian school subject matrix; verify board-specific electives before production.
CBSE,GUJ,STD09,GEN,SCI,Science,Core,1,0,6,Baseline Indian school subject matrix; verify board-specific electives before production.
CBSE,GUJ,STD09,GEN,SS,Social Science,Core,1,0,7,Baseline Indian school subject matrix; verify board-specific electives before production.
CBSE,GUJ,STD09,GEN,COMP,Computer Studies,Core/Elective,0,1,8,Baseline Indian school subject matrix; verify board-specific electives before production.
CBSE,GUJ,STD09,GEN,AI,Artificial Intelligence,Skill/Elective,0,1,9,Baseline Indian school subject matrix; verify board-specific electives before production.
CBSE,GUJ,STD09,GEN,HPE,Health and Physical Education,Co-curricular,0,1,10,Baseline Indian school subject matrix; verify board-specific electives before production.
CBSE,GUJ,STD09,GEN,ARTEDU,Art Education,Co-curricular,0,1,11,Baseline Indian school subject matrix; verify board-specific electives before production.
CBSE,GUJ,STD09,GEN,WORKEX,Work Experience,Co-curricular,0,1,12,Baseline Indian school subject matrix; verify board-specific electives before production.
CBSE,GUJ,STD09,GEN,NCC,National Cadet Corps,Elective,0,1,13,Baseline Indian school subject matrix; verify board-specific electives before production.
CBSE,GUJ,STD09,VOC,ENG,English,Language,1,0,1,Baseline Indian school subject matrix; verify board-specific electives before production.
CBSE,GUJ,STD09,VOC,GUJ,Gujarati,Language,1,0,2,Baseline Indian school subject matrix; verify board-specific electives before production.
CBSE,GUJ,STD09,VOC,HIN,Hindi,Language,1,0,3,Baseline Indian school subject matrix; verify board-specific electives before production.
CBSE,GUJ,STD09,VOC,ITITES,Information Technology / IT-ITES,Vocational,0,1,4,Baseline Indian school subject matrix; verify board-specific electives before production.
CBSE,GUJ,STD09,VOC,RETAIL,Retail,Vocational,0,1,5,Baseline Indian school subject matrix; verify board-specific electives before production.
CBSE,GUJ,STD09,VOC,HEALTHCARE,Healthcare,Vocational,0,1,6,Baseline Indian school subject matrix; verify board-specific electives before production.
CBSE,GUJ,STD09,VOC,TOURISM,Tourism and Hospitality,Vocational,0,1,7,Baseline Indian school subject matrix; verify board-specific electives before production.
CBSE,GUJ,STD09,VOC,AGRI,Agriculture,Vocational,0,1,8,Baseline Indian school subject matrix; verify board-specific electives before production.
CBSE,GUJ,STD09,VOC,BANKING,Banking and Insurance,Vocational,0,1,9,Baseline Indian school subject matrix; verify board-specific electives before production.
CBSE,GUJ,STD09,VOC,AUTO,Automotive,Vocational,0,1,10,Baseline Indian school subject matrix; verify board-specific electives before production.
CBSE,GUJ,STD09,VOC,ELECT,Electronics and Hardware,Vocational,0,1,11,Baseline Indian school subject matrix; verify board-specific electives before production.
CBSE,GUJ,STD09,VOC,BEAUTY,Beauty and Wellness,Vocational,0,1,12,Baseline Indian school subject matrix; verify board-specific electives before production.
CBSE,GUJ,STD09,VOC,HPE,Health and Physical Education,Co-curricular,0,1,13,Baseline Indian school subject matrix; verify board-specific electives before production.
CBSE,GUJ,STD10,GEN,GUJ,Gujarati,Language,1,0,1,Baseline Indian school subject matrix; verify board-specific electives before production.
CBSE,GUJ,STD10,GEN,ENG,English,Language,1,0,2,Baseline Indian school subject matrix; verify board-specific electives before production.
CBSE,GUJ,STD10,GEN,HIN,Hindi,Language,1,0,3,Baseline Indian school subject matrix; verify board-specific electives before production.
CBSE,GUJ,STD10,GEN,SAN,Sanskrit,Language,0,1,4,Baseline Indian school subject matrix; verify board-specific electives before production.
CBSE,GUJ,STD10,GEN,MATH,Mathematics,Core,1,0,5,Baseline Indian school subject matrix; verify board-specific electives before production.
CBSE,GUJ,STD10,GEN,SCI,Science,Core,1,0,6,Baseline Indian school subject matrix; verify board-specific electives before production.
CBSE,GUJ,STD10,GEN,SS,Social Science,Core,1,0,7,Baseline Indian school subject matrix; verify board-specific electives before production.
CBSE,GUJ,STD10,GEN,COMP,Computer Studies,Core/Elective,0,1,8,Baseline Indian school subject matrix; verify board-specific electives before production.
CBSE,GUJ,STD10,GEN,AI,Artificial Intelligence,Skill/Elective,0,1,9,Baseline Indian school subject matrix; verify board-specific electives before production.
CBSE,GUJ,STD10,GEN,HPE,Health and Physical Education,Co-curricular,0,1,10,Baseline Indian school subject matrix; verify board-specific electives before production.
CBSE,GUJ,STD10,GEN,ARTEDU,Art Education,Co-curricular,0,1,11,Baseline Indian school subject matrix; verify board-specific electives before production.
CBSE,GUJ,STD10,GEN,WORKEX,Work Experience,Co-curricular,0,1,12,Baseline Indian school subject matrix; verify board-specific electives before production.
CBSE,GUJ,STD10,GEN,NCC,National Cadet Corps,Elective,0,1,13,Baseline Indian school subject matrix; verify board-specific electives before production.
CBSE,GUJ,STD10,VOC,ENG,English,Language,1,0,1,Baseline Indian school subject matrix; verify board-specific electives before production.
CBSE,GUJ,STD10,VOC,GUJ,Gujarati,Language,1,0,2,Baseline Indian school subject matrix; verify board-specific electives before production.
CBSE,GUJ,STD10,VOC,HIN,Hindi,Language,1,0,3,Baseline Indian school subject matrix; verify board-specific electives before production.
CBSE,GUJ,STD10,VOC,ITITES,Information Technology / IT-ITES,Vocational,0,1,4,Baseline Indian school subject matrix; verify board-specific electives before production.
CBSE,GUJ,STD10,VOC,RETAIL,Retail,Vocational,0,1,5,Baseline Indian school subject matrix; verify board-specific electives before production.
CBSE,GUJ,STD10,VOC,HEALTHCARE,Healthcare,Vocational,0,1,6,Baseline Indian school subject matrix; verify board-specific electives before production.
CBSE,GUJ,STD10,VOC,TOURISM,Tourism and Hospitality,Vocational,0,1,7,Baseline Indian school subject matrix; verify board-specific electives before production.
CBSE,GUJ,STD10,VOC,AGRI,Agriculture,Vocational,0,1,8,Baseline Indian school subject matrix; verify board-specific electives before production.
CBSE,GUJ,STD10,VOC,BANKING,Banking and Insurance,Vocational,0,1,9,Baseline Indian school subject matrix; verify board-specific electives before production.
CBSE,GUJ,STD10,VOC,AUTO,Automotive,Vocational,0,1,10,Baseline Indian school subject matrix; verify board-specific electives before production.
CBSE,GUJ,STD10,VOC,ELECT,Electronics and Hardware,Vocational,0,1,11,Baseline Indian school subject matrix; verify board-specific electives before production.
CBSE,GUJ,STD10,VOC,BEAUTY,Beauty and Wellness,Vocational,0,1,12,Baseline Indian school subject matrix; verify board-specific electives before production.
CBSE,GUJ,STD10,VOC,HPE,Health and Physical Education,Co-curricular,0,1,13,Baseline Indian school subject matrix; verify board-specific electives before production.
CBSE,GUJ,STD11,SCI,ENG,English,Language,1,0,1,Baseline Indian school subject matrix; verify board-specific electives before production.
CBSE,GUJ,STD11,SCI,GUJ,Gujarati,Language,1,0,2,Baseline Indian school subject matrix; verify board-specific electives before production.
CBSE,GUJ,STD11,SCI,HIN,Hindi,Language,1,0,3,Baseline Indian school subject matrix; verify board-specific electives before production.
CBSE,GUJ,STD11,SCI,PHY,Physics,Science,1,0,4,Baseline Indian school subject matrix; verify board-specific electives before production.
CBSE,GUJ,STD11,SCI,CHEM,Chemistry,Science,1,0,5,Baseline Indian school subject matrix; verify board-specific electives before production.
CBSE,GUJ,STD11,SCI,BIO,Biology,Science,0,1,6,Baseline Indian school subject matrix; verify board-specific electives before production.
CBSE,GUJ,STD11,SCI,MATH,Mathematics,Core,1,0,7,Baseline Indian school subject matrix; verify board-specific electives before production.
CBSE,GUJ,STD11,SCI,AMATH,Applied Mathematics,Core/Elective,0,1,8,Baseline Indian school subject matrix; verify board-specific electives before production.
CBSE,GUJ,STD11,SCI,CS,Computer Science,Science/Elective,0,1,9,Baseline Indian school subject matrix; verify board-specific electives before production.
CBSE,GUJ,STD11,SCI,IP,Informatics Practices,Science/Commerce/Elective,0,1,10,Baseline Indian school subject matrix; verify board-specific electives before production.
CBSE,GUJ,STD11,SCI,BIOTECH,Biotechnology,Science/Elective,0,1,11,Baseline Indian school subject matrix; verify board-specific electives before production.
CBSE,GUJ,STD11,SCI,ENGGFX,Engineering Graphics,Science/Elective,0,1,12,Baseline Indian school subject matrix; verify board-specific electives before production.
CBSE,GUJ,STD11,SCI,HPE,Health and Physical Education,Co-curricular,0,1,13,Baseline Indian school subject matrix; verify board-specific electives before production.
CBSE,GUJ,STD11,COM,ENG,English,Language,1,0,1,Baseline Indian school subject matrix; verify board-specific electives before production.
CBSE,GUJ,STD11,COM,GUJ,Gujarati,Language,1,0,2,Baseline Indian school subject matrix; verify board-specific electives before production.
CBSE,GUJ,STD11,COM,HIN,Hindi,Language,1,0,3,Baseline Indian school subject matrix; verify board-specific electives before production.
CBSE,GUJ,STD11,COM,ACC,Accountancy,Commerce,1,0,4,Baseline Indian school subject matrix; verify board-specific electives before production.
CBSE,GUJ,STD11,COM,BST,Business Studies,Commerce,1,0,5,Baseline Indian school subject matrix; verify board-specific electives before production.
CBSE,GUJ,STD11,COM,BADMIN,Business Administration / Management,Commerce,1,0,6,Baseline Indian school subject matrix; verify board-specific electives before production.
CBSE,GUJ,STD11,COM,ECO,Economics,Commerce/Humanities,0,1,7,Baseline Indian school subject matrix; verify board-specific electives before production.
CBSE,GUJ,STD11,COM,STAT,Statistics,Commerce/Elective,0,1,8,Baseline Indian school subject matrix; verify board-specific electives before production.
CBSE,GUJ,STD11,COM,MATH,Mathematics,Core,1,0,9,Baseline Indian school subject matrix; verify board-specific electives before production.
CBSE,GUJ,STD11,COM,AMATH,Applied Mathematics,Core/Elective,0,1,10,Baseline Indian school subject matrix; verify board-specific electives before production.
CBSE,GUJ,STD11,COM,IP,Informatics Practices,Science/Commerce/Elective,0,1,11,Baseline Indian school subject matrix; verify board-specific electives before production.
CBSE,GUJ,STD11,COM,ENT,Entrepreneurship,Commerce/Elective,0,1,12,Baseline Indian school subject matrix; verify board-specific electives before production.
CBSE,GUJ,STD11,COM,HPE,Health and Physical Education,Co-curricular,0,1,13,Baseline Indian school subject matrix; verify board-specific electives before production.
CBSE,GUJ,STD11,ARTS,ENG,English,Language,1,0,1,Baseline Indian school subject matrix; verify board-specific electives before production.
CBSE,GUJ,STD11,ARTS,GUJ,Gujarati,Language,1,0,2,Baseline Indian school subject matrix; verify board-specific electives before production.
CBSE,GUJ,STD11,ARTS,HIN,Hindi,Language,1,0,3,Baseline Indian school subject matrix; verify board-specific electives before production.
CBSE,GUJ,STD11,ARTS,HIST,History,Humanities,0,1,4,Baseline Indian school subject matrix; verify board-specific electives before production.
CBSE,GUJ,STD11,ARTS,GEO,Geography,Humanities,0,1,5,Baseline Indian school subject matrix; verify board-specific electives before production.
CBSE,GUJ,STD11,ARTS,POLSCI,Political Science,Humanities,0,1,6,Baseline Indian school subject matrix; verify board-specific electives before production.
CBSE,GUJ,STD11,ARTS,SOC,Sociology,Humanities,0,1,7,Baseline Indian school subject matrix; verify board-specific electives before production.
CBSE,GUJ,STD11,ARTS,PSY,Psychology,Humanities,0,1,8,Baseline Indian school subject matrix; verify board-specific electives before production.
CBSE,GUJ,STD11,ARTS,ECO,Economics,Commerce/Humanities,0,1,9,Baseline Indian school subject matrix; verify board-specific electives before production.
CBSE,GUJ,STD11,ARTS,PHIL,Philosophy,Humanities,0,1,10,Baseline Indian school subject matrix; verify board-specific electives before production.
CBSE,GUJ,STD11,ARTS,HOMESCI,Home Science,Humanities/Elective,0,1,11,Baseline Indian school subject matrix; verify board-specific electives before production.
CBSE,GUJ,STD11,ARTS,LEGAL,Legal Studies,Humanities/Elective,0,1,12,Baseline Indian school subject matrix; verify board-specific electives before production.
CBSE,GUJ,STD11,ARTS,FINEART,Fine Arts / Painting,Arts/Elective,0,1,13,Baseline Indian school subject matrix; verify board-specific electives before production.
CBSE,GUJ,STD11,ARTS,MUSIC,Music,Arts/Elective,0,1,14,Baseline Indian school subject matrix; verify board-specific electives before production.
CBSE,GUJ,STD11,ARTS,DANCE,Dance,Arts/Elective,0,1,15,Baseline Indian school subject matrix; verify board-specific electives before production.
CBSE,GUJ,STD11,ARTS,HPE,Health and Physical Education,Co-curricular,0,1,16,Baseline Indian school subject matrix; verify board-specific electives before production.
CBSE,GUJ,STD11,VOC,ENG,English,Language,1,0,1,Baseline Indian school subject matrix; verify board-specific electives before production.
CBSE,GUJ,STD11,VOC,GUJ,Gujarati,Language,1,0,2,Baseline Indian school subject matrix; verify board-specific electives before production.
CBSE,GUJ,STD11,VOC,HIN,Hindi,Language,1,0,3,Baseline Indian school subject matrix; verify board-specific electives before production.
CBSE,GUJ,STD11,VOC,ITITES,Information Technology / IT-ITES,Vocational,0,1,4,Baseline Indian school subject matrix; verify board-specific electives before production.
CBSE,GUJ,STD11,VOC,RETAIL,Retail,Vocational,0,1,5,Baseline Indian school subject matrix; verify board-specific electives before production.
CBSE,GUJ,STD11,VOC,HEALTHCARE,Healthcare,Vocational,0,1,6,Baseline Indian school subject matrix; verify board-specific electives before production.
CBSE,GUJ,STD11,VOC,TOURISM,Tourism and Hospitality,Vocational,0,1,7,Baseline Indian school subject matrix; verify board-specific electives before production.
CBSE,GUJ,STD11,VOC,AGRI,Agriculture,Vocational,0,1,8,Baseline Indian school subject matrix; verify board-specific electives before production.
CBSE,GUJ,STD11,VOC,BANKING,Banking and Insurance,Vocational,0,1,9,Baseline Indian school subject matrix; verify board-specific electives before production.
CBSE,GUJ,STD11,VOC,AUTO,Automotive,Vocational,0,1,10,Baseline Indian school subject matrix; verify board-specific electives before production.
CBSE,GUJ,STD11,VOC,ELECT,Electronics and Hardware,Vocational,0,1,11,Baseline Indian school subject matrix; verify board-specific electives before production.
CBSE,GUJ,STD11,VOC,BEAUTY,Beauty and Wellness,Vocational,0,1,12,Baseline Indian school subject matrix; verify board-specific electives before production.
CBSE,GUJ,STD11,VOC,HPE,Health and Physical Education,Co-curricular,0,1,13,Baseline Indian school subject matrix; verify board-specific electives before production.
CBSE,GUJ,STD12,SCI,ENG,English,Language,1,0,1,Baseline Indian school subject matrix; verify board-specific electives before production.
CBSE,GUJ,STD12,SCI,GUJ,Gujarati,Language,1,0,2,Baseline Indian school subject matrix; verify board-specific electives before production.
CBSE,GUJ,STD12,SCI,HIN,Hindi,Language,1,0,3,Baseline Indian school subject matrix; verify board-specific electives before production.
CBSE,GUJ,STD12,SCI,PHY,Physics,Science,1,0,4,Baseline Indian school subject matrix; verify board-specific electives before production.
CBSE,GUJ,STD12,SCI,CHEM,Chemistry,Science,1,0,5,Baseline Indian school subject matrix; verify board-specific electives before production.
CBSE,GUJ,STD12,SCI,BIO,Biology,Science,0,1,6,Baseline Indian school subject matrix; verify board-specific electives before production.
CBSE,GUJ,STD12,SCI,MATH,Mathematics,Core,1,0,7,Baseline Indian school subject matrix; verify board-specific electives before production.
CBSE,GUJ,STD12,SCI,AMATH,Applied Mathematics,Core/Elective,0,1,8,Baseline Indian school subject matrix; verify board-specific electives before production.
CBSE,GUJ,STD12,SCI,CS,Computer Science,Science/Elective,0,1,9,Baseline Indian school subject matrix; verify board-specific electives before production.
CBSE,GUJ,STD12,SCI,IP,Informatics Practices,Science/Commerce/Elective,0,1,10,Baseline Indian school subject matrix; verify board-specific electives before production.
CBSE,GUJ,STD12,SCI,BIOTECH,Biotechnology,Science/Elective,0,1,11,Baseline Indian school subject matrix; verify board-specific electives before production.
CBSE,GUJ,STD12,SCI,ENGGFX,Engineering Graphics,Science/Elective,0,1,12,Baseline Indian school subject matrix; verify board-specific electives before production.
CBSE,GUJ,STD12,SCI,HPE,Health and Physical Education,Co-curricular,0,1,13,Baseline Indian school subject matrix; verify board-specific electives before production.
CBSE,GUJ,STD12,COM,ENG,English,Language,1,0,1,Baseline Indian school subject matrix; verify board-specific electives before production.
CBSE,GUJ,STD12,COM,GUJ,Gujarati,Language,1,0,2,Baseline Indian school subject matrix; verify board-specific electives before production.
CBSE,GUJ,STD12,COM,HIN,Hindi,Language,1,0,3,Baseline Indian school subject matrix; verify board-specific electives before production.
CBSE,GUJ,STD12,COM,ACC,Accountancy,Commerce,1,0,4,Baseline Indian school subject matrix; verify board-specific electives before production.
CBSE,GUJ,STD12,COM,BST,Business Studies,Commerce,1,0,5,Baseline Indian school subject matrix; verify board-specific electives before production.
CBSE,GUJ,STD12,COM,BADMIN,Business Administration / Management,Commerce,1,0,6,Baseline Indian school subject matrix; verify board-specific electives before production.
CBSE,GUJ,STD12,COM,ECO,Economics,Commerce/Humanities,0,1,7,Baseline Indian school subject matrix; verify board-specific electives before production.
CBSE,GUJ,STD12,COM,STAT,Statistics,Commerce/Elective,0,1,8,Baseline Indian school subject matrix; verify board-specific electives before production.
CBSE,GUJ,STD12,COM,MATH,Mathematics,Core,1,0,9,Baseline Indian school subject matrix; verify board-specific electives before production.
CBSE,GUJ,STD12,COM,AMATH,Applied Mathematics,Core/Elective,0,1,10,Baseline Indian school subject matrix; verify board-specific electives before production.
CBSE,GUJ,STD12,COM,IP,Informatics Practices,Science/Commerce/Elective,0,1,11,Baseline Indian school subject matrix; verify board-specific electives before production.
CBSE,GUJ,STD12,COM,ENT,Entrepreneurship,Commerce/Elective,0,1,12,Baseline Indian school subject matrix; verify board-specific electives before production.
CBSE,GUJ,STD12,COM,HPE,Health and Physical Education,Co-curricular,0,1,13,Baseline Indian school subject matrix; verify board-specific electives before production.
CBSE,GUJ,STD12,ARTS,ENG,English,Language,1,0,1,Baseline Indian school subject matrix; verify board-specific electives before production.
CBSE,GUJ,STD12,ARTS,GUJ,Gujarati,Language,1,0,2,Baseline Indian school subject matrix; verify board-specific electives before production.
CBSE,GUJ,STD12,ARTS,HIN,Hindi,Language,1,0,3,Baseline Indian school subject matrix; verify board-specific electives before production.
CBSE,GUJ,STD12,ARTS,HIST,History,Humanities,0,1,4,Baseline Indian school subject matrix; verify board-specific electives before production.
CBSE,GUJ,STD12,ARTS,GEO,Geography,Humanities,0,1,5,Baseline Indian school subject matrix; verify board-specific electives before production.
CBSE,GUJ,STD12,ARTS,POLSCI,Political Science,Humanities,0,1,6,Baseline Indian school subject matrix; verify board-specific electives before production.
CBSE,GUJ,STD12,ARTS,SOC,Sociology,Humanities,0,1,7,Baseline Indian school subject matrix; verify board-specific electives before production.
CBSE,GUJ,STD12,ARTS,PSY,Psychology,Humanities,0,1,8,Baseline Indian school subject matrix; verify board-specific electives before production.
CBSE,GUJ,STD12,ARTS,ECO,Economics,Commerce/Humanities,0,1,9,Baseline Indian school subject matrix; verify board-specific electives before production.
CBSE,GUJ,STD12,ARTS,PHIL,Philosophy,Humanities,0,1,10,Baseline Indian school subject matrix; verify board-specific electives before production.
CBSE,GUJ,STD12,ARTS,HOMESCI,Home Science,Humanities/Elective,0,1,11,Baseline Indian school subject matrix; verify board-specific electives before production.
CBSE,GUJ,STD12,ARTS,LEGAL,Legal Studies,Humanities/Elective,0,1,12,Baseline Indian school subject matrix; verify board-specific electives before production.
CBSE,GUJ,STD12,ARTS,FINEART,Fine Arts / Painting,Arts/Elective,0,1,13,Baseline Indian school subject matrix; verify board-specific electives before production.
CBSE,GUJ,STD12,ARTS,MUSIC,Music,Arts/Elective,0,1,14,Baseline Indian school subject matrix; verify board-specific electives before production.
CBSE,GUJ,STD12,ARTS,DANCE,Dance,Arts/Elective,0,1,15,Baseline Indian school subject matrix; verify board-specific electives before production.
CBSE,GUJ,STD12,ARTS,HPE,Health and Physical Education,Co-curricular,0,1,16,Baseline Indian school subject matrix; verify board-specific electives before production.
CBSE,GUJ,STD12,VOC,ENG,English,Language,1,0,1,Baseline Indian school subject matrix; verify board-specific electives before production.
CBSE,GUJ,STD12,VOC,GUJ,Gujarati,Language,1,0,2,Baseline Indian school subject matrix; verify board-specific electives before production.
CBSE,GUJ,STD12,VOC,HIN,Hindi,Language,1,0,3,Baseline Indian school subject matrix; verify board-specific electives before production.
CBSE,GUJ,STD12,VOC,ITITES,Information Technology / IT-ITES,Vocational,0,1,4,Baseline Indian school subject matrix; verify board-specific electives before production.
CBSE,GUJ,STD12,VOC,RETAIL,Retail,Vocational,0,1,5,Baseline Indian school subject matrix; verify board-specific electives before production.
CBSE,GUJ,STD12,VOC,HEALTHCARE,Healthcare,Vocational,0,1,6,Baseline Indian school subject matrix; verify board-specific electives before production.
CBSE,GUJ,STD12,VOC,TOURISM,Tourism and Hospitality,Vocational,0,1,7,Baseline Indian school subject matrix; verify board-specific electives before production.
CBSE,GUJ,STD12,VOC,AGRI,Agriculture,Vocational,0,1,8,Baseline Indian school subject matrix; verify board-specific electives before production.
CBSE,GUJ,STD12,VOC,BANKING,Banking and Insurance,Vocational,0,1,9,Baseline Indian school subject matrix; verify board-specific electives before production.
CBSE,GUJ,STD12,VOC,AUTO,Automotive,Vocational,0,1,10,Baseline Indian school subject matrix; verify board-specific electives before production.
CBSE,GUJ,STD12,VOC,ELECT,Electronics and Hardware,Vocational,0,1,11,Baseline Indian school subject matrix; verify board-specific electives before production.
CBSE,GUJ,STD12,VOC,BEAUTY,Beauty and Wellness,Vocational,0,1,12,Baseline Indian school subject matrix; verify board-specific electives before production.
CBSE,GUJ,STD12,VOC,HPE,Health and Physical Education,Co-curricular,0,1,13,Baseline Indian school subject matrix; verify board-specific electives before production.
NCERT,ENG,NUR,GEN,FLIT,Foundational Literacy,Foundation,0,1,1,Baseline Indian school subject matrix; verify board-specific electives before production.
NCERT,ENG,NUR,GEN,FNUM,Foundational Numeracy,Foundation,0,1,2,Baseline Indian school subject matrix; verify board-specific electives before production.
NCERT,ENG,NUR,GEN,RHYM,Rhymes and Stories,Foundation,0,1,3,Baseline Indian school subject matrix; verify board-specific electives before production.
NCERT,ENG,NUR,GEN,PLAY,Play and Activity,Foundation,0,1,4,Baseline Indian school subject matrix; verify board-specific electives before production.
NCERT,ENG,NUR,GEN,ARTC,Art and Craft,Co-curricular,0,1,5,Baseline Indian school subject matrix; verify board-specific electives before production.
NCERT,ENG,NUR,GEN,HEALTH,Health and Hygiene,Co-curricular,0,1,6,Baseline Indian school subject matrix; verify board-specific electives before production.
NCERT,ENG,LKG,GEN,FLIT,Foundational Literacy,Foundation,0,1,1,Baseline Indian school subject matrix; verify board-specific electives before production.
NCERT,ENG,LKG,GEN,FNUM,Foundational Numeracy,Foundation,0,1,2,Baseline Indian school subject matrix; verify board-specific electives before production.
NCERT,ENG,LKG,GEN,RHYM,Rhymes and Stories,Foundation,0,1,3,Baseline Indian school subject matrix; verify board-specific electives before production.
NCERT,ENG,LKG,GEN,PLAY,Play and Activity,Foundation,0,1,4,Baseline Indian school subject matrix; verify board-specific electives before production.
NCERT,ENG,LKG,GEN,ARTC,Art and Craft,Co-curricular,0,1,5,Baseline Indian school subject matrix; verify board-specific electives before production.
NCERT,ENG,LKG,GEN,HEALTH,Health and Hygiene,Co-curricular,0,1,6,Baseline Indian school subject matrix; verify board-specific electives before production.
NCERT,ENG,UKG,GEN,FLIT,Foundational Literacy,Foundation,0,1,1,Baseline Indian school subject matrix; verify board-specific electives before production.
NCERT,ENG,UKG,GEN,FNUM,Foundational Numeracy,Foundation,0,1,2,Baseline Indian school subject matrix; verify board-specific electives before production.
NCERT,ENG,UKG,GEN,RHYM,Rhymes and Stories,Foundation,0,1,3,Baseline Indian school subject matrix; verify board-specific electives before production.
NCERT,ENG,UKG,GEN,PLAY,Play and Activity,Foundation,0,1,4,Baseline Indian school subject matrix; verify board-specific electives before production.
NCERT,ENG,UKG,GEN,ARTC,Art and Craft,Co-curricular,0,1,5,Baseline Indian school subject matrix; verify board-specific electives before production.
NCERT,ENG,UKG,GEN,HEALTH,Health and Hygiene,Co-curricular,0,1,6,Baseline Indian school subject matrix; verify board-specific electives before production.
NCERT,ENG,BAL,GEN,FLIT,Foundational Literacy,Foundation,0,1,1,Baseline Indian school subject matrix; verify board-specific electives before production.
NCERT,ENG,BAL,GEN,FNUM,Foundational Numeracy,Foundation,0,1,2,Baseline Indian school subject matrix; verify board-specific electives before production.
NCERT,ENG,BAL,GEN,RHYM,Rhymes and Stories,Foundation,0,1,3,Baseline Indian school subject matrix; verify board-specific electives before production.
NCERT,ENG,BAL,GEN,PLAY,Play and Activity,Foundation,0,1,4,Baseline Indian school subject matrix; verify board-specific electives before production.
NCERT,ENG,BAL,GEN,ARTC,Art and Craft,Co-curricular,0,1,5,Baseline Indian school subject matrix; verify board-specific electives before production.
NCERT,ENG,BAL,GEN,HEALTH,Health and Hygiene,Co-curricular,0,1,6,Baseline Indian school subject matrix; verify board-specific electives before production.
NCERT,ENG,STD01,GEN,GUJ,Gujarati,Language,1,0,1,Baseline Indian school subject matrix; verify board-specific electives before production.
NCERT,ENG,STD01,GEN,ENG,English,Language,1,0,2,Baseline Indian school subject matrix; verify board-specific electives before production.
NCERT,ENG,STD01,GEN,HIN,Hindi,Language,1,0,3,Baseline Indian school subject matrix; verify board-specific electives before production.
NCERT,ENG,STD01,GEN,MATH,Mathematics,Core,1,0,4,Baseline Indian school subject matrix; verify board-specific electives before production.
NCERT,ENG,STD01,GEN,EVS,Environmental Studies,Core,1,0,5,Baseline Indian school subject matrix; verify board-specific electives before production.
NCERT,ENG,STD01,GEN,ARTC,Art and Craft,Co-curricular,0,1,6,Baseline Indian school subject matrix; verify board-specific electives before production.
NCERT,ENG,STD01,GEN,HPE,Health and Physical Education,Co-curricular,0,1,7,Baseline Indian school subject matrix; verify board-specific electives before production.
NCERT,ENG,STD01,GEN,VALUE,Value Education / Moral Science,Co-curricular,0,1,8,Baseline Indian school subject matrix; verify board-specific electives before production.
NCERT,ENG,STD02,GEN,GUJ,Gujarati,Language,1,0,1,Baseline Indian school subject matrix; verify board-specific electives before production.
NCERT,ENG,STD02,GEN,ENG,English,Language,1,0,2,Baseline Indian school subject matrix; verify board-specific electives before production.
NCERT,ENG,STD02,GEN,HIN,Hindi,Language,1,0,3,Baseline Indian school subject matrix; verify board-specific electives before production.
NCERT,ENG,STD02,GEN,MATH,Mathematics,Core,1,0,4,Baseline Indian school subject matrix; verify board-specific electives before production.
NCERT,ENG,STD02,GEN,EVS,Environmental Studies,Core,1,0,5,Baseline Indian school subject matrix; verify board-specific electives before production.
NCERT,ENG,STD02,GEN,ARTC,Art and Craft,Co-curricular,0,1,6,Baseline Indian school subject matrix; verify board-specific electives before production.
NCERT,ENG,STD02,GEN,HPE,Health and Physical Education,Co-curricular,0,1,7,Baseline Indian school subject matrix; verify board-specific electives before production.
NCERT,ENG,STD02,GEN,VALUE,Value Education / Moral Science,Co-curricular,0,1,8,Baseline Indian school subject matrix; verify board-specific electives before production.
NCERT,ENG,STD03,GEN,GUJ,Gujarati,Language,1,0,1,Baseline Indian school subject matrix; verify board-specific electives before production.
NCERT,ENG,STD03,GEN,ENG,English,Language,1,0,2,Baseline Indian school subject matrix; verify board-specific electives before production.
NCERT,ENG,STD03,GEN,HIN,Hindi,Language,1,0,3,Baseline Indian school subject matrix; verify board-specific electives before production.
NCERT,ENG,STD03,GEN,MATH,Mathematics,Core,1,0,4,Baseline Indian school subject matrix; verify board-specific electives before production.
NCERT,ENG,STD03,GEN,EVS,Environmental Studies,Core,1,0,5,Baseline Indian school subject matrix; verify board-specific electives before production.
NCERT,ENG,STD03,GEN,COMP,Computer Studies,Core/Elective,0,1,6,Baseline Indian school subject matrix; verify board-specific electives before production.
NCERT,ENG,STD03,GEN,ARTC,Art and Craft,Co-curricular,0,1,7,Baseline Indian school subject matrix; verify board-specific electives before production.
NCERT,ENG,STD03,GEN,HPE,Health and Physical Education,Co-curricular,0,1,8,Baseline Indian school subject matrix; verify board-specific electives before production.
NCERT,ENG,STD03,GEN,VALUE,Value Education / Moral Science,Co-curricular,0,1,9,Baseline Indian school subject matrix; verify board-specific electives before production.
NCERT,ENG,STD04,GEN,GUJ,Gujarati,Language,1,0,1,Baseline Indian school subject matrix; verify board-specific electives before production.
NCERT,ENG,STD04,GEN,ENG,English,Language,1,0,2,Baseline Indian school subject matrix; verify board-specific electives before production.
NCERT,ENG,STD04,GEN,HIN,Hindi,Language,1,0,3,Baseline Indian school subject matrix; verify board-specific electives before production.
NCERT,ENG,STD04,GEN,MATH,Mathematics,Core,1,0,4,Baseline Indian school subject matrix; verify board-specific electives before production.
NCERT,ENG,STD04,GEN,EVS,Environmental Studies,Core,1,0,5,Baseline Indian school subject matrix; verify board-specific electives before production.
NCERT,ENG,STD04,GEN,COMP,Computer Studies,Core/Elective,0,1,6,Baseline Indian school subject matrix; verify board-specific electives before production.
NCERT,ENG,STD04,GEN,ARTC,Art and Craft,Co-curricular,0,1,7,Baseline Indian school subject matrix; verify board-specific electives before production.
NCERT,ENG,STD04,GEN,HPE,Health and Physical Education,Co-curricular,0,1,8,Baseline Indian school subject matrix; verify board-specific electives before production.
NCERT,ENG,STD04,GEN,VALUE,Value Education / Moral Science,Co-curricular,0,1,9,Baseline Indian school subject matrix; verify board-specific electives before production.
NCERT,ENG,STD05,GEN,GUJ,Gujarati,Language,1,0,1,Baseline Indian school subject matrix; verify board-specific electives before production.
NCERT,ENG,STD05,GEN,ENG,English,Language,1,0,2,Baseline Indian school subject matrix; verify board-specific electives before production.
NCERT,ENG,STD05,GEN,HIN,Hindi,Language,1,0,3,Baseline Indian school subject matrix; verify board-specific electives before production.
NCERT,ENG,STD05,GEN,MATH,Mathematics,Core,1,0,4,Baseline Indian school subject matrix; verify board-specific electives before production.
NCERT,ENG,STD05,GEN,EVS,Environmental Studies,Core,1,0,5,Baseline Indian school subject matrix; verify board-specific electives before production.
NCERT,ENG,STD05,GEN,COMP,Computer Studies,Core/Elective,0,1,6,Baseline Indian school subject matrix; verify board-specific electives before production.
NCERT,ENG,STD05,GEN,ARTC,Art and Craft,Co-curricular,0,1,7,Baseline Indian school subject matrix; verify board-specific electives before production.
NCERT,ENG,STD05,GEN,HPE,Health and Physical Education,Co-curricular,0,1,8,Baseline Indian school subject matrix; verify board-specific electives before production.
NCERT,ENG,STD05,GEN,VALUE,Value Education / Moral Science,Co-curricular,0,1,9,Baseline Indian school subject matrix; verify board-specific electives before production.
NCERT,ENG,STD06,GEN,GUJ,Gujarati,Language,1,0,1,Baseline Indian school subject matrix; verify board-specific electives before production.
NCERT,ENG,STD06,GEN,ENG,English,Language,1,0,2,Baseline Indian school subject matrix; verify board-specific electives before production.
NCERT,ENG,STD06,GEN,HIN,Hindi,Language,1,0,3,Baseline Indian school subject matrix; verify board-specific electives before production.
NCERT,ENG,STD06,GEN,SAN,Sanskrit,Language,0,1,4,Baseline Indian school subject matrix; verify board-specific electives before production.
NCERT,ENG,STD06,GEN,MATH,Mathematics,Core,1,0,5,Baseline Indian school subject matrix; verify board-specific electives before production.
NCERT,ENG,STD06,GEN,SCI,Science,Core,1,0,6,Baseline Indian school subject matrix; verify board-specific electives before production.
NCERT,ENG,STD06,GEN,SS,Social Science,Core,1,0,7,Baseline Indian school subject matrix; verify board-specific electives before production.
NCERT,ENG,STD06,GEN,COMP,Computer Studies,Core/Elective,0,1,8,Baseline Indian school subject matrix; verify board-specific electives before production.
NCERT,ENG,STD06,GEN,ARTEDU,Art Education,Co-curricular,0,1,9,Baseline Indian school subject matrix; verify board-specific electives before production.
NCERT,ENG,STD06,GEN,HPE,Health and Physical Education,Co-curricular,0,1,10,Baseline Indian school subject matrix; verify board-specific electives before production.
NCERT,ENG,STD06,GEN,VALUE,Value Education / Moral Science,Co-curricular,0,1,11,Baseline Indian school subject matrix; verify board-specific electives before production.
NCERT,ENG,STD07,GEN,GUJ,Gujarati,Language,1,0,1,Baseline Indian school subject matrix; verify board-specific electives before production.
NCERT,ENG,STD07,GEN,ENG,English,Language,1,0,2,Baseline Indian school subject matrix; verify board-specific electives before production.
NCERT,ENG,STD07,GEN,HIN,Hindi,Language,1,0,3,Baseline Indian school subject matrix; verify board-specific electives before production.
NCERT,ENG,STD07,GEN,SAN,Sanskrit,Language,0,1,4,Baseline Indian school subject matrix; verify board-specific electives before production.
NCERT,ENG,STD07,GEN,MATH,Mathematics,Core,1,0,5,Baseline Indian school subject matrix; verify board-specific electives before production.
NCERT,ENG,STD07,GEN,SCI,Science,Core,1,0,6,Baseline Indian school subject matrix; verify board-specific electives before production.
NCERT,ENG,STD07,GEN,SS,Social Science,Core,1,0,7,Baseline Indian school subject matrix; verify board-specific electives before production.
NCERT,ENG,STD07,GEN,COMP,Computer Studies,Core/Elective,0,1,8,Baseline Indian school subject matrix; verify board-specific electives before production.
NCERT,ENG,STD07,GEN,ARTEDU,Art Education,Co-curricular,0,1,9,Baseline Indian school subject matrix; verify board-specific electives before production.
NCERT,ENG,STD07,GEN,HPE,Health and Physical Education,Co-curricular,0,1,10,Baseline Indian school subject matrix; verify board-specific electives before production.
NCERT,ENG,STD07,GEN,VALUE,Value Education / Moral Science,Co-curricular,0,1,11,Baseline Indian school subject matrix; verify board-specific electives before production.
NCERT,ENG,STD08,GEN,GUJ,Gujarati,Language,1,0,1,Baseline Indian school subject matrix; verify board-specific electives before production.
NCERT,ENG,STD08,GEN,ENG,English,Language,1,0,2,Baseline Indian school subject matrix; verify board-specific electives before production.
NCERT,ENG,STD08,GEN,HIN,Hindi,Language,1,0,3,Baseline Indian school subject matrix; verify board-specific electives before production.
NCERT,ENG,STD08,GEN,SAN,Sanskrit,Language,0,1,4,Baseline Indian school subject matrix; verify board-specific electives before production.
NCERT,ENG,STD08,GEN,MATH,Mathematics,Core,1,0,5,Baseline Indian school subject matrix; verify board-specific electives before production.
NCERT,ENG,STD08,GEN,SCI,Science,Core,1,0,6,Baseline Indian school subject matrix; verify board-specific electives before production.
NCERT,ENG,STD08,GEN,SS,Social Science,Core,1,0,7,Baseline Indian school subject matrix; verify board-specific electives before production.
NCERT,ENG,STD08,GEN,COMP,Computer Studies,Core/Elective,0,1,8,Baseline Indian school subject matrix; verify board-specific electives before production.
NCERT,ENG,STD08,GEN,ARTEDU,Art Education,Co-curricular,0,1,9,Baseline Indian school subject matrix; verify board-specific electives before production.
NCERT,ENG,STD08,GEN,HPE,Health and Physical Education,Co-curricular,0,1,10,Baseline Indian school subject matrix; verify board-specific electives before production.
NCERT,ENG,STD08,GEN,VALUE,Value Education / Moral Science,Co-curricular,0,1,11,Baseline Indian school subject matrix; verify board-specific electives before production.
NCERT,ENG,STD09,GEN,GUJ,Gujarati,Language,1,0,1,Baseline Indian school subject matrix; verify board-specific electives before production.
NCERT,ENG,STD09,GEN,ENG,English,Language,1,0,2,Baseline Indian school subject matrix; verify board-specific electives before production.
NCERT,ENG,STD09,GEN,HIN,Hindi,Language,1,0,3,Baseline Indian school subject matrix; verify board-specific electives before production.
NCERT,ENG,STD09,GEN,SAN,Sanskrit,Language,0,1,4,Baseline Indian school subject matrix; verify board-specific electives before production.
NCERT,ENG,STD09,GEN,MATH,Mathematics,Core,1,0,5,Baseline Indian school subject matrix; verify board-specific electives before production.
NCERT,ENG,STD09,GEN,SCI,Science,Core,1,0,6,Baseline Indian school subject matrix; verify board-specific electives before production.
NCERT,ENG,STD09,GEN,SS,Social Science,Core,1,0,7,Baseline Indian school subject matrix; verify board-specific electives before production.
NCERT,ENG,STD09,GEN,COMP,Computer Studies,Core/Elective,0,1,8,Baseline Indian school subject matrix; verify board-specific electives before production.
NCERT,ENG,STD09,GEN,AI,Artificial Intelligence,Skill/Elective,0,1,9,Baseline Indian school subject matrix; verify board-specific electives before production.
NCERT,ENG,STD09,GEN,HPE,Health and Physical Education,Co-curricular,0,1,10,Baseline Indian school subject matrix; verify board-specific electives before production.
NCERT,ENG,STD09,GEN,ARTEDU,Art Education,Co-curricular,0,1,11,Baseline Indian school subject matrix; verify board-specific electives before production.
NCERT,ENG,STD09,GEN,WORKEX,Work Experience,Co-curricular,0,1,12,Baseline Indian school subject matrix; verify board-specific electives before production.
NCERT,ENG,STD09,GEN,NCC,National Cadet Corps,Elective,0,1,13,Baseline Indian school subject matrix; verify board-specific electives before production.
NCERT,ENG,STD09,VOC,ENG,English,Language,1,0,1,Baseline Indian school subject matrix; verify board-specific electives before production.
NCERT,ENG,STD09,VOC,GUJ,Gujarati,Language,1,0,2,Baseline Indian school subject matrix; verify board-specific electives before production.
NCERT,ENG,STD09,VOC,HIN,Hindi,Language,1,0,3,Baseline Indian school subject matrix; verify board-specific electives before production.
NCERT,ENG,STD09,VOC,ITITES,Information Technology / IT-ITES,Vocational,0,1,4,Baseline Indian school subject matrix; verify board-specific electives before production.
NCERT,ENG,STD09,VOC,RETAIL,Retail,Vocational,0,1,5,Baseline Indian school subject matrix; verify board-specific electives before production.
NCERT,ENG,STD09,VOC,HEALTHCARE,Healthcare,Vocational,0,1,6,Baseline Indian school subject matrix; verify board-specific electives before production.
NCERT,ENG,STD09,VOC,TOURISM,Tourism and Hospitality,Vocational,0,1,7,Baseline Indian school subject matrix; verify board-specific electives before production.
NCERT,ENG,STD09,VOC,AGRI,Agriculture,Vocational,0,1,8,Baseline Indian school subject matrix; verify board-specific electives before production.
NCERT,ENG,STD09,VOC,BANKING,Banking and Insurance,Vocational,0,1,9,Baseline Indian school subject matrix; verify board-specific electives before production.
NCERT,ENG,STD09,VOC,AUTO,Automotive,Vocational,0,1,10,Baseline Indian school subject matrix; verify board-specific electives before production.
NCERT,ENG,STD09,VOC,ELECT,Electronics and Hardware,Vocational,0,1,11,Baseline Indian school subject matrix; verify board-specific electives before production.
NCERT,ENG,STD09,VOC,BEAUTY,Beauty and Wellness,Vocational,0,1,12,Baseline Indian school subject matrix; verify board-specific electives before production.
NCERT,ENG,STD09,VOC,HPE,Health and Physical Education,Co-curricular,0,1,13,Baseline Indian school subject matrix; verify board-specific electives before production.
NCERT,ENG,STD10,GEN,GUJ,Gujarati,Language,1,0,1,Baseline Indian school subject matrix; verify board-specific electives before production.
NCERT,ENG,STD10,GEN,ENG,English,Language,1,0,2,Baseline Indian school subject matrix; verify board-specific electives before production.
NCERT,ENG,STD10,GEN,HIN,Hindi,Language,1,0,3,Baseline Indian school subject matrix; verify board-specific electives before production.
NCERT,ENG,STD10,GEN,SAN,Sanskrit,Language,0,1,4,Baseline Indian school subject matrix; verify board-specific electives before production.
NCERT,ENG,STD10,GEN,MATH,Mathematics,Core,1,0,5,Baseline Indian school subject matrix; verify board-specific electives before production.
NCERT,ENG,STD10,GEN,SCI,Science,Core,1,0,6,Baseline Indian school subject matrix; verify board-specific electives before production.
NCERT,ENG,STD10,GEN,SS,Social Science,Core,1,0,7,Baseline Indian school subject matrix; verify board-specific electives before production.
NCERT,ENG,STD10,GEN,COMP,Computer Studies,Core/Elective,0,1,8,Baseline Indian school subject matrix; verify board-specific electives before production.
NCERT,ENG,STD10,GEN,AI,Artificial Intelligence,Skill/Elective,0,1,9,Baseline Indian school subject matrix; verify board-specific electives before production.
NCERT,ENG,STD10,GEN,HPE,Health and Physical Education,Co-curricular,0,1,10,Baseline Indian school subject matrix; verify board-specific electives before production.
NCERT,ENG,STD10,GEN,ARTEDU,Art Education,Co-curricular,0,1,11,Baseline Indian school subject matrix; verify board-specific electives before production.
NCERT,ENG,STD10,GEN,WORKEX,Work Experience,Co-curricular,0,1,12,Baseline Indian school subject matrix; verify board-specific electives before production.
NCERT,ENG,STD10,GEN,NCC,National Cadet Corps,Elective,0,1,13,Baseline Indian school subject matrix; verify board-specific electives before production.
NCERT,ENG,STD10,VOC,ENG,English,Language,1,0,1,Baseline Indian school subject matrix; verify board-specific electives before production.
NCERT,ENG,STD10,VOC,GUJ,Gujarati,Language,1,0,2,Baseline Indian school subject matrix; verify board-specific electives before production.
NCERT,ENG,STD10,VOC,HIN,Hindi,Language,1,0,3,Baseline Indian school subject matrix; verify board-specific electives before production.
NCERT,ENG,STD10,VOC,ITITES,Information Technology / IT-ITES,Vocational,0,1,4,Baseline Indian school subject matrix; verify board-specific electives before production.
NCERT,ENG,STD10,VOC,RETAIL,Retail,Vocational,0,1,5,Baseline Indian school subject matrix; verify board-specific electives before production.
NCERT,ENG,STD10,VOC,HEALTHCARE,Healthcare,Vocational,0,1,6,Baseline Indian school subject matrix; verify board-specific electives before production.
NCERT,ENG,STD10,VOC,TOURISM,Tourism and Hospitality,Vocational,0,1,7,Baseline Indian school subject matrix; verify board-specific electives before production.
NCERT,ENG,STD10,VOC,AGRI,Agriculture,Vocational,0,1,8,Baseline Indian school subject matrix; verify board-specific electives before production.
NCERT,ENG,STD10,VOC,BANKING,Banking and Insurance,Vocational,0,1,9,Baseline Indian school subject matrix; verify board-specific electives before production.
NCERT,ENG,STD10,VOC,AUTO,Automotive,Vocational,0,1,10,Baseline Indian school subject matrix; verify board-specific electives before production.
NCERT,ENG,STD10,VOC,ELECT,Electronics and Hardware,Vocational,0,1,11,Baseline Indian school subject matrix; verify board-specific electives before production.
NCERT,ENG,STD10,VOC,BEAUTY,Beauty and Wellness,Vocational,0,1,12,Baseline Indian school subject matrix; verify board-specific electives before production.
NCERT,ENG,STD10,VOC,HPE,Health and Physical Education,Co-curricular,0,1,13,Baseline Indian school subject matrix; verify board-specific electives before production.
NCERT,ENG,STD11,SCI,ENG,English,Language,1,0,1,Baseline Indian school subject matrix; verify board-specific electives before production.
NCERT,ENG,STD11,SCI,GUJ,Gujarati,Language,1,0,2,Baseline Indian school subject matrix; verify board-specific electives before production.
NCERT,ENG,STD11,SCI,HIN,Hindi,Language,1,0,3,Baseline Indian school subject matrix; verify board-specific electives before production.
NCERT,ENG,STD11,SCI,PHY,Physics,Science,1,0,4,Baseline Indian school subject matrix; verify board-specific electives before production.
NCERT,ENG,STD11,SCI,CHEM,Chemistry,Science,1,0,5,Baseline Indian school subject matrix; verify board-specific electives before production.
NCERT,ENG,STD11,SCI,BIO,Biology,Science,0,1,6,Baseline Indian school subject matrix; verify board-specific electives before production.
NCERT,ENG,STD11,SCI,MATH,Mathematics,Core,1,0,7,Baseline Indian school subject matrix; verify board-specific electives before production.
NCERT,ENG,STD11,SCI,AMATH,Applied Mathematics,Core/Elective,0,1,8,Baseline Indian school subject matrix; verify board-specific electives before production.
NCERT,ENG,STD11,SCI,CS,Computer Science,Science/Elective,0,1,9,Baseline Indian school subject matrix; verify board-specific electives before production.
NCERT,ENG,STD11,SCI,IP,Informatics Practices,Science/Commerce/Elective,0,1,10,Baseline Indian school subject matrix; verify board-specific electives before production.
NCERT,ENG,STD11,SCI,BIOTECH,Biotechnology,Science/Elective,0,1,11,Baseline Indian school subject matrix; verify board-specific electives before production.
NCERT,ENG,STD11,SCI,ENGGFX,Engineering Graphics,Science/Elective,0,1,12,Baseline Indian school subject matrix; verify board-specific electives before production.
NCERT,ENG,STD11,SCI,HPE,Health and Physical Education,Co-curricular,0,1,13,Baseline Indian school subject matrix; verify board-specific electives before production.
NCERT,ENG,STD11,COM,ENG,English,Language,1,0,1,Baseline Indian school subject matrix; verify board-specific electives before production.
NCERT,ENG,STD11,COM,GUJ,Gujarati,Language,1,0,2,Baseline Indian school subject matrix; verify board-specific electives before production.
NCERT,ENG,STD11,COM,HIN,Hindi,Language,1,0,3,Baseline Indian school subject matrix; verify board-specific electives before production.
NCERT,ENG,STD11,COM,ACC,Accountancy,Commerce,1,0,4,Baseline Indian school subject matrix; verify board-specific electives before production.
NCERT,ENG,STD11,COM,BST,Business Studies,Commerce,1,0,5,Baseline Indian school subject matrix; verify board-specific electives before production.
NCERT,ENG,STD11,COM,BADMIN,Business Administration / Management,Commerce,1,0,6,Baseline Indian school subject matrix; verify board-specific electives before production.
NCERT,ENG,STD11,COM,ECO,Economics,Commerce/Humanities,0,1,7,Baseline Indian school subject matrix; verify board-specific electives before production.
NCERT,ENG,STD11,COM,STAT,Statistics,Commerce/Elective,0,1,8,Baseline Indian school subject matrix; verify board-specific electives before production.
NCERT,ENG,STD11,COM,MATH,Mathematics,Core,1,0,9,Baseline Indian school subject matrix; verify board-specific electives before production.
NCERT,ENG,STD11,COM,AMATH,Applied Mathematics,Core/Elective,0,1,10,Baseline Indian school subject matrix; verify board-specific electives before production.
NCERT,ENG,STD11,COM,IP,Informatics Practices,Science/Commerce/Elective,0,1,11,Baseline Indian school subject matrix; verify board-specific electives before production.
NCERT,ENG,STD11,COM,ENT,Entrepreneurship,Commerce/Elective,0,1,12,Baseline Indian school subject matrix; verify board-specific electives before production.
NCERT,ENG,STD11,COM,HPE,Health and Physical Education,Co-curricular,0,1,13,Baseline Indian school subject matrix; verify board-specific electives before production.
NCERT,ENG,STD11,ARTS,ENG,English,Language,1,0,1,Baseline Indian school subject matrix; verify board-specific electives before production.
NCERT,ENG,STD11,ARTS,GUJ,Gujarati,Language,1,0,2,Baseline Indian school subject matrix; verify board-specific electives before production.
NCERT,ENG,STD11,ARTS,HIN,Hindi,Language,1,0,3,Baseline Indian school subject matrix; verify board-specific electives before production.
NCERT,ENG,STD11,ARTS,HIST,History,Humanities,0,1,4,Baseline Indian school subject matrix; verify board-specific electives before production.
NCERT,ENG,STD11,ARTS,GEO,Geography,Humanities,0,1,5,Baseline Indian school subject matrix; verify board-specific electives before production.
NCERT,ENG,STD11,ARTS,POLSCI,Political Science,Humanities,0,1,6,Baseline Indian school subject matrix; verify board-specific electives before production.
NCERT,ENG,STD11,ARTS,SOC,Sociology,Humanities,0,1,7,Baseline Indian school subject matrix; verify board-specific electives before production.
NCERT,ENG,STD11,ARTS,PSY,Psychology,Humanities,0,1,8,Baseline Indian school subject matrix; verify board-specific electives before production.
NCERT,ENG,STD11,ARTS,ECO,Economics,Commerce/Humanities,0,1,9,Baseline Indian school subject matrix; verify board-specific electives before production.
NCERT,ENG,STD11,ARTS,PHIL,Philosophy,Humanities,0,1,10,Baseline Indian school subject matrix; verify board-specific electives before production.
NCERT,ENG,STD11,ARTS,HOMESCI,Home Science,Humanities/Elective,0,1,11,Baseline Indian school subject matrix; verify board-specific electives before production.
NCERT,ENG,STD11,ARTS,LEGAL,Legal Studies,Humanities/Elective,0,1,12,Baseline Indian school subject matrix; verify board-specific electives before production.
NCERT,ENG,STD11,ARTS,FINEART,Fine Arts / Painting,Arts/Elective,0,1,13,Baseline Indian school subject matrix; verify board-specific electives before production.
NCERT,ENG,STD11,ARTS,MUSIC,Music,Arts/Elective,0,1,14,Baseline Indian school subject matrix; verify board-specific electives before production.
NCERT,ENG,STD11,ARTS,DANCE,Dance,Arts/Elective,0,1,15,Baseline Indian school subject matrix; verify board-specific electives before production.
NCERT,ENG,STD11,ARTS,HPE,Health and Physical Education,Co-curricular,0,1,16,Baseline Indian school subject matrix; verify board-specific electives before production.
NCERT,ENG,STD11,VOC,ENG,English,Language,1,0,1,Baseline Indian school subject matrix; verify board-specific electives before production.
NCERT,ENG,STD11,VOC,GUJ,Gujarati,Language,1,0,2,Baseline Indian school subject matrix; verify board-specific electives before production.
NCERT,ENG,STD11,VOC,HIN,Hindi,Language,1,0,3,Baseline Indian school subject matrix; verify board-specific electives before production.
NCERT,ENG,STD11,VOC,ITITES,Information Technology / IT-ITES,Vocational,0,1,4,Baseline Indian school subject matrix; verify board-specific electives before production.
NCERT,ENG,STD11,VOC,RETAIL,Retail,Vocational,0,1,5,Baseline Indian school subject matrix; verify board-specific electives before production.
NCERT,ENG,STD11,VOC,HEALTHCARE,Healthcare,Vocational,0,1,6,Baseline Indian school subject matrix; verify board-specific electives before production.
NCERT,ENG,STD11,VOC,TOURISM,Tourism and Hospitality,Vocational,0,1,7,Baseline Indian school subject matrix; verify board-specific electives before production.
NCERT,ENG,STD11,VOC,AGRI,Agriculture,Vocational,0,1,8,Baseline Indian school subject matrix; verify board-specific electives before production.
NCERT,ENG,STD11,VOC,BANKING,Banking and Insurance,Vocational,0,1,9,Baseline Indian school subject matrix; verify board-specific electives before production.
NCERT,ENG,STD11,VOC,AUTO,Automotive,Vocational,0,1,10,Baseline Indian school subject matrix; verify board-specific electives before production.
NCERT,ENG,STD11,VOC,ELECT,Electronics and Hardware,Vocational,0,1,11,Baseline Indian school subject matrix; verify board-specific electives before production.
NCERT,ENG,STD11,VOC,BEAUTY,Beauty and Wellness,Vocational,0,1,12,Baseline Indian school subject matrix; verify board-specific electives before production.
NCERT,ENG,STD11,VOC,HPE,Health and Physical Education,Co-curricular,0,1,13,Baseline Indian school subject matrix; verify board-specific electives before production.
NCERT,ENG,STD12,SCI,ENG,English,Language,1,0,1,Baseline Indian school subject matrix; verify board-specific electives before production.
NCERT,ENG,STD12,SCI,GUJ,Gujarati,Language,1,0,2,Baseline Indian school subject matrix; verify board-specific electives before production.
NCERT,ENG,STD12,SCI,HIN,Hindi,Language,1,0,3,Baseline Indian school subject matrix; verify board-specific electives before production.
NCERT,ENG,STD12,SCI,PHY,Physics,Science,1,0,4,Baseline Indian school subject matrix; verify board-specific electives before production.
NCERT,ENG,STD12,SCI,CHEM,Chemistry,Science,1,0,5,Baseline Indian school subject matrix; verify board-specific electives before production.
NCERT,ENG,STD12,SCI,BIO,Biology,Science,0,1,6,Baseline Indian school subject matrix; verify board-specific electives before production.
NCERT,ENG,STD12,SCI,MATH,Mathematics,Core,1,0,7,Baseline Indian school subject matrix; verify board-specific electives before production.
NCERT,ENG,STD12,SCI,AMATH,Applied Mathematics,Core/Elective,0,1,8,Baseline Indian school subject matrix; verify board-specific electives before production.
NCERT,ENG,STD12,SCI,CS,Computer Science,Science/Elective,0,1,9,Baseline Indian school subject matrix; verify board-specific electives before production.
NCERT,ENG,STD12,SCI,IP,Informatics Practices,Science/Commerce/Elective,0,1,10,Baseline Indian school subject matrix; verify board-specific electives before production.
NCERT,ENG,STD12,SCI,BIOTECH,Biotechnology,Science/Elective,0,1,11,Baseline Indian school subject matrix; verify board-specific electives before production.
NCERT,ENG,STD12,SCI,ENGGFX,Engineering Graphics,Science/Elective,0,1,12,Baseline Indian school subject matrix; verify board-specific electives before production.
NCERT,ENG,STD12,SCI,HPE,Health and Physical Education,Co-curricular,0,1,13,Baseline Indian school subject matrix; verify board-specific electives before production.
NCERT,ENG,STD12,COM,ENG,English,Language,1,0,1,Baseline Indian school subject matrix; verify board-specific electives before production.
NCERT,ENG,STD12,COM,GUJ,Gujarati,Language,1,0,2,Baseline Indian school subject matrix; verify board-specific electives before production.
NCERT,ENG,STD12,COM,HIN,Hindi,Language,1,0,3,Baseline Indian school subject matrix; verify board-specific electives before production.
NCERT,ENG,STD12,COM,ACC,Accountancy,Commerce,1,0,4,Baseline Indian school subject matrix; verify board-specific electives before production.
NCERT,ENG,STD12,COM,BST,Business Studies,Commerce,1,0,5,Baseline Indian school subject matrix; verify board-specific electives before production.
NCERT,ENG,STD12,COM,BADMIN,Business Administration / Management,Commerce,1,0,6,Baseline Indian school subject matrix; verify board-specific electives before production.
NCERT,ENG,STD12,COM,ECO,Economics,Commerce/Humanities,0,1,7,Baseline Indian school subject matrix; verify board-specific electives before production.
NCERT,ENG,STD12,COM,STAT,Statistics,Commerce/Elective,0,1,8,Baseline Indian school subject matrix; verify board-specific electives before production.
NCERT,ENG,STD12,COM,MATH,Mathematics,Core,1,0,9,Baseline Indian school subject matrix; verify board-specific electives before production.
NCERT,ENG,STD12,COM,AMATH,Applied Mathematics,Core/Elective,0,1,10,Baseline Indian school subject matrix; verify board-specific electives before production.
NCERT,ENG,STD12,COM,IP,Informatics Practices,Science/Commerce/Elective,0,1,11,Baseline Indian school subject matrix; verify board-specific electives before production.
NCERT,ENG,STD12,COM,ENT,Entrepreneurship,Commerce/Elective,0,1,12,Baseline Indian school subject matrix; verify board-specific electives before production.
NCERT,ENG,STD12,COM,HPE,Health and Physical Education,Co-curricular,0,1,13,Baseline Indian school subject matrix; verify board-specific electives before production.
NCERT,ENG,STD12,ARTS,ENG,English,Language,1,0,1,Baseline Indian school subject matrix; verify board-specific electives before production.
NCERT,ENG,STD12,ARTS,GUJ,Gujarati,Language,1,0,2,Baseline Indian school subject matrix; verify board-specific electives before production.
NCERT,ENG,STD12,ARTS,HIN,Hindi,Language,1,0,3,Baseline Indian school subject matrix; verify board-specific electives before production.
NCERT,ENG,STD12,ARTS,HIST,History,Humanities,0,1,4,Baseline Indian school subject matrix; verify board-specific electives before production.
NCERT,ENG,STD12,ARTS,GEO,Geography,Humanities,0,1,5,Baseline Indian school subject matrix; verify board-specific electives before production.
NCERT,ENG,STD12,ARTS,POLSCI,Political Science,Humanities,0,1,6,Baseline Indian school subject matrix; verify board-specific electives before production.
NCERT,ENG,STD12,ARTS,SOC,Sociology,Humanities,0,1,7,Baseline Indian school subject matrix; verify board-specific electives before production.
NCERT,ENG,STD12,ARTS,PSY,Psychology,Humanities,0,1,8,Baseline Indian school subject matrix; verify board-specific electives before production.
NCERT,ENG,STD12,ARTS,ECO,Economics,Commerce/Humanities,0,1,9,Baseline Indian school subject matrix; verify board-specific electives before production.
NCERT,ENG,STD12,ARTS,PHIL,Philosophy,Humanities,0,1,10,Baseline Indian school subject matrix; verify board-specific electives before production.
NCERT,ENG,STD12,ARTS,HOMESCI,Home Science,Humanities/Elective,0,1,11,Baseline Indian school subject matrix; verify board-specific electives before production.
NCERT,ENG,STD12,ARTS,LEGAL,Legal Studies,Humanities/Elective,0,1,12,Baseline Indian school subject matrix; verify board-specific electives before production.
NCERT,ENG,STD12,ARTS,FINEART,Fine Arts / Painting,Arts/Elective,0,1,13,Baseline Indian school subject matrix; verify board-specific electives before production.
NCERT,ENG,STD12,ARTS,MUSIC,Music,Arts/Elective,0,1,14,Baseline Indian school subject matrix; verify board-specific electives before production.
NCERT,ENG,STD12,ARTS,DANCE,Dance,Arts/Elective,0,1,15,Baseline Indian school subject matrix; verify board-specific electives before production.
NCERT,ENG,STD12,ARTS,HPE,Health and Physical Education,Co-curricular,0,1,16,Baseline Indian school subject matrix; verify board-specific electives before production.
NCERT,ENG,STD12,VOC,ENG,English,Language,1,0,1,Baseline Indian school subject matrix; verify board-specific electives before production.
NCERT,ENG,STD12,VOC,GUJ,Gujarati,Language,1,0,2,Baseline Indian school subject matrix; verify board-specific electives before production.
NCERT,ENG,STD12,VOC,HIN,Hindi,Language,1,0,3,Baseline Indian school subject matrix; verify board-specific electives before production.
NCERT,ENG,STD12,VOC,ITITES,Information Technology / IT-ITES,Vocational,0,1,4,Baseline Indian school subject matrix; verify board-specific electives before production.
NCERT,ENG,STD12,VOC,RETAIL,Retail,Vocational,0,1,5,Baseline Indian school subject matrix; verify board-specific electives before production.
NCERT,ENG,STD12,VOC,HEALTHCARE,Healthcare,Vocational,0,1,6,Baseline Indian school subject matrix; verify board-specific electives before production.
NCERT,ENG,STD12,VOC,TOURISM,Tourism and Hospitality,Vocational,0,1,7,Baseline Indian school subject matrix; verify board-specific electives before production.
NCERT,ENG,STD12,VOC,AGRI,Agriculture,Vocational,0,1,8,Baseline Indian school subject matrix; verify board-specific electives before production.
NCERT,ENG,STD12,VOC,BANKING,Banking and Insurance,Vocational,0,1,9,Baseline Indian school subject matrix; verify board-specific electives before production.
NCERT,ENG,STD12,VOC,AUTO,Automotive,Vocational,0,1,10,Baseline Indian school subject matrix; verify board-specific electives before production.
NCERT,ENG,STD12,VOC,ELECT,Electronics and Hardware,Vocational,0,1,11,Baseline Indian school subject matrix; verify board-specific electives before production.
NCERT,ENG,STD12,VOC,BEAUTY,Beauty and Wellness,Vocational,0,1,12,Baseline Indian school subject matrix; verify board-specific electives before production.
NCERT,ENG,STD12,VOC,HPE,Health and Physical Education,Co-curricular,0,1,13,Baseline Indian school subject matrix; verify board-specific electives before production.
NCERT,HIN,NUR,GEN,FLIT,Foundational Literacy,Foundation,0,1,1,Baseline Indian school subject matrix; verify board-specific electives before production.
NCERT,HIN,NUR,GEN,FNUM,Foundational Numeracy,Foundation,0,1,2,Baseline Indian school subject matrix; verify board-specific electives before production.
NCERT,HIN,NUR,GEN,RHYM,Rhymes and Stories,Foundation,0,1,3,Baseline Indian school subject matrix; verify board-specific electives before production.
NCERT,HIN,NUR,GEN,PLAY,Play and Activity,Foundation,0,1,4,Baseline Indian school subject matrix; verify board-specific electives before production.
NCERT,HIN,NUR,GEN,ARTC,Art and Craft,Co-curricular,0,1,5,Baseline Indian school subject matrix; verify board-specific electives before production.
NCERT,HIN,NUR,GEN,HEALTH,Health and Hygiene,Co-curricular,0,1,6,Baseline Indian school subject matrix; verify board-specific electives before production.
NCERT,HIN,LKG,GEN,FLIT,Foundational Literacy,Foundation,0,1,1,Baseline Indian school subject matrix; verify board-specific electives before production.
NCERT,HIN,LKG,GEN,FNUM,Foundational Numeracy,Foundation,0,1,2,Baseline Indian school subject matrix; verify board-specific electives before production.
NCERT,HIN,LKG,GEN,RHYM,Rhymes and Stories,Foundation,0,1,3,Baseline Indian school subject matrix; verify board-specific electives before production.
NCERT,HIN,LKG,GEN,PLAY,Play and Activity,Foundation,0,1,4,Baseline Indian school subject matrix; verify board-specific electives before production.
NCERT,HIN,LKG,GEN,ARTC,Art and Craft,Co-curricular,0,1,5,Baseline Indian school subject matrix; verify board-specific electives before production.
NCERT,HIN,LKG,GEN,HEALTH,Health and Hygiene,Co-curricular,0,1,6,Baseline Indian school subject matrix; verify board-specific electives before production.
NCERT,HIN,UKG,GEN,FLIT,Foundational Literacy,Foundation,0,1,1,Baseline Indian school subject matrix; verify board-specific electives before production.
NCERT,HIN,UKG,GEN,FNUM,Foundational Numeracy,Foundation,0,1,2,Baseline Indian school subject matrix; verify board-specific electives before production.
NCERT,HIN,UKG,GEN,RHYM,Rhymes and Stories,Foundation,0,1,3,Baseline Indian school subject matrix; verify board-specific electives before production.
NCERT,HIN,UKG,GEN,PLAY,Play and Activity,Foundation,0,1,4,Baseline Indian school subject matrix; verify board-specific electives before production.
NCERT,HIN,UKG,GEN,ARTC,Art and Craft,Co-curricular,0,1,5,Baseline Indian school subject matrix; verify board-specific electives before production.
NCERT,HIN,UKG,GEN,HEALTH,Health and Hygiene,Co-curricular,0,1,6,Baseline Indian school subject matrix; verify board-specific electives before production.
NCERT,HIN,BAL,GEN,FLIT,Foundational Literacy,Foundation,0,1,1,Baseline Indian school subject matrix; verify board-specific electives before production.
NCERT,HIN,BAL,GEN,FNUM,Foundational Numeracy,Foundation,0,1,2,Baseline Indian school subject matrix; verify board-specific electives before production.
NCERT,HIN,BAL,GEN,RHYM,Rhymes and Stories,Foundation,0,1,3,Baseline Indian school subject matrix; verify board-specific electives before production.
NCERT,HIN,BAL,GEN,PLAY,Play and Activity,Foundation,0,1,4,Baseline Indian school subject matrix; verify board-specific electives before production.
NCERT,HIN,BAL,GEN,ARTC,Art and Craft,Co-curricular,0,1,5,Baseline Indian school subject matrix; verify board-specific electives before production.
NCERT,HIN,BAL,GEN,HEALTH,Health and Hygiene,Co-curricular,0,1,6,Baseline Indian school subject matrix; verify board-specific electives before production.
NCERT,HIN,STD01,GEN,GUJ,Gujarati,Language,1,0,1,Baseline Indian school subject matrix; verify board-specific electives before production.
NCERT,HIN,STD01,GEN,ENG,English,Language,1,0,2,Baseline Indian school subject matrix; verify board-specific electives before production.
NCERT,HIN,STD01,GEN,HIN,Hindi,Language,1,0,3,Baseline Indian school subject matrix; verify board-specific electives before production.
NCERT,HIN,STD01,GEN,MATH,Mathematics,Core,1,0,4,Baseline Indian school subject matrix; verify board-specific electives before production.
NCERT,HIN,STD01,GEN,EVS,Environmental Studies,Core,1,0,5,Baseline Indian school subject matrix; verify board-specific electives before production.
NCERT,HIN,STD01,GEN,ARTC,Art and Craft,Co-curricular,0,1,6,Baseline Indian school subject matrix; verify board-specific electives before production.
NCERT,HIN,STD01,GEN,HPE,Health and Physical Education,Co-curricular,0,1,7,Baseline Indian school subject matrix; verify board-specific electives before production.
NCERT,HIN,STD01,GEN,VALUE,Value Education / Moral Science,Co-curricular,0,1,8,Baseline Indian school subject matrix; verify board-specific electives before production.
NCERT,HIN,STD02,GEN,GUJ,Gujarati,Language,1,0,1,Baseline Indian school subject matrix; verify board-specific electives before production.
NCERT,HIN,STD02,GEN,ENG,English,Language,1,0,2,Baseline Indian school subject matrix; verify board-specific electives before production.
NCERT,HIN,STD02,GEN,HIN,Hindi,Language,1,0,3,Baseline Indian school subject matrix; verify board-specific electives before production.
NCERT,HIN,STD02,GEN,MATH,Mathematics,Core,1,0,4,Baseline Indian school subject matrix; verify board-specific electives before production.
NCERT,HIN,STD02,GEN,EVS,Environmental Studies,Core,1,0,5,Baseline Indian school subject matrix; verify board-specific electives before production.
NCERT,HIN,STD02,GEN,ARTC,Art and Craft,Co-curricular,0,1,6,Baseline Indian school subject matrix; verify board-specific electives before production.
NCERT,HIN,STD02,GEN,HPE,Health and Physical Education,Co-curricular,0,1,7,Baseline Indian school subject matrix; verify board-specific electives before production.
NCERT,HIN,STD02,GEN,VALUE,Value Education / Moral Science,Co-curricular,0,1,8,Baseline Indian school subject matrix; verify board-specific electives before production.
NCERT,HIN,STD03,GEN,GUJ,Gujarati,Language,1,0,1,Baseline Indian school subject matrix; verify board-specific electives before production.
NCERT,HIN,STD03,GEN,ENG,English,Language,1,0,2,Baseline Indian school subject matrix; verify board-specific electives before production.
NCERT,HIN,STD03,GEN,HIN,Hindi,Language,1,0,3,Baseline Indian school subject matrix; verify board-specific electives before production.
NCERT,HIN,STD03,GEN,MATH,Mathematics,Core,1,0,4,Baseline Indian school subject matrix; verify board-specific electives before production.
NCERT,HIN,STD03,GEN,EVS,Environmental Studies,Core,1,0,5,Baseline Indian school subject matrix; verify board-specific electives before production.
NCERT,HIN,STD03,GEN,COMP,Computer Studies,Core/Elective,0,1,6,Baseline Indian school subject matrix; verify board-specific electives before production.
NCERT,HIN,STD03,GEN,ARTC,Art and Craft,Co-curricular,0,1,7,Baseline Indian school subject matrix; verify board-specific electives before production.
NCERT,HIN,STD03,GEN,HPE,Health and Physical Education,Co-curricular,0,1,8,Baseline Indian school subject matrix; verify board-specific electives before production.
NCERT,HIN,STD03,GEN,VALUE,Value Education / Moral Science,Co-curricular,0,1,9,Baseline Indian school subject matrix; verify board-specific electives before production.
NCERT,HIN,STD04,GEN,GUJ,Gujarati,Language,1,0,1,Baseline Indian school subject matrix; verify board-specific electives before production.
NCERT,HIN,STD04,GEN,ENG,English,Language,1,0,2,Baseline Indian school subject matrix; verify board-specific electives before production.
NCERT,HIN,STD04,GEN,HIN,Hindi,Language,1,0,3,Baseline Indian school subject matrix; verify board-specific electives before production.
NCERT,HIN,STD04,GEN,MATH,Mathematics,Core,1,0,4,Baseline Indian school subject matrix; verify board-specific electives before production.
NCERT,HIN,STD04,GEN,EVS,Environmental Studies,Core,1,0,5,Baseline Indian school subject matrix; verify board-specific electives before production.
NCERT,HIN,STD04,GEN,COMP,Computer Studies,Core/Elective,0,1,6,Baseline Indian school subject matrix; verify board-specific electives before production.
NCERT,HIN,STD04,GEN,ARTC,Art and Craft,Co-curricular,0,1,7,Baseline Indian school subject matrix; verify board-specific electives before production.
NCERT,HIN,STD04,GEN,HPE,Health and Physical Education,Co-curricular,0,1,8,Baseline Indian school subject matrix; verify board-specific electives before production.
NCERT,HIN,STD04,GEN,VALUE,Value Education / Moral Science,Co-curricular,0,1,9,Baseline Indian school subject matrix; verify board-specific electives before production.
NCERT,HIN,STD05,GEN,GUJ,Gujarati,Language,1,0,1,Baseline Indian school subject matrix; verify board-specific electives before production.
NCERT,HIN,STD05,GEN,ENG,English,Language,1,0,2,Baseline Indian school subject matrix; verify board-specific electives before production.
NCERT,HIN,STD05,GEN,HIN,Hindi,Language,1,0,3,Baseline Indian school subject matrix; verify board-specific electives before production.
NCERT,HIN,STD05,GEN,MATH,Mathematics,Core,1,0,4,Baseline Indian school subject matrix; verify board-specific electives before production.
NCERT,HIN,STD05,GEN,EVS,Environmental Studies,Core,1,0,5,Baseline Indian school subject matrix; verify board-specific electives before production.
NCERT,HIN,STD05,GEN,COMP,Computer Studies,Core/Elective,0,1,6,Baseline Indian school subject matrix; verify board-specific electives before production.
NCERT,HIN,STD05,GEN,ARTC,Art and Craft,Co-curricular,0,1,7,Baseline Indian school subject matrix; verify board-specific electives before production.
NCERT,HIN,STD05,GEN,HPE,Health and Physical Education,Co-curricular,0,1,8,Baseline Indian school subject matrix; verify board-specific electives before production.
NCERT,HIN,STD05,GEN,VALUE,Value Education / Moral Science,Co-curricular,0,1,9,Baseline Indian school subject matrix; verify board-specific electives before production.
NCERT,HIN,STD06,GEN,GUJ,Gujarati,Language,1,0,1,Baseline Indian school subject matrix; verify board-specific electives before production.
NCERT,HIN,STD06,GEN,ENG,English,Language,1,0,2,Baseline Indian school subject matrix; verify board-specific electives before production.
NCERT,HIN,STD06,GEN,HIN,Hindi,Language,1,0,3,Baseline Indian school subject matrix; verify board-specific electives before production.
NCERT,HIN,STD06,GEN,SAN,Sanskrit,Language,0,1,4,Baseline Indian school subject matrix; verify board-specific electives before production.
NCERT,HIN,STD06,GEN,MATH,Mathematics,Core,1,0,5,Baseline Indian school subject matrix; verify board-specific electives before production.
NCERT,HIN,STD06,GEN,SCI,Science,Core,1,0,6,Baseline Indian school subject matrix; verify board-specific electives before production.
NCERT,HIN,STD06,GEN,SS,Social Science,Core,1,0,7,Baseline Indian school subject matrix; verify board-specific electives before production.
NCERT,HIN,STD06,GEN,COMP,Computer Studies,Core/Elective,0,1,8,Baseline Indian school subject matrix; verify board-specific electives before production.
NCERT,HIN,STD06,GEN,ARTEDU,Art Education,Co-curricular,0,1,9,Baseline Indian school subject matrix; verify board-specific electives before production.
NCERT,HIN,STD06,GEN,HPE,Health and Physical Education,Co-curricular,0,1,10,Baseline Indian school subject matrix; verify board-specific electives before production.
NCERT,HIN,STD06,GEN,VALUE,Value Education / Moral Science,Co-curricular,0,1,11,Baseline Indian school subject matrix; verify board-specific electives before production.
NCERT,HIN,STD07,GEN,GUJ,Gujarati,Language,1,0,1,Baseline Indian school subject matrix; verify board-specific electives before production.
NCERT,HIN,STD07,GEN,ENG,English,Language,1,0,2,Baseline Indian school subject matrix; verify board-specific electives before production.
NCERT,HIN,STD07,GEN,HIN,Hindi,Language,1,0,3,Baseline Indian school subject matrix; verify board-specific electives before production.
NCERT,HIN,STD07,GEN,SAN,Sanskrit,Language,0,1,4,Baseline Indian school subject matrix; verify board-specific electives before production.
NCERT,HIN,STD07,GEN,MATH,Mathematics,Core,1,0,5,Baseline Indian school subject matrix; verify board-specific electives before production.
NCERT,HIN,STD07,GEN,SCI,Science,Core,1,0,6,Baseline Indian school subject matrix; verify board-specific electives before production.
NCERT,HIN,STD07,GEN,SS,Social Science,Core,1,0,7,Baseline Indian school subject matrix; verify board-specific electives before production.
NCERT,HIN,STD07,GEN,COMP,Computer Studies,Core/Elective,0,1,8,Baseline Indian school subject matrix; verify board-specific electives before production.
NCERT,HIN,STD07,GEN,ARTEDU,Art Education,Co-curricular,0,1,9,Baseline Indian school subject matrix; verify board-specific electives before production.
NCERT,HIN,STD07,GEN,HPE,Health and Physical Education,Co-curricular,0,1,10,Baseline Indian school subject matrix; verify board-specific electives before production.
NCERT,HIN,STD07,GEN,VALUE,Value Education / Moral Science,Co-curricular,0,1,11,Baseline Indian school subject matrix; verify board-specific electives before production.
NCERT,HIN,STD08,GEN,GUJ,Gujarati,Language,1,0,1,Baseline Indian school subject matrix; verify board-specific electives before production.
NCERT,HIN,STD08,GEN,ENG,English,Language,1,0,2,Baseline Indian school subject matrix; verify board-specific electives before production.
NCERT,HIN,STD08,GEN,HIN,Hindi,Language,1,0,3,Baseline Indian school subject matrix; verify board-specific electives before production.
NCERT,HIN,STD08,GEN,SAN,Sanskrit,Language,0,1,4,Baseline Indian school subject matrix; verify board-specific electives before production.
NCERT,HIN,STD08,GEN,MATH,Mathematics,Core,1,0,5,Baseline Indian school subject matrix; verify board-specific electives before production.
NCERT,HIN,STD08,GEN,SCI,Science,Core,1,0,6,Baseline Indian school subject matrix; verify board-specific electives before production.
NCERT,HIN,STD08,GEN,SS,Social Science,Core,1,0,7,Baseline Indian school subject matrix; verify board-specific electives before production.
NCERT,HIN,STD08,GEN,COMP,Computer Studies,Core/Elective,0,1,8,Baseline Indian school subject matrix; verify board-specific electives before production.
NCERT,HIN,STD08,GEN,ARTEDU,Art Education,Co-curricular,0,1,9,Baseline Indian school subject matrix; verify board-specific electives before production.
NCERT,HIN,STD08,GEN,HPE,Health and Physical Education,Co-curricular,0,1,10,Baseline Indian school subject matrix; verify board-specific electives before production.
NCERT,HIN,STD08,GEN,VALUE,Value Education / Moral Science,Co-curricular,0,1,11,Baseline Indian school subject matrix; verify board-specific electives before production.
NCERT,HIN,STD09,GEN,GUJ,Gujarati,Language,1,0,1,Baseline Indian school subject matrix; verify board-specific electives before production.
NCERT,HIN,STD09,GEN,ENG,English,Language,1,0,2,Baseline Indian school subject matrix; verify board-specific electives before production.
NCERT,HIN,STD09,GEN,HIN,Hindi,Language,1,0,3,Baseline Indian school subject matrix; verify board-specific electives before production.
NCERT,HIN,STD09,GEN,SAN,Sanskrit,Language,0,1,4,Baseline Indian school subject matrix; verify board-specific electives before production.
NCERT,HIN,STD09,GEN,MATH,Mathematics,Core,1,0,5,Baseline Indian school subject matrix; verify board-specific electives before production.
NCERT,HIN,STD09,GEN,SCI,Science,Core,1,0,6,Baseline Indian school subject matrix; verify board-specific electives before production.
NCERT,HIN,STD09,GEN,SS,Social Science,Core,1,0,7,Baseline Indian school subject matrix; verify board-specific electives before production.
NCERT,HIN,STD09,GEN,COMP,Computer Studies,Core/Elective,0,1,8,Baseline Indian school subject matrix; verify board-specific electives before production.
NCERT,HIN,STD09,GEN,AI,Artificial Intelligence,Skill/Elective,0,1,9,Baseline Indian school subject matrix; verify board-specific electives before production.
NCERT,HIN,STD09,GEN,HPE,Health and Physical Education,Co-curricular,0,1,10,Baseline Indian school subject matrix; verify board-specific electives before production.
NCERT,HIN,STD09,GEN,ARTEDU,Art Education,Co-curricular,0,1,11,Baseline Indian school subject matrix; verify board-specific electives before production.
NCERT,HIN,STD09,GEN,WORKEX,Work Experience,Co-curricular,0,1,12,Baseline Indian school subject matrix; verify board-specific electives before production.
NCERT,HIN,STD09,GEN,NCC,National Cadet Corps,Elective,0,1,13,Baseline Indian school subject matrix; verify board-specific electives before production.
NCERT,HIN,STD09,VOC,ENG,English,Language,1,0,1,Baseline Indian school subject matrix; verify board-specific electives before production.
NCERT,HIN,STD09,VOC,GUJ,Gujarati,Language,1,0,2,Baseline Indian school subject matrix; verify board-specific electives before production.
NCERT,HIN,STD09,VOC,HIN,Hindi,Language,1,0,3,Baseline Indian school subject matrix; verify board-specific electives before production.
NCERT,HIN,STD09,VOC,ITITES,Information Technology / IT-ITES,Vocational,0,1,4,Baseline Indian school subject matrix; verify board-specific electives before production.
NCERT,HIN,STD09,VOC,RETAIL,Retail,Vocational,0,1,5,Baseline Indian school subject matrix; verify board-specific electives before production.
NCERT,HIN,STD09,VOC,HEALTHCARE,Healthcare,Vocational,0,1,6,Baseline Indian school subject matrix; verify board-specific electives before production.
NCERT,HIN,STD09,VOC,TOURISM,Tourism and Hospitality,Vocational,0,1,7,Baseline Indian school subject matrix; verify board-specific electives before production.
NCERT,HIN,STD09,VOC,AGRI,Agriculture,Vocational,0,1,8,Baseline Indian school subject matrix; verify board-specific electives before production.
NCERT,HIN,STD09,VOC,BANKING,Banking and Insurance,Vocational,0,1,9,Baseline Indian school subject matrix; verify board-specific electives before production.
NCERT,HIN,STD09,VOC,AUTO,Automotive,Vocational,0,1,10,Baseline Indian school subject matrix; verify board-specific electives before production.
NCERT,HIN,STD09,VOC,ELECT,Electronics and Hardware,Vocational,0,1,11,Baseline Indian school subject matrix; verify board-specific electives before production.
NCERT,HIN,STD09,VOC,BEAUTY,Beauty and Wellness,Vocational,0,1,12,Baseline Indian school subject matrix; verify board-specific electives before production.
NCERT,HIN,STD09,VOC,HPE,Health and Physical Education,Co-curricular,0,1,13,Baseline Indian school subject matrix; verify board-specific electives before production.
NCERT,HIN,STD10,GEN,GUJ,Gujarati,Language,1,0,1,Baseline Indian school subject matrix; verify board-specific electives before production.
NCERT,HIN,STD10,GEN,ENG,English,Language,1,0,2,Baseline Indian school subject matrix; verify board-specific electives before production.
NCERT,HIN,STD10,GEN,HIN,Hindi,Language,1,0,3,Baseline Indian school subject matrix; verify board-specific electives before production.
NCERT,HIN,STD10,GEN,SAN,Sanskrit,Language,0,1,4,Baseline Indian school subject matrix; verify board-specific electives before production.
NCERT,HIN,STD10,GEN,MATH,Mathematics,Core,1,0,5,Baseline Indian school subject matrix; verify board-specific electives before production.
NCERT,HIN,STD10,GEN,SCI,Science,Core,1,0,6,Baseline Indian school subject matrix; verify board-specific electives before production.
NCERT,HIN,STD10,GEN,SS,Social Science,Core,1,0,7,Baseline Indian school subject matrix; verify board-specific electives before production.
NCERT,HIN,STD10,GEN,COMP,Computer Studies,Core/Elective,0,1,8,Baseline Indian school subject matrix; verify board-specific electives before production.
NCERT,HIN,STD10,GEN,AI,Artificial Intelligence,Skill/Elective,0,1,9,Baseline Indian school subject matrix; verify board-specific electives before production.
NCERT,HIN,STD10,GEN,HPE,Health and Physical Education,Co-curricular,0,1,10,Baseline Indian school subject matrix; verify board-specific electives before production.
NCERT,HIN,STD10,GEN,ARTEDU,Art Education,Co-curricular,0,1,11,Baseline Indian school subject matrix; verify board-specific electives before production.
NCERT,HIN,STD10,GEN,WORKEX,Work Experience,Co-curricular,0,1,12,Baseline Indian school subject matrix; verify board-specific electives before production.
NCERT,HIN,STD10,GEN,NCC,National Cadet Corps,Elective,0,1,13,Baseline Indian school subject matrix; verify board-specific electives before production.
NCERT,HIN,STD10,VOC,ENG,English,Language,1,0,1,Baseline Indian school subject matrix; verify board-specific electives before production.
NCERT,HIN,STD10,VOC,GUJ,Gujarati,Language,1,0,2,Baseline Indian school subject matrix; verify board-specific electives before production.
NCERT,HIN,STD10,VOC,HIN,Hindi,Language,1,0,3,Baseline Indian school subject matrix; verify board-specific electives before production.
NCERT,HIN,STD10,VOC,ITITES,Information Technology / IT-ITES,Vocational,0,1,4,Baseline Indian school subject matrix; verify board-specific electives before production.
NCERT,HIN,STD10,VOC,RETAIL,Retail,Vocational,0,1,5,Baseline Indian school subject matrix; verify board-specific electives before production.
NCERT,HIN,STD10,VOC,HEALTHCARE,Healthcare,Vocational,0,1,6,Baseline Indian school subject matrix; verify board-specific electives before production.
NCERT,HIN,STD10,VOC,TOURISM,Tourism and Hospitality,Vocational,0,1,7,Baseline Indian school subject matrix; verify board-specific electives before production.
NCERT,HIN,STD10,VOC,AGRI,Agriculture,Vocational,0,1,8,Baseline Indian school subject matrix; verify board-specific electives before production.
NCERT,HIN,STD10,VOC,BANKING,Banking and Insurance,Vocational,0,1,9,Baseline Indian school subject matrix; verify board-specific electives before production.
NCERT,HIN,STD10,VOC,AUTO,Automotive,Vocational,0,1,10,Baseline Indian school subject matrix; verify board-specific electives before production.
NCERT,HIN,STD10,VOC,ELECT,Electronics and Hardware,Vocational,0,1,11,Baseline Indian school subject matrix; verify board-specific electives before production.
NCERT,HIN,STD10,VOC,BEAUTY,Beauty and Wellness,Vocational,0,1,12,Baseline Indian school subject matrix; verify board-specific electives before production.
NCERT,HIN,STD10,VOC,HPE,Health and Physical Education,Co-curricular,0,1,13,Baseline Indian school subject matrix; verify board-specific electives before production.
NCERT,HIN,STD11,SCI,ENG,English,Language,1,0,1,Baseline Indian school subject matrix; verify board-specific electives before production.
NCERT,HIN,STD11,SCI,GUJ,Gujarati,Language,1,0,2,Baseline Indian school subject matrix; verify board-specific electives before production.
NCERT,HIN,STD11,SCI,HIN,Hindi,Language,1,0,3,Baseline Indian school subject matrix; verify board-specific electives before production.
NCERT,HIN,STD11,SCI,PHY,Physics,Science,1,0,4,Baseline Indian school subject matrix; verify board-specific electives before production.
NCERT,HIN,STD11,SCI,CHEM,Chemistry,Science,1,0,5,Baseline Indian school subject matrix; verify board-specific electives before production.
NCERT,HIN,STD11,SCI,BIO,Biology,Science,0,1,6,Baseline Indian school subject matrix; verify board-specific electives before production.
NCERT,HIN,STD11,SCI,MATH,Mathematics,Core,1,0,7,Baseline Indian school subject matrix; verify board-specific electives before production.
NCERT,HIN,STD11,SCI,AMATH,Applied Mathematics,Core/Elective,0,1,8,Baseline Indian school subject matrix; verify board-specific electives before production.
NCERT,HIN,STD11,SCI,CS,Computer Science,Science/Elective,0,1,9,Baseline Indian school subject matrix; verify board-specific electives before production.
NCERT,HIN,STD11,SCI,IP,Informatics Practices,Science/Commerce/Elective,0,1,10,Baseline Indian school subject matrix; verify board-specific electives before production.
NCERT,HIN,STD11,SCI,BIOTECH,Biotechnology,Science/Elective,0,1,11,Baseline Indian school subject matrix; verify board-specific electives before production.
NCERT,HIN,STD11,SCI,ENGGFX,Engineering Graphics,Science/Elective,0,1,12,Baseline Indian school subject matrix; verify board-specific electives before production.
NCERT,HIN,STD11,SCI,HPE,Health and Physical Education,Co-curricular,0,1,13,Baseline Indian school subject matrix; verify board-specific electives before production.
NCERT,HIN,STD11,COM,ENG,English,Language,1,0,1,Baseline Indian school subject matrix; verify board-specific electives before production.
NCERT,HIN,STD11,COM,GUJ,Gujarati,Language,1,0,2,Baseline Indian school subject matrix; verify board-specific electives before production.
NCERT,HIN,STD11,COM,HIN,Hindi,Language,1,0,3,Baseline Indian school subject matrix; verify board-specific electives before production.
NCERT,HIN,STD11,COM,ACC,Accountancy,Commerce,1,0,4,Baseline Indian school subject matrix; verify board-specific electives before production.
NCERT,HIN,STD11,COM,BST,Business Studies,Commerce,1,0,5,Baseline Indian school subject matrix; verify board-specific electives before production.
NCERT,HIN,STD11,COM,BADMIN,Business Administration / Management,Commerce,1,0,6,Baseline Indian school subject matrix; verify board-specific electives before production.
NCERT,HIN,STD11,COM,ECO,Economics,Commerce/Humanities,0,1,7,Baseline Indian school subject matrix; verify board-specific electives before production.
NCERT,HIN,STD11,COM,STAT,Statistics,Commerce/Elective,0,1,8,Baseline Indian school subject matrix; verify board-specific electives before production.
NCERT,HIN,STD11,COM,MATH,Mathematics,Core,1,0,9,Baseline Indian school subject matrix; verify board-specific electives before production.
NCERT,HIN,STD11,COM,AMATH,Applied Mathematics,Core/Elective,0,1,10,Baseline Indian school subject matrix; verify board-specific electives before production.
NCERT,HIN,STD11,COM,IP,Informatics Practices,Science/Commerce/Elective,0,1,11,Baseline Indian school subject matrix; verify board-specific electives before production.
NCERT,HIN,STD11,COM,ENT,Entrepreneurship,Commerce/Elective,0,1,12,Baseline Indian school subject matrix; verify board-specific electives before production.
NCERT,HIN,STD11,COM,HPE,Health and Physical Education,Co-curricular,0,1,13,Baseline Indian school subject matrix; verify board-specific electives before production.
NCERT,HIN,STD11,ARTS,ENG,English,Language,1,0,1,Baseline Indian school subject matrix; verify board-specific electives before production.
NCERT,HIN,STD11,ARTS,GUJ,Gujarati,Language,1,0,2,Baseline Indian school subject matrix; verify board-specific electives before production.
NCERT,HIN,STD11,ARTS,HIN,Hindi,Language,1,0,3,Baseline Indian school subject matrix; verify board-specific electives before production.
NCERT,HIN,STD11,ARTS,HIST,History,Humanities,0,1,4,Baseline Indian school subject matrix; verify board-specific electives before production.
NCERT,HIN,STD11,ARTS,GEO,Geography,Humanities,0,1,5,Baseline Indian school subject matrix; verify board-specific electives before production.
NCERT,HIN,STD11,ARTS,POLSCI,Political Science,Humanities,0,1,6,Baseline Indian school subject matrix; verify board-specific electives before production.
NCERT,HIN,STD11,ARTS,SOC,Sociology,Humanities,0,1,7,Baseline Indian school subject matrix; verify board-specific electives before production.
NCERT,HIN,STD11,ARTS,PSY,Psychology,Humanities,0,1,8,Baseline Indian school subject matrix; verify board-specific electives before production.
NCERT,HIN,STD11,ARTS,ECO,Economics,Commerce/Humanities,0,1,9,Baseline Indian school subject matrix; verify board-specific electives before production.
NCERT,HIN,STD11,ARTS,PHIL,Philosophy,Humanities,0,1,10,Baseline Indian school subject matrix; verify board-specific electives before production.
NCERT,HIN,STD11,ARTS,HOMESCI,Home Science,Humanities/Elective,0,1,11,Baseline Indian school subject matrix; verify board-specific electives before production.
NCERT,HIN,STD11,ARTS,LEGAL,Legal Studies,Humanities/Elective,0,1,12,Baseline Indian school subject matrix; verify board-specific electives before production.
NCERT,HIN,STD11,ARTS,FINEART,Fine Arts / Painting,Arts/Elective,0,1,13,Baseline Indian school subject matrix; verify board-specific electives before production.
NCERT,HIN,STD11,ARTS,MUSIC,Music,Arts/Elective,0,1,14,Baseline Indian school subject matrix; verify board-specific electives before production.
NCERT,HIN,STD11,ARTS,DANCE,Dance,Arts/Elective,0,1,15,Baseline Indian school subject matrix; verify board-specific electives before production.
NCERT,HIN,STD11,ARTS,HPE,Health and Physical Education,Co-curricular,0,1,16,Baseline Indian school subject matrix; verify board-specific electives before production.
NCERT,HIN,STD11,VOC,ENG,English,Language,1,0,1,Baseline Indian school subject matrix; verify board-specific electives before production.
NCERT,HIN,STD11,VOC,GUJ,Gujarati,Language,1,0,2,Baseline Indian school subject matrix; verify board-specific electives before production.
NCERT,HIN,STD11,VOC,HIN,Hindi,Language,1,0,3,Baseline Indian school subject matrix; verify board-specific electives before production.
NCERT,HIN,STD11,VOC,ITITES,Information Technology / IT-ITES,Vocational,0,1,4,Baseline Indian school subject matrix; verify board-specific electives before production.
NCERT,HIN,STD11,VOC,RETAIL,Retail,Vocational,0,1,5,Baseline Indian school subject matrix; verify board-specific electives before production.
NCERT,HIN,STD11,VOC,HEALTHCARE,Healthcare,Vocational,0,1,6,Baseline Indian school subject matrix; verify board-specific electives before production.
NCERT,HIN,STD11,VOC,TOURISM,Tourism and Hospitality,Vocational,0,1,7,Baseline Indian school subject matrix; verify board-specific electives before production.
NCERT,HIN,STD11,VOC,AGRI,Agriculture,Vocational,0,1,8,Baseline Indian school subject matrix; verify board-specific electives before production.
NCERT,HIN,STD11,VOC,BANKING,Banking and Insurance,Vocational,0,1,9,Baseline Indian school subject matrix; verify board-specific electives before production.
NCERT,HIN,STD11,VOC,AUTO,Automotive,Vocational,0,1,10,Baseline Indian school subject matrix; verify board-specific electives before production.
NCERT,HIN,STD11,VOC,ELECT,Electronics and Hardware,Vocational,0,1,11,Baseline Indian school subject matrix; verify board-specific electives before production.
NCERT,HIN,STD11,VOC,BEAUTY,Beauty and Wellness,Vocational,0,1,12,Baseline Indian school subject matrix; verify board-specific electives before production.
NCERT,HIN,STD11,VOC,HPE,Health and Physical Education,Co-curricular,0,1,13,Baseline Indian school subject matrix; verify board-specific electives before production.
NCERT,HIN,STD12,SCI,ENG,English,Language,1,0,1,Baseline Indian school subject matrix; verify board-specific electives before production.
NCERT,HIN,STD12,SCI,GUJ,Gujarati,Language,1,0,2,Baseline Indian school subject matrix; verify board-specific electives before production.
NCERT,HIN,STD12,SCI,HIN,Hindi,Language,1,0,3,Baseline Indian school subject matrix; verify board-specific electives before production.
NCERT,HIN,STD12,SCI,PHY,Physics,Science,1,0,4,Baseline Indian school subject matrix; verify board-specific electives before production.
NCERT,HIN,STD12,SCI,CHEM,Chemistry,Science,1,0,5,Baseline Indian school subject matrix; verify board-specific electives before production.
NCERT,HIN,STD12,SCI,BIO,Biology,Science,0,1,6,Baseline Indian school subject matrix; verify board-specific electives before production.
NCERT,HIN,STD12,SCI,MATH,Mathematics,Core,1,0,7,Baseline Indian school subject matrix; verify board-specific electives before production.
NCERT,HIN,STD12,SCI,AMATH,Applied Mathematics,Core/Elective,0,1,8,Baseline Indian school subject matrix; verify board-specific electives before production.
NCERT,HIN,STD12,SCI,CS,Computer Science,Science/Elective,0,1,9,Baseline Indian school subject matrix; verify board-specific electives before production.
NCERT,HIN,STD12,SCI,IP,Informatics Practices,Science/Commerce/Elective,0,1,10,Baseline Indian school subject matrix; verify board-specific electives before production.
NCERT,HIN,STD12,SCI,BIOTECH,Biotechnology,Science/Elective,0,1,11,Baseline Indian school subject matrix; verify board-specific electives before production.
NCERT,HIN,STD12,SCI,ENGGFX,Engineering Graphics,Science/Elective,0,1,12,Baseline Indian school subject matrix; verify board-specific electives before production.
NCERT,HIN,STD12,SCI,HPE,Health and Physical Education,Co-curricular,0,1,13,Baseline Indian school subject matrix; verify board-specific electives before production.
NCERT,HIN,STD12,COM,ENG,English,Language,1,0,1,Baseline Indian school subject matrix; verify board-specific electives before production.
NCERT,HIN,STD12,COM,GUJ,Gujarati,Language,1,0,2,Baseline Indian school subject matrix; verify board-specific electives before production.
NCERT,HIN,STD12,COM,HIN,Hindi,Language,1,0,3,Baseline Indian school subject matrix; verify board-specific electives before production.
NCERT,HIN,STD12,COM,ACC,Accountancy,Commerce,1,0,4,Baseline Indian school subject matrix; verify board-specific electives before production.
NCERT,HIN,STD12,COM,BST,Business Studies,Commerce,1,0,5,Baseline Indian school subject matrix; verify board-specific electives before production.
NCERT,HIN,STD12,COM,BADMIN,Business Administration / Management,Commerce,1,0,6,Baseline Indian school subject matrix; verify board-specific electives before production.
NCERT,HIN,STD12,COM,ECO,Economics,Commerce/Humanities,0,1,7,Baseline Indian school subject matrix; verify board-specific electives before production.
NCERT,HIN,STD12,COM,STAT,Statistics,Commerce/Elective,0,1,8,Baseline Indian school subject matrix; verify board-specific electives before production.
NCERT,HIN,STD12,COM,MATH,Mathematics,Core,1,0,9,Baseline Indian school subject matrix; verify board-specific electives before production.
NCERT,HIN,STD12,COM,AMATH,Applied Mathematics,Core/Elective,0,1,10,Baseline Indian school subject matrix; verify board-specific electives before production.
NCERT,HIN,STD12,COM,IP,Informatics Practices,Science/Commerce/Elective,0,1,11,Baseline Indian school subject matrix; verify board-specific electives before production.
NCERT,HIN,STD12,COM,ENT,Entrepreneurship,Commerce/Elective,0,1,12,Baseline Indian school subject matrix; verify board-specific electives before production.
NCERT,HIN,STD12,COM,HPE,Health and Physical Education,Co-curricular,0,1,13,Baseline Indian school subject matrix; verify board-specific electives before production.
NCERT,HIN,STD12,ARTS,ENG,English,Language,1,0,1,Baseline Indian school subject matrix; verify board-specific electives before production.
NCERT,HIN,STD12,ARTS,GUJ,Gujarati,Language,1,0,2,Baseline Indian school subject matrix; verify board-specific electives before production.
NCERT,HIN,STD12,ARTS,HIN,Hindi,Language,1,0,3,Baseline Indian school subject matrix; verify board-specific electives before production.
NCERT,HIN,STD12,ARTS,HIST,History,Humanities,0,1,4,Baseline Indian school subject matrix; verify board-specific electives before production.
NCERT,HIN,STD12,ARTS,GEO,Geography,Humanities,0,1,5,Baseline Indian school subject matrix; verify board-specific electives before production.
NCERT,HIN,STD12,ARTS,POLSCI,Political Science,Humanities,0,1,6,Baseline Indian school subject matrix; verify board-specific electives before production.
NCERT,HIN,STD12,ARTS,SOC,Sociology,Humanities,0,1,7,Baseline Indian school subject matrix; verify board-specific electives before production.
NCERT,HIN,STD12,ARTS,PSY,Psychology,Humanities,0,1,8,Baseline Indian school subject matrix; verify board-specific electives before production.
NCERT,HIN,STD12,ARTS,ECO,Economics,Commerce/Humanities,0,1,9,Baseline Indian school subject matrix; verify board-specific electives before production.
NCERT,HIN,STD12,ARTS,PHIL,Philosophy,Humanities,0,1,10,Baseline Indian school subject matrix; verify board-specific electives before production.
NCERT,HIN,STD12,ARTS,HOMESCI,Home Science,Humanities/Elective,0,1,11,Baseline Indian school subject matrix; verify board-specific electives before production.
NCERT,HIN,STD12,ARTS,LEGAL,Legal Studies,Humanities/Elective,0,1,12,Baseline Indian school subject matrix; verify board-specific electives before production.
NCERT,HIN,STD12,ARTS,FINEART,Fine Arts / Painting,Arts/Elective,0,1,13,Baseline Indian school subject matrix; verify board-specific electives before production.
NCERT,HIN,STD12,ARTS,MUSIC,Music,Arts/Elective,0,1,14,Baseline Indian school subject matrix; verify board-specific electives before production.
NCERT,HIN,STD12,ARTS,DANCE,Dance,Arts/Elective,0,1,15,Baseline Indian school subject matrix; verify board-specific electives before production.
NCERT,HIN,STD12,ARTS,HPE,Health and Physical Education,Co-curricular,0,1,16,Baseline Indian school subject matrix; verify board-specific electives before production.
NCERT,HIN,STD12,VOC,ENG,English,Language,1,0,1,Baseline Indian school subject matrix; verify board-specific electives before production.
NCERT,HIN,STD12,VOC,GUJ,Gujarati,Language,1,0,2,Baseline Indian school subject matrix; verify board-specific electives before production.
NCERT,HIN,STD12,VOC,HIN,Hindi,Language,1,0,3,Baseline Indian school subject matrix; verify board-specific electives before production.
NCERT,HIN,STD12,VOC,ITITES,Information Technology / IT-ITES,Vocational,0,1,4,Baseline Indian school subject matrix; verify board-specific electives before production.
NCERT,HIN,STD12,VOC,RETAIL,Retail,Vocational,0,1,5,Baseline Indian school subject matrix; verify board-specific electives before production.
NCERT,HIN,STD12,VOC,HEALTHCARE,Healthcare,Vocational,0,1,6,Baseline Indian school subject matrix; verify board-specific electives before production.
NCERT,HIN,STD12,VOC,TOURISM,Tourism and Hospitality,Vocational,0,1,7,Baseline Indian school subject matrix; verify board-specific electives before production.
NCERT,HIN,STD12,VOC,AGRI,Agriculture,Vocational,0,1,8,Baseline Indian school subject matrix; verify board-specific electives before production.
NCERT,HIN,STD12,VOC,BANKING,Banking and Insurance,Vocational,0,1,9,Baseline Indian school subject matrix; verify board-specific electives before production.
NCERT,HIN,STD12,VOC,AUTO,Automotive,Vocational,0,1,10,Baseline Indian school subject matrix; verify board-specific electives before production.
NCERT,HIN,STD12,VOC,ELECT,Electronics and Hardware,Vocational,0,1,11,Baseline Indian school subject matrix; verify board-specific electives before production.
NCERT,HIN,STD12,VOC,BEAUTY,Beauty and Wellness,Vocational,0,1,12,Baseline Indian school subject matrix; verify board-specific electives before production.
NCERT,HIN,STD12,VOC,HPE,Health and Physical Education,Co-curricular,0,1,13,Baseline Indian school subject matrix; verify board-specific electives before production.
