cohort_code,name,idnumber,context_category_code,board_code,school_code,medium_code,grade_code,stream_code,division_code,academic_year,visible,description
DPS-2026-GSEB-ENG-PRE01-GEN-A,DPS 2026-2027 English Medium Nursery GEN Division A,DPS-2026-GSEB-ENG-PRE01-GEN-A,DRONA_TRUST_GSEB_DPS_2026_2027_ENG_PRE01_GEN,GSEB,DPS,ENG,PRE01,GEN,A,2026-2027,1,Student cohort for Nursery GEN Division A in 2026-2027.
DPS-2026-GSEB-ENG-PRE01-GEN-B,DPS 2026-2027 English Medium Nursery GEN Division B,DPS-2026-GSEB-ENG-PRE01-GEN-B,DRONA_TRUST_GSEB_DPS_2026_2027_ENG_PRE01_GEN,GSEB,DPS,ENG,PRE01,GEN,B,2026-2027,1,Student cohort for Nursery GEN Division B in 2026-2027.
DPS-2026-GSEB-ENG-PRE01-GEN-C,DPS 2026-2027 English Medium Nursery GEN Division C,DPS-2026-GSEB-ENG-PRE01-GEN-C,DRONA_TRUST_GSEB_DPS_2026_2027_ENG_PRE01_GEN,GSEB,DPS,ENG,PRE01,GEN,C,2026-2027,1,Student cohort for Nursery GEN Division C in 2026-2027.
DPS-2026-GSEB-ENG-PRE01-GEN-D,DPS 2026-2027 English Medium Nursery GEN Division D,DPS-2026-GSEB-ENG-PRE01-GEN-D,DRONA_TRUST_GSEB_DPS_2026_2027_ENG_PRE01_GEN,GSEB,DPS,ENG,PRE01,GEN,D,2026-2027,1,Student cohort for Nursery GEN Division D in 2026-2027.
DPS-2026-GSEB-ENG-PRE01-GEN-E,DPS 2026-2027 English Medium Nursery GEN Division E,DPS-2026-GSEB-ENG-PRE01-GEN-E,DRONA_TRUST_GSEB_DPS_2026_2027_ENG_PRE01_GEN,GSEB,DPS,ENG,PRE01,GEN,E,2026-2027,1,Student cohort for Nursery GEN Division E in 2026-2027.
DPS-2026-GSEB-ENG-PRE01-GEN-F,DPS 2026-2027 English Medium Nursery GEN Division F,DPS-2026-GSEB-ENG-PRE01-GEN-F,DRONA_TRUST_GSEB_DPS_2026_2027_ENG_PRE01_GEN,GSEB,DPS,ENG,PRE01,GEN,F,2026-2027,1,Student cohort for Nursery GEN Division F in 2026-2027.
DPS-2026-GSEB-ENG-PRE02-GEN-A,DPS 2026-2027 English Medium Preschool GEN Division A,DPS-2026-GSEB-ENG-PRE02-GEN-A,DRONA_TRUST_GSEB_DPS_2026_2027_ENG_PRE02_GEN,GSEB,DPS,ENG,PRE02,GEN,A,2026-2027,1,Student cohort for Preschool GEN Division A in 2026-2027.
DPS-2026-GSEB-ENG-PRE02-GEN-B,DPS 2026-2027 English Medium Preschool GEN Division B,DPS-2026-GSEB-ENG-PRE02-GEN-B,DRONA_TRUST_GSEB_DPS_2026_2027_ENG_PRE02_GEN,GSEB,DPS,ENG,PRE02,GEN,B,2026-2027,1,Student cohort for Preschool GEN Division B in 2026-2027.
DPS-2026-GSEB-ENG-PRE02-GEN-C,DPS 2026-2027 English Medium Preschool GEN Division C,DPS-2026-GSEB-ENG-PRE02-GEN-C,DRONA_TRUST_GSEB_DPS_2026_2027_ENG_PRE02_GEN,GSEB,DPS,ENG,PRE02,GEN,C,2026-2027,1,Student cohort for Preschool GEN Division C in 2026-2027.
DPS-2026-GSEB-ENG-PRE02-GEN-D,DPS 2026-2027 English Medium Preschool GEN Division D,DPS-2026-GSEB-ENG-PRE02-GEN-D,DRONA_TRUST_GSEB_DPS_2026_2027_ENG_PRE02_GEN,GSEB,DPS,ENG,PRE02,GEN,D,2026-2027,1,Student cohort for Preschool GEN Division D in 2026-2027.
DPS-2026-GSEB-ENG-PRE02-GEN-E,DPS 2026-2027 English Medium Preschool GEN Division E,DPS-2026-GSEB-ENG-PRE02-GEN-E,DRONA_TRUST_GSEB_DPS_2026_2027_ENG_PRE02_GEN,GSEB,DPS,ENG,PRE02,GEN,E,2026-2027,1,Student cohort for Preschool GEN Division E in 2026-2027.
DPS-2026-GSEB-ENG-PRE02-GEN-F,DPS 2026-2027 English Medium Preschool GEN Division F,DPS-2026-GSEB-ENG-PRE02-GEN-F,DRONA_TRUST_GSEB_DPS_2026_2027_ENG_PRE02_GEN,GSEB,DPS,ENG,PRE02,GEN,F,2026-2027,1,Student cohort for Preschool GEN Division F in 2026-2027.
DPS-2026-GSEB-ENG-PRE03-GEN-A,DPS 2026-2027 English Medium LKG (Lower Kindergarten) GEN Division A,DPS-2026-GSEB-ENG-PRE03-GEN-A,DRONA_TRUST_GSEB_DPS_2026_2027_ENG_PRE03_GEN,GSEB,DPS,ENG,PRE03,GEN,A,2026-2027,1,Student cohort for LKG (Lower Kindergarten) GEN Division A in 2026-2027.
DPS-2026-GSEB-ENG-PRE03-GEN-B,DPS 2026-2027 English Medium LKG (Lower Kindergarten) GEN Division B,DPS-2026-GSEB-ENG-PRE03-GEN-B,DRONA_TRUST_GSEB_DPS_2026_2027_ENG_PRE03_GEN,GSEB,DPS,ENG,PRE03,GEN,B,2026-2027,1,Student cohort for LKG (Lower Kindergarten) GEN Division B in 2026-2027.
DPS-2026-GSEB-ENG-PRE03-GEN-C,DPS 2026-2027 English Medium LKG (Lower Kindergarten) GEN Division C,DPS-2026-GSEB-ENG-PRE03-GEN-C,DRONA_TRUST_GSEB_DPS_2026_2027_ENG_PRE03_GEN,GSEB,DPS,ENG,PRE03,GEN,C,2026-2027,1,Student cohort for LKG (Lower Kindergarten) GEN Division C in 2026-2027.
DPS-2026-GSEB-ENG-PRE03-GEN-D,DPS 2026-2027 English Medium LKG (Lower Kindergarten) GEN Division D,DPS-2026-GSEB-ENG-PRE03-GEN-D,DRONA_TRUST_GSEB_DPS_2026_2027_ENG_PRE03_GEN,GSEB,DPS,ENG,PRE03,GEN,D,2026-2027,1,Student cohort for LKG (Lower Kindergarten) GEN Division D in 2026-2027.
DPS-2026-GSEB-ENG-PRE03-GEN-E,DPS 2026-2027 English Medium LKG (Lower Kindergarten) GEN Division E,DPS-2026-GSEB-ENG-PRE03-GEN-E,DRONA_TRUST_GSEB_DPS_2026_2027_ENG_PRE03_GEN,GSEB,DPS,ENG,PRE03,GEN,E,2026-2027,1,Student cohort for LKG (Lower Kindergarten) GEN Division E in 2026-2027.
DPS-2026-GSEB-ENG-PRE03-GEN-F,DPS 2026-2027 English Medium LKG (Lower Kindergarten) GEN Division F,DPS-2026-GSEB-ENG-PRE03-GEN-F,DRONA_TRUST_GSEB_DPS_2026_2027_ENG_PRE03_GEN,GSEB,DPS,ENG,PRE03,GEN,F,2026-2027,1,Student cohort for LKG (Lower Kindergarten) GEN Division F in 2026-2027.
DPS-2026-GSEB-ENG-PRE04-GEN-A,DPS 2026-2027 English Medium UKG (Upper Kindergarten) GEN Division A,DPS-2026-GSEB-ENG-PRE04-GEN-A,DRONA_TRUST_GSEB_DPS_2026_2027_ENG_PRE04_GEN,GSEB,DPS,ENG,PRE04,GEN,A,2026-2027,1,Student cohort for UKG (Upper Kindergarten) GEN Division A in 2026-2027.
DPS-2026-GSEB-ENG-PRE04-GEN-B,DPS 2026-2027 English Medium UKG (Upper Kindergarten) GEN Division B,DPS-2026-GSEB-ENG-PRE04-GEN-B,DRONA_TRUST_GSEB_DPS_2026_2027_ENG_PRE04_GEN,GSEB,DPS,ENG,PRE04,GEN,B,2026-2027,1,Student cohort for UKG (Upper Kindergarten) GEN Division B in 2026-2027.
DPS-2026-GSEB-ENG-PRE04-GEN-C,DPS 2026-2027 English Medium UKG (Upper Kindergarten) GEN Division C,DPS-2026-GSEB-ENG-PRE04-GEN-C,DRONA_TRUST_GSEB_DPS_2026_2027_ENG_PRE04_GEN,GSEB,DPS,ENG,PRE04,GEN,C,2026-2027,1,Student cohort for UKG (Upper Kindergarten) GEN Division C in 2026-2027.
DPS-2026-GSEB-ENG-PRE04-GEN-D,DPS 2026-2027 English Medium UKG (Upper Kindergarten) GEN Division D,DPS-2026-GSEB-ENG-PRE04-GEN-D,DRONA_TRUST_GSEB_DPS_2026_2027_ENG_PRE04_GEN,GSEB,DPS,ENG,PRE04,GEN,D,2026-2027,1,Student cohort for UKG (Upper Kindergarten) GEN Division D in 2026-2027.
DPS-2026-GSEB-ENG-PRE04-GEN-E,DPS 2026-2027 English Medium UKG (Upper Kindergarten) GEN Division E,DPS-2026-GSEB-ENG-PRE04-GEN-E,DRONA_TRUST_GSEB_DPS_2026_2027_ENG_PRE04_GEN,GSEB,DPS,ENG,PRE04,GEN,E,2026-2027,1,Student cohort for UKG (Upper Kindergarten) GEN Division E in 2026-2027.
DPS-2026-GSEB-ENG-PRE04-GEN-F,DPS 2026-2027 English Medium UKG (Upper Kindergarten) GEN Division F,DPS-2026-GSEB-ENG-PRE04-GEN-F,DRONA_TRUST_GSEB_DPS_2026_2027_ENG_PRE04_GEN,GSEB,DPS,ENG,PRE04,GEN,F,2026-2027,1,Student cohort for UKG (Upper Kindergarten) GEN Division F in 2026-2027.
DPS-2026-GSEB-ENG-STD01-GEN-A,DPS 2026-2027 English Medium Standard 1 GEN Division A,DPS-2026-GSEB-ENG-STD01-GEN-A,DRONA_TRUST_GSEB_DPS_2026_2027_ENG_STD01_GEN,GSEB,DPS,ENG,STD01,GEN,A,2026-2027,1,Student cohort for Standard 1 GEN Division A in 2026-2027.
DPS-2026-GSEB-ENG-STD01-GEN-B,DPS 2026-2027 English Medium Standard 1 GEN Division B,DPS-2026-GSEB-ENG-STD01-GEN-B,DRONA_TRUST_GSEB_DPS_2026_2027_ENG_STD01_GEN,GSEB,DPS,ENG,STD01,GEN,B,2026-2027,1,Student cohort for Standard 1 GEN Division B in 2026-2027.
DPS-2026-GSEB-ENG-STD01-GEN-C,DPS 2026-2027 English Medium Standard 1 GEN Division C,DPS-2026-GSEB-ENG-STD01-GEN-C,DRONA_TRUST_GSEB_DPS_2026_2027_ENG_STD01_GEN,GSEB,DPS,ENG,STD01,GEN,C,2026-2027,1,Student cohort for Standard 1 GEN Division C in 2026-2027.
DPS-2026-GSEB-ENG-STD01-GEN-D,DPS 2026-2027 English Medium Standard 1 GEN Division D,DPS-2026-GSEB-ENG-STD01-GEN-D,DRONA_TRUST_GSEB_DPS_2026_2027_ENG_STD01_GEN,GSEB,DPS,ENG,STD01,GEN,D,2026-2027,1,Student cohort for Standard 1 GEN Division D in 2026-2027.
DPS-2026-GSEB-ENG-STD01-GEN-E,DPS 2026-2027 English Medium Standard 1 GEN Division E,DPS-2026-GSEB-ENG-STD01-GEN-E,DRONA_TRUST_GSEB_DPS_2026_2027_ENG_STD01_GEN,GSEB,DPS,ENG,STD01,GEN,E,2026-2027,1,Student cohort for Standard 1 GEN Division E in 2026-2027.
DPS-2026-GSEB-ENG-STD01-GEN-F,DPS 2026-2027 English Medium Standard 1 GEN Division F,DPS-2026-GSEB-ENG-STD01-GEN-F,DRONA_TRUST_GSEB_DPS_2026_2027_ENG_STD01_GEN,GSEB,DPS,ENG,STD01,GEN,F,2026-2027,1,Student cohort for Standard 1 GEN Division F in 2026-2027.
DPS-2026-GSEB-ENG-STD02-GEN-A,DPS 2026-2027 English Medium Standard 2 GEN Division A,DPS-2026-GSEB-ENG-STD02-GEN-A,DRONA_TRUST_GSEB_DPS_2026_2027_ENG_STD02_GEN,GSEB,DPS,ENG,STD02,GEN,A,2026-2027,1,Student cohort for Standard 2 GEN Division A in 2026-2027.
DPS-2026-GSEB-ENG-STD02-GEN-B,DPS 2026-2027 English Medium Standard 2 GEN Division B,DPS-2026-GSEB-ENG-STD02-GEN-B,DRONA_TRUST_GSEB_DPS_2026_2027_ENG_STD02_GEN,GSEB,DPS,ENG,STD02,GEN,B,2026-2027,1,Student cohort for Standard 2 GEN Division B in 2026-2027.
DPS-2026-GSEB-ENG-STD02-GEN-C,DPS 2026-2027 English Medium Standard 2 GEN Division C,DPS-2026-GSEB-ENG-STD02-GEN-C,DRONA_TRUST_GSEB_DPS_2026_2027_ENG_STD02_GEN,GSEB,DPS,ENG,STD02,GEN,C,2026-2027,1,Student cohort for Standard 2 GEN Division C in 2026-2027.
DPS-2026-GSEB-ENG-STD02-GEN-D,DPS 2026-2027 English Medium Standard 2 GEN Division D,DPS-2026-GSEB-ENG-STD02-GEN-D,DRONA_TRUST_GSEB_DPS_2026_2027_ENG_STD02_GEN,GSEB,DPS,ENG,STD02,GEN,D,2026-2027,1,Student cohort for Standard 2 GEN Division D in 2026-2027.
DPS-2026-GSEB-ENG-STD02-GEN-E,DPS 2026-2027 English Medium Standard 2 GEN Division E,DPS-2026-GSEB-ENG-STD02-GEN-E,DRONA_TRUST_GSEB_DPS_2026_2027_ENG_STD02_GEN,GSEB,DPS,ENG,STD02,GEN,E,2026-2027,1,Student cohort for Standard 2 GEN Division E in 2026-2027.
DPS-2026-GSEB-ENG-STD02-GEN-F,DPS 2026-2027 English Medium Standard 2 GEN Division F,DPS-2026-GSEB-ENG-STD02-GEN-F,DRONA_TRUST_GSEB_DPS_2026_2027_ENG_STD02_GEN,GSEB,DPS,ENG,STD02,GEN,F,2026-2027,1,Student cohort for Standard 2 GEN Division F in 2026-2027.
DPS-2026-GSEB-ENG-STD03-GEN-A,DPS 2026-2027 English Medium Standard 3 GEN Division A,DPS-2026-GSEB-ENG-STD03-GEN-A,DRONA_TRUST_GSEB_DPS_2026_2027_ENG_STD03_GEN,GSEB,DPS,ENG,STD03,GEN,A,2026-2027,1,Student cohort for Standard 3 GEN Division A in 2026-2027.
DPS-2026-GSEB-ENG-STD03-GEN-B,DPS 2026-2027 English Medium Standard 3 GEN Division B,DPS-2026-GSEB-ENG-STD03-GEN-B,DRONA_TRUST_GSEB_DPS_2026_2027_ENG_STD03_GEN,GSEB,DPS,ENG,STD03,GEN,B,2026-2027,1,Student cohort for Standard 3 GEN Division B in 2026-2027.
DPS-2026-GSEB-ENG-STD03-GEN-C,DPS 2026-2027 English Medium Standard 3 GEN Division C,DPS-2026-GSEB-ENG-STD03-GEN-C,DRONA_TRUST_GSEB_DPS_2026_2027_ENG_STD03_GEN,GSEB,DPS,ENG,STD03,GEN,C,2026-2027,1,Student cohort for Standard 3 GEN Division C in 2026-2027.
DPS-2026-GSEB-ENG-STD03-GEN-D,DPS 2026-2027 English Medium Standard 3 GEN Division D,DPS-2026-GSEB-ENG-STD03-GEN-D,DRONA_TRUST_GSEB_DPS_2026_2027_ENG_STD03_GEN,GSEB,DPS,ENG,STD03,GEN,D,2026-2027,1,Student cohort for Standard 3 GEN Division D in 2026-2027.
DPS-2026-GSEB-ENG-STD03-GEN-E,DPS 2026-2027 English Medium Standard 3 GEN Division E,DPS-2026-GSEB-ENG-STD03-GEN-E,DRONA_TRUST_GSEB_DPS_2026_2027_ENG_STD03_GEN,GSEB,DPS,ENG,STD03,GEN,E,2026-2027,1,Student cohort for Standard 3 GEN Division E in 2026-2027.
DPS-2026-GSEB-ENG-STD03-GEN-F,DPS 2026-2027 English Medium Standard 3 GEN Division F,DPS-2026-GSEB-ENG-STD03-GEN-F,DRONA_TRUST_GSEB_DPS_2026_2027_ENG_STD03_GEN,GSEB,DPS,ENG,STD03,GEN,F,2026-2027,1,Student cohort for Standard 3 GEN Division F in 2026-2027.
DPS-2026-GSEB-ENG-STD04-GEN-A,DPS 2026-2027 English Medium Standard 4 GEN Division A,DPS-2026-GSEB-ENG-STD04-GEN-A,DRONA_TRUST_GSEB_DPS_2026_2027_ENG_STD04_GEN,GSEB,DPS,ENG,STD04,GEN,A,2026-2027,1,Student cohort for Standard 4 GEN Division A in 2026-2027.
DPS-2026-GSEB-ENG-STD04-GEN-B,DPS 2026-2027 English Medium Standard 4 GEN Division B,DPS-2026-GSEB-ENG-STD04-GEN-B,DRONA_TRUST_GSEB_DPS_2026_2027_ENG_STD04_GEN,GSEB,DPS,ENG,STD04,GEN,B,2026-2027,1,Student cohort for Standard 4 GEN Division B in 2026-2027.
DPS-2026-GSEB-ENG-STD04-GEN-C,DPS 2026-2027 English Medium Standard 4 GEN Division C,DPS-2026-GSEB-ENG-STD04-GEN-C,DRONA_TRUST_GSEB_DPS_2026_2027_ENG_STD04_GEN,GSEB,DPS,ENG,STD04,GEN,C,2026-2027,1,Student cohort for Standard 4 GEN Division C in 2026-2027.
DPS-2026-GSEB-ENG-STD04-GEN-D,DPS 2026-2027 English Medium Standard 4 GEN Division D,DPS-2026-GSEB-ENG-STD04-GEN-D,DRONA_TRUST_GSEB_DPS_2026_2027_ENG_STD04_GEN,GSEB,DPS,ENG,STD04,GEN,D,2026-2027,1,Student cohort for Standard 4 GEN Division D in 2026-2027.
DPS-2026-GSEB-ENG-STD04-GEN-E,DPS 2026-2027 English Medium Standard 4 GEN Division E,DPS-2026-GSEB-ENG-STD04-GEN-E,DRONA_TRUST_GSEB_DPS_2026_2027_ENG_STD04_GEN,GSEB,DPS,ENG,STD04,GEN,E,2026-2027,1,Student cohort for Standard 4 GEN Division E in 2026-2027.
DPS-2026-GSEB-ENG-STD04-GEN-F,DPS 2026-2027 English Medium Standard 4 GEN Division F,DPS-2026-GSEB-ENG-STD04-GEN-F,DRONA_TRUST_GSEB_DPS_2026_2027_ENG_STD04_GEN,GSEB,DPS,ENG,STD04,GEN,F,2026-2027,1,Student cohort for Standard 4 GEN Division F in 2026-2027.
DPS-2026-GSEB-ENG-STD05-GEN-A,DPS 2026-2027 English Medium Standard 5 GEN Division A,DPS-2026-GSEB-ENG-STD05-GEN-A,DRONA_TRUST_GSEB_DPS_2026_2027_ENG_STD05_GEN,GSEB,DPS,ENG,STD05,GEN,A,2026-2027,1,Student cohort for Standard 5 GEN Division A in 2026-2027.
DPS-2026-GSEB-ENG-STD05-GEN-B,DPS 2026-2027 English Medium Standard 5 GEN Division B,DPS-2026-GSEB-ENG-STD05-GEN-B,DRONA_TRUST_GSEB_DPS_2026_2027_ENG_STD05_GEN,GSEB,DPS,ENG,STD05,GEN,B,2026-2027,1,Student cohort for Standard 5 GEN Division B in 2026-2027.
DPS-2026-GSEB-ENG-STD05-GEN-C,DPS 2026-2027 English Medium Standard 5 GEN Division C,DPS-2026-GSEB-ENG-STD05-GEN-C,DRONA_TRUST_GSEB_DPS_2026_2027_ENG_STD05_GEN,GSEB,DPS,ENG,STD05,GEN,C,2026-2027,1,Student cohort for Standard 5 GEN Division C in 2026-2027.
DPS-2026-GSEB-ENG-STD05-GEN-D,DPS 2026-2027 English Medium Standard 5 GEN Division D,DPS-2026-GSEB-ENG-STD05-GEN-D,DRONA_TRUST_GSEB_DPS_2026_2027_ENG_STD05_GEN,GSEB,DPS,ENG,STD05,GEN,D,2026-2027,1,Student cohort for Standard 5 GEN Division D in 2026-2027.
DPS-2026-GSEB-ENG-STD05-GEN-E,DPS 2026-2027 English Medium Standard 5 GEN Division E,DPS-2026-GSEB-ENG-STD05-GEN-E,DRONA_TRUST_GSEB_DPS_2026_2027_ENG_STD05_GEN,GSEB,DPS,ENG,STD05,GEN,E,2026-2027,1,Student cohort for Standard 5 GEN Division E in 2026-2027.
DPS-2026-GSEB-ENG-STD05-GEN-F,DPS 2026-2027 English Medium Standard 5 GEN Division F,DPS-2026-GSEB-ENG-STD05-GEN-F,DRONA_TRUST_GSEB_DPS_2026_2027_ENG_STD05_GEN,GSEB,DPS,ENG,STD05,GEN,F,2026-2027,1,Student cohort for Standard 5 GEN Division F in 2026-2027.
DPS-2026-GSEB-ENG-STD06-GEN-A,DPS 2026-2027 English Medium Standard 6 GEN Division A,DPS-2026-GSEB-ENG-STD06-GEN-A,DRONA_TRUST_GSEB_DPS_2026_2027_ENG_STD06_GEN,GSEB,DPS,ENG,STD06,GEN,A,2026-2027,1,Student cohort for Standard 6 GEN Division A in 2026-2027.
DPS-2026-GSEB-ENG-STD06-GEN-B,DPS 2026-2027 English Medium Standard 6 GEN Division B,DPS-2026-GSEB-ENG-STD06-GEN-B,DRONA_TRUST_GSEB_DPS_2026_2027_ENG_STD06_GEN,GSEB,DPS,ENG,STD06,GEN,B,2026-2027,1,Student cohort for Standard 6 GEN Division B in 2026-2027.
DPS-2026-GSEB-ENG-STD06-GEN-C,DPS 2026-2027 English Medium Standard 6 GEN Division C,DPS-2026-GSEB-ENG-STD06-GEN-C,DRONA_TRUST_GSEB_DPS_2026_2027_ENG_STD06_GEN,GSEB,DPS,ENG,STD06,GEN,C,2026-2027,1,Student cohort for Standard 6 GEN Division C in 2026-2027.
DPS-2026-GSEB-ENG-STD06-GEN-D,DPS 2026-2027 English Medium Standard 6 GEN Division D,DPS-2026-GSEB-ENG-STD06-GEN-D,DRONA_TRUST_GSEB_DPS_2026_2027_ENG_STD06_GEN,GSEB,DPS,ENG,STD06,GEN,D,2026-2027,1,Student cohort for Standard 6 GEN Division D in 2026-2027.
DPS-2026-GSEB-ENG-STD06-GEN-E,DPS 2026-2027 English Medium Standard 6 GEN Division E,DPS-2026-GSEB-ENG-STD06-GEN-E,DRONA_TRUST_GSEB_DPS_2026_2027_ENG_STD06_GEN,GSEB,DPS,ENG,STD06,GEN,E,2026-2027,1,Student cohort for Standard 6 GEN Division E in 2026-2027.
DPS-2026-GSEB-ENG-STD06-GEN-F,DPS 2026-2027 English Medium Standard 6 GEN Division F,DPS-2026-GSEB-ENG-STD06-GEN-F,DRONA_TRUST_GSEB_DPS_2026_2027_ENG_STD06_GEN,GSEB,DPS,ENG,STD06,GEN,F,2026-2027,1,Student cohort for Standard 6 GEN Division F in 2026-2027.
DPS-2026-GSEB-ENG-STD07-GEN-A,DPS 2026-2027 English Medium Standard 7 GEN Division A,DPS-2026-GSEB-ENG-STD07-GEN-A,DRONA_TRUST_GSEB_DPS_2026_2027_ENG_STD07_GEN,GSEB,DPS,ENG,STD07,GEN,A,2026-2027,1,Student cohort for Standard 7 GEN Division A in 2026-2027.
DPS-2026-GSEB-ENG-STD07-GEN-B,DPS 2026-2027 English Medium Standard 7 GEN Division B,DPS-2026-GSEB-ENG-STD07-GEN-B,DRONA_TRUST_GSEB_DPS_2026_2027_ENG_STD07_GEN,GSEB,DPS,ENG,STD07,GEN,B,2026-2027,1,Student cohort for Standard 7 GEN Division B in 2026-2027.
DPS-2026-GSEB-ENG-STD07-GEN-C,DPS 2026-2027 English Medium Standard 7 GEN Division C,DPS-2026-GSEB-ENG-STD07-GEN-C,DRONA_TRUST_GSEB_DPS_2026_2027_ENG_STD07_GEN,GSEB,DPS,ENG,STD07,GEN,C,2026-2027,1,Student cohort for Standard 7 GEN Division C in 2026-2027.
DPS-2026-GSEB-ENG-STD07-GEN-D,DPS 2026-2027 English Medium Standard 7 GEN Division D,DPS-2026-GSEB-ENG-STD07-GEN-D,DRONA_TRUST_GSEB_DPS_2026_2027_ENG_STD07_GEN,GSEB,DPS,ENG,STD07,GEN,D,2026-2027,1,Student cohort for Standard 7 GEN Division D in 2026-2027.
DPS-2026-GSEB-ENG-STD07-GEN-E,DPS 2026-2027 English Medium Standard 7 GEN Division E,DPS-2026-GSEB-ENG-STD07-GEN-E,DRONA_TRUST_GSEB_DPS_2026_2027_ENG_STD07_GEN,GSEB,DPS,ENG,STD07,GEN,E,2026-2027,1,Student cohort for Standard 7 GEN Division E in 2026-2027.
DPS-2026-GSEB-ENG-STD07-GEN-F,DPS 2026-2027 English Medium Standard 7 GEN Division F,DPS-2026-GSEB-ENG-STD07-GEN-F,DRONA_TRUST_GSEB_DPS_2026_2027_ENG_STD07_GEN,GSEB,DPS,ENG,STD07,GEN,F,2026-2027,1,Student cohort for Standard 7 GEN Division F in 2026-2027.
DPS-2026-GSEB-ENG-STD08-GEN-A,DPS 2026-2027 English Medium Standard 8 GEN Division A,DPS-2026-GSEB-ENG-STD08-GEN-A,DRONA_TRUST_GSEB_DPS_2026_2027_ENG_STD08_GEN,GSEB,DPS,ENG,STD08,GEN,A,2026-2027,1,Student cohort for Standard 8 GEN Division A in 2026-2027.
DPS-2026-GSEB-ENG-STD08-GEN-B,DPS 2026-2027 English Medium Standard 8 GEN Division B,DPS-2026-GSEB-ENG-STD08-GEN-B,DRONA_TRUST_GSEB_DPS_2026_2027_ENG_STD08_GEN,GSEB,DPS,ENG,STD08,GEN,B,2026-2027,1,Student cohort for Standard 8 GEN Division B in 2026-2027.
DPS-2026-GSEB-ENG-STD08-GEN-C,DPS 2026-2027 English Medium Standard 8 GEN Division C,DPS-2026-GSEB-ENG-STD08-GEN-C,DRONA_TRUST_GSEB_DPS_2026_2027_ENG_STD08_GEN,GSEB,DPS,ENG,STD08,GEN,C,2026-2027,1,Student cohort for Standard 8 GEN Division C in 2026-2027.
DPS-2026-GSEB-ENG-STD08-GEN-D,DPS 2026-2027 English Medium Standard 8 GEN Division D,DPS-2026-GSEB-ENG-STD08-GEN-D,DRONA_TRUST_GSEB_DPS_2026_2027_ENG_STD08_GEN,GSEB,DPS,ENG,STD08,GEN,D,2026-2027,1,Student cohort for Standard 8 GEN Division D in 2026-2027.
DPS-2026-GSEB-ENG-STD08-GEN-E,DPS 2026-2027 English Medium Standard 8 GEN Division E,DPS-2026-GSEB-ENG-STD08-GEN-E,DRONA_TRUST_GSEB_DPS_2026_2027_ENG_STD08_GEN,GSEB,DPS,ENG,STD08,GEN,E,2026-2027,1,Student cohort for Standard 8 GEN Division E in 2026-2027.
DPS-2026-GSEB-ENG-STD08-GEN-F,DPS 2026-2027 English Medium Standard 8 GEN Division F,DPS-2026-GSEB-ENG-STD08-GEN-F,DRONA_TRUST_GSEB_DPS_2026_2027_ENG_STD08_GEN,GSEB,DPS,ENG,STD08,GEN,F,2026-2027,1,Student cohort for Standard 8 GEN Division F in 2026-2027.
DPS-2026-GSEB-ENG-STD09-GEN-A,DPS 2026-2027 English Medium Standard 9 GEN Division A,DPS-2026-GSEB-ENG-STD09-GEN-A,DRONA_TRUST_GSEB_DPS_2026_2027_ENG_STD09_GEN,GSEB,DPS,ENG,STD09,GEN,A,2026-2027,1,Student cohort for Standard 9 GEN Division A in 2026-2027.
DPS-2026-GSEB-ENG-STD09-GEN-B,DPS 2026-2027 English Medium Standard 9 GEN Division B,DPS-2026-GSEB-ENG-STD09-GEN-B,DRONA_TRUST_GSEB_DPS_2026_2027_ENG_STD09_GEN,GSEB,DPS,ENG,STD09,GEN,B,2026-2027,1,Student cohort for Standard 9 GEN Division B in 2026-2027.
DPS-2026-GSEB-ENG-STD09-GEN-C,DPS 2026-2027 English Medium Standard 9 GEN Division C,DPS-2026-GSEB-ENG-STD09-GEN-C,DRONA_TRUST_GSEB_DPS_2026_2027_ENG_STD09_GEN,GSEB,DPS,ENG,STD09,GEN,C,2026-2027,1,Student cohort for Standard 9 GEN Division C in 2026-2027.
DPS-2026-GSEB-ENG-STD09-GEN-D,DPS 2026-2027 English Medium Standard 9 GEN Division D,DPS-2026-GSEB-ENG-STD09-GEN-D,DRONA_TRUST_GSEB_DPS_2026_2027_ENG_STD09_GEN,GSEB,DPS,ENG,STD09,GEN,D,2026-2027,1,Student cohort for Standard 9 GEN Division D in 2026-2027.
DPS-2026-GSEB-ENG-STD09-GEN-E,DPS 2026-2027 English Medium Standard 9 GEN Division E,DPS-2026-GSEB-ENG-STD09-GEN-E,DRONA_TRUST_GSEB_DPS_2026_2027_ENG_STD09_GEN,GSEB,DPS,ENG,STD09,GEN,E,2026-2027,1,Student cohort for Standard 9 GEN Division E in 2026-2027.
DPS-2026-GSEB-ENG-STD09-GEN-F,DPS 2026-2027 English Medium Standard 9 GEN Division F,DPS-2026-GSEB-ENG-STD09-GEN-F,DRONA_TRUST_GSEB_DPS_2026_2027_ENG_STD09_GEN,GSEB,DPS,ENG,STD09,GEN,F,2026-2027,1,Student cohort for Standard 9 GEN Division F in 2026-2027.
DPS-2026-GSEB-ENG-STD10-GEN-A,DPS 2026-2027 English Medium Standard 10 GEN Division A,DPS-2026-GSEB-ENG-STD10-GEN-A,DRONA_TRUST_GSEB_DPS_2026_2027_ENG_STD10_GEN,GSEB,DPS,ENG,STD10,GEN,A,2026-2027,1,Student cohort for Standard 10 GEN Division A in 2026-2027.
DPS-2026-GSEB-ENG-STD10-GEN-B,DPS 2026-2027 English Medium Standard 10 GEN Division B,DPS-2026-GSEB-ENG-STD10-GEN-B,DRONA_TRUST_GSEB_DPS_2026_2027_ENG_STD10_GEN,GSEB,DPS,ENG,STD10,GEN,B,2026-2027,1,Student cohort for Standard 10 GEN Division B in 2026-2027.
DPS-2026-GSEB-ENG-STD10-GEN-C,DPS 2026-2027 English Medium Standard 10 GEN Division C,DPS-2026-GSEB-ENG-STD10-GEN-C,DRONA_TRUST_GSEB_DPS_2026_2027_ENG_STD10_GEN,GSEB,DPS,ENG,STD10,GEN,C,2026-2027,1,Student cohort for Standard 10 GEN Division C in 2026-2027.
DPS-2026-GSEB-ENG-STD10-GEN-D,DPS 2026-2027 English Medium Standard 10 GEN Division D,DPS-2026-GSEB-ENG-STD10-GEN-D,DRONA_TRUST_GSEB_DPS_2026_2027_ENG_STD10_GEN,GSEB,DPS,ENG,STD10,GEN,D,2026-2027,1,Student cohort for Standard 10 GEN Division D in 2026-2027.
DPS-2026-GSEB-ENG-STD10-GEN-E,DPS 2026-2027 English Medium Standard 10 GEN Division E,DPS-2026-GSEB-ENG-STD10-GEN-E,DRONA_TRUST_GSEB_DPS_2026_2027_ENG_STD10_GEN,GSEB,DPS,ENG,STD10,GEN,E,2026-2027,1,Student cohort for Standard 10 GEN Division E in 2026-2027.
DPS-2026-GSEB-ENG-STD10-GEN-F,DPS 2026-2027 English Medium Standard 10 GEN Division F,DPS-2026-GSEB-ENG-STD10-GEN-F,DRONA_TRUST_GSEB_DPS_2026_2027_ENG_STD10_GEN,GSEB,DPS,ENG,STD10,GEN,F,2026-2027,1,Student cohort for Standard 10 GEN Division F in 2026-2027.
DPS-2026-GSEB-ENG-STD11_SCI-SCI-A,DPS 2026-2027 English Medium Standard 11 (Science) SCI Division A,DPS-2026-GSEB-ENG-STD11_SCI-SCI-A,DRONA_TRUST_GSEB_DPS_2026_2027_ENG_STD11_SCI_SCI,GSEB,DPS,ENG,STD11_SCI,SCI,A,2026-2027,1,Student cohort for Standard 11 (Science) SCI Division A in 2026-2027.
DPS-2026-GSEB-ENG-STD11_SCI-SCI-B,DPS 2026-2027 English Medium Standard 11 (Science) SCI Division B,DPS-2026-GSEB-ENG-STD11_SCI-SCI-B,DRONA_TRUST_GSEB_DPS_2026_2027_ENG_STD11_SCI_SCI,GSEB,DPS,ENG,STD11_SCI,SCI,B,2026-2027,1,Student cohort for Standard 11 (Science) SCI Division B in 2026-2027.
DPS-2026-GSEB-ENG-STD11_SCI-SCI-C,DPS 2026-2027 English Medium Standard 11 (Science) SCI Division C,DPS-2026-GSEB-ENG-STD11_SCI-SCI-C,DRONA_TRUST_GSEB_DPS_2026_2027_ENG_STD11_SCI_SCI,GSEB,DPS,ENG,STD11_SCI,SCI,C,2026-2027,1,Student cohort for Standard 11 (Science) SCI Division C in 2026-2027.
DPS-2026-GSEB-ENG-STD11_SCI-SCI-D,DPS 2026-2027 English Medium Standard 11 (Science) SCI Division D,DPS-2026-GSEB-ENG-STD11_SCI-SCI-D,DRONA_TRUST_GSEB_DPS_2026_2027_ENG_STD11_SCI_SCI,GSEB,DPS,ENG,STD11_SCI,SCI,D,2026-2027,1,Student cohort for Standard 11 (Science) SCI Division D in 2026-2027.
DPS-2026-GSEB-ENG-STD11_SCI-SCI-E,DPS 2026-2027 English Medium Standard 11 (Science) SCI Division E,DPS-2026-GSEB-ENG-STD11_SCI-SCI-E,DRONA_TRUST_GSEB_DPS_2026_2027_ENG_STD11_SCI_SCI,GSEB,DPS,ENG,STD11_SCI,SCI,E,2026-2027,1,Student cohort for Standard 11 (Science) SCI Division E in 2026-2027.
DPS-2026-GSEB-ENG-STD11_SCI-SCI-F,DPS 2026-2027 English Medium Standard 11 (Science) SCI Division F,DPS-2026-GSEB-ENG-STD11_SCI-SCI-F,DRONA_TRUST_GSEB_DPS_2026_2027_ENG_STD11_SCI_SCI,GSEB,DPS,ENG,STD11_SCI,SCI,F,2026-2027,1,Student cohort for Standard 11 (Science) SCI Division F in 2026-2027.
DPS-2026-GSEB-ENG-STD11_COM-COM-A,DPS 2026-2027 English Medium Standard 11 (Commerce) COM Division A,DPS-2026-GSEB-ENG-STD11_COM-COM-A,DRONA_TRUST_GSEB_DPS_2026_2027_ENG_STD11_COM_COM,GSEB,DPS,ENG,STD11_COM,COM,A,2026-2027,1,Student cohort for Standard 11 (Commerce) COM Division A in 2026-2027.
DPS-2026-GSEB-ENG-STD11_COM-COM-B,DPS 2026-2027 English Medium Standard 11 (Commerce) COM Division B,DPS-2026-GSEB-ENG-STD11_COM-COM-B,DRONA_TRUST_GSEB_DPS_2026_2027_ENG_STD11_COM_COM,GSEB,DPS,ENG,STD11_COM,COM,B,2026-2027,1,Student cohort for Standard 11 (Commerce) COM Division B in 2026-2027.
DPS-2026-GSEB-ENG-STD11_COM-COM-C,DPS 2026-2027 English Medium Standard 11 (Commerce) COM Division C,DPS-2026-GSEB-ENG-STD11_COM-COM-C,DRONA_TRUST_GSEB_DPS_2026_2027_ENG_STD11_COM_COM,GSEB,DPS,ENG,STD11_COM,COM,C,2026-2027,1,Student cohort for Standard 11 (Commerce) COM Division C in 2026-2027.
DPS-2026-GSEB-ENG-STD11_COM-COM-D,DPS 2026-2027 English Medium Standard 11 (Commerce) COM Division D,DPS-2026-GSEB-ENG-STD11_COM-COM-D,DRONA_TRUST_GSEB_DPS_2026_2027_ENG_STD11_COM_COM,GSEB,DPS,ENG,STD11_COM,COM,D,2026-2027,1,Student cohort for Standard 11 (Commerce) COM Division D in 2026-2027.
DPS-2026-GSEB-ENG-STD11_COM-COM-E,DPS 2026-2027 English Medium Standard 11 (Commerce) COM Division E,DPS-2026-GSEB-ENG-STD11_COM-COM-E,DRONA_TRUST_GSEB_DPS_2026_2027_ENG_STD11_COM_COM,GSEB,DPS,ENG,STD11_COM,COM,E,2026-2027,1,Student cohort for Standard 11 (Commerce) COM Division E in 2026-2027.
DPS-2026-GSEB-ENG-STD11_COM-COM-F,DPS 2026-2027 English Medium Standard 11 (Commerce) COM Division F,DPS-2026-GSEB-ENG-STD11_COM-COM-F,DRONA_TRUST_GSEB_DPS_2026_2027_ENG_STD11_COM_COM,GSEB,DPS,ENG,STD11_COM,COM,F,2026-2027,1,Student cohort for Standard 11 (Commerce) COM Division F in 2026-2027.
DPS-2026-GSEB-ENG-STD11_ART-ART-A,DPS 2026-2027 English Medium Standard 11 (Arts) ART Division A,DPS-2026-GSEB-ENG-STD11_ART-ART-A,DRONA_TRUST_GSEB_DPS_2026_2027_ENG_STD11_ART_ART,GSEB,DPS,ENG,STD11_ART,ART,A,2026-2027,1,Student cohort for Standard 11 (Arts) ART Division A in 2026-2027.
DPS-2026-GSEB-ENG-STD11_ART-ART-B,DPS 2026-2027 English Medium Standard 11 (Arts) ART Division B,DPS-2026-GSEB-ENG-STD11_ART-ART-B,DRONA_TRUST_GSEB_DPS_2026_2027_ENG_STD11_ART_ART,GSEB,DPS,ENG,STD11_ART,ART,B,2026-2027,1,Student cohort for Standard 11 (Arts) ART Division B in 2026-2027.
DPS-2026-GSEB-ENG-STD11_ART-ART-C,DPS 2026-2027 English Medium Standard 11 (Arts) ART Division C,DPS-2026-GSEB-ENG-STD11_ART-ART-C,DRONA_TRUST_GSEB_DPS_2026_2027_ENG_STD11_ART_ART,GSEB,DPS,ENG,STD11_ART,ART,C,2026-2027,1,Student cohort for Standard 11 (Arts) ART Division C in 2026-2027.
DPS-2026-GSEB-ENG-STD11_ART-ART-D,DPS 2026-2027 English Medium Standard 11 (Arts) ART Division D,DPS-2026-GSEB-ENG-STD11_ART-ART-D,DRONA_TRUST_GSEB_DPS_2026_2027_ENG_STD11_ART_ART,GSEB,DPS,ENG,STD11_ART,ART,D,2026-2027,1,Student cohort for Standard 11 (Arts) ART Division D in 2026-2027.
DPS-2026-GSEB-ENG-STD11_ART-ART-E,DPS 2026-2027 English Medium Standard 11 (Arts) ART Division E,DPS-2026-GSEB-ENG-STD11_ART-ART-E,DRONA_TRUST_GSEB_DPS_2026_2027_ENG_STD11_ART_ART,GSEB,DPS,ENG,STD11_ART,ART,E,2026-2027,1,Student cohort for Standard 11 (Arts) ART Division E in 2026-2027.
DPS-2026-GSEB-ENG-STD11_ART-ART-F,DPS 2026-2027 English Medium Standard 11 (Arts) ART Division F,DPS-2026-GSEB-ENG-STD11_ART-ART-F,DRONA_TRUST_GSEB_DPS_2026_2027_ENG_STD11_ART_ART,GSEB,DPS,ENG,STD11_ART,ART,F,2026-2027,1,Student cohort for Standard 11 (Arts) ART Division F in 2026-2027.
DPS-2026-GSEB-ENG-STD12_SCI-SCI-A,DPS 2026-2027 English Medium Standard 12 (Science) SCI Division A,DPS-2026-GSEB-ENG-STD12_SCI-SCI-A,DRONA_TRUST_GSEB_DPS_2026_2027_ENG_STD12_SCI_SCI,GSEB,DPS,ENG,STD12_SCI,SCI,A,2026-2027,1,Student cohort for Standard 12 (Science) SCI Division A in 2026-2027.
DPS-2026-GSEB-ENG-STD12_SCI-SCI-B,DPS 2026-2027 English Medium Standard 12 (Science) SCI Division B,DPS-2026-GSEB-ENG-STD12_SCI-SCI-B,DRONA_TRUST_GSEB_DPS_2026_2027_ENG_STD12_SCI_SCI,GSEB,DPS,ENG,STD12_SCI,SCI,B,2026-2027,1,Student cohort for Standard 12 (Science) SCI Division B in 2026-2027.
DPS-2026-GSEB-ENG-STD12_SCI-SCI-C,DPS 2026-2027 English Medium Standard 12 (Science) SCI Division C,DPS-2026-GSEB-ENG-STD12_SCI-SCI-C,DRONA_TRUST_GSEB_DPS_2026_2027_ENG_STD12_SCI_SCI,GSEB,DPS,ENG,STD12_SCI,SCI,C,2026-2027,1,Student cohort for Standard 12 (Science) SCI Division C in 2026-2027.
DPS-2026-GSEB-ENG-STD12_SCI-SCI-D,DPS 2026-2027 English Medium Standard 12 (Science) SCI Division D,DPS-2026-GSEB-ENG-STD12_SCI-SCI-D,DRONA_TRUST_GSEB_DPS_2026_2027_ENG_STD12_SCI_SCI,GSEB,DPS,ENG,STD12_SCI,SCI,D,2026-2027,1,Student cohort for Standard 12 (Science) SCI Division D in 2026-2027.
DPS-2026-GSEB-ENG-STD12_SCI-SCI-E,DPS 2026-2027 English Medium Standard 12 (Science) SCI Division E,DPS-2026-GSEB-ENG-STD12_SCI-SCI-E,DRONA_TRUST_GSEB_DPS_2026_2027_ENG_STD12_SCI_SCI,GSEB,DPS,ENG,STD12_SCI,SCI,E,2026-2027,1,Student cohort for Standard 12 (Science) SCI Division E in 2026-2027.
DPS-2026-GSEB-ENG-STD12_SCI-SCI-F,DPS 2026-2027 English Medium Standard 12 (Science) SCI Division F,DPS-2026-GSEB-ENG-STD12_SCI-SCI-F,DRONA_TRUST_GSEB_DPS_2026_2027_ENG_STD12_SCI_SCI,GSEB,DPS,ENG,STD12_SCI,SCI,F,2026-2027,1,Student cohort for Standard 12 (Science) SCI Division F in 2026-2027.
DPS-2026-GSEB-ENG-STD12_COM-COM-A,DPS 2026-2027 English Medium Standard 12 (Commerce) COM Division A,DPS-2026-GSEB-ENG-STD12_COM-COM-A,DRONA_TRUST_GSEB_DPS_2026_2027_ENG_STD12_COM_COM,GSEB,DPS,ENG,STD12_COM,COM,A,2026-2027,1,Student cohort for Standard 12 (Commerce) COM Division A in 2026-2027.
DPS-2026-GSEB-ENG-STD12_COM-COM-B,DPS 2026-2027 English Medium Standard 12 (Commerce) COM Division B,DPS-2026-GSEB-ENG-STD12_COM-COM-B,DRONA_TRUST_GSEB_DPS_2026_2027_ENG_STD12_COM_COM,GSEB,DPS,ENG,STD12_COM,COM,B,2026-2027,1,Student cohort for Standard 12 (Commerce) COM Division B in 2026-2027.
DPS-2026-GSEB-ENG-STD12_COM-COM-C,DPS 2026-2027 English Medium Standard 12 (Commerce) COM Division C,DPS-2026-GSEB-ENG-STD12_COM-COM-C,DRONA_TRUST_GSEB_DPS_2026_2027_ENG_STD12_COM_COM,GSEB,DPS,ENG,STD12_COM,COM,C,2026-2027,1,Student cohort for Standard 12 (Commerce) COM Division C in 2026-2027.
DPS-2026-GSEB-ENG-STD12_COM-COM-D,DPS 2026-2027 English Medium Standard 12 (Commerce) COM Division D,DPS-2026-GSEB-ENG-STD12_COM-COM-D,DRONA_TRUST_GSEB_DPS_2026_2027_ENG_STD12_COM_COM,GSEB,DPS,ENG,STD12_COM,COM,D,2026-2027,1,Student cohort for Standard 12 (Commerce) COM Division D in 2026-2027.
DPS-2026-GSEB-ENG-STD12_COM-COM-E,DPS 2026-2027 English Medium Standard 12 (Commerce) COM Division E,DPS-2026-GSEB-ENG-STD12_COM-COM-E,DRONA_TRUST_GSEB_DPS_2026_2027_ENG_STD12_COM_COM,GSEB,DPS,ENG,STD12_COM,COM,E,2026-2027,1,Student cohort for Standard 12 (Commerce) COM Division E in 2026-2027.
DPS-2026-GSEB-ENG-STD12_COM-COM-F,DPS 2026-2027 English Medium Standard 12 (Commerce) COM Division F,DPS-2026-GSEB-ENG-STD12_COM-COM-F,DRONA_TRUST_GSEB_DPS_2026_2027_ENG_STD12_COM_COM,GSEB,DPS,ENG,STD12_COM,COM,F,2026-2027,1,Student cohort for Standard 12 (Commerce) COM Division F in 2026-2027.
DPS-2026-GSEB-ENG-STD12_ART-ART-A,DPS 2026-2027 English Medium Standard 12 (Arts) ART Division A,DPS-2026-GSEB-ENG-STD12_ART-ART-A,DRONA_TRUST_GSEB_DPS_2026_2027_ENG_STD12_ART_ART,GSEB,DPS,ENG,STD12_ART,ART,A,2026-2027,1,Student cohort for Standard 12 (Arts) ART Division A in 2026-2027.
DPS-2026-GSEB-ENG-STD12_ART-ART-B,DPS 2026-2027 English Medium Standard 12 (Arts) ART Division B,DPS-2026-GSEB-ENG-STD12_ART-ART-B,DRONA_TRUST_GSEB_DPS_2026_2027_ENG_STD12_ART_ART,GSEB,DPS,ENG,STD12_ART,ART,B,2026-2027,1,Student cohort for Standard 12 (Arts) ART Division B in 2026-2027.
DPS-2026-GSEB-ENG-STD12_ART-ART-C,DPS 2026-2027 English Medium Standard 12 (Arts) ART Division C,DPS-2026-GSEB-ENG-STD12_ART-ART-C,DRONA_TRUST_GSEB_DPS_2026_2027_ENG_STD12_ART_ART,GSEB,DPS,ENG,STD12_ART,ART,C,2026-2027,1,Student cohort for Standard 12 (Arts) ART Division C in 2026-2027.
DPS-2026-GSEB-ENG-STD12_ART-ART-D,DPS 2026-2027 English Medium Standard 12 (Arts) ART Division D,DPS-2026-GSEB-ENG-STD12_ART-ART-D,DRONA_TRUST_GSEB_DPS_2026_2027_ENG_STD12_ART_ART,GSEB,DPS,ENG,STD12_ART,ART,D,2026-2027,1,Student cohort for Standard 12 (Arts) ART Division D in 2026-2027.
DPS-2026-GSEB-ENG-STD12_ART-ART-E,DPS 2026-2027 English Medium Standard 12 (Arts) ART Division E,DPS-2026-GSEB-ENG-STD12_ART-ART-E,DRONA_TRUST_GSEB_DPS_2026_2027_ENG_STD12_ART_ART,GSEB,DPS,ENG,STD12_ART,ART,E,2026-2027,1,Student cohort for Standard 12 (Arts) ART Division E in 2026-2027.
DPS-2026-GSEB-ENG-STD12_ART-ART-F,DPS 2026-2027 English Medium Standard 12 (Arts) ART Division F,DPS-2026-GSEB-ENG-STD12_ART-ART-F,DRONA_TRUST_GSEB_DPS_2026_2027_ENG_STD12_ART_ART,GSEB,DPS,ENG,STD12_ART,ART,F,2026-2027,1,Student cohort for Standard 12 (Arts) ART Division F in 2026-2027.
DPS-2026-GSEB-ENG-ITI_ELEC-VOC_IND-A,DPS 2026-2027 English Medium ITI Electrician (Vocational) VOC_IND Division A,DPS-2026-GSEB-ENG-ITI_ELEC-VOC_IND-A,DRONA_TRUST_GSEB_DPS_2026_2027_ENG_ITI_ELEC_VOC_IND,GSEB,DPS,ENG,ITI_ELEC,VOC_IND,A,2026-2027,1,Student cohort for ITI Electrician (Vocational) VOC_IND Division A in 2026-2027.
DPS-2026-GSEB-ENG-ITI_ELEC-VOC_IND-B,DPS 2026-2027 English Medium ITI Electrician (Vocational) VOC_IND Division B,DPS-2026-GSEB-ENG-ITI_ELEC-VOC_IND-B,DRONA_TRUST_GSEB_DPS_2026_2027_ENG_ITI_ELEC_VOC_IND,GSEB,DPS,ENG,ITI_ELEC,VOC_IND,B,2026-2027,1,Student cohort for ITI Electrician (Vocational) VOC_IND Division B in 2026-2027.
DPS-2026-GSEB-ENG-ITI_ELEC-VOC_IND-C,DPS 2026-2027 English Medium ITI Electrician (Vocational) VOC_IND Division C,DPS-2026-GSEB-ENG-ITI_ELEC-VOC_IND-C,DRONA_TRUST_GSEB_DPS_2026_2027_ENG_ITI_ELEC_VOC_IND,GSEB,DPS,ENG,ITI_ELEC,VOC_IND,C,2026-2027,1,Student cohort for ITI Electrician (Vocational) VOC_IND Division C in 2026-2027.
DPS-2026-GSEB-ENG-ITI_ELEC-VOC_IND-D,DPS 2026-2027 English Medium ITI Electrician (Vocational) VOC_IND Division D,DPS-2026-GSEB-ENG-ITI_ELEC-VOC_IND-D,DRONA_TRUST_GSEB_DPS_2026_2027_ENG_ITI_ELEC_VOC_IND,GSEB,DPS,ENG,ITI_ELEC,VOC_IND,D,2026-2027,1,Student cohort for ITI Electrician (Vocational) VOC_IND Division D in 2026-2027.
DPS-2026-GSEB-ENG-ITI_ELEC-VOC_IND-E,DPS 2026-2027 English Medium ITI Electrician (Vocational) VOC_IND Division E,DPS-2026-GSEB-ENG-ITI_ELEC-VOC_IND-E,DRONA_TRUST_GSEB_DPS_2026_2027_ENG_ITI_ELEC_VOC_IND,GSEB,DPS,ENG,ITI_ELEC,VOC_IND,E,2026-2027,1,Student cohort for ITI Electrician (Vocational) VOC_IND Division E in 2026-2027.
DPS-2026-GSEB-ENG-ITI_ELEC-VOC_IND-F,DPS 2026-2027 English Medium ITI Electrician (Vocational) VOC_IND Division F,DPS-2026-GSEB-ENG-ITI_ELEC-VOC_IND-F,DRONA_TRUST_GSEB_DPS_2026_2027_ENG_ITI_ELEC_VOC_IND,GSEB,DPS,ENG,ITI_ELEC,VOC_IND,F,2026-2027,1,Student cohort for ITI Electrician (Vocational) VOC_IND Division F in 2026-2027.
DPS-2026-GSEB-ENG-ITI_FIT-VOC_IND-A,DPS 2026-2027 English Medium ITI Fitter (Vocational) VOC_IND Division A,DPS-2026-GSEB-ENG-ITI_FIT-VOC_IND-A,DRONA_TRUST_GSEB_DPS_2026_2027_ENG_ITI_FIT_VOC_IND,GSEB,DPS,ENG,ITI_FIT,VOC_IND,A,2026-2027,1,Student cohort for ITI Fitter (Vocational) VOC_IND Division A in 2026-2027.
DPS-2026-GSEB-ENG-ITI_FIT-VOC_IND-B,DPS 2026-2027 English Medium ITI Fitter (Vocational) VOC_IND Division B,DPS-2026-GSEB-ENG-ITI_FIT-VOC_IND-B,DRONA_TRUST_GSEB_DPS_2026_2027_ENG_ITI_FIT_VOC_IND,GSEB,DPS,ENG,ITI_FIT,VOC_IND,B,2026-2027,1,Student cohort for ITI Fitter (Vocational) VOC_IND Division B in 2026-2027.
DPS-2026-GSEB-ENG-ITI_FIT-VOC_IND-C,DPS 2026-2027 English Medium ITI Fitter (Vocational) VOC_IND Division C,DPS-2026-GSEB-ENG-ITI_FIT-VOC_IND-C,DRONA_TRUST_GSEB_DPS_2026_2027_ENG_ITI_FIT_VOC_IND,GSEB,DPS,ENG,ITI_FIT,VOC_IND,C,2026-2027,1,Student cohort for ITI Fitter (Vocational) VOC_IND Division C in 2026-2027.
DPS-2026-GSEB-ENG-ITI_FIT-VOC_IND-D,DPS 2026-2027 English Medium ITI Fitter (Vocational) VOC_IND Division D,DPS-2026-GSEB-ENG-ITI_FIT-VOC_IND-D,DRONA_TRUST_GSEB_DPS_2026_2027_ENG_ITI_FIT_VOC_IND,GSEB,DPS,ENG,ITI_FIT,VOC_IND,D,2026-2027,1,Student cohort for ITI Fitter (Vocational) VOC_IND Division D in 2026-2027.
DPS-2026-GSEB-ENG-ITI_FIT-VOC_IND-E,DPS 2026-2027 English Medium ITI Fitter (Vocational) VOC_IND Division E,DPS-2026-GSEB-ENG-ITI_FIT-VOC_IND-E,DRONA_TRUST_GSEB_DPS_2026_2027_ENG_ITI_FIT_VOC_IND,GSEB,DPS,ENG,ITI_FIT,VOC_IND,E,2026-2027,1,Student cohort for ITI Fitter (Vocational) VOC_IND Division E in 2026-2027.
DPS-2026-GSEB-ENG-ITI_FIT-VOC_IND-F,DPS 2026-2027 English Medium ITI Fitter (Vocational) VOC_IND Division F,DPS-2026-GSEB-ENG-ITI_FIT-VOC_IND-F,DRONA_TRUST_GSEB_DPS_2026_2027_ENG_ITI_FIT_VOC_IND,GSEB,DPS,ENG,ITI_FIT,VOC_IND,F,2026-2027,1,Student cohort for ITI Fitter (Vocational) VOC_IND Division F in 2026-2027.
DPS-2026-GSEB-ENG-POLY_ME_Y1-ENG-A,DPS 2026-2027 English Medium Polytechnic Diploma Mechanical - Y1 ENG Division A,DPS-2026-GSEB-ENG-POLY_ME_Y1-ENG-A,DRONA_TRUST_GSEB_DPS_2026_2027_ENG_POLY_ME_Y1_ENG,GSEB,DPS,ENG,POLY_ME_Y1,ENG,A,2026-2027,1,Student cohort for Polytechnic Diploma Mechanical - Y1 ENG Division A in 2026-2027.
DPS-2026-GSEB-ENG-POLY_ME_Y1-ENG-B,DPS 2026-2027 English Medium Polytechnic Diploma Mechanical - Y1 ENG Division B,DPS-2026-GSEB-ENG-POLY_ME_Y1-ENG-B,DRONA_TRUST_GSEB_DPS_2026_2027_ENG_POLY_ME_Y1_ENG,GSEB,DPS,ENG,POLY_ME_Y1,ENG,B,2026-2027,1,Student cohort for Polytechnic Diploma Mechanical - Y1 ENG Division B in 2026-2027.
DPS-2026-GSEB-ENG-POLY_ME_Y1-ENG-C,DPS 2026-2027 English Medium Polytechnic Diploma Mechanical - Y1 ENG Division C,DPS-2026-GSEB-ENG-POLY_ME_Y1-ENG-C,DRONA_TRUST_GSEB_DPS_2026_2027_ENG_POLY_ME_Y1_ENG,GSEB,DPS,ENG,POLY_ME_Y1,ENG,C,2026-2027,1,Student cohort for Polytechnic Diploma Mechanical - Y1 ENG Division C in 2026-2027.
DPS-2026-GSEB-ENG-POLY_ME_Y1-ENG-D,DPS 2026-2027 English Medium Polytechnic Diploma Mechanical - Y1 ENG Division D,DPS-2026-GSEB-ENG-POLY_ME_Y1-ENG-D,DRONA_TRUST_GSEB_DPS_2026_2027_ENG_POLY_ME_Y1_ENG,GSEB,DPS,ENG,POLY_ME_Y1,ENG,D,2026-2027,1,Student cohort for Polytechnic Diploma Mechanical - Y1 ENG Division D in 2026-2027.
DPS-2026-GSEB-ENG-POLY_ME_Y1-ENG-E,DPS 2026-2027 English Medium Polytechnic Diploma Mechanical - Y1 ENG Division E,DPS-2026-GSEB-ENG-POLY_ME_Y1-ENG-E,DRONA_TRUST_GSEB_DPS_2026_2027_ENG_POLY_ME_Y1_ENG,GSEB,DPS,ENG,POLY_ME_Y1,ENG,E,2026-2027,1,Student cohort for Polytechnic Diploma Mechanical - Y1 ENG Division E in 2026-2027.
DPS-2026-GSEB-ENG-POLY_ME_Y1-ENG-F,DPS 2026-2027 English Medium Polytechnic Diploma Mechanical - Y1 ENG Division F,DPS-2026-GSEB-ENG-POLY_ME_Y1-ENG-F,DRONA_TRUST_GSEB_DPS_2026_2027_ENG_POLY_ME_Y1_ENG,GSEB,DPS,ENG,POLY_ME_Y1,ENG,F,2026-2027,1,Student cohort for Polytechnic Diploma Mechanical - Y1 ENG Division F in 2026-2027.
DPS-2026-GSEB-ENG-POLY_ME_Y2-ENG-A,DPS 2026-2027 English Medium Polytechnic Diploma Mechanical - Y2 ENG Division A,DPS-2026-GSEB-ENG-POLY_ME_Y2-ENG-A,DRONA_TRUST_GSEB_DPS_2026_2027_ENG_POLY_ME_Y2_ENG,GSEB,DPS,ENG,POLY_ME_Y2,ENG,A,2026-2027,1,Student cohort for Polytechnic Diploma Mechanical - Y2 ENG Division A in 2026-2027.
DPS-2026-GSEB-ENG-POLY_ME_Y2-ENG-B,DPS 2026-2027 English Medium Polytechnic Diploma Mechanical - Y2 ENG Division B,DPS-2026-GSEB-ENG-POLY_ME_Y2-ENG-B,DRONA_TRUST_GSEB_DPS_2026_2027_ENG_POLY_ME_Y2_ENG,GSEB,DPS,ENG,POLY_ME_Y2,ENG,B,2026-2027,1,Student cohort for Polytechnic Diploma Mechanical - Y2 ENG Division B in 2026-2027.
DPS-2026-GSEB-ENG-POLY_ME_Y2-ENG-C,DPS 2026-2027 English Medium Polytechnic Diploma Mechanical - Y2 ENG Division C,DPS-2026-GSEB-ENG-POLY_ME_Y2-ENG-C,DRONA_TRUST_GSEB_DPS_2026_2027_ENG_POLY_ME_Y2_ENG,GSEB,DPS,ENG,POLY_ME_Y2,ENG,C,2026-2027,1,Student cohort for Polytechnic Diploma Mechanical - Y2 ENG Division C in 2026-2027.
DPS-2026-GSEB-ENG-POLY_ME_Y2-ENG-D,DPS 2026-2027 English Medium Polytechnic Diploma Mechanical - Y2 ENG Division D,DPS-2026-GSEB-ENG-POLY_ME_Y2-ENG-D,DRONA_TRUST_GSEB_DPS_2026_2027_ENG_POLY_ME_Y2_ENG,GSEB,DPS,ENG,POLY_ME_Y2,ENG,D,2026-2027,1,Student cohort for Polytechnic Diploma Mechanical - Y2 ENG Division D in 2026-2027.
DPS-2026-GSEB-ENG-POLY_ME_Y2-ENG-E,DPS 2026-2027 English Medium Polytechnic Diploma Mechanical - Y2 ENG Division E,DPS-2026-GSEB-ENG-POLY_ME_Y2-ENG-E,DRONA_TRUST_GSEB_DPS_2026_2027_ENG_POLY_ME_Y2_ENG,GSEB,DPS,ENG,POLY_ME_Y2,ENG,E,2026-2027,1,Student cohort for Polytechnic Diploma Mechanical - Y2 ENG Division E in 2026-2027.
DPS-2026-GSEB-ENG-POLY_ME_Y2-ENG-F,DPS 2026-2027 English Medium Polytechnic Diploma Mechanical - Y2 ENG Division F,DPS-2026-GSEB-ENG-POLY_ME_Y2-ENG-F,DRONA_TRUST_GSEB_DPS_2026_2027_ENG_POLY_ME_Y2_ENG,GSEB,DPS,ENG,POLY_ME_Y2,ENG,F,2026-2027,1,Student cohort for Polytechnic Diploma Mechanical - Y2 ENG Division F in 2026-2027.
DPS-2026-GSEB-ENG-POLY_ME_Y3-ENG-A,DPS 2026-2027 English Medium Polytechnic Diploma Mechanical - Y3 ENG Division A,DPS-2026-GSEB-ENG-POLY_ME_Y3-ENG-A,DRONA_TRUST_GSEB_DPS_2026_2027_ENG_POLY_ME_Y3_ENG,GSEB,DPS,ENG,POLY_ME_Y3,ENG,A,2026-2027,1,Student cohort for Polytechnic Diploma Mechanical - Y3 ENG Division A in 2026-2027.
DPS-2026-GSEB-ENG-POLY_ME_Y3-ENG-B,DPS 2026-2027 English Medium Polytechnic Diploma Mechanical - Y3 ENG Division B,DPS-2026-GSEB-ENG-POLY_ME_Y3-ENG-B,DRONA_TRUST_GSEB_DPS_2026_2027_ENG_POLY_ME_Y3_ENG,GSEB,DPS,ENG,POLY_ME_Y3,ENG,B,2026-2027,1,Student cohort for Polytechnic Diploma Mechanical - Y3 ENG Division B in 2026-2027.
DPS-2026-GSEB-ENG-POLY_ME_Y3-ENG-C,DPS 2026-2027 English Medium Polytechnic Diploma Mechanical - Y3 ENG Division C,DPS-2026-GSEB-ENG-POLY_ME_Y3-ENG-C,DRONA_TRUST_GSEB_DPS_2026_2027_ENG_POLY_ME_Y3_ENG,GSEB,DPS,ENG,POLY_ME_Y3,ENG,C,2026-2027,1,Student cohort for Polytechnic Diploma Mechanical - Y3 ENG Division C in 2026-2027.
DPS-2026-GSEB-ENG-POLY_ME_Y3-ENG-D,DPS 2026-2027 English Medium Polytechnic Diploma Mechanical - Y3 ENG Division D,DPS-2026-GSEB-ENG-POLY_ME_Y3-ENG-D,DRONA_TRUST_GSEB_DPS_2026_2027_ENG_POLY_ME_Y3_ENG,GSEB,DPS,ENG,POLY_ME_Y3,ENG,D,2026-2027,1,Student cohort for Polytechnic Diploma Mechanical - Y3 ENG Division D in 2026-2027.
DPS-2026-GSEB-ENG-POLY_ME_Y3-ENG-E,DPS 2026-2027 English Medium Polytechnic Diploma Mechanical - Y3 ENG Division E,DPS-2026-GSEB-ENG-POLY_ME_Y3-ENG-E,DRONA_TRUST_GSEB_DPS_2026_2027_ENG_POLY_ME_Y3_ENG,GSEB,DPS,ENG,POLY_ME_Y3,ENG,E,2026-2027,1,Student cohort for Polytechnic Diploma Mechanical - Y3 ENG Division E in 2026-2027.
DPS-2026-GSEB-ENG-POLY_ME_Y3-ENG-F,DPS 2026-2027 English Medium Polytechnic Diploma Mechanical - Y3 ENG Division F,DPS-2026-GSEB-ENG-POLY_ME_Y3-ENG-F,DRONA_TRUST_GSEB_DPS_2026_2027_ENG_POLY_ME_Y3_ENG,GSEB,DPS,ENG,POLY_ME_Y3,ENG,F,2026-2027,1,Student cohort for Polytechnic Diploma Mechanical - Y3 ENG Division F in 2026-2027.
DPS-2026-GSEB-ENG-POLY_CE_Y1-ENG-A,DPS 2026-2027 English Medium Polytechnic Diploma Civil - Y1 ENG Division A,DPS-2026-GSEB-ENG-POLY_CE_Y1-ENG-A,DRONA_TRUST_GSEB_DPS_2026_2027_ENG_POLY_CE_Y1_ENG,GSEB,DPS,ENG,POLY_CE_Y1,ENG,A,2026-2027,1,Student cohort for Polytechnic Diploma Civil - Y1 ENG Division A in 2026-2027.
DPS-2026-GSEB-ENG-POLY_CE_Y1-ENG-B,DPS 2026-2027 English Medium Polytechnic Diploma Civil - Y1 ENG Division B,DPS-2026-GSEB-ENG-POLY_CE_Y1-ENG-B,DRONA_TRUST_GSEB_DPS_2026_2027_ENG_POLY_CE_Y1_ENG,GSEB,DPS,ENG,POLY_CE_Y1,ENG,B,2026-2027,1,Student cohort for Polytechnic Diploma Civil - Y1 ENG Division B in 2026-2027.
DPS-2026-GSEB-ENG-POLY_CE_Y1-ENG-C,DPS 2026-2027 English Medium Polytechnic Diploma Civil - Y1 ENG Division C,DPS-2026-GSEB-ENG-POLY_CE_Y1-ENG-C,DRONA_TRUST_GSEB_DPS_2026_2027_ENG_POLY_CE_Y1_ENG,GSEB,DPS,ENG,POLY_CE_Y1,ENG,C,2026-2027,1,Student cohort for Polytechnic Diploma Civil - Y1 ENG Division C in 2026-2027.
DPS-2026-GSEB-ENG-POLY_CE_Y1-ENG-D,DPS 2026-2027 English Medium Polytechnic Diploma Civil - Y1 ENG Division D,DPS-2026-GSEB-ENG-POLY_CE_Y1-ENG-D,DRONA_TRUST_GSEB_DPS_2026_2027_ENG_POLY_CE_Y1_ENG,GSEB,DPS,ENG,POLY_CE_Y1,ENG,D,2026-2027,1,Student cohort for Polytechnic Diploma Civil - Y1 ENG Division D in 2026-2027.
DPS-2026-GSEB-ENG-POLY_CE_Y1-ENG-E,DPS 2026-2027 English Medium Polytechnic Diploma Civil - Y1 ENG Division E,DPS-2026-GSEB-ENG-POLY_CE_Y1-ENG-E,DRONA_TRUST_GSEB_DPS_2026_2027_ENG_POLY_CE_Y1_ENG,GSEB,DPS,ENG,POLY_CE_Y1,ENG,E,2026-2027,1,Student cohort for Polytechnic Diploma Civil - Y1 ENG Division E in 2026-2027.
DPS-2026-GSEB-ENG-POLY_CE_Y1-ENG-F,DPS 2026-2027 English Medium Polytechnic Diploma Civil - Y1 ENG Division F,DPS-2026-GSEB-ENG-POLY_CE_Y1-ENG-F,DRONA_TRUST_GSEB_DPS_2026_2027_ENG_POLY_CE_Y1_ENG,GSEB,DPS,ENG,POLY_CE_Y1,ENG,F,2026-2027,1,Student cohort for Polytechnic Diploma Civil - Y1 ENG Division F in 2026-2027.
DPS-2026-GSEB-ENG-POLY_CE_Y2-ENG-A,DPS 2026-2027 English Medium Polytechnic Diploma Civil - Y2 ENG Division A,DPS-2026-GSEB-ENG-POLY_CE_Y2-ENG-A,DRONA_TRUST_GSEB_DPS_2026_2027_ENG_POLY_CE_Y2_ENG,GSEB,DPS,ENG,POLY_CE_Y2,ENG,A,2026-2027,1,Student cohort for Polytechnic Diploma Civil - Y2 ENG Division A in 2026-2027.
DPS-2026-GSEB-ENG-POLY_CE_Y2-ENG-B,DPS 2026-2027 English Medium Polytechnic Diploma Civil - Y2 ENG Division B,DPS-2026-GSEB-ENG-POLY_CE_Y2-ENG-B,DRONA_TRUST_GSEB_DPS_2026_2027_ENG_POLY_CE_Y2_ENG,GSEB,DPS,ENG,POLY_CE_Y2,ENG,B,2026-2027,1,Student cohort for Polytechnic Diploma Civil - Y2 ENG Division B in 2026-2027.
DPS-2026-GSEB-ENG-POLY_CE_Y2-ENG-C,DPS 2026-2027 English Medium Polytechnic Diploma Civil - Y2 ENG Division C,DPS-2026-GSEB-ENG-POLY_CE_Y2-ENG-C,DRONA_TRUST_GSEB_DPS_2026_2027_ENG_POLY_CE_Y2_ENG,GSEB,DPS,ENG,POLY_CE_Y2,ENG,C,2026-2027,1,Student cohort for Polytechnic Diploma Civil - Y2 ENG Division C in 2026-2027.
DPS-2026-GSEB-ENG-POLY_CE_Y2-ENG-D,DPS 2026-2027 English Medium Polytechnic Diploma Civil - Y2 ENG Division D,DPS-2026-GSEB-ENG-POLY_CE_Y2-ENG-D,DRONA_TRUST_GSEB_DPS_2026_2027_ENG_POLY_CE_Y2_ENG,GSEB,DPS,ENG,POLY_CE_Y2,ENG,D,2026-2027,1,Student cohort for Polytechnic Diploma Civil - Y2 ENG Division D in 2026-2027.
DPS-2026-GSEB-ENG-POLY_CE_Y2-ENG-E,DPS 2026-2027 English Medium Polytechnic Diploma Civil - Y2 ENG Division E,DPS-2026-GSEB-ENG-POLY_CE_Y2-ENG-E,DRONA_TRUST_GSEB_DPS_2026_2027_ENG_POLY_CE_Y2_ENG,GSEB,DPS,ENG,POLY_CE_Y2,ENG,E,2026-2027,1,Student cohort for Polytechnic Diploma Civil - Y2 ENG Division E in 2026-2027.
DPS-2026-GSEB-ENG-POLY_CE_Y2-ENG-F,DPS 2026-2027 English Medium Polytechnic Diploma Civil - Y2 ENG Division F,DPS-2026-GSEB-ENG-POLY_CE_Y2-ENG-F,DRONA_TRUST_GSEB_DPS_2026_2027_ENG_POLY_CE_Y2_ENG,GSEB,DPS,ENG,POLY_CE_Y2,ENG,F,2026-2027,1,Student cohort for Polytechnic Diploma Civil - Y2 ENG Division F in 2026-2027.
DPS-2026-GSEB-ENG-POLY_CE_Y3-ENG-A,DPS 2026-2027 English Medium Polytechnic Diploma Civil - Y3 ENG Division A,DPS-2026-GSEB-ENG-POLY_CE_Y3-ENG-A,DRONA_TRUST_GSEB_DPS_2026_2027_ENG_POLY_CE_Y3_ENG,GSEB,DPS,ENG,POLY_CE_Y3,ENG,A,2026-2027,1,Student cohort for Polytechnic Diploma Civil - Y3 ENG Division A in 2026-2027.
DPS-2026-GSEB-ENG-POLY_CE_Y3-ENG-B,DPS 2026-2027 English Medium Polytechnic Diploma Civil - Y3 ENG Division B,DPS-2026-GSEB-ENG-POLY_CE_Y3-ENG-B,DRONA_TRUST_GSEB_DPS_2026_2027_ENG_POLY_CE_Y3_ENG,GSEB,DPS,ENG,POLY_CE_Y3,ENG,B,2026-2027,1,Student cohort for Polytechnic Diploma Civil - Y3 ENG Division B in 2026-2027.
DPS-2026-GSEB-ENG-POLY_CE_Y3-ENG-C,DPS 2026-2027 English Medium Polytechnic Diploma Civil - Y3 ENG Division C,DPS-2026-GSEB-ENG-POLY_CE_Y3-ENG-C,DRONA_TRUST_GSEB_DPS_2026_2027_ENG_POLY_CE_Y3_ENG,GSEB,DPS,ENG,POLY_CE_Y3,ENG,C,2026-2027,1,Student cohort for Polytechnic Diploma Civil - Y3 ENG Division C in 2026-2027.
DPS-2026-GSEB-ENG-POLY_CE_Y3-ENG-D,DPS 2026-2027 English Medium Polytechnic Diploma Civil - Y3 ENG Division D,DPS-2026-GSEB-ENG-POLY_CE_Y3-ENG-D,DRONA_TRUST_GSEB_DPS_2026_2027_ENG_POLY_CE_Y3_ENG,GSEB,DPS,ENG,POLY_CE_Y3,ENG,D,2026-2027,1,Student cohort for Polytechnic Diploma Civil - Y3 ENG Division D in 2026-2027.
DPS-2026-GSEB-ENG-POLY_CE_Y3-ENG-E,DPS 2026-2027 English Medium Polytechnic Diploma Civil - Y3 ENG Division E,DPS-2026-GSEB-ENG-POLY_CE_Y3-ENG-E,DRONA_TRUST_GSEB_DPS_2026_2027_ENG_POLY_CE_Y3_ENG,GSEB,DPS,ENG,POLY_CE_Y3,ENG,E,2026-2027,1,Student cohort for Polytechnic Diploma Civil - Y3 ENG Division E in 2026-2027.
DPS-2026-GSEB-ENG-POLY_CE_Y3-ENG-F,DPS 2026-2027 English Medium Polytechnic Diploma Civil - Y3 ENG Division F,DPS-2026-GSEB-ENG-POLY_CE_Y3-ENG-F,DRONA_TRUST_GSEB_DPS_2026_2027_ENG_POLY_CE_Y3_ENG,GSEB,DPS,ENG,POLY_CE_Y3,ENG,F,2026-2027,1,Student cohort for Polytechnic Diploma Civil - Y3 ENG Division F in 2026-2027.
DPS-2026-GSEB-ENG-NUR_GNM_Y1-NUR-A,DPS 2026-2027 English Medium GNM (General Nursing & Midwifery) - Y1 NUR Division A,DPS-2026-GSEB-ENG-NUR_GNM_Y1-NUR-A,DRONA_TRUST_GSEB_DPS_2026_2027_ENG_NUR_GNM_Y1_NUR,GSEB,DPS,ENG,NUR_GNM_Y1,NUR,A,2026-2027,1,Student cohort for GNM (General Nursing & Midwifery) - Y1 NUR Division A in 2026-2027.
DPS-2026-GSEB-ENG-NUR_GNM_Y1-NUR-B,DPS 2026-2027 English Medium GNM (General Nursing & Midwifery) - Y1 NUR Division B,DPS-2026-GSEB-ENG-NUR_GNM_Y1-NUR-B,DRONA_TRUST_GSEB_DPS_2026_2027_ENG_NUR_GNM_Y1_NUR,GSEB,DPS,ENG,NUR_GNM_Y1,NUR,B,2026-2027,1,Student cohort for GNM (General Nursing & Midwifery) - Y1 NUR Division B in 2026-2027.
DPS-2026-GSEB-ENG-NUR_GNM_Y1-NUR-C,DPS 2026-2027 English Medium GNM (General Nursing & Midwifery) - Y1 NUR Division C,DPS-2026-GSEB-ENG-NUR_GNM_Y1-NUR-C,DRONA_TRUST_GSEB_DPS_2026_2027_ENG_NUR_GNM_Y1_NUR,GSEB,DPS,ENG,NUR_GNM_Y1,NUR,C,2026-2027,1,Student cohort for GNM (General Nursing & Midwifery) - Y1 NUR Division C in 2026-2027.
DPS-2026-GSEB-ENG-NUR_GNM_Y1-NUR-D,DPS 2026-2027 English Medium GNM (General Nursing & Midwifery) - Y1 NUR Division D,DPS-2026-GSEB-ENG-NUR_GNM_Y1-NUR-D,DRONA_TRUST_GSEB_DPS_2026_2027_ENG_NUR_GNM_Y1_NUR,GSEB,DPS,ENG,NUR_GNM_Y1,NUR,D,2026-2027,1,Student cohort for GNM (General Nursing & Midwifery) - Y1 NUR Division D in 2026-2027.
DPS-2026-GSEB-ENG-NUR_GNM_Y1-NUR-E,DPS 2026-2027 English Medium GNM (General Nursing & Midwifery) - Y1 NUR Division E,DPS-2026-GSEB-ENG-NUR_GNM_Y1-NUR-E,DRONA_TRUST_GSEB_DPS_2026_2027_ENG_NUR_GNM_Y1_NUR,GSEB,DPS,ENG,NUR_GNM_Y1,NUR,E,2026-2027,1,Student cohort for GNM (General Nursing & Midwifery) - Y1 NUR Division E in 2026-2027.
DPS-2026-GSEB-ENG-NUR_GNM_Y1-NUR-F,DPS 2026-2027 English Medium GNM (General Nursing & Midwifery) - Y1 NUR Division F,DPS-2026-GSEB-ENG-NUR_GNM_Y1-NUR-F,DRONA_TRUST_GSEB_DPS_2026_2027_ENG_NUR_GNM_Y1_NUR,GSEB,DPS,ENG,NUR_GNM_Y1,NUR,F,2026-2027,1,Student cohort for GNM (General Nursing & Midwifery) - Y1 NUR Division F in 2026-2027.
DPS-2026-GSEB-ENG-NUR_GNM_Y2-NUR-A,DPS 2026-2027 English Medium GNM (General Nursing & Midwifery) - Y2 NUR Division A,DPS-2026-GSEB-ENG-NUR_GNM_Y2-NUR-A,DRONA_TRUST_GSEB_DPS_2026_2027_ENG_NUR_GNM_Y2_NUR,GSEB,DPS,ENG,NUR_GNM_Y2,NUR,A,2026-2027,1,Student cohort for GNM (General Nursing & Midwifery) - Y2 NUR Division A in 2026-2027.
DPS-2026-GSEB-ENG-NUR_GNM_Y2-NUR-B,DPS 2026-2027 English Medium GNM (General Nursing & Midwifery) - Y2 NUR Division B,DPS-2026-GSEB-ENG-NUR_GNM_Y2-NUR-B,DRONA_TRUST_GSEB_DPS_2026_2027_ENG_NUR_GNM_Y2_NUR,GSEB,DPS,ENG,NUR_GNM_Y2,NUR,B,2026-2027,1,Student cohort for GNM (General Nursing & Midwifery) - Y2 NUR Division B in 2026-2027.
DPS-2026-GSEB-ENG-NUR_GNM_Y2-NUR-C,DPS 2026-2027 English Medium GNM (General Nursing & Midwifery) - Y2 NUR Division C,DPS-2026-GSEB-ENG-NUR_GNM_Y2-NUR-C,DRONA_TRUST_GSEB_DPS_2026_2027_ENG_NUR_GNM_Y2_NUR,GSEB,DPS,ENG,NUR_GNM_Y2,NUR,C,2026-2027,1,Student cohort for GNM (General Nursing & Midwifery) - Y2 NUR Division C in 2026-2027.
DPS-2026-GSEB-ENG-NUR_GNM_Y2-NUR-D,DPS 2026-2027 English Medium GNM (General Nursing & Midwifery) - Y2 NUR Division D,DPS-2026-GSEB-ENG-NUR_GNM_Y2-NUR-D,DRONA_TRUST_GSEB_DPS_2026_2027_ENG_NUR_GNM_Y2_NUR,GSEB,DPS,ENG,NUR_GNM_Y2,NUR,D,2026-2027,1,Student cohort for GNM (General Nursing & Midwifery) - Y2 NUR Division D in 2026-2027.
DPS-2026-GSEB-ENG-NUR_GNM_Y2-NUR-E,DPS 2026-2027 English Medium GNM (General Nursing & Midwifery) - Y2 NUR Division E,DPS-2026-GSEB-ENG-NUR_GNM_Y2-NUR-E,DRONA_TRUST_GSEB_DPS_2026_2027_ENG_NUR_GNM_Y2_NUR,GSEB,DPS,ENG,NUR_GNM_Y2,NUR,E,2026-2027,1,Student cohort for GNM (General Nursing & Midwifery) - Y2 NUR Division E in 2026-2027.
DPS-2026-GSEB-ENG-NUR_GNM_Y2-NUR-F,DPS 2026-2027 English Medium GNM (General Nursing & Midwifery) - Y2 NUR Division F,DPS-2026-GSEB-ENG-NUR_GNM_Y2-NUR-F,DRONA_TRUST_GSEB_DPS_2026_2027_ENG_NUR_GNM_Y2_NUR,GSEB,DPS,ENG,NUR_GNM_Y2,NUR,F,2026-2027,1,Student cohort for GNM (General Nursing & Midwifery) - Y2 NUR Division F in 2026-2027.
DPS-2026-GSEB-ENG-UNI_UG_CSE_Y1-ENG-A,DPS 2026-2027 English Medium B.Tech Computer Science (AI/ML) - Y1 ENG Division A,DPS-2026-GSEB-ENG-UNI_UG_CSE_Y1-ENG-A,DRONA_TRUST_GSEB_DPS_2026_2027_ENG_UNI_UG_CSE_Y1_ENG,GSEB,DPS,ENG,UNI_UG_CSE_Y1,ENG,A,2026-2027,1,Student cohort for B.Tech Computer Science (AI/ML) - Y1 ENG Division A in 2026-2027.
DPS-2026-GSEB-ENG-UNI_UG_CSE_Y1-ENG-B,DPS 2026-2027 English Medium B.Tech Computer Science (AI/ML) - Y1 ENG Division B,DPS-2026-GSEB-ENG-UNI_UG_CSE_Y1-ENG-B,DRONA_TRUST_GSEB_DPS_2026_2027_ENG_UNI_UG_CSE_Y1_ENG,GSEB,DPS,ENG,UNI_UG_CSE_Y1,ENG,B,2026-2027,1,Student cohort for B.Tech Computer Science (AI/ML) - Y1 ENG Division B in 2026-2027.
DPS-2026-GSEB-ENG-UNI_UG_CSE_Y1-ENG-C,DPS 2026-2027 English Medium B.Tech Computer Science (AI/ML) - Y1 ENG Division C,DPS-2026-GSEB-ENG-UNI_UG_CSE_Y1-ENG-C,DRONA_TRUST_GSEB_DPS_2026_2027_ENG_UNI_UG_CSE_Y1_ENG,GSEB,DPS,ENG,UNI_UG_CSE_Y1,ENG,C,2026-2027,1,Student cohort for B.Tech Computer Science (AI/ML) - Y1 ENG Division C in 2026-2027.
DPS-2026-GSEB-ENG-UNI_UG_CSE_Y1-ENG-D,DPS 2026-2027 English Medium B.Tech Computer Science (AI/ML) - Y1 ENG Division D,DPS-2026-GSEB-ENG-UNI_UG_CSE_Y1-ENG-D,DRONA_TRUST_GSEB_DPS_2026_2027_ENG_UNI_UG_CSE_Y1_ENG,GSEB,DPS,ENG,UNI_UG_CSE_Y1,ENG,D,2026-2027,1,Student cohort for B.Tech Computer Science (AI/ML) - Y1 ENG Division D in 2026-2027.
DPS-2026-GSEB-ENG-UNI_UG_CSE_Y1-ENG-E,DPS 2026-2027 English Medium B.Tech Computer Science (AI/ML) - Y1 ENG Division E,DPS-2026-GSEB-ENG-UNI_UG_CSE_Y1-ENG-E,DRONA_TRUST_GSEB_DPS_2026_2027_ENG_UNI_UG_CSE_Y1_ENG,GSEB,DPS,ENG,UNI_UG_CSE_Y1,ENG,E,2026-2027,1,Student cohort for B.Tech Computer Science (AI/ML) - Y1 ENG Division E in 2026-2027.
DPS-2026-GSEB-ENG-UNI_UG_CSE_Y1-ENG-F,DPS 2026-2027 English Medium B.Tech Computer Science (AI/ML) - Y1 ENG Division F,DPS-2026-GSEB-ENG-UNI_UG_CSE_Y1-ENG-F,DRONA_TRUST_GSEB_DPS_2026_2027_ENG_UNI_UG_CSE_Y1_ENG,GSEB,DPS,ENG,UNI_UG_CSE_Y1,ENG,F,2026-2027,1,Student cohort for B.Tech Computer Science (AI/ML) - Y1 ENG Division F in 2026-2027.
DPS-2026-GSEB-ENG-UNI_UG_CSE_Y2-ENG-A,DPS 2026-2027 English Medium B.Tech Computer Science (AI/ML) - Y2 ENG Division A,DPS-2026-GSEB-ENG-UNI_UG_CSE_Y2-ENG-A,DRONA_TRUST_GSEB_DPS_2026_2027_ENG_UNI_UG_CSE_Y2_ENG,GSEB,DPS,ENG,UNI_UG_CSE_Y2,ENG,A,2026-2027,1,Student cohort for B.Tech Computer Science (AI/ML) - Y2 ENG Division A in 2026-2027.
DPS-2026-GSEB-ENG-UNI_UG_CSE_Y2-ENG-B,DPS 2026-2027 English Medium B.Tech Computer Science (AI/ML) - Y2 ENG Division B,DPS-2026-GSEB-ENG-UNI_UG_CSE_Y2-ENG-B,DRONA_TRUST_GSEB_DPS_2026_2027_ENG_UNI_UG_CSE_Y2_ENG,GSEB,DPS,ENG,UNI_UG_CSE_Y2,ENG,B,2026-2027,1,Student cohort for B.Tech Computer Science (AI/ML) - Y2 ENG Division B in 2026-2027.
DPS-2026-GSEB-ENG-UNI_UG_CSE_Y2-ENG-C,DPS 2026-2027 English Medium B.Tech Computer Science (AI/ML) - Y2 ENG Division C,DPS-2026-GSEB-ENG-UNI_UG_CSE_Y2-ENG-C,DRONA_TRUST_GSEB_DPS_2026_2027_ENG_UNI_UG_CSE_Y2_ENG,GSEB,DPS,ENG,UNI_UG_CSE_Y2,ENG,C,2026-2027,1,Student cohort for B.Tech Computer Science (AI/ML) - Y2 ENG Division C in 2026-2027.
DPS-2026-GSEB-ENG-UNI_UG_CSE_Y2-ENG-D,DPS 2026-2027 English Medium B.Tech Computer Science (AI/ML) - Y2 ENG Division D,DPS-2026-GSEB-ENG-UNI_UG_CSE_Y2-ENG-D,DRONA_TRUST_GSEB_DPS_2026_2027_ENG_UNI_UG_CSE_Y2_ENG,GSEB,DPS,ENG,UNI_UG_CSE_Y2,ENG,D,2026-2027,1,Student cohort for B.Tech Computer Science (AI/ML) - Y2 ENG Division D in 2026-2027.
DPS-2026-GSEB-ENG-UNI_UG_CSE_Y2-ENG-E,DPS 2026-2027 English Medium B.Tech Computer Science (AI/ML) - Y2 ENG Division E,DPS-2026-GSEB-ENG-UNI_UG_CSE_Y2-ENG-E,DRONA_TRUST_GSEB_DPS_2026_2027_ENG_UNI_UG_CSE_Y2_ENG,GSEB,DPS,ENG,UNI_UG_CSE_Y2,ENG,E,2026-2027,1,Student cohort for B.Tech Computer Science (AI/ML) - Y2 ENG Division E in 2026-2027.
DPS-2026-GSEB-ENG-UNI_UG_CSE_Y2-ENG-F,DPS 2026-2027 English Medium B.Tech Computer Science (AI/ML) - Y2 ENG Division F,DPS-2026-GSEB-ENG-UNI_UG_CSE_Y2-ENG-F,DRONA_TRUST_GSEB_DPS_2026_2027_ENG_UNI_UG_CSE_Y2_ENG,GSEB,DPS,ENG,UNI_UG_CSE_Y2,ENG,F,2026-2027,1,Student cohort for B.Tech Computer Science (AI/ML) - Y2 ENG Division F in 2026-2027.
DPS-2026-GSEB-ENG-UNI_UG_CSE_Y3-ENG-A,DPS 2026-2027 English Medium B.Tech Computer Science (AI/ML) - Y3 ENG Division A,DPS-2026-GSEB-ENG-UNI_UG_CSE_Y3-ENG-A,DRONA_TRUST_GSEB_DPS_2026_2027_ENG_UNI_UG_CSE_Y3_ENG,GSEB,DPS,ENG,UNI_UG_CSE_Y3,ENG,A,2026-2027,1,Student cohort for B.Tech Computer Science (AI/ML) - Y3 ENG Division A in 2026-2027.
DPS-2026-GSEB-ENG-UNI_UG_CSE_Y3-ENG-B,DPS 2026-2027 English Medium B.Tech Computer Science (AI/ML) - Y3 ENG Division B,DPS-2026-GSEB-ENG-UNI_UG_CSE_Y3-ENG-B,DRONA_TRUST_GSEB_DPS_2026_2027_ENG_UNI_UG_CSE_Y3_ENG,GSEB,DPS,ENG,UNI_UG_CSE_Y3,ENG,B,2026-2027,1,Student cohort for B.Tech Computer Science (AI/ML) - Y3 ENG Division B in 2026-2027.
DPS-2026-GSEB-ENG-UNI_UG_CSE_Y3-ENG-C,DPS 2026-2027 English Medium B.Tech Computer Science (AI/ML) - Y3 ENG Division C,DPS-2026-GSEB-ENG-UNI_UG_CSE_Y3-ENG-C,DRONA_TRUST_GSEB_DPS_2026_2027_ENG_UNI_UG_CSE_Y3_ENG,GSEB,DPS,ENG,UNI_UG_CSE_Y3,ENG,C,2026-2027,1,Student cohort for B.Tech Computer Science (AI/ML) - Y3 ENG Division C in 2026-2027.
DPS-2026-GSEB-ENG-UNI_UG_CSE_Y3-ENG-D,DPS 2026-2027 English Medium B.Tech Computer Science (AI/ML) - Y3 ENG Division D,DPS-2026-GSEB-ENG-UNI_UG_CSE_Y3-ENG-D,DRONA_TRUST_GSEB_DPS_2026_2027_ENG_UNI_UG_CSE_Y3_ENG,GSEB,DPS,ENG,UNI_UG_CSE_Y3,ENG,D,2026-2027,1,Student cohort for B.Tech Computer Science (AI/ML) - Y3 ENG Division D in 2026-2027.
DPS-2026-GSEB-ENG-UNI_UG_CSE_Y3-ENG-E,DPS 2026-2027 English Medium B.Tech Computer Science (AI/ML) - Y3 ENG Division E,DPS-2026-GSEB-ENG-UNI_UG_CSE_Y3-ENG-E,DRONA_TRUST_GSEB_DPS_2026_2027_ENG_UNI_UG_CSE_Y3_ENG,GSEB,DPS,ENG,UNI_UG_CSE_Y3,ENG,E,2026-2027,1,Student cohort for B.Tech Computer Science (AI/ML) - Y3 ENG Division E in 2026-2027.
DPS-2026-GSEB-ENG-UNI_UG_CSE_Y3-ENG-F,DPS 2026-2027 English Medium B.Tech Computer Science (AI/ML) - Y3 ENG Division F,DPS-2026-GSEB-ENG-UNI_UG_CSE_Y3-ENG-F,DRONA_TRUST_GSEB_DPS_2026_2027_ENG_UNI_UG_CSE_Y3_ENG,GSEB,DPS,ENG,UNI_UG_CSE_Y3,ENG,F,2026-2027,1,Student cohort for B.Tech Computer Science (AI/ML) - Y3 ENG Division F in 2026-2027.
DPS-2026-GSEB-ENG-UNI_UG_CSE_Y4-ENG-A,DPS 2026-2027 English Medium B.Tech Computer Science (AI/ML) - Y4 ENG Division A,DPS-2026-GSEB-ENG-UNI_UG_CSE_Y4-ENG-A,DRONA_TRUST_GSEB_DPS_2026_2027_ENG_UNI_UG_CSE_Y4_ENG,GSEB,DPS,ENG,UNI_UG_CSE_Y4,ENG,A,2026-2027,1,Student cohort for B.Tech Computer Science (AI/ML) - Y4 ENG Division A in 2026-2027.
DPS-2026-GSEB-ENG-UNI_UG_CSE_Y4-ENG-B,DPS 2026-2027 English Medium B.Tech Computer Science (AI/ML) - Y4 ENG Division B,DPS-2026-GSEB-ENG-UNI_UG_CSE_Y4-ENG-B,DRONA_TRUST_GSEB_DPS_2026_2027_ENG_UNI_UG_CSE_Y4_ENG,GSEB,DPS,ENG,UNI_UG_CSE_Y4,ENG,B,2026-2027,1,Student cohort for B.Tech Computer Science (AI/ML) - Y4 ENG Division B in 2026-2027.
DPS-2026-GSEB-ENG-UNI_UG_CSE_Y4-ENG-C,DPS 2026-2027 English Medium B.Tech Computer Science (AI/ML) - Y4 ENG Division C,DPS-2026-GSEB-ENG-UNI_UG_CSE_Y4-ENG-C,DRONA_TRUST_GSEB_DPS_2026_2027_ENG_UNI_UG_CSE_Y4_ENG,GSEB,DPS,ENG,UNI_UG_CSE_Y4,ENG,C,2026-2027,1,Student cohort for B.Tech Computer Science (AI/ML) - Y4 ENG Division C in 2026-2027.
DPS-2026-GSEB-ENG-UNI_UG_CSE_Y4-ENG-D,DPS 2026-2027 English Medium B.Tech Computer Science (AI/ML) - Y4 ENG Division D,DPS-2026-GSEB-ENG-UNI_UG_CSE_Y4-ENG-D,DRONA_TRUST_GSEB_DPS_2026_2027_ENG_UNI_UG_CSE_Y4_ENG,GSEB,DPS,ENG,UNI_UG_CSE_Y4,ENG,D,2026-2027,1,Student cohort for B.Tech Computer Science (AI/ML) - Y4 ENG Division D in 2026-2027.
DPS-2026-GSEB-ENG-UNI_UG_CSE_Y4-ENG-E,DPS 2026-2027 English Medium B.Tech Computer Science (AI/ML) - Y4 ENG Division E,DPS-2026-GSEB-ENG-UNI_UG_CSE_Y4-ENG-E,DRONA_TRUST_GSEB_DPS_2026_2027_ENG_UNI_UG_CSE_Y4_ENG,GSEB,DPS,ENG,UNI_UG_CSE_Y4,ENG,E,2026-2027,1,Student cohort for B.Tech Computer Science (AI/ML) - Y4 ENG Division E in 2026-2027.
DPS-2026-GSEB-ENG-UNI_UG_CSE_Y4-ENG-F,DPS 2026-2027 English Medium B.Tech Computer Science (AI/ML) - Y4 ENG Division F,DPS-2026-GSEB-ENG-UNI_UG_CSE_Y4-ENG-F,DRONA_TRUST_GSEB_DPS_2026_2027_ENG_UNI_UG_CSE_Y4_ENG,GSEB,DPS,ENG,UNI_UG_CSE_Y4,ENG,F,2026-2027,1,Student cohort for B.Tech Computer Science (AI/ML) - Y4 ENG Division F in 2026-2027.
DPS-2026-GSEB-ENG-UNI_UG_DS_Y1-SCI-A,DPS 2026-2027 English Medium B.Sc Data Science & Analytics - Y1 SCI Division A,DPS-2026-GSEB-ENG-UNI_UG_DS_Y1-SCI-A,DRONA_TRUST_GSEB_DPS_2026_2027_ENG_UNI_UG_DS_Y1_SCI,GSEB,DPS,ENG,UNI_UG_DS_Y1,SCI,A,2026-2027,1,Student cohort for B.Sc Data Science & Analytics - Y1 SCI Division A in 2026-2027.
DPS-2026-GSEB-ENG-UNI_UG_DS_Y1-SCI-B,DPS 2026-2027 English Medium B.Sc Data Science & Analytics - Y1 SCI Division B,DPS-2026-GSEB-ENG-UNI_UG_DS_Y1-SCI-B,DRONA_TRUST_GSEB_DPS_2026_2027_ENG_UNI_UG_DS_Y1_SCI,GSEB,DPS,ENG,UNI_UG_DS_Y1,SCI,B,2026-2027,1,Student cohort for B.Sc Data Science & Analytics - Y1 SCI Division B in 2026-2027.
DPS-2026-GSEB-ENG-UNI_UG_DS_Y1-SCI-C,DPS 2026-2027 English Medium B.Sc Data Science & Analytics - Y1 SCI Division C,DPS-2026-GSEB-ENG-UNI_UG_DS_Y1-SCI-C,DRONA_TRUST_GSEB_DPS_2026_2027_ENG_UNI_UG_DS_Y1_SCI,GSEB,DPS,ENG,UNI_UG_DS_Y1,SCI,C,2026-2027,1,Student cohort for B.Sc Data Science & Analytics - Y1 SCI Division C in 2026-2027.
DPS-2026-GSEB-ENG-UNI_UG_DS_Y1-SCI-D,DPS 2026-2027 English Medium B.Sc Data Science & Analytics - Y1 SCI Division D,DPS-2026-GSEB-ENG-UNI_UG_DS_Y1-SCI-D,DRONA_TRUST_GSEB_DPS_2026_2027_ENG_UNI_UG_DS_Y1_SCI,GSEB,DPS,ENG,UNI_UG_DS_Y1,SCI,D,2026-2027,1,Student cohort for B.Sc Data Science & Analytics - Y1 SCI Division D in 2026-2027.
DPS-2026-GSEB-ENG-UNI_UG_DS_Y1-SCI-E,DPS 2026-2027 English Medium B.Sc Data Science & Analytics - Y1 SCI Division E,DPS-2026-GSEB-ENG-UNI_UG_DS_Y1-SCI-E,DRONA_TRUST_GSEB_DPS_2026_2027_ENG_UNI_UG_DS_Y1_SCI,GSEB,DPS,ENG,UNI_UG_DS_Y1,SCI,E,2026-2027,1,Student cohort for B.Sc Data Science & Analytics - Y1 SCI Division E in 2026-2027.
DPS-2026-GSEB-ENG-UNI_UG_DS_Y1-SCI-F,DPS 2026-2027 English Medium B.Sc Data Science & Analytics - Y1 SCI Division F,DPS-2026-GSEB-ENG-UNI_UG_DS_Y1-SCI-F,DRONA_TRUST_GSEB_DPS_2026_2027_ENG_UNI_UG_DS_Y1_SCI,GSEB,DPS,ENG,UNI_UG_DS_Y1,SCI,F,2026-2027,1,Student cohort for B.Sc Data Science & Analytics - Y1 SCI Division F in 2026-2027.
DPS-2026-GSEB-ENG-UNI_UG_DS_Y2-SCI-A,DPS 2026-2027 English Medium B.Sc Data Science & Analytics - Y2 SCI Division A,DPS-2026-GSEB-ENG-UNI_UG_DS_Y2-SCI-A,DRONA_TRUST_GSEB_DPS_2026_2027_ENG_UNI_UG_DS_Y2_SCI,GSEB,DPS,ENG,UNI_UG_DS_Y2,SCI,A,2026-2027,1,Student cohort for B.Sc Data Science & Analytics - Y2 SCI Division A in 2026-2027.
DPS-2026-GSEB-ENG-UNI_UG_DS_Y2-SCI-B,DPS 2026-2027 English Medium B.Sc Data Science & Analytics - Y2 SCI Division B,DPS-2026-GSEB-ENG-UNI_UG_DS_Y2-SCI-B,DRONA_TRUST_GSEB_DPS_2026_2027_ENG_UNI_UG_DS_Y2_SCI,GSEB,DPS,ENG,UNI_UG_DS_Y2,SCI,B,2026-2027,1,Student cohort for B.Sc Data Science & Analytics - Y2 SCI Division B in 2026-2027.
DPS-2026-GSEB-ENG-UNI_UG_DS_Y2-SCI-C,DPS 2026-2027 English Medium B.Sc Data Science & Analytics - Y2 SCI Division C,DPS-2026-GSEB-ENG-UNI_UG_DS_Y2-SCI-C,DRONA_TRUST_GSEB_DPS_2026_2027_ENG_UNI_UG_DS_Y2_SCI,GSEB,DPS,ENG,UNI_UG_DS_Y2,SCI,C,2026-2027,1,Student cohort for B.Sc Data Science & Analytics - Y2 SCI Division C in 2026-2027.
DPS-2026-GSEB-ENG-UNI_UG_DS_Y2-SCI-D,DPS 2026-2027 English Medium B.Sc Data Science & Analytics - Y2 SCI Division D,DPS-2026-GSEB-ENG-UNI_UG_DS_Y2-SCI-D,DRONA_TRUST_GSEB_DPS_2026_2027_ENG_UNI_UG_DS_Y2_SCI,GSEB,DPS,ENG,UNI_UG_DS_Y2,SCI,D,2026-2027,1,Student cohort for B.Sc Data Science & Analytics - Y2 SCI Division D in 2026-2027.
DPS-2026-GSEB-ENG-UNI_UG_DS_Y2-SCI-E,DPS 2026-2027 English Medium B.Sc Data Science & Analytics - Y2 SCI Division E,DPS-2026-GSEB-ENG-UNI_UG_DS_Y2-SCI-E,DRONA_TRUST_GSEB_DPS_2026_2027_ENG_UNI_UG_DS_Y2_SCI,GSEB,DPS,ENG,UNI_UG_DS_Y2,SCI,E,2026-2027,1,Student cohort for B.Sc Data Science & Analytics - Y2 SCI Division E in 2026-2027.
DPS-2026-GSEB-ENG-UNI_UG_DS_Y2-SCI-F,DPS 2026-2027 English Medium B.Sc Data Science & Analytics - Y2 SCI Division F,DPS-2026-GSEB-ENG-UNI_UG_DS_Y2-SCI-F,DRONA_TRUST_GSEB_DPS_2026_2027_ENG_UNI_UG_DS_Y2_SCI,GSEB,DPS,ENG,UNI_UG_DS_Y2,SCI,F,2026-2027,1,Student cohort for B.Sc Data Science & Analytics - Y2 SCI Division F in 2026-2027.
DPS-2026-GSEB-ENG-UNI_UG_DS_Y3-SCI-A,DPS 2026-2027 English Medium B.Sc Data Science & Analytics - Y3 SCI Division A,DPS-2026-GSEB-ENG-UNI_UG_DS_Y3-SCI-A,DRONA_TRUST_GSEB_DPS_2026_2027_ENG_UNI_UG_DS_Y3_SCI,GSEB,DPS,ENG,UNI_UG_DS_Y3,SCI,A,2026-2027,1,Student cohort for B.Sc Data Science & Analytics - Y3 SCI Division A in 2026-2027.
DPS-2026-GSEB-ENG-UNI_UG_DS_Y3-SCI-B,DPS 2026-2027 English Medium B.Sc Data Science & Analytics - Y3 SCI Division B,DPS-2026-GSEB-ENG-UNI_UG_DS_Y3-SCI-B,DRONA_TRUST_GSEB_DPS_2026_2027_ENG_UNI_UG_DS_Y3_SCI,GSEB,DPS,ENG,UNI_UG_DS_Y3,SCI,B,2026-2027,1,Student cohort for B.Sc Data Science & Analytics - Y3 SCI Division B in 2026-2027.
DPS-2026-GSEB-ENG-UNI_UG_DS_Y3-SCI-C,DPS 2026-2027 English Medium B.Sc Data Science & Analytics - Y3 SCI Division C,DPS-2026-GSEB-ENG-UNI_UG_DS_Y3-SCI-C,DRONA_TRUST_GSEB_DPS_2026_2027_ENG_UNI_UG_DS_Y3_SCI,GSEB,DPS,ENG,UNI_UG_DS_Y3,SCI,C,2026-2027,1,Student cohort for B.Sc Data Science & Analytics - Y3 SCI Division C in 2026-2027.
DPS-2026-GSEB-ENG-UNI_UG_DS_Y3-SCI-D,DPS 2026-2027 English Medium B.Sc Data Science & Analytics - Y3 SCI Division D,DPS-2026-GSEB-ENG-UNI_UG_DS_Y3-SCI-D,DRONA_TRUST_GSEB_DPS_2026_2027_ENG_UNI_UG_DS_Y3_SCI,GSEB,DPS,ENG,UNI_UG_DS_Y3,SCI,D,2026-2027,1,Student cohort for B.Sc Data Science & Analytics - Y3 SCI Division D in 2026-2027.
DPS-2026-GSEB-ENG-UNI_UG_DS_Y3-SCI-E,DPS 2026-2027 English Medium B.Sc Data Science & Analytics - Y3 SCI Division E,DPS-2026-GSEB-ENG-UNI_UG_DS_Y3-SCI-E,DRONA_TRUST_GSEB_DPS_2026_2027_ENG_UNI_UG_DS_Y3_SCI,GSEB,DPS,ENG,UNI_UG_DS_Y3,SCI,E,2026-2027,1,Student cohort for B.Sc Data Science & Analytics - Y3 SCI Division E in 2026-2027.
DPS-2026-GSEB-ENG-UNI_UG_DS_Y3-SCI-F,DPS 2026-2027 English Medium B.Sc Data Science & Analytics - Y3 SCI Division F,DPS-2026-GSEB-ENG-UNI_UG_DS_Y3-SCI-F,DRONA_TRUST_GSEB_DPS_2026_2027_ENG_UNI_UG_DS_Y3_SCI,GSEB,DPS,ENG,UNI_UG_DS_Y3,SCI,F,2026-2027,1,Student cohort for B.Sc Data Science & Analytics - Y3 SCI Division F in 2026-2027.
DPS-2026-GSEB-ENG-UNI_UG_UX_Y1-DES-A,DPS 2026-2027 English Medium B.Des UI/UX & Interaction Design - Y1 DES Division A,DPS-2026-GSEB-ENG-UNI_UG_UX_Y1-DES-A,DRONA_TRUST_GSEB_DPS_2026_2027_ENG_UNI_UG_UX_Y1_DES,GSEB,DPS,ENG,UNI_UG_UX_Y1,DES,A,2026-2027,1,Student cohort for B.Des UI/UX & Interaction Design - Y1 DES Division A in 2026-2027.
DPS-2026-GSEB-ENG-UNI_UG_UX_Y1-DES-B,DPS 2026-2027 English Medium B.Des UI/UX & Interaction Design - Y1 DES Division B,DPS-2026-GSEB-ENG-UNI_UG_UX_Y1-DES-B,DRONA_TRUST_GSEB_DPS_2026_2027_ENG_UNI_UG_UX_Y1_DES,GSEB,DPS,ENG,UNI_UG_UX_Y1,DES,B,2026-2027,1,Student cohort for B.Des UI/UX & Interaction Design - Y1 DES Division B in 2026-2027.
DPS-2026-GSEB-ENG-UNI_UG_UX_Y1-DES-C,DPS 2026-2027 English Medium B.Des UI/UX & Interaction Design - Y1 DES Division C,DPS-2026-GSEB-ENG-UNI_UG_UX_Y1-DES-C,DRONA_TRUST_GSEB_DPS_2026_2027_ENG_UNI_UG_UX_Y1_DES,GSEB,DPS,ENG,UNI_UG_UX_Y1,DES,C,2026-2027,1,Student cohort for B.Des UI/UX & Interaction Design - Y1 DES Division C in 2026-2027.
DPS-2026-GSEB-ENG-UNI_UG_UX_Y1-DES-D,DPS 2026-2027 English Medium B.Des UI/UX & Interaction Design - Y1 DES Division D,DPS-2026-GSEB-ENG-UNI_UG_UX_Y1-DES-D,DRONA_TRUST_GSEB_DPS_2026_2027_ENG_UNI_UG_UX_Y1_DES,GSEB,DPS,ENG,UNI_UG_UX_Y1,DES,D,2026-2027,1,Student cohort for B.Des UI/UX & Interaction Design - Y1 DES Division D in 2026-2027.
DPS-2026-GSEB-ENG-UNI_UG_UX_Y1-DES-E,DPS 2026-2027 English Medium B.Des UI/UX & Interaction Design - Y1 DES Division E,DPS-2026-GSEB-ENG-UNI_UG_UX_Y1-DES-E,DRONA_TRUST_GSEB_DPS_2026_2027_ENG_UNI_UG_UX_Y1_DES,GSEB,DPS,ENG,UNI_UG_UX_Y1,DES,E,2026-2027,1,Student cohort for B.Des UI/UX & Interaction Design - Y1 DES Division E in 2026-2027.
DPS-2026-GSEB-ENG-UNI_UG_UX_Y1-DES-F,DPS 2026-2027 English Medium B.Des UI/UX & Interaction Design - Y1 DES Division F,DPS-2026-GSEB-ENG-UNI_UG_UX_Y1-DES-F,DRONA_TRUST_GSEB_DPS_2026_2027_ENG_UNI_UG_UX_Y1_DES,GSEB,DPS,ENG,UNI_UG_UX_Y1,DES,F,2026-2027,1,Student cohort for B.Des UI/UX & Interaction Design - Y1 DES Division F in 2026-2027.
DPS-2026-GSEB-ENG-UNI_UG_UX_Y2-DES-A,DPS 2026-2027 English Medium B.Des UI/UX & Interaction Design - Y2 DES Division A,DPS-2026-GSEB-ENG-UNI_UG_UX_Y2-DES-A,DRONA_TRUST_GSEB_DPS_2026_2027_ENG_UNI_UG_UX_Y2_DES,GSEB,DPS,ENG,UNI_UG_UX_Y2,DES,A,2026-2027,1,Student cohort for B.Des UI/UX & Interaction Design - Y2 DES Division A in 2026-2027.
DPS-2026-GSEB-ENG-UNI_UG_UX_Y2-DES-B,DPS 2026-2027 English Medium B.Des UI/UX & Interaction Design - Y2 DES Division B,DPS-2026-GSEB-ENG-UNI_UG_UX_Y2-DES-B,DRONA_TRUST_GSEB_DPS_2026_2027_ENG_UNI_UG_UX_Y2_DES,GSEB,DPS,ENG,UNI_UG_UX_Y2,DES,B,2026-2027,1,Student cohort for B.Des UI/UX & Interaction Design - Y2 DES Division B in 2026-2027.
DPS-2026-GSEB-ENG-UNI_UG_UX_Y2-DES-C,DPS 2026-2027 English Medium B.Des UI/UX & Interaction Design - Y2 DES Division C,DPS-2026-GSEB-ENG-UNI_UG_UX_Y2-DES-C,DRONA_TRUST_GSEB_DPS_2026_2027_ENG_UNI_UG_UX_Y2_DES,GSEB,DPS,ENG,UNI_UG_UX_Y2,DES,C,2026-2027,1,Student cohort for B.Des UI/UX & Interaction Design - Y2 DES Division C in 2026-2027.
DPS-2026-GSEB-ENG-UNI_UG_UX_Y2-DES-D,DPS 2026-2027 English Medium B.Des UI/UX & Interaction Design - Y2 DES Division D,DPS-2026-GSEB-ENG-UNI_UG_UX_Y2-DES-D,DRONA_TRUST_GSEB_DPS_2026_2027_ENG_UNI_UG_UX_Y2_DES,GSEB,DPS,ENG,UNI_UG_UX_Y2,DES,D,2026-2027,1,Student cohort for B.Des UI/UX & Interaction Design - Y2 DES Division D in 2026-2027.
DPS-2026-GSEB-ENG-UNI_UG_UX_Y2-DES-E,DPS 2026-2027 English Medium B.Des UI/UX & Interaction Design - Y2 DES Division E,DPS-2026-GSEB-ENG-UNI_UG_UX_Y2-DES-E,DRONA_TRUST_GSEB_DPS_2026_2027_ENG_UNI_UG_UX_Y2_DES,GSEB,DPS,ENG,UNI_UG_UX_Y2,DES,E,2026-2027,1,Student cohort for B.Des UI/UX & Interaction Design - Y2 DES Division E in 2026-2027.
DPS-2026-GSEB-ENG-UNI_UG_UX_Y2-DES-F,DPS 2026-2027 English Medium B.Des UI/UX & Interaction Design - Y2 DES Division F,DPS-2026-GSEB-ENG-UNI_UG_UX_Y2-DES-F,DRONA_TRUST_GSEB_DPS_2026_2027_ENG_UNI_UG_UX_Y2_DES,GSEB,DPS,ENG,UNI_UG_UX_Y2,DES,F,2026-2027,1,Student cohort for B.Des UI/UX & Interaction Design - Y2 DES Division F in 2026-2027.
DPS-2026-GSEB-ENG-UNI_UG_UX_Y3-DES-A,DPS 2026-2027 English Medium B.Des UI/UX & Interaction Design - Y3 DES Division A,DPS-2026-GSEB-ENG-UNI_UG_UX_Y3-DES-A,DRONA_TRUST_GSEB_DPS_2026_2027_ENG_UNI_UG_UX_Y3_DES,GSEB,DPS,ENG,UNI_UG_UX_Y3,DES,A,2026-2027,1,Student cohort for B.Des UI/UX & Interaction Design - Y3 DES Division A in 2026-2027.
DPS-2026-GSEB-ENG-UNI_UG_UX_Y3-DES-B,DPS 2026-2027 English Medium B.Des UI/UX & Interaction Design - Y3 DES Division B,DPS-2026-GSEB-ENG-UNI_UG_UX_Y3-DES-B,DRONA_TRUST_GSEB_DPS_2026_2027_ENG_UNI_UG_UX_Y3_DES,GSEB,DPS,ENG,UNI_UG_UX_Y3,DES,B,2026-2027,1,Student cohort for B.Des UI/UX & Interaction Design - Y3 DES Division B in 2026-2027.
DPS-2026-GSEB-ENG-UNI_UG_UX_Y3-DES-C,DPS 2026-2027 English Medium B.Des UI/UX & Interaction Design - Y3 DES Division C,DPS-2026-GSEB-ENG-UNI_UG_UX_Y3-DES-C,DRONA_TRUST_GSEB_DPS_2026_2027_ENG_UNI_UG_UX_Y3_DES,GSEB,DPS,ENG,UNI_UG_UX_Y3,DES,C,2026-2027,1,Student cohort for B.Des UI/UX & Interaction Design - Y3 DES Division C in 2026-2027.
DPS-2026-GSEB-ENG-UNI_UG_UX_Y3-DES-D,DPS 2026-2027 English Medium B.Des UI/UX & Interaction Design - Y3 DES Division D,DPS-2026-GSEB-ENG-UNI_UG_UX_Y3-DES-D,DRONA_TRUST_GSEB_DPS_2026_2027_ENG_UNI_UG_UX_Y3_DES,GSEB,DPS,ENG,UNI_UG_UX_Y3,DES,D,2026-2027,1,Student cohort for B.Des UI/UX & Interaction Design - Y3 DES Division D in 2026-2027.
DPS-2026-GSEB-ENG-UNI_UG_UX_Y3-DES-E,DPS 2026-2027 English Medium B.Des UI/UX & Interaction Design - Y3 DES Division E,DPS-2026-GSEB-ENG-UNI_UG_UX_Y3-DES-E,DRONA_TRUST_GSEB_DPS_2026_2027_ENG_UNI_UG_UX_Y3_DES,GSEB,DPS,ENG,UNI_UG_UX_Y3,DES,E,2026-2027,1,Student cohort for B.Des UI/UX & Interaction Design - Y3 DES Division E in 2026-2027.
DPS-2026-GSEB-ENG-UNI_UG_UX_Y3-DES-F,DPS 2026-2027 English Medium B.Des UI/UX & Interaction Design - Y3 DES Division F,DPS-2026-GSEB-ENG-UNI_UG_UX_Y3-DES-F,DRONA_TRUST_GSEB_DPS_2026_2027_ENG_UNI_UG_UX_Y3_DES,GSEB,DPS,ENG,UNI_UG_UX_Y3,DES,F,2026-2027,1,Student cohort for B.Des UI/UX & Interaction Design - Y3 DES Division F in 2026-2027.
DPS-2026-GSEB-ENG-UNI_UG_UX_Y4-DES-A,DPS 2026-2027 English Medium B.Des UI/UX & Interaction Design - Y4 DES Division A,DPS-2026-GSEB-ENG-UNI_UG_UX_Y4-DES-A,DRONA_TRUST_GSEB_DPS_2026_2027_ENG_UNI_UG_UX_Y4_DES,GSEB,DPS,ENG,UNI_UG_UX_Y4,DES,A,2026-2027,1,Student cohort for B.Des UI/UX & Interaction Design - Y4 DES Division A in 2026-2027.
DPS-2026-GSEB-ENG-UNI_UG_UX_Y4-DES-B,DPS 2026-2027 English Medium B.Des UI/UX & Interaction Design - Y4 DES Division B,DPS-2026-GSEB-ENG-UNI_UG_UX_Y4-DES-B,DRONA_TRUST_GSEB_DPS_2026_2027_ENG_UNI_UG_UX_Y4_DES,GSEB,DPS,ENG,UNI_UG_UX_Y4,DES,B,2026-2027,1,Student cohort for B.Des UI/UX & Interaction Design - Y4 DES Division B in 2026-2027.
DPS-2026-GSEB-ENG-UNI_UG_UX_Y4-DES-C,DPS 2026-2027 English Medium B.Des UI/UX & Interaction Design - Y4 DES Division C,DPS-2026-GSEB-ENG-UNI_UG_UX_Y4-DES-C,DRONA_TRUST_GSEB_DPS_2026_2027_ENG_UNI_UG_UX_Y4_DES,GSEB,DPS,ENG,UNI_UG_UX_Y4,DES,C,2026-2027,1,Student cohort for B.Des UI/UX & Interaction Design - Y4 DES Division C in 2026-2027.
DPS-2026-GSEB-ENG-UNI_UG_UX_Y4-DES-D,DPS 2026-2027 English Medium B.Des UI/UX & Interaction Design - Y4 DES Division D,DPS-2026-GSEB-ENG-UNI_UG_UX_Y4-DES-D,DRONA_TRUST_GSEB_DPS_2026_2027_ENG_UNI_UG_UX_Y4_DES,GSEB,DPS,ENG,UNI_UG_UX_Y4,DES,D,2026-2027,1,Student cohort for B.Des UI/UX & Interaction Design - Y4 DES Division D in 2026-2027.
DPS-2026-GSEB-ENG-UNI_UG_UX_Y4-DES-E,DPS 2026-2027 English Medium B.Des UI/UX & Interaction Design - Y4 DES Division E,DPS-2026-GSEB-ENG-UNI_UG_UX_Y4-DES-E,DRONA_TRUST_GSEB_DPS_2026_2027_ENG_UNI_UG_UX_Y4_DES,GSEB,DPS,ENG,UNI_UG_UX_Y4,DES,E,2026-2027,1,Student cohort for B.Des UI/UX & Interaction Design - Y4 DES Division E in 2026-2027.
DPS-2026-GSEB-ENG-UNI_UG_UX_Y4-DES-F,DPS 2026-2027 English Medium B.Des UI/UX & Interaction Design - Y4 DES Division F,DPS-2026-GSEB-ENG-UNI_UG_UX_Y4-DES-F,DRONA_TRUST_GSEB_DPS_2026_2027_ENG_UNI_UG_UX_Y4_DES,GSEB,DPS,ENG,UNI_UG_UX_Y4,DES,F,2026-2027,1,Student cohort for B.Des UI/UX & Interaction Design - Y4 DES Division F in 2026-2027.
DPS-2026-GSEB-ENG-UNI_UG_LAW_Y1-LAW-A,DPS 2026-2027 English Medium BA LL.B (Integrated Law) - Year 1 LAW Division A,DPS-2026-GSEB-ENG-UNI_UG_LAW_Y1-LAW-A,DRONA_TRUST_GSEB_DPS_2026_2027_ENG_UNI_UG_LAW_Y1_LAW,GSEB,DPS,ENG,UNI_UG_LAW_Y1,LAW,A,2026-2027,1,Student cohort for BA LL.B (Integrated Law) - Year 1 LAW Division A in 2026-2027.
DPS-2026-GSEB-ENG-UNI_UG_LAW_Y1-LAW-B,DPS 2026-2027 English Medium BA LL.B (Integrated Law) - Year 1 LAW Division B,DPS-2026-GSEB-ENG-UNI_UG_LAW_Y1-LAW-B,DRONA_TRUST_GSEB_DPS_2026_2027_ENG_UNI_UG_LAW_Y1_LAW,GSEB,DPS,ENG,UNI_UG_LAW_Y1,LAW,B,2026-2027,1,Student cohort for BA LL.B (Integrated Law) - Year 1 LAW Division B in 2026-2027.
DPS-2026-GSEB-ENG-UNI_UG_LAW_Y1-LAW-C,DPS 2026-2027 English Medium BA LL.B (Integrated Law) - Year 1 LAW Division C,DPS-2026-GSEB-ENG-UNI_UG_LAW_Y1-LAW-C,DRONA_TRUST_GSEB_DPS_2026_2027_ENG_UNI_UG_LAW_Y1_LAW,GSEB,DPS,ENG,UNI_UG_LAW_Y1,LAW,C,2026-2027,1,Student cohort for BA LL.B (Integrated Law) - Year 1 LAW Division C in 2026-2027.
DPS-2026-GSEB-ENG-UNI_UG_LAW_Y1-LAW-D,DPS 2026-2027 English Medium BA LL.B (Integrated Law) - Year 1 LAW Division D,DPS-2026-GSEB-ENG-UNI_UG_LAW_Y1-LAW-D,DRONA_TRUST_GSEB_DPS_2026_2027_ENG_UNI_UG_LAW_Y1_LAW,GSEB,DPS,ENG,UNI_UG_LAW_Y1,LAW,D,2026-2027,1,Student cohort for BA LL.B (Integrated Law) - Year 1 LAW Division D in 2026-2027.
DPS-2026-GSEB-ENG-UNI_UG_LAW_Y1-LAW-E,DPS 2026-2027 English Medium BA LL.B (Integrated Law) - Year 1 LAW Division E,DPS-2026-GSEB-ENG-UNI_UG_LAW_Y1-LAW-E,DRONA_TRUST_GSEB_DPS_2026_2027_ENG_UNI_UG_LAW_Y1_LAW,GSEB,DPS,ENG,UNI_UG_LAW_Y1,LAW,E,2026-2027,1,Student cohort for BA LL.B (Integrated Law) - Year 1 LAW Division E in 2026-2027.
DPS-2026-GSEB-ENG-UNI_UG_LAW_Y1-LAW-F,DPS 2026-2027 English Medium BA LL.B (Integrated Law) - Year 1 LAW Division F,DPS-2026-GSEB-ENG-UNI_UG_LAW_Y1-LAW-F,DRONA_TRUST_GSEB_DPS_2026_2027_ENG_UNI_UG_LAW_Y1_LAW,GSEB,DPS,ENG,UNI_UG_LAW_Y1,LAW,F,2026-2027,1,Student cohort for BA LL.B (Integrated Law) - Year 1 LAW Division F in 2026-2027.
DPS-2026-GSEB-ENG-UNI_UG_LAW_Y5-LAW-A,DPS 2026-2027 English Medium BA LL.B (Integrated Law) - Year 5 LAW Division A,DPS-2026-GSEB-ENG-UNI_UG_LAW_Y5-LAW-A,DRONA_TRUST_GSEB_DPS_2026_2027_ENG_UNI_UG_LAW_Y5_LAW,GSEB,DPS,ENG,UNI_UG_LAW_Y5,LAW,A,2026-2027,1,Student cohort for BA LL.B (Integrated Law) - Year 5 LAW Division A in 2026-2027.
DPS-2026-GSEB-ENG-UNI_UG_LAW_Y5-LAW-B,DPS 2026-2027 English Medium BA LL.B (Integrated Law) - Year 5 LAW Division B,DPS-2026-GSEB-ENG-UNI_UG_LAW_Y5-LAW-B,DRONA_TRUST_GSEB_DPS_2026_2027_ENG_UNI_UG_LAW_Y5_LAW,GSEB,DPS,ENG,UNI_UG_LAW_Y5,LAW,B,2026-2027,1,Student cohort for BA LL.B (Integrated Law) - Year 5 LAW Division B in 2026-2027.
DPS-2026-GSEB-ENG-UNI_UG_LAW_Y5-LAW-C,DPS 2026-2027 English Medium BA LL.B (Integrated Law) - Year 5 LAW Division C,DPS-2026-GSEB-ENG-UNI_UG_LAW_Y5-LAW-C,DRONA_TRUST_GSEB_DPS_2026_2027_ENG_UNI_UG_LAW_Y5_LAW,GSEB,DPS,ENG,UNI_UG_LAW_Y5,LAW,C,2026-2027,1,Student cohort for BA LL.B (Integrated Law) - Year 5 LAW Division C in 2026-2027.
DPS-2026-GSEB-ENG-UNI_UG_LAW_Y5-LAW-D,DPS 2026-2027 English Medium BA LL.B (Integrated Law) - Year 5 LAW Division D,DPS-2026-GSEB-ENG-UNI_UG_LAW_Y5-LAW-D,DRONA_TRUST_GSEB_DPS_2026_2027_ENG_UNI_UG_LAW_Y5_LAW,GSEB,DPS,ENG,UNI_UG_LAW_Y5,LAW,D,2026-2027,1,Student cohort for BA LL.B (Integrated Law) - Year 5 LAW Division D in 2026-2027.
DPS-2026-GSEB-ENG-UNI_UG_LAW_Y5-LAW-E,DPS 2026-2027 English Medium BA LL.B (Integrated Law) - Year 5 LAW Division E,DPS-2026-GSEB-ENG-UNI_UG_LAW_Y5-LAW-E,DRONA_TRUST_GSEB_DPS_2026_2027_ENG_UNI_UG_LAW_Y5_LAW,GSEB,DPS,ENG,UNI_UG_LAW_Y5,LAW,E,2026-2027,1,Student cohort for BA LL.B (Integrated Law) - Year 5 LAW Division E in 2026-2027.
DPS-2026-GSEB-ENG-UNI_UG_LAW_Y5-LAW-F,DPS 2026-2027 English Medium BA LL.B (Integrated Law) - Year 5 LAW Division F,DPS-2026-GSEB-ENG-UNI_UG_LAW_Y5-LAW-F,DRONA_TRUST_GSEB_DPS_2026_2027_ENG_UNI_UG_LAW_Y5_LAW,GSEB,DPS,ENG,UNI_UG_LAW_Y5,LAW,F,2026-2027,1,Student cohort for BA LL.B (Integrated Law) - Year 5 LAW Division F in 2026-2027.
DPS-2026-GSEB-ENG-UNI_UG_MED_Y1-MED-A,DPS 2026-2027 English Medium MBBS (Medical) - Year 1 MED Division A,DPS-2026-GSEB-ENG-UNI_UG_MED_Y1-MED-A,DRONA_TRUST_GSEB_DPS_2026_2027_ENG_UNI_UG_MED_Y1_MED,GSEB,DPS,ENG,UNI_UG_MED_Y1,MED,A,2026-2027,1,Student cohort for MBBS (Medical) - Year 1 MED Division A in 2026-2027.
DPS-2026-GSEB-ENG-UNI_UG_MED_Y1-MED-B,DPS 2026-2027 English Medium MBBS (Medical) - Year 1 MED Division B,DPS-2026-GSEB-ENG-UNI_UG_MED_Y1-MED-B,DRONA_TRUST_GSEB_DPS_2026_2027_ENG_UNI_UG_MED_Y1_MED,GSEB,DPS,ENG,UNI_UG_MED_Y1,MED,B,2026-2027,1,Student cohort for MBBS (Medical) - Year 1 MED Division B in 2026-2027.
DPS-2026-GSEB-ENG-UNI_UG_MED_Y1-MED-C,DPS 2026-2027 English Medium MBBS (Medical) - Year 1 MED Division C,DPS-2026-GSEB-ENG-UNI_UG_MED_Y1-MED-C,DRONA_TRUST_GSEB_DPS_2026_2027_ENG_UNI_UG_MED_Y1_MED,GSEB,DPS,ENG,UNI_UG_MED_Y1,MED,C,2026-2027,1,Student cohort for MBBS (Medical) - Year 1 MED Division C in 2026-2027.
DPS-2026-GSEB-ENG-UNI_UG_MED_Y1-MED-D,DPS 2026-2027 English Medium MBBS (Medical) - Year 1 MED Division D,DPS-2026-GSEB-ENG-UNI_UG_MED_Y1-MED-D,DRONA_TRUST_GSEB_DPS_2026_2027_ENG_UNI_UG_MED_Y1_MED,GSEB,DPS,ENG,UNI_UG_MED_Y1,MED,D,2026-2027,1,Student cohort for MBBS (Medical) - Year 1 MED Division D in 2026-2027.
DPS-2026-GSEB-ENG-UNI_UG_MED_Y1-MED-E,DPS 2026-2027 English Medium MBBS (Medical) - Year 1 MED Division E,DPS-2026-GSEB-ENG-UNI_UG_MED_Y1-MED-E,DRONA_TRUST_GSEB_DPS_2026_2027_ENG_UNI_UG_MED_Y1_MED,GSEB,DPS,ENG,UNI_UG_MED_Y1,MED,E,2026-2027,1,Student cohort for MBBS (Medical) - Year 1 MED Division E in 2026-2027.
DPS-2026-GSEB-ENG-UNI_UG_MED_Y1-MED-F,DPS 2026-2027 English Medium MBBS (Medical) - Year 1 MED Division F,DPS-2026-GSEB-ENG-UNI_UG_MED_Y1-MED-F,DRONA_TRUST_GSEB_DPS_2026_2027_ENG_UNI_UG_MED_Y1_MED,GSEB,DPS,ENG,UNI_UG_MED_Y1,MED,F,2026-2027,1,Student cohort for MBBS (Medical) - Year 1 MED Division F in 2026-2027.
DPS-2026-GSEB-ENG-UNI_UG_MED_Y2-MED-A,DPS 2026-2027 English Medium MBBS (Medical) - Year 2 MED Division A,DPS-2026-GSEB-ENG-UNI_UG_MED_Y2-MED-A,DRONA_TRUST_GSEB_DPS_2026_2027_ENG_UNI_UG_MED_Y2_MED,GSEB,DPS,ENG,UNI_UG_MED_Y2,MED,A,2026-2027,1,Student cohort for MBBS (Medical) - Year 2 MED Division A in 2026-2027.
DPS-2026-GSEB-ENG-UNI_UG_MED_Y2-MED-B,DPS 2026-2027 English Medium MBBS (Medical) - Year 2 MED Division B,DPS-2026-GSEB-ENG-UNI_UG_MED_Y2-MED-B,DRONA_TRUST_GSEB_DPS_2026_2027_ENG_UNI_UG_MED_Y2_MED,GSEB,DPS,ENG,UNI_UG_MED_Y2,MED,B,2026-2027,1,Student cohort for MBBS (Medical) - Year 2 MED Division B in 2026-2027.
DPS-2026-GSEB-ENG-UNI_UG_MED_Y2-MED-C,DPS 2026-2027 English Medium MBBS (Medical) - Year 2 MED Division C,DPS-2026-GSEB-ENG-UNI_UG_MED_Y2-MED-C,DRONA_TRUST_GSEB_DPS_2026_2027_ENG_UNI_UG_MED_Y2_MED,GSEB,DPS,ENG,UNI_UG_MED_Y2,MED,C,2026-2027,1,Student cohort for MBBS (Medical) - Year 2 MED Division C in 2026-2027.
DPS-2026-GSEB-ENG-UNI_UG_MED_Y2-MED-D,DPS 2026-2027 English Medium MBBS (Medical) - Year 2 MED Division D,DPS-2026-GSEB-ENG-UNI_UG_MED_Y2-MED-D,DRONA_TRUST_GSEB_DPS_2026_2027_ENG_UNI_UG_MED_Y2_MED,GSEB,DPS,ENG,UNI_UG_MED_Y2,MED,D,2026-2027,1,Student cohort for MBBS (Medical) - Year 2 MED Division D in 2026-2027.
DPS-2026-GSEB-ENG-UNI_UG_MED_Y2-MED-E,DPS 2026-2027 English Medium MBBS (Medical) - Year 2 MED Division E,DPS-2026-GSEB-ENG-UNI_UG_MED_Y2-MED-E,DRONA_TRUST_GSEB_DPS_2026_2027_ENG_UNI_UG_MED_Y2_MED,GSEB,DPS,ENG,UNI_UG_MED_Y2,MED,E,2026-2027,1,Student cohort for MBBS (Medical) - Year 2 MED Division E in 2026-2027.
DPS-2026-GSEB-ENG-UNI_UG_MED_Y2-MED-F,DPS 2026-2027 English Medium MBBS (Medical) - Year 2 MED Division F,DPS-2026-GSEB-ENG-UNI_UG_MED_Y2-MED-F,DRONA_TRUST_GSEB_DPS_2026_2027_ENG_UNI_UG_MED_Y2_MED,GSEB,DPS,ENG,UNI_UG_MED_Y2,MED,F,2026-2027,1,Student cohort for MBBS (Medical) - Year 2 MED Division F in 2026-2027.
DPS-2026-GSEB-ENG-UNI_UG_MED_Y3-MED-A,DPS 2026-2027 English Medium MBBS (Medical) - Year 3 MED Division A,DPS-2026-GSEB-ENG-UNI_UG_MED_Y3-MED-A,DRONA_TRUST_GSEB_DPS_2026_2027_ENG_UNI_UG_MED_Y3_MED,GSEB,DPS,ENG,UNI_UG_MED_Y3,MED,A,2026-2027,1,Student cohort for MBBS (Medical) - Year 3 MED Division A in 2026-2027.
DPS-2026-GSEB-ENG-UNI_UG_MED_Y3-MED-B,DPS 2026-2027 English Medium MBBS (Medical) - Year 3 MED Division B,DPS-2026-GSEB-ENG-UNI_UG_MED_Y3-MED-B,DRONA_TRUST_GSEB_DPS_2026_2027_ENG_UNI_UG_MED_Y3_MED,GSEB,DPS,ENG,UNI_UG_MED_Y3,MED,B,2026-2027,1,Student cohort for MBBS (Medical) - Year 3 MED Division B in 2026-2027.
DPS-2026-GSEB-ENG-UNI_UG_MED_Y3-MED-C,DPS 2026-2027 English Medium MBBS (Medical) - Year 3 MED Division C,DPS-2026-GSEB-ENG-UNI_UG_MED_Y3-MED-C,DRONA_TRUST_GSEB_DPS_2026_2027_ENG_UNI_UG_MED_Y3_MED,GSEB,DPS,ENG,UNI_UG_MED_Y3,MED,C,2026-2027,1,Student cohort for MBBS (Medical) - Year 3 MED Division C in 2026-2027.
DPS-2026-GSEB-ENG-UNI_UG_MED_Y3-MED-D,DPS 2026-2027 English Medium MBBS (Medical) - Year 3 MED Division D,DPS-2026-GSEB-ENG-UNI_UG_MED_Y3-MED-D,DRONA_TRUST_GSEB_DPS_2026_2027_ENG_UNI_UG_MED_Y3_MED,GSEB,DPS,ENG,UNI_UG_MED_Y3,MED,D,2026-2027,1,Student cohort for MBBS (Medical) - Year 3 MED Division D in 2026-2027.
DPS-2026-GSEB-ENG-UNI_UG_MED_Y3-MED-E,DPS 2026-2027 English Medium MBBS (Medical) - Year 3 MED Division E,DPS-2026-GSEB-ENG-UNI_UG_MED_Y3-MED-E,DRONA_TRUST_GSEB_DPS_2026_2027_ENG_UNI_UG_MED_Y3_MED,GSEB,DPS,ENG,UNI_UG_MED_Y3,MED,E,2026-2027,1,Student cohort for MBBS (Medical) - Year 3 MED Division E in 2026-2027.
DPS-2026-GSEB-ENG-UNI_UG_MED_Y3-MED-F,DPS 2026-2027 English Medium MBBS (Medical) - Year 3 MED Division F,DPS-2026-GSEB-ENG-UNI_UG_MED_Y3-MED-F,DRONA_TRUST_GSEB_DPS_2026_2027_ENG_UNI_UG_MED_Y3_MED,GSEB,DPS,ENG,UNI_UG_MED_Y3,MED,F,2026-2027,1,Student cohort for MBBS (Medical) - Year 3 MED Division F in 2026-2027.
DPS-2026-GSEB-ENG-UNI_UG_MED_Y4-MED-A,DPS 2026-2027 English Medium MBBS (Medical) - Year 4 MED Division A,DPS-2026-GSEB-ENG-UNI_UG_MED_Y4-MED-A,DRONA_TRUST_GSEB_DPS_2026_2027_ENG_UNI_UG_MED_Y4_MED,GSEB,DPS,ENG,UNI_UG_MED_Y4,MED,A,2026-2027,1,Student cohort for MBBS (Medical) - Year 4 MED Division A in 2026-2027.
DPS-2026-GSEB-ENG-UNI_UG_MED_Y4-MED-B,DPS 2026-2027 English Medium MBBS (Medical) - Year 4 MED Division B,DPS-2026-GSEB-ENG-UNI_UG_MED_Y4-MED-B,DRONA_TRUST_GSEB_DPS_2026_2027_ENG_UNI_UG_MED_Y4_MED,GSEB,DPS,ENG,UNI_UG_MED_Y4,MED,B,2026-2027,1,Student cohort for MBBS (Medical) - Year 4 MED Division B in 2026-2027.
DPS-2026-GSEB-ENG-UNI_UG_MED_Y4-MED-C,DPS 2026-2027 English Medium MBBS (Medical) - Year 4 MED Division C,DPS-2026-GSEB-ENG-UNI_UG_MED_Y4-MED-C,DRONA_TRUST_GSEB_DPS_2026_2027_ENG_UNI_UG_MED_Y4_MED,GSEB,DPS,ENG,UNI_UG_MED_Y4,MED,C,2026-2027,1,Student cohort for MBBS (Medical) - Year 4 MED Division C in 2026-2027.
DPS-2026-GSEB-ENG-UNI_UG_MED_Y4-MED-D,DPS 2026-2027 English Medium MBBS (Medical) - Year 4 MED Division D,DPS-2026-GSEB-ENG-UNI_UG_MED_Y4-MED-D,DRONA_TRUST_GSEB_DPS_2026_2027_ENG_UNI_UG_MED_Y4_MED,GSEB,DPS,ENG,UNI_UG_MED_Y4,MED,D,2026-2027,1,Student cohort for MBBS (Medical) - Year 4 MED Division D in 2026-2027.
DPS-2026-GSEB-ENG-UNI_UG_MED_Y4-MED-E,DPS 2026-2027 English Medium MBBS (Medical) - Year 4 MED Division E,DPS-2026-GSEB-ENG-UNI_UG_MED_Y4-MED-E,DRONA_TRUST_GSEB_DPS_2026_2027_ENG_UNI_UG_MED_Y4_MED,GSEB,DPS,ENG,UNI_UG_MED_Y4,MED,E,2026-2027,1,Student cohort for MBBS (Medical) - Year 4 MED Division E in 2026-2027.
DPS-2026-GSEB-ENG-UNI_UG_MED_Y4-MED-F,DPS 2026-2027 English Medium MBBS (Medical) - Year 4 MED Division F,DPS-2026-GSEB-ENG-UNI_UG_MED_Y4-MED-F,DRONA_TRUST_GSEB_DPS_2026_2027_ENG_UNI_UG_MED_Y4_MED,GSEB,DPS,ENG,UNI_UG_MED_Y4,MED,F,2026-2027,1,Student cohort for MBBS (Medical) - Year 4 MED Division F in 2026-2027.
DPS-2026-GSEB-ENG-UNI_UG_MED_Y5-MED-A,DPS 2026-2027 English Medium MBBS (Medical) - Year 5 MED Division A,DPS-2026-GSEB-ENG-UNI_UG_MED_Y5-MED-A,DRONA_TRUST_GSEB_DPS_2026_2027_ENG_UNI_UG_MED_Y5_MED,GSEB,DPS,ENG,UNI_UG_MED_Y5,MED,A,2026-2027,1,Student cohort for MBBS (Medical) - Year 5 MED Division A in 2026-2027.
DPS-2026-GSEB-ENG-UNI_UG_MED_Y5-MED-B,DPS 2026-2027 English Medium MBBS (Medical) - Year 5 MED Division B,DPS-2026-GSEB-ENG-UNI_UG_MED_Y5-MED-B,DRONA_TRUST_GSEB_DPS_2026_2027_ENG_UNI_UG_MED_Y5_MED,GSEB,DPS,ENG,UNI_UG_MED_Y5,MED,B,2026-2027,1,Student cohort for MBBS (Medical) - Year 5 MED Division B in 2026-2027.
DPS-2026-GSEB-ENG-UNI_UG_MED_Y5-MED-C,DPS 2026-2027 English Medium MBBS (Medical) - Year 5 MED Division C,DPS-2026-GSEB-ENG-UNI_UG_MED_Y5-MED-C,DRONA_TRUST_GSEB_DPS_2026_2027_ENG_UNI_UG_MED_Y5_MED,GSEB,DPS,ENG,UNI_UG_MED_Y5,MED,C,2026-2027,1,Student cohort for MBBS (Medical) - Year 5 MED Division C in 2026-2027.
DPS-2026-GSEB-ENG-UNI_UG_MED_Y5-MED-D,DPS 2026-2027 English Medium MBBS (Medical) - Year 5 MED Division D,DPS-2026-GSEB-ENG-UNI_UG_MED_Y5-MED-D,DRONA_TRUST_GSEB_DPS_2026_2027_ENG_UNI_UG_MED_Y5_MED,GSEB,DPS,ENG,UNI_UG_MED_Y5,MED,D,2026-2027,1,Student cohort for MBBS (Medical) - Year 5 MED Division D in 2026-2027.
DPS-2026-GSEB-ENG-UNI_UG_MED_Y5-MED-E,DPS 2026-2027 English Medium MBBS (Medical) - Year 5 MED Division E,DPS-2026-GSEB-ENG-UNI_UG_MED_Y5-MED-E,DRONA_TRUST_GSEB_DPS_2026_2027_ENG_UNI_UG_MED_Y5_MED,GSEB,DPS,ENG,UNI_UG_MED_Y5,MED,E,2026-2027,1,Student cohort for MBBS (Medical) - Year 5 MED Division E in 2026-2027.
DPS-2026-GSEB-ENG-UNI_UG_MED_Y5-MED-F,DPS 2026-2027 English Medium MBBS (Medical) - Year 5 MED Division F,DPS-2026-GSEB-ENG-UNI_UG_MED_Y5-MED-F,DRONA_TRUST_GSEB_DPS_2026_2027_ENG_UNI_UG_MED_Y5_MED,GSEB,DPS,ENG,UNI_UG_MED_Y5,MED,F,2026-2027,1,Student cohort for MBBS (Medical) - Year 5 MED Division F in 2026-2027.
DPS-2026-GSEB-ENG-NUR_BSC_Y1-NUR-A,DPS 2026-2027 English Medium B.Sc Nursing - Y1 NUR Division A,DPS-2026-GSEB-ENG-NUR_BSC_Y1-NUR-A,DRONA_TRUST_GSEB_DPS_2026_2027_ENG_NUR_BSC_Y1_NUR,GSEB,DPS,ENG,NUR_BSC_Y1,NUR,A,2026-2027,1,Student cohort for B.Sc Nursing - Y1 NUR Division A in 2026-2027.
DPS-2026-GSEB-ENG-NUR_BSC_Y1-NUR-B,DPS 2026-2027 English Medium B.Sc Nursing - Y1 NUR Division B,DPS-2026-GSEB-ENG-NUR_BSC_Y1-NUR-B,DRONA_TRUST_GSEB_DPS_2026_2027_ENG_NUR_BSC_Y1_NUR,GSEB,DPS,ENG,NUR_BSC_Y1,NUR,B,2026-2027,1,Student cohort for B.Sc Nursing - Y1 NUR Division B in 2026-2027.
DPS-2026-GSEB-ENG-NUR_BSC_Y1-NUR-C,DPS 2026-2027 English Medium B.Sc Nursing - Y1 NUR Division C,DPS-2026-GSEB-ENG-NUR_BSC_Y1-NUR-C,DRONA_TRUST_GSEB_DPS_2026_2027_ENG_NUR_BSC_Y1_NUR,GSEB,DPS,ENG,NUR_BSC_Y1,NUR,C,2026-2027,1,Student cohort for B.Sc Nursing - Y1 NUR Division C in 2026-2027.
DPS-2026-GSEB-ENG-NUR_BSC_Y1-NUR-D,DPS 2026-2027 English Medium B.Sc Nursing - Y1 NUR Division D,DPS-2026-GSEB-ENG-NUR_BSC_Y1-NUR-D,DRONA_TRUST_GSEB_DPS_2026_2027_ENG_NUR_BSC_Y1_NUR,GSEB,DPS,ENG,NUR_BSC_Y1,NUR,D,2026-2027,1,Student cohort for B.Sc Nursing - Y1 NUR Division D in 2026-2027.
DPS-2026-GSEB-ENG-NUR_BSC_Y1-NUR-E,DPS 2026-2027 English Medium B.Sc Nursing - Y1 NUR Division E,DPS-2026-GSEB-ENG-NUR_BSC_Y1-NUR-E,DRONA_TRUST_GSEB_DPS_2026_2027_ENG_NUR_BSC_Y1_NUR,GSEB,DPS,ENG,NUR_BSC_Y1,NUR,E,2026-2027,1,Student cohort for B.Sc Nursing - Y1 NUR Division E in 2026-2027.
DPS-2026-GSEB-ENG-NUR_BSC_Y1-NUR-F,DPS 2026-2027 English Medium B.Sc Nursing - Y1 NUR Division F,DPS-2026-GSEB-ENG-NUR_BSC_Y1-NUR-F,DRONA_TRUST_GSEB_DPS_2026_2027_ENG_NUR_BSC_Y1_NUR,GSEB,DPS,ENG,NUR_BSC_Y1,NUR,F,2026-2027,1,Student cohort for B.Sc Nursing - Y1 NUR Division F in 2026-2027.
DPS-2026-GSEB-ENG-PRO_CA_FND-PRO_FIN-A,DPS 2026-2027 English Medium CA Foundation (Chartered Accountancy) PRO_FIN Division A,DPS-2026-GSEB-ENG-PRO_CA_FND-PRO_FIN-A,DRONA_TRUST_GSEB_DPS_2026_2027_ENG_PRO_CA_FND_PRO_FIN,GSEB,DPS,ENG,PRO_CA_FND,PRO_FIN,A,2026-2027,1,Student cohort for CA Foundation (Chartered Accountancy) PRO_FIN Division A in 2026-2027.
DPS-2026-GSEB-ENG-PRO_CA_FND-PRO_FIN-B,DPS 2026-2027 English Medium CA Foundation (Chartered Accountancy) PRO_FIN Division B,DPS-2026-GSEB-ENG-PRO_CA_FND-PRO_FIN-B,DRONA_TRUST_GSEB_DPS_2026_2027_ENG_PRO_CA_FND_PRO_FIN,GSEB,DPS,ENG,PRO_CA_FND,PRO_FIN,B,2026-2027,1,Student cohort for CA Foundation (Chartered Accountancy) PRO_FIN Division B in 2026-2027.
DPS-2026-GSEB-ENG-PRO_CA_FND-PRO_FIN-C,DPS 2026-2027 English Medium CA Foundation (Chartered Accountancy) PRO_FIN Division C,DPS-2026-GSEB-ENG-PRO_CA_FND-PRO_FIN-C,DRONA_TRUST_GSEB_DPS_2026_2027_ENG_PRO_CA_FND_PRO_FIN,GSEB,DPS,ENG,PRO_CA_FND,PRO_FIN,C,2026-2027,1,Student cohort for CA Foundation (Chartered Accountancy) PRO_FIN Division C in 2026-2027.
DPS-2026-GSEB-ENG-PRO_CA_FND-PRO_FIN-D,DPS 2026-2027 English Medium CA Foundation (Chartered Accountancy) PRO_FIN Division D,DPS-2026-GSEB-ENG-PRO_CA_FND-PRO_FIN-D,DRONA_TRUST_GSEB_DPS_2026_2027_ENG_PRO_CA_FND_PRO_FIN,GSEB,DPS,ENG,PRO_CA_FND,PRO_FIN,D,2026-2027,1,Student cohort for CA Foundation (Chartered Accountancy) PRO_FIN Division D in 2026-2027.
DPS-2026-GSEB-ENG-PRO_CA_FND-PRO_FIN-E,DPS 2026-2027 English Medium CA Foundation (Chartered Accountancy) PRO_FIN Division E,DPS-2026-GSEB-ENG-PRO_CA_FND-PRO_FIN-E,DRONA_TRUST_GSEB_DPS_2026_2027_ENG_PRO_CA_FND_PRO_FIN,GSEB,DPS,ENG,PRO_CA_FND,PRO_FIN,E,2026-2027,1,Student cohort for CA Foundation (Chartered Accountancy) PRO_FIN Division E in 2026-2027.
DPS-2026-GSEB-ENG-PRO_CA_FND-PRO_FIN-F,DPS 2026-2027 English Medium CA Foundation (Chartered Accountancy) PRO_FIN Division F,DPS-2026-GSEB-ENG-PRO_CA_FND-PRO_FIN-F,DRONA_TRUST_GSEB_DPS_2026_2027_ENG_PRO_CA_FND_PRO_FIN,GSEB,DPS,ENG,PRO_CA_FND,PRO_FIN,F,2026-2027,1,Student cohort for CA Foundation (Chartered Accountancy) PRO_FIN Division F in 2026-2027.
DPS-2026-GSEB-ENG-PRO_CA_INT-PRO_FIN-A,DPS 2026-2027 English Medium CA Intermediate PRO_FIN Division A,DPS-2026-GSEB-ENG-PRO_CA_INT-PRO_FIN-A,DRONA_TRUST_GSEB_DPS_2026_2027_ENG_PRO_CA_INT_PRO_FIN,GSEB,DPS,ENG,PRO_CA_INT,PRO_FIN,A,2026-2027,1,Student cohort for CA Intermediate PRO_FIN Division A in 2026-2027.
DPS-2026-GSEB-ENG-PRO_CA_INT-PRO_FIN-B,DPS 2026-2027 English Medium CA Intermediate PRO_FIN Division B,DPS-2026-GSEB-ENG-PRO_CA_INT-PRO_FIN-B,DRONA_TRUST_GSEB_DPS_2026_2027_ENG_PRO_CA_INT_PRO_FIN,GSEB,DPS,ENG,PRO_CA_INT,PRO_FIN,B,2026-2027,1,Student cohort for CA Intermediate PRO_FIN Division B in 2026-2027.
DPS-2026-GSEB-ENG-PRO_CA_INT-PRO_FIN-C,DPS 2026-2027 English Medium CA Intermediate PRO_FIN Division C,DPS-2026-GSEB-ENG-PRO_CA_INT-PRO_FIN-C,DRONA_TRUST_GSEB_DPS_2026_2027_ENG_PRO_CA_INT_PRO_FIN,GSEB,DPS,ENG,PRO_CA_INT,PRO_FIN,C,2026-2027,1,Student cohort for CA Intermediate PRO_FIN Division C in 2026-2027.
DPS-2026-GSEB-ENG-PRO_CA_INT-PRO_FIN-D,DPS 2026-2027 English Medium CA Intermediate PRO_FIN Division D,DPS-2026-GSEB-ENG-PRO_CA_INT-PRO_FIN-D,DRONA_TRUST_GSEB_DPS_2026_2027_ENG_PRO_CA_INT_PRO_FIN,GSEB,DPS,ENG,PRO_CA_INT,PRO_FIN,D,2026-2027,1,Student cohort for CA Intermediate PRO_FIN Division D in 2026-2027.
DPS-2026-GSEB-ENG-PRO_CA_INT-PRO_FIN-E,DPS 2026-2027 English Medium CA Intermediate PRO_FIN Division E,DPS-2026-GSEB-ENG-PRO_CA_INT-PRO_FIN-E,DRONA_TRUST_GSEB_DPS_2026_2027_ENG_PRO_CA_INT_PRO_FIN,GSEB,DPS,ENG,PRO_CA_INT,PRO_FIN,E,2026-2027,1,Student cohort for CA Intermediate PRO_FIN Division E in 2026-2027.
DPS-2026-GSEB-ENG-PRO_CA_INT-PRO_FIN-F,DPS 2026-2027 English Medium CA Intermediate PRO_FIN Division F,DPS-2026-GSEB-ENG-PRO_CA_INT-PRO_FIN-F,DRONA_TRUST_GSEB_DPS_2026_2027_ENG_PRO_CA_INT_PRO_FIN,GSEB,DPS,ENG,PRO_CA_INT,PRO_FIN,F,2026-2027,1,Student cohort for CA Intermediate PRO_FIN Division F in 2026-2027.
DPS-2026-GSEB-ENG-PRO_CA_FIN-PRO_FIN-A,DPS 2026-2027 English Medium CA Final PRO_FIN Division A,DPS-2026-GSEB-ENG-PRO_CA_FIN-PRO_FIN-A,DRONA_TRUST_GSEB_DPS_2026_2027_ENG_PRO_CA_FIN_PRO_FIN,GSEB,DPS,ENG,PRO_CA_FIN,PRO_FIN,A,2026-2027,1,Student cohort for CA Final PRO_FIN Division A in 2026-2027.
DPS-2026-GSEB-ENG-PRO_CA_FIN-PRO_FIN-B,DPS 2026-2027 English Medium CA Final PRO_FIN Division B,DPS-2026-GSEB-ENG-PRO_CA_FIN-PRO_FIN-B,DRONA_TRUST_GSEB_DPS_2026_2027_ENG_PRO_CA_FIN_PRO_FIN,GSEB,DPS,ENG,PRO_CA_FIN,PRO_FIN,B,2026-2027,1,Student cohort for CA Final PRO_FIN Division B in 2026-2027.
DPS-2026-GSEB-ENG-PRO_CA_FIN-PRO_FIN-C,DPS 2026-2027 English Medium CA Final PRO_FIN Division C,DPS-2026-GSEB-ENG-PRO_CA_FIN-PRO_FIN-C,DRONA_TRUST_GSEB_DPS_2026_2027_ENG_PRO_CA_FIN_PRO_FIN,GSEB,DPS,ENG,PRO_CA_FIN,PRO_FIN,C,2026-2027,1,Student cohort for CA Final PRO_FIN Division C in 2026-2027.
DPS-2026-GSEB-ENG-PRO_CA_FIN-PRO_FIN-D,DPS 2026-2027 English Medium CA Final PRO_FIN Division D,DPS-2026-GSEB-ENG-PRO_CA_FIN-PRO_FIN-D,DRONA_TRUST_GSEB_DPS_2026_2027_ENG_PRO_CA_FIN_PRO_FIN,GSEB,DPS,ENG,PRO_CA_FIN,PRO_FIN,D,2026-2027,1,Student cohort for CA Final PRO_FIN Division D in 2026-2027.
DPS-2026-GSEB-ENG-PRO_CA_FIN-PRO_FIN-E,DPS 2026-2027 English Medium CA Final PRO_FIN Division E,DPS-2026-GSEB-ENG-PRO_CA_FIN-PRO_FIN-E,DRONA_TRUST_GSEB_DPS_2026_2027_ENG_PRO_CA_FIN_PRO_FIN,GSEB,DPS,ENG,PRO_CA_FIN,PRO_FIN,E,2026-2027,1,Student cohort for CA Final PRO_FIN Division E in 2026-2027.
DPS-2026-GSEB-ENG-PRO_CA_FIN-PRO_FIN-F,DPS 2026-2027 English Medium CA Final PRO_FIN Division F,DPS-2026-GSEB-ENG-PRO_CA_FIN-PRO_FIN-F,DRONA_TRUST_GSEB_DPS_2026_2027_ENG_PRO_CA_FIN_PRO_FIN,GSEB,DPS,ENG,PRO_CA_FIN,PRO_FIN,F,2026-2027,1,Student cohort for CA Final PRO_FIN Division F in 2026-2027.
DPS-2026-GSEB-ENG-PRO_CS_EXE-LAW-A,DPS 2026-2027 English Medium CS Executive (Company Secretary) LAW Division A,DPS-2026-GSEB-ENG-PRO_CS_EXE-LAW-A,DRONA_TRUST_GSEB_DPS_2026_2027_ENG_PRO_CS_EXE_LAW,GSEB,DPS,ENG,PRO_CS_EXE,LAW,A,2026-2027,1,Student cohort for CS Executive (Company Secretary) LAW Division A in 2026-2027.
DPS-2026-GSEB-ENG-PRO_CS_EXE-LAW-B,DPS 2026-2027 English Medium CS Executive (Company Secretary) LAW Division B,DPS-2026-GSEB-ENG-PRO_CS_EXE-LAW-B,DRONA_TRUST_GSEB_DPS_2026_2027_ENG_PRO_CS_EXE_LAW,GSEB,DPS,ENG,PRO_CS_EXE,LAW,B,2026-2027,1,Student cohort for CS Executive (Company Secretary) LAW Division B in 2026-2027.
DPS-2026-GSEB-ENG-PRO_CS_EXE-LAW-C,DPS 2026-2027 English Medium CS Executive (Company Secretary) LAW Division C,DPS-2026-GSEB-ENG-PRO_CS_EXE-LAW-C,DRONA_TRUST_GSEB_DPS_2026_2027_ENG_PRO_CS_EXE_LAW,GSEB,DPS,ENG,PRO_CS_EXE,LAW,C,2026-2027,1,Student cohort for CS Executive (Company Secretary) LAW Division C in 2026-2027.
DPS-2026-GSEB-ENG-PRO_CS_EXE-LAW-D,DPS 2026-2027 English Medium CS Executive (Company Secretary) LAW Division D,DPS-2026-GSEB-ENG-PRO_CS_EXE-LAW-D,DRONA_TRUST_GSEB_DPS_2026_2027_ENG_PRO_CS_EXE_LAW,GSEB,DPS,ENG,PRO_CS_EXE,LAW,D,2026-2027,1,Student cohort for CS Executive (Company Secretary) LAW Division D in 2026-2027.
DPS-2026-GSEB-ENG-PRO_CS_EXE-LAW-E,DPS 2026-2027 English Medium CS Executive (Company Secretary) LAW Division E,DPS-2026-GSEB-ENG-PRO_CS_EXE-LAW-E,DRONA_TRUST_GSEB_DPS_2026_2027_ENG_PRO_CS_EXE_LAW,GSEB,DPS,ENG,PRO_CS_EXE,LAW,E,2026-2027,1,Student cohort for CS Executive (Company Secretary) LAW Division E in 2026-2027.
DPS-2026-GSEB-ENG-PRO_CS_EXE-LAW-F,DPS 2026-2027 English Medium CS Executive (Company Secretary) LAW Division F,DPS-2026-GSEB-ENG-PRO_CS_EXE-LAW-F,DRONA_TRUST_GSEB_DPS_2026_2027_ENG_PRO_CS_EXE_LAW,GSEB,DPS,ENG,PRO_CS_EXE,LAW,F,2026-2027,1,Student cohort for CS Executive (Company Secretary) LAW Division F in 2026-2027.
DPS-2026-GSEB-ENG-UNI_PG_AI_Y1-AIE-A,DPS 2026-2027 English Medium M.Tech Artificial Intelligence - Y1 AIE Division A,DPS-2026-GSEB-ENG-UNI_PG_AI_Y1-AIE-A,DRONA_TRUST_GSEB_DPS_2026_2027_ENG_UNI_PG_AI_Y1_AIE,GSEB,DPS,ENG,UNI_PG_AI_Y1,AIE,A,2026-2027,1,Student cohort for M.Tech Artificial Intelligence - Y1 AIE Division A in 2026-2027.
DPS-2026-GSEB-ENG-UNI_PG_AI_Y1-AIE-B,DPS 2026-2027 English Medium M.Tech Artificial Intelligence - Y1 AIE Division B,DPS-2026-GSEB-ENG-UNI_PG_AI_Y1-AIE-B,DRONA_TRUST_GSEB_DPS_2026_2027_ENG_UNI_PG_AI_Y1_AIE,GSEB,DPS,ENG,UNI_PG_AI_Y1,AIE,B,2026-2027,1,Student cohort for M.Tech Artificial Intelligence - Y1 AIE Division B in 2026-2027.
DPS-2026-GSEB-ENG-UNI_PG_AI_Y1-AIE-C,DPS 2026-2027 English Medium M.Tech Artificial Intelligence - Y1 AIE Division C,DPS-2026-GSEB-ENG-UNI_PG_AI_Y1-AIE-C,DRONA_TRUST_GSEB_DPS_2026_2027_ENG_UNI_PG_AI_Y1_AIE,GSEB,DPS,ENG,UNI_PG_AI_Y1,AIE,C,2026-2027,1,Student cohort for M.Tech Artificial Intelligence - Y1 AIE Division C in 2026-2027.
DPS-2026-GSEB-ENG-UNI_PG_AI_Y1-AIE-D,DPS 2026-2027 English Medium M.Tech Artificial Intelligence - Y1 AIE Division D,DPS-2026-GSEB-ENG-UNI_PG_AI_Y1-AIE-D,DRONA_TRUST_GSEB_DPS_2026_2027_ENG_UNI_PG_AI_Y1_AIE,GSEB,DPS,ENG,UNI_PG_AI_Y1,AIE,D,2026-2027,1,Student cohort for M.Tech Artificial Intelligence - Y1 AIE Division D in 2026-2027.
DPS-2026-GSEB-ENG-UNI_PG_AI_Y1-AIE-E,DPS 2026-2027 English Medium M.Tech Artificial Intelligence - Y1 AIE Division E,DPS-2026-GSEB-ENG-UNI_PG_AI_Y1-AIE-E,DRONA_TRUST_GSEB_DPS_2026_2027_ENG_UNI_PG_AI_Y1_AIE,GSEB,DPS,ENG,UNI_PG_AI_Y1,AIE,E,2026-2027,1,Student cohort for M.Tech Artificial Intelligence - Y1 AIE Division E in 2026-2027.
DPS-2026-GSEB-ENG-UNI_PG_AI_Y1-AIE-F,DPS 2026-2027 English Medium M.Tech Artificial Intelligence - Y1 AIE Division F,DPS-2026-GSEB-ENG-UNI_PG_AI_Y1-AIE-F,DRONA_TRUST_GSEB_DPS_2026_2027_ENG_UNI_PG_AI_Y1_AIE,GSEB,DPS,ENG,UNI_PG_AI_Y1,AIE,F,2026-2027,1,Student cohort for M.Tech Artificial Intelligence - Y1 AIE Division F in 2026-2027.
DPS-2026-GSEB-ENG-UNI_PG_AI_Y2-AIE-A,DPS 2026-2027 English Medium M.Tech Artificial Intelligence - Y2 AIE Division A,DPS-2026-GSEB-ENG-UNI_PG_AI_Y2-AIE-A,DRONA_TRUST_GSEB_DPS_2026_2027_ENG_UNI_PG_AI_Y2_AIE,GSEB,DPS,ENG,UNI_PG_AI_Y2,AIE,A,2026-2027,1,Student cohort for M.Tech Artificial Intelligence - Y2 AIE Division A in 2026-2027.
DPS-2026-GSEB-ENG-UNI_PG_AI_Y2-AIE-B,DPS 2026-2027 English Medium M.Tech Artificial Intelligence - Y2 AIE Division B,DPS-2026-GSEB-ENG-UNI_PG_AI_Y2-AIE-B,DRONA_TRUST_GSEB_DPS_2026_2027_ENG_UNI_PG_AI_Y2_AIE,GSEB,DPS,ENG,UNI_PG_AI_Y2,AIE,B,2026-2027,1,Student cohort for M.Tech Artificial Intelligence - Y2 AIE Division B in 2026-2027.
DPS-2026-GSEB-ENG-UNI_PG_AI_Y2-AIE-C,DPS 2026-2027 English Medium M.Tech Artificial Intelligence - Y2 AIE Division C,DPS-2026-GSEB-ENG-UNI_PG_AI_Y2-AIE-C,DRONA_TRUST_GSEB_DPS_2026_2027_ENG_UNI_PG_AI_Y2_AIE,GSEB,DPS,ENG,UNI_PG_AI_Y2,AIE,C,2026-2027,1,Student cohort for M.Tech Artificial Intelligence - Y2 AIE Division C in 2026-2027.
DPS-2026-GSEB-ENG-UNI_PG_AI_Y2-AIE-D,DPS 2026-2027 English Medium M.Tech Artificial Intelligence - Y2 AIE Division D,DPS-2026-GSEB-ENG-UNI_PG_AI_Y2-AIE-D,DRONA_TRUST_GSEB_DPS_2026_2027_ENG_UNI_PG_AI_Y2_AIE,GSEB,DPS,ENG,UNI_PG_AI_Y2,AIE,D,2026-2027,1,Student cohort for M.Tech Artificial Intelligence - Y2 AIE Division D in 2026-2027.
DPS-2026-GSEB-ENG-UNI_PG_AI_Y2-AIE-E,DPS 2026-2027 English Medium M.Tech Artificial Intelligence - Y2 AIE Division E,DPS-2026-GSEB-ENG-UNI_PG_AI_Y2-AIE-E,DRONA_TRUST_GSEB_DPS_2026_2027_ENG_UNI_PG_AI_Y2_AIE,GSEB,DPS,ENG,UNI_PG_AI_Y2,AIE,E,2026-2027,1,Student cohort for M.Tech Artificial Intelligence - Y2 AIE Division E in 2026-2027.
DPS-2026-GSEB-ENG-UNI_PG_AI_Y2-AIE-F,DPS 2026-2027 English Medium M.Tech Artificial Intelligence - Y2 AIE Division F,DPS-2026-GSEB-ENG-UNI_PG_AI_Y2-AIE-F,DRONA_TRUST_GSEB_DPS_2026_2027_ENG_UNI_PG_AI_Y2_AIE,GSEB,DPS,ENG,UNI_PG_AI_Y2,AIE,F,2026-2027,1,Student cohort for M.Tech Artificial Intelligence - Y2 AIE Division F in 2026-2027.
DPS-2026-GSEB-ENG-UNI_PG_MBA_Y1-MGT-A,DPS 2026-2027 English Medium MBA Business Analytics & Tech - Y1 MGT Division A,DPS-2026-GSEB-ENG-UNI_PG_MBA_Y1-MGT-A,DRONA_TRUST_GSEB_DPS_2026_2027_ENG_UNI_PG_MBA_Y1_MGT,GSEB,DPS,ENG,UNI_PG_MBA_Y1,MGT,A,2026-2027,1,Student cohort for MBA Business Analytics & Tech - Y1 MGT Division A in 2026-2027.
DPS-2026-GSEB-ENG-UNI_PG_MBA_Y1-MGT-B,DPS 2026-2027 English Medium MBA Business Analytics & Tech - Y1 MGT Division B,DPS-2026-GSEB-ENG-UNI_PG_MBA_Y1-MGT-B,DRONA_TRUST_GSEB_DPS_2026_2027_ENG_UNI_PG_MBA_Y1_MGT,GSEB,DPS,ENG,UNI_PG_MBA_Y1,MGT,B,2026-2027,1,Student cohort for MBA Business Analytics & Tech - Y1 MGT Division B in 2026-2027.
DPS-2026-GSEB-ENG-UNI_PG_MBA_Y1-MGT-C,DPS 2026-2027 English Medium MBA Business Analytics & Tech - Y1 MGT Division C,DPS-2026-GSEB-ENG-UNI_PG_MBA_Y1-MGT-C,DRONA_TRUST_GSEB_DPS_2026_2027_ENG_UNI_PG_MBA_Y1_MGT,GSEB,DPS,ENG,UNI_PG_MBA_Y1,MGT,C,2026-2027,1,Student cohort for MBA Business Analytics & Tech - Y1 MGT Division C in 2026-2027.
DPS-2026-GSEB-ENG-UNI_PG_MBA_Y1-MGT-D,DPS 2026-2027 English Medium MBA Business Analytics & Tech - Y1 MGT Division D,DPS-2026-GSEB-ENG-UNI_PG_MBA_Y1-MGT-D,DRONA_TRUST_GSEB_DPS_2026_2027_ENG_UNI_PG_MBA_Y1_MGT,GSEB,DPS,ENG,UNI_PG_MBA_Y1,MGT,D,2026-2027,1,Student cohort for MBA Business Analytics & Tech - Y1 MGT Division D in 2026-2027.
DPS-2026-GSEB-ENG-UNI_PG_MBA_Y1-MGT-E,DPS 2026-2027 English Medium MBA Business Analytics & Tech - Y1 MGT Division E,DPS-2026-GSEB-ENG-UNI_PG_MBA_Y1-MGT-E,DRONA_TRUST_GSEB_DPS_2026_2027_ENG_UNI_PG_MBA_Y1_MGT,GSEB,DPS,ENG,UNI_PG_MBA_Y1,MGT,E,2026-2027,1,Student cohort for MBA Business Analytics & Tech - Y1 MGT Division E in 2026-2027.
DPS-2026-GSEB-ENG-UNI_PG_MBA_Y1-MGT-F,DPS 2026-2027 English Medium MBA Business Analytics & Tech - Y1 MGT Division F,DPS-2026-GSEB-ENG-UNI_PG_MBA_Y1-MGT-F,DRONA_TRUST_GSEB_DPS_2026_2027_ENG_UNI_PG_MBA_Y1_MGT,GSEB,DPS,ENG,UNI_PG_MBA_Y1,MGT,F,2026-2027,1,Student cohort for MBA Business Analytics & Tech - Y1 MGT Division F in 2026-2027.
DPS-2026-GSEB-ENG-UNI_PG_MBA_Y2-MGT-A,DPS 2026-2027 English Medium MBA Business Analytics & Tech - Y2 MGT Division A,DPS-2026-GSEB-ENG-UNI_PG_MBA_Y2-MGT-A,DRONA_TRUST_GSEB_DPS_2026_2027_ENG_UNI_PG_MBA_Y2_MGT,GSEB,DPS,ENG,UNI_PG_MBA_Y2,MGT,A,2026-2027,1,Student cohort for MBA Business Analytics & Tech - Y2 MGT Division A in 2026-2027.
DPS-2026-GSEB-ENG-UNI_PG_MBA_Y2-MGT-B,DPS 2026-2027 English Medium MBA Business Analytics & Tech - Y2 MGT Division B,DPS-2026-GSEB-ENG-UNI_PG_MBA_Y2-MGT-B,DRONA_TRUST_GSEB_DPS_2026_2027_ENG_UNI_PG_MBA_Y2_MGT,GSEB,DPS,ENG,UNI_PG_MBA_Y2,MGT,B,2026-2027,1,Student cohort for MBA Business Analytics & Tech - Y2 MGT Division B in 2026-2027.
DPS-2026-GSEB-ENG-UNI_PG_MBA_Y2-MGT-C,DPS 2026-2027 English Medium MBA Business Analytics & Tech - Y2 MGT Division C,DPS-2026-GSEB-ENG-UNI_PG_MBA_Y2-MGT-C,DRONA_TRUST_GSEB_DPS_2026_2027_ENG_UNI_PG_MBA_Y2_MGT,GSEB,DPS,ENG,UNI_PG_MBA_Y2,MGT,C,2026-2027,1,Student cohort for MBA Business Analytics & Tech - Y2 MGT Division C in 2026-2027.
DPS-2026-GSEB-ENG-UNI_PG_MBA_Y2-MGT-D,DPS 2026-2027 English Medium MBA Business Analytics & Tech - Y2 MGT Division D,DPS-2026-GSEB-ENG-UNI_PG_MBA_Y2-MGT-D,DRONA_TRUST_GSEB_DPS_2026_2027_ENG_UNI_PG_MBA_Y2_MGT,GSEB,DPS,ENG,UNI_PG_MBA_Y2,MGT,D,2026-2027,1,Student cohort for MBA Business Analytics & Tech - Y2 MGT Division D in 2026-2027.
DPS-2026-GSEB-ENG-UNI_PG_MBA_Y2-MGT-E,DPS 2026-2027 English Medium MBA Business Analytics & Tech - Y2 MGT Division E,DPS-2026-GSEB-ENG-UNI_PG_MBA_Y2-MGT-E,DRONA_TRUST_GSEB_DPS_2026_2027_ENG_UNI_PG_MBA_Y2_MGT,GSEB,DPS,ENG,UNI_PG_MBA_Y2,MGT,E,2026-2027,1,Student cohort for MBA Business Analytics & Tech - Y2 MGT Division E in 2026-2027.
DPS-2026-GSEB-ENG-UNI_PG_MBA_Y2-MGT-F,DPS 2026-2027 English Medium MBA Business Analytics & Tech - Y2 MGT Division F,DPS-2026-GSEB-ENG-UNI_PG_MBA_Y2-MGT-F,DRONA_TRUST_GSEB_DPS_2026_2027_ENG_UNI_PG_MBA_Y2_MGT,GSEB,DPS,ENG,UNI_PG_MBA_Y2,MGT,F,2026-2027,1,Student cohort for MBA Business Analytics & Tech - Y2 MGT Division F in 2026-2027.
DPS-2026-GSEB-ENG-UNI_PG_LAW_Y1-LAW-A,DPS 2026-2027 English Medium LL.M (Corporate & Tech Law) - Y1 LAW Division A,DPS-2026-GSEB-ENG-UNI_PG_LAW_Y1-LAW-A,DRONA_TRUST_GSEB_DPS_2026_2027_ENG_UNI_PG_LAW_Y1_LAW,GSEB,DPS,ENG,UNI_PG_LAW_Y1,LAW,A,2026-2027,1,Student cohort for LL.M (Corporate & Tech Law) - Y1 LAW Division A in 2026-2027.
DPS-2026-GSEB-ENG-UNI_PG_LAW_Y1-LAW-B,DPS 2026-2027 English Medium LL.M (Corporate & Tech Law) - Y1 LAW Division B,DPS-2026-GSEB-ENG-UNI_PG_LAW_Y1-LAW-B,DRONA_TRUST_GSEB_DPS_2026_2027_ENG_UNI_PG_LAW_Y1_LAW,GSEB,DPS,ENG,UNI_PG_LAW_Y1,LAW,B,2026-2027,1,Student cohort for LL.M (Corporate & Tech Law) - Y1 LAW Division B in 2026-2027.
DPS-2026-GSEB-ENG-UNI_PG_LAW_Y1-LAW-C,DPS 2026-2027 English Medium LL.M (Corporate & Tech Law) - Y1 LAW Division C,DPS-2026-GSEB-ENG-UNI_PG_LAW_Y1-LAW-C,DRONA_TRUST_GSEB_DPS_2026_2027_ENG_UNI_PG_LAW_Y1_LAW,GSEB,DPS,ENG,UNI_PG_LAW_Y1,LAW,C,2026-2027,1,Student cohort for LL.M (Corporate & Tech Law) - Y1 LAW Division C in 2026-2027.
DPS-2026-GSEB-ENG-UNI_PG_LAW_Y1-LAW-D,DPS 2026-2027 English Medium LL.M (Corporate & Tech Law) - Y1 LAW Division D,DPS-2026-GSEB-ENG-UNI_PG_LAW_Y1-LAW-D,DRONA_TRUST_GSEB_DPS_2026_2027_ENG_UNI_PG_LAW_Y1_LAW,GSEB,DPS,ENG,UNI_PG_LAW_Y1,LAW,D,2026-2027,1,Student cohort for LL.M (Corporate & Tech Law) - Y1 LAW Division D in 2026-2027.
DPS-2026-GSEB-ENG-UNI_PG_LAW_Y1-LAW-E,DPS 2026-2027 English Medium LL.M (Corporate & Tech Law) - Y1 LAW Division E,DPS-2026-GSEB-ENG-UNI_PG_LAW_Y1-LAW-E,DRONA_TRUST_GSEB_DPS_2026_2027_ENG_UNI_PG_LAW_Y1_LAW,GSEB,DPS,ENG,UNI_PG_LAW_Y1,LAW,E,2026-2027,1,Student cohort for LL.M (Corporate & Tech Law) - Y1 LAW Division E in 2026-2027.
DPS-2026-GSEB-ENG-UNI_PG_LAW_Y1-LAW-F,DPS 2026-2027 English Medium LL.M (Corporate & Tech Law) - Y1 LAW Division F,DPS-2026-GSEB-ENG-UNI_PG_LAW_Y1-LAW-F,DRONA_TRUST_GSEB_DPS_2026_2027_ENG_UNI_PG_LAW_Y1_LAW,GSEB,DPS,ENG,UNI_PG_LAW_Y1,LAW,F,2026-2027,1,Student cohort for LL.M (Corporate & Tech Law) - Y1 LAW Division F in 2026-2027.
DPS-2026-GSEB-ENG-UNI_PG_LAW_Y2-LAW-A,DPS 2026-2027 English Medium LL.M (Corporate & Tech Law) - Y2 LAW Division A,DPS-2026-GSEB-ENG-UNI_PG_LAW_Y2-LAW-A,DRONA_TRUST_GSEB_DPS_2026_2027_ENG_UNI_PG_LAW_Y2_LAW,GSEB,DPS,ENG,UNI_PG_LAW_Y2,LAW,A,2026-2027,1,Student cohort for LL.M (Corporate & Tech Law) - Y2 LAW Division A in 2026-2027.
DPS-2026-GSEB-ENG-UNI_PG_LAW_Y2-LAW-B,DPS 2026-2027 English Medium LL.M (Corporate & Tech Law) - Y2 LAW Division B,DPS-2026-GSEB-ENG-UNI_PG_LAW_Y2-LAW-B,DRONA_TRUST_GSEB_DPS_2026_2027_ENG_UNI_PG_LAW_Y2_LAW,GSEB,DPS,ENG,UNI_PG_LAW_Y2,LAW,B,2026-2027,1,Student cohort for LL.M (Corporate & Tech Law) - Y2 LAW Division B in 2026-2027.
DPS-2026-GSEB-ENG-UNI_PG_LAW_Y2-LAW-C,DPS 2026-2027 English Medium LL.M (Corporate & Tech Law) - Y2 LAW Division C,DPS-2026-GSEB-ENG-UNI_PG_LAW_Y2-LAW-C,DRONA_TRUST_GSEB_DPS_2026_2027_ENG_UNI_PG_LAW_Y2_LAW,GSEB,DPS,ENG,UNI_PG_LAW_Y2,LAW,C,2026-2027,1,Student cohort for LL.M (Corporate & Tech Law) - Y2 LAW Division C in 2026-2027.
DPS-2026-GSEB-ENG-UNI_PG_LAW_Y2-LAW-D,DPS 2026-2027 English Medium LL.M (Corporate & Tech Law) - Y2 LAW Division D,DPS-2026-GSEB-ENG-UNI_PG_LAW_Y2-LAW-D,DRONA_TRUST_GSEB_DPS_2026_2027_ENG_UNI_PG_LAW_Y2_LAW,GSEB,DPS,ENG,UNI_PG_LAW_Y2,LAW,D,2026-2027,1,Student cohort for LL.M (Corporate & Tech Law) - Y2 LAW Division D in 2026-2027.
DPS-2026-GSEB-ENG-UNI_PG_LAW_Y2-LAW-E,DPS 2026-2027 English Medium LL.M (Corporate & Tech Law) - Y2 LAW Division E,DPS-2026-GSEB-ENG-UNI_PG_LAW_Y2-LAW-E,DRONA_TRUST_GSEB_DPS_2026_2027_ENG_UNI_PG_LAW_Y2_LAW,GSEB,DPS,ENG,UNI_PG_LAW_Y2,LAW,E,2026-2027,1,Student cohort for LL.M (Corporate & Tech Law) - Y2 LAW Division E in 2026-2027.
DPS-2026-GSEB-ENG-UNI_PG_LAW_Y2-LAW-F,DPS 2026-2027 English Medium LL.M (Corporate & Tech Law) - Y2 LAW Division F,DPS-2026-GSEB-ENG-UNI_PG_LAW_Y2-LAW-F,DRONA_TRUST_GSEB_DPS_2026_2027_ENG_UNI_PG_LAW_Y2_LAW,GSEB,DPS,ENG,UNI_PG_LAW_Y2,LAW,F,2026-2027,1,Student cohort for LL.M (Corporate & Tech Law) - Y2 LAW Division F in 2026-2027.
DPS-2026-GSEB-ENG-UNI_PHD_AI-RES-A,DPS 2026-2027 English Medium Ph.D. Artificial Intelligence & Ethics RES Division A,DPS-2026-GSEB-ENG-UNI_PHD_AI-RES-A,DRONA_TRUST_GSEB_DPS_2026_2027_ENG_UNI_PHD_AI_RES,GSEB,DPS,ENG,UNI_PHD_AI,RES,A,2026-2027,1,Student cohort for Ph.D. Artificial Intelligence & Ethics RES Division A in 2026-2027.
DPS-2026-GSEB-ENG-UNI_PHD_AI-RES-B,DPS 2026-2027 English Medium Ph.D. Artificial Intelligence & Ethics RES Division B,DPS-2026-GSEB-ENG-UNI_PHD_AI-RES-B,DRONA_TRUST_GSEB_DPS_2026_2027_ENG_UNI_PHD_AI_RES,GSEB,DPS,ENG,UNI_PHD_AI,RES,B,2026-2027,1,Student cohort for Ph.D. Artificial Intelligence & Ethics RES Division B in 2026-2027.
DPS-2026-GSEB-ENG-UNI_PHD_AI-RES-C,DPS 2026-2027 English Medium Ph.D. Artificial Intelligence & Ethics RES Division C,DPS-2026-GSEB-ENG-UNI_PHD_AI-RES-C,DRONA_TRUST_GSEB_DPS_2026_2027_ENG_UNI_PHD_AI_RES,GSEB,DPS,ENG,UNI_PHD_AI,RES,C,2026-2027,1,Student cohort for Ph.D. Artificial Intelligence & Ethics RES Division C in 2026-2027.
DPS-2026-GSEB-ENG-UNI_PHD_AI-RES-D,DPS 2026-2027 English Medium Ph.D. Artificial Intelligence & Ethics RES Division D,DPS-2026-GSEB-ENG-UNI_PHD_AI-RES-D,DRONA_TRUST_GSEB_DPS_2026_2027_ENG_UNI_PHD_AI_RES,GSEB,DPS,ENG,UNI_PHD_AI,RES,D,2026-2027,1,Student cohort for Ph.D. Artificial Intelligence & Ethics RES Division D in 2026-2027.
DPS-2026-GSEB-ENG-UNI_PHD_AI-RES-E,DPS 2026-2027 English Medium Ph.D. Artificial Intelligence & Ethics RES Division E,DPS-2026-GSEB-ENG-UNI_PHD_AI-RES-E,DRONA_TRUST_GSEB_DPS_2026_2027_ENG_UNI_PHD_AI_RES,GSEB,DPS,ENG,UNI_PHD_AI,RES,E,2026-2027,1,Student cohort for Ph.D. Artificial Intelligence & Ethics RES Division E in 2026-2027.
DPS-2026-GSEB-ENG-UNI_PHD_AI-RES-F,DPS 2026-2027 English Medium Ph.D. Artificial Intelligence & Ethics RES Division F,DPS-2026-GSEB-ENG-UNI_PHD_AI-RES-F,DRONA_TRUST_GSEB_DPS_2026_2027_ENG_UNI_PHD_AI_RES,GSEB,DPS,ENG,UNI_PHD_AI,RES,F,2026-2027,1,Student cohort for Ph.D. Artificial Intelligence & Ethics RES Division F in 2026-2027.
DPS-2026-GSEB-ENG-UNI_PHD_DS-RES-A,DPS 2026-2027 English Medium Ph.D. Data Science & Big Data RES Division A,DPS-2026-GSEB-ENG-UNI_PHD_DS-RES-A,DRONA_TRUST_GSEB_DPS_2026_2027_ENG_UNI_PHD_DS_RES,GSEB,DPS,ENG,UNI_PHD_DS,RES,A,2026-2027,1,Student cohort for Ph.D. Data Science & Big Data RES Division A in 2026-2027.
DPS-2026-GSEB-ENG-UNI_PHD_DS-RES-B,DPS 2026-2027 English Medium Ph.D. Data Science & Big Data RES Division B,DPS-2026-GSEB-ENG-UNI_PHD_DS-RES-B,DRONA_TRUST_GSEB_DPS_2026_2027_ENG_UNI_PHD_DS_RES,GSEB,DPS,ENG,UNI_PHD_DS,RES,B,2026-2027,1,Student cohort for Ph.D. Data Science & Big Data RES Division B in 2026-2027.
DPS-2026-GSEB-ENG-UNI_PHD_DS-RES-C,DPS 2026-2027 English Medium Ph.D. Data Science & Big Data RES Division C,DPS-2026-GSEB-ENG-UNI_PHD_DS-RES-C,DRONA_TRUST_GSEB_DPS_2026_2027_ENG_UNI_PHD_DS_RES,GSEB,DPS,ENG,UNI_PHD_DS,RES,C,2026-2027,1,Student cohort for Ph.D. Data Science & Big Data RES Division C in 2026-2027.
DPS-2026-GSEB-ENG-UNI_PHD_DS-RES-D,DPS 2026-2027 English Medium Ph.D. Data Science & Big Data RES Division D,DPS-2026-GSEB-ENG-UNI_PHD_DS-RES-D,DRONA_TRUST_GSEB_DPS_2026_2027_ENG_UNI_PHD_DS_RES,GSEB,DPS,ENG,UNI_PHD_DS,RES,D,2026-2027,1,Student cohort for Ph.D. Data Science & Big Data RES Division D in 2026-2027.
DPS-2026-GSEB-ENG-UNI_PHD_DS-RES-E,DPS 2026-2027 English Medium Ph.D. Data Science & Big Data RES Division E,DPS-2026-GSEB-ENG-UNI_PHD_DS-RES-E,DRONA_TRUST_GSEB_DPS_2026_2027_ENG_UNI_PHD_DS_RES,GSEB,DPS,ENG,UNI_PHD_DS,RES,E,2026-2027,1,Student cohort for Ph.D. Data Science & Big Data RES Division E in 2026-2027.
DPS-2026-GSEB-ENG-UNI_PHD_DS-RES-F,DPS 2026-2027 English Medium Ph.D. Data Science & Big Data RES Division F,DPS-2026-GSEB-ENG-UNI_PHD_DS-RES-F,DRONA_TRUST_GSEB_DPS_2026_2027_ENG_UNI_PHD_DS_RES,GSEB,DPS,ENG,UNI_PHD_DS,RES,F,2026-2027,1,Student cohort for Ph.D. Data Science & Big Data RES Division F in 2026-2027.
DPS-2026-GSEB-ENG-UNI_PHD_RE-RES-A,DPS 2026-2027 English Medium Ph.D. Renewable Energy & Smart Grid RES Division A,DPS-2026-GSEB-ENG-UNI_PHD_RE-RES-A,DRONA_TRUST_GSEB_DPS_2026_2027_ENG_UNI_PHD_RE_RES,GSEB,DPS,ENG,UNI_PHD_RE,RES,A,2026-2027,1,Student cohort for Ph.D. Renewable Energy & Smart Grid RES Division A in 2026-2027.
DPS-2026-GSEB-ENG-UNI_PHD_RE-RES-B,DPS 2026-2027 English Medium Ph.D. Renewable Energy & Smart Grid RES Division B,DPS-2026-GSEB-ENG-UNI_PHD_RE-RES-B,DRONA_TRUST_GSEB_DPS_2026_2027_ENG_UNI_PHD_RE_RES,GSEB,DPS,ENG,UNI_PHD_RE,RES,B,2026-2027,1,Student cohort for Ph.D. Renewable Energy & Smart Grid RES Division B in 2026-2027.
DPS-2026-GSEB-ENG-UNI_PHD_RE-RES-C,DPS 2026-2027 English Medium Ph.D. Renewable Energy & Smart Grid RES Division C,DPS-2026-GSEB-ENG-UNI_PHD_RE-RES-C,DRONA_TRUST_GSEB_DPS_2026_2027_ENG_UNI_PHD_RE_RES,GSEB,DPS,ENG,UNI_PHD_RE,RES,C,2026-2027,1,Student cohort for Ph.D. Renewable Energy & Smart Grid RES Division C in 2026-2027.
DPS-2026-GSEB-ENG-UNI_PHD_RE-RES-D,DPS 2026-2027 English Medium Ph.D. Renewable Energy & Smart Grid RES Division D,DPS-2026-GSEB-ENG-UNI_PHD_RE-RES-D,DRONA_TRUST_GSEB_DPS_2026_2027_ENG_UNI_PHD_RE_RES,GSEB,DPS,ENG,UNI_PHD_RE,RES,D,2026-2027,1,Student cohort for Ph.D. Renewable Energy & Smart Grid RES Division D in 2026-2027.
DPS-2026-GSEB-ENG-UNI_PHD_RE-RES-E,DPS 2026-2027 English Medium Ph.D. Renewable Energy & Smart Grid RES Division E,DPS-2026-GSEB-ENG-UNI_PHD_RE-RES-E,DRONA_TRUST_GSEB_DPS_2026_2027_ENG_UNI_PHD_RE_RES,GSEB,DPS,ENG,UNI_PHD_RE,RES,E,2026-2027,1,Student cohort for Ph.D. Renewable Energy & Smart Grid RES Division E in 2026-2027.
DPS-2026-GSEB-ENG-UNI_PHD_RE-RES-F,DPS 2026-2027 English Medium Ph.D. Renewable Energy & Smart Grid RES Division F,DPS-2026-GSEB-ENG-UNI_PHD_RE-RES-F,DRONA_TRUST_GSEB_DPS_2026_2027_ENG_UNI_PHD_RE_RES,GSEB,DPS,ENG,UNI_PHD_RE,RES,F,2026-2027,1,Student cohort for Ph.D. Renewable Energy & Smart Grid RES Division F in 2026-2027.
DPS-2026-GSEB-ENG-UNI_UG_BCA_Y1-CSA-A,DPS 2026-2027 English Medium BCA (Bachelor of Computer Applications) - Y1 CSA Division A,DPS-2026-GSEB-ENG-UNI_UG_BCA_Y1-CSA-A,DRONA_TRUST_GSEB_DPS_2026_2027_ENG_UNI_UG_BCA_Y1_CSA,GSEB,DPS,ENG,UNI_UG_BCA_Y1,CSA,A,2026-2027,1,Student cohort for BCA (Bachelor of Computer Applications) - Y1 CSA Division A in 2026-2027.
DPS-2026-GSEB-ENG-UNI_UG_BCA_Y1-CSA-B,DPS 2026-2027 English Medium BCA (Bachelor of Computer Applications) - Y1 CSA Division B,DPS-2026-GSEB-ENG-UNI_UG_BCA_Y1-CSA-B,DRONA_TRUST_GSEB_DPS_2026_2027_ENG_UNI_UG_BCA_Y1_CSA,GSEB,DPS,ENG,UNI_UG_BCA_Y1,CSA,B,2026-2027,1,Student cohort for BCA (Bachelor of Computer Applications) - Y1 CSA Division B in 2026-2027.
DPS-2026-GSEB-ENG-UNI_UG_BCA_Y1-CSA-C,DPS 2026-2027 English Medium BCA (Bachelor of Computer Applications) - Y1 CSA Division C,DPS-2026-GSEB-ENG-UNI_UG_BCA_Y1-CSA-C,DRONA_TRUST_GSEB_DPS_2026_2027_ENG_UNI_UG_BCA_Y1_CSA,GSEB,DPS,ENG,UNI_UG_BCA_Y1,CSA,C,2026-2027,1,Student cohort for BCA (Bachelor of Computer Applications) - Y1 CSA Division C in 2026-2027.
DPS-2026-GSEB-ENG-UNI_UG_BCA_Y1-CSA-D,DPS 2026-2027 English Medium BCA (Bachelor of Computer Applications) - Y1 CSA Division D,DPS-2026-GSEB-ENG-UNI_UG_BCA_Y1-CSA-D,DRONA_TRUST_GSEB_DPS_2026_2027_ENG_UNI_UG_BCA_Y1_CSA,GSEB,DPS,ENG,UNI_UG_BCA_Y1,CSA,D,2026-2027,1,Student cohort for BCA (Bachelor of Computer Applications) - Y1 CSA Division D in 2026-2027.
DPS-2026-GSEB-ENG-UNI_UG_BCA_Y1-CSA-E,DPS 2026-2027 English Medium BCA (Bachelor of Computer Applications) - Y1 CSA Division E,DPS-2026-GSEB-ENG-UNI_UG_BCA_Y1-CSA-E,DRONA_TRUST_GSEB_DPS_2026_2027_ENG_UNI_UG_BCA_Y1_CSA,GSEB,DPS,ENG,UNI_UG_BCA_Y1,CSA,E,2026-2027,1,Student cohort for BCA (Bachelor of Computer Applications) - Y1 CSA Division E in 2026-2027.
DPS-2026-GSEB-ENG-UNI_UG_BCA_Y1-CSA-F,DPS 2026-2027 English Medium BCA (Bachelor of Computer Applications) - Y1 CSA Division F,DPS-2026-GSEB-ENG-UNI_UG_BCA_Y1-CSA-F,DRONA_TRUST_GSEB_DPS_2026_2027_ENG_UNI_UG_BCA_Y1_CSA,GSEB,DPS,ENG,UNI_UG_BCA_Y1,CSA,F,2026-2027,1,Student cohort for BCA (Bachelor of Computer Applications) - Y1 CSA Division F in 2026-2027.
DPS-2026-GSEB-ENG-UNI_UG_BCA_Y2-CSA-A,DPS 2026-2027 English Medium BCA (Bachelor of Computer Applications) - Y2 CSA Division A,DPS-2026-GSEB-ENG-UNI_UG_BCA_Y2-CSA-A,DRONA_TRUST_GSEB_DPS_2026_2027_ENG_UNI_UG_BCA_Y2_CSA,GSEB,DPS,ENG,UNI_UG_BCA_Y2,CSA,A,2026-2027,1,Student cohort for BCA (Bachelor of Computer Applications) - Y2 CSA Division A in 2026-2027.
DPS-2026-GSEB-ENG-UNI_UG_BCA_Y2-CSA-B,DPS 2026-2027 English Medium BCA (Bachelor of Computer Applications) - Y2 CSA Division B,DPS-2026-GSEB-ENG-UNI_UG_BCA_Y2-CSA-B,DRONA_TRUST_GSEB_DPS_2026_2027_ENG_UNI_UG_BCA_Y2_CSA,GSEB,DPS,ENG,UNI_UG_BCA_Y2,CSA,B,2026-2027,1,Student cohort for BCA (Bachelor of Computer Applications) - Y2 CSA Division B in 2026-2027.
DPS-2026-GSEB-ENG-UNI_UG_BCA_Y2-CSA-C,DPS 2026-2027 English Medium BCA (Bachelor of Computer Applications) - Y2 CSA Division C,DPS-2026-GSEB-ENG-UNI_UG_BCA_Y2-CSA-C,DRONA_TRUST_GSEB_DPS_2026_2027_ENG_UNI_UG_BCA_Y2_CSA,GSEB,DPS,ENG,UNI_UG_BCA_Y2,CSA,C,2026-2027,1,Student cohort for BCA (Bachelor of Computer Applications) - Y2 CSA Division C in 2026-2027.
DPS-2026-GSEB-ENG-UNI_UG_BCA_Y2-CSA-D,DPS 2026-2027 English Medium BCA (Bachelor of Computer Applications) - Y2 CSA Division D,DPS-2026-GSEB-ENG-UNI_UG_BCA_Y2-CSA-D,DRONA_TRUST_GSEB_DPS_2026_2027_ENG_UNI_UG_BCA_Y2_CSA,GSEB,DPS,ENG,UNI_UG_BCA_Y2,CSA,D,2026-2027,1,Student cohort for BCA (Bachelor of Computer Applications) - Y2 CSA Division D in 2026-2027.
DPS-2026-GSEB-ENG-UNI_UG_BCA_Y2-CSA-E,DPS 2026-2027 English Medium BCA (Bachelor of Computer Applications) - Y2 CSA Division E,DPS-2026-GSEB-ENG-UNI_UG_BCA_Y2-CSA-E,DRONA_TRUST_GSEB_DPS_2026_2027_ENG_UNI_UG_BCA_Y2_CSA,GSEB,DPS,ENG,UNI_UG_BCA_Y2,CSA,E,2026-2027,1,Student cohort for BCA (Bachelor of Computer Applications) - Y2 CSA Division E in 2026-2027.
DPS-2026-GSEB-ENG-UNI_UG_BCA_Y2-CSA-F,DPS 2026-2027 English Medium BCA (Bachelor of Computer Applications) - Y2 CSA Division F,DPS-2026-GSEB-ENG-UNI_UG_BCA_Y2-CSA-F,DRONA_TRUST_GSEB_DPS_2026_2027_ENG_UNI_UG_BCA_Y2_CSA,GSEB,DPS,ENG,UNI_UG_BCA_Y2,CSA,F,2026-2027,1,Student cohort for BCA (Bachelor of Computer Applications) - Y2 CSA Division F in 2026-2027.
DPS-2026-GSEB-ENG-UNI_UG_BCA_Y3-CSA-A,DPS 2026-2027 English Medium BCA (Bachelor of Computer Applications) - Y3 CSA Division A,DPS-2026-GSEB-ENG-UNI_UG_BCA_Y3-CSA-A,DRONA_TRUST_GSEB_DPS_2026_2027_ENG_UNI_UG_BCA_Y3_CSA,GSEB,DPS,ENG,UNI_UG_BCA_Y3,CSA,A,2026-2027,1,Student cohort for BCA (Bachelor of Computer Applications) - Y3 CSA Division A in 2026-2027.
DPS-2026-GSEB-ENG-UNI_UG_BCA_Y3-CSA-B,DPS 2026-2027 English Medium BCA (Bachelor of Computer Applications) - Y3 CSA Division B,DPS-2026-GSEB-ENG-UNI_UG_BCA_Y3-CSA-B,DRONA_TRUST_GSEB_DPS_2026_2027_ENG_UNI_UG_BCA_Y3_CSA,GSEB,DPS,ENG,UNI_UG_BCA_Y3,CSA,B,2026-2027,1,Student cohort for BCA (Bachelor of Computer Applications) - Y3 CSA Division B in 2026-2027.
DPS-2026-GSEB-ENG-UNI_UG_BCA_Y3-CSA-C,DPS 2026-2027 English Medium BCA (Bachelor of Computer Applications) - Y3 CSA Division C,DPS-2026-GSEB-ENG-UNI_UG_BCA_Y3-CSA-C,DRONA_TRUST_GSEB_DPS_2026_2027_ENG_UNI_UG_BCA_Y3_CSA,GSEB,DPS,ENG,UNI_UG_BCA_Y3,CSA,C,2026-2027,1,Student cohort for BCA (Bachelor of Computer Applications) - Y3 CSA Division C in 2026-2027.
DPS-2026-GSEB-ENG-UNI_UG_BCA_Y3-CSA-D,DPS 2026-2027 English Medium BCA (Bachelor of Computer Applications) - Y3 CSA Division D,DPS-2026-GSEB-ENG-UNI_UG_BCA_Y3-CSA-D,DRONA_TRUST_GSEB_DPS_2026_2027_ENG_UNI_UG_BCA_Y3_CSA,GSEB,DPS,ENG,UNI_UG_BCA_Y3,CSA,D,2026-2027,1,Student cohort for BCA (Bachelor of Computer Applications) - Y3 CSA Division D in 2026-2027.
DPS-2026-GSEB-ENG-UNI_UG_BCA_Y3-CSA-E,DPS 2026-2027 English Medium BCA (Bachelor of Computer Applications) - Y3 CSA Division E,DPS-2026-GSEB-ENG-UNI_UG_BCA_Y3-CSA-E,DRONA_TRUST_GSEB_DPS_2026_2027_ENG_UNI_UG_BCA_Y3_CSA,GSEB,DPS,ENG,UNI_UG_BCA_Y3,CSA,E,2026-2027,1,Student cohort for BCA (Bachelor of Computer Applications) - Y3 CSA Division E in 2026-2027.
DPS-2026-GSEB-ENG-UNI_UG_BCA_Y3-CSA-F,DPS 2026-2027 English Medium BCA (Bachelor of Computer Applications) - Y3 CSA Division F,DPS-2026-GSEB-ENG-UNI_UG_BCA_Y3-CSA-F,DRONA_TRUST_GSEB_DPS_2026_2027_ENG_UNI_UG_BCA_Y3_CSA,GSEB,DPS,ENG,UNI_UG_BCA_Y3,CSA,F,2026-2027,1,Student cohort for BCA (Bachelor of Computer Applications) - Y3 CSA Division F in 2026-2027.
DPS-2026-GSEB-ENG-UNI_UG_BBA_Y1-MGT-A,DPS 2026-2027 English Medium BBA (Bachelor of Business Admin) - Y1 MGT Division A,DPS-2026-GSEB-ENG-UNI_UG_BBA_Y1-MGT-A,DRONA_TRUST_GSEB_DPS_2026_2027_ENG_UNI_UG_BBA_Y1_MGT,GSEB,DPS,ENG,UNI_UG_BBA_Y1,MGT,A,2026-2027,1,Student cohort for BBA (Bachelor of Business Admin) - Y1 MGT Division A in 2026-2027.
DPS-2026-GSEB-ENG-UNI_UG_BBA_Y1-MGT-B,DPS 2026-2027 English Medium BBA (Bachelor of Business Admin) - Y1 MGT Division B,DPS-2026-GSEB-ENG-UNI_UG_BBA_Y1-MGT-B,DRONA_TRUST_GSEB_DPS_2026_2027_ENG_UNI_UG_BBA_Y1_MGT,GSEB,DPS,ENG,UNI_UG_BBA_Y1,MGT,B,2026-2027,1,Student cohort for BBA (Bachelor of Business Admin) - Y1 MGT Division B in 2026-2027.
DPS-2026-GSEB-ENG-UNI_UG_BBA_Y1-MGT-C,DPS 2026-2027 English Medium BBA (Bachelor of Business Admin) - Y1 MGT Division C,DPS-2026-GSEB-ENG-UNI_UG_BBA_Y1-MGT-C,DRONA_TRUST_GSEB_DPS_2026_2027_ENG_UNI_UG_BBA_Y1_MGT,GSEB,DPS,ENG,UNI_UG_BBA_Y1,MGT,C,2026-2027,1,Student cohort for BBA (Bachelor of Business Admin) - Y1 MGT Division C in 2026-2027.
DPS-2026-GSEB-ENG-UNI_UG_BBA_Y1-MGT-D,DPS 2026-2027 English Medium BBA (Bachelor of Business Admin) - Y1 MGT Division D,DPS-2026-GSEB-ENG-UNI_UG_BBA_Y1-MGT-D,DRONA_TRUST_GSEB_DPS_2026_2027_ENG_UNI_UG_BBA_Y1_MGT,GSEB,DPS,ENG,UNI_UG_BBA_Y1,MGT,D,2026-2027,1,Student cohort for BBA (Bachelor of Business Admin) - Y1 MGT Division D in 2026-2027.
DPS-2026-GSEB-ENG-UNI_UG_BBA_Y1-MGT-E,DPS 2026-2027 English Medium BBA (Bachelor of Business Admin) - Y1 MGT Division E,DPS-2026-GSEB-ENG-UNI_UG_BBA_Y1-MGT-E,DRONA_TRUST_GSEB_DPS_2026_2027_ENG_UNI_UG_BBA_Y1_MGT,GSEB,DPS,ENG,UNI_UG_BBA_Y1,MGT,E,2026-2027,1,Student cohort for BBA (Bachelor of Business Admin) - Y1 MGT Division E in 2026-2027.
DPS-2026-GSEB-ENG-UNI_UG_BBA_Y1-MGT-F,DPS 2026-2027 English Medium BBA (Bachelor of Business Admin) - Y1 MGT Division F,DPS-2026-GSEB-ENG-UNI_UG_BBA_Y1-MGT-F,DRONA_TRUST_GSEB_DPS_2026_2027_ENG_UNI_UG_BBA_Y1_MGT,GSEB,DPS,ENG,UNI_UG_BBA_Y1,MGT,F,2026-2027,1,Student cohort for BBA (Bachelor of Business Admin) - Y1 MGT Division F in 2026-2027.
DPS-2026-GSEB-ENG-UNI_UG_BBA_Y2-MGT-A,DPS 2026-2027 English Medium BBA (Bachelor of Business Admin) - Y2 MGT Division A,DPS-2026-GSEB-ENG-UNI_UG_BBA_Y2-MGT-A,DRONA_TRUST_GSEB_DPS_2026_2027_ENG_UNI_UG_BBA_Y2_MGT,GSEB,DPS,ENG,UNI_UG_BBA_Y2,MGT,A,2026-2027,1,Student cohort for BBA (Bachelor of Business Admin) - Y2 MGT Division A in 2026-2027.
DPS-2026-GSEB-ENG-UNI_UG_BBA_Y2-MGT-B,DPS 2026-2027 English Medium BBA (Bachelor of Business Admin) - Y2 MGT Division B,DPS-2026-GSEB-ENG-UNI_UG_BBA_Y2-MGT-B,DRONA_TRUST_GSEB_DPS_2026_2027_ENG_UNI_UG_BBA_Y2_MGT,GSEB,DPS,ENG,UNI_UG_BBA_Y2,MGT,B,2026-2027,1,Student cohort for BBA (Bachelor of Business Admin) - Y2 MGT Division B in 2026-2027.
DPS-2026-GSEB-ENG-UNI_UG_BBA_Y2-MGT-C,DPS 2026-2027 English Medium BBA (Bachelor of Business Admin) - Y2 MGT Division C,DPS-2026-GSEB-ENG-UNI_UG_BBA_Y2-MGT-C,DRONA_TRUST_GSEB_DPS_2026_2027_ENG_UNI_UG_BBA_Y2_MGT,GSEB,DPS,ENG,UNI_UG_BBA_Y2,MGT,C,2026-2027,1,Student cohort for BBA (Bachelor of Business Admin) - Y2 MGT Division C in 2026-2027.
DPS-2026-GSEB-ENG-UNI_UG_BBA_Y2-MGT-D,DPS 2026-2027 English Medium BBA (Bachelor of Business Admin) - Y2 MGT Division D,DPS-2026-GSEB-ENG-UNI_UG_BBA_Y2-MGT-D,DRONA_TRUST_GSEB_DPS_2026_2027_ENG_UNI_UG_BBA_Y2_MGT,GSEB,DPS,ENG,UNI_UG_BBA_Y2,MGT,D,2026-2027,1,Student cohort for BBA (Bachelor of Business Admin) - Y2 MGT Division D in 2026-2027.
DPS-2026-GSEB-ENG-UNI_UG_BBA_Y2-MGT-E,DPS 2026-2027 English Medium BBA (Bachelor of Business Admin) - Y2 MGT Division E,DPS-2026-GSEB-ENG-UNI_UG_BBA_Y2-MGT-E,DRONA_TRUST_GSEB_DPS_2026_2027_ENG_UNI_UG_BBA_Y2_MGT,GSEB,DPS,ENG,UNI_UG_BBA_Y2,MGT,E,2026-2027,1,Student cohort for BBA (Bachelor of Business Admin) - Y2 MGT Division E in 2026-2027.
DPS-2026-GSEB-ENG-UNI_UG_BBA_Y2-MGT-F,DPS 2026-2027 English Medium BBA (Bachelor of Business Admin) - Y2 MGT Division F,DPS-2026-GSEB-ENG-UNI_UG_BBA_Y2-MGT-F,DRONA_TRUST_GSEB_DPS_2026_2027_ENG_UNI_UG_BBA_Y2_MGT,GSEB,DPS,ENG,UNI_UG_BBA_Y2,MGT,F,2026-2027,1,Student cohort for BBA (Bachelor of Business Admin) - Y2 MGT Division F in 2026-2027.
DPS-2026-GSEB-ENG-UNI_UG_BBA_Y3-MGT-A,DPS 2026-2027 English Medium BBA (Bachelor of Business Admin) - Y3 MGT Division A,DPS-2026-GSEB-ENG-UNI_UG_BBA_Y3-MGT-A,DRONA_TRUST_GSEB_DPS_2026_2027_ENG_UNI_UG_BBA_Y3_MGT,GSEB,DPS,ENG,UNI_UG_BBA_Y3,MGT,A,2026-2027,1,Student cohort for BBA (Bachelor of Business Admin) - Y3 MGT Division A in 2026-2027.
DPS-2026-GSEB-ENG-UNI_UG_BBA_Y3-MGT-B,DPS 2026-2027 English Medium BBA (Bachelor of Business Admin) - Y3 MGT Division B,DPS-2026-GSEB-ENG-UNI_UG_BBA_Y3-MGT-B,DRONA_TRUST_GSEB_DPS_2026_2027_ENG_UNI_UG_BBA_Y3_MGT,GSEB,DPS,ENG,UNI_UG_BBA_Y3,MGT,B,2026-2027,1,Student cohort for BBA (Bachelor of Business Admin) - Y3 MGT Division B in 2026-2027.
DPS-2026-GSEB-ENG-UNI_UG_BBA_Y3-MGT-C,DPS 2026-2027 English Medium BBA (Bachelor of Business Admin) - Y3 MGT Division C,DPS-2026-GSEB-ENG-UNI_UG_BBA_Y3-MGT-C,DRONA_TRUST_GSEB_DPS_2026_2027_ENG_UNI_UG_BBA_Y3_MGT,GSEB,DPS,ENG,UNI_UG_BBA_Y3,MGT,C,2026-2027,1,Student cohort for BBA (Bachelor of Business Admin) - Y3 MGT Division C in 2026-2027.
DPS-2026-GSEB-ENG-UNI_UG_BBA_Y3-MGT-D,DPS 2026-2027 English Medium BBA (Bachelor of Business Admin) - Y3 MGT Division D,DPS-2026-GSEB-ENG-UNI_UG_BBA_Y3-MGT-D,DRONA_TRUST_GSEB_DPS_2026_2027_ENG_UNI_UG_BBA_Y3_MGT,GSEB,DPS,ENG,UNI_UG_BBA_Y3,MGT,D,2026-2027,1,Student cohort for BBA (Bachelor of Business Admin) - Y3 MGT Division D in 2026-2027.
DPS-2026-GSEB-ENG-UNI_UG_BBA_Y3-MGT-E,DPS 2026-2027 English Medium BBA (Bachelor of Business Admin) - Y3 MGT Division E,DPS-2026-GSEB-ENG-UNI_UG_BBA_Y3-MGT-E,DRONA_TRUST_GSEB_DPS_2026_2027_ENG_UNI_UG_BBA_Y3_MGT,GSEB,DPS,ENG,UNI_UG_BBA_Y3,MGT,E,2026-2027,1,Student cohort for BBA (Bachelor of Business Admin) - Y3 MGT Division E in 2026-2027.
DPS-2026-GSEB-ENG-UNI_UG_BBA_Y3-MGT-F,DPS 2026-2027 English Medium BBA (Bachelor of Business Admin) - Y3 MGT Division F,DPS-2026-GSEB-ENG-UNI_UG_BBA_Y3-MGT-F,DRONA_TRUST_GSEB_DPS_2026_2027_ENG_UNI_UG_BBA_Y3_MGT,GSEB,DPS,ENG,UNI_UG_BBA_Y3,MGT,F,2026-2027,1,Student cohort for BBA (Bachelor of Business Admin) - Y3 MGT Division F in 2026-2027.
DPS-2026-GSEB-ENG-UNI_UG_BARCH_Y1-ARC-A,DPS 2026-2027 English Medium B.Arch (Architecture) - Y1 ARC Division A,DPS-2026-GSEB-ENG-UNI_UG_BARCH_Y1-ARC-A,DRONA_TRUST_GSEB_DPS_2026_2027_ENG_UNI_UG_BARCH_Y1_ARC,GSEB,DPS,ENG,UNI_UG_BARCH_Y1,ARC,A,2026-2027,1,Student cohort for B.Arch (Architecture) - Y1 ARC Division A in 2026-2027.
DPS-2026-GSEB-ENG-UNI_UG_BARCH_Y1-ARC-B,DPS 2026-2027 English Medium B.Arch (Architecture) - Y1 ARC Division B,DPS-2026-GSEB-ENG-UNI_UG_BARCH_Y1-ARC-B,DRONA_TRUST_GSEB_DPS_2026_2027_ENG_UNI_UG_BARCH_Y1_ARC,GSEB,DPS,ENG,UNI_UG_BARCH_Y1,ARC,B,2026-2027,1,Student cohort for B.Arch (Architecture) - Y1 ARC Division B in 2026-2027.
DPS-2026-GSEB-ENG-UNI_UG_BARCH_Y1-ARC-C,DPS 2026-2027 English Medium B.Arch (Architecture) - Y1 ARC Division C,DPS-2026-GSEB-ENG-UNI_UG_BARCH_Y1-ARC-C,DRONA_TRUST_GSEB_DPS_2026_2027_ENG_UNI_UG_BARCH_Y1_ARC,GSEB,DPS,ENG,UNI_UG_BARCH_Y1,ARC,C,2026-2027,1,Student cohort for B.Arch (Architecture) - Y1 ARC Division C in 2026-2027.
DPS-2026-GSEB-ENG-UNI_UG_BARCH_Y1-ARC-D,DPS 2026-2027 English Medium B.Arch (Architecture) - Y1 ARC Division D,DPS-2026-GSEB-ENG-UNI_UG_BARCH_Y1-ARC-D,DRONA_TRUST_GSEB_DPS_2026_2027_ENG_UNI_UG_BARCH_Y1_ARC,GSEB,DPS,ENG,UNI_UG_BARCH_Y1,ARC,D,2026-2027,1,Student cohort for B.Arch (Architecture) - Y1 ARC Division D in 2026-2027.
DPS-2026-GSEB-ENG-UNI_UG_BARCH_Y1-ARC-E,DPS 2026-2027 English Medium B.Arch (Architecture) - Y1 ARC Division E,DPS-2026-GSEB-ENG-UNI_UG_BARCH_Y1-ARC-E,DRONA_TRUST_GSEB_DPS_2026_2027_ENG_UNI_UG_BARCH_Y1_ARC,GSEB,DPS,ENG,UNI_UG_BARCH_Y1,ARC,E,2026-2027,1,Student cohort for B.Arch (Architecture) - Y1 ARC Division E in 2026-2027.
DPS-2026-GSEB-ENG-UNI_UG_BARCH_Y1-ARC-F,DPS 2026-2027 English Medium B.Arch (Architecture) - Y1 ARC Division F,DPS-2026-GSEB-ENG-UNI_UG_BARCH_Y1-ARC-F,DRONA_TRUST_GSEB_DPS_2026_2027_ENG_UNI_UG_BARCH_Y1_ARC,GSEB,DPS,ENG,UNI_UG_BARCH_Y1,ARC,F,2026-2027,1,Student cohort for B.Arch (Architecture) - Y1 ARC Division F in 2026-2027.
DPS-2026-GSEB-ENG-UNI_UG_BARCH_Y5-ARC-A,DPS 2026-2027 English Medium B.Arch (Architecture) - Y5 ARC Division A,DPS-2026-GSEB-ENG-UNI_UG_BARCH_Y5-ARC-A,DRONA_TRUST_GSEB_DPS_2026_2027_ENG_UNI_UG_BARCH_Y5_ARC,GSEB,DPS,ENG,UNI_UG_BARCH_Y5,ARC,A,2026-2027,1,Student cohort for B.Arch (Architecture) - Y5 ARC Division A in 2026-2027.
DPS-2026-GSEB-ENG-UNI_UG_BARCH_Y5-ARC-B,DPS 2026-2027 English Medium B.Arch (Architecture) - Y5 ARC Division B,DPS-2026-GSEB-ENG-UNI_UG_BARCH_Y5-ARC-B,DRONA_TRUST_GSEB_DPS_2026_2027_ENG_UNI_UG_BARCH_Y5_ARC,GSEB,DPS,ENG,UNI_UG_BARCH_Y5,ARC,B,2026-2027,1,Student cohort for B.Arch (Architecture) - Y5 ARC Division B in 2026-2027.
DPS-2026-GSEB-ENG-UNI_UG_BARCH_Y5-ARC-C,DPS 2026-2027 English Medium B.Arch (Architecture) - Y5 ARC Division C,DPS-2026-GSEB-ENG-UNI_UG_BARCH_Y5-ARC-C,DRONA_TRUST_GSEB_DPS_2026_2027_ENG_UNI_UG_BARCH_Y5_ARC,GSEB,DPS,ENG,UNI_UG_BARCH_Y5,ARC,C,2026-2027,1,Student cohort for B.Arch (Architecture) - Y5 ARC Division C in 2026-2027.
DPS-2026-GSEB-ENG-UNI_UG_BARCH_Y5-ARC-D,DPS 2026-2027 English Medium B.Arch (Architecture) - Y5 ARC Division D,DPS-2026-GSEB-ENG-UNI_UG_BARCH_Y5-ARC-D,DRONA_TRUST_GSEB_DPS_2026_2027_ENG_UNI_UG_BARCH_Y5_ARC,GSEB,DPS,ENG,UNI_UG_BARCH_Y5,ARC,D,2026-2027,1,Student cohort for B.Arch (Architecture) - Y5 ARC Division D in 2026-2027.
DPS-2026-GSEB-ENG-UNI_UG_BARCH_Y5-ARC-E,DPS 2026-2027 English Medium B.Arch (Architecture) - Y5 ARC Division E,DPS-2026-GSEB-ENG-UNI_UG_BARCH_Y5-ARC-E,DRONA_TRUST_GSEB_DPS_2026_2027_ENG_UNI_UG_BARCH_Y5_ARC,GSEB,DPS,ENG,UNI_UG_BARCH_Y5,ARC,E,2026-2027,1,Student cohort for B.Arch (Architecture) - Y5 ARC Division E in 2026-2027.
DPS-2026-GSEB-ENG-UNI_UG_BARCH_Y5-ARC-F,DPS 2026-2027 English Medium B.Arch (Architecture) - Y5 ARC Division F,DPS-2026-GSEB-ENG-UNI_UG_BARCH_Y5-ARC-F,DRONA_TRUST_GSEB_DPS_2026_2027_ENG_UNI_UG_BARCH_Y5_ARC,GSEB,DPS,ENG,UNI_UG_BARCH_Y5,ARC,F,2026-2027,1,Student cohort for B.Arch (Architecture) - Y5 ARC Division F in 2026-2027.
DPS-2026-GSEB-ENG-UNI_UG_BPT_Y1-AHS-A,DPS 2026-2027 English Medium BPT (Physiotherapy) - Y1 AHS Division A,DPS-2026-GSEB-ENG-UNI_UG_BPT_Y1-AHS-A,DRONA_TRUST_GSEB_DPS_2026_2027_ENG_UNI_UG_BPT_Y1_AHS,GSEB,DPS,ENG,UNI_UG_BPT_Y1,AHS,A,2026-2027,1,Student cohort for BPT (Physiotherapy) - Y1 AHS Division A in 2026-2027.
DPS-2026-GSEB-ENG-UNI_UG_BPT_Y1-AHS-B,DPS 2026-2027 English Medium BPT (Physiotherapy) - Y1 AHS Division B,DPS-2026-GSEB-ENG-UNI_UG_BPT_Y1-AHS-B,DRONA_TRUST_GSEB_DPS_2026_2027_ENG_UNI_UG_BPT_Y1_AHS,GSEB,DPS,ENG,UNI_UG_BPT_Y1,AHS,B,2026-2027,1,Student cohort for BPT (Physiotherapy) - Y1 AHS Division B in 2026-2027.
DPS-2026-GSEB-ENG-UNI_UG_BPT_Y1-AHS-C,DPS 2026-2027 English Medium BPT (Physiotherapy) - Y1 AHS Division C,DPS-2026-GSEB-ENG-UNI_UG_BPT_Y1-AHS-C,DRONA_TRUST_GSEB_DPS_2026_2027_ENG_UNI_UG_BPT_Y1_AHS,GSEB,DPS,ENG,UNI_UG_BPT_Y1,AHS,C,2026-2027,1,Student cohort for BPT (Physiotherapy) - Y1 AHS Division C in 2026-2027.
DPS-2026-GSEB-ENG-UNI_UG_BPT_Y1-AHS-D,DPS 2026-2027 English Medium BPT (Physiotherapy) - Y1 AHS Division D,DPS-2026-GSEB-ENG-UNI_UG_BPT_Y1-AHS-D,DRONA_TRUST_GSEB_DPS_2026_2027_ENG_UNI_UG_BPT_Y1_AHS,GSEB,DPS,ENG,UNI_UG_BPT_Y1,AHS,D,2026-2027,1,Student cohort for BPT (Physiotherapy) - Y1 AHS Division D in 2026-2027.
DPS-2026-GSEB-ENG-UNI_UG_BPT_Y1-AHS-E,DPS 2026-2027 English Medium BPT (Physiotherapy) - Y1 AHS Division E,DPS-2026-GSEB-ENG-UNI_UG_BPT_Y1-AHS-E,DRONA_TRUST_GSEB_DPS_2026_2027_ENG_UNI_UG_BPT_Y1_AHS,GSEB,DPS,ENG,UNI_UG_BPT_Y1,AHS,E,2026-2027,1,Student cohort for BPT (Physiotherapy) - Y1 AHS Division E in 2026-2027.
DPS-2026-GSEB-ENG-UNI_UG_BPT_Y1-AHS-F,DPS 2026-2027 English Medium BPT (Physiotherapy) - Y1 AHS Division F,DPS-2026-GSEB-ENG-UNI_UG_BPT_Y1-AHS-F,DRONA_TRUST_GSEB_DPS_2026_2027_ENG_UNI_UG_BPT_Y1_AHS,GSEB,DPS,ENG,UNI_UG_BPT_Y1,AHS,F,2026-2027,1,Student cohort for BPT (Physiotherapy) - Y1 AHS Division F in 2026-2027.
DPS-2026-GSEB-ENG-UNI_UG_BPT_Y4-AHS-A,DPS 2026-2027 English Medium BPT (Physiotherapy) - Y4 AHS Division A,DPS-2026-GSEB-ENG-UNI_UG_BPT_Y4-AHS-A,DRONA_TRUST_GSEB_DPS_2026_2027_ENG_UNI_UG_BPT_Y4_AHS,GSEB,DPS,ENG,UNI_UG_BPT_Y4,AHS,A,2026-2027,1,Student cohort for BPT (Physiotherapy) - Y4 AHS Division A in 2026-2027.
DPS-2026-GSEB-ENG-UNI_UG_BPT_Y4-AHS-B,DPS 2026-2027 English Medium BPT (Physiotherapy) - Y4 AHS Division B,DPS-2026-GSEB-ENG-UNI_UG_BPT_Y4-AHS-B,DRONA_TRUST_GSEB_DPS_2026_2027_ENG_UNI_UG_BPT_Y4_AHS,GSEB,DPS,ENG,UNI_UG_BPT_Y4,AHS,B,2026-2027,1,Student cohort for BPT (Physiotherapy) - Y4 AHS Division B in 2026-2027.
DPS-2026-GSEB-ENG-UNI_UG_BPT_Y4-AHS-C,DPS 2026-2027 English Medium BPT (Physiotherapy) - Y4 AHS Division C,DPS-2026-GSEB-ENG-UNI_UG_BPT_Y4-AHS-C,DRONA_TRUST_GSEB_DPS_2026_2027_ENG_UNI_UG_BPT_Y4_AHS,GSEB,DPS,ENG,UNI_UG_BPT_Y4,AHS,C,2026-2027,1,Student cohort for BPT (Physiotherapy) - Y4 AHS Division C in 2026-2027.
DPS-2026-GSEB-ENG-UNI_UG_BPT_Y4-AHS-D,DPS 2026-2027 English Medium BPT (Physiotherapy) - Y4 AHS Division D,DPS-2026-GSEB-ENG-UNI_UG_BPT_Y4-AHS-D,DRONA_TRUST_GSEB_DPS_2026_2027_ENG_UNI_UG_BPT_Y4_AHS,GSEB,DPS,ENG,UNI_UG_BPT_Y4,AHS,D,2026-2027,1,Student cohort for BPT (Physiotherapy) - Y4 AHS Division D in 2026-2027.
DPS-2026-GSEB-ENG-UNI_UG_BPT_Y4-AHS-E,DPS 2026-2027 English Medium BPT (Physiotherapy) - Y4 AHS Division E,DPS-2026-GSEB-ENG-UNI_UG_BPT_Y4-AHS-E,DRONA_TRUST_GSEB_DPS_2026_2027_ENG_UNI_UG_BPT_Y4_AHS,GSEB,DPS,ENG,UNI_UG_BPT_Y4,AHS,E,2026-2027,1,Student cohort for BPT (Physiotherapy) - Y4 AHS Division E in 2026-2027.
DPS-2026-GSEB-ENG-UNI_UG_BPT_Y4-AHS-F,DPS 2026-2027 English Medium BPT (Physiotherapy) - Y4 AHS Division F,DPS-2026-GSEB-ENG-UNI_UG_BPT_Y4-AHS-F,DRONA_TRUST_GSEB_DPS_2026_2027_ENG_UNI_UG_BPT_Y4_AHS,GSEB,DPS,ENG,UNI_UG_BPT_Y4,AHS,F,2026-2027,1,Student cohort for BPT (Physiotherapy) - Y4 AHS Division F in 2026-2027.
DPS-2026-GSEB-ENG-UNI_UG_BSW_Y1-ART-A,DPS 2026-2027 English Medium BSW (Social Work) - Y1 ART Division A,DPS-2026-GSEB-ENG-UNI_UG_BSW_Y1-ART-A,DRONA_TRUST_GSEB_DPS_2026_2027_ENG_UNI_UG_BSW_Y1_ART,GSEB,DPS,ENG,UNI_UG_BSW_Y1,ART,A,2026-2027,1,Student cohort for BSW (Social Work) - Y1 ART Division A in 2026-2027.
DPS-2026-GSEB-ENG-UNI_UG_BSW_Y1-ART-B,DPS 2026-2027 English Medium BSW (Social Work) - Y1 ART Division B,DPS-2026-GSEB-ENG-UNI_UG_BSW_Y1-ART-B,DRONA_TRUST_GSEB_DPS_2026_2027_ENG_UNI_UG_BSW_Y1_ART,GSEB,DPS,ENG,UNI_UG_BSW_Y1,ART,B,2026-2027,1,Student cohort for BSW (Social Work) - Y1 ART Division B in 2026-2027.
DPS-2026-GSEB-ENG-UNI_UG_BSW_Y1-ART-C,DPS 2026-2027 English Medium BSW (Social Work) - Y1 ART Division C,DPS-2026-GSEB-ENG-UNI_UG_BSW_Y1-ART-C,DRONA_TRUST_GSEB_DPS_2026_2027_ENG_UNI_UG_BSW_Y1_ART,GSEB,DPS,ENG,UNI_UG_BSW_Y1,ART,C,2026-2027,1,Student cohort for BSW (Social Work) - Y1 ART Division C in 2026-2027.
DPS-2026-GSEB-ENG-UNI_UG_BSW_Y1-ART-D,DPS 2026-2027 English Medium BSW (Social Work) - Y1 ART Division D,DPS-2026-GSEB-ENG-UNI_UG_BSW_Y1-ART-D,DRONA_TRUST_GSEB_DPS_2026_2027_ENG_UNI_UG_BSW_Y1_ART,GSEB,DPS,ENG,UNI_UG_BSW_Y1,ART,D,2026-2027,1,Student cohort for BSW (Social Work) - Y1 ART Division D in 2026-2027.
DPS-2026-GSEB-ENG-UNI_UG_BSW_Y1-ART-E,DPS 2026-2027 English Medium BSW (Social Work) - Y1 ART Division E,DPS-2026-GSEB-ENG-UNI_UG_BSW_Y1-ART-E,DRONA_TRUST_GSEB_DPS_2026_2027_ENG_UNI_UG_BSW_Y1_ART,GSEB,DPS,ENG,UNI_UG_BSW_Y1,ART,E,2026-2027,1,Student cohort for BSW (Social Work) - Y1 ART Division E in 2026-2027.
DPS-2026-GSEB-ENG-UNI_UG_BSW_Y1-ART-F,DPS 2026-2027 English Medium BSW (Social Work) - Y1 ART Division F,DPS-2026-GSEB-ENG-UNI_UG_BSW_Y1-ART-F,DRONA_TRUST_GSEB_DPS_2026_2027_ENG_UNI_UG_BSW_Y1_ART,GSEB,DPS,ENG,UNI_UG_BSW_Y1,ART,F,2026-2027,1,Student cohort for BSW (Social Work) - Y1 ART Division F in 2026-2027.
DPS-2026-GSEB-ENG-UNI_UG_BFA_Y1-ART-A,DPS 2026-2027 English Medium BFA (Fine Arts) - Y1 ART Division A,DPS-2026-GSEB-ENG-UNI_UG_BFA_Y1-ART-A,DRONA_TRUST_GSEB_DPS_2026_2027_ENG_UNI_UG_BFA_Y1_ART,GSEB,DPS,ENG,UNI_UG_BFA_Y1,ART,A,2026-2027,1,Student cohort for BFA (Fine Arts) - Y1 ART Division A in 2026-2027.
DPS-2026-GSEB-ENG-UNI_UG_BFA_Y1-ART-B,DPS 2026-2027 English Medium BFA (Fine Arts) - Y1 ART Division B,DPS-2026-GSEB-ENG-UNI_UG_BFA_Y1-ART-B,DRONA_TRUST_GSEB_DPS_2026_2027_ENG_UNI_UG_BFA_Y1_ART,GSEB,DPS,ENG,UNI_UG_BFA_Y1,ART,B,2026-2027,1,Student cohort for BFA (Fine Arts) - Y1 ART Division B in 2026-2027.
DPS-2026-GSEB-ENG-UNI_UG_BFA_Y1-ART-C,DPS 2026-2027 English Medium BFA (Fine Arts) - Y1 ART Division C,DPS-2026-GSEB-ENG-UNI_UG_BFA_Y1-ART-C,DRONA_TRUST_GSEB_DPS_2026_2027_ENG_UNI_UG_BFA_Y1_ART,GSEB,DPS,ENG,UNI_UG_BFA_Y1,ART,C,2026-2027,1,Student cohort for BFA (Fine Arts) - Y1 ART Division C in 2026-2027.
DPS-2026-GSEB-ENG-UNI_UG_BFA_Y1-ART-D,DPS 2026-2027 English Medium BFA (Fine Arts) - Y1 ART Division D,DPS-2026-GSEB-ENG-UNI_UG_BFA_Y1-ART-D,DRONA_TRUST_GSEB_DPS_2026_2027_ENG_UNI_UG_BFA_Y1_ART,GSEB,DPS,ENG,UNI_UG_BFA_Y1,ART,D,2026-2027,1,Student cohort for BFA (Fine Arts) - Y1 ART Division D in 2026-2027.
DPS-2026-GSEB-ENG-UNI_UG_BFA_Y1-ART-E,DPS 2026-2027 English Medium BFA (Fine Arts) - Y1 ART Division E,DPS-2026-GSEB-ENG-UNI_UG_BFA_Y1-ART-E,DRONA_TRUST_GSEB_DPS_2026_2027_ENG_UNI_UG_BFA_Y1_ART,GSEB,DPS,ENG,UNI_UG_BFA_Y1,ART,E,2026-2027,1,Student cohort for BFA (Fine Arts) - Y1 ART Division E in 2026-2027.
DPS-2026-GSEB-ENG-UNI_UG_BFA_Y1-ART-F,DPS 2026-2027 English Medium BFA (Fine Arts) - Y1 ART Division F,DPS-2026-GSEB-ENG-UNI_UG_BFA_Y1-ART-F,DRONA_TRUST_GSEB_DPS_2026_2027_ENG_UNI_UG_BFA_Y1_ART,GSEB,DPS,ENG,UNI_UG_BFA_Y1,ART,F,2026-2027,1,Student cohort for BFA (Fine Arts) - Y1 ART Division F in 2026-2027.
DPS-2026-GSEB-ENG-UNI_UG_BHM_Y1-HOS-A,DPS 2026-2027 English Medium BHM (Hotel Management) - Y1 HOS Division A,DPS-2026-GSEB-ENG-UNI_UG_BHM_Y1-HOS-A,DRONA_TRUST_GSEB_DPS_2026_2027_ENG_UNI_UG_BHM_Y1_HOS,GSEB,DPS,ENG,UNI_UG_BHM_Y1,HOS,A,2026-2027,1,Student cohort for BHM (Hotel Management) - Y1 HOS Division A in 2026-2027.
DPS-2026-GSEB-ENG-UNI_UG_BHM_Y1-HOS-B,DPS 2026-2027 English Medium BHM (Hotel Management) - Y1 HOS Division B,DPS-2026-GSEB-ENG-UNI_UG_BHM_Y1-HOS-B,DRONA_TRUST_GSEB_DPS_2026_2027_ENG_UNI_UG_BHM_Y1_HOS,GSEB,DPS,ENG,UNI_UG_BHM_Y1,HOS,B,2026-2027,1,Student cohort for BHM (Hotel Management) - Y1 HOS Division B in 2026-2027.
DPS-2026-GSEB-ENG-UNI_UG_BHM_Y1-HOS-C,DPS 2026-2027 English Medium BHM (Hotel Management) - Y1 HOS Division C,DPS-2026-GSEB-ENG-UNI_UG_BHM_Y1-HOS-C,DRONA_TRUST_GSEB_DPS_2026_2027_ENG_UNI_UG_BHM_Y1_HOS,GSEB,DPS,ENG,UNI_UG_BHM_Y1,HOS,C,2026-2027,1,Student cohort for BHM (Hotel Management) - Y1 HOS Division C in 2026-2027.
DPS-2026-GSEB-ENG-UNI_UG_BHM_Y1-HOS-D,DPS 2026-2027 English Medium BHM (Hotel Management) - Y1 HOS Division D,DPS-2026-GSEB-ENG-UNI_UG_BHM_Y1-HOS-D,DRONA_TRUST_GSEB_DPS_2026_2027_ENG_UNI_UG_BHM_Y1_HOS,GSEB,DPS,ENG,UNI_UG_BHM_Y1,HOS,D,2026-2027,1,Student cohort for BHM (Hotel Management) - Y1 HOS Division D in 2026-2027.
DPS-2026-GSEB-ENG-UNI_UG_BHM_Y1-HOS-E,DPS 2026-2027 English Medium BHM (Hotel Management) - Y1 HOS Division E,DPS-2026-GSEB-ENG-UNI_UG_BHM_Y1-HOS-E,DRONA_TRUST_GSEB_DPS_2026_2027_ENG_UNI_UG_BHM_Y1_HOS,GSEB,DPS,ENG,UNI_UG_BHM_Y1,HOS,E,2026-2027,1,Student cohort for BHM (Hotel Management) - Y1 HOS Division E in 2026-2027.
DPS-2026-GSEB-ENG-UNI_UG_BHM_Y1-HOS-F,DPS 2026-2027 English Medium BHM (Hotel Management) - Y1 HOS Division F,DPS-2026-GSEB-ENG-UNI_UG_BHM_Y1-HOS-F,DRONA_TRUST_GSEB_DPS_2026_2027_ENG_UNI_UG_BHM_Y1_HOS,GSEB,DPS,ENG,UNI_UG_BHM_Y1,HOS,F,2026-2027,1,Student cohort for BHM (Hotel Management) - Y1 HOS Division F in 2026-2027.
DPS-2026-GSEB-ENG-UNI_PG_MCA_Y1-CSA-A,DPS 2026-2027 English Medium MCA (Master of Computer Applications) - Y1 CSA Division A,DPS-2026-GSEB-ENG-UNI_PG_MCA_Y1-CSA-A,DRONA_TRUST_GSEB_DPS_2026_2027_ENG_UNI_PG_MCA_Y1_CSA,GSEB,DPS,ENG,UNI_PG_MCA_Y1,CSA,A,2026-2027,1,Student cohort for MCA (Master of Computer Applications) - Y1 CSA Division A in 2026-2027.
DPS-2026-GSEB-ENG-UNI_PG_MCA_Y1-CSA-B,DPS 2026-2027 English Medium MCA (Master of Computer Applications) - Y1 CSA Division B,DPS-2026-GSEB-ENG-UNI_PG_MCA_Y1-CSA-B,DRONA_TRUST_GSEB_DPS_2026_2027_ENG_UNI_PG_MCA_Y1_CSA,GSEB,DPS,ENG,UNI_PG_MCA_Y1,CSA,B,2026-2027,1,Student cohort for MCA (Master of Computer Applications) - Y1 CSA Division B in 2026-2027.
DPS-2026-GSEB-ENG-UNI_PG_MCA_Y1-CSA-C,DPS 2026-2027 English Medium MCA (Master of Computer Applications) - Y1 CSA Division C,DPS-2026-GSEB-ENG-UNI_PG_MCA_Y1-CSA-C,DRONA_TRUST_GSEB_DPS_2026_2027_ENG_UNI_PG_MCA_Y1_CSA,GSEB,DPS,ENG,UNI_PG_MCA_Y1,CSA,C,2026-2027,1,Student cohort for MCA (Master of Computer Applications) - Y1 CSA Division C in 2026-2027.
DPS-2026-GSEB-ENG-UNI_PG_MCA_Y1-CSA-D,DPS 2026-2027 English Medium MCA (Master of Computer Applications) - Y1 CSA Division D,DPS-2026-GSEB-ENG-UNI_PG_MCA_Y1-CSA-D,DRONA_TRUST_GSEB_DPS_2026_2027_ENG_UNI_PG_MCA_Y1_CSA,GSEB,DPS,ENG,UNI_PG_MCA_Y1,CSA,D,2026-2027,1,Student cohort for MCA (Master of Computer Applications) - Y1 CSA Division D in 2026-2027.
DPS-2026-GSEB-ENG-UNI_PG_MCA_Y1-CSA-E,DPS 2026-2027 English Medium MCA (Master of Computer Applications) - Y1 CSA Division E,DPS-2026-GSEB-ENG-UNI_PG_MCA_Y1-CSA-E,DRONA_TRUST_GSEB_DPS_2026_2027_ENG_UNI_PG_MCA_Y1_CSA,GSEB,DPS,ENG,UNI_PG_MCA_Y1,CSA,E,2026-2027,1,Student cohort for MCA (Master of Computer Applications) - Y1 CSA Division E in 2026-2027.
DPS-2026-GSEB-ENG-UNI_PG_MCA_Y1-CSA-F,DPS 2026-2027 English Medium MCA (Master of Computer Applications) - Y1 CSA Division F,DPS-2026-GSEB-ENG-UNI_PG_MCA_Y1-CSA-F,DRONA_TRUST_GSEB_DPS_2026_2027_ENG_UNI_PG_MCA_Y1_CSA,GSEB,DPS,ENG,UNI_PG_MCA_Y1,CSA,F,2026-2027,1,Student cohort for MCA (Master of Computer Applications) - Y1 CSA Division F in 2026-2027.
DPS-2026-GSEB-ENG-UNI_PG_MCA_Y2-CSA-A,DPS 2026-2027 English Medium MCA (Master of Computer Applications) - Y2 CSA Division A,DPS-2026-GSEB-ENG-UNI_PG_MCA_Y2-CSA-A,DRONA_TRUST_GSEB_DPS_2026_2027_ENG_UNI_PG_MCA_Y2_CSA,GSEB,DPS,ENG,UNI_PG_MCA_Y2,CSA,A,2026-2027,1,Student cohort for MCA (Master of Computer Applications) - Y2 CSA Division A in 2026-2027.
DPS-2026-GSEB-ENG-UNI_PG_MCA_Y2-CSA-B,DPS 2026-2027 English Medium MCA (Master of Computer Applications) - Y2 CSA Division B,DPS-2026-GSEB-ENG-UNI_PG_MCA_Y2-CSA-B,DRONA_TRUST_GSEB_DPS_2026_2027_ENG_UNI_PG_MCA_Y2_CSA,GSEB,DPS,ENG,UNI_PG_MCA_Y2,CSA,B,2026-2027,1,Student cohort for MCA (Master of Computer Applications) - Y2 CSA Division B in 2026-2027.
DPS-2026-GSEB-ENG-UNI_PG_MCA_Y2-CSA-C,DPS 2026-2027 English Medium MCA (Master of Computer Applications) - Y2 CSA Division C,DPS-2026-GSEB-ENG-UNI_PG_MCA_Y2-CSA-C,DRONA_TRUST_GSEB_DPS_2026_2027_ENG_UNI_PG_MCA_Y2_CSA,GSEB,DPS,ENG,UNI_PG_MCA_Y2,CSA,C,2026-2027,1,Student cohort for MCA (Master of Computer Applications) - Y2 CSA Division C in 2026-2027.
DPS-2026-GSEB-ENG-UNI_PG_MCA_Y2-CSA-D,DPS 2026-2027 English Medium MCA (Master of Computer Applications) - Y2 CSA Division D,DPS-2026-GSEB-ENG-UNI_PG_MCA_Y2-CSA-D,DRONA_TRUST_GSEB_DPS_2026_2027_ENG_UNI_PG_MCA_Y2_CSA,GSEB,DPS,ENG,UNI_PG_MCA_Y2,CSA,D,2026-2027,1,Student cohort for MCA (Master of Computer Applications) - Y2 CSA Division D in 2026-2027.
DPS-2026-GSEB-ENG-UNI_PG_MCA_Y2-CSA-E,DPS 2026-2027 English Medium MCA (Master of Computer Applications) - Y2 CSA Division E,DPS-2026-GSEB-ENG-UNI_PG_MCA_Y2-CSA-E,DRONA_TRUST_GSEB_DPS_2026_2027_ENG_UNI_PG_MCA_Y2_CSA,GSEB,DPS,ENG,UNI_PG_MCA_Y2,CSA,E,2026-2027,1,Student cohort for MCA (Master of Computer Applications) - Y2 CSA Division E in 2026-2027.
DPS-2026-GSEB-ENG-UNI_PG_MCA_Y2-CSA-F,DPS 2026-2027 English Medium MCA (Master of Computer Applications) - Y2 CSA Division F,DPS-2026-GSEB-ENG-UNI_PG_MCA_Y2-CSA-F,DRONA_TRUST_GSEB_DPS_2026_2027_ENG_UNI_PG_MCA_Y2_CSA,GSEB,DPS,ENG,UNI_PG_MCA_Y2,CSA,F,2026-2027,1,Student cohort for MCA (Master of Computer Applications) - Y2 CSA Division F in 2026-2027.
DPS-2026-GSEB-ENG-UNI_PG_MARCH_Y1-ARC-A,DPS 2026-2027 English Medium M.Arch (Architecture) - Y1 ARC Division A,DPS-2026-GSEB-ENG-UNI_PG_MARCH_Y1-ARC-A,DRONA_TRUST_GSEB_DPS_2026_2027_ENG_UNI_PG_MARCH_Y1_ARC,GSEB,DPS,ENG,UNI_PG_MARCH_Y1,ARC,A,2026-2027,1,Student cohort for M.Arch (Architecture) - Y1 ARC Division A in 2026-2027.
DPS-2026-GSEB-ENG-UNI_PG_MARCH_Y1-ARC-B,DPS 2026-2027 English Medium M.Arch (Architecture) - Y1 ARC Division B,DPS-2026-GSEB-ENG-UNI_PG_MARCH_Y1-ARC-B,DRONA_TRUST_GSEB_DPS_2026_2027_ENG_UNI_PG_MARCH_Y1_ARC,GSEB,DPS,ENG,UNI_PG_MARCH_Y1,ARC,B,2026-2027,1,Student cohort for M.Arch (Architecture) - Y1 ARC Division B in 2026-2027.
DPS-2026-GSEB-ENG-UNI_PG_MARCH_Y1-ARC-C,DPS 2026-2027 English Medium M.Arch (Architecture) - Y1 ARC Division C,DPS-2026-GSEB-ENG-UNI_PG_MARCH_Y1-ARC-C,DRONA_TRUST_GSEB_DPS_2026_2027_ENG_UNI_PG_MARCH_Y1_ARC,GSEB,DPS,ENG,UNI_PG_MARCH_Y1,ARC,C,2026-2027,1,Student cohort for M.Arch (Architecture) - Y1 ARC Division C in 2026-2027.
DPS-2026-GSEB-ENG-UNI_PG_MARCH_Y1-ARC-D,DPS 2026-2027 English Medium M.Arch (Architecture) - Y1 ARC Division D,DPS-2026-GSEB-ENG-UNI_PG_MARCH_Y1-ARC-D,DRONA_TRUST_GSEB_DPS_2026_2027_ENG_UNI_PG_MARCH_Y1_ARC,GSEB,DPS,ENG,UNI_PG_MARCH_Y1,ARC,D,2026-2027,1,Student cohort for M.Arch (Architecture) - Y1 ARC Division D in 2026-2027.
DPS-2026-GSEB-ENG-UNI_PG_MARCH_Y1-ARC-E,DPS 2026-2027 English Medium M.Arch (Architecture) - Y1 ARC Division E,DPS-2026-GSEB-ENG-UNI_PG_MARCH_Y1-ARC-E,DRONA_TRUST_GSEB_DPS_2026_2027_ENG_UNI_PG_MARCH_Y1_ARC,GSEB,DPS,ENG,UNI_PG_MARCH_Y1,ARC,E,2026-2027,1,Student cohort for M.Arch (Architecture) - Y1 ARC Division E in 2026-2027.
DPS-2026-GSEB-ENG-UNI_PG_MARCH_Y1-ARC-F,DPS 2026-2027 English Medium M.Arch (Architecture) - Y1 ARC Division F,DPS-2026-GSEB-ENG-UNI_PG_MARCH_Y1-ARC-F,DRONA_TRUST_GSEB_DPS_2026_2027_ENG_UNI_PG_MARCH_Y1_ARC,GSEB,DPS,ENG,UNI_PG_MARCH_Y1,ARC,F,2026-2027,1,Student cohort for M.Arch (Architecture) - Y1 ARC Division F in 2026-2027.
DPS-2026-GSEB-ENG-UNI_PG_MPT_Y1-AHS-A,DPS 2026-2027 English Medium MPT (Physiotherapy) - Y1 AHS Division A,DPS-2026-GSEB-ENG-UNI_PG_MPT_Y1-AHS-A,DRONA_TRUST_GSEB_DPS_2026_2027_ENG_UNI_PG_MPT_Y1_AHS,GSEB,DPS,ENG,UNI_PG_MPT_Y1,AHS,A,2026-2027,1,Student cohort for MPT (Physiotherapy) - Y1 AHS Division A in 2026-2027.
DPS-2026-GSEB-ENG-UNI_PG_MPT_Y1-AHS-B,DPS 2026-2027 English Medium MPT (Physiotherapy) - Y1 AHS Division B,DPS-2026-GSEB-ENG-UNI_PG_MPT_Y1-AHS-B,DRONA_TRUST_GSEB_DPS_2026_2027_ENG_UNI_PG_MPT_Y1_AHS,GSEB,DPS,ENG,UNI_PG_MPT_Y1,AHS,B,2026-2027,1,Student cohort for MPT (Physiotherapy) - Y1 AHS Division B in 2026-2027.
DPS-2026-GSEB-ENG-UNI_PG_MPT_Y1-AHS-C,DPS 2026-2027 English Medium MPT (Physiotherapy) - Y1 AHS Division C,DPS-2026-GSEB-ENG-UNI_PG_MPT_Y1-AHS-C,DRONA_TRUST_GSEB_DPS_2026_2027_ENG_UNI_PG_MPT_Y1_AHS,GSEB,DPS,ENG,UNI_PG_MPT_Y1,AHS,C,2026-2027,1,Student cohort for MPT (Physiotherapy) - Y1 AHS Division C in 2026-2027.
DPS-2026-GSEB-ENG-UNI_PG_MPT_Y1-AHS-D,DPS 2026-2027 English Medium MPT (Physiotherapy) - Y1 AHS Division D,DPS-2026-GSEB-ENG-UNI_PG_MPT_Y1-AHS-D,DRONA_TRUST_GSEB_DPS_2026_2027_ENG_UNI_PG_MPT_Y1_AHS,GSEB,DPS,ENG,UNI_PG_MPT_Y1,AHS,D,2026-2027,1,Student cohort for MPT (Physiotherapy) - Y1 AHS Division D in 2026-2027.
DPS-2026-GSEB-ENG-UNI_PG_MPT_Y1-AHS-E,DPS 2026-2027 English Medium MPT (Physiotherapy) - Y1 AHS Division E,DPS-2026-GSEB-ENG-UNI_PG_MPT_Y1-AHS-E,DRONA_TRUST_GSEB_DPS_2026_2027_ENG_UNI_PG_MPT_Y1_AHS,GSEB,DPS,ENG,UNI_PG_MPT_Y1,AHS,E,2026-2027,1,Student cohort for MPT (Physiotherapy) - Y1 AHS Division E in 2026-2027.
DPS-2026-GSEB-ENG-UNI_PG_MPT_Y1-AHS-F,DPS 2026-2027 English Medium MPT (Physiotherapy) - Y1 AHS Division F,DPS-2026-GSEB-ENG-UNI_PG_MPT_Y1-AHS-F,DRONA_TRUST_GSEB_DPS_2026_2027_ENG_UNI_PG_MPT_Y1_AHS,GSEB,DPS,ENG,UNI_PG_MPT_Y1,AHS,F,2026-2027,1,Student cohort for MPT (Physiotherapy) - Y1 AHS Division F in 2026-2027.
DPS-2026-GSEB-ENG-UNI_PG_MSW_Y1-ART-A,DPS 2026-2027 English Medium MSW (Master of Social Work) - Y1 ART Division A,DPS-2026-GSEB-ENG-UNI_PG_MSW_Y1-ART-A,DRONA_TRUST_GSEB_DPS_2026_2027_ENG_UNI_PG_MSW_Y1_ART,GSEB,DPS,ENG,UNI_PG_MSW_Y1,ART,A,2026-2027,1,Student cohort for MSW (Master of Social Work) - Y1 ART Division A in 2026-2027.
DPS-2026-GSEB-ENG-UNI_PG_MSW_Y1-ART-B,DPS 2026-2027 English Medium MSW (Master of Social Work) - Y1 ART Division B,DPS-2026-GSEB-ENG-UNI_PG_MSW_Y1-ART-B,DRONA_TRUST_GSEB_DPS_2026_2027_ENG_UNI_PG_MSW_Y1_ART,GSEB,DPS,ENG,UNI_PG_MSW_Y1,ART,B,2026-2027,1,Student cohort for MSW (Master of Social Work) - Y1 ART Division B in 2026-2027.
DPS-2026-GSEB-ENG-UNI_PG_MSW_Y1-ART-C,DPS 2026-2027 English Medium MSW (Master of Social Work) - Y1 ART Division C,DPS-2026-GSEB-ENG-UNI_PG_MSW_Y1-ART-C,DRONA_TRUST_GSEB_DPS_2026_2027_ENG_UNI_PG_MSW_Y1_ART,GSEB,DPS,ENG,UNI_PG_MSW_Y1,ART,C,2026-2027,1,Student cohort for MSW (Master of Social Work) - Y1 ART Division C in 2026-2027.
DPS-2026-GSEB-ENG-UNI_PG_MSW_Y1-ART-D,DPS 2026-2027 English Medium MSW (Master of Social Work) - Y1 ART Division D,DPS-2026-GSEB-ENG-UNI_PG_MSW_Y1-ART-D,DRONA_TRUST_GSEB_DPS_2026_2027_ENG_UNI_PG_MSW_Y1_ART,GSEB,DPS,ENG,UNI_PG_MSW_Y1,ART,D,2026-2027,1,Student cohort for MSW (Master of Social Work) - Y1 ART Division D in 2026-2027.
DPS-2026-GSEB-ENG-UNI_PG_MSW_Y1-ART-E,DPS 2026-2027 English Medium MSW (Master of Social Work) - Y1 ART Division E,DPS-2026-GSEB-ENG-UNI_PG_MSW_Y1-ART-E,DRONA_TRUST_GSEB_DPS_2026_2027_ENG_UNI_PG_MSW_Y1_ART,GSEB,DPS,ENG,UNI_PG_MSW_Y1,ART,E,2026-2027,1,Student cohort for MSW (Master of Social Work) - Y1 ART Division E in 2026-2027.
DPS-2026-GSEB-ENG-UNI_PG_MSW_Y1-ART-F,DPS 2026-2027 English Medium MSW (Master of Social Work) - Y1 ART Division F,DPS-2026-GSEB-ENG-UNI_PG_MSW_Y1-ART-F,DRONA_TRUST_GSEB_DPS_2026_2027_ENG_UNI_PG_MSW_Y1_ART,GSEB,DPS,ENG,UNI_PG_MSW_Y1,ART,F,2026-2027,1,Student cohort for MSW (Master of Social Work) - Y1 ART Division F in 2026-2027.
DPS-2026-GSEB-ENG-UNI_PG_MFA_Y1-ART-A,DPS 2026-2027 English Medium MFA (Fine Arts) - Y1 ART Division A,DPS-2026-GSEB-ENG-UNI_PG_MFA_Y1-ART-A,DRONA_TRUST_GSEB_DPS_2026_2027_ENG_UNI_PG_MFA_Y1_ART,GSEB,DPS,ENG,UNI_PG_MFA_Y1,ART,A,2026-2027,1,Student cohort for MFA (Fine Arts) - Y1 ART Division A in 2026-2027.
DPS-2026-GSEB-ENG-UNI_PG_MFA_Y1-ART-B,DPS 2026-2027 English Medium MFA (Fine Arts) - Y1 ART Division B,DPS-2026-GSEB-ENG-UNI_PG_MFA_Y1-ART-B,DRONA_TRUST_GSEB_DPS_2026_2027_ENG_UNI_PG_MFA_Y1_ART,GSEB,DPS,ENG,UNI_PG_MFA_Y1,ART,B,2026-2027,1,Student cohort for MFA (Fine Arts) - Y1 ART Division B in 2026-2027.
DPS-2026-GSEB-ENG-UNI_PG_MFA_Y1-ART-C,DPS 2026-2027 English Medium MFA (Fine Arts) - Y1 ART Division C,DPS-2026-GSEB-ENG-UNI_PG_MFA_Y1-ART-C,DRONA_TRUST_GSEB_DPS_2026_2027_ENG_UNI_PG_MFA_Y1_ART,GSEB,DPS,ENG,UNI_PG_MFA_Y1,ART,C,2026-2027,1,Student cohort for MFA (Fine Arts) - Y1 ART Division C in 2026-2027.
DPS-2026-GSEB-ENG-UNI_PG_MFA_Y1-ART-D,DPS 2026-2027 English Medium MFA (Fine Arts) - Y1 ART Division D,DPS-2026-GSEB-ENG-UNI_PG_MFA_Y1-ART-D,DRONA_TRUST_GSEB_DPS_2026_2027_ENG_UNI_PG_MFA_Y1_ART,GSEB,DPS,ENG,UNI_PG_MFA_Y1,ART,D,2026-2027,1,Student cohort for MFA (Fine Arts) - Y1 ART Division D in 2026-2027.
DPS-2026-GSEB-ENG-UNI_PG_MFA_Y1-ART-E,DPS 2026-2027 English Medium MFA (Fine Arts) - Y1 ART Division E,DPS-2026-GSEB-ENG-UNI_PG_MFA_Y1-ART-E,DRONA_TRUST_GSEB_DPS_2026_2027_ENG_UNI_PG_MFA_Y1_ART,GSEB,DPS,ENG,UNI_PG_MFA_Y1,ART,E,2026-2027,1,Student cohort for MFA (Fine Arts) - Y1 ART Division E in 2026-2027.
DPS-2026-GSEB-ENG-UNI_PG_MFA_Y1-ART-F,DPS 2026-2027 English Medium MFA (Fine Arts) - Y1 ART Division F,DPS-2026-GSEB-ENG-UNI_PG_MFA_Y1-ART-F,DRONA_TRUST_GSEB_DPS_2026_2027_ENG_UNI_PG_MFA_Y1_ART,GSEB,DPS,ENG,UNI_PG_MFA_Y1,ART,F,2026-2027,1,Student cohort for MFA (Fine Arts) - Y1 ART Division F in 2026-2027.
DPS-2026-GSEB-ENG-UNI_PG_MCOM_Y1-PRO_FIN-A,DPS 2026-2027 English Medium M.Com (Master of Commerce) - Y1 PRO_FIN Division A,DPS-2026-GSEB-ENG-UNI_PG_MCOM_Y1-PRO_FIN-A,DRONA_TRUST_GSEB_DPS_2026_2027_ENG_UNI_PG_MCOM_Y1_PRO_FIN,GSEB,DPS,ENG,UNI_PG_MCOM_Y1,PRO_FIN,A,2026-2027,1,Student cohort for M.Com (Master of Commerce) - Y1 PRO_FIN Division A in 2026-2027.
DPS-2026-GSEB-ENG-UNI_PG_MCOM_Y1-PRO_FIN-B,DPS 2026-2027 English Medium M.Com (Master of Commerce) - Y1 PRO_FIN Division B,DPS-2026-GSEB-ENG-UNI_PG_MCOM_Y1-PRO_FIN-B,DRONA_TRUST_GSEB_DPS_2026_2027_ENG_UNI_PG_MCOM_Y1_PRO_FIN,GSEB,DPS,ENG,UNI_PG_MCOM_Y1,PRO_FIN,B,2026-2027,1,Student cohort for M.Com (Master of Commerce) - Y1 PRO_FIN Division B in 2026-2027.
DPS-2026-GSEB-ENG-UNI_PG_MCOM_Y1-PRO_FIN-C,DPS 2026-2027 English Medium M.Com (Master of Commerce) - Y1 PRO_FIN Division C,DPS-2026-GSEB-ENG-UNI_PG_MCOM_Y1-PRO_FIN-C,DRONA_TRUST_GSEB_DPS_2026_2027_ENG_UNI_PG_MCOM_Y1_PRO_FIN,GSEB,DPS,ENG,UNI_PG_MCOM_Y1,PRO_FIN,C,2026-2027,1,Student cohort for M.Com (Master of Commerce) - Y1 PRO_FIN Division C in 2026-2027.
DPS-2026-GSEB-ENG-UNI_PG_MCOM_Y1-PRO_FIN-D,DPS 2026-2027 English Medium M.Com (Master of Commerce) - Y1 PRO_FIN Division D,DPS-2026-GSEB-ENG-UNI_PG_MCOM_Y1-PRO_FIN-D,DRONA_TRUST_GSEB_DPS_2026_2027_ENG_UNI_PG_MCOM_Y1_PRO_FIN,GSEB,DPS,ENG,UNI_PG_MCOM_Y1,PRO_FIN,D,2026-2027,1,Student cohort for M.Com (Master of Commerce) - Y1 PRO_FIN Division D in 2026-2027.
DPS-2026-GSEB-ENG-UNI_PG_MCOM_Y1-PRO_FIN-E,DPS 2026-2027 English Medium M.Com (Master of Commerce) - Y1 PRO_FIN Division E,DPS-2026-GSEB-ENG-UNI_PG_MCOM_Y1-PRO_FIN-E,DRONA_TRUST_GSEB_DPS_2026_2027_ENG_UNI_PG_MCOM_Y1_PRO_FIN,GSEB,DPS,ENG,UNI_PG_MCOM_Y1,PRO_FIN,E,2026-2027,1,Student cohort for M.Com (Master of Commerce) - Y1 PRO_FIN Division E in 2026-2027.
DPS-2026-GSEB-ENG-UNI_PG_MCOM_Y1-PRO_FIN-F,DPS 2026-2027 English Medium M.Com (Master of Commerce) - Y1 PRO_FIN Division F,DPS-2026-GSEB-ENG-UNI_PG_MCOM_Y1-PRO_FIN-F,DRONA_TRUST_GSEB_DPS_2026_2027_ENG_UNI_PG_MCOM_Y1_PRO_FIN,GSEB,DPS,ENG,UNI_PG_MCOM_Y1,PRO_FIN,F,2026-2027,1,Student cohort for M.Com (Master of Commerce) - Y1 PRO_FIN Division F in 2026-2027.
DPS-2026-GSEB-ENG-LMS_CERT_FSD-CSA-A,DPS 2026-2027 English Medium PG Certification in Full Stack Development CSA Division A,DPS-2026-GSEB-ENG-LMS_CERT_FSD-CSA-A,DRONA_TRUST_GSEB_DPS_2026_2027_ENG_LMS_CERT_FSD_CSA,GSEB,DPS,ENG,LMS_CERT_FSD,CSA,A,2026-2027,1,Student cohort for PG Certification in Full Stack Development CSA Division A in 2026-2027.
DPS-2026-GSEB-ENG-LMS_CERT_FSD-CSA-B,DPS 2026-2027 English Medium PG Certification in Full Stack Development CSA Division B,DPS-2026-GSEB-ENG-LMS_CERT_FSD-CSA-B,DRONA_TRUST_GSEB_DPS_2026_2027_ENG_LMS_CERT_FSD_CSA,GSEB,DPS,ENG,LMS_CERT_FSD,CSA,B,2026-2027,1,Student cohort for PG Certification in Full Stack Development CSA Division B in 2026-2027.
DPS-2026-GSEB-ENG-LMS_CERT_FSD-CSA-C,DPS 2026-2027 English Medium PG Certification in Full Stack Development CSA Division C,DPS-2026-GSEB-ENG-LMS_CERT_FSD-CSA-C,DRONA_TRUST_GSEB_DPS_2026_2027_ENG_LMS_CERT_FSD_CSA,GSEB,DPS,ENG,LMS_CERT_FSD,CSA,C,2026-2027,1,Student cohort for PG Certification in Full Stack Development CSA Division C in 2026-2027.
DPS-2026-GSEB-ENG-LMS_CERT_FSD-CSA-D,DPS 2026-2027 English Medium PG Certification in Full Stack Development CSA Division D,DPS-2026-GSEB-ENG-LMS_CERT_FSD-CSA-D,DRONA_TRUST_GSEB_DPS_2026_2027_ENG_LMS_CERT_FSD_CSA,GSEB,DPS,ENG,LMS_CERT_FSD,CSA,D,2026-2027,1,Student cohort for PG Certification in Full Stack Development CSA Division D in 2026-2027.
DPS-2026-GSEB-ENG-LMS_CERT_FSD-CSA-E,DPS 2026-2027 English Medium PG Certification in Full Stack Development CSA Division E,DPS-2026-GSEB-ENG-LMS_CERT_FSD-CSA-E,DRONA_TRUST_GSEB_DPS_2026_2027_ENG_LMS_CERT_FSD_CSA,GSEB,DPS,ENG,LMS_CERT_FSD,CSA,E,2026-2027,1,Student cohort for PG Certification in Full Stack Development CSA Division E in 2026-2027.
DPS-2026-GSEB-ENG-LMS_CERT_FSD-CSA-F,DPS 2026-2027 English Medium PG Certification in Full Stack Development CSA Division F,DPS-2026-GSEB-ENG-LMS_CERT_FSD-CSA-F,DRONA_TRUST_GSEB_DPS_2026_2027_ENG_LMS_CERT_FSD_CSA,GSEB,DPS,ENG,LMS_CERT_FSD,CSA,F,2026-2027,1,Student cohort for PG Certification in Full Stack Development CSA Division F in 2026-2027.
DPS-2026-GSEB-ENG-LMS_CERT_DATA-AIE-A,DPS 2026-2027 English Medium Executive PG in Data Science AIE Division A,DPS-2026-GSEB-ENG-LMS_CERT_DATA-AIE-A,DRONA_TRUST_GSEB_DPS_2026_2027_ENG_LMS_CERT_DATA_AIE,GSEB,DPS,ENG,LMS_CERT_DATA,AIE,A,2026-2027,1,Student cohort for Executive PG in Data Science AIE Division A in 2026-2027.
DPS-2026-GSEB-ENG-LMS_CERT_DATA-AIE-B,DPS 2026-2027 English Medium Executive PG in Data Science AIE Division B,DPS-2026-GSEB-ENG-LMS_CERT_DATA-AIE-B,DRONA_TRUST_GSEB_DPS_2026_2027_ENG_LMS_CERT_DATA_AIE,GSEB,DPS,ENG,LMS_CERT_DATA,AIE,B,2026-2027,1,Student cohort for Executive PG in Data Science AIE Division B in 2026-2027.
DPS-2026-GSEB-ENG-LMS_CERT_DATA-AIE-C,DPS 2026-2027 English Medium Executive PG in Data Science AIE Division C,DPS-2026-GSEB-ENG-LMS_CERT_DATA-AIE-C,DRONA_TRUST_GSEB_DPS_2026_2027_ENG_LMS_CERT_DATA_AIE,GSEB,DPS,ENG,LMS_CERT_DATA,AIE,C,2026-2027,1,Student cohort for Executive PG in Data Science AIE Division C in 2026-2027.
DPS-2026-GSEB-ENG-LMS_CERT_DATA-AIE-D,DPS 2026-2027 English Medium Executive PG in Data Science AIE Division D,DPS-2026-GSEB-ENG-LMS_CERT_DATA-AIE-D,DRONA_TRUST_GSEB_DPS_2026_2027_ENG_LMS_CERT_DATA_AIE,GSEB,DPS,ENG,LMS_CERT_DATA,AIE,D,2026-2027,1,Student cohort for Executive PG in Data Science AIE Division D in 2026-2027.
DPS-2026-GSEB-ENG-LMS_CERT_DATA-AIE-E,DPS 2026-2027 English Medium Executive PG in Data Science AIE Division E,DPS-2026-GSEB-ENG-LMS_CERT_DATA-AIE-E,DRONA_TRUST_GSEB_DPS_2026_2027_ENG_LMS_CERT_DATA_AIE,GSEB,DPS,ENG,LMS_CERT_DATA,AIE,E,2026-2027,1,Student cohort for Executive PG in Data Science AIE Division E in 2026-2027.
DPS-2026-GSEB-ENG-LMS_CERT_DATA-AIE-F,DPS 2026-2027 English Medium Executive PG in Data Science AIE Division F,DPS-2026-GSEB-ENG-LMS_CERT_DATA-AIE-F,DRONA_TRUST_GSEB_DPS_2026_2027_ENG_LMS_CERT_DATA_AIE,GSEB,DPS,ENG,LMS_CERT_DATA,AIE,F,2026-2027,1,Student cohort for Executive PG in Data Science AIE Division F in 2026-2027.
DPS-2026-GSEB-ENG-LMS_CERT_CLOUD-ENG-A,DPS 2026-2027 English Medium Cloud Architect Certification (AWS/Azure) ENG Division A,DPS-2026-GSEB-ENG-LMS_CERT_CLOUD-ENG-A,DRONA_TRUST_GSEB_DPS_2026_2027_ENG_LMS_CERT_CLOUD_ENG,GSEB,DPS,ENG,LMS_CERT_CLOUD,ENG,A,2026-2027,1,Student cohort for Cloud Architect Certification (AWS/Azure) ENG Division A in 2026-2027.
DPS-2026-GSEB-ENG-LMS_CERT_CLOUD-ENG-B,DPS 2026-2027 English Medium Cloud Architect Certification (AWS/Azure) ENG Division B,DPS-2026-GSEB-ENG-LMS_CERT_CLOUD-ENG-B,DRONA_TRUST_GSEB_DPS_2026_2027_ENG_LMS_CERT_CLOUD_ENG,GSEB,DPS,ENG,LMS_CERT_CLOUD,ENG,B,2026-2027,1,Student cohort for Cloud Architect Certification (AWS/Azure) ENG Division B in 2026-2027.
DPS-2026-GSEB-ENG-LMS_CERT_CLOUD-ENG-C,DPS 2026-2027 English Medium Cloud Architect Certification (AWS/Azure) ENG Division C,DPS-2026-GSEB-ENG-LMS_CERT_CLOUD-ENG-C,DRONA_TRUST_GSEB_DPS_2026_2027_ENG_LMS_CERT_CLOUD_ENG,GSEB,DPS,ENG,LMS_CERT_CLOUD,ENG,C,2026-2027,1,Student cohort for Cloud Architect Certification (AWS/Azure) ENG Division C in 2026-2027.
DPS-2026-GSEB-ENG-LMS_CERT_CLOUD-ENG-D,DPS 2026-2027 English Medium Cloud Architect Certification (AWS/Azure) ENG Division D,DPS-2026-GSEB-ENG-LMS_CERT_CLOUD-ENG-D,DRONA_TRUST_GSEB_DPS_2026_2027_ENG_LMS_CERT_CLOUD_ENG,GSEB,DPS,ENG,LMS_CERT_CLOUD,ENG,D,2026-2027,1,Student cohort for Cloud Architect Certification (AWS/Azure) ENG Division D in 2026-2027.
DPS-2026-GSEB-ENG-LMS_CERT_CLOUD-ENG-E,DPS 2026-2027 English Medium Cloud Architect Certification (AWS/Azure) ENG Division E,DPS-2026-GSEB-ENG-LMS_CERT_CLOUD-ENG-E,DRONA_TRUST_GSEB_DPS_2026_2027_ENG_LMS_CERT_CLOUD_ENG,GSEB,DPS,ENG,LMS_CERT_CLOUD,ENG,E,2026-2027,1,Student cohort for Cloud Architect Certification (AWS/Azure) ENG Division E in 2026-2027.
DPS-2026-GSEB-ENG-LMS_CERT_CLOUD-ENG-F,DPS 2026-2027 English Medium Cloud Architect Certification (AWS/Azure) ENG Division F,DPS-2026-GSEB-ENG-LMS_CERT_CLOUD-ENG-F,DRONA_TRUST_GSEB_DPS_2026_2027_ENG_LMS_CERT_CLOUD_ENG,GSEB,DPS,ENG,LMS_CERT_CLOUD,ENG,F,2026-2027,1,Student cohort for Cloud Architect Certification (AWS/Azure) ENG Division F in 2026-2027.
DPS-2026-GSEB-ENG-LMS_CERT_MLOPS-AIE-A,DPS 2026-2027 English Medium Advanced Certification in MLOps AIE Division A,DPS-2026-GSEB-ENG-LMS_CERT_MLOPS-AIE-A,DRONA_TRUST_GSEB_DPS_2026_2027_ENG_LMS_CERT_MLOPS_AIE,GSEB,DPS,ENG,LMS_CERT_MLOPS,AIE,A,2026-2027,1,Student cohort for Advanced Certification in MLOps AIE Division A in 2026-2027.
DPS-2026-GSEB-ENG-LMS_CERT_MLOPS-AIE-B,DPS 2026-2027 English Medium Advanced Certification in MLOps AIE Division B,DPS-2026-GSEB-ENG-LMS_CERT_MLOPS-AIE-B,DRONA_TRUST_GSEB_DPS_2026_2027_ENG_LMS_CERT_MLOPS_AIE,GSEB,DPS,ENG,LMS_CERT_MLOPS,AIE,B,2026-2027,1,Student cohort for Advanced Certification in MLOps AIE Division B in 2026-2027.
DPS-2026-GSEB-ENG-LMS_CERT_MLOPS-AIE-C,DPS 2026-2027 English Medium Advanced Certification in MLOps AIE Division C,DPS-2026-GSEB-ENG-LMS_CERT_MLOPS-AIE-C,DRONA_TRUST_GSEB_DPS_2026_2027_ENG_LMS_CERT_MLOPS_AIE,GSEB,DPS,ENG,LMS_CERT_MLOPS,AIE,C,2026-2027,1,Student cohort for Advanced Certification in MLOps AIE Division C in 2026-2027.
DPS-2026-GSEB-ENG-LMS_CERT_MLOPS-AIE-D,DPS 2026-2027 English Medium Advanced Certification in MLOps AIE Division D,DPS-2026-GSEB-ENG-LMS_CERT_MLOPS-AIE-D,DRONA_TRUST_GSEB_DPS_2026_2027_ENG_LMS_CERT_MLOPS_AIE,GSEB,DPS,ENG,LMS_CERT_MLOPS,AIE,D,2026-2027,1,Student cohort for Advanced Certification in MLOps AIE Division D in 2026-2027.
DPS-2026-GSEB-ENG-LMS_CERT_MLOPS-AIE-E,DPS 2026-2027 English Medium Advanced Certification in MLOps AIE Division E,DPS-2026-GSEB-ENG-LMS_CERT_MLOPS-AIE-E,DRONA_TRUST_GSEB_DPS_2026_2027_ENG_LMS_CERT_MLOPS_AIE,GSEB,DPS,ENG,LMS_CERT_MLOPS,AIE,E,2026-2027,1,Student cohort for Advanced Certification in MLOps AIE Division E in 2026-2027.
DPS-2026-GSEB-ENG-LMS_CERT_MLOPS-AIE-F,DPS 2026-2027 English Medium Advanced Certification in MLOps AIE Division F,DPS-2026-GSEB-ENG-LMS_CERT_MLOPS-AIE-F,DRONA_TRUST_GSEB_DPS_2026_2027_ENG_LMS_CERT_MLOPS_AIE,GSEB,DPS,ENG,LMS_CERT_MLOPS,AIE,F,2026-2027,1,Student cohort for Advanced Certification in MLOps AIE Division F in 2026-2027.
DPS-2026-GSEB-ENG-LMS_CERT_PM-MGT-A,DPS 2026-2027 English Medium PG Certificate in Product Management MGT Division A,DPS-2026-GSEB-ENG-LMS_CERT_PM-MGT-A,DRONA_TRUST_GSEB_DPS_2026_2027_ENG_LMS_CERT_PM_MGT,GSEB,DPS,ENG,LMS_CERT_PM,MGT,A,2026-2027,1,Student cohort for PG Certificate in Product Management MGT Division A in 2026-2027.
DPS-2026-GSEB-ENG-LMS_CERT_PM-MGT-B,DPS 2026-2027 English Medium PG Certificate in Product Management MGT Division B,DPS-2026-GSEB-ENG-LMS_CERT_PM-MGT-B,DRONA_TRUST_GSEB_DPS_2026_2027_ENG_LMS_CERT_PM_MGT,GSEB,DPS,ENG,LMS_CERT_PM,MGT,B,2026-2027,1,Student cohort for PG Certificate in Product Management MGT Division B in 2026-2027.
DPS-2026-GSEB-ENG-LMS_CERT_PM-MGT-C,DPS 2026-2027 English Medium PG Certificate in Product Management MGT Division C,DPS-2026-GSEB-ENG-LMS_CERT_PM-MGT-C,DRONA_TRUST_GSEB_DPS_2026_2027_ENG_LMS_CERT_PM_MGT,GSEB,DPS,ENG,LMS_CERT_PM,MGT,C,2026-2027,1,Student cohort for PG Certificate in Product Management MGT Division C in 2026-2027.
DPS-2026-GSEB-ENG-LMS_CERT_PM-MGT-D,DPS 2026-2027 English Medium PG Certificate in Product Management MGT Division D,DPS-2026-GSEB-ENG-LMS_CERT_PM-MGT-D,DRONA_TRUST_GSEB_DPS_2026_2027_ENG_LMS_CERT_PM_MGT,GSEB,DPS,ENG,LMS_CERT_PM,MGT,D,2026-2027,1,Student cohort for PG Certificate in Product Management MGT Division D in 2026-2027.
DPS-2026-GSEB-ENG-LMS_CERT_PM-MGT-E,DPS 2026-2027 English Medium PG Certificate in Product Management MGT Division E,DPS-2026-GSEB-ENG-LMS_CERT_PM-MGT-E,DRONA_TRUST_GSEB_DPS_2026_2027_ENG_LMS_CERT_PM_MGT,GSEB,DPS,ENG,LMS_CERT_PM,MGT,E,2026-2027,1,Student cohort for PG Certificate in Product Management MGT Division E in 2026-2027.
DPS-2026-GSEB-ENG-LMS_CERT_PM-MGT-F,DPS 2026-2027 English Medium PG Certificate in Product Management MGT Division F,DPS-2026-GSEB-ENG-LMS_CERT_PM-MGT-F,DRONA_TRUST_GSEB_DPS_2026_2027_ENG_LMS_CERT_PM_MGT,GSEB,DPS,ENG,LMS_CERT_PM,MGT,F,2026-2027,1,Student cohort for PG Certificate in Product Management MGT Division F in 2026-2027.
DPS-2026-GSEB-ENG-LMS_CERT_AGILE-MGT-A,DPS 2026-2027 English Medium Certified Scrum Master (CSM/Agile) MGT Division A,DPS-2026-GSEB-ENG-LMS_CERT_AGILE-MGT-A,DRONA_TRUST_GSEB_DPS_2026_2027_ENG_LMS_CERT_AGILE_MGT,GSEB,DPS,ENG,LMS_CERT_AGILE,MGT,A,2026-2027,1,Student cohort for Certified Scrum Master (CSM/Agile) MGT Division A in 2026-2027.
DPS-2026-GSEB-ENG-LMS_CERT_AGILE-MGT-B,DPS 2026-2027 English Medium Certified Scrum Master (CSM/Agile) MGT Division B,DPS-2026-GSEB-ENG-LMS_CERT_AGILE-MGT-B,DRONA_TRUST_GSEB_DPS_2026_2027_ENG_LMS_CERT_AGILE_MGT,GSEB,DPS,ENG,LMS_CERT_AGILE,MGT,B,2026-2027,1,Student cohort for Certified Scrum Master (CSM/Agile) MGT Division B in 2026-2027.
DPS-2026-GSEB-ENG-LMS_CERT_AGILE-MGT-C,DPS 2026-2027 English Medium Certified Scrum Master (CSM/Agile) MGT Division C,DPS-2026-GSEB-ENG-LMS_CERT_AGILE-MGT-C,DRONA_TRUST_GSEB_DPS_2026_2027_ENG_LMS_CERT_AGILE_MGT,GSEB,DPS,ENG,LMS_CERT_AGILE,MGT,C,2026-2027,1,Student cohort for Certified Scrum Master (CSM/Agile) MGT Division C in 2026-2027.
DPS-2026-GSEB-ENG-LMS_CERT_AGILE-MGT-D,DPS 2026-2027 English Medium Certified Scrum Master (CSM/Agile) MGT Division D,DPS-2026-GSEB-ENG-LMS_CERT_AGILE-MGT-D,DRONA_TRUST_GSEB_DPS_2026_2027_ENG_LMS_CERT_AGILE_MGT,GSEB,DPS,ENG,LMS_CERT_AGILE,MGT,D,2026-2027,1,Student cohort for Certified Scrum Master (CSM/Agile) MGT Division D in 2026-2027.
DPS-2026-GSEB-ENG-LMS_CERT_AGILE-MGT-E,DPS 2026-2027 English Medium Certified Scrum Master (CSM/Agile) MGT Division E,DPS-2026-GSEB-ENG-LMS_CERT_AGILE-MGT-E,DRONA_TRUST_GSEB_DPS_2026_2027_ENG_LMS_CERT_AGILE_MGT,GSEB,DPS,ENG,LMS_CERT_AGILE,MGT,E,2026-2027,1,Student cohort for Certified Scrum Master (CSM/Agile) MGT Division E in 2026-2027.
DPS-2026-GSEB-ENG-LMS_CERT_AGILE-MGT-F,DPS 2026-2027 English Medium Certified Scrum Master (CSM/Agile) MGT Division F,DPS-2026-GSEB-ENG-LMS_CERT_AGILE-MGT-F,DRONA_TRUST_GSEB_DPS_2026_2027_ENG_LMS_CERT_AGILE_MGT,GSEB,DPS,ENG,LMS_CERT_AGILE,MGT,F,2026-2027,1,Student cohort for Certified Scrum Master (CSM/Agile) MGT Division F in 2026-2027.
DPS-2026-GSEB-ENG-LMS_CERT_CYBER-CSA-A,DPS 2026-2027 English Medium Certified Ethical Hacker (CEH) CSA Division A,DPS-2026-GSEB-ENG-LMS_CERT_CYBER-CSA-A,DRONA_TRUST_GSEB_DPS_2026_2027_ENG_LMS_CERT_CYBER_CSA,GSEB,DPS,ENG,LMS_CERT_CYBER,CSA,A,2026-2027,1,Student cohort for Certified Ethical Hacker (CEH) CSA Division A in 2026-2027.
DPS-2026-GSEB-ENG-LMS_CERT_CYBER-CSA-B,DPS 2026-2027 English Medium Certified Ethical Hacker (CEH) CSA Division B,DPS-2026-GSEB-ENG-LMS_CERT_CYBER-CSA-B,DRONA_TRUST_GSEB_DPS_2026_2027_ENG_LMS_CERT_CYBER_CSA,GSEB,DPS,ENG,LMS_CERT_CYBER,CSA,B,2026-2027,1,Student cohort for Certified Ethical Hacker (CEH) CSA Division B in 2026-2027.
DPS-2026-GSEB-ENG-LMS_CERT_CYBER-CSA-C,DPS 2026-2027 English Medium Certified Ethical Hacker (CEH) CSA Division C,DPS-2026-GSEB-ENG-LMS_CERT_CYBER-CSA-C,DRONA_TRUST_GSEB_DPS_2026_2027_ENG_LMS_CERT_CYBER_CSA,GSEB,DPS,ENG,LMS_CERT_CYBER,CSA,C,2026-2027,1,Student cohort for Certified Ethical Hacker (CEH) CSA Division C in 2026-2027.
DPS-2026-GSEB-ENG-LMS_CERT_CYBER-CSA-D,DPS 2026-2027 English Medium Certified Ethical Hacker (CEH) CSA Division D,DPS-2026-GSEB-ENG-LMS_CERT_CYBER-CSA-D,DRONA_TRUST_GSEB_DPS_2026_2027_ENG_LMS_CERT_CYBER_CSA,GSEB,DPS,ENG,LMS_CERT_CYBER,CSA,D,2026-2027,1,Student cohort for Certified Ethical Hacker (CEH) CSA Division D in 2026-2027.
DPS-2026-GSEB-ENG-LMS_CERT_CYBER-CSA-E,DPS 2026-2027 English Medium Certified Ethical Hacker (CEH) CSA Division E,DPS-2026-GSEB-ENG-LMS_CERT_CYBER-CSA-E,DRONA_TRUST_GSEB_DPS_2026_2027_ENG_LMS_CERT_CYBER_CSA,GSEB,DPS,ENG,LMS_CERT_CYBER,CSA,E,2026-2027,1,Student cohort for Certified Ethical Hacker (CEH) CSA Division E in 2026-2027.
DPS-2026-GSEB-ENG-LMS_CERT_CYBER-CSA-F,DPS 2026-2027 English Medium Certified Ethical Hacker (CEH) CSA Division F,DPS-2026-GSEB-ENG-LMS_CERT_CYBER-CSA-F,DRONA_TRUST_GSEB_DPS_2026_2027_ENG_LMS_CERT_CYBER_CSA,GSEB,DPS,ENG,LMS_CERT_CYBER,CSA,F,2026-2027,1,Student cohort for Certified Ethical Hacker (CEH) CSA Division F in 2026-2027.
DPS-2026-GSEB-ENG-LMS_CERT_WEB3-EMG-A,DPS 2026-2027 English Medium Certification in Blockchain & Web3 EMG Division A,DPS-2026-GSEB-ENG-LMS_CERT_WEB3-EMG-A,DRONA_TRUST_GSEB_DPS_2026_2027_ENG_LMS_CERT_WEB3_EMG,GSEB,DPS,ENG,LMS_CERT_WEB3,EMG,A,2026-2027,1,Student cohort for Certification in Blockchain & Web3 EMG Division A in 2026-2027.
DPS-2026-GSEB-ENG-LMS_CERT_WEB3-EMG-B,DPS 2026-2027 English Medium Certification in Blockchain & Web3 EMG Division B,DPS-2026-GSEB-ENG-LMS_CERT_WEB3-EMG-B,DRONA_TRUST_GSEB_DPS_2026_2027_ENG_LMS_CERT_WEB3_EMG,GSEB,DPS,ENG,LMS_CERT_WEB3,EMG,B,2026-2027,1,Student cohort for Certification in Blockchain & Web3 EMG Division B in 2026-2027.
DPS-2026-GSEB-ENG-LMS_CERT_WEB3-EMG-C,DPS 2026-2027 English Medium Certification in Blockchain & Web3 EMG Division C,DPS-2026-GSEB-ENG-LMS_CERT_WEB3-EMG-C,DRONA_TRUST_GSEB_DPS_2026_2027_ENG_LMS_CERT_WEB3_EMG,GSEB,DPS,ENG,LMS_CERT_WEB3,EMG,C,2026-2027,1,Student cohort for Certification in Blockchain & Web3 EMG Division C in 2026-2027.
DPS-2026-GSEB-ENG-LMS_CERT_WEB3-EMG-D,DPS 2026-2027 English Medium Certification in Blockchain & Web3 EMG Division D,DPS-2026-GSEB-ENG-LMS_CERT_WEB3-EMG-D,DRONA_TRUST_GSEB_DPS_2026_2027_ENG_LMS_CERT_WEB3_EMG,GSEB,DPS,ENG,LMS_CERT_WEB3,EMG,D,2026-2027,1,Student cohort for Certification in Blockchain & Web3 EMG Division D in 2026-2027.
DPS-2026-GSEB-ENG-LMS_CERT_WEB3-EMG-E,DPS 2026-2027 English Medium Certification in Blockchain & Web3 EMG Division E,DPS-2026-GSEB-ENG-LMS_CERT_WEB3-EMG-E,DRONA_TRUST_GSEB_DPS_2026_2027_ENG_LMS_CERT_WEB3_EMG,GSEB,DPS,ENG,LMS_CERT_WEB3,EMG,E,2026-2027,1,Student cohort for Certification in Blockchain & Web3 EMG Division E in 2026-2027.
DPS-2026-GSEB-ENG-LMS_CERT_WEB3-EMG-F,DPS 2026-2027 English Medium Certification in Blockchain & Web3 EMG Division F,DPS-2026-GSEB-ENG-LMS_CERT_WEB3-EMG-F,DRONA_TRUST_GSEB_DPS_2026_2027_ENG_LMS_CERT_WEB3_EMG,GSEB,DPS,ENG,LMS_CERT_WEB3,EMG,F,2026-2027,1,Student cohort for Certification in Blockchain & Web3 EMG Division F in 2026-2027.
DPS-2026-GSEB-ENG-LMS_CERT_DIGMKT-MKT-A,DPS 2026-2027 English Medium Advanced Digital Marketing Certification MKT Division A,DPS-2026-GSEB-ENG-LMS_CERT_DIGMKT-MKT-A,DRONA_TRUST_GSEB_DPS_2026_2027_ENG_LMS_CERT_DIGMKT_MKT,GSEB,DPS,ENG,LMS_CERT_DIGMKT,MKT,A,2026-2027,1,Student cohort for Advanced Digital Marketing Certification MKT Division A in 2026-2027.
DPS-2026-GSEB-ENG-LMS_CERT_DIGMKT-MKT-B,DPS 2026-2027 English Medium Advanced Digital Marketing Certification MKT Division B,DPS-2026-GSEB-ENG-LMS_CERT_DIGMKT-MKT-B,DRONA_TRUST_GSEB_DPS_2026_2027_ENG_LMS_CERT_DIGMKT_MKT,GSEB,DPS,ENG,LMS_CERT_DIGMKT,MKT,B,2026-2027,1,Student cohort for Advanced Digital Marketing Certification MKT Division B in 2026-2027.
DPS-2026-GSEB-ENG-LMS_CERT_DIGMKT-MKT-C,DPS 2026-2027 English Medium Advanced Digital Marketing Certification MKT Division C,DPS-2026-GSEB-ENG-LMS_CERT_DIGMKT-MKT-C,DRONA_TRUST_GSEB_DPS_2026_2027_ENG_LMS_CERT_DIGMKT_MKT,GSEB,DPS,ENG,LMS_CERT_DIGMKT,MKT,C,2026-2027,1,Student cohort for Advanced Digital Marketing Certification MKT Division C in 2026-2027.
DPS-2026-GSEB-ENG-LMS_CERT_DIGMKT-MKT-D,DPS 2026-2027 English Medium Advanced Digital Marketing Certification MKT Division D,DPS-2026-GSEB-ENG-LMS_CERT_DIGMKT-MKT-D,DRONA_TRUST_GSEB_DPS_2026_2027_ENG_LMS_CERT_DIGMKT_MKT,GSEB,DPS,ENG,LMS_CERT_DIGMKT,MKT,D,2026-2027,1,Student cohort for Advanced Digital Marketing Certification MKT Division D in 2026-2027.
DPS-2026-GSEB-ENG-LMS_CERT_DIGMKT-MKT-E,DPS 2026-2027 English Medium Advanced Digital Marketing Certification MKT Division E,DPS-2026-GSEB-ENG-LMS_CERT_DIGMKT-MKT-E,DRONA_TRUST_GSEB_DPS_2026_2027_ENG_LMS_CERT_DIGMKT_MKT,GSEB,DPS,ENG,LMS_CERT_DIGMKT,MKT,E,2026-2027,1,Student cohort for Advanced Digital Marketing Certification MKT Division E in 2026-2027.
DPS-2026-GSEB-ENG-LMS_CERT_DIGMKT-MKT-F,DPS 2026-2027 English Medium Advanced Digital Marketing Certification MKT Division F,DPS-2026-GSEB-ENG-LMS_CERT_DIGMKT-MKT-F,DRONA_TRUST_GSEB_DPS_2026_2027_ENG_LMS_CERT_DIGMKT_MKT,GSEB,DPS,ENG,LMS_CERT_DIGMKT,MKT,F,2026-2027,1,Student cohort for Advanced Digital Marketing Certification MKT Division F in 2026-2027.
DPS-2026-GSEB-GUJ-PRE01-GEN-A,DPS 2026-2027 Gujarati Medium Nursery GEN Division A,DPS-2026-GSEB-GUJ-PRE01-GEN-A,DRONA_TRUST_GSEB_DPS_2026_2027_GUJ_PRE01_GEN,GSEB,DPS,GUJ,PRE01,GEN,A,2026-2027,1,Student cohort for Nursery GEN Division A in 2026-2027.
DPS-2026-GSEB-GUJ-PRE01-GEN-B,DPS 2026-2027 Gujarati Medium Nursery GEN Division B,DPS-2026-GSEB-GUJ-PRE01-GEN-B,DRONA_TRUST_GSEB_DPS_2026_2027_GUJ_PRE01_GEN,GSEB,DPS,GUJ,PRE01,GEN,B,2026-2027,1,Student cohort for Nursery GEN Division B in 2026-2027.
DPS-2026-GSEB-GUJ-PRE01-GEN-C,DPS 2026-2027 Gujarati Medium Nursery GEN Division C,DPS-2026-GSEB-GUJ-PRE01-GEN-C,DRONA_TRUST_GSEB_DPS_2026_2027_GUJ_PRE01_GEN,GSEB,DPS,GUJ,PRE01,GEN,C,2026-2027,1,Student cohort for Nursery GEN Division C in 2026-2027.
DPS-2026-GSEB-GUJ-PRE01-GEN-D,DPS 2026-2027 Gujarati Medium Nursery GEN Division D,DPS-2026-GSEB-GUJ-PRE01-GEN-D,DRONA_TRUST_GSEB_DPS_2026_2027_GUJ_PRE01_GEN,GSEB,DPS,GUJ,PRE01,GEN,D,2026-2027,1,Student cohort for Nursery GEN Division D in 2026-2027.
DPS-2026-GSEB-GUJ-PRE01-GEN-E,DPS 2026-2027 Gujarati Medium Nursery GEN Division E,DPS-2026-GSEB-GUJ-PRE01-GEN-E,DRONA_TRUST_GSEB_DPS_2026_2027_GUJ_PRE01_GEN,GSEB,DPS,GUJ,PRE01,GEN,E,2026-2027,1,Student cohort for Nursery GEN Division E in 2026-2027.
DPS-2026-GSEB-GUJ-PRE01-GEN-F,DPS 2026-2027 Gujarati Medium Nursery GEN Division F,DPS-2026-GSEB-GUJ-PRE01-GEN-F,DRONA_TRUST_GSEB_DPS_2026_2027_GUJ_PRE01_GEN,GSEB,DPS,GUJ,PRE01,GEN,F,2026-2027,1,Student cohort for Nursery GEN Division F in 2026-2027.
DPS-2026-GSEB-GUJ-PRE02-GEN-A,DPS 2026-2027 Gujarati Medium Preschool GEN Division A,DPS-2026-GSEB-GUJ-PRE02-GEN-A,DRONA_TRUST_GSEB_DPS_2026_2027_GUJ_PRE02_GEN,GSEB,DPS,GUJ,PRE02,GEN,A,2026-2027,1,Student cohort for Preschool GEN Division A in 2026-2027.
DPS-2026-GSEB-GUJ-PRE02-GEN-B,DPS 2026-2027 Gujarati Medium Preschool GEN Division B,DPS-2026-GSEB-GUJ-PRE02-GEN-B,DRONA_TRUST_GSEB_DPS_2026_2027_GUJ_PRE02_GEN,GSEB,DPS,GUJ,PRE02,GEN,B,2026-2027,1,Student cohort for Preschool GEN Division B in 2026-2027.
DPS-2026-GSEB-GUJ-PRE02-GEN-C,DPS 2026-2027 Gujarati Medium Preschool GEN Division C,DPS-2026-GSEB-GUJ-PRE02-GEN-C,DRONA_TRUST_GSEB_DPS_2026_2027_GUJ_PRE02_GEN,GSEB,DPS,GUJ,PRE02,GEN,C,2026-2027,1,Student cohort for Preschool GEN Division C in 2026-2027.
DPS-2026-GSEB-GUJ-PRE02-GEN-D,DPS 2026-2027 Gujarati Medium Preschool GEN Division D,DPS-2026-GSEB-GUJ-PRE02-GEN-D,DRONA_TRUST_GSEB_DPS_2026_2027_GUJ_PRE02_GEN,GSEB,DPS,GUJ,PRE02,GEN,D,2026-2027,1,Student cohort for Preschool GEN Division D in 2026-2027.
DPS-2026-GSEB-GUJ-PRE02-GEN-E,DPS 2026-2027 Gujarati Medium Preschool GEN Division E,DPS-2026-GSEB-GUJ-PRE02-GEN-E,DRONA_TRUST_GSEB_DPS_2026_2027_GUJ_PRE02_GEN,GSEB,DPS,GUJ,PRE02,GEN,E,2026-2027,1,Student cohort for Preschool GEN Division E in 2026-2027.
DPS-2026-GSEB-GUJ-PRE02-GEN-F,DPS 2026-2027 Gujarati Medium Preschool GEN Division F,DPS-2026-GSEB-GUJ-PRE02-GEN-F,DRONA_TRUST_GSEB_DPS_2026_2027_GUJ_PRE02_GEN,GSEB,DPS,GUJ,PRE02,GEN,F,2026-2027,1,Student cohort for Preschool GEN Division F in 2026-2027.
DPS-2026-GSEB-GUJ-PRE03-GEN-A,DPS 2026-2027 Gujarati Medium LKG (Lower Kindergarten) GEN Division A,DPS-2026-GSEB-GUJ-PRE03-GEN-A,DRONA_TRUST_GSEB_DPS_2026_2027_GUJ_PRE03_GEN,GSEB,DPS,GUJ,PRE03,GEN,A,2026-2027,1,Student cohort for LKG (Lower Kindergarten) GEN Division A in 2026-2027.
DPS-2026-GSEB-GUJ-PRE03-GEN-B,DPS 2026-2027 Gujarati Medium LKG (Lower Kindergarten) GEN Division B,DPS-2026-GSEB-GUJ-PRE03-GEN-B,DRONA_TRUST_GSEB_DPS_2026_2027_GUJ_PRE03_GEN,GSEB,DPS,GUJ,PRE03,GEN,B,2026-2027,1,Student cohort for LKG (Lower Kindergarten) GEN Division B in 2026-2027.
DPS-2026-GSEB-GUJ-PRE03-GEN-C,DPS 2026-2027 Gujarati Medium LKG (Lower Kindergarten) GEN Division C,DPS-2026-GSEB-GUJ-PRE03-GEN-C,DRONA_TRUST_GSEB_DPS_2026_2027_GUJ_PRE03_GEN,GSEB,DPS,GUJ,PRE03,GEN,C,2026-2027,1,Student cohort for LKG (Lower Kindergarten) GEN Division C in 2026-2027.
DPS-2026-GSEB-GUJ-PRE03-GEN-D,DPS 2026-2027 Gujarati Medium LKG (Lower Kindergarten) GEN Division D,DPS-2026-GSEB-GUJ-PRE03-GEN-D,DRONA_TRUST_GSEB_DPS_2026_2027_GUJ_PRE03_GEN,GSEB,DPS,GUJ,PRE03,GEN,D,2026-2027,1,Student cohort for LKG (Lower Kindergarten) GEN Division D in 2026-2027.
DPS-2026-GSEB-GUJ-PRE03-GEN-E,DPS 2026-2027 Gujarati Medium LKG (Lower Kindergarten) GEN Division E,DPS-2026-GSEB-GUJ-PRE03-GEN-E,DRONA_TRUST_GSEB_DPS_2026_2027_GUJ_PRE03_GEN,GSEB,DPS,GUJ,PRE03,GEN,E,2026-2027,1,Student cohort for LKG (Lower Kindergarten) GEN Division E in 2026-2027.
DPS-2026-GSEB-GUJ-PRE03-GEN-F,DPS 2026-2027 Gujarati Medium LKG (Lower Kindergarten) GEN Division F,DPS-2026-GSEB-GUJ-PRE03-GEN-F,DRONA_TRUST_GSEB_DPS_2026_2027_GUJ_PRE03_GEN,GSEB,DPS,GUJ,PRE03,GEN,F,2026-2027,1,Student cohort for LKG (Lower Kindergarten) GEN Division F in 2026-2027.
DPS-2026-GSEB-GUJ-PRE04-GEN-A,DPS 2026-2027 Gujarati Medium UKG (Upper Kindergarten) GEN Division A,DPS-2026-GSEB-GUJ-PRE04-GEN-A,DRONA_TRUST_GSEB_DPS_2026_2027_GUJ_PRE04_GEN,GSEB,DPS,GUJ,PRE04,GEN,A,2026-2027,1,Student cohort for UKG (Upper Kindergarten) GEN Division A in 2026-2027.
DPS-2026-GSEB-GUJ-PRE04-GEN-B,DPS 2026-2027 Gujarati Medium UKG (Upper Kindergarten) GEN Division B,DPS-2026-GSEB-GUJ-PRE04-GEN-B,DRONA_TRUST_GSEB_DPS_2026_2027_GUJ_PRE04_GEN,GSEB,DPS,GUJ,PRE04,GEN,B,2026-2027,1,Student cohort for UKG (Upper Kindergarten) GEN Division B in 2026-2027.
DPS-2026-GSEB-GUJ-PRE04-GEN-C,DPS 2026-2027 Gujarati Medium UKG (Upper Kindergarten) GEN Division C,DPS-2026-GSEB-GUJ-PRE04-GEN-C,DRONA_TRUST_GSEB_DPS_2026_2027_GUJ_PRE04_GEN,GSEB,DPS,GUJ,PRE04,GEN,C,2026-2027,1,Student cohort for UKG (Upper Kindergarten) GEN Division C in 2026-2027.
DPS-2026-GSEB-GUJ-PRE04-GEN-D,DPS 2026-2027 Gujarati Medium UKG (Upper Kindergarten) GEN Division D,DPS-2026-GSEB-GUJ-PRE04-GEN-D,DRONA_TRUST_GSEB_DPS_2026_2027_GUJ_PRE04_GEN,GSEB,DPS,GUJ,PRE04,GEN,D,2026-2027,1,Student cohort for UKG (Upper Kindergarten) GEN Division D in 2026-2027.
DPS-2026-GSEB-GUJ-PRE04-GEN-E,DPS 2026-2027 Gujarati Medium UKG (Upper Kindergarten) GEN Division E,DPS-2026-GSEB-GUJ-PRE04-GEN-E,DRONA_TRUST_GSEB_DPS_2026_2027_GUJ_PRE04_GEN,GSEB,DPS,GUJ,PRE04,GEN,E,2026-2027,1,Student cohort for UKG (Upper Kindergarten) GEN Division E in 2026-2027.
DPS-2026-GSEB-GUJ-PRE04-GEN-F,DPS 2026-2027 Gujarati Medium UKG (Upper Kindergarten) GEN Division F,DPS-2026-GSEB-GUJ-PRE04-GEN-F,DRONA_TRUST_GSEB_DPS_2026_2027_GUJ_PRE04_GEN,GSEB,DPS,GUJ,PRE04,GEN,F,2026-2027,1,Student cohort for UKG (Upper Kindergarten) GEN Division F in 2026-2027.
DPS-2026-GSEB-GUJ-STD01-GEN-A,DPS 2026-2027 Gujarati Medium Standard 1 GEN Division A,DPS-2026-GSEB-GUJ-STD01-GEN-A,DRONA_TRUST_GSEB_DPS_2026_2027_GUJ_STD01_GEN,GSEB,DPS,GUJ,STD01,GEN,A,2026-2027,1,Student cohort for Standard 1 GEN Division A in 2026-2027.
DPS-2026-GSEB-GUJ-STD01-GEN-B,DPS 2026-2027 Gujarati Medium Standard 1 GEN Division B,DPS-2026-GSEB-GUJ-STD01-GEN-B,DRONA_TRUST_GSEB_DPS_2026_2027_GUJ_STD01_GEN,GSEB,DPS,GUJ,STD01,GEN,B,2026-2027,1,Student cohort for Standard 1 GEN Division B in 2026-2027.
DPS-2026-GSEB-GUJ-STD01-GEN-C,DPS 2026-2027 Gujarati Medium Standard 1 GEN Division C,DPS-2026-GSEB-GUJ-STD01-GEN-C,DRONA_TRUST_GSEB_DPS_2026_2027_GUJ_STD01_GEN,GSEB,DPS,GUJ,STD01,GEN,C,2026-2027,1,Student cohort for Standard 1 GEN Division C in 2026-2027.
DPS-2026-GSEB-GUJ-STD01-GEN-D,DPS 2026-2027 Gujarati Medium Standard 1 GEN Division D,DPS-2026-GSEB-GUJ-STD01-GEN-D,DRONA_TRUST_GSEB_DPS_2026_2027_GUJ_STD01_GEN,GSEB,DPS,GUJ,STD01,GEN,D,2026-2027,1,Student cohort for Standard 1 GEN Division D in 2026-2027.
DPS-2026-GSEB-GUJ-STD01-GEN-E,DPS 2026-2027 Gujarati Medium Standard 1 GEN Division E,DPS-2026-GSEB-GUJ-STD01-GEN-E,DRONA_TRUST_GSEB_DPS_2026_2027_GUJ_STD01_GEN,GSEB,DPS,GUJ,STD01,GEN,E,2026-2027,1,Student cohort for Standard 1 GEN Division E in 2026-2027.
DPS-2026-GSEB-GUJ-STD01-GEN-F,DPS 2026-2027 Gujarati Medium Standard 1 GEN Division F,DPS-2026-GSEB-GUJ-STD01-GEN-F,DRONA_TRUST_GSEB_DPS_2026_2027_GUJ_STD01_GEN,GSEB,DPS,GUJ,STD01,GEN,F,2026-2027,1,Student cohort for Standard 1 GEN Division F in 2026-2027.
DPS-2026-GSEB-GUJ-STD02-GEN-A,DPS 2026-2027 Gujarati Medium Standard 2 GEN Division A,DPS-2026-GSEB-GUJ-STD02-GEN-A,DRONA_TRUST_GSEB_DPS_2026_2027_GUJ_STD02_GEN,GSEB,DPS,GUJ,STD02,GEN,A,2026-2027,1,Student cohort for Standard 2 GEN Division A in 2026-2027.
DPS-2026-GSEB-GUJ-STD02-GEN-B,DPS 2026-2027 Gujarati Medium Standard 2 GEN Division B,DPS-2026-GSEB-GUJ-STD02-GEN-B,DRONA_TRUST_GSEB_DPS_2026_2027_GUJ_STD02_GEN,GSEB,DPS,GUJ,STD02,GEN,B,2026-2027,1,Student cohort for Standard 2 GEN Division B in 2026-2027.
DPS-2026-GSEB-GUJ-STD02-GEN-C,DPS 2026-2027 Gujarati Medium Standard 2 GEN Division C,DPS-2026-GSEB-GUJ-STD02-GEN-C,DRONA_TRUST_GSEB_DPS_2026_2027_GUJ_STD02_GEN,GSEB,DPS,GUJ,STD02,GEN,C,2026-2027,1,Student cohort for Standard 2 GEN Division C in 2026-2027.
DPS-2026-GSEB-GUJ-STD02-GEN-D,DPS 2026-2027 Gujarati Medium Standard 2 GEN Division D,DPS-2026-GSEB-GUJ-STD02-GEN-D,DRONA_TRUST_GSEB_DPS_2026_2027_GUJ_STD02_GEN,GSEB,DPS,GUJ,STD02,GEN,D,2026-2027,1,Student cohort for Standard 2 GEN Division D in 2026-2027.
DPS-2026-GSEB-GUJ-STD02-GEN-E,DPS 2026-2027 Gujarati Medium Standard 2 GEN Division E,DPS-2026-GSEB-GUJ-STD02-GEN-E,DRONA_TRUST_GSEB_DPS_2026_2027_GUJ_STD02_GEN,GSEB,DPS,GUJ,STD02,GEN,E,2026-2027,1,Student cohort for Standard 2 GEN Division E in 2026-2027.
DPS-2026-GSEB-GUJ-STD02-GEN-F,DPS 2026-2027 Gujarati Medium Standard 2 GEN Division F,DPS-2026-GSEB-GUJ-STD02-GEN-F,DRONA_TRUST_GSEB_DPS_2026_2027_GUJ_STD02_GEN,GSEB,DPS,GUJ,STD02,GEN,F,2026-2027,1,Student cohort for Standard 2 GEN Division F in 2026-2027.
DPS-2026-GSEB-GUJ-STD03-GEN-A,DPS 2026-2027 Gujarati Medium Standard 3 GEN Division A,DPS-2026-GSEB-GUJ-STD03-GEN-A,DRONA_TRUST_GSEB_DPS_2026_2027_GUJ_STD03_GEN,GSEB,DPS,GUJ,STD03,GEN,A,2026-2027,1,Student cohort for Standard 3 GEN Division A in 2026-2027.
DPS-2026-GSEB-GUJ-STD03-GEN-B,DPS 2026-2027 Gujarati Medium Standard 3 GEN Division B,DPS-2026-GSEB-GUJ-STD03-GEN-B,DRONA_TRUST_GSEB_DPS_2026_2027_GUJ_STD03_GEN,GSEB,DPS,GUJ,STD03,GEN,B,2026-2027,1,Student cohort for Standard 3 GEN Division B in 2026-2027.
DPS-2026-GSEB-GUJ-STD03-GEN-C,DPS 2026-2027 Gujarati Medium Standard 3 GEN Division C,DPS-2026-GSEB-GUJ-STD03-GEN-C,DRONA_TRUST_GSEB_DPS_2026_2027_GUJ_STD03_GEN,GSEB,DPS,GUJ,STD03,GEN,C,2026-2027,1,Student cohort for Standard 3 GEN Division C in 2026-2027.
DPS-2026-GSEB-GUJ-STD03-GEN-D,DPS 2026-2027 Gujarati Medium Standard 3 GEN Division D,DPS-2026-GSEB-GUJ-STD03-GEN-D,DRONA_TRUST_GSEB_DPS_2026_2027_GUJ_STD03_GEN,GSEB,DPS,GUJ,STD03,GEN,D,2026-2027,1,Student cohort for Standard 3 GEN Division D in 2026-2027.
DPS-2026-GSEB-GUJ-STD03-GEN-E,DPS 2026-2027 Gujarati Medium Standard 3 GEN Division E,DPS-2026-GSEB-GUJ-STD03-GEN-E,DRONA_TRUST_GSEB_DPS_2026_2027_GUJ_STD03_GEN,GSEB,DPS,GUJ,STD03,GEN,E,2026-2027,1,Student cohort for Standard 3 GEN Division E in 2026-2027.
DPS-2026-GSEB-GUJ-STD03-GEN-F,DPS 2026-2027 Gujarati Medium Standard 3 GEN Division F,DPS-2026-GSEB-GUJ-STD03-GEN-F,DRONA_TRUST_GSEB_DPS_2026_2027_GUJ_STD03_GEN,GSEB,DPS,GUJ,STD03,GEN,F,2026-2027,1,Student cohort for Standard 3 GEN Division F in 2026-2027.
DPS-2026-GSEB-GUJ-STD04-GEN-A,DPS 2026-2027 Gujarati Medium Standard 4 GEN Division A,DPS-2026-GSEB-GUJ-STD04-GEN-A,DRONA_TRUST_GSEB_DPS_2026_2027_GUJ_STD04_GEN,GSEB,DPS,GUJ,STD04,GEN,A,2026-2027,1,Student cohort for Standard 4 GEN Division A in 2026-2027.
DPS-2026-GSEB-GUJ-STD04-GEN-B,DPS 2026-2027 Gujarati Medium Standard 4 GEN Division B,DPS-2026-GSEB-GUJ-STD04-GEN-B,DRONA_TRUST_GSEB_DPS_2026_2027_GUJ_STD04_GEN,GSEB,DPS,GUJ,STD04,GEN,B,2026-2027,1,Student cohort for Standard 4 GEN Division B in 2026-2027.
DPS-2026-GSEB-GUJ-STD04-GEN-C,DPS 2026-2027 Gujarati Medium Standard 4 GEN Division C,DPS-2026-GSEB-GUJ-STD04-GEN-C,DRONA_TRUST_GSEB_DPS_2026_2027_GUJ_STD04_GEN,GSEB,DPS,GUJ,STD04,GEN,C,2026-2027,1,Student cohort for Standard 4 GEN Division C in 2026-2027.
DPS-2026-GSEB-GUJ-STD04-GEN-D,DPS 2026-2027 Gujarati Medium Standard 4 GEN Division D,DPS-2026-GSEB-GUJ-STD04-GEN-D,DRONA_TRUST_GSEB_DPS_2026_2027_GUJ_STD04_GEN,GSEB,DPS,GUJ,STD04,GEN,D,2026-2027,1,Student cohort for Standard 4 GEN Division D in 2026-2027.
DPS-2026-GSEB-GUJ-STD04-GEN-E,DPS 2026-2027 Gujarati Medium Standard 4 GEN Division E,DPS-2026-GSEB-GUJ-STD04-GEN-E,DRONA_TRUST_GSEB_DPS_2026_2027_GUJ_STD04_GEN,GSEB,DPS,GUJ,STD04,GEN,E,2026-2027,1,Student cohort for Standard 4 GEN Division E in 2026-2027.
DPS-2026-GSEB-GUJ-STD04-GEN-F,DPS 2026-2027 Gujarati Medium Standard 4 GEN Division F,DPS-2026-GSEB-GUJ-STD04-GEN-F,DRONA_TRUST_GSEB_DPS_2026_2027_GUJ_STD04_GEN,GSEB,DPS,GUJ,STD04,GEN,F,2026-2027,1,Student cohort for Standard 4 GEN Division F in 2026-2027.
DPS-2026-GSEB-GUJ-STD05-GEN-A,DPS 2026-2027 Gujarati Medium Standard 5 GEN Division A,DPS-2026-GSEB-GUJ-STD05-GEN-A,DRONA_TRUST_GSEB_DPS_2026_2027_GUJ_STD05_GEN,GSEB,DPS,GUJ,STD05,GEN,A,2026-2027,1,Student cohort for Standard 5 GEN Division A in 2026-2027.
DPS-2026-GSEB-GUJ-STD05-GEN-B,DPS 2026-2027 Gujarati Medium Standard 5 GEN Division B,DPS-2026-GSEB-GUJ-STD05-GEN-B,DRONA_TRUST_GSEB_DPS_2026_2027_GUJ_STD05_GEN,GSEB,DPS,GUJ,STD05,GEN,B,2026-2027,1,Student cohort for Standard 5 GEN Division B in 2026-2027.
DPS-2026-GSEB-GUJ-STD05-GEN-C,DPS 2026-2027 Gujarati Medium Standard 5 GEN Division C,DPS-2026-GSEB-GUJ-STD05-GEN-C,DRONA_TRUST_GSEB_DPS_2026_2027_GUJ_STD05_GEN,GSEB,DPS,GUJ,STD05,GEN,C,2026-2027,1,Student cohort for Standard 5 GEN Division C in 2026-2027.
DPS-2026-GSEB-GUJ-STD05-GEN-D,DPS 2026-2027 Gujarati Medium Standard 5 GEN Division D,DPS-2026-GSEB-GUJ-STD05-GEN-D,DRONA_TRUST_GSEB_DPS_2026_2027_GUJ_STD05_GEN,GSEB,DPS,GUJ,STD05,GEN,D,2026-2027,1,Student cohort for Standard 5 GEN Division D in 2026-2027.
DPS-2026-GSEB-GUJ-STD05-GEN-E,DPS 2026-2027 Gujarati Medium Standard 5 GEN Division E,DPS-2026-GSEB-GUJ-STD05-GEN-E,DRONA_TRUST_GSEB_DPS_2026_2027_GUJ_STD05_GEN,GSEB,DPS,GUJ,STD05,GEN,E,2026-2027,1,Student cohort for Standard 5 GEN Division E in 2026-2027.
DPS-2026-GSEB-GUJ-STD05-GEN-F,DPS 2026-2027 Gujarati Medium Standard 5 GEN Division F,DPS-2026-GSEB-GUJ-STD05-GEN-F,DRONA_TRUST_GSEB_DPS_2026_2027_GUJ_STD05_GEN,GSEB,DPS,GUJ,STD05,GEN,F,2026-2027,1,Student cohort for Standard 5 GEN Division F in 2026-2027.
DPS-2026-GSEB-GUJ-STD06-GEN-A,DPS 2026-2027 Gujarati Medium Standard 6 GEN Division A,DPS-2026-GSEB-GUJ-STD06-GEN-A,DRONA_TRUST_GSEB_DPS_2026_2027_GUJ_STD06_GEN,GSEB,DPS,GUJ,STD06,GEN,A,2026-2027,1,Student cohort for Standard 6 GEN Division A in 2026-2027.
DPS-2026-GSEB-GUJ-STD06-GEN-B,DPS 2026-2027 Gujarati Medium Standard 6 GEN Division B,DPS-2026-GSEB-GUJ-STD06-GEN-B,DRONA_TRUST_GSEB_DPS_2026_2027_GUJ_STD06_GEN,GSEB,DPS,GUJ,STD06,GEN,B,2026-2027,1,Student cohort for Standard 6 GEN Division B in 2026-2027.
DPS-2026-GSEB-GUJ-STD06-GEN-C,DPS 2026-2027 Gujarati Medium Standard 6 GEN Division C,DPS-2026-GSEB-GUJ-STD06-GEN-C,DRONA_TRUST_GSEB_DPS_2026_2027_GUJ_STD06_GEN,GSEB,DPS,GUJ,STD06,GEN,C,2026-2027,1,Student cohort for Standard 6 GEN Division C in 2026-2027.
DPS-2026-GSEB-GUJ-STD06-GEN-D,DPS 2026-2027 Gujarati Medium Standard 6 GEN Division D,DPS-2026-GSEB-GUJ-STD06-GEN-D,DRONA_TRUST_GSEB_DPS_2026_2027_GUJ_STD06_GEN,GSEB,DPS,GUJ,STD06,GEN,D,2026-2027,1,Student cohort for Standard 6 GEN Division D in 2026-2027.
DPS-2026-GSEB-GUJ-STD06-GEN-E,DPS 2026-2027 Gujarati Medium Standard 6 GEN Division E,DPS-2026-GSEB-GUJ-STD06-GEN-E,DRONA_TRUST_GSEB_DPS_2026_2027_GUJ_STD06_GEN,GSEB,DPS,GUJ,STD06,GEN,E,2026-2027,1,Student cohort for Standard 6 GEN Division E in 2026-2027.
DPS-2026-GSEB-GUJ-STD06-GEN-F,DPS 2026-2027 Gujarati Medium Standard 6 GEN Division F,DPS-2026-GSEB-GUJ-STD06-GEN-F,DRONA_TRUST_GSEB_DPS_2026_2027_GUJ_STD06_GEN,GSEB,DPS,GUJ,STD06,GEN,F,2026-2027,1,Student cohort for Standard 6 GEN Division F in 2026-2027.
DPS-2026-GSEB-GUJ-STD07-GEN-A,DPS 2026-2027 Gujarati Medium Standard 7 GEN Division A,DPS-2026-GSEB-GUJ-STD07-GEN-A,DRONA_TRUST_GSEB_DPS_2026_2027_GUJ_STD07_GEN,GSEB,DPS,GUJ,STD07,GEN,A,2026-2027,1,Student cohort for Standard 7 GEN Division A in 2026-2027.
DPS-2026-GSEB-GUJ-STD07-GEN-B,DPS 2026-2027 Gujarati Medium Standard 7 GEN Division B,DPS-2026-GSEB-GUJ-STD07-GEN-B,DRONA_TRUST_GSEB_DPS_2026_2027_GUJ_STD07_GEN,GSEB,DPS,GUJ,STD07,GEN,B,2026-2027,1,Student cohort for Standard 7 GEN Division B in 2026-2027.
DPS-2026-GSEB-GUJ-STD07-GEN-C,DPS 2026-2027 Gujarati Medium Standard 7 GEN Division C,DPS-2026-GSEB-GUJ-STD07-GEN-C,DRONA_TRUST_GSEB_DPS_2026_2027_GUJ_STD07_GEN,GSEB,DPS,GUJ,STD07,GEN,C,2026-2027,1,Student cohort for Standard 7 GEN Division C in 2026-2027.
DPS-2026-GSEB-GUJ-STD07-GEN-D,DPS 2026-2027 Gujarati Medium Standard 7 GEN Division D,DPS-2026-GSEB-GUJ-STD07-GEN-D,DRONA_TRUST_GSEB_DPS_2026_2027_GUJ_STD07_GEN,GSEB,DPS,GUJ,STD07,GEN,D,2026-2027,1,Student cohort for Standard 7 GEN Division D in 2026-2027.
DPS-2026-GSEB-GUJ-STD07-GEN-E,DPS 2026-2027 Gujarati Medium Standard 7 GEN Division E,DPS-2026-GSEB-GUJ-STD07-GEN-E,DRONA_TRUST_GSEB_DPS_2026_2027_GUJ_STD07_GEN,GSEB,DPS,GUJ,STD07,GEN,E,2026-2027,1,Student cohort for Standard 7 GEN Division E in 2026-2027.
DPS-2026-GSEB-GUJ-STD07-GEN-F,DPS 2026-2027 Gujarati Medium Standard 7 GEN Division F,DPS-2026-GSEB-GUJ-STD07-GEN-F,DRONA_TRUST_GSEB_DPS_2026_2027_GUJ_STD07_GEN,GSEB,DPS,GUJ,STD07,GEN,F,2026-2027,1,Student cohort for Standard 7 GEN Division F in 2026-2027.
DPS-2026-GSEB-GUJ-STD08-GEN-A,DPS 2026-2027 Gujarati Medium Standard 8 GEN Division A,DPS-2026-GSEB-GUJ-STD08-GEN-A,DRONA_TRUST_GSEB_DPS_2026_2027_GUJ_STD08_GEN,GSEB,DPS,GUJ,STD08,GEN,A,2026-2027,1,Student cohort for Standard 8 GEN Division A in 2026-2027.
DPS-2026-GSEB-GUJ-STD08-GEN-B,DPS 2026-2027 Gujarati Medium Standard 8 GEN Division B,DPS-2026-GSEB-GUJ-STD08-GEN-B,DRONA_TRUST_GSEB_DPS_2026_2027_GUJ_STD08_GEN,GSEB,DPS,GUJ,STD08,GEN,B,2026-2027,1,Student cohort for Standard 8 GEN Division B in 2026-2027.
DPS-2026-GSEB-GUJ-STD08-GEN-C,DPS 2026-2027 Gujarati Medium Standard 8 GEN Division C,DPS-2026-GSEB-GUJ-STD08-GEN-C,DRONA_TRUST_GSEB_DPS_2026_2027_GUJ_STD08_GEN,GSEB,DPS,GUJ,STD08,GEN,C,2026-2027,1,Student cohort for Standard 8 GEN Division C in 2026-2027.
DPS-2026-GSEB-GUJ-STD08-GEN-D,DPS 2026-2027 Gujarati Medium Standard 8 GEN Division D,DPS-2026-GSEB-GUJ-STD08-GEN-D,DRONA_TRUST_GSEB_DPS_2026_2027_GUJ_STD08_GEN,GSEB,DPS,GUJ,STD08,GEN,D,2026-2027,1,Student cohort for Standard 8 GEN Division D in 2026-2027.
DPS-2026-GSEB-GUJ-STD08-GEN-E,DPS 2026-2027 Gujarati Medium Standard 8 GEN Division E,DPS-2026-GSEB-GUJ-STD08-GEN-E,DRONA_TRUST_GSEB_DPS_2026_2027_GUJ_STD08_GEN,GSEB,DPS,GUJ,STD08,GEN,E,2026-2027,1,Student cohort for Standard 8 GEN Division E in 2026-2027.
DPS-2026-GSEB-GUJ-STD08-GEN-F,DPS 2026-2027 Gujarati Medium Standard 8 GEN Division F,DPS-2026-GSEB-GUJ-STD08-GEN-F,DRONA_TRUST_GSEB_DPS_2026_2027_GUJ_STD08_GEN,GSEB,DPS,GUJ,STD08,GEN,F,2026-2027,1,Student cohort for Standard 8 GEN Division F in 2026-2027.
DPS-2026-GSEB-GUJ-STD09-GEN-A,DPS 2026-2027 Gujarati Medium Standard 9 GEN Division A,DPS-2026-GSEB-GUJ-STD09-GEN-A,DRONA_TRUST_GSEB_DPS_2026_2027_GUJ_STD09_GEN,GSEB,DPS,GUJ,STD09,GEN,A,2026-2027,1,Student cohort for Standard 9 GEN Division A in 2026-2027.
DPS-2026-GSEB-GUJ-STD09-GEN-B,DPS 2026-2027 Gujarati Medium Standard 9 GEN Division B,DPS-2026-GSEB-GUJ-STD09-GEN-B,DRONA_TRUST_GSEB_DPS_2026_2027_GUJ_STD09_GEN,GSEB,DPS,GUJ,STD09,GEN,B,2026-2027,1,Student cohort for Standard 9 GEN Division B in 2026-2027.
DPS-2026-GSEB-GUJ-STD09-GEN-C,DPS 2026-2027 Gujarati Medium Standard 9 GEN Division C,DPS-2026-GSEB-GUJ-STD09-GEN-C,DRONA_TRUST_GSEB_DPS_2026_2027_GUJ_STD09_GEN,GSEB,DPS,GUJ,STD09,GEN,C,2026-2027,1,Student cohort for Standard 9 GEN Division C in 2026-2027.
DPS-2026-GSEB-GUJ-STD09-GEN-D,DPS 2026-2027 Gujarati Medium Standard 9 GEN Division D,DPS-2026-GSEB-GUJ-STD09-GEN-D,DRONA_TRUST_GSEB_DPS_2026_2027_GUJ_STD09_GEN,GSEB,DPS,GUJ,STD09,GEN,D,2026-2027,1,Student cohort for Standard 9 GEN Division D in 2026-2027.
DPS-2026-GSEB-GUJ-STD09-GEN-E,DPS 2026-2027 Gujarati Medium Standard 9 GEN Division E,DPS-2026-GSEB-GUJ-STD09-GEN-E,DRONA_TRUST_GSEB_DPS_2026_2027_GUJ_STD09_GEN,GSEB,DPS,GUJ,STD09,GEN,E,2026-2027,1,Student cohort for Standard 9 GEN Division E in 2026-2027.
DPS-2026-GSEB-GUJ-STD09-GEN-F,DPS 2026-2027 Gujarati Medium Standard 9 GEN Division F,DPS-2026-GSEB-GUJ-STD09-GEN-F,DRONA_TRUST_GSEB_DPS_2026_2027_GUJ_STD09_GEN,GSEB,DPS,GUJ,STD09,GEN,F,2026-2027,1,Student cohort for Standard 9 GEN Division F in 2026-2027.
DPS-2026-GSEB-GUJ-STD10-GEN-A,DPS 2026-2027 Gujarati Medium Standard 10 GEN Division A,DPS-2026-GSEB-GUJ-STD10-GEN-A,DRONA_TRUST_GSEB_DPS_2026_2027_GUJ_STD10_GEN,GSEB,DPS,GUJ,STD10,GEN,A,2026-2027,1,Student cohort for Standard 10 GEN Division A in 2026-2027.
DPS-2026-GSEB-GUJ-STD10-GEN-B,DPS 2026-2027 Gujarati Medium Standard 10 GEN Division B,DPS-2026-GSEB-GUJ-STD10-GEN-B,DRONA_TRUST_GSEB_DPS_2026_2027_GUJ_STD10_GEN,GSEB,DPS,GUJ,STD10,GEN,B,2026-2027,1,Student cohort for Standard 10 GEN Division B in 2026-2027.
DPS-2026-GSEB-GUJ-STD10-GEN-C,DPS 2026-2027 Gujarati Medium Standard 10 GEN Division C,DPS-2026-GSEB-GUJ-STD10-GEN-C,DRONA_TRUST_GSEB_DPS_2026_2027_GUJ_STD10_GEN,GSEB,DPS,GUJ,STD10,GEN,C,2026-2027,1,Student cohort for Standard 10 GEN Division C in 2026-2027.
DPS-2026-GSEB-GUJ-STD10-GEN-D,DPS 2026-2027 Gujarati Medium Standard 10 GEN Division D,DPS-2026-GSEB-GUJ-STD10-GEN-D,DRONA_TRUST_GSEB_DPS_2026_2027_GUJ_STD10_GEN,GSEB,DPS,GUJ,STD10,GEN,D,2026-2027,1,Student cohort for Standard 10 GEN Division D in 2026-2027.
DPS-2026-GSEB-GUJ-STD10-GEN-E,DPS 2026-2027 Gujarati Medium Standard 10 GEN Division E,DPS-2026-GSEB-GUJ-STD10-GEN-E,DRONA_TRUST_GSEB_DPS_2026_2027_GUJ_STD10_GEN,GSEB,DPS,GUJ,STD10,GEN,E,2026-2027,1,Student cohort for Standard 10 GEN Division E in 2026-2027.
DPS-2026-GSEB-GUJ-STD10-GEN-F,DPS 2026-2027 Gujarati Medium Standard 10 GEN Division F,DPS-2026-GSEB-GUJ-STD10-GEN-F,DRONA_TRUST_GSEB_DPS_2026_2027_GUJ_STD10_GEN,GSEB,DPS,GUJ,STD10,GEN,F,2026-2027,1,Student cohort for Standard 10 GEN Division F in 2026-2027.
DPS-2026-GSEB-GUJ-STD11_SCI-SCI-A,DPS 2026-2027 Gujarati Medium Standard 11 (Science) SCI Division A,DPS-2026-GSEB-GUJ-STD11_SCI-SCI-A,DRONA_TRUST_GSEB_DPS_2026_2027_GUJ_STD11_SCI_SCI,GSEB,DPS,GUJ,STD11_SCI,SCI,A,2026-2027,1,Student cohort for Standard 11 (Science) SCI Division A in 2026-2027.
DPS-2026-GSEB-GUJ-STD11_SCI-SCI-B,DPS 2026-2027 Gujarati Medium Standard 11 (Science) SCI Division B,DPS-2026-GSEB-GUJ-STD11_SCI-SCI-B,DRONA_TRUST_GSEB_DPS_2026_2027_GUJ_STD11_SCI_SCI,GSEB,DPS,GUJ,STD11_SCI,SCI,B,2026-2027,1,Student cohort for Standard 11 (Science) SCI Division B in 2026-2027.
DPS-2026-GSEB-GUJ-STD11_SCI-SCI-C,DPS 2026-2027 Gujarati Medium Standard 11 (Science) SCI Division C,DPS-2026-GSEB-GUJ-STD11_SCI-SCI-C,DRONA_TRUST_GSEB_DPS_2026_2027_GUJ_STD11_SCI_SCI,GSEB,DPS,GUJ,STD11_SCI,SCI,C,2026-2027,1,Student cohort for Standard 11 (Science) SCI Division C in 2026-2027.
DPS-2026-GSEB-GUJ-STD11_SCI-SCI-D,DPS 2026-2027 Gujarati Medium Standard 11 (Science) SCI Division D,DPS-2026-GSEB-GUJ-STD11_SCI-SCI-D,DRONA_TRUST_GSEB_DPS_2026_2027_GUJ_STD11_SCI_SCI,GSEB,DPS,GUJ,STD11_SCI,SCI,D,2026-2027,1,Student cohort for Standard 11 (Science) SCI Division D in 2026-2027.
DPS-2026-GSEB-GUJ-STD11_SCI-SCI-E,DPS 2026-2027 Gujarati Medium Standard 11 (Science) SCI Division E,DPS-2026-GSEB-GUJ-STD11_SCI-SCI-E,DRONA_TRUST_GSEB_DPS_2026_2027_GUJ_STD11_SCI_SCI,GSEB,DPS,GUJ,STD11_SCI,SCI,E,2026-2027,1,Student cohort for Standard 11 (Science) SCI Division E in 2026-2027.
DPS-2026-GSEB-GUJ-STD11_SCI-SCI-F,DPS 2026-2027 Gujarati Medium Standard 11 (Science) SCI Division F,DPS-2026-GSEB-GUJ-STD11_SCI-SCI-F,DRONA_TRUST_GSEB_DPS_2026_2027_GUJ_STD11_SCI_SCI,GSEB,DPS,GUJ,STD11_SCI,SCI,F,2026-2027,1,Student cohort for Standard 11 (Science) SCI Division F in 2026-2027.
DPS-2026-GSEB-GUJ-STD11_COM-COM-A,DPS 2026-2027 Gujarati Medium Standard 11 (Commerce) COM Division A,DPS-2026-GSEB-GUJ-STD11_COM-COM-A,DRONA_TRUST_GSEB_DPS_2026_2027_GUJ_STD11_COM_COM,GSEB,DPS,GUJ,STD11_COM,COM,A,2026-2027,1,Student cohort for Standard 11 (Commerce) COM Division A in 2026-2027.
DPS-2026-GSEB-GUJ-STD11_COM-COM-B,DPS 2026-2027 Gujarati Medium Standard 11 (Commerce) COM Division B,DPS-2026-GSEB-GUJ-STD11_COM-COM-B,DRONA_TRUST_GSEB_DPS_2026_2027_GUJ_STD11_COM_COM,GSEB,DPS,GUJ,STD11_COM,COM,B,2026-2027,1,Student cohort for Standard 11 (Commerce) COM Division B in 2026-2027.
DPS-2026-GSEB-GUJ-STD11_COM-COM-C,DPS 2026-2027 Gujarati Medium Standard 11 (Commerce) COM Division C,DPS-2026-GSEB-GUJ-STD11_COM-COM-C,DRONA_TRUST_GSEB_DPS_2026_2027_GUJ_STD11_COM_COM,GSEB,DPS,GUJ,STD11_COM,COM,C,2026-2027,1,Student cohort for Standard 11 (Commerce) COM Division C in 2026-2027.
DPS-2026-GSEB-GUJ-STD11_COM-COM-D,DPS 2026-2027 Gujarati Medium Standard 11 (Commerce) COM Division D,DPS-2026-GSEB-GUJ-STD11_COM-COM-D,DRONA_TRUST_GSEB_DPS_2026_2027_GUJ_STD11_COM_COM,GSEB,DPS,GUJ,STD11_COM,COM,D,2026-2027,1,Student cohort for Standard 11 (Commerce) COM Division D in 2026-2027.
DPS-2026-GSEB-GUJ-STD11_COM-COM-E,DPS 2026-2027 Gujarati Medium Standard 11 (Commerce) COM Division E,DPS-2026-GSEB-GUJ-STD11_COM-COM-E,DRONA_TRUST_GSEB_DPS_2026_2027_GUJ_STD11_COM_COM,GSEB,DPS,GUJ,STD11_COM,COM,E,2026-2027,1,Student cohort for Standard 11 (Commerce) COM Division E in 2026-2027.
DPS-2026-GSEB-GUJ-STD11_COM-COM-F,DPS 2026-2027 Gujarati Medium Standard 11 (Commerce) COM Division F,DPS-2026-GSEB-GUJ-STD11_COM-COM-F,DRONA_TRUST_GSEB_DPS_2026_2027_GUJ_STD11_COM_COM,GSEB,DPS,GUJ,STD11_COM,COM,F,2026-2027,1,Student cohort for Standard 11 (Commerce) COM Division F in 2026-2027.
DPS-2026-GSEB-GUJ-STD11_ART-ART-A,DPS 2026-2027 Gujarati Medium Standard 11 (Arts) ART Division A,DPS-2026-GSEB-GUJ-STD11_ART-ART-A,DRONA_TRUST_GSEB_DPS_2026_2027_GUJ_STD11_ART_ART,GSEB,DPS,GUJ,STD11_ART,ART,A,2026-2027,1,Student cohort for Standard 11 (Arts) ART Division A in 2026-2027.
DPS-2026-GSEB-GUJ-STD11_ART-ART-B,DPS 2026-2027 Gujarati Medium Standard 11 (Arts) ART Division B,DPS-2026-GSEB-GUJ-STD11_ART-ART-B,DRONA_TRUST_GSEB_DPS_2026_2027_GUJ_STD11_ART_ART,GSEB,DPS,GUJ,STD11_ART,ART,B,2026-2027,1,Student cohort for Standard 11 (Arts) ART Division B in 2026-2027.
DPS-2026-GSEB-GUJ-STD11_ART-ART-C,DPS 2026-2027 Gujarati Medium Standard 11 (Arts) ART Division C,DPS-2026-GSEB-GUJ-STD11_ART-ART-C,DRONA_TRUST_GSEB_DPS_2026_2027_GUJ_STD11_ART_ART,GSEB,DPS,GUJ,STD11_ART,ART,C,2026-2027,1,Student cohort for Standard 11 (Arts) ART Division C in 2026-2027.
DPS-2026-GSEB-GUJ-STD11_ART-ART-D,DPS 2026-2027 Gujarati Medium Standard 11 (Arts) ART Division D,DPS-2026-GSEB-GUJ-STD11_ART-ART-D,DRONA_TRUST_GSEB_DPS_2026_2027_GUJ_STD11_ART_ART,GSEB,DPS,GUJ,STD11_ART,ART,D,2026-2027,1,Student cohort for Standard 11 (Arts) ART Division D in 2026-2027.
DPS-2026-GSEB-GUJ-STD11_ART-ART-E,DPS 2026-2027 Gujarati Medium Standard 11 (Arts) ART Division E,DPS-2026-GSEB-GUJ-STD11_ART-ART-E,DRONA_TRUST_GSEB_DPS_2026_2027_GUJ_STD11_ART_ART,GSEB,DPS,GUJ,STD11_ART,ART,E,2026-2027,1,Student cohort for Standard 11 (Arts) ART Division E in 2026-2027.
DPS-2026-GSEB-GUJ-STD11_ART-ART-F,DPS 2026-2027 Gujarati Medium Standard 11 (Arts) ART Division F,DPS-2026-GSEB-GUJ-STD11_ART-ART-F,DRONA_TRUST_GSEB_DPS_2026_2027_GUJ_STD11_ART_ART,GSEB,DPS,GUJ,STD11_ART,ART,F,2026-2027,1,Student cohort for Standard 11 (Arts) ART Division F in 2026-2027.
DPS-2026-GSEB-GUJ-STD12_SCI-SCI-A,DPS 2026-2027 Gujarati Medium Standard 12 (Science) SCI Division A,DPS-2026-GSEB-GUJ-STD12_SCI-SCI-A,DRONA_TRUST_GSEB_DPS_2026_2027_GUJ_STD12_SCI_SCI,GSEB,DPS,GUJ,STD12_SCI,SCI,A,2026-2027,1,Student cohort for Standard 12 (Science) SCI Division A in 2026-2027.
DPS-2026-GSEB-GUJ-STD12_SCI-SCI-B,DPS 2026-2027 Gujarati Medium Standard 12 (Science) SCI Division B,DPS-2026-GSEB-GUJ-STD12_SCI-SCI-B,DRONA_TRUST_GSEB_DPS_2026_2027_GUJ_STD12_SCI_SCI,GSEB,DPS,GUJ,STD12_SCI,SCI,B,2026-2027,1,Student cohort for Standard 12 (Science) SCI Division B in 2026-2027.
DPS-2026-GSEB-GUJ-STD12_SCI-SCI-C,DPS 2026-2027 Gujarati Medium Standard 12 (Science) SCI Division C,DPS-2026-GSEB-GUJ-STD12_SCI-SCI-C,DRONA_TRUST_GSEB_DPS_2026_2027_GUJ_STD12_SCI_SCI,GSEB,DPS,GUJ,STD12_SCI,SCI,C,2026-2027,1,Student cohort for Standard 12 (Science) SCI Division C in 2026-2027.
DPS-2026-GSEB-GUJ-STD12_SCI-SCI-D,DPS 2026-2027 Gujarati Medium Standard 12 (Science) SCI Division D,DPS-2026-GSEB-GUJ-STD12_SCI-SCI-D,DRONA_TRUST_GSEB_DPS_2026_2027_GUJ_STD12_SCI_SCI,GSEB,DPS,GUJ,STD12_SCI,SCI,D,2026-2027,1,Student cohort for Standard 12 (Science) SCI Division D in 2026-2027.
DPS-2026-GSEB-GUJ-STD12_SCI-SCI-E,DPS 2026-2027 Gujarati Medium Standard 12 (Science) SCI Division E,DPS-2026-GSEB-GUJ-STD12_SCI-SCI-E,DRONA_TRUST_GSEB_DPS_2026_2027_GUJ_STD12_SCI_SCI,GSEB,DPS,GUJ,STD12_SCI,SCI,E,2026-2027,1,Student cohort for Standard 12 (Science) SCI Division E in 2026-2027.
DPS-2026-GSEB-GUJ-STD12_SCI-SCI-F,DPS 2026-2027 Gujarati Medium Standard 12 (Science) SCI Division F,DPS-2026-GSEB-GUJ-STD12_SCI-SCI-F,DRONA_TRUST_GSEB_DPS_2026_2027_GUJ_STD12_SCI_SCI,GSEB,DPS,GUJ,STD12_SCI,SCI,F,2026-2027,1,Student cohort for Standard 12 (Science) SCI Division F in 2026-2027.
DPS-2026-GSEB-GUJ-STD12_COM-COM-A,DPS 2026-2027 Gujarati Medium Standard 12 (Commerce) COM Division A,DPS-2026-GSEB-GUJ-STD12_COM-COM-A,DRONA_TRUST_GSEB_DPS_2026_2027_GUJ_STD12_COM_COM,GSEB,DPS,GUJ,STD12_COM,COM,A,2026-2027,1,Student cohort for Standard 12 (Commerce) COM Division A in 2026-2027.
DPS-2026-GSEB-GUJ-STD12_COM-COM-B,DPS 2026-2027 Gujarati Medium Standard 12 (Commerce) COM Division B,DPS-2026-GSEB-GUJ-STD12_COM-COM-B,DRONA_TRUST_GSEB_DPS_2026_2027_GUJ_STD12_COM_COM,GSEB,DPS,GUJ,STD12_COM,COM,B,2026-2027,1,Student cohort for Standard 12 (Commerce) COM Division B in 2026-2027.
DPS-2026-GSEB-GUJ-STD12_COM-COM-C,DPS 2026-2027 Gujarati Medium Standard 12 (Commerce) COM Division C,DPS-2026-GSEB-GUJ-STD12_COM-COM-C,DRONA_TRUST_GSEB_DPS_2026_2027_GUJ_STD12_COM_COM,GSEB,DPS,GUJ,STD12_COM,COM,C,2026-2027,1,Student cohort for Standard 12 (Commerce) COM Division C in 2026-2027.
DPS-2026-GSEB-GUJ-STD12_COM-COM-D,DPS 2026-2027 Gujarati Medium Standard 12 (Commerce) COM Division D,DPS-2026-GSEB-GUJ-STD12_COM-COM-D,DRONA_TRUST_GSEB_DPS_2026_2027_GUJ_STD12_COM_COM,GSEB,DPS,GUJ,STD12_COM,COM,D,2026-2027,1,Student cohort for Standard 12 (Commerce) COM Division D in 2026-2027.
DPS-2026-GSEB-GUJ-STD12_COM-COM-E,DPS 2026-2027 Gujarati Medium Standard 12 (Commerce) COM Division E,DPS-2026-GSEB-GUJ-STD12_COM-COM-E,DRONA_TRUST_GSEB_DPS_2026_2027_GUJ_STD12_COM_COM,GSEB,DPS,GUJ,STD12_COM,COM,E,2026-2027,1,Student cohort for Standard 12 (Commerce) COM Division E in 2026-2027.
DPS-2026-GSEB-GUJ-STD12_COM-COM-F,DPS 2026-2027 Gujarati Medium Standard 12 (Commerce) COM Division F,DPS-2026-GSEB-GUJ-STD12_COM-COM-F,DRONA_TRUST_GSEB_DPS_2026_2027_GUJ_STD12_COM_COM,GSEB,DPS,GUJ,STD12_COM,COM,F,2026-2027,1,Student cohort for Standard 12 (Commerce) COM Division F in 2026-2027.
DPS-2026-GSEB-GUJ-STD12_ART-ART-A,DPS 2026-2027 Gujarati Medium Standard 12 (Arts) ART Division A,DPS-2026-GSEB-GUJ-STD12_ART-ART-A,DRONA_TRUST_GSEB_DPS_2026_2027_GUJ_STD12_ART_ART,GSEB,DPS,GUJ,STD12_ART,ART,A,2026-2027,1,Student cohort for Standard 12 (Arts) ART Division A in 2026-2027.
DPS-2026-GSEB-GUJ-STD12_ART-ART-B,DPS 2026-2027 Gujarati Medium Standard 12 (Arts) ART Division B,DPS-2026-GSEB-GUJ-STD12_ART-ART-B,DRONA_TRUST_GSEB_DPS_2026_2027_GUJ_STD12_ART_ART,GSEB,DPS,GUJ,STD12_ART,ART,B,2026-2027,1,Student cohort for Standard 12 (Arts) ART Division B in 2026-2027.
DPS-2026-GSEB-GUJ-STD12_ART-ART-C,DPS 2026-2027 Gujarati Medium Standard 12 (Arts) ART Division C,DPS-2026-GSEB-GUJ-STD12_ART-ART-C,DRONA_TRUST_GSEB_DPS_2026_2027_GUJ_STD12_ART_ART,GSEB,DPS,GUJ,STD12_ART,ART,C,2026-2027,1,Student cohort for Standard 12 (Arts) ART Division C in 2026-2027.
DPS-2026-GSEB-GUJ-STD12_ART-ART-D,DPS 2026-2027 Gujarati Medium Standard 12 (Arts) ART Division D,DPS-2026-GSEB-GUJ-STD12_ART-ART-D,DRONA_TRUST_GSEB_DPS_2026_2027_GUJ_STD12_ART_ART,GSEB,DPS,GUJ,STD12_ART,ART,D,2026-2027,1,Student cohort for Standard 12 (Arts) ART Division D in 2026-2027.
DPS-2026-GSEB-GUJ-STD12_ART-ART-E,DPS 2026-2027 Gujarati Medium Standard 12 (Arts) ART Division E,DPS-2026-GSEB-GUJ-STD12_ART-ART-E,DRONA_TRUST_GSEB_DPS_2026_2027_GUJ_STD12_ART_ART,GSEB,DPS,GUJ,STD12_ART,ART,E,2026-2027,1,Student cohort for Standard 12 (Arts) ART Division E in 2026-2027.
DPS-2026-GSEB-GUJ-STD12_ART-ART-F,DPS 2026-2027 Gujarati Medium Standard 12 (Arts) ART Division F,DPS-2026-GSEB-GUJ-STD12_ART-ART-F,DRONA_TRUST_GSEB_DPS_2026_2027_GUJ_STD12_ART_ART,GSEB,DPS,GUJ,STD12_ART,ART,F,2026-2027,1,Student cohort for Standard 12 (Arts) ART Division F in 2026-2027.
DPS-2026-GSEB-GUJ-ITI_ELEC-VOC_IND-A,DPS 2026-2027 Gujarati Medium ITI Electrician (Vocational) VOC_IND Division A,DPS-2026-GSEB-GUJ-ITI_ELEC-VOC_IND-A,DRONA_TRUST_GSEB_DPS_2026_2027_GUJ_ITI_ELEC_VOC_IND,GSEB,DPS,GUJ,ITI_ELEC,VOC_IND,A,2026-2027,1,Student cohort for ITI Electrician (Vocational) VOC_IND Division A in 2026-2027.
DPS-2026-GSEB-GUJ-ITI_ELEC-VOC_IND-B,DPS 2026-2027 Gujarati Medium ITI Electrician (Vocational) VOC_IND Division B,DPS-2026-GSEB-GUJ-ITI_ELEC-VOC_IND-B,DRONA_TRUST_GSEB_DPS_2026_2027_GUJ_ITI_ELEC_VOC_IND,GSEB,DPS,GUJ,ITI_ELEC,VOC_IND,B,2026-2027,1,Student cohort for ITI Electrician (Vocational) VOC_IND Division B in 2026-2027.
DPS-2026-GSEB-GUJ-ITI_ELEC-VOC_IND-C,DPS 2026-2027 Gujarati Medium ITI Electrician (Vocational) VOC_IND Division C,DPS-2026-GSEB-GUJ-ITI_ELEC-VOC_IND-C,DRONA_TRUST_GSEB_DPS_2026_2027_GUJ_ITI_ELEC_VOC_IND,GSEB,DPS,GUJ,ITI_ELEC,VOC_IND,C,2026-2027,1,Student cohort for ITI Electrician (Vocational) VOC_IND Division C in 2026-2027.
DPS-2026-GSEB-GUJ-ITI_ELEC-VOC_IND-D,DPS 2026-2027 Gujarati Medium ITI Electrician (Vocational) VOC_IND Division D,DPS-2026-GSEB-GUJ-ITI_ELEC-VOC_IND-D,DRONA_TRUST_GSEB_DPS_2026_2027_GUJ_ITI_ELEC_VOC_IND,GSEB,DPS,GUJ,ITI_ELEC,VOC_IND,D,2026-2027,1,Student cohort for ITI Electrician (Vocational) VOC_IND Division D in 2026-2027.
DPS-2026-GSEB-GUJ-ITI_ELEC-VOC_IND-E,DPS 2026-2027 Gujarati Medium ITI Electrician (Vocational) VOC_IND Division E,DPS-2026-GSEB-GUJ-ITI_ELEC-VOC_IND-E,DRONA_TRUST_GSEB_DPS_2026_2027_GUJ_ITI_ELEC_VOC_IND,GSEB,DPS,GUJ,ITI_ELEC,VOC_IND,E,2026-2027,1,Student cohort for ITI Electrician (Vocational) VOC_IND Division E in 2026-2027.
DPS-2026-GSEB-GUJ-ITI_ELEC-VOC_IND-F,DPS 2026-2027 Gujarati Medium ITI Electrician (Vocational) VOC_IND Division F,DPS-2026-GSEB-GUJ-ITI_ELEC-VOC_IND-F,DRONA_TRUST_GSEB_DPS_2026_2027_GUJ_ITI_ELEC_VOC_IND,GSEB,DPS,GUJ,ITI_ELEC,VOC_IND,F,2026-2027,1,Student cohort for ITI Electrician (Vocational) VOC_IND Division F in 2026-2027.
DPS-2026-GSEB-GUJ-ITI_FIT-VOC_IND-A,DPS 2026-2027 Gujarati Medium ITI Fitter (Vocational) VOC_IND Division A,DPS-2026-GSEB-GUJ-ITI_FIT-VOC_IND-A,DRONA_TRUST_GSEB_DPS_2026_2027_GUJ_ITI_FIT_VOC_IND,GSEB,DPS,GUJ,ITI_FIT,VOC_IND,A,2026-2027,1,Student cohort for ITI Fitter (Vocational) VOC_IND Division A in 2026-2027.
DPS-2026-GSEB-GUJ-ITI_FIT-VOC_IND-B,DPS 2026-2027 Gujarati Medium ITI Fitter (Vocational) VOC_IND Division B,DPS-2026-GSEB-GUJ-ITI_FIT-VOC_IND-B,DRONA_TRUST_GSEB_DPS_2026_2027_GUJ_ITI_FIT_VOC_IND,GSEB,DPS,GUJ,ITI_FIT,VOC_IND,B,2026-2027,1,Student cohort for ITI Fitter (Vocational) VOC_IND Division B in 2026-2027.
DPS-2026-GSEB-GUJ-ITI_FIT-VOC_IND-C,DPS 2026-2027 Gujarati Medium ITI Fitter (Vocational) VOC_IND Division C,DPS-2026-GSEB-GUJ-ITI_FIT-VOC_IND-C,DRONA_TRUST_GSEB_DPS_2026_2027_GUJ_ITI_FIT_VOC_IND,GSEB,DPS,GUJ,ITI_FIT,VOC_IND,C,2026-2027,1,Student cohort for ITI Fitter (Vocational) VOC_IND Division C in 2026-2027.
DPS-2026-GSEB-GUJ-ITI_FIT-VOC_IND-D,DPS 2026-2027 Gujarati Medium ITI Fitter (Vocational) VOC_IND Division D,DPS-2026-GSEB-GUJ-ITI_FIT-VOC_IND-D,DRONA_TRUST_GSEB_DPS_2026_2027_GUJ_ITI_FIT_VOC_IND,GSEB,DPS,GUJ,ITI_FIT,VOC_IND,D,2026-2027,1,Student cohort for ITI Fitter (Vocational) VOC_IND Division D in 2026-2027.
DPS-2026-GSEB-GUJ-ITI_FIT-VOC_IND-E,DPS 2026-2027 Gujarati Medium ITI Fitter (Vocational) VOC_IND Division E,DPS-2026-GSEB-GUJ-ITI_FIT-VOC_IND-E,DRONA_TRUST_GSEB_DPS_2026_2027_GUJ_ITI_FIT_VOC_IND,GSEB,DPS,GUJ,ITI_FIT,VOC_IND,E,2026-2027,1,Student cohort for ITI Fitter (Vocational) VOC_IND Division E in 2026-2027.
DPS-2026-GSEB-GUJ-ITI_FIT-VOC_IND-F,DPS 2026-2027 Gujarati Medium ITI Fitter (Vocational) VOC_IND Division F,DPS-2026-GSEB-GUJ-ITI_FIT-VOC_IND-F,DRONA_TRUST_GSEB_DPS_2026_2027_GUJ_ITI_FIT_VOC_IND,GSEB,DPS,GUJ,ITI_FIT,VOC_IND,F,2026-2027,1,Student cohort for ITI Fitter (Vocational) VOC_IND Division F in 2026-2027.
DPS-2026-GSEB-GUJ-POLY_ME_Y1-ENG-A,DPS 2026-2027 Gujarati Medium Polytechnic Diploma Mechanical - Y1 ENG Division A,DPS-2026-GSEB-GUJ-POLY_ME_Y1-ENG-A,DRONA_TRUST_GSEB_DPS_2026_2027_GUJ_POLY_ME_Y1_ENG,GSEB,DPS,GUJ,POLY_ME_Y1,ENG,A,2026-2027,1,Student cohort for Polytechnic Diploma Mechanical - Y1 ENG Division A in 2026-2027.
DPS-2026-GSEB-GUJ-POLY_ME_Y1-ENG-B,DPS 2026-2027 Gujarati Medium Polytechnic Diploma Mechanical - Y1 ENG Division B,DPS-2026-GSEB-GUJ-POLY_ME_Y1-ENG-B,DRONA_TRUST_GSEB_DPS_2026_2027_GUJ_POLY_ME_Y1_ENG,GSEB,DPS,GUJ,POLY_ME_Y1,ENG,B,2026-2027,1,Student cohort for Polytechnic Diploma Mechanical - Y1 ENG Division B in 2026-2027.
DPS-2026-GSEB-GUJ-POLY_ME_Y1-ENG-C,DPS 2026-2027 Gujarati Medium Polytechnic Diploma Mechanical - Y1 ENG Division C,DPS-2026-GSEB-GUJ-POLY_ME_Y1-ENG-C,DRONA_TRUST_GSEB_DPS_2026_2027_GUJ_POLY_ME_Y1_ENG,GSEB,DPS,GUJ,POLY_ME_Y1,ENG,C,2026-2027,1,Student cohort for Polytechnic Diploma Mechanical - Y1 ENG Division C in 2026-2027.
DPS-2026-GSEB-GUJ-POLY_ME_Y1-ENG-D,DPS 2026-2027 Gujarati Medium Polytechnic Diploma Mechanical - Y1 ENG Division D,DPS-2026-GSEB-GUJ-POLY_ME_Y1-ENG-D,DRONA_TRUST_GSEB_DPS_2026_2027_GUJ_POLY_ME_Y1_ENG,GSEB,DPS,GUJ,POLY_ME_Y1,ENG,D,2026-2027,1,Student cohort for Polytechnic Diploma Mechanical - Y1 ENG Division D in 2026-2027.
DPS-2026-GSEB-GUJ-POLY_ME_Y1-ENG-E,DPS 2026-2027 Gujarati Medium Polytechnic Diploma Mechanical - Y1 ENG Division E,DPS-2026-GSEB-GUJ-POLY_ME_Y1-ENG-E,DRONA_TRUST_GSEB_DPS_2026_2027_GUJ_POLY_ME_Y1_ENG,GSEB,DPS,GUJ,POLY_ME_Y1,ENG,E,2026-2027,1,Student cohort for Polytechnic Diploma Mechanical - Y1 ENG Division E in 2026-2027.
DPS-2026-GSEB-GUJ-POLY_ME_Y1-ENG-F,DPS 2026-2027 Gujarati Medium Polytechnic Diploma Mechanical - Y1 ENG Division F,DPS-2026-GSEB-GUJ-POLY_ME_Y1-ENG-F,DRONA_TRUST_GSEB_DPS_2026_2027_GUJ_POLY_ME_Y1_ENG,GSEB,DPS,GUJ,POLY_ME_Y1,ENG,F,2026-2027,1,Student cohort for Polytechnic Diploma Mechanical - Y1 ENG Division F in 2026-2027.
DPS-2026-GSEB-GUJ-POLY_ME_Y2-ENG-A,DPS 2026-2027 Gujarati Medium Polytechnic Diploma Mechanical - Y2 ENG Division A,DPS-2026-GSEB-GUJ-POLY_ME_Y2-ENG-A,DRONA_TRUST_GSEB_DPS_2026_2027_GUJ_POLY_ME_Y2_ENG,GSEB,DPS,GUJ,POLY_ME_Y2,ENG,A,2026-2027,1,Student cohort for Polytechnic Diploma Mechanical - Y2 ENG Division A in 2026-2027.
DPS-2026-GSEB-GUJ-POLY_ME_Y2-ENG-B,DPS 2026-2027 Gujarati Medium Polytechnic Diploma Mechanical - Y2 ENG Division B,DPS-2026-GSEB-GUJ-POLY_ME_Y2-ENG-B,DRONA_TRUST_GSEB_DPS_2026_2027_GUJ_POLY_ME_Y2_ENG,GSEB,DPS,GUJ,POLY_ME_Y2,ENG,B,2026-2027,1,Student cohort for Polytechnic Diploma Mechanical - Y2 ENG Division B in 2026-2027.
DPS-2026-GSEB-GUJ-POLY_ME_Y2-ENG-C,DPS 2026-2027 Gujarati Medium Polytechnic Diploma Mechanical - Y2 ENG Division C,DPS-2026-GSEB-GUJ-POLY_ME_Y2-ENG-C,DRONA_TRUST_GSEB_DPS_2026_2027_GUJ_POLY_ME_Y2_ENG,GSEB,DPS,GUJ,POLY_ME_Y2,ENG,C,2026-2027,1,Student cohort for Polytechnic Diploma Mechanical - Y2 ENG Division C in 2026-2027.
DPS-2026-GSEB-GUJ-POLY_ME_Y2-ENG-D,DPS 2026-2027 Gujarati Medium Polytechnic Diploma Mechanical - Y2 ENG Division D,DPS-2026-GSEB-GUJ-POLY_ME_Y2-ENG-D,DRONA_TRUST_GSEB_DPS_2026_2027_GUJ_POLY_ME_Y2_ENG,GSEB,DPS,GUJ,POLY_ME_Y2,ENG,D,2026-2027,1,Student cohort for Polytechnic Diploma Mechanical - Y2 ENG Division D in 2026-2027.
DPS-2026-GSEB-GUJ-POLY_ME_Y2-ENG-E,DPS 2026-2027 Gujarati Medium Polytechnic Diploma Mechanical - Y2 ENG Division E,DPS-2026-GSEB-GUJ-POLY_ME_Y2-ENG-E,DRONA_TRUST_GSEB_DPS_2026_2027_GUJ_POLY_ME_Y2_ENG,GSEB,DPS,GUJ,POLY_ME_Y2,ENG,E,2026-2027,1,Student cohort for Polytechnic Diploma Mechanical - Y2 ENG Division E in 2026-2027.
DPS-2026-GSEB-GUJ-POLY_ME_Y2-ENG-F,DPS 2026-2027 Gujarati Medium Polytechnic Diploma Mechanical - Y2 ENG Division F,DPS-2026-GSEB-GUJ-POLY_ME_Y2-ENG-F,DRONA_TRUST_GSEB_DPS_2026_2027_GUJ_POLY_ME_Y2_ENG,GSEB,DPS,GUJ,POLY_ME_Y2,ENG,F,2026-2027,1,Student cohort for Polytechnic Diploma Mechanical - Y2 ENG Division F in 2026-2027.
DPS-2026-GSEB-GUJ-POLY_ME_Y3-ENG-A,DPS 2026-2027 Gujarati Medium Polytechnic Diploma Mechanical - Y3 ENG Division A,DPS-2026-GSEB-GUJ-POLY_ME_Y3-ENG-A,DRONA_TRUST_GSEB_DPS_2026_2027_GUJ_POLY_ME_Y3_ENG,GSEB,DPS,GUJ,POLY_ME_Y3,ENG,A,2026-2027,1,Student cohort for Polytechnic Diploma Mechanical - Y3 ENG Division A in 2026-2027.
DPS-2026-GSEB-GUJ-POLY_ME_Y3-ENG-B,DPS 2026-2027 Gujarati Medium Polytechnic Diploma Mechanical - Y3 ENG Division B,DPS-2026-GSEB-GUJ-POLY_ME_Y3-ENG-B,DRONA_TRUST_GSEB_DPS_2026_2027_GUJ_POLY_ME_Y3_ENG,GSEB,DPS,GUJ,POLY_ME_Y3,ENG,B,2026-2027,1,Student cohort for Polytechnic Diploma Mechanical - Y3 ENG Division B in 2026-2027.
DPS-2026-GSEB-GUJ-POLY_ME_Y3-ENG-C,DPS 2026-2027 Gujarati Medium Polytechnic Diploma Mechanical - Y3 ENG Division C,DPS-2026-GSEB-GUJ-POLY_ME_Y3-ENG-C,DRONA_TRUST_GSEB_DPS_2026_2027_GUJ_POLY_ME_Y3_ENG,GSEB,DPS,GUJ,POLY_ME_Y3,ENG,C,2026-2027,1,Student cohort for Polytechnic Diploma Mechanical - Y3 ENG Division C in 2026-2027.
DPS-2026-GSEB-GUJ-POLY_ME_Y3-ENG-D,DPS 2026-2027 Gujarati Medium Polytechnic Diploma Mechanical - Y3 ENG Division D,DPS-2026-GSEB-GUJ-POLY_ME_Y3-ENG-D,DRONA_TRUST_GSEB_DPS_2026_2027_GUJ_POLY_ME_Y3_ENG,GSEB,DPS,GUJ,POLY_ME_Y3,ENG,D,2026-2027,1,Student cohort for Polytechnic Diploma Mechanical - Y3 ENG Division D in 2026-2027.
DPS-2026-GSEB-GUJ-POLY_ME_Y3-ENG-E,DPS 2026-2027 Gujarati Medium Polytechnic Diploma Mechanical - Y3 ENG Division E,DPS-2026-GSEB-GUJ-POLY_ME_Y3-ENG-E,DRONA_TRUST_GSEB_DPS_2026_2027_GUJ_POLY_ME_Y3_ENG,GSEB,DPS,GUJ,POLY_ME_Y3,ENG,E,2026-2027,1,Student cohort for Polytechnic Diploma Mechanical - Y3 ENG Division E in 2026-2027.
DPS-2026-GSEB-GUJ-POLY_ME_Y3-ENG-F,DPS 2026-2027 Gujarati Medium Polytechnic Diploma Mechanical - Y3 ENG Division F,DPS-2026-GSEB-GUJ-POLY_ME_Y3-ENG-F,DRONA_TRUST_GSEB_DPS_2026_2027_GUJ_POLY_ME_Y3_ENG,GSEB,DPS,GUJ,POLY_ME_Y3,ENG,F,2026-2027,1,Student cohort for Polytechnic Diploma Mechanical - Y3 ENG Division F in 2026-2027.
DPS-2026-GSEB-GUJ-POLY_CE_Y1-ENG-A,DPS 2026-2027 Gujarati Medium Polytechnic Diploma Civil - Y1 ENG Division A,DPS-2026-GSEB-GUJ-POLY_CE_Y1-ENG-A,DRONA_TRUST_GSEB_DPS_2026_2027_GUJ_POLY_CE_Y1_ENG,GSEB,DPS,GUJ,POLY_CE_Y1,ENG,A,2026-2027,1,Student cohort for Polytechnic Diploma Civil - Y1 ENG Division A in 2026-2027.
DPS-2026-GSEB-GUJ-POLY_CE_Y1-ENG-B,DPS 2026-2027 Gujarati Medium Polytechnic Diploma Civil - Y1 ENG Division B,DPS-2026-GSEB-GUJ-POLY_CE_Y1-ENG-B,DRONA_TRUST_GSEB_DPS_2026_2027_GUJ_POLY_CE_Y1_ENG,GSEB,DPS,GUJ,POLY_CE_Y1,ENG,B,2026-2027,1,Student cohort for Polytechnic Diploma Civil - Y1 ENG Division B in 2026-2027.
DPS-2026-GSEB-GUJ-POLY_CE_Y1-ENG-C,DPS 2026-2027 Gujarati Medium Polytechnic Diploma Civil - Y1 ENG Division C,DPS-2026-GSEB-GUJ-POLY_CE_Y1-ENG-C,DRONA_TRUST_GSEB_DPS_2026_2027_GUJ_POLY_CE_Y1_ENG,GSEB,DPS,GUJ,POLY_CE_Y1,ENG,C,2026-2027,1,Student cohort for Polytechnic Diploma Civil - Y1 ENG Division C in 2026-2027.
DPS-2026-GSEB-GUJ-POLY_CE_Y1-ENG-D,DPS 2026-2027 Gujarati Medium Polytechnic Diploma Civil - Y1 ENG Division D,DPS-2026-GSEB-GUJ-POLY_CE_Y1-ENG-D,DRONA_TRUST_GSEB_DPS_2026_2027_GUJ_POLY_CE_Y1_ENG,GSEB,DPS,GUJ,POLY_CE_Y1,ENG,D,2026-2027,1,Student cohort for Polytechnic Diploma Civil - Y1 ENG Division D in 2026-2027.
DPS-2026-GSEB-GUJ-POLY_CE_Y1-ENG-E,DPS 2026-2027 Gujarati Medium Polytechnic Diploma Civil - Y1 ENG Division E,DPS-2026-GSEB-GUJ-POLY_CE_Y1-ENG-E,DRONA_TRUST_GSEB_DPS_2026_2027_GUJ_POLY_CE_Y1_ENG,GSEB,DPS,GUJ,POLY_CE_Y1,ENG,E,2026-2027,1,Student cohort for Polytechnic Diploma Civil - Y1 ENG Division E in 2026-2027.
DPS-2026-GSEB-GUJ-POLY_CE_Y1-ENG-F,DPS 2026-2027 Gujarati Medium Polytechnic Diploma Civil - Y1 ENG Division F,DPS-2026-GSEB-GUJ-POLY_CE_Y1-ENG-F,DRONA_TRUST_GSEB_DPS_2026_2027_GUJ_POLY_CE_Y1_ENG,GSEB,DPS,GUJ,POLY_CE_Y1,ENG,F,2026-2027,1,Student cohort for Polytechnic Diploma Civil - Y1 ENG Division F in 2026-2027.
DPS-2026-GSEB-GUJ-POLY_CE_Y2-ENG-A,DPS 2026-2027 Gujarati Medium Polytechnic Diploma Civil - Y2 ENG Division A,DPS-2026-GSEB-GUJ-POLY_CE_Y2-ENG-A,DRONA_TRUST_GSEB_DPS_2026_2027_GUJ_POLY_CE_Y2_ENG,GSEB,DPS,GUJ,POLY_CE_Y2,ENG,A,2026-2027,1,Student cohort for Polytechnic Diploma Civil - Y2 ENG Division A in 2026-2027.
DPS-2026-GSEB-GUJ-POLY_CE_Y2-ENG-B,DPS 2026-2027 Gujarati Medium Polytechnic Diploma Civil - Y2 ENG Division B,DPS-2026-GSEB-GUJ-POLY_CE_Y2-ENG-B,DRONA_TRUST_GSEB_DPS_2026_2027_GUJ_POLY_CE_Y2_ENG,GSEB,DPS,GUJ,POLY_CE_Y2,ENG,B,2026-2027,1,Student cohort for Polytechnic Diploma Civil - Y2 ENG Division B in 2026-2027.
DPS-2026-GSEB-GUJ-POLY_CE_Y2-ENG-C,DPS 2026-2027 Gujarati Medium Polytechnic Diploma Civil - Y2 ENG Division C,DPS-2026-GSEB-GUJ-POLY_CE_Y2-ENG-C,DRONA_TRUST_GSEB_DPS_2026_2027_GUJ_POLY_CE_Y2_ENG,GSEB,DPS,GUJ,POLY_CE_Y2,ENG,C,2026-2027,1,Student cohort for Polytechnic Diploma Civil - Y2 ENG Division C in 2026-2027.
DPS-2026-GSEB-GUJ-POLY_CE_Y2-ENG-D,DPS 2026-2027 Gujarati Medium Polytechnic Diploma Civil - Y2 ENG Division D,DPS-2026-GSEB-GUJ-POLY_CE_Y2-ENG-D,DRONA_TRUST_GSEB_DPS_2026_2027_GUJ_POLY_CE_Y2_ENG,GSEB,DPS,GUJ,POLY_CE_Y2,ENG,D,2026-2027,1,Student cohort for Polytechnic Diploma Civil - Y2 ENG Division D in 2026-2027.
DPS-2026-GSEB-GUJ-POLY_CE_Y2-ENG-E,DPS 2026-2027 Gujarati Medium Polytechnic Diploma Civil - Y2 ENG Division E,DPS-2026-GSEB-GUJ-POLY_CE_Y2-ENG-E,DRONA_TRUST_GSEB_DPS_2026_2027_GUJ_POLY_CE_Y2_ENG,GSEB,DPS,GUJ,POLY_CE_Y2,ENG,E,2026-2027,1,Student cohort for Polytechnic Diploma Civil - Y2 ENG Division E in 2026-2027.
DPS-2026-GSEB-GUJ-POLY_CE_Y2-ENG-F,DPS 2026-2027 Gujarati Medium Polytechnic Diploma Civil - Y2 ENG Division F,DPS-2026-GSEB-GUJ-POLY_CE_Y2-ENG-F,DRONA_TRUST_GSEB_DPS_2026_2027_GUJ_POLY_CE_Y2_ENG,GSEB,DPS,GUJ,POLY_CE_Y2,ENG,F,2026-2027,1,Student cohort for Polytechnic Diploma Civil - Y2 ENG Division F in 2026-2027.
DPS-2026-GSEB-GUJ-POLY_CE_Y3-ENG-A,DPS 2026-2027 Gujarati Medium Polytechnic Diploma Civil - Y3 ENG Division A,DPS-2026-GSEB-GUJ-POLY_CE_Y3-ENG-A,DRONA_TRUST_GSEB_DPS_2026_2027_GUJ_POLY_CE_Y3_ENG,GSEB,DPS,GUJ,POLY_CE_Y3,ENG,A,2026-2027,1,Student cohort for Polytechnic Diploma Civil - Y3 ENG Division A in 2026-2027.
DPS-2026-GSEB-GUJ-POLY_CE_Y3-ENG-B,DPS 2026-2027 Gujarati Medium Polytechnic Diploma Civil - Y3 ENG Division B,DPS-2026-GSEB-GUJ-POLY_CE_Y3-ENG-B,DRONA_TRUST_GSEB_DPS_2026_2027_GUJ_POLY_CE_Y3_ENG,GSEB,DPS,GUJ,POLY_CE_Y3,ENG,B,2026-2027,1,Student cohort for Polytechnic Diploma Civil - Y3 ENG Division B in 2026-2027.
DPS-2026-GSEB-GUJ-POLY_CE_Y3-ENG-C,DPS 2026-2027 Gujarati Medium Polytechnic Diploma Civil - Y3 ENG Division C,DPS-2026-GSEB-GUJ-POLY_CE_Y3-ENG-C,DRONA_TRUST_GSEB_DPS_2026_2027_GUJ_POLY_CE_Y3_ENG,GSEB,DPS,GUJ,POLY_CE_Y3,ENG,C,2026-2027,1,Student cohort for Polytechnic Diploma Civil - Y3 ENG Division C in 2026-2027.
DPS-2026-GSEB-GUJ-POLY_CE_Y3-ENG-D,DPS 2026-2027 Gujarati Medium Polytechnic Diploma Civil - Y3 ENG Division D,DPS-2026-GSEB-GUJ-POLY_CE_Y3-ENG-D,DRONA_TRUST_GSEB_DPS_2026_2027_GUJ_POLY_CE_Y3_ENG,GSEB,DPS,GUJ,POLY_CE_Y3,ENG,D,2026-2027,1,Student cohort for Polytechnic Diploma Civil - Y3 ENG Division D in 2026-2027.
DPS-2026-GSEB-GUJ-POLY_CE_Y3-ENG-E,DPS 2026-2027 Gujarati Medium Polytechnic Diploma Civil - Y3 ENG Division E,DPS-2026-GSEB-GUJ-POLY_CE_Y3-ENG-E,DRONA_TRUST_GSEB_DPS_2026_2027_GUJ_POLY_CE_Y3_ENG,GSEB,DPS,GUJ,POLY_CE_Y3,ENG,E,2026-2027,1,Student cohort for Polytechnic Diploma Civil - Y3 ENG Division E in 2026-2027.
DPS-2026-GSEB-GUJ-POLY_CE_Y3-ENG-F,DPS 2026-2027 Gujarati Medium Polytechnic Diploma Civil - Y3 ENG Division F,DPS-2026-GSEB-GUJ-POLY_CE_Y3-ENG-F,DRONA_TRUST_GSEB_DPS_2026_2027_GUJ_POLY_CE_Y3_ENG,GSEB,DPS,GUJ,POLY_CE_Y3,ENG,F,2026-2027,1,Student cohort for Polytechnic Diploma Civil - Y3 ENG Division F in 2026-2027.
DPS-2026-GSEB-GUJ-NUR_GNM_Y1-NUR-A,DPS 2026-2027 Gujarati Medium GNM (General Nursing & Midwifery) - Y1 NUR Division A,DPS-2026-GSEB-GUJ-NUR_GNM_Y1-NUR-A,DRONA_TRUST_GSEB_DPS_2026_2027_GUJ_NUR_GNM_Y1_NUR,GSEB,DPS,GUJ,NUR_GNM_Y1,NUR,A,2026-2027,1,Student cohort for GNM (General Nursing & Midwifery) - Y1 NUR Division A in 2026-2027.
DPS-2026-GSEB-GUJ-NUR_GNM_Y1-NUR-B,DPS 2026-2027 Gujarati Medium GNM (General Nursing & Midwifery) - Y1 NUR Division B,DPS-2026-GSEB-GUJ-NUR_GNM_Y1-NUR-B,DRONA_TRUST_GSEB_DPS_2026_2027_GUJ_NUR_GNM_Y1_NUR,GSEB,DPS,GUJ,NUR_GNM_Y1,NUR,B,2026-2027,1,Student cohort for GNM (General Nursing & Midwifery) - Y1 NUR Division B in 2026-2027.
DPS-2026-GSEB-GUJ-NUR_GNM_Y1-NUR-C,DPS 2026-2027 Gujarati Medium GNM (General Nursing & Midwifery) - Y1 NUR Division C,DPS-2026-GSEB-GUJ-NUR_GNM_Y1-NUR-C,DRONA_TRUST_GSEB_DPS_2026_2027_GUJ_NUR_GNM_Y1_NUR,GSEB,DPS,GUJ,NUR_GNM_Y1,NUR,C,2026-2027,1,Student cohort for GNM (General Nursing & Midwifery) - Y1 NUR Division C in 2026-2027.
DPS-2026-GSEB-GUJ-NUR_GNM_Y1-NUR-D,DPS 2026-2027 Gujarati Medium GNM (General Nursing & Midwifery) - Y1 NUR Division D,DPS-2026-GSEB-GUJ-NUR_GNM_Y1-NUR-D,DRONA_TRUST_GSEB_DPS_2026_2027_GUJ_NUR_GNM_Y1_NUR,GSEB,DPS,GUJ,NUR_GNM_Y1,NUR,D,2026-2027,1,Student cohort for GNM (General Nursing & Midwifery) - Y1 NUR Division D in 2026-2027.
DPS-2026-GSEB-GUJ-NUR_GNM_Y1-NUR-E,DPS 2026-2027 Gujarati Medium GNM (General Nursing & Midwifery) - Y1 NUR Division E,DPS-2026-GSEB-GUJ-NUR_GNM_Y1-NUR-E,DRONA_TRUST_GSEB_DPS_2026_2027_GUJ_NUR_GNM_Y1_NUR,GSEB,DPS,GUJ,NUR_GNM_Y1,NUR,E,2026-2027,1,Student cohort for GNM (General Nursing & Midwifery) - Y1 NUR Division E in 2026-2027.
DPS-2026-GSEB-GUJ-NUR_GNM_Y1-NUR-F,DPS 2026-2027 Gujarati Medium GNM (General Nursing & Midwifery) - Y1 NUR Division F,DPS-2026-GSEB-GUJ-NUR_GNM_Y1-NUR-F,DRONA_TRUST_GSEB_DPS_2026_2027_GUJ_NUR_GNM_Y1_NUR,GSEB,DPS,GUJ,NUR_GNM_Y1,NUR,F,2026-2027,1,Student cohort for GNM (General Nursing & Midwifery) - Y1 NUR Division F in 2026-2027.
DPS-2026-GSEB-GUJ-NUR_GNM_Y2-NUR-A,DPS 2026-2027 Gujarati Medium GNM (General Nursing & Midwifery) - Y2 NUR Division A,DPS-2026-GSEB-GUJ-NUR_GNM_Y2-NUR-A,DRONA_TRUST_GSEB_DPS_2026_2027_GUJ_NUR_GNM_Y2_NUR,GSEB,DPS,GUJ,NUR_GNM_Y2,NUR,A,2026-2027,1,Student cohort for GNM (General Nursing & Midwifery) - Y2 NUR Division A in 2026-2027.
DPS-2026-GSEB-GUJ-NUR_GNM_Y2-NUR-B,DPS 2026-2027 Gujarati Medium GNM (General Nursing & Midwifery) - Y2 NUR Division B,DPS-2026-GSEB-GUJ-NUR_GNM_Y2-NUR-B,DRONA_TRUST_GSEB_DPS_2026_2027_GUJ_NUR_GNM_Y2_NUR,GSEB,DPS,GUJ,NUR_GNM_Y2,NUR,B,2026-2027,1,Student cohort for GNM (General Nursing & Midwifery) - Y2 NUR Division B in 2026-2027.
DPS-2026-GSEB-GUJ-NUR_GNM_Y2-NUR-C,DPS 2026-2027 Gujarati Medium GNM (General Nursing & Midwifery) - Y2 NUR Division C,DPS-2026-GSEB-GUJ-NUR_GNM_Y2-NUR-C,DRONA_TRUST_GSEB_DPS_2026_2027_GUJ_NUR_GNM_Y2_NUR,GSEB,DPS,GUJ,NUR_GNM_Y2,NUR,C,2026-2027,1,Student cohort for GNM (General Nursing & Midwifery) - Y2 NUR Division C in 2026-2027.
DPS-2026-GSEB-GUJ-NUR_GNM_Y2-NUR-D,DPS 2026-2027 Gujarati Medium GNM (General Nursing & Midwifery) - Y2 NUR Division D,DPS-2026-GSEB-GUJ-NUR_GNM_Y2-NUR-D,DRONA_TRUST_GSEB_DPS_2026_2027_GUJ_NUR_GNM_Y2_NUR,GSEB,DPS,GUJ,NUR_GNM_Y2,NUR,D,2026-2027,1,Student cohort for GNM (General Nursing & Midwifery) - Y2 NUR Division D in 2026-2027.
DPS-2026-GSEB-GUJ-NUR_GNM_Y2-NUR-E,DPS 2026-2027 Gujarati Medium GNM (General Nursing & Midwifery) - Y2 NUR Division E,DPS-2026-GSEB-GUJ-NUR_GNM_Y2-NUR-E,DRONA_TRUST_GSEB_DPS_2026_2027_GUJ_NUR_GNM_Y2_NUR,GSEB,DPS,GUJ,NUR_GNM_Y2,NUR,E,2026-2027,1,Student cohort for GNM (General Nursing & Midwifery) - Y2 NUR Division E in 2026-2027.
DPS-2026-GSEB-GUJ-NUR_GNM_Y2-NUR-F,DPS 2026-2027 Gujarati Medium GNM (General Nursing & Midwifery) - Y2 NUR Division F,DPS-2026-GSEB-GUJ-NUR_GNM_Y2-NUR-F,DRONA_TRUST_GSEB_DPS_2026_2027_GUJ_NUR_GNM_Y2_NUR,GSEB,DPS,GUJ,NUR_GNM_Y2,NUR,F,2026-2027,1,Student cohort for GNM (General Nursing & Midwifery) - Y2 NUR Division F in 2026-2027.
DPS-2026-GSEB-GUJ-UNI_UG_CSE_Y1-ENG-A,DPS 2026-2027 Gujarati Medium B.Tech Computer Science (AI/ML) - Y1 ENG Division A,DPS-2026-GSEB-GUJ-UNI_UG_CSE_Y1-ENG-A,DRONA_TRUST_GSEB_DPS_2026_2027_GUJ_UNI_UG_CSE_Y1_ENG,GSEB,DPS,GUJ,UNI_UG_CSE_Y1,ENG,A,2026-2027,1,Student cohort for B.Tech Computer Science (AI/ML) - Y1 ENG Division A in 2026-2027.
DPS-2026-GSEB-GUJ-UNI_UG_CSE_Y1-ENG-B,DPS 2026-2027 Gujarati Medium B.Tech Computer Science (AI/ML) - Y1 ENG Division B,DPS-2026-GSEB-GUJ-UNI_UG_CSE_Y1-ENG-B,DRONA_TRUST_GSEB_DPS_2026_2027_GUJ_UNI_UG_CSE_Y1_ENG,GSEB,DPS,GUJ,UNI_UG_CSE_Y1,ENG,B,2026-2027,1,Student cohort for B.Tech Computer Science (AI/ML) - Y1 ENG Division B in 2026-2027.
DPS-2026-GSEB-GUJ-UNI_UG_CSE_Y1-ENG-C,DPS 2026-2027 Gujarati Medium B.Tech Computer Science (AI/ML) - Y1 ENG Division C,DPS-2026-GSEB-GUJ-UNI_UG_CSE_Y1-ENG-C,DRONA_TRUST_GSEB_DPS_2026_2027_GUJ_UNI_UG_CSE_Y1_ENG,GSEB,DPS,GUJ,UNI_UG_CSE_Y1,ENG,C,2026-2027,1,Student cohort for B.Tech Computer Science (AI/ML) - Y1 ENG Division C in 2026-2027.
DPS-2026-GSEB-GUJ-UNI_UG_CSE_Y1-ENG-D,DPS 2026-2027 Gujarati Medium B.Tech Computer Science (AI/ML) - Y1 ENG Division D,DPS-2026-GSEB-GUJ-UNI_UG_CSE_Y1-ENG-D,DRONA_TRUST_GSEB_DPS_2026_2027_GUJ_UNI_UG_CSE_Y1_ENG,GSEB,DPS,GUJ,UNI_UG_CSE_Y1,ENG,D,2026-2027,1,Student cohort for B.Tech Computer Science (AI/ML) - Y1 ENG Division D in 2026-2027.
DPS-2026-GSEB-GUJ-UNI_UG_CSE_Y1-ENG-E,DPS 2026-2027 Gujarati Medium B.Tech Computer Science (AI/ML) - Y1 ENG Division E,DPS-2026-GSEB-GUJ-UNI_UG_CSE_Y1-ENG-E,DRONA_TRUST_GSEB_DPS_2026_2027_GUJ_UNI_UG_CSE_Y1_ENG,GSEB,DPS,GUJ,UNI_UG_CSE_Y1,ENG,E,2026-2027,1,Student cohort for B.Tech Computer Science (AI/ML) - Y1 ENG Division E in 2026-2027.
DPS-2026-GSEB-GUJ-UNI_UG_CSE_Y1-ENG-F,DPS 2026-2027 Gujarati Medium B.Tech Computer Science (AI/ML) - Y1 ENG Division F,DPS-2026-GSEB-GUJ-UNI_UG_CSE_Y1-ENG-F,DRONA_TRUST_GSEB_DPS_2026_2027_GUJ_UNI_UG_CSE_Y1_ENG,GSEB,DPS,GUJ,UNI_UG_CSE_Y1,ENG,F,2026-2027,1,Student cohort for B.Tech Computer Science (AI/ML) - Y1 ENG Division F in 2026-2027.
DPS-2026-GSEB-GUJ-UNI_UG_CSE_Y2-ENG-A,DPS 2026-2027 Gujarati Medium B.Tech Computer Science (AI/ML) - Y2 ENG Division A,DPS-2026-GSEB-GUJ-UNI_UG_CSE_Y2-ENG-A,DRONA_TRUST_GSEB_DPS_2026_2027_GUJ_UNI_UG_CSE_Y2_ENG,GSEB,DPS,GUJ,UNI_UG_CSE_Y2,ENG,A,2026-2027,1,Student cohort for B.Tech Computer Science (AI/ML) - Y2 ENG Division A in 2026-2027.
DPS-2026-GSEB-GUJ-UNI_UG_CSE_Y2-ENG-B,DPS 2026-2027 Gujarati Medium B.Tech Computer Science (AI/ML) - Y2 ENG Division B,DPS-2026-GSEB-GUJ-UNI_UG_CSE_Y2-ENG-B,DRONA_TRUST_GSEB_DPS_2026_2027_GUJ_UNI_UG_CSE_Y2_ENG,GSEB,DPS,GUJ,UNI_UG_CSE_Y2,ENG,B,2026-2027,1,Student cohort for B.Tech Computer Science (AI/ML) - Y2 ENG Division B in 2026-2027.
DPS-2026-GSEB-GUJ-UNI_UG_CSE_Y2-ENG-C,DPS 2026-2027 Gujarati Medium B.Tech Computer Science (AI/ML) - Y2 ENG Division C,DPS-2026-GSEB-GUJ-UNI_UG_CSE_Y2-ENG-C,DRONA_TRUST_GSEB_DPS_2026_2027_GUJ_UNI_UG_CSE_Y2_ENG,GSEB,DPS,GUJ,UNI_UG_CSE_Y2,ENG,C,2026-2027,1,Student cohort for B.Tech Computer Science (AI/ML) - Y2 ENG Division C in 2026-2027.
DPS-2026-GSEB-GUJ-UNI_UG_CSE_Y2-ENG-D,DPS 2026-2027 Gujarati Medium B.Tech Computer Science (AI/ML) - Y2 ENG Division D,DPS-2026-GSEB-GUJ-UNI_UG_CSE_Y2-ENG-D,DRONA_TRUST_GSEB_DPS_2026_2027_GUJ_UNI_UG_CSE_Y2_ENG,GSEB,DPS,GUJ,UNI_UG_CSE_Y2,ENG,D,2026-2027,1,Student cohort for B.Tech Computer Science (AI/ML) - Y2 ENG Division D in 2026-2027.
DPS-2026-GSEB-GUJ-UNI_UG_CSE_Y2-ENG-E,DPS 2026-2027 Gujarati Medium B.Tech Computer Science (AI/ML) - Y2 ENG Division E,DPS-2026-GSEB-GUJ-UNI_UG_CSE_Y2-ENG-E,DRONA_TRUST_GSEB_DPS_2026_2027_GUJ_UNI_UG_CSE_Y2_ENG,GSEB,DPS,GUJ,UNI_UG_CSE_Y2,ENG,E,2026-2027,1,Student cohort for B.Tech Computer Science (AI/ML) - Y2 ENG Division E in 2026-2027.
DPS-2026-GSEB-GUJ-UNI_UG_CSE_Y2-ENG-F,DPS 2026-2027 Gujarati Medium B.Tech Computer Science (AI/ML) - Y2 ENG Division F,DPS-2026-GSEB-GUJ-UNI_UG_CSE_Y2-ENG-F,DRONA_TRUST_GSEB_DPS_2026_2027_GUJ_UNI_UG_CSE_Y2_ENG,GSEB,DPS,GUJ,UNI_UG_CSE_Y2,ENG,F,2026-2027,1,Student cohort for B.Tech Computer Science (AI/ML) - Y2 ENG Division F in 2026-2027.
DPS-2026-GSEB-GUJ-UNI_UG_CSE_Y3-ENG-A,DPS 2026-2027 Gujarati Medium B.Tech Computer Science (AI/ML) - Y3 ENG Division A,DPS-2026-GSEB-GUJ-UNI_UG_CSE_Y3-ENG-A,DRONA_TRUST_GSEB_DPS_2026_2027_GUJ_UNI_UG_CSE_Y3_ENG,GSEB,DPS,GUJ,UNI_UG_CSE_Y3,ENG,A,2026-2027,1,Student cohort for B.Tech Computer Science (AI/ML) - Y3 ENG Division A in 2026-2027.
DPS-2026-GSEB-GUJ-UNI_UG_CSE_Y3-ENG-B,DPS 2026-2027 Gujarati Medium B.Tech Computer Science (AI/ML) - Y3 ENG Division B,DPS-2026-GSEB-GUJ-UNI_UG_CSE_Y3-ENG-B,DRONA_TRUST_GSEB_DPS_2026_2027_GUJ_UNI_UG_CSE_Y3_ENG,GSEB,DPS,GUJ,UNI_UG_CSE_Y3,ENG,B,2026-2027,1,Student cohort for B.Tech Computer Science (AI/ML) - Y3 ENG Division B in 2026-2027.
DPS-2026-GSEB-GUJ-UNI_UG_CSE_Y3-ENG-C,DPS 2026-2027 Gujarati Medium B.Tech Computer Science (AI/ML) - Y3 ENG Division C,DPS-2026-GSEB-GUJ-UNI_UG_CSE_Y3-ENG-C,DRONA_TRUST_GSEB_DPS_2026_2027_GUJ_UNI_UG_CSE_Y3_ENG,GSEB,DPS,GUJ,UNI_UG_CSE_Y3,ENG,C,2026-2027,1,Student cohort for B.Tech Computer Science (AI/ML) - Y3 ENG Division C in 2026-2027.
DPS-2026-GSEB-GUJ-UNI_UG_CSE_Y3-ENG-D,DPS 2026-2027 Gujarati Medium B.Tech Computer Science (AI/ML) - Y3 ENG Division D,DPS-2026-GSEB-GUJ-UNI_UG_CSE_Y3-ENG-D,DRONA_TRUST_GSEB_DPS_2026_2027_GUJ_UNI_UG_CSE_Y3_ENG,GSEB,DPS,GUJ,UNI_UG_CSE_Y3,ENG,D,2026-2027,1,Student cohort for B.Tech Computer Science (AI/ML) - Y3 ENG Division D in 2026-2027.
DPS-2026-GSEB-GUJ-UNI_UG_CSE_Y3-ENG-E,DPS 2026-2027 Gujarati Medium B.Tech Computer Science (AI/ML) - Y3 ENG Division E,DPS-2026-GSEB-GUJ-UNI_UG_CSE_Y3-ENG-E,DRONA_TRUST_GSEB_DPS_2026_2027_GUJ_UNI_UG_CSE_Y3_ENG,GSEB,DPS,GUJ,UNI_UG_CSE_Y3,ENG,E,2026-2027,1,Student cohort for B.Tech Computer Science (AI/ML) - Y3 ENG Division E in 2026-2027.
DPS-2026-GSEB-GUJ-UNI_UG_CSE_Y3-ENG-F,DPS 2026-2027 Gujarati Medium B.Tech Computer Science (AI/ML) - Y3 ENG Division F,DPS-2026-GSEB-GUJ-UNI_UG_CSE_Y3-ENG-F,DRONA_TRUST_GSEB_DPS_2026_2027_GUJ_UNI_UG_CSE_Y3_ENG,GSEB,DPS,GUJ,UNI_UG_CSE_Y3,ENG,F,2026-2027,1,Student cohort for B.Tech Computer Science (AI/ML) - Y3 ENG Division F in 2026-2027.
DPS-2026-GSEB-GUJ-UNI_UG_CSE_Y4-ENG-A,DPS 2026-2027 Gujarati Medium B.Tech Computer Science (AI/ML) - Y4 ENG Division A,DPS-2026-GSEB-GUJ-UNI_UG_CSE_Y4-ENG-A,DRONA_TRUST_GSEB_DPS_2026_2027_GUJ_UNI_UG_CSE_Y4_ENG,GSEB,DPS,GUJ,UNI_UG_CSE_Y4,ENG,A,2026-2027,1,Student cohort for B.Tech Computer Science (AI/ML) - Y4 ENG Division A in 2026-2027.
DPS-2026-GSEB-GUJ-UNI_UG_CSE_Y4-ENG-B,DPS 2026-2027 Gujarati Medium B.Tech Computer Science (AI/ML) - Y4 ENG Division B,DPS-2026-GSEB-GUJ-UNI_UG_CSE_Y4-ENG-B,DRONA_TRUST_GSEB_DPS_2026_2027_GUJ_UNI_UG_CSE_Y4_ENG,GSEB,DPS,GUJ,UNI_UG_CSE_Y4,ENG,B,2026-2027,1,Student cohort for B.Tech Computer Science (AI/ML) - Y4 ENG Division B in 2026-2027.
DPS-2026-GSEB-GUJ-UNI_UG_CSE_Y4-ENG-C,DPS 2026-2027 Gujarati Medium B.Tech Computer Science (AI/ML) - Y4 ENG Division C,DPS-2026-GSEB-GUJ-UNI_UG_CSE_Y4-ENG-C,DRONA_TRUST_GSEB_DPS_2026_2027_GUJ_UNI_UG_CSE_Y4_ENG,GSEB,DPS,GUJ,UNI_UG_CSE_Y4,ENG,C,2026-2027,1,Student cohort for B.Tech Computer Science (AI/ML) - Y4 ENG Division C in 2026-2027.
DPS-2026-GSEB-GUJ-UNI_UG_CSE_Y4-ENG-D,DPS 2026-2027 Gujarati Medium B.Tech Computer Science (AI/ML) - Y4 ENG Division D,DPS-2026-GSEB-GUJ-UNI_UG_CSE_Y4-ENG-D,DRONA_TRUST_GSEB_DPS_2026_2027_GUJ_UNI_UG_CSE_Y4_ENG,GSEB,DPS,GUJ,UNI_UG_CSE_Y4,ENG,D,2026-2027,1,Student cohort for B.Tech Computer Science (AI/ML) - Y4 ENG Division D in 2026-2027.
DPS-2026-GSEB-GUJ-UNI_UG_CSE_Y4-ENG-E,DPS 2026-2027 Gujarati Medium B.Tech Computer Science (AI/ML) - Y4 ENG Division E,DPS-2026-GSEB-GUJ-UNI_UG_CSE_Y4-ENG-E,DRONA_TRUST_GSEB_DPS_2026_2027_GUJ_UNI_UG_CSE_Y4_ENG,GSEB,DPS,GUJ,UNI_UG_CSE_Y4,ENG,E,2026-2027,1,Student cohort for B.Tech Computer Science (AI/ML) - Y4 ENG Division E in 2026-2027.
DPS-2026-GSEB-GUJ-UNI_UG_CSE_Y4-ENG-F,DPS 2026-2027 Gujarati Medium B.Tech Computer Science (AI/ML) - Y4 ENG Division F,DPS-2026-GSEB-GUJ-UNI_UG_CSE_Y4-ENG-F,DRONA_TRUST_GSEB_DPS_2026_2027_GUJ_UNI_UG_CSE_Y4_ENG,GSEB,DPS,GUJ,UNI_UG_CSE_Y4,ENG,F,2026-2027,1,Student cohort for B.Tech Computer Science (AI/ML) - Y4 ENG Division F in 2026-2027.
DPS-2026-GSEB-GUJ-UNI_UG_DS_Y1-SCI-A,DPS 2026-2027 Gujarati Medium B.Sc Data Science & Analytics - Y1 SCI Division A,DPS-2026-GSEB-GUJ-UNI_UG_DS_Y1-SCI-A,DRONA_TRUST_GSEB_DPS_2026_2027_GUJ_UNI_UG_DS_Y1_SCI,GSEB,DPS,GUJ,UNI_UG_DS_Y1,SCI,A,2026-2027,1,Student cohort for B.Sc Data Science & Analytics - Y1 SCI Division A in 2026-2027.
DPS-2026-GSEB-GUJ-UNI_UG_DS_Y1-SCI-B,DPS 2026-2027 Gujarati Medium B.Sc Data Science & Analytics - Y1 SCI Division B,DPS-2026-GSEB-GUJ-UNI_UG_DS_Y1-SCI-B,DRONA_TRUST_GSEB_DPS_2026_2027_GUJ_UNI_UG_DS_Y1_SCI,GSEB,DPS,GUJ,UNI_UG_DS_Y1,SCI,B,2026-2027,1,Student cohort for B.Sc Data Science & Analytics - Y1 SCI Division B in 2026-2027.
DPS-2026-GSEB-GUJ-UNI_UG_DS_Y1-SCI-C,DPS 2026-2027 Gujarati Medium B.Sc Data Science & Analytics - Y1 SCI Division C,DPS-2026-GSEB-GUJ-UNI_UG_DS_Y1-SCI-C,DRONA_TRUST_GSEB_DPS_2026_2027_GUJ_UNI_UG_DS_Y1_SCI,GSEB,DPS,GUJ,UNI_UG_DS_Y1,SCI,C,2026-2027,1,Student cohort for B.Sc Data Science & Analytics - Y1 SCI Division C in 2026-2027.
DPS-2026-GSEB-GUJ-UNI_UG_DS_Y1-SCI-D,DPS 2026-2027 Gujarati Medium B.Sc Data Science & Analytics - Y1 SCI Division D,DPS-2026-GSEB-GUJ-UNI_UG_DS_Y1-SCI-D,DRONA_TRUST_GSEB_DPS_2026_2027_GUJ_UNI_UG_DS_Y1_SCI,GSEB,DPS,GUJ,UNI_UG_DS_Y1,SCI,D,2026-2027,1,Student cohort for B.Sc Data Science & Analytics - Y1 SCI Division D in 2026-2027.
DPS-2026-GSEB-GUJ-UNI_UG_DS_Y1-SCI-E,DPS 2026-2027 Gujarati Medium B.Sc Data Science & Analytics - Y1 SCI Division E,DPS-2026-GSEB-GUJ-UNI_UG_DS_Y1-SCI-E,DRONA_TRUST_GSEB_DPS_2026_2027_GUJ_UNI_UG_DS_Y1_SCI,GSEB,DPS,GUJ,UNI_UG_DS_Y1,SCI,E,2026-2027,1,Student cohort for B.Sc Data Science & Analytics - Y1 SCI Division E in 2026-2027.
DPS-2026-GSEB-GUJ-UNI_UG_DS_Y1-SCI-F,DPS 2026-2027 Gujarati Medium B.Sc Data Science & Analytics - Y1 SCI Division F,DPS-2026-GSEB-GUJ-UNI_UG_DS_Y1-SCI-F,DRONA_TRUST_GSEB_DPS_2026_2027_GUJ_UNI_UG_DS_Y1_SCI,GSEB,DPS,GUJ,UNI_UG_DS_Y1,SCI,F,2026-2027,1,Student cohort for B.Sc Data Science & Analytics - Y1 SCI Division F in 2026-2027.
DPS-2026-GSEB-GUJ-UNI_UG_DS_Y2-SCI-A,DPS 2026-2027 Gujarati Medium B.Sc Data Science & Analytics - Y2 SCI Division A,DPS-2026-GSEB-GUJ-UNI_UG_DS_Y2-SCI-A,DRONA_TRUST_GSEB_DPS_2026_2027_GUJ_UNI_UG_DS_Y2_SCI,GSEB,DPS,GUJ,UNI_UG_DS_Y2,SCI,A,2026-2027,1,Student cohort for B.Sc Data Science & Analytics - Y2 SCI Division A in 2026-2027.
DPS-2026-GSEB-GUJ-UNI_UG_DS_Y2-SCI-B,DPS 2026-2027 Gujarati Medium B.Sc Data Science & Analytics - Y2 SCI Division B,DPS-2026-GSEB-GUJ-UNI_UG_DS_Y2-SCI-B,DRONA_TRUST_GSEB_DPS_2026_2027_GUJ_UNI_UG_DS_Y2_SCI,GSEB,DPS,GUJ,UNI_UG_DS_Y2,SCI,B,2026-2027,1,Student cohort for B.Sc Data Science & Analytics - Y2 SCI Division B in 2026-2027.
DPS-2026-GSEB-GUJ-UNI_UG_DS_Y2-SCI-C,DPS 2026-2027 Gujarati Medium B.Sc Data Science & Analytics - Y2 SCI Division C,DPS-2026-GSEB-GUJ-UNI_UG_DS_Y2-SCI-C,DRONA_TRUST_GSEB_DPS_2026_2027_GUJ_UNI_UG_DS_Y2_SCI,GSEB,DPS,GUJ,UNI_UG_DS_Y2,SCI,C,2026-2027,1,Student cohort for B.Sc Data Science & Analytics - Y2 SCI Division C in 2026-2027.
DPS-2026-GSEB-GUJ-UNI_UG_DS_Y2-SCI-D,DPS 2026-2027 Gujarati Medium B.Sc Data Science & Analytics - Y2 SCI Division D,DPS-2026-GSEB-GUJ-UNI_UG_DS_Y2-SCI-D,DRONA_TRUST_GSEB_DPS_2026_2027_GUJ_UNI_UG_DS_Y2_SCI,GSEB,DPS,GUJ,UNI_UG_DS_Y2,SCI,D,2026-2027,1,Student cohort for B.Sc Data Science & Analytics - Y2 SCI Division D in 2026-2027.
DPS-2026-GSEB-GUJ-UNI_UG_DS_Y2-SCI-E,DPS 2026-2027 Gujarati Medium B.Sc Data Science & Analytics - Y2 SCI Division E,DPS-2026-GSEB-GUJ-UNI_UG_DS_Y2-SCI-E,DRONA_TRUST_GSEB_DPS_2026_2027_GUJ_UNI_UG_DS_Y2_SCI,GSEB,DPS,GUJ,UNI_UG_DS_Y2,SCI,E,2026-2027,1,Student cohort for B.Sc Data Science & Analytics - Y2 SCI Division E in 2026-2027.
DPS-2026-GSEB-GUJ-UNI_UG_DS_Y2-SCI-F,DPS 2026-2027 Gujarati Medium B.Sc Data Science & Analytics - Y2 SCI Division F,DPS-2026-GSEB-GUJ-UNI_UG_DS_Y2-SCI-F,DRONA_TRUST_GSEB_DPS_2026_2027_GUJ_UNI_UG_DS_Y2_SCI,GSEB,DPS,GUJ,UNI_UG_DS_Y2,SCI,F,2026-2027,1,Student cohort for B.Sc Data Science & Analytics - Y2 SCI Division F in 2026-2027.
DPS-2026-GSEB-GUJ-UNI_UG_DS_Y3-SCI-A,DPS 2026-2027 Gujarati Medium B.Sc Data Science & Analytics - Y3 SCI Division A,DPS-2026-GSEB-GUJ-UNI_UG_DS_Y3-SCI-A,DRONA_TRUST_GSEB_DPS_2026_2027_GUJ_UNI_UG_DS_Y3_SCI,GSEB,DPS,GUJ,UNI_UG_DS_Y3,SCI,A,2026-2027,1,Student cohort for B.Sc Data Science & Analytics - Y3 SCI Division A in 2026-2027.
DPS-2026-GSEB-GUJ-UNI_UG_DS_Y3-SCI-B,DPS 2026-2027 Gujarati Medium B.Sc Data Science & Analytics - Y3 SCI Division B,DPS-2026-GSEB-GUJ-UNI_UG_DS_Y3-SCI-B,DRONA_TRUST_GSEB_DPS_2026_2027_GUJ_UNI_UG_DS_Y3_SCI,GSEB,DPS,GUJ,UNI_UG_DS_Y3,SCI,B,2026-2027,1,Student cohort for B.Sc Data Science & Analytics - Y3 SCI Division B in 2026-2027.
DPS-2026-GSEB-GUJ-UNI_UG_DS_Y3-SCI-C,DPS 2026-2027 Gujarati Medium B.Sc Data Science & Analytics - Y3 SCI Division C,DPS-2026-GSEB-GUJ-UNI_UG_DS_Y3-SCI-C,DRONA_TRUST_GSEB_DPS_2026_2027_GUJ_UNI_UG_DS_Y3_SCI,GSEB,DPS,GUJ,UNI_UG_DS_Y3,SCI,C,2026-2027,1,Student cohort for B.Sc Data Science & Analytics - Y3 SCI Division C in 2026-2027.
DPS-2026-GSEB-GUJ-UNI_UG_DS_Y3-SCI-D,DPS 2026-2027 Gujarati Medium B.Sc Data Science & Analytics - Y3 SCI Division D,DPS-2026-GSEB-GUJ-UNI_UG_DS_Y3-SCI-D,DRONA_TRUST_GSEB_DPS_2026_2027_GUJ_UNI_UG_DS_Y3_SCI,GSEB,DPS,GUJ,UNI_UG_DS_Y3,SCI,D,2026-2027,1,Student cohort for B.Sc Data Science & Analytics - Y3 SCI Division D in 2026-2027.
DPS-2026-GSEB-GUJ-UNI_UG_DS_Y3-SCI-E,DPS 2026-2027 Gujarati Medium B.Sc Data Science & Analytics - Y3 SCI Division E,DPS-2026-GSEB-GUJ-UNI_UG_DS_Y3-SCI-E,DRONA_TRUST_GSEB_DPS_2026_2027_GUJ_UNI_UG_DS_Y3_SCI,GSEB,DPS,GUJ,UNI_UG_DS_Y3,SCI,E,2026-2027,1,Student cohort for B.Sc Data Science & Analytics - Y3 SCI Division E in 2026-2027.
DPS-2026-GSEB-GUJ-UNI_UG_DS_Y3-SCI-F,DPS 2026-2027 Gujarati Medium B.Sc Data Science & Analytics - Y3 SCI Division F,DPS-2026-GSEB-GUJ-UNI_UG_DS_Y3-SCI-F,DRONA_TRUST_GSEB_DPS_2026_2027_GUJ_UNI_UG_DS_Y3_SCI,GSEB,DPS,GUJ,UNI_UG_DS_Y3,SCI,F,2026-2027,1,Student cohort for B.Sc Data Science & Analytics - Y3 SCI Division F in 2026-2027.
DPS-2026-GSEB-GUJ-UNI_UG_UX_Y1-DES-A,DPS 2026-2027 Gujarati Medium B.Des UI/UX & Interaction Design - Y1 DES Division A,DPS-2026-GSEB-GUJ-UNI_UG_UX_Y1-DES-A,DRONA_TRUST_GSEB_DPS_2026_2027_GUJ_UNI_UG_UX_Y1_DES,GSEB,DPS,GUJ,UNI_UG_UX_Y1,DES,A,2026-2027,1,Student cohort for B.Des UI/UX & Interaction Design - Y1 DES Division A in 2026-2027.
DPS-2026-GSEB-GUJ-UNI_UG_UX_Y1-DES-B,DPS 2026-2027 Gujarati Medium B.Des UI/UX & Interaction Design - Y1 DES Division B,DPS-2026-GSEB-GUJ-UNI_UG_UX_Y1-DES-B,DRONA_TRUST_GSEB_DPS_2026_2027_GUJ_UNI_UG_UX_Y1_DES,GSEB,DPS,GUJ,UNI_UG_UX_Y1,DES,B,2026-2027,1,Student cohort for B.Des UI/UX & Interaction Design - Y1 DES Division B in 2026-2027.
DPS-2026-GSEB-GUJ-UNI_UG_UX_Y1-DES-C,DPS 2026-2027 Gujarati Medium B.Des UI/UX & Interaction Design - Y1 DES Division C,DPS-2026-GSEB-GUJ-UNI_UG_UX_Y1-DES-C,DRONA_TRUST_GSEB_DPS_2026_2027_GUJ_UNI_UG_UX_Y1_DES,GSEB,DPS,GUJ,UNI_UG_UX_Y1,DES,C,2026-2027,1,Student cohort for B.Des UI/UX & Interaction Design - Y1 DES Division C in 2026-2027.
DPS-2026-GSEB-GUJ-UNI_UG_UX_Y1-DES-D,DPS 2026-2027 Gujarati Medium B.Des UI/UX & Interaction Design - Y1 DES Division D,DPS-2026-GSEB-GUJ-UNI_UG_UX_Y1-DES-D,DRONA_TRUST_GSEB_DPS_2026_2027_GUJ_UNI_UG_UX_Y1_DES,GSEB,DPS,GUJ,UNI_UG_UX_Y1,DES,D,2026-2027,1,Student cohort for B.Des UI/UX & Interaction Design - Y1 DES Division D in 2026-2027.
DPS-2026-GSEB-GUJ-UNI_UG_UX_Y1-DES-E,DPS 2026-2027 Gujarati Medium B.Des UI/UX & Interaction Design - Y1 DES Division E,DPS-2026-GSEB-GUJ-UNI_UG_UX_Y1-DES-E,DRONA_TRUST_GSEB_DPS_2026_2027_GUJ_UNI_UG_UX_Y1_DES,GSEB,DPS,GUJ,UNI_UG_UX_Y1,DES,E,2026-2027,1,Student cohort for B.Des UI/UX & Interaction Design - Y1 DES Division E in 2026-2027.
DPS-2026-GSEB-GUJ-UNI_UG_UX_Y1-DES-F,DPS 2026-2027 Gujarati Medium B.Des UI/UX & Interaction Design - Y1 DES Division F,DPS-2026-GSEB-GUJ-UNI_UG_UX_Y1-DES-F,DRONA_TRUST_GSEB_DPS_2026_2027_GUJ_UNI_UG_UX_Y1_DES,GSEB,DPS,GUJ,UNI_UG_UX_Y1,DES,F,2026-2027,1,Student cohort for B.Des UI/UX & Interaction Design - Y1 DES Division F in 2026-2027.
DPS-2026-GSEB-GUJ-UNI_UG_UX_Y2-DES-A,DPS 2026-2027 Gujarati Medium B.Des UI/UX & Interaction Design - Y2 DES Division A,DPS-2026-GSEB-GUJ-UNI_UG_UX_Y2-DES-A,DRONA_TRUST_GSEB_DPS_2026_2027_GUJ_UNI_UG_UX_Y2_DES,GSEB,DPS,GUJ,UNI_UG_UX_Y2,DES,A,2026-2027,1,Student cohort for B.Des UI/UX & Interaction Design - Y2 DES Division A in 2026-2027.
DPS-2026-GSEB-GUJ-UNI_UG_UX_Y2-DES-B,DPS 2026-2027 Gujarati Medium B.Des UI/UX & Interaction Design - Y2 DES Division B,DPS-2026-GSEB-GUJ-UNI_UG_UX_Y2-DES-B,DRONA_TRUST_GSEB_DPS_2026_2027_GUJ_UNI_UG_UX_Y2_DES,GSEB,DPS,GUJ,UNI_UG_UX_Y2,DES,B,2026-2027,1,Student cohort for B.Des UI/UX & Interaction Design - Y2 DES Division B in 2026-2027.
DPS-2026-GSEB-GUJ-UNI_UG_UX_Y2-DES-C,DPS 2026-2027 Gujarati Medium B.Des UI/UX & Interaction Design - Y2 DES Division C,DPS-2026-GSEB-GUJ-UNI_UG_UX_Y2-DES-C,DRONA_TRUST_GSEB_DPS_2026_2027_GUJ_UNI_UG_UX_Y2_DES,GSEB,DPS,GUJ,UNI_UG_UX_Y2,DES,C,2026-2027,1,Student cohort for B.Des UI/UX & Interaction Design - Y2 DES Division C in 2026-2027.
DPS-2026-GSEB-GUJ-UNI_UG_UX_Y2-DES-D,DPS 2026-2027 Gujarati Medium B.Des UI/UX & Interaction Design - Y2 DES Division D,DPS-2026-GSEB-GUJ-UNI_UG_UX_Y2-DES-D,DRONA_TRUST_GSEB_DPS_2026_2027_GUJ_UNI_UG_UX_Y2_DES,GSEB,DPS,GUJ,UNI_UG_UX_Y2,DES,D,2026-2027,1,Student cohort for B.Des UI/UX & Interaction Design - Y2 DES Division D in 2026-2027.
DPS-2026-GSEB-GUJ-UNI_UG_UX_Y2-DES-E,DPS 2026-2027 Gujarati Medium B.Des UI/UX & Interaction Design - Y2 DES Division E,DPS-2026-GSEB-GUJ-UNI_UG_UX_Y2-DES-E,DRONA_TRUST_GSEB_DPS_2026_2027_GUJ_UNI_UG_UX_Y2_DES,GSEB,DPS,GUJ,UNI_UG_UX_Y2,DES,E,2026-2027,1,Student cohort for B.Des UI/UX & Interaction Design - Y2 DES Division E in 2026-2027.
DPS-2026-GSEB-GUJ-UNI_UG_UX_Y2-DES-F,DPS 2026-2027 Gujarati Medium B.Des UI/UX & Interaction Design - Y2 DES Division F,DPS-2026-GSEB-GUJ-UNI_UG_UX_Y2-DES-F,DRONA_TRUST_GSEB_DPS_2026_2027_GUJ_UNI_UG_UX_Y2_DES,GSEB,DPS,GUJ,UNI_UG_UX_Y2,DES,F,2026-2027,1,Student cohort for B.Des UI/UX & Interaction Design - Y2 DES Division F in 2026-2027.
DPS-2026-GSEB-GUJ-UNI_UG_UX_Y3-DES-A,DPS 2026-2027 Gujarati Medium B.Des UI/UX & Interaction Design - Y3 DES Division A,DPS-2026-GSEB-GUJ-UNI_UG_UX_Y3-DES-A,DRONA_TRUST_GSEB_DPS_2026_2027_GUJ_UNI_UG_UX_Y3_DES,GSEB,DPS,GUJ,UNI_UG_UX_Y3,DES,A,2026-2027,1,Student cohort for B.Des UI/UX & Interaction Design - Y3 DES Division A in 2026-2027.
DPS-2026-GSEB-GUJ-UNI_UG_UX_Y3-DES-B,DPS 2026-2027 Gujarati Medium B.Des UI/UX & Interaction Design - Y3 DES Division B,DPS-2026-GSEB-GUJ-UNI_UG_UX_Y3-DES-B,DRONA_TRUST_GSEB_DPS_2026_2027_GUJ_UNI_UG_UX_Y3_DES,GSEB,DPS,GUJ,UNI_UG_UX_Y3,DES,B,2026-2027,1,Student cohort for B.Des UI/UX & Interaction Design - Y3 DES Division B in 2026-2027.
DPS-2026-GSEB-GUJ-UNI_UG_UX_Y3-DES-C,DPS 2026-2027 Gujarati Medium B.Des UI/UX & Interaction Design - Y3 DES Division C,DPS-2026-GSEB-GUJ-UNI_UG_UX_Y3-DES-C,DRONA_TRUST_GSEB_DPS_2026_2027_GUJ_UNI_UG_UX_Y3_DES,GSEB,DPS,GUJ,UNI_UG_UX_Y3,DES,C,2026-2027,1,Student cohort for B.Des UI/UX & Interaction Design - Y3 DES Division C in 2026-2027.
DPS-2026-GSEB-GUJ-UNI_UG_UX_Y3-DES-D,DPS 2026-2027 Gujarati Medium B.Des UI/UX & Interaction Design - Y3 DES Division D,DPS-2026-GSEB-GUJ-UNI_UG_UX_Y3-DES-D,DRONA_TRUST_GSEB_DPS_2026_2027_GUJ_UNI_UG_UX_Y3_DES,GSEB,DPS,GUJ,UNI_UG_UX_Y3,DES,D,2026-2027,1,Student cohort for B.Des UI/UX & Interaction Design - Y3 DES Division D in 2026-2027.
DPS-2026-GSEB-GUJ-UNI_UG_UX_Y3-DES-E,DPS 2026-2027 Gujarati Medium B.Des UI/UX & Interaction Design - Y3 DES Division E,DPS-2026-GSEB-GUJ-UNI_UG_UX_Y3-DES-E,DRONA_TRUST_GSEB_DPS_2026_2027_GUJ_UNI_UG_UX_Y3_DES,GSEB,DPS,GUJ,UNI_UG_UX_Y3,DES,E,2026-2027,1,Student cohort for B.Des UI/UX & Interaction Design - Y3 DES Division E in 2026-2027.
DPS-2026-GSEB-GUJ-UNI_UG_UX_Y3-DES-F,DPS 2026-2027 Gujarati Medium B.Des UI/UX & Interaction Design - Y3 DES Division F,DPS-2026-GSEB-GUJ-UNI_UG_UX_Y3-DES-F,DRONA_TRUST_GSEB_DPS_2026_2027_GUJ_UNI_UG_UX_Y3_DES,GSEB,DPS,GUJ,UNI_UG_UX_Y3,DES,F,2026-2027,1,Student cohort for B.Des UI/UX & Interaction Design - Y3 DES Division F in 2026-2027.
DPS-2026-GSEB-GUJ-UNI_UG_UX_Y4-DES-A,DPS 2026-2027 Gujarati Medium B.Des UI/UX & Interaction Design - Y4 DES Division A,DPS-2026-GSEB-GUJ-UNI_UG_UX_Y4-DES-A,DRONA_TRUST_GSEB_DPS_2026_2027_GUJ_UNI_UG_UX_Y4_DES,GSEB,DPS,GUJ,UNI_UG_UX_Y4,DES,A,2026-2027,1,Student cohort for B.Des UI/UX & Interaction Design - Y4 DES Division A in 2026-2027.
DPS-2026-GSEB-GUJ-UNI_UG_UX_Y4-DES-B,DPS 2026-2027 Gujarati Medium B.Des UI/UX & Interaction Design - Y4 DES Division B,DPS-2026-GSEB-GUJ-UNI_UG_UX_Y4-DES-B,DRONA_TRUST_GSEB_DPS_2026_2027_GUJ_UNI_UG_UX_Y4_DES,GSEB,DPS,GUJ,UNI_UG_UX_Y4,DES,B,2026-2027,1,Student cohort for B.Des UI/UX & Interaction Design - Y4 DES Division B in 2026-2027.
DPS-2026-GSEB-GUJ-UNI_UG_UX_Y4-DES-C,DPS 2026-2027 Gujarati Medium B.Des UI/UX & Interaction Design - Y4 DES Division C,DPS-2026-GSEB-GUJ-UNI_UG_UX_Y4-DES-C,DRONA_TRUST_GSEB_DPS_2026_2027_GUJ_UNI_UG_UX_Y4_DES,GSEB,DPS,GUJ,UNI_UG_UX_Y4,DES,C,2026-2027,1,Student cohort for B.Des UI/UX & Interaction Design - Y4 DES Division C in 2026-2027.
DPS-2026-GSEB-GUJ-UNI_UG_UX_Y4-DES-D,DPS 2026-2027 Gujarati Medium B.Des UI/UX & Interaction Design - Y4 DES Division D,DPS-2026-GSEB-GUJ-UNI_UG_UX_Y4-DES-D,DRONA_TRUST_GSEB_DPS_2026_2027_GUJ_UNI_UG_UX_Y4_DES,GSEB,DPS,GUJ,UNI_UG_UX_Y4,DES,D,2026-2027,1,Student cohort for B.Des UI/UX & Interaction Design - Y4 DES Division D in 2026-2027.
DPS-2026-GSEB-GUJ-UNI_UG_UX_Y4-DES-E,DPS 2026-2027 Gujarati Medium B.Des UI/UX & Interaction Design - Y4 DES Division E,DPS-2026-GSEB-GUJ-UNI_UG_UX_Y4-DES-E,DRONA_TRUST_GSEB_DPS_2026_2027_GUJ_UNI_UG_UX_Y4_DES,GSEB,DPS,GUJ,UNI_UG_UX_Y4,DES,E,2026-2027,1,Student cohort for B.Des UI/UX & Interaction Design - Y4 DES Division E in 2026-2027.
DPS-2026-GSEB-GUJ-UNI_UG_UX_Y4-DES-F,DPS 2026-2027 Gujarati Medium B.Des UI/UX & Interaction Design - Y4 DES Division F,DPS-2026-GSEB-GUJ-UNI_UG_UX_Y4-DES-F,DRONA_TRUST_GSEB_DPS_2026_2027_GUJ_UNI_UG_UX_Y4_DES,GSEB,DPS,GUJ,UNI_UG_UX_Y4,DES,F,2026-2027,1,Student cohort for B.Des UI/UX & Interaction Design - Y4 DES Division F in 2026-2027.
DPS-2026-GSEB-GUJ-UNI_UG_LAW_Y1-LAW-A,DPS 2026-2027 Gujarati Medium BA LL.B (Integrated Law) - Year 1 LAW Division A,DPS-2026-GSEB-GUJ-UNI_UG_LAW_Y1-LAW-A,DRONA_TRUST_GSEB_DPS_2026_2027_GUJ_UNI_UG_LAW_Y1_LAW,GSEB,DPS,GUJ,UNI_UG_LAW_Y1,LAW,A,2026-2027,1,Student cohort for BA LL.B (Integrated Law) - Year 1 LAW Division A in 2026-2027.
DPS-2026-GSEB-GUJ-UNI_UG_LAW_Y1-LAW-B,DPS 2026-2027 Gujarati Medium BA LL.B (Integrated Law) - Year 1 LAW Division B,DPS-2026-GSEB-GUJ-UNI_UG_LAW_Y1-LAW-B,DRONA_TRUST_GSEB_DPS_2026_2027_GUJ_UNI_UG_LAW_Y1_LAW,GSEB,DPS,GUJ,UNI_UG_LAW_Y1,LAW,B,2026-2027,1,Student cohort for BA LL.B (Integrated Law) - Year 1 LAW Division B in 2026-2027.
DPS-2026-GSEB-GUJ-UNI_UG_LAW_Y1-LAW-C,DPS 2026-2027 Gujarati Medium BA LL.B (Integrated Law) - Year 1 LAW Division C,DPS-2026-GSEB-GUJ-UNI_UG_LAW_Y1-LAW-C,DRONA_TRUST_GSEB_DPS_2026_2027_GUJ_UNI_UG_LAW_Y1_LAW,GSEB,DPS,GUJ,UNI_UG_LAW_Y1,LAW,C,2026-2027,1,Student cohort for BA LL.B (Integrated Law) - Year 1 LAW Division C in 2026-2027.
DPS-2026-GSEB-GUJ-UNI_UG_LAW_Y1-LAW-D,DPS 2026-2027 Gujarati Medium BA LL.B (Integrated Law) - Year 1 LAW Division D,DPS-2026-GSEB-GUJ-UNI_UG_LAW_Y1-LAW-D,DRONA_TRUST_GSEB_DPS_2026_2027_GUJ_UNI_UG_LAW_Y1_LAW,GSEB,DPS,GUJ,UNI_UG_LAW_Y1,LAW,D,2026-2027,1,Student cohort for BA LL.B (Integrated Law) - Year 1 LAW Division D in 2026-2027.
DPS-2026-GSEB-GUJ-UNI_UG_LAW_Y1-LAW-E,DPS 2026-2027 Gujarati Medium BA LL.B (Integrated Law) - Year 1 LAW Division E,DPS-2026-GSEB-GUJ-UNI_UG_LAW_Y1-LAW-E,DRONA_TRUST_GSEB_DPS_2026_2027_GUJ_UNI_UG_LAW_Y1_LAW,GSEB,DPS,GUJ,UNI_UG_LAW_Y1,LAW,E,2026-2027,1,Student cohort for BA LL.B (Integrated Law) - Year 1 LAW Division E in 2026-2027.
DPS-2026-GSEB-GUJ-UNI_UG_LAW_Y1-LAW-F,DPS 2026-2027 Gujarati Medium BA LL.B (Integrated Law) - Year 1 LAW Division F,DPS-2026-GSEB-GUJ-UNI_UG_LAW_Y1-LAW-F,DRONA_TRUST_GSEB_DPS_2026_2027_GUJ_UNI_UG_LAW_Y1_LAW,GSEB,DPS,GUJ,UNI_UG_LAW_Y1,LAW,F,2026-2027,1,Student cohort for BA LL.B (Integrated Law) - Year 1 LAW Division F in 2026-2027.
DPS-2026-GSEB-GUJ-UNI_UG_LAW_Y5-LAW-A,DPS 2026-2027 Gujarati Medium BA LL.B (Integrated Law) - Year 5 LAW Division A,DPS-2026-GSEB-GUJ-UNI_UG_LAW_Y5-LAW-A,DRONA_TRUST_GSEB_DPS_2026_2027_GUJ_UNI_UG_LAW_Y5_LAW,GSEB,DPS,GUJ,UNI_UG_LAW_Y5,LAW,A,2026-2027,1,Student cohort for BA LL.B (Integrated Law) - Year 5 LAW Division A in 2026-2027.
DPS-2026-GSEB-GUJ-UNI_UG_LAW_Y5-LAW-B,DPS 2026-2027 Gujarati Medium BA LL.B (Integrated Law) - Year 5 LAW Division B,DPS-2026-GSEB-GUJ-UNI_UG_LAW_Y5-LAW-B,DRONA_TRUST_GSEB_DPS_2026_2027_GUJ_UNI_UG_LAW_Y5_LAW,GSEB,DPS,GUJ,UNI_UG_LAW_Y5,LAW,B,2026-2027,1,Student cohort for BA LL.B (Integrated Law) - Year 5 LAW Division B in 2026-2027.
DPS-2026-GSEB-GUJ-UNI_UG_LAW_Y5-LAW-C,DPS 2026-2027 Gujarati Medium BA LL.B (Integrated Law) - Year 5 LAW Division C,DPS-2026-GSEB-GUJ-UNI_UG_LAW_Y5-LAW-C,DRONA_TRUST_GSEB_DPS_2026_2027_GUJ_UNI_UG_LAW_Y5_LAW,GSEB,DPS,GUJ,UNI_UG_LAW_Y5,LAW,C,2026-2027,1,Student cohort for BA LL.B (Integrated Law) - Year 5 LAW Division C in 2026-2027.
DPS-2026-GSEB-GUJ-UNI_UG_LAW_Y5-LAW-D,DPS 2026-2027 Gujarati Medium BA LL.B (Integrated Law) - Year 5 LAW Division D,DPS-2026-GSEB-GUJ-UNI_UG_LAW_Y5-LAW-D,DRONA_TRUST_GSEB_DPS_2026_2027_GUJ_UNI_UG_LAW_Y5_LAW,GSEB,DPS,GUJ,UNI_UG_LAW_Y5,LAW,D,2026-2027,1,Student cohort for BA LL.B (Integrated Law) - Year 5 LAW Division D in 2026-2027.
DPS-2026-GSEB-GUJ-UNI_UG_LAW_Y5-LAW-E,DPS 2026-2027 Gujarati Medium BA LL.B (Integrated Law) - Year 5 LAW Division E,DPS-2026-GSEB-GUJ-UNI_UG_LAW_Y5-LAW-E,DRONA_TRUST_GSEB_DPS_2026_2027_GUJ_UNI_UG_LAW_Y5_LAW,GSEB,DPS,GUJ,UNI_UG_LAW_Y5,LAW,E,2026-2027,1,Student cohort for BA LL.B (Integrated Law) - Year 5 LAW Division E in 2026-2027.
DPS-2026-GSEB-GUJ-UNI_UG_LAW_Y5-LAW-F,DPS 2026-2027 Gujarati Medium BA LL.B (Integrated Law) - Year 5 LAW Division F,DPS-2026-GSEB-GUJ-UNI_UG_LAW_Y5-LAW-F,DRONA_TRUST_GSEB_DPS_2026_2027_GUJ_UNI_UG_LAW_Y5_LAW,GSEB,DPS,GUJ,UNI_UG_LAW_Y5,LAW,F,2026-2027,1,Student cohort for BA LL.B (Integrated Law) - Year 5 LAW Division F in 2026-2027.
DPS-2026-GSEB-GUJ-UNI_UG_MED_Y1-MED-A,DPS 2026-2027 Gujarati Medium MBBS (Medical) - Year 1 MED Division A,DPS-2026-GSEB-GUJ-UNI_UG_MED_Y1-MED-A,DRONA_TRUST_GSEB_DPS_2026_2027_GUJ_UNI_UG_MED_Y1_MED,GSEB,DPS,GUJ,UNI_UG_MED_Y1,MED,A,2026-2027,1,Student cohort for MBBS (Medical) - Year 1 MED Division A in 2026-2027.
DPS-2026-GSEB-GUJ-UNI_UG_MED_Y1-MED-B,DPS 2026-2027 Gujarati Medium MBBS (Medical) - Year 1 MED Division B,DPS-2026-GSEB-GUJ-UNI_UG_MED_Y1-MED-B,DRONA_TRUST_GSEB_DPS_2026_2027_GUJ_UNI_UG_MED_Y1_MED,GSEB,DPS,GUJ,UNI_UG_MED_Y1,MED,B,2026-2027,1,Student cohort for MBBS (Medical) - Year 1 MED Division B in 2026-2027.
DPS-2026-GSEB-GUJ-UNI_UG_MED_Y1-MED-C,DPS 2026-2027 Gujarati Medium MBBS (Medical) - Year 1 MED Division C,DPS-2026-GSEB-GUJ-UNI_UG_MED_Y1-MED-C,DRONA_TRUST_GSEB_DPS_2026_2027_GUJ_UNI_UG_MED_Y1_MED,GSEB,DPS,GUJ,UNI_UG_MED_Y1,MED,C,2026-2027,1,Student cohort for MBBS (Medical) - Year 1 MED Division C in 2026-2027.
DPS-2026-GSEB-GUJ-UNI_UG_MED_Y1-MED-D,DPS 2026-2027 Gujarati Medium MBBS (Medical) - Year 1 MED Division D,DPS-2026-GSEB-GUJ-UNI_UG_MED_Y1-MED-D,DRONA_TRUST_GSEB_DPS_2026_2027_GUJ_UNI_UG_MED_Y1_MED,GSEB,DPS,GUJ,UNI_UG_MED_Y1,MED,D,2026-2027,1,Student cohort for MBBS (Medical) - Year 1 MED Division D in 2026-2027.
DPS-2026-GSEB-GUJ-UNI_UG_MED_Y1-MED-E,DPS 2026-2027 Gujarati Medium MBBS (Medical) - Year 1 MED Division E,DPS-2026-GSEB-GUJ-UNI_UG_MED_Y1-MED-E,DRONA_TRUST_GSEB_DPS_2026_2027_GUJ_UNI_UG_MED_Y1_MED,GSEB,DPS,GUJ,UNI_UG_MED_Y1,MED,E,2026-2027,1,Student cohort for MBBS (Medical) - Year 1 MED Division E in 2026-2027.
DPS-2026-GSEB-GUJ-UNI_UG_MED_Y1-MED-F,DPS 2026-2027 Gujarati Medium MBBS (Medical) - Year 1 MED Division F,DPS-2026-GSEB-GUJ-UNI_UG_MED_Y1-MED-F,DRONA_TRUST_GSEB_DPS_2026_2027_GUJ_UNI_UG_MED_Y1_MED,GSEB,DPS,GUJ,UNI_UG_MED_Y1,MED,F,2026-2027,1,Student cohort for MBBS (Medical) - Year 1 MED Division F in 2026-2027.
DPS-2026-GSEB-GUJ-UNI_UG_MED_Y2-MED-A,DPS 2026-2027 Gujarati Medium MBBS (Medical) - Year 2 MED Division A,DPS-2026-GSEB-GUJ-UNI_UG_MED_Y2-MED-A,DRONA_TRUST_GSEB_DPS_2026_2027_GUJ_UNI_UG_MED_Y2_MED,GSEB,DPS,GUJ,UNI_UG_MED_Y2,MED,A,2026-2027,1,Student cohort for MBBS (Medical) - Year 2 MED Division A in 2026-2027.
DPS-2026-GSEB-GUJ-UNI_UG_MED_Y2-MED-B,DPS 2026-2027 Gujarati Medium MBBS (Medical) - Year 2 MED Division B,DPS-2026-GSEB-GUJ-UNI_UG_MED_Y2-MED-B,DRONA_TRUST_GSEB_DPS_2026_2027_GUJ_UNI_UG_MED_Y2_MED,GSEB,DPS,GUJ,UNI_UG_MED_Y2,MED,B,2026-2027,1,Student cohort for MBBS (Medical) - Year 2 MED Division B in 2026-2027.
DPS-2026-GSEB-GUJ-UNI_UG_MED_Y2-MED-C,DPS 2026-2027 Gujarati Medium MBBS (Medical) - Year 2 MED Division C,DPS-2026-GSEB-GUJ-UNI_UG_MED_Y2-MED-C,DRONA_TRUST_GSEB_DPS_2026_2027_GUJ_UNI_UG_MED_Y2_MED,GSEB,DPS,GUJ,UNI_UG_MED_Y2,MED,C,2026-2027,1,Student cohort for MBBS (Medical) - Year 2 MED Division C in 2026-2027.
DPS-2026-GSEB-GUJ-UNI_UG_MED_Y2-MED-D,DPS 2026-2027 Gujarati Medium MBBS (Medical) - Year 2 MED Division D,DPS-2026-GSEB-GUJ-UNI_UG_MED_Y2-MED-D,DRONA_TRUST_GSEB_DPS_2026_2027_GUJ_UNI_UG_MED_Y2_MED,GSEB,DPS,GUJ,UNI_UG_MED_Y2,MED,D,2026-2027,1,Student cohort for MBBS (Medical) - Year 2 MED Division D in 2026-2027.
DPS-2026-GSEB-GUJ-UNI_UG_MED_Y2-MED-E,DPS 2026-2027 Gujarati Medium MBBS (Medical) - Year 2 MED Division E,DPS-2026-GSEB-GUJ-UNI_UG_MED_Y2-MED-E,DRONA_TRUST_GSEB_DPS_2026_2027_GUJ_UNI_UG_MED_Y2_MED,GSEB,DPS,GUJ,UNI_UG_MED_Y2,MED,E,2026-2027,1,Student cohort for MBBS (Medical) - Year 2 MED Division E in 2026-2027.
DPS-2026-GSEB-GUJ-UNI_UG_MED_Y2-MED-F,DPS 2026-2027 Gujarati Medium MBBS (Medical) - Year 2 MED Division F,DPS-2026-GSEB-GUJ-UNI_UG_MED_Y2-MED-F,DRONA_TRUST_GSEB_DPS_2026_2027_GUJ_UNI_UG_MED_Y2_MED,GSEB,DPS,GUJ,UNI_UG_MED_Y2,MED,F,2026-2027,1,Student cohort for MBBS (Medical) - Year 2 MED Division F in 2026-2027.
DPS-2026-GSEB-GUJ-UNI_UG_MED_Y3-MED-A,DPS 2026-2027 Gujarati Medium MBBS (Medical) - Year 3 MED Division A,DPS-2026-GSEB-GUJ-UNI_UG_MED_Y3-MED-A,DRONA_TRUST_GSEB_DPS_2026_2027_GUJ_UNI_UG_MED_Y3_MED,GSEB,DPS,GUJ,UNI_UG_MED_Y3,MED,A,2026-2027,1,Student cohort for MBBS (Medical) - Year 3 MED Division A in 2026-2027.
DPS-2026-GSEB-GUJ-UNI_UG_MED_Y3-MED-B,DPS 2026-2027 Gujarati Medium MBBS (Medical) - Year 3 MED Division B,DPS-2026-GSEB-GUJ-UNI_UG_MED_Y3-MED-B,DRONA_TRUST_GSEB_DPS_2026_2027_GUJ_UNI_UG_MED_Y3_MED,GSEB,DPS,GUJ,UNI_UG_MED_Y3,MED,B,2026-2027,1,Student cohort for MBBS (Medical) - Year 3 MED Division B in 2026-2027.
DPS-2026-GSEB-GUJ-UNI_UG_MED_Y3-MED-C,DPS 2026-2027 Gujarati Medium MBBS (Medical) - Year 3 MED Division C,DPS-2026-GSEB-GUJ-UNI_UG_MED_Y3-MED-C,DRONA_TRUST_GSEB_DPS_2026_2027_GUJ_UNI_UG_MED_Y3_MED,GSEB,DPS,GUJ,UNI_UG_MED_Y3,MED,C,2026-2027,1,Student cohort for MBBS (Medical) - Year 3 MED Division C in 2026-2027.
DPS-2026-GSEB-GUJ-UNI_UG_MED_Y3-MED-D,DPS 2026-2027 Gujarati Medium MBBS (Medical) - Year 3 MED Division D,DPS-2026-GSEB-GUJ-UNI_UG_MED_Y3-MED-D,DRONA_TRUST_GSEB_DPS_2026_2027_GUJ_UNI_UG_MED_Y3_MED,GSEB,DPS,GUJ,UNI_UG_MED_Y3,MED,D,2026-2027,1,Student cohort for MBBS (Medical) - Year 3 MED Division D in 2026-2027.
DPS-2026-GSEB-GUJ-UNI_UG_MED_Y3-MED-E,DPS 2026-2027 Gujarati Medium MBBS (Medical) - Year 3 MED Division E,DPS-2026-GSEB-GUJ-UNI_UG_MED_Y3-MED-E,DRONA_TRUST_GSEB_DPS_2026_2027_GUJ_UNI_UG_MED_Y3_MED,GSEB,DPS,GUJ,UNI_UG_MED_Y3,MED,E,2026-2027,1,Student cohort for MBBS (Medical) - Year 3 MED Division E in 2026-2027.
DPS-2026-GSEB-GUJ-UNI_UG_MED_Y3-MED-F,DPS 2026-2027 Gujarati Medium MBBS (Medical) - Year 3 MED Division F,DPS-2026-GSEB-GUJ-UNI_UG_MED_Y3-MED-F,DRONA_TRUST_GSEB_DPS_2026_2027_GUJ_UNI_UG_MED_Y3_MED,GSEB,DPS,GUJ,UNI_UG_MED_Y3,MED,F,2026-2027,1,Student cohort for MBBS (Medical) - Year 3 MED Division F in 2026-2027.
DPS-2026-GSEB-GUJ-UNI_UG_MED_Y4-MED-A,DPS 2026-2027 Gujarati Medium MBBS (Medical) - Year 4 MED Division A,DPS-2026-GSEB-GUJ-UNI_UG_MED_Y4-MED-A,DRONA_TRUST_GSEB_DPS_2026_2027_GUJ_UNI_UG_MED_Y4_MED,GSEB,DPS,GUJ,UNI_UG_MED_Y4,MED,A,2026-2027,1,Student cohort for MBBS (Medical) - Year 4 MED Division A in 2026-2027.
DPS-2026-GSEB-GUJ-UNI_UG_MED_Y4-MED-B,DPS 2026-2027 Gujarati Medium MBBS (Medical) - Year 4 MED Division B,DPS-2026-GSEB-GUJ-UNI_UG_MED_Y4-MED-B,DRONA_TRUST_GSEB_DPS_2026_2027_GUJ_UNI_UG_MED_Y4_MED,GSEB,DPS,GUJ,UNI_UG_MED_Y4,MED,B,2026-2027,1,Student cohort for MBBS (Medical) - Year 4 MED Division B in 2026-2027.
DPS-2026-GSEB-GUJ-UNI_UG_MED_Y4-MED-C,DPS 2026-2027 Gujarati Medium MBBS (Medical) - Year 4 MED Division C,DPS-2026-GSEB-GUJ-UNI_UG_MED_Y4-MED-C,DRONA_TRUST_GSEB_DPS_2026_2027_GUJ_UNI_UG_MED_Y4_MED,GSEB,DPS,GUJ,UNI_UG_MED_Y4,MED,C,2026-2027,1,Student cohort for MBBS (Medical) - Year 4 MED Division C in 2026-2027.
DPS-2026-GSEB-GUJ-UNI_UG_MED_Y4-MED-D,DPS 2026-2027 Gujarati Medium MBBS (Medical) - Year 4 MED Division D,DPS-2026-GSEB-GUJ-UNI_UG_MED_Y4-MED-D,DRONA_TRUST_GSEB_DPS_2026_2027_GUJ_UNI_UG_MED_Y4_MED,GSEB,DPS,GUJ,UNI_UG_MED_Y4,MED,D,2026-2027,1,Student cohort for MBBS (Medical) - Year 4 MED Division D in 2026-2027.
DPS-2026-GSEB-GUJ-UNI_UG_MED_Y4-MED-E,DPS 2026-2027 Gujarati Medium MBBS (Medical) - Year 4 MED Division E,DPS-2026-GSEB-GUJ-UNI_UG_MED_Y4-MED-E,DRONA_TRUST_GSEB_DPS_2026_2027_GUJ_UNI_UG_MED_Y4_MED,GSEB,DPS,GUJ,UNI_UG_MED_Y4,MED,E,2026-2027,1,Student cohort for MBBS (Medical) - Year 4 MED Division E in 2026-2027.
DPS-2026-GSEB-GUJ-UNI_UG_MED_Y4-MED-F,DPS 2026-2027 Gujarati Medium MBBS (Medical) - Year 4 MED Division F,DPS-2026-GSEB-GUJ-UNI_UG_MED_Y4-MED-F,DRONA_TRUST_GSEB_DPS_2026_2027_GUJ_UNI_UG_MED_Y4_MED,GSEB,DPS,GUJ,UNI_UG_MED_Y4,MED,F,2026-2027,1,Student cohort for MBBS (Medical) - Year 4 MED Division F in 2026-2027.
DPS-2026-GSEB-GUJ-UNI_UG_MED_Y5-MED-A,DPS 2026-2027 Gujarati Medium MBBS (Medical) - Year 5 MED Division A,DPS-2026-GSEB-GUJ-UNI_UG_MED_Y5-MED-A,DRONA_TRUST_GSEB_DPS_2026_2027_GUJ_UNI_UG_MED_Y5_MED,GSEB,DPS,GUJ,UNI_UG_MED_Y5,MED,A,2026-2027,1,Student cohort for MBBS (Medical) - Year 5 MED Division A in 2026-2027.
DPS-2026-GSEB-GUJ-UNI_UG_MED_Y5-MED-B,DPS 2026-2027 Gujarati Medium MBBS (Medical) - Year 5 MED Division B,DPS-2026-GSEB-GUJ-UNI_UG_MED_Y5-MED-B,DRONA_TRUST_GSEB_DPS_2026_2027_GUJ_UNI_UG_MED_Y5_MED,GSEB,DPS,GUJ,UNI_UG_MED_Y5,MED,B,2026-2027,1,Student cohort for MBBS (Medical) - Year 5 MED Division B in 2026-2027.
DPS-2026-GSEB-GUJ-UNI_UG_MED_Y5-MED-C,DPS 2026-2027 Gujarati Medium MBBS (Medical) - Year 5 MED Division C,DPS-2026-GSEB-GUJ-UNI_UG_MED_Y5-MED-C,DRONA_TRUST_GSEB_DPS_2026_2027_GUJ_UNI_UG_MED_Y5_MED,GSEB,DPS,GUJ,UNI_UG_MED_Y5,MED,C,2026-2027,1,Student cohort for MBBS (Medical) - Year 5 MED Division C in 2026-2027.
DPS-2026-GSEB-GUJ-UNI_UG_MED_Y5-MED-D,DPS 2026-2027 Gujarati Medium MBBS (Medical) - Year 5 MED Division D,DPS-2026-GSEB-GUJ-UNI_UG_MED_Y5-MED-D,DRONA_TRUST_GSEB_DPS_2026_2027_GUJ_UNI_UG_MED_Y5_MED,GSEB,DPS,GUJ,UNI_UG_MED_Y5,MED,D,2026-2027,1,Student cohort for MBBS (Medical) - Year 5 MED Division D in 2026-2027.
DPS-2026-GSEB-GUJ-UNI_UG_MED_Y5-MED-E,DPS 2026-2027 Gujarati Medium MBBS (Medical) - Year 5 MED Division E,DPS-2026-GSEB-GUJ-UNI_UG_MED_Y5-MED-E,DRONA_TRUST_GSEB_DPS_2026_2027_GUJ_UNI_UG_MED_Y5_MED,GSEB,DPS,GUJ,UNI_UG_MED_Y5,MED,E,2026-2027,1,Student cohort for MBBS (Medical) - Year 5 MED Division E in 2026-2027.
DPS-2026-GSEB-GUJ-UNI_UG_MED_Y5-MED-F,DPS 2026-2027 Gujarati Medium MBBS (Medical) - Year 5 MED Division F,DPS-2026-GSEB-GUJ-UNI_UG_MED_Y5-MED-F,DRONA_TRUST_GSEB_DPS_2026_2027_GUJ_UNI_UG_MED_Y5_MED,GSEB,DPS,GUJ,UNI_UG_MED_Y5,MED,F,2026-2027,1,Student cohort for MBBS (Medical) - Year 5 MED Division F in 2026-2027.
DPS-2026-GSEB-GUJ-NUR_BSC_Y1-NUR-A,DPS 2026-2027 Gujarati Medium B.Sc Nursing - Y1 NUR Division A,DPS-2026-GSEB-GUJ-NUR_BSC_Y1-NUR-A,DRONA_TRUST_GSEB_DPS_2026_2027_GUJ_NUR_BSC_Y1_NUR,GSEB,DPS,GUJ,NUR_BSC_Y1,NUR,A,2026-2027,1,Student cohort for B.Sc Nursing - Y1 NUR Division A in 2026-2027.
DPS-2026-GSEB-GUJ-NUR_BSC_Y1-NUR-B,DPS 2026-2027 Gujarati Medium B.Sc Nursing - Y1 NUR Division B,DPS-2026-GSEB-GUJ-NUR_BSC_Y1-NUR-B,DRONA_TRUST_GSEB_DPS_2026_2027_GUJ_NUR_BSC_Y1_NUR,GSEB,DPS,GUJ,NUR_BSC_Y1,NUR,B,2026-2027,1,Student cohort for B.Sc Nursing - Y1 NUR Division B in 2026-2027.
DPS-2026-GSEB-GUJ-NUR_BSC_Y1-NUR-C,DPS 2026-2027 Gujarati Medium B.Sc Nursing - Y1 NUR Division C,DPS-2026-GSEB-GUJ-NUR_BSC_Y1-NUR-C,DRONA_TRUST_GSEB_DPS_2026_2027_GUJ_NUR_BSC_Y1_NUR,GSEB,DPS,GUJ,NUR_BSC_Y1,NUR,C,2026-2027,1,Student cohort for B.Sc Nursing - Y1 NUR Division C in 2026-2027.
DPS-2026-GSEB-GUJ-NUR_BSC_Y1-NUR-D,DPS 2026-2027 Gujarati Medium B.Sc Nursing - Y1 NUR Division D,DPS-2026-GSEB-GUJ-NUR_BSC_Y1-NUR-D,DRONA_TRUST_GSEB_DPS_2026_2027_GUJ_NUR_BSC_Y1_NUR,GSEB,DPS,GUJ,NUR_BSC_Y1,NUR,D,2026-2027,1,Student cohort for B.Sc Nursing - Y1 NUR Division D in 2026-2027.
DPS-2026-GSEB-GUJ-NUR_BSC_Y1-NUR-E,DPS 2026-2027 Gujarati Medium B.Sc Nursing - Y1 NUR Division E,DPS-2026-GSEB-GUJ-NUR_BSC_Y1-NUR-E,DRONA_TRUST_GSEB_DPS_2026_2027_GUJ_NUR_BSC_Y1_NUR,GSEB,DPS,GUJ,NUR_BSC_Y1,NUR,E,2026-2027,1,Student cohort for B.Sc Nursing - Y1 NUR Division E in 2026-2027.
DPS-2026-GSEB-GUJ-NUR_BSC_Y1-NUR-F,DPS 2026-2027 Gujarati Medium B.Sc Nursing - Y1 NUR Division F,DPS-2026-GSEB-GUJ-NUR_BSC_Y1-NUR-F,DRONA_TRUST_GSEB_DPS_2026_2027_GUJ_NUR_BSC_Y1_NUR,GSEB,DPS,GUJ,NUR_BSC_Y1,NUR,F,2026-2027,1,Student cohort for B.Sc Nursing - Y1 NUR Division F in 2026-2027.
DPS-2026-GSEB-GUJ-PRO_CA_FND-PRO_FIN-A,DPS 2026-2027 Gujarati Medium CA Foundation (Chartered Accountancy) PRO_FIN Division A,DPS-2026-GSEB-GUJ-PRO_CA_FND-PRO_FIN-A,DRONA_TRUST_GSEB_DPS_2026_2027_GUJ_PRO_CA_FND_PRO_FIN,GSEB,DPS,GUJ,PRO_CA_FND,PRO_FIN,A,2026-2027,1,Student cohort for CA Foundation (Chartered Accountancy) PRO_FIN Division A in 2026-2027.
DPS-2026-GSEB-GUJ-PRO_CA_FND-PRO_FIN-B,DPS 2026-2027 Gujarati Medium CA Foundation (Chartered Accountancy) PRO_FIN Division B,DPS-2026-GSEB-GUJ-PRO_CA_FND-PRO_FIN-B,DRONA_TRUST_GSEB_DPS_2026_2027_GUJ_PRO_CA_FND_PRO_FIN,GSEB,DPS,GUJ,PRO_CA_FND,PRO_FIN,B,2026-2027,1,Student cohort for CA Foundation (Chartered Accountancy) PRO_FIN Division B in 2026-2027.
DPS-2026-GSEB-GUJ-PRO_CA_FND-PRO_FIN-C,DPS 2026-2027 Gujarati Medium CA Foundation (Chartered Accountancy) PRO_FIN Division C,DPS-2026-GSEB-GUJ-PRO_CA_FND-PRO_FIN-C,DRONA_TRUST_GSEB_DPS_2026_2027_GUJ_PRO_CA_FND_PRO_FIN,GSEB,DPS,GUJ,PRO_CA_FND,PRO_FIN,C,2026-2027,1,Student cohort for CA Foundation (Chartered Accountancy) PRO_FIN Division C in 2026-2027.
DPS-2026-GSEB-GUJ-PRO_CA_FND-PRO_FIN-D,DPS 2026-2027 Gujarati Medium CA Foundation (Chartered Accountancy) PRO_FIN Division D,DPS-2026-GSEB-GUJ-PRO_CA_FND-PRO_FIN-D,DRONA_TRUST_GSEB_DPS_2026_2027_GUJ_PRO_CA_FND_PRO_FIN,GSEB,DPS,GUJ,PRO_CA_FND,PRO_FIN,D,2026-2027,1,Student cohort for CA Foundation (Chartered Accountancy) PRO_FIN Division D in 2026-2027.
DPS-2026-GSEB-GUJ-PRO_CA_FND-PRO_FIN-E,DPS 2026-2027 Gujarati Medium CA Foundation (Chartered Accountancy) PRO_FIN Division E,DPS-2026-GSEB-GUJ-PRO_CA_FND-PRO_FIN-E,DRONA_TRUST_GSEB_DPS_2026_2027_GUJ_PRO_CA_FND_PRO_FIN,GSEB,DPS,GUJ,PRO_CA_FND,PRO_FIN,E,2026-2027,1,Student cohort for CA Foundation (Chartered Accountancy) PRO_FIN Division E in 2026-2027.
DPS-2026-GSEB-GUJ-PRO_CA_FND-PRO_FIN-F,DPS 2026-2027 Gujarati Medium CA Foundation (Chartered Accountancy) PRO_FIN Division F,DPS-2026-GSEB-GUJ-PRO_CA_FND-PRO_FIN-F,DRONA_TRUST_GSEB_DPS_2026_2027_GUJ_PRO_CA_FND_PRO_FIN,GSEB,DPS,GUJ,PRO_CA_FND,PRO_FIN,F,2026-2027,1,Student cohort for CA Foundation (Chartered Accountancy) PRO_FIN Division F in 2026-2027.
DPS-2026-GSEB-GUJ-PRO_CA_INT-PRO_FIN-A,DPS 2026-2027 Gujarati Medium CA Intermediate PRO_FIN Division A,DPS-2026-GSEB-GUJ-PRO_CA_INT-PRO_FIN-A,DRONA_TRUST_GSEB_DPS_2026_2027_GUJ_PRO_CA_INT_PRO_FIN,GSEB,DPS,GUJ,PRO_CA_INT,PRO_FIN,A,2026-2027,1,Student cohort for CA Intermediate PRO_FIN Division A in 2026-2027.
DPS-2026-GSEB-GUJ-PRO_CA_INT-PRO_FIN-B,DPS 2026-2027 Gujarati Medium CA Intermediate PRO_FIN Division B,DPS-2026-GSEB-GUJ-PRO_CA_INT-PRO_FIN-B,DRONA_TRUST_GSEB_DPS_2026_2027_GUJ_PRO_CA_INT_PRO_FIN,GSEB,DPS,GUJ,PRO_CA_INT,PRO_FIN,B,2026-2027,1,Student cohort for CA Intermediate PRO_FIN Division B in 2026-2027.
DPS-2026-GSEB-GUJ-PRO_CA_INT-PRO_FIN-C,DPS 2026-2027 Gujarati Medium CA Intermediate PRO_FIN Division C,DPS-2026-GSEB-GUJ-PRO_CA_INT-PRO_FIN-C,DRONA_TRUST_GSEB_DPS_2026_2027_GUJ_PRO_CA_INT_PRO_FIN,GSEB,DPS,GUJ,PRO_CA_INT,PRO_FIN,C,2026-2027,1,Student cohort for CA Intermediate PRO_FIN Division C in 2026-2027.
DPS-2026-GSEB-GUJ-PRO_CA_INT-PRO_FIN-D,DPS 2026-2027 Gujarati Medium CA Intermediate PRO_FIN Division D,DPS-2026-GSEB-GUJ-PRO_CA_INT-PRO_FIN-D,DRONA_TRUST_GSEB_DPS_2026_2027_GUJ_PRO_CA_INT_PRO_FIN,GSEB,DPS,GUJ,PRO_CA_INT,PRO_FIN,D,2026-2027,1,Student cohort for CA Intermediate PRO_FIN Division D in 2026-2027.
DPS-2026-GSEB-GUJ-PRO_CA_INT-PRO_FIN-E,DPS 2026-2027 Gujarati Medium CA Intermediate PRO_FIN Division E,DPS-2026-GSEB-GUJ-PRO_CA_INT-PRO_FIN-E,DRONA_TRUST_GSEB_DPS_2026_2027_GUJ_PRO_CA_INT_PRO_FIN,GSEB,DPS,GUJ,PRO_CA_INT,PRO_FIN,E,2026-2027,1,Student cohort for CA Intermediate PRO_FIN Division E in 2026-2027.
DPS-2026-GSEB-GUJ-PRO_CA_INT-PRO_FIN-F,DPS 2026-2027 Gujarati Medium CA Intermediate PRO_FIN Division F,DPS-2026-GSEB-GUJ-PRO_CA_INT-PRO_FIN-F,DRONA_TRUST_GSEB_DPS_2026_2027_GUJ_PRO_CA_INT_PRO_FIN,GSEB,DPS,GUJ,PRO_CA_INT,PRO_FIN,F,2026-2027,1,Student cohort for CA Intermediate PRO_FIN Division F in 2026-2027.
DPS-2026-GSEB-GUJ-PRO_CA_FIN-PRO_FIN-A,DPS 2026-2027 Gujarati Medium CA Final PRO_FIN Division A,DPS-2026-GSEB-GUJ-PRO_CA_FIN-PRO_FIN-A,DRONA_TRUST_GSEB_DPS_2026_2027_GUJ_PRO_CA_FIN_PRO_FIN,GSEB,DPS,GUJ,PRO_CA_FIN,PRO_FIN,A,2026-2027,1,Student cohort for CA Final PRO_FIN Division A in 2026-2027.
DPS-2026-GSEB-GUJ-PRO_CA_FIN-PRO_FIN-B,DPS 2026-2027 Gujarati Medium CA Final PRO_FIN Division B,DPS-2026-GSEB-GUJ-PRO_CA_FIN-PRO_FIN-B,DRONA_TRUST_GSEB_DPS_2026_2027_GUJ_PRO_CA_FIN_PRO_FIN,GSEB,DPS,GUJ,PRO_CA_FIN,PRO_FIN,B,2026-2027,1,Student cohort for CA Final PRO_FIN Division B in 2026-2027.
DPS-2026-GSEB-GUJ-PRO_CA_FIN-PRO_FIN-C,DPS 2026-2027 Gujarati Medium CA Final PRO_FIN Division C,DPS-2026-GSEB-GUJ-PRO_CA_FIN-PRO_FIN-C,DRONA_TRUST_GSEB_DPS_2026_2027_GUJ_PRO_CA_FIN_PRO_FIN,GSEB,DPS,GUJ,PRO_CA_FIN,PRO_FIN,C,2026-2027,1,Student cohort for CA Final PRO_FIN Division C in 2026-2027.
DPS-2026-GSEB-GUJ-PRO_CA_FIN-PRO_FIN-D,DPS 2026-2027 Gujarati Medium CA Final PRO_FIN Division D,DPS-2026-GSEB-GUJ-PRO_CA_FIN-PRO_FIN-D,DRONA_TRUST_GSEB_DPS_2026_2027_GUJ_PRO_CA_FIN_PRO_FIN,GSEB,DPS,GUJ,PRO_CA_FIN,PRO_FIN,D,2026-2027,1,Student cohort for CA Final PRO_FIN Division D in 2026-2027.
DPS-2026-GSEB-GUJ-PRO_CA_FIN-PRO_FIN-E,DPS 2026-2027 Gujarati Medium CA Final PRO_FIN Division E,DPS-2026-GSEB-GUJ-PRO_CA_FIN-PRO_FIN-E,DRONA_TRUST_GSEB_DPS_2026_2027_GUJ_PRO_CA_FIN_PRO_FIN,GSEB,DPS,GUJ,PRO_CA_FIN,PRO_FIN,E,2026-2027,1,Student cohort for CA Final PRO_FIN Division E in 2026-2027.
DPS-2026-GSEB-GUJ-PRO_CA_FIN-PRO_FIN-F,DPS 2026-2027 Gujarati Medium CA Final PRO_FIN Division F,DPS-2026-GSEB-GUJ-PRO_CA_FIN-PRO_FIN-F,DRONA_TRUST_GSEB_DPS_2026_2027_GUJ_PRO_CA_FIN_PRO_FIN,GSEB,DPS,GUJ,PRO_CA_FIN,PRO_FIN,F,2026-2027,1,Student cohort for CA Final PRO_FIN Division F in 2026-2027.
DPS-2026-GSEB-GUJ-PRO_CS_EXE-LAW-A,DPS 2026-2027 Gujarati Medium CS Executive (Company Secretary) LAW Division A,DPS-2026-GSEB-GUJ-PRO_CS_EXE-LAW-A,DRONA_TRUST_GSEB_DPS_2026_2027_GUJ_PRO_CS_EXE_LAW,GSEB,DPS,GUJ,PRO_CS_EXE,LAW,A,2026-2027,1,Student cohort for CS Executive (Company Secretary) LAW Division A in 2026-2027.
DPS-2026-GSEB-GUJ-PRO_CS_EXE-LAW-B,DPS 2026-2027 Gujarati Medium CS Executive (Company Secretary) LAW Division B,DPS-2026-GSEB-GUJ-PRO_CS_EXE-LAW-B,DRONA_TRUST_GSEB_DPS_2026_2027_GUJ_PRO_CS_EXE_LAW,GSEB,DPS,GUJ,PRO_CS_EXE,LAW,B,2026-2027,1,Student cohort for CS Executive (Company Secretary) LAW Division B in 2026-2027.
DPS-2026-GSEB-GUJ-PRO_CS_EXE-LAW-C,DPS 2026-2027 Gujarati Medium CS Executive (Company Secretary) LAW Division C,DPS-2026-GSEB-GUJ-PRO_CS_EXE-LAW-C,DRONA_TRUST_GSEB_DPS_2026_2027_GUJ_PRO_CS_EXE_LAW,GSEB,DPS,GUJ,PRO_CS_EXE,LAW,C,2026-2027,1,Student cohort for CS Executive (Company Secretary) LAW Division C in 2026-2027.
DPS-2026-GSEB-GUJ-PRO_CS_EXE-LAW-D,DPS 2026-2027 Gujarati Medium CS Executive (Company Secretary) LAW Division D,DPS-2026-GSEB-GUJ-PRO_CS_EXE-LAW-D,DRONA_TRUST_GSEB_DPS_2026_2027_GUJ_PRO_CS_EXE_LAW,GSEB,DPS,GUJ,PRO_CS_EXE,LAW,D,2026-2027,1,Student cohort for CS Executive (Company Secretary) LAW Division D in 2026-2027.
DPS-2026-GSEB-GUJ-PRO_CS_EXE-LAW-E,DPS 2026-2027 Gujarati Medium CS Executive (Company Secretary) LAW Division E,DPS-2026-GSEB-GUJ-PRO_CS_EXE-LAW-E,DRONA_TRUST_GSEB_DPS_2026_2027_GUJ_PRO_CS_EXE_LAW,GSEB,DPS,GUJ,PRO_CS_EXE,LAW,E,2026-2027,1,Student cohort for CS Executive (Company Secretary) LAW Division E in 2026-2027.
DPS-2026-GSEB-GUJ-PRO_CS_EXE-LAW-F,DPS 2026-2027 Gujarati Medium CS Executive (Company Secretary) LAW Division F,DPS-2026-GSEB-GUJ-PRO_CS_EXE-LAW-F,DRONA_TRUST_GSEB_DPS_2026_2027_GUJ_PRO_CS_EXE_LAW,GSEB,DPS,GUJ,PRO_CS_EXE,LAW,F,2026-2027,1,Student cohort for CS Executive (Company Secretary) LAW Division F in 2026-2027.
DPS-2026-GSEB-GUJ-UNI_PG_AI_Y1-AIE-A,DPS 2026-2027 Gujarati Medium M.Tech Artificial Intelligence - Y1 AIE Division A,DPS-2026-GSEB-GUJ-UNI_PG_AI_Y1-AIE-A,DRONA_TRUST_GSEB_DPS_2026_2027_GUJ_UNI_PG_AI_Y1_AIE,GSEB,DPS,GUJ,UNI_PG_AI_Y1,AIE,A,2026-2027,1,Student cohort for M.Tech Artificial Intelligence - Y1 AIE Division A in 2026-2027.
DPS-2026-GSEB-GUJ-UNI_PG_AI_Y1-AIE-B,DPS 2026-2027 Gujarati Medium M.Tech Artificial Intelligence - Y1 AIE Division B,DPS-2026-GSEB-GUJ-UNI_PG_AI_Y1-AIE-B,DRONA_TRUST_GSEB_DPS_2026_2027_GUJ_UNI_PG_AI_Y1_AIE,GSEB,DPS,GUJ,UNI_PG_AI_Y1,AIE,B,2026-2027,1,Student cohort for M.Tech Artificial Intelligence - Y1 AIE Division B in 2026-2027.
DPS-2026-GSEB-GUJ-UNI_PG_AI_Y1-AIE-C,DPS 2026-2027 Gujarati Medium M.Tech Artificial Intelligence - Y1 AIE Division C,DPS-2026-GSEB-GUJ-UNI_PG_AI_Y1-AIE-C,DRONA_TRUST_GSEB_DPS_2026_2027_GUJ_UNI_PG_AI_Y1_AIE,GSEB,DPS,GUJ,UNI_PG_AI_Y1,AIE,C,2026-2027,1,Student cohort for M.Tech Artificial Intelligence - Y1 AIE Division C in 2026-2027.
DPS-2026-GSEB-GUJ-UNI_PG_AI_Y1-AIE-D,DPS 2026-2027 Gujarati Medium M.Tech Artificial Intelligence - Y1 AIE Division D,DPS-2026-GSEB-GUJ-UNI_PG_AI_Y1-AIE-D,DRONA_TRUST_GSEB_DPS_2026_2027_GUJ_UNI_PG_AI_Y1_AIE,GSEB,DPS,GUJ,UNI_PG_AI_Y1,AIE,D,2026-2027,1,Student cohort for M.Tech Artificial Intelligence - Y1 AIE Division D in 2026-2027.
DPS-2026-GSEB-GUJ-UNI_PG_AI_Y1-AIE-E,DPS 2026-2027 Gujarati Medium M.Tech Artificial Intelligence - Y1 AIE Division E,DPS-2026-GSEB-GUJ-UNI_PG_AI_Y1-AIE-E,DRONA_TRUST_GSEB_DPS_2026_2027_GUJ_UNI_PG_AI_Y1_AIE,GSEB,DPS,GUJ,UNI_PG_AI_Y1,AIE,E,2026-2027,1,Student cohort for M.Tech Artificial Intelligence - Y1 AIE Division E in 2026-2027.
DPS-2026-GSEB-GUJ-UNI_PG_AI_Y1-AIE-F,DPS 2026-2027 Gujarati Medium M.Tech Artificial Intelligence - Y1 AIE Division F,DPS-2026-GSEB-GUJ-UNI_PG_AI_Y1-AIE-F,DRONA_TRUST_GSEB_DPS_2026_2027_GUJ_UNI_PG_AI_Y1_AIE,GSEB,DPS,GUJ,UNI_PG_AI_Y1,AIE,F,2026-2027,1,Student cohort for M.Tech Artificial Intelligence - Y1 AIE Division F in 2026-2027.
DPS-2026-GSEB-GUJ-UNI_PG_AI_Y2-AIE-A,DPS 2026-2027 Gujarati Medium M.Tech Artificial Intelligence - Y2 AIE Division A,DPS-2026-GSEB-GUJ-UNI_PG_AI_Y2-AIE-A,DRONA_TRUST_GSEB_DPS_2026_2027_GUJ_UNI_PG_AI_Y2_AIE,GSEB,DPS,GUJ,UNI_PG_AI_Y2,AIE,A,2026-2027,1,Student cohort for M.Tech Artificial Intelligence - Y2 AIE Division A in 2026-2027.
DPS-2026-GSEB-GUJ-UNI_PG_AI_Y2-AIE-B,DPS 2026-2027 Gujarati Medium M.Tech Artificial Intelligence - Y2 AIE Division B,DPS-2026-GSEB-GUJ-UNI_PG_AI_Y2-AIE-B,DRONA_TRUST_GSEB_DPS_2026_2027_GUJ_UNI_PG_AI_Y2_AIE,GSEB,DPS,GUJ,UNI_PG_AI_Y2,AIE,B,2026-2027,1,Student cohort for M.Tech Artificial Intelligence - Y2 AIE Division B in 2026-2027.
DPS-2026-GSEB-GUJ-UNI_PG_AI_Y2-AIE-C,DPS 2026-2027 Gujarati Medium M.Tech Artificial Intelligence - Y2 AIE Division C,DPS-2026-GSEB-GUJ-UNI_PG_AI_Y2-AIE-C,DRONA_TRUST_GSEB_DPS_2026_2027_GUJ_UNI_PG_AI_Y2_AIE,GSEB,DPS,GUJ,UNI_PG_AI_Y2,AIE,C,2026-2027,1,Student cohort for M.Tech Artificial Intelligence - Y2 AIE Division C in 2026-2027.
DPS-2026-GSEB-GUJ-UNI_PG_AI_Y2-AIE-D,DPS 2026-2027 Gujarati Medium M.Tech Artificial Intelligence - Y2 AIE Division D,DPS-2026-GSEB-GUJ-UNI_PG_AI_Y2-AIE-D,DRONA_TRUST_GSEB_DPS_2026_2027_GUJ_UNI_PG_AI_Y2_AIE,GSEB,DPS,GUJ,UNI_PG_AI_Y2,AIE,D,2026-2027,1,Student cohort for M.Tech Artificial Intelligence - Y2 AIE Division D in 2026-2027.
DPS-2026-GSEB-GUJ-UNI_PG_AI_Y2-AIE-E,DPS 2026-2027 Gujarati Medium M.Tech Artificial Intelligence - Y2 AIE Division E,DPS-2026-GSEB-GUJ-UNI_PG_AI_Y2-AIE-E,DRONA_TRUST_GSEB_DPS_2026_2027_GUJ_UNI_PG_AI_Y2_AIE,GSEB,DPS,GUJ,UNI_PG_AI_Y2,AIE,E,2026-2027,1,Student cohort for M.Tech Artificial Intelligence - Y2 AIE Division E in 2026-2027.
DPS-2026-GSEB-GUJ-UNI_PG_AI_Y2-AIE-F,DPS 2026-2027 Gujarati Medium M.Tech Artificial Intelligence - Y2 AIE Division F,DPS-2026-GSEB-GUJ-UNI_PG_AI_Y2-AIE-F,DRONA_TRUST_GSEB_DPS_2026_2027_GUJ_UNI_PG_AI_Y2_AIE,GSEB,DPS,GUJ,UNI_PG_AI_Y2,AIE,F,2026-2027,1,Student cohort for M.Tech Artificial Intelligence - Y2 AIE Division F in 2026-2027.
DPS-2026-GSEB-GUJ-UNI_PG_MBA_Y1-MGT-A,DPS 2026-2027 Gujarati Medium MBA Business Analytics & Tech - Y1 MGT Division A,DPS-2026-GSEB-GUJ-UNI_PG_MBA_Y1-MGT-A,DRONA_TRUST_GSEB_DPS_2026_2027_GUJ_UNI_PG_MBA_Y1_MGT,GSEB,DPS,GUJ,UNI_PG_MBA_Y1,MGT,A,2026-2027,1,Student cohort for MBA Business Analytics & Tech - Y1 MGT Division A in 2026-2027.
DPS-2026-GSEB-GUJ-UNI_PG_MBA_Y1-MGT-B,DPS 2026-2027 Gujarati Medium MBA Business Analytics & Tech - Y1 MGT Division B,DPS-2026-GSEB-GUJ-UNI_PG_MBA_Y1-MGT-B,DRONA_TRUST_GSEB_DPS_2026_2027_GUJ_UNI_PG_MBA_Y1_MGT,GSEB,DPS,GUJ,UNI_PG_MBA_Y1,MGT,B,2026-2027,1,Student cohort for MBA Business Analytics & Tech - Y1 MGT Division B in 2026-2027.
DPS-2026-GSEB-GUJ-UNI_PG_MBA_Y1-MGT-C,DPS 2026-2027 Gujarati Medium MBA Business Analytics & Tech - Y1 MGT Division C,DPS-2026-GSEB-GUJ-UNI_PG_MBA_Y1-MGT-C,DRONA_TRUST_GSEB_DPS_2026_2027_GUJ_UNI_PG_MBA_Y1_MGT,GSEB,DPS,GUJ,UNI_PG_MBA_Y1,MGT,C,2026-2027,1,Student cohort for MBA Business Analytics & Tech - Y1 MGT Division C in 2026-2027.
DPS-2026-GSEB-GUJ-UNI_PG_MBA_Y1-MGT-D,DPS 2026-2027 Gujarati Medium MBA Business Analytics & Tech - Y1 MGT Division D,DPS-2026-GSEB-GUJ-UNI_PG_MBA_Y1-MGT-D,DRONA_TRUST_GSEB_DPS_2026_2027_GUJ_UNI_PG_MBA_Y1_MGT,GSEB,DPS,GUJ,UNI_PG_MBA_Y1,MGT,D,2026-2027,1,Student cohort for MBA Business Analytics & Tech - Y1 MGT Division D in 2026-2027.
DPS-2026-GSEB-GUJ-UNI_PG_MBA_Y1-MGT-E,DPS 2026-2027 Gujarati Medium MBA Business Analytics & Tech - Y1 MGT Division E,DPS-2026-GSEB-GUJ-UNI_PG_MBA_Y1-MGT-E,DRONA_TRUST_GSEB_DPS_2026_2027_GUJ_UNI_PG_MBA_Y1_MGT,GSEB,DPS,GUJ,UNI_PG_MBA_Y1,MGT,E,2026-2027,1,Student cohort for MBA Business Analytics & Tech - Y1 MGT Division E in 2026-2027.
DPS-2026-GSEB-GUJ-UNI_PG_MBA_Y1-MGT-F,DPS 2026-2027 Gujarati Medium MBA Business Analytics & Tech - Y1 MGT Division F,DPS-2026-GSEB-GUJ-UNI_PG_MBA_Y1-MGT-F,DRONA_TRUST_GSEB_DPS_2026_2027_GUJ_UNI_PG_MBA_Y1_MGT,GSEB,DPS,GUJ,UNI_PG_MBA_Y1,MGT,F,2026-2027,1,Student cohort for MBA Business Analytics & Tech - Y1 MGT Division F in 2026-2027.
DPS-2026-GSEB-GUJ-UNI_PG_MBA_Y2-MGT-A,DPS 2026-2027 Gujarati Medium MBA Business Analytics & Tech - Y2 MGT Division A,DPS-2026-GSEB-GUJ-UNI_PG_MBA_Y2-MGT-A,DRONA_TRUST_GSEB_DPS_2026_2027_GUJ_UNI_PG_MBA_Y2_MGT,GSEB,DPS,GUJ,UNI_PG_MBA_Y2,MGT,A,2026-2027,1,Student cohort for MBA Business Analytics & Tech - Y2 MGT Division A in 2026-2027.
DPS-2026-GSEB-GUJ-UNI_PG_MBA_Y2-MGT-B,DPS 2026-2027 Gujarati Medium MBA Business Analytics & Tech - Y2 MGT Division B,DPS-2026-GSEB-GUJ-UNI_PG_MBA_Y2-MGT-B,DRONA_TRUST_GSEB_DPS_2026_2027_GUJ_UNI_PG_MBA_Y2_MGT,GSEB,DPS,GUJ,UNI_PG_MBA_Y2,MGT,B,2026-2027,1,Student cohort for MBA Business Analytics & Tech - Y2 MGT Division B in 2026-2027.
DPS-2026-GSEB-GUJ-UNI_PG_MBA_Y2-MGT-C,DPS 2026-2027 Gujarati Medium MBA Business Analytics & Tech - Y2 MGT Division C,DPS-2026-GSEB-GUJ-UNI_PG_MBA_Y2-MGT-C,DRONA_TRUST_GSEB_DPS_2026_2027_GUJ_UNI_PG_MBA_Y2_MGT,GSEB,DPS,GUJ,UNI_PG_MBA_Y2,MGT,C,2026-2027,1,Student cohort for MBA Business Analytics & Tech - Y2 MGT Division C in 2026-2027.
DPS-2026-GSEB-GUJ-UNI_PG_MBA_Y2-MGT-D,DPS 2026-2027 Gujarati Medium MBA Business Analytics & Tech - Y2 MGT Division D,DPS-2026-GSEB-GUJ-UNI_PG_MBA_Y2-MGT-D,DRONA_TRUST_GSEB_DPS_2026_2027_GUJ_UNI_PG_MBA_Y2_MGT,GSEB,DPS,GUJ,UNI_PG_MBA_Y2,MGT,D,2026-2027,1,Student cohort for MBA Business Analytics & Tech - Y2 MGT Division D in 2026-2027.
DPS-2026-GSEB-GUJ-UNI_PG_MBA_Y2-MGT-E,DPS 2026-2027 Gujarati Medium MBA Business Analytics & Tech - Y2 MGT Division E,DPS-2026-GSEB-GUJ-UNI_PG_MBA_Y2-MGT-E,DRONA_TRUST_GSEB_DPS_2026_2027_GUJ_UNI_PG_MBA_Y2_MGT,GSEB,DPS,GUJ,UNI_PG_MBA_Y2,MGT,E,2026-2027,1,Student cohort for MBA Business Analytics & Tech - Y2 MGT Division E in 2026-2027.
DPS-2026-GSEB-GUJ-UNI_PG_MBA_Y2-MGT-F,DPS 2026-2027 Gujarati Medium MBA Business Analytics & Tech - Y2 MGT Division F,DPS-2026-GSEB-GUJ-UNI_PG_MBA_Y2-MGT-F,DRONA_TRUST_GSEB_DPS_2026_2027_GUJ_UNI_PG_MBA_Y2_MGT,GSEB,DPS,GUJ,UNI_PG_MBA_Y2,MGT,F,2026-2027,1,Student cohort for MBA Business Analytics & Tech - Y2 MGT Division F in 2026-2027.
DPS-2026-GSEB-GUJ-UNI_PG_LAW_Y1-LAW-A,DPS 2026-2027 Gujarati Medium LL.M (Corporate & Tech Law) - Y1 LAW Division A,DPS-2026-GSEB-GUJ-UNI_PG_LAW_Y1-LAW-A,DRONA_TRUST_GSEB_DPS_2026_2027_GUJ_UNI_PG_LAW_Y1_LAW,GSEB,DPS,GUJ,UNI_PG_LAW_Y1,LAW,A,2026-2027,1,Student cohort for LL.M (Corporate & Tech Law) - Y1 LAW Division A in 2026-2027.
DPS-2026-GSEB-GUJ-UNI_PG_LAW_Y1-LAW-B,DPS 2026-2027 Gujarati Medium LL.M (Corporate & Tech Law) - Y1 LAW Division B,DPS-2026-GSEB-GUJ-UNI_PG_LAW_Y1-LAW-B,DRONA_TRUST_GSEB_DPS_2026_2027_GUJ_UNI_PG_LAW_Y1_LAW,GSEB,DPS,GUJ,UNI_PG_LAW_Y1,LAW,B,2026-2027,1,Student cohort for LL.M (Corporate & Tech Law) - Y1 LAW Division B in 2026-2027.
DPS-2026-GSEB-GUJ-UNI_PG_LAW_Y1-LAW-C,DPS 2026-2027 Gujarati Medium LL.M (Corporate & Tech Law) - Y1 LAW Division C,DPS-2026-GSEB-GUJ-UNI_PG_LAW_Y1-LAW-C,DRONA_TRUST_GSEB_DPS_2026_2027_GUJ_UNI_PG_LAW_Y1_LAW,GSEB,DPS,GUJ,UNI_PG_LAW_Y1,LAW,C,2026-2027,1,Student cohort for LL.M (Corporate & Tech Law) - Y1 LAW Division C in 2026-2027.
DPS-2026-GSEB-GUJ-UNI_PG_LAW_Y1-LAW-D,DPS 2026-2027 Gujarati Medium LL.M (Corporate & Tech Law) - Y1 LAW Division D,DPS-2026-GSEB-GUJ-UNI_PG_LAW_Y1-LAW-D,DRONA_TRUST_GSEB_DPS_2026_2027_GUJ_UNI_PG_LAW_Y1_LAW,GSEB,DPS,GUJ,UNI_PG_LAW_Y1,LAW,D,2026-2027,1,Student cohort for LL.M (Corporate & Tech Law) - Y1 LAW Division D in 2026-2027.
DPS-2026-GSEB-GUJ-UNI_PG_LAW_Y1-LAW-E,DPS 2026-2027 Gujarati Medium LL.M (Corporate & Tech Law) - Y1 LAW Division E,DPS-2026-GSEB-GUJ-UNI_PG_LAW_Y1-LAW-E,DRONA_TRUST_GSEB_DPS_2026_2027_GUJ_UNI_PG_LAW_Y1_LAW,GSEB,DPS,GUJ,UNI_PG_LAW_Y1,LAW,E,2026-2027,1,Student cohort for LL.M (Corporate & Tech Law) - Y1 LAW Division E in 2026-2027.
DPS-2026-GSEB-GUJ-UNI_PG_LAW_Y1-LAW-F,DPS 2026-2027 Gujarati Medium LL.M (Corporate & Tech Law) - Y1 LAW Division F,DPS-2026-GSEB-GUJ-UNI_PG_LAW_Y1-LAW-F,DRONA_TRUST_GSEB_DPS_2026_2027_GUJ_UNI_PG_LAW_Y1_LAW,GSEB,DPS,GUJ,UNI_PG_LAW_Y1,LAW,F,2026-2027,1,Student cohort for LL.M (Corporate & Tech Law) - Y1 LAW Division F in 2026-2027.
DPS-2026-GSEB-GUJ-UNI_PG_LAW_Y2-LAW-A,DPS 2026-2027 Gujarati Medium LL.M (Corporate & Tech Law) - Y2 LAW Division A,DPS-2026-GSEB-GUJ-UNI_PG_LAW_Y2-LAW-A,DRONA_TRUST_GSEB_DPS_2026_2027_GUJ_UNI_PG_LAW_Y2_LAW,GSEB,DPS,GUJ,UNI_PG_LAW_Y2,LAW,A,2026-2027,1,Student cohort for LL.M (Corporate & Tech Law) - Y2 LAW Division A in 2026-2027.
DPS-2026-GSEB-GUJ-UNI_PG_LAW_Y2-LAW-B,DPS 2026-2027 Gujarati Medium LL.M (Corporate & Tech Law) - Y2 LAW Division B,DPS-2026-GSEB-GUJ-UNI_PG_LAW_Y2-LAW-B,DRONA_TRUST_GSEB_DPS_2026_2027_GUJ_UNI_PG_LAW_Y2_LAW,GSEB,DPS,GUJ,UNI_PG_LAW_Y2,LAW,B,2026-2027,1,Student cohort for LL.M (Corporate & Tech Law) - Y2 LAW Division B in 2026-2027.
DPS-2026-GSEB-GUJ-UNI_PG_LAW_Y2-LAW-C,DPS 2026-2027 Gujarati Medium LL.M (Corporate & Tech Law) - Y2 LAW Division C,DPS-2026-GSEB-GUJ-UNI_PG_LAW_Y2-LAW-C,DRONA_TRUST_GSEB_DPS_2026_2027_GUJ_UNI_PG_LAW_Y2_LAW,GSEB,DPS,GUJ,UNI_PG_LAW_Y2,LAW,C,2026-2027,1,Student cohort for LL.M (Corporate & Tech Law) - Y2 LAW Division C in 2026-2027.
DPS-2026-GSEB-GUJ-UNI_PG_LAW_Y2-LAW-D,DPS 2026-2027 Gujarati Medium LL.M (Corporate & Tech Law) - Y2 LAW Division D,DPS-2026-GSEB-GUJ-UNI_PG_LAW_Y2-LAW-D,DRONA_TRUST_GSEB_DPS_2026_2027_GUJ_UNI_PG_LAW_Y2_LAW,GSEB,DPS,GUJ,UNI_PG_LAW_Y2,LAW,D,2026-2027,1,Student cohort for LL.M (Corporate & Tech Law) - Y2 LAW Division D in 2026-2027.
DPS-2026-GSEB-GUJ-UNI_PG_LAW_Y2-LAW-E,DPS 2026-2027 Gujarati Medium LL.M (Corporate & Tech Law) - Y2 LAW Division E,DPS-2026-GSEB-GUJ-UNI_PG_LAW_Y2-LAW-E,DRONA_TRUST_GSEB_DPS_2026_2027_GUJ_UNI_PG_LAW_Y2_LAW,GSEB,DPS,GUJ,UNI_PG_LAW_Y2,LAW,E,2026-2027,1,Student cohort for LL.M (Corporate & Tech Law) - Y2 LAW Division E in 2026-2027.
DPS-2026-GSEB-GUJ-UNI_PG_LAW_Y2-LAW-F,DPS 2026-2027 Gujarati Medium LL.M (Corporate & Tech Law) - Y2 LAW Division F,DPS-2026-GSEB-GUJ-UNI_PG_LAW_Y2-LAW-F,DRONA_TRUST_GSEB_DPS_2026_2027_GUJ_UNI_PG_LAW_Y2_LAW,GSEB,DPS,GUJ,UNI_PG_LAW_Y2,LAW,F,2026-2027,1,Student cohort for LL.M (Corporate & Tech Law) - Y2 LAW Division F in 2026-2027.
DPS-2026-GSEB-GUJ-UNI_PHD_AI-RES-A,DPS 2026-2027 Gujarati Medium Ph.D. Artificial Intelligence & Ethics RES Division A,DPS-2026-GSEB-GUJ-UNI_PHD_AI-RES-A,DRONA_TRUST_GSEB_DPS_2026_2027_GUJ_UNI_PHD_AI_RES,GSEB,DPS,GUJ,UNI_PHD_AI,RES,A,2026-2027,1,Student cohort for Ph.D. Artificial Intelligence & Ethics RES Division A in 2026-2027.
DPS-2026-GSEB-GUJ-UNI_PHD_AI-RES-B,DPS 2026-2027 Gujarati Medium Ph.D. Artificial Intelligence & Ethics RES Division B,DPS-2026-GSEB-GUJ-UNI_PHD_AI-RES-B,DRONA_TRUST_GSEB_DPS_2026_2027_GUJ_UNI_PHD_AI_RES,GSEB,DPS,GUJ,UNI_PHD_AI,RES,B,2026-2027,1,Student cohort for Ph.D. Artificial Intelligence & Ethics RES Division B in 2026-2027.
DPS-2026-GSEB-GUJ-UNI_PHD_AI-RES-C,DPS 2026-2027 Gujarati Medium Ph.D. Artificial Intelligence & Ethics RES Division C,DPS-2026-GSEB-GUJ-UNI_PHD_AI-RES-C,DRONA_TRUST_GSEB_DPS_2026_2027_GUJ_UNI_PHD_AI_RES,GSEB,DPS,GUJ,UNI_PHD_AI,RES,C,2026-2027,1,Student cohort for Ph.D. Artificial Intelligence & Ethics RES Division C in 2026-2027.
DPS-2026-GSEB-GUJ-UNI_PHD_AI-RES-D,DPS 2026-2027 Gujarati Medium Ph.D. Artificial Intelligence & Ethics RES Division D,DPS-2026-GSEB-GUJ-UNI_PHD_AI-RES-D,DRONA_TRUST_GSEB_DPS_2026_2027_GUJ_UNI_PHD_AI_RES,GSEB,DPS,GUJ,UNI_PHD_AI,RES,D,2026-2027,1,Student cohort for Ph.D. Artificial Intelligence & Ethics RES Division D in 2026-2027.
DPS-2026-GSEB-GUJ-UNI_PHD_AI-RES-E,DPS 2026-2027 Gujarati Medium Ph.D. Artificial Intelligence & Ethics RES Division E,DPS-2026-GSEB-GUJ-UNI_PHD_AI-RES-E,DRONA_TRUST_GSEB_DPS_2026_2027_GUJ_UNI_PHD_AI_RES,GSEB,DPS,GUJ,UNI_PHD_AI,RES,E,2026-2027,1,Student cohort for Ph.D. Artificial Intelligence & Ethics RES Division E in 2026-2027.
DPS-2026-GSEB-GUJ-UNI_PHD_AI-RES-F,DPS 2026-2027 Gujarati Medium Ph.D. Artificial Intelligence & Ethics RES Division F,DPS-2026-GSEB-GUJ-UNI_PHD_AI-RES-F,DRONA_TRUST_GSEB_DPS_2026_2027_GUJ_UNI_PHD_AI_RES,GSEB,DPS,GUJ,UNI_PHD_AI,RES,F,2026-2027,1,Student cohort for Ph.D. Artificial Intelligence & Ethics RES Division F in 2026-2027.
DPS-2026-GSEB-GUJ-UNI_PHD_DS-RES-A,DPS 2026-2027 Gujarati Medium Ph.D. Data Science & Big Data RES Division A,DPS-2026-GSEB-GUJ-UNI_PHD_DS-RES-A,DRONA_TRUST_GSEB_DPS_2026_2027_GUJ_UNI_PHD_DS_RES,GSEB,DPS,GUJ,UNI_PHD_DS,RES,A,2026-2027,1,Student cohort for Ph.D. Data Science & Big Data RES Division A in 2026-2027.
DPS-2026-GSEB-GUJ-UNI_PHD_DS-RES-B,DPS 2026-2027 Gujarati Medium Ph.D. Data Science & Big Data RES Division B,DPS-2026-GSEB-GUJ-UNI_PHD_DS-RES-B,DRONA_TRUST_GSEB_DPS_2026_2027_GUJ_UNI_PHD_DS_RES,GSEB,DPS,GUJ,UNI_PHD_DS,RES,B,2026-2027,1,Student cohort for Ph.D. Data Science & Big Data RES Division B in 2026-2027.
DPS-2026-GSEB-GUJ-UNI_PHD_DS-RES-C,DPS 2026-2027 Gujarati Medium Ph.D. Data Science & Big Data RES Division C,DPS-2026-GSEB-GUJ-UNI_PHD_DS-RES-C,DRONA_TRUST_GSEB_DPS_2026_2027_GUJ_UNI_PHD_DS_RES,GSEB,DPS,GUJ,UNI_PHD_DS,RES,C,2026-2027,1,Student cohort for Ph.D. Data Science & Big Data RES Division C in 2026-2027.
DPS-2026-GSEB-GUJ-UNI_PHD_DS-RES-D,DPS 2026-2027 Gujarati Medium Ph.D. Data Science & Big Data RES Division D,DPS-2026-GSEB-GUJ-UNI_PHD_DS-RES-D,DRONA_TRUST_GSEB_DPS_2026_2027_GUJ_UNI_PHD_DS_RES,GSEB,DPS,GUJ,UNI_PHD_DS,RES,D,2026-2027,1,Student cohort for Ph.D. Data Science & Big Data RES Division D in 2026-2027.
DPS-2026-GSEB-GUJ-UNI_PHD_DS-RES-E,DPS 2026-2027 Gujarati Medium Ph.D. Data Science & Big Data RES Division E,DPS-2026-GSEB-GUJ-UNI_PHD_DS-RES-E,DRONA_TRUST_GSEB_DPS_2026_2027_GUJ_UNI_PHD_DS_RES,GSEB,DPS,GUJ,UNI_PHD_DS,RES,E,2026-2027,1,Student cohort for Ph.D. Data Science & Big Data RES Division E in 2026-2027.
DPS-2026-GSEB-GUJ-UNI_PHD_DS-RES-F,DPS 2026-2027 Gujarati Medium Ph.D. Data Science & Big Data RES Division F,DPS-2026-GSEB-GUJ-UNI_PHD_DS-RES-F,DRONA_TRUST_GSEB_DPS_2026_2027_GUJ_UNI_PHD_DS_RES,GSEB,DPS,GUJ,UNI_PHD_DS,RES,F,2026-2027,1,Student cohort for Ph.D. Data Science & Big Data RES Division F in 2026-2027.
DPS-2026-GSEB-GUJ-UNI_PHD_RE-RES-A,DPS 2026-2027 Gujarati Medium Ph.D. Renewable Energy & Smart Grid RES Division A,DPS-2026-GSEB-GUJ-UNI_PHD_RE-RES-A,DRONA_TRUST_GSEB_DPS_2026_2027_GUJ_UNI_PHD_RE_RES,GSEB,DPS,GUJ,UNI_PHD_RE,RES,A,2026-2027,1,Student cohort for Ph.D. Renewable Energy & Smart Grid RES Division A in 2026-2027.
DPS-2026-GSEB-GUJ-UNI_PHD_RE-RES-B,DPS 2026-2027 Gujarati Medium Ph.D. Renewable Energy & Smart Grid RES Division B,DPS-2026-GSEB-GUJ-UNI_PHD_RE-RES-B,DRONA_TRUST_GSEB_DPS_2026_2027_GUJ_UNI_PHD_RE_RES,GSEB,DPS,GUJ,UNI_PHD_RE,RES,B,2026-2027,1,Student cohort for Ph.D. Renewable Energy & Smart Grid RES Division B in 2026-2027.
DPS-2026-GSEB-GUJ-UNI_PHD_RE-RES-C,DPS 2026-2027 Gujarati Medium Ph.D. Renewable Energy & Smart Grid RES Division C,DPS-2026-GSEB-GUJ-UNI_PHD_RE-RES-C,DRONA_TRUST_GSEB_DPS_2026_2027_GUJ_UNI_PHD_RE_RES,GSEB,DPS,GUJ,UNI_PHD_RE,RES,C,2026-2027,1,Student cohort for Ph.D. Renewable Energy & Smart Grid RES Division C in 2026-2027.
DPS-2026-GSEB-GUJ-UNI_PHD_RE-RES-D,DPS 2026-2027 Gujarati Medium Ph.D. Renewable Energy & Smart Grid RES Division D,DPS-2026-GSEB-GUJ-UNI_PHD_RE-RES-D,DRONA_TRUST_GSEB_DPS_2026_2027_GUJ_UNI_PHD_RE_RES,GSEB,DPS,GUJ,UNI_PHD_RE,RES,D,2026-2027,1,Student cohort for Ph.D. Renewable Energy & Smart Grid RES Division D in 2026-2027.
DPS-2026-GSEB-GUJ-UNI_PHD_RE-RES-E,DPS 2026-2027 Gujarati Medium Ph.D. Renewable Energy & Smart Grid RES Division E,DPS-2026-GSEB-GUJ-UNI_PHD_RE-RES-E,DRONA_TRUST_GSEB_DPS_2026_2027_GUJ_UNI_PHD_RE_RES,GSEB,DPS,GUJ,UNI_PHD_RE,RES,E,2026-2027,1,Student cohort for Ph.D. Renewable Energy & Smart Grid RES Division E in 2026-2027.
DPS-2026-GSEB-GUJ-UNI_PHD_RE-RES-F,DPS 2026-2027 Gujarati Medium Ph.D. Renewable Energy & Smart Grid RES Division F,DPS-2026-GSEB-GUJ-UNI_PHD_RE-RES-F,DRONA_TRUST_GSEB_DPS_2026_2027_GUJ_UNI_PHD_RE_RES,GSEB,DPS,GUJ,UNI_PHD_RE,RES,F,2026-2027,1,Student cohort for Ph.D. Renewable Energy & Smart Grid RES Division F in 2026-2027.
DPS-2026-GSEB-GUJ-UNI_UG_BCA_Y1-CSA-A,DPS 2026-2027 Gujarati Medium BCA (Bachelor of Computer Applications) - Y1 CSA Division A,DPS-2026-GSEB-GUJ-UNI_UG_BCA_Y1-CSA-A,DRONA_TRUST_GSEB_DPS_2026_2027_GUJ_UNI_UG_BCA_Y1_CSA,GSEB,DPS,GUJ,UNI_UG_BCA_Y1,CSA,A,2026-2027,1,Student cohort for BCA (Bachelor of Computer Applications) - Y1 CSA Division A in 2026-2027.
DPS-2026-GSEB-GUJ-UNI_UG_BCA_Y1-CSA-B,DPS 2026-2027 Gujarati Medium BCA (Bachelor of Computer Applications) - Y1 CSA Division B,DPS-2026-GSEB-GUJ-UNI_UG_BCA_Y1-CSA-B,DRONA_TRUST_GSEB_DPS_2026_2027_GUJ_UNI_UG_BCA_Y1_CSA,GSEB,DPS,GUJ,UNI_UG_BCA_Y1,CSA,B,2026-2027,1,Student cohort for BCA (Bachelor of Computer Applications) - Y1 CSA Division B in 2026-2027.
DPS-2026-GSEB-GUJ-UNI_UG_BCA_Y1-CSA-C,DPS 2026-2027 Gujarati Medium BCA (Bachelor of Computer Applications) - Y1 CSA Division C,DPS-2026-GSEB-GUJ-UNI_UG_BCA_Y1-CSA-C,DRONA_TRUST_GSEB_DPS_2026_2027_GUJ_UNI_UG_BCA_Y1_CSA,GSEB,DPS,GUJ,UNI_UG_BCA_Y1,CSA,C,2026-2027,1,Student cohort for BCA (Bachelor of Computer Applications) - Y1 CSA Division C in 2026-2027.
DPS-2026-GSEB-GUJ-UNI_UG_BCA_Y1-CSA-D,DPS 2026-2027 Gujarati Medium BCA (Bachelor of Computer Applications) - Y1 CSA Division D,DPS-2026-GSEB-GUJ-UNI_UG_BCA_Y1-CSA-D,DRONA_TRUST_GSEB_DPS_2026_2027_GUJ_UNI_UG_BCA_Y1_CSA,GSEB,DPS,GUJ,UNI_UG_BCA_Y1,CSA,D,2026-2027,1,Student cohort for BCA (Bachelor of Computer Applications) - Y1 CSA Division D in 2026-2027.
DPS-2026-GSEB-GUJ-UNI_UG_BCA_Y1-CSA-E,DPS 2026-2027 Gujarati Medium BCA (Bachelor of Computer Applications) - Y1 CSA Division E,DPS-2026-GSEB-GUJ-UNI_UG_BCA_Y1-CSA-E,DRONA_TRUST_GSEB_DPS_2026_2027_GUJ_UNI_UG_BCA_Y1_CSA,GSEB,DPS,GUJ,UNI_UG_BCA_Y1,CSA,E,2026-2027,1,Student cohort for BCA (Bachelor of Computer Applications) - Y1 CSA Division E in 2026-2027.
DPS-2026-GSEB-GUJ-UNI_UG_BCA_Y1-CSA-F,DPS 2026-2027 Gujarati Medium BCA (Bachelor of Computer Applications) - Y1 CSA Division F,DPS-2026-GSEB-GUJ-UNI_UG_BCA_Y1-CSA-F,DRONA_TRUST_GSEB_DPS_2026_2027_GUJ_UNI_UG_BCA_Y1_CSA,GSEB,DPS,GUJ,UNI_UG_BCA_Y1,CSA,F,2026-2027,1,Student cohort for BCA (Bachelor of Computer Applications) - Y1 CSA Division F in 2026-2027.
DPS-2026-GSEB-GUJ-UNI_UG_BCA_Y2-CSA-A,DPS 2026-2027 Gujarati Medium BCA (Bachelor of Computer Applications) - Y2 CSA Division A,DPS-2026-GSEB-GUJ-UNI_UG_BCA_Y2-CSA-A,DRONA_TRUST_GSEB_DPS_2026_2027_GUJ_UNI_UG_BCA_Y2_CSA,GSEB,DPS,GUJ,UNI_UG_BCA_Y2,CSA,A,2026-2027,1,Student cohort for BCA (Bachelor of Computer Applications) - Y2 CSA Division A in 2026-2027.
DPS-2026-GSEB-GUJ-UNI_UG_BCA_Y2-CSA-B,DPS 2026-2027 Gujarati Medium BCA (Bachelor of Computer Applications) - Y2 CSA Division B,DPS-2026-GSEB-GUJ-UNI_UG_BCA_Y2-CSA-B,DRONA_TRUST_GSEB_DPS_2026_2027_GUJ_UNI_UG_BCA_Y2_CSA,GSEB,DPS,GUJ,UNI_UG_BCA_Y2,CSA,B,2026-2027,1,Student cohort for BCA (Bachelor of Computer Applications) - Y2 CSA Division B in 2026-2027.
DPS-2026-GSEB-GUJ-UNI_UG_BCA_Y2-CSA-C,DPS 2026-2027 Gujarati Medium BCA (Bachelor of Computer Applications) - Y2 CSA Division C,DPS-2026-GSEB-GUJ-UNI_UG_BCA_Y2-CSA-C,DRONA_TRUST_GSEB_DPS_2026_2027_GUJ_UNI_UG_BCA_Y2_CSA,GSEB,DPS,GUJ,UNI_UG_BCA_Y2,CSA,C,2026-2027,1,Student cohort for BCA (Bachelor of Computer Applications) - Y2 CSA Division C in 2026-2027.
DPS-2026-GSEB-GUJ-UNI_UG_BCA_Y2-CSA-D,DPS 2026-2027 Gujarati Medium BCA (Bachelor of Computer Applications) - Y2 CSA Division D,DPS-2026-GSEB-GUJ-UNI_UG_BCA_Y2-CSA-D,DRONA_TRUST_GSEB_DPS_2026_2027_GUJ_UNI_UG_BCA_Y2_CSA,GSEB,DPS,GUJ,UNI_UG_BCA_Y2,CSA,D,2026-2027,1,Student cohort for BCA (Bachelor of Computer Applications) - Y2 CSA Division D in 2026-2027.
DPS-2026-GSEB-GUJ-UNI_UG_BCA_Y2-CSA-E,DPS 2026-2027 Gujarati Medium BCA (Bachelor of Computer Applications) - Y2 CSA Division E,DPS-2026-GSEB-GUJ-UNI_UG_BCA_Y2-CSA-E,DRONA_TRUST_GSEB_DPS_2026_2027_GUJ_UNI_UG_BCA_Y2_CSA,GSEB,DPS,GUJ,UNI_UG_BCA_Y2,CSA,E,2026-2027,1,Student cohort for BCA (Bachelor of Computer Applications) - Y2 CSA Division E in 2026-2027.
DPS-2026-GSEB-GUJ-UNI_UG_BCA_Y2-CSA-F,DPS 2026-2027 Gujarati Medium BCA (Bachelor of Computer Applications) - Y2 CSA Division F,DPS-2026-GSEB-GUJ-UNI_UG_BCA_Y2-CSA-F,DRONA_TRUST_GSEB_DPS_2026_2027_GUJ_UNI_UG_BCA_Y2_CSA,GSEB,DPS,GUJ,UNI_UG_BCA_Y2,CSA,F,2026-2027,1,Student cohort for BCA (Bachelor of Computer Applications) - Y2 CSA Division F in 2026-2027.
DPS-2026-GSEB-GUJ-UNI_UG_BCA_Y3-CSA-A,DPS 2026-2027 Gujarati Medium BCA (Bachelor of Computer Applications) - Y3 CSA Division A,DPS-2026-GSEB-GUJ-UNI_UG_BCA_Y3-CSA-A,DRONA_TRUST_GSEB_DPS_2026_2027_GUJ_UNI_UG_BCA_Y3_CSA,GSEB,DPS,GUJ,UNI_UG_BCA_Y3,CSA,A,2026-2027,1,Student cohort for BCA (Bachelor of Computer Applications) - Y3 CSA Division A in 2026-2027.
DPS-2026-GSEB-GUJ-UNI_UG_BCA_Y3-CSA-B,DPS 2026-2027 Gujarati Medium BCA (Bachelor of Computer Applications) - Y3 CSA Division B,DPS-2026-GSEB-GUJ-UNI_UG_BCA_Y3-CSA-B,DRONA_TRUST_GSEB_DPS_2026_2027_GUJ_UNI_UG_BCA_Y3_CSA,GSEB,DPS,GUJ,UNI_UG_BCA_Y3,CSA,B,2026-2027,1,Student cohort for BCA (Bachelor of Computer Applications) - Y3 CSA Division B in 2026-2027.
DPS-2026-GSEB-GUJ-UNI_UG_BCA_Y3-CSA-C,DPS 2026-2027 Gujarati Medium BCA (Bachelor of Computer Applications) - Y3 CSA Division C,DPS-2026-GSEB-GUJ-UNI_UG_BCA_Y3-CSA-C,DRONA_TRUST_GSEB_DPS_2026_2027_GUJ_UNI_UG_BCA_Y3_CSA,GSEB,DPS,GUJ,UNI_UG_BCA_Y3,CSA,C,2026-2027,1,Student cohort for BCA (Bachelor of Computer Applications) - Y3 CSA Division C in 2026-2027.
DPS-2026-GSEB-GUJ-UNI_UG_BCA_Y3-CSA-D,DPS 2026-2027 Gujarati Medium BCA (Bachelor of Computer Applications) - Y3 CSA Division D,DPS-2026-GSEB-GUJ-UNI_UG_BCA_Y3-CSA-D,DRONA_TRUST_GSEB_DPS_2026_2027_GUJ_UNI_UG_BCA_Y3_CSA,GSEB,DPS,GUJ,UNI_UG_BCA_Y3,CSA,D,2026-2027,1,Student cohort for BCA (Bachelor of Computer Applications) - Y3 CSA Division D in 2026-2027.
DPS-2026-GSEB-GUJ-UNI_UG_BCA_Y3-CSA-E,DPS 2026-2027 Gujarati Medium BCA (Bachelor of Computer Applications) - Y3 CSA Division E,DPS-2026-GSEB-GUJ-UNI_UG_BCA_Y3-CSA-E,DRONA_TRUST_GSEB_DPS_2026_2027_GUJ_UNI_UG_BCA_Y3_CSA,GSEB,DPS,GUJ,UNI_UG_BCA_Y3,CSA,E,2026-2027,1,Student cohort for BCA (Bachelor of Computer Applications) - Y3 CSA Division E in 2026-2027.
DPS-2026-GSEB-GUJ-UNI_UG_BCA_Y3-CSA-F,DPS 2026-2027 Gujarati Medium BCA (Bachelor of Computer Applications) - Y3 CSA Division F,DPS-2026-GSEB-GUJ-UNI_UG_BCA_Y3-CSA-F,DRONA_TRUST_GSEB_DPS_2026_2027_GUJ_UNI_UG_BCA_Y3_CSA,GSEB,DPS,GUJ,UNI_UG_BCA_Y3,CSA,F,2026-2027,1,Student cohort for BCA (Bachelor of Computer Applications) - Y3 CSA Division F in 2026-2027.
DPS-2026-GSEB-GUJ-UNI_UG_BBA_Y1-MGT-A,DPS 2026-2027 Gujarati Medium BBA (Bachelor of Business Admin) - Y1 MGT Division A,DPS-2026-GSEB-GUJ-UNI_UG_BBA_Y1-MGT-A,DRONA_TRUST_GSEB_DPS_2026_2027_GUJ_UNI_UG_BBA_Y1_MGT,GSEB,DPS,GUJ,UNI_UG_BBA_Y1,MGT,A,2026-2027,1,Student cohort for BBA (Bachelor of Business Admin) - Y1 MGT Division A in 2026-2027.
DPS-2026-GSEB-GUJ-UNI_UG_BBA_Y1-MGT-B,DPS 2026-2027 Gujarati Medium BBA (Bachelor of Business Admin) - Y1 MGT Division B,DPS-2026-GSEB-GUJ-UNI_UG_BBA_Y1-MGT-B,DRONA_TRUST_GSEB_DPS_2026_2027_GUJ_UNI_UG_BBA_Y1_MGT,GSEB,DPS,GUJ,UNI_UG_BBA_Y1,MGT,B,2026-2027,1,Student cohort for BBA (Bachelor of Business Admin) - Y1 MGT Division B in 2026-2027.
DPS-2026-GSEB-GUJ-UNI_UG_BBA_Y1-MGT-C,DPS 2026-2027 Gujarati Medium BBA (Bachelor of Business Admin) - Y1 MGT Division C,DPS-2026-GSEB-GUJ-UNI_UG_BBA_Y1-MGT-C,DRONA_TRUST_GSEB_DPS_2026_2027_GUJ_UNI_UG_BBA_Y1_MGT,GSEB,DPS,GUJ,UNI_UG_BBA_Y1,MGT,C,2026-2027,1,Student cohort for BBA (Bachelor of Business Admin) - Y1 MGT Division C in 2026-2027.
DPS-2026-GSEB-GUJ-UNI_UG_BBA_Y1-MGT-D,DPS 2026-2027 Gujarati Medium BBA (Bachelor of Business Admin) - Y1 MGT Division D,DPS-2026-GSEB-GUJ-UNI_UG_BBA_Y1-MGT-D,DRONA_TRUST_GSEB_DPS_2026_2027_GUJ_UNI_UG_BBA_Y1_MGT,GSEB,DPS,GUJ,UNI_UG_BBA_Y1,MGT,D,2026-2027,1,Student cohort for BBA (Bachelor of Business Admin) - Y1 MGT Division D in 2026-2027.
DPS-2026-GSEB-GUJ-UNI_UG_BBA_Y1-MGT-E,DPS 2026-2027 Gujarati Medium BBA (Bachelor of Business Admin) - Y1 MGT Division E,DPS-2026-GSEB-GUJ-UNI_UG_BBA_Y1-MGT-E,DRONA_TRUST_GSEB_DPS_2026_2027_GUJ_UNI_UG_BBA_Y1_MGT,GSEB,DPS,GUJ,UNI_UG_BBA_Y1,MGT,E,2026-2027,1,Student cohort for BBA (Bachelor of Business Admin) - Y1 MGT Division E in 2026-2027.
DPS-2026-GSEB-GUJ-UNI_UG_BBA_Y1-MGT-F,DPS 2026-2027 Gujarati Medium BBA (Bachelor of Business Admin) - Y1 MGT Division F,DPS-2026-GSEB-GUJ-UNI_UG_BBA_Y1-MGT-F,DRONA_TRUST_GSEB_DPS_2026_2027_GUJ_UNI_UG_BBA_Y1_MGT,GSEB,DPS,GUJ,UNI_UG_BBA_Y1,MGT,F,2026-2027,1,Student cohort for BBA (Bachelor of Business Admin) - Y1 MGT Division F in 2026-2027.
DPS-2026-GSEB-GUJ-UNI_UG_BBA_Y2-MGT-A,DPS 2026-2027 Gujarati Medium BBA (Bachelor of Business Admin) - Y2 MGT Division A,DPS-2026-GSEB-GUJ-UNI_UG_BBA_Y2-MGT-A,DRONA_TRUST_GSEB_DPS_2026_2027_GUJ_UNI_UG_BBA_Y2_MGT,GSEB,DPS,GUJ,UNI_UG_BBA_Y2,MGT,A,2026-2027,1,Student cohort for BBA (Bachelor of Business Admin) - Y2 MGT Division A in 2026-2027.
DPS-2026-GSEB-GUJ-UNI_UG_BBA_Y2-MGT-B,DPS 2026-2027 Gujarati Medium BBA (Bachelor of Business Admin) - Y2 MGT Division B,DPS-2026-GSEB-GUJ-UNI_UG_BBA_Y2-MGT-B,DRONA_TRUST_GSEB_DPS_2026_2027_GUJ_UNI_UG_BBA_Y2_MGT,GSEB,DPS,GUJ,UNI_UG_BBA_Y2,MGT,B,2026-2027,1,Student cohort for BBA (Bachelor of Business Admin) - Y2 MGT Division B in 2026-2027.
DPS-2026-GSEB-GUJ-UNI_UG_BBA_Y2-MGT-C,DPS 2026-2027 Gujarati Medium BBA (Bachelor of Business Admin) - Y2 MGT Division C,DPS-2026-GSEB-GUJ-UNI_UG_BBA_Y2-MGT-C,DRONA_TRUST_GSEB_DPS_2026_2027_GUJ_UNI_UG_BBA_Y2_MGT,GSEB,DPS,GUJ,UNI_UG_BBA_Y2,MGT,C,2026-2027,1,Student cohort for BBA (Bachelor of Business Admin) - Y2 MGT Division C in 2026-2027.
DPS-2026-GSEB-GUJ-UNI_UG_BBA_Y2-MGT-D,DPS 2026-2027 Gujarati Medium BBA (Bachelor of Business Admin) - Y2 MGT Division D,DPS-2026-GSEB-GUJ-UNI_UG_BBA_Y2-MGT-D,DRONA_TRUST_GSEB_DPS_2026_2027_GUJ_UNI_UG_BBA_Y2_MGT,GSEB,DPS,GUJ,UNI_UG_BBA_Y2,MGT,D,2026-2027,1,Student cohort for BBA (Bachelor of Business Admin) - Y2 MGT Division D in 2026-2027.
DPS-2026-GSEB-GUJ-UNI_UG_BBA_Y2-MGT-E,DPS 2026-2027 Gujarati Medium BBA (Bachelor of Business Admin) - Y2 MGT Division E,DPS-2026-GSEB-GUJ-UNI_UG_BBA_Y2-MGT-E,DRONA_TRUST_GSEB_DPS_2026_2027_GUJ_UNI_UG_BBA_Y2_MGT,GSEB,DPS,GUJ,UNI_UG_BBA_Y2,MGT,E,2026-2027,1,Student cohort for BBA (Bachelor of Business Admin) - Y2 MGT Division E in 2026-2027.
DPS-2026-GSEB-GUJ-UNI_UG_BBA_Y2-MGT-F,DPS 2026-2027 Gujarati Medium BBA (Bachelor of Business Admin) - Y2 MGT Division F,DPS-2026-GSEB-GUJ-UNI_UG_BBA_Y2-MGT-F,DRONA_TRUST_GSEB_DPS_2026_2027_GUJ_UNI_UG_BBA_Y2_MGT,GSEB,DPS,GUJ,UNI_UG_BBA_Y2,MGT,F,2026-2027,1,Student cohort for BBA (Bachelor of Business Admin) - Y2 MGT Division F in 2026-2027.
DPS-2026-GSEB-GUJ-UNI_UG_BBA_Y3-MGT-A,DPS 2026-2027 Gujarati Medium BBA (Bachelor of Business Admin) - Y3 MGT Division A,DPS-2026-GSEB-GUJ-UNI_UG_BBA_Y3-MGT-A,DRONA_TRUST_GSEB_DPS_2026_2027_GUJ_UNI_UG_BBA_Y3_MGT,GSEB,DPS,GUJ,UNI_UG_BBA_Y3,MGT,A,2026-2027,1,Student cohort for BBA (Bachelor of Business Admin) - Y3 MGT Division A in 2026-2027.
DPS-2026-GSEB-GUJ-UNI_UG_BBA_Y3-MGT-B,DPS 2026-2027 Gujarati Medium BBA (Bachelor of Business Admin) - Y3 MGT Division B,DPS-2026-GSEB-GUJ-UNI_UG_BBA_Y3-MGT-B,DRONA_TRUST_GSEB_DPS_2026_2027_GUJ_UNI_UG_BBA_Y3_MGT,GSEB,DPS,GUJ,UNI_UG_BBA_Y3,MGT,B,2026-2027,1,Student cohort for BBA (Bachelor of Business Admin) - Y3 MGT Division B in 2026-2027.
DPS-2026-GSEB-GUJ-UNI_UG_BBA_Y3-MGT-C,DPS 2026-2027 Gujarati Medium BBA (Bachelor of Business Admin) - Y3 MGT Division C,DPS-2026-GSEB-GUJ-UNI_UG_BBA_Y3-MGT-C,DRONA_TRUST_GSEB_DPS_2026_2027_GUJ_UNI_UG_BBA_Y3_MGT,GSEB,DPS,GUJ,UNI_UG_BBA_Y3,MGT,C,2026-2027,1,Student cohort for BBA (Bachelor of Business Admin) - Y3 MGT Division C in 2026-2027.
DPS-2026-GSEB-GUJ-UNI_UG_BBA_Y3-MGT-D,DPS 2026-2027 Gujarati Medium BBA (Bachelor of Business Admin) - Y3 MGT Division D,DPS-2026-GSEB-GUJ-UNI_UG_BBA_Y3-MGT-D,DRONA_TRUST_GSEB_DPS_2026_2027_GUJ_UNI_UG_BBA_Y3_MGT,GSEB,DPS,GUJ,UNI_UG_BBA_Y3,MGT,D,2026-2027,1,Student cohort for BBA (Bachelor of Business Admin) - Y3 MGT Division D in 2026-2027.
DPS-2026-GSEB-GUJ-UNI_UG_BBA_Y3-MGT-E,DPS 2026-2027 Gujarati Medium BBA (Bachelor of Business Admin) - Y3 MGT Division E,DPS-2026-GSEB-GUJ-UNI_UG_BBA_Y3-MGT-E,DRONA_TRUST_GSEB_DPS_2026_2027_GUJ_UNI_UG_BBA_Y3_MGT,GSEB,DPS,GUJ,UNI_UG_BBA_Y3,MGT,E,2026-2027,1,Student cohort for BBA (Bachelor of Business Admin) - Y3 MGT Division E in 2026-2027.
DPS-2026-GSEB-GUJ-UNI_UG_BBA_Y3-MGT-F,DPS 2026-2027 Gujarati Medium BBA (Bachelor of Business Admin) - Y3 MGT Division F,DPS-2026-GSEB-GUJ-UNI_UG_BBA_Y3-MGT-F,DRONA_TRUST_GSEB_DPS_2026_2027_GUJ_UNI_UG_BBA_Y3_MGT,GSEB,DPS,GUJ,UNI_UG_BBA_Y3,MGT,F,2026-2027,1,Student cohort for BBA (Bachelor of Business Admin) - Y3 MGT Division F in 2026-2027.
DPS-2026-GSEB-GUJ-UNI_UG_BARCH_Y1-ARC-A,DPS 2026-2027 Gujarati Medium B.Arch (Architecture) - Y1 ARC Division A,DPS-2026-GSEB-GUJ-UNI_UG_BARCH_Y1-ARC-A,DRONA_TRUST_GSEB_DPS_2026_2027_GUJ_UNI_UG_BARCH_Y1_ARC,GSEB,DPS,GUJ,UNI_UG_BARCH_Y1,ARC,A,2026-2027,1,Student cohort for B.Arch (Architecture) - Y1 ARC Division A in 2026-2027.
DPS-2026-GSEB-GUJ-UNI_UG_BARCH_Y1-ARC-B,DPS 2026-2027 Gujarati Medium B.Arch (Architecture) - Y1 ARC Division B,DPS-2026-GSEB-GUJ-UNI_UG_BARCH_Y1-ARC-B,DRONA_TRUST_GSEB_DPS_2026_2027_GUJ_UNI_UG_BARCH_Y1_ARC,GSEB,DPS,GUJ,UNI_UG_BARCH_Y1,ARC,B,2026-2027,1,Student cohort for B.Arch (Architecture) - Y1 ARC Division B in 2026-2027.
DPS-2026-GSEB-GUJ-UNI_UG_BARCH_Y1-ARC-C,DPS 2026-2027 Gujarati Medium B.Arch (Architecture) - Y1 ARC Division C,DPS-2026-GSEB-GUJ-UNI_UG_BARCH_Y1-ARC-C,DRONA_TRUST_GSEB_DPS_2026_2027_GUJ_UNI_UG_BARCH_Y1_ARC,GSEB,DPS,GUJ,UNI_UG_BARCH_Y1,ARC,C,2026-2027,1,Student cohort for B.Arch (Architecture) - Y1 ARC Division C in 2026-2027.
DPS-2026-GSEB-GUJ-UNI_UG_BARCH_Y1-ARC-D,DPS 2026-2027 Gujarati Medium B.Arch (Architecture) - Y1 ARC Division D,DPS-2026-GSEB-GUJ-UNI_UG_BARCH_Y1-ARC-D,DRONA_TRUST_GSEB_DPS_2026_2027_GUJ_UNI_UG_BARCH_Y1_ARC,GSEB,DPS,GUJ,UNI_UG_BARCH_Y1,ARC,D,2026-2027,1,Student cohort for B.Arch (Architecture) - Y1 ARC Division D in 2026-2027.
DPS-2026-GSEB-GUJ-UNI_UG_BARCH_Y1-ARC-E,DPS 2026-2027 Gujarati Medium B.Arch (Architecture) - Y1 ARC Division E,DPS-2026-GSEB-GUJ-UNI_UG_BARCH_Y1-ARC-E,DRONA_TRUST_GSEB_DPS_2026_2027_GUJ_UNI_UG_BARCH_Y1_ARC,GSEB,DPS,GUJ,UNI_UG_BARCH_Y1,ARC,E,2026-2027,1,Student cohort for B.Arch (Architecture) - Y1 ARC Division E in 2026-2027.
DPS-2026-GSEB-GUJ-UNI_UG_BARCH_Y1-ARC-F,DPS 2026-2027 Gujarati Medium B.Arch (Architecture) - Y1 ARC Division F,DPS-2026-GSEB-GUJ-UNI_UG_BARCH_Y1-ARC-F,DRONA_TRUST_GSEB_DPS_2026_2027_GUJ_UNI_UG_BARCH_Y1_ARC,GSEB,DPS,GUJ,UNI_UG_BARCH_Y1,ARC,F,2026-2027,1,Student cohort for B.Arch (Architecture) - Y1 ARC Division F in 2026-2027.
DPS-2026-GSEB-GUJ-UNI_UG_BARCH_Y5-ARC-A,DPS 2026-2027 Gujarati Medium B.Arch (Architecture) - Y5 ARC Division A,DPS-2026-GSEB-GUJ-UNI_UG_BARCH_Y5-ARC-A,DRONA_TRUST_GSEB_DPS_2026_2027_GUJ_UNI_UG_BARCH_Y5_ARC,GSEB,DPS,GUJ,UNI_UG_BARCH_Y5,ARC,A,2026-2027,1,Student cohort for B.Arch (Architecture) - Y5 ARC Division A in 2026-2027.
DPS-2026-GSEB-GUJ-UNI_UG_BARCH_Y5-ARC-B,DPS 2026-2027 Gujarati Medium B.Arch (Architecture) - Y5 ARC Division B,DPS-2026-GSEB-GUJ-UNI_UG_BARCH_Y5-ARC-B,DRONA_TRUST_GSEB_DPS_2026_2027_GUJ_UNI_UG_BARCH_Y5_ARC,GSEB,DPS,GUJ,UNI_UG_BARCH_Y5,ARC,B,2026-2027,1,Student cohort for B.Arch (Architecture) - Y5 ARC Division B in 2026-2027.
DPS-2026-GSEB-GUJ-UNI_UG_BARCH_Y5-ARC-C,DPS 2026-2027 Gujarati Medium B.Arch (Architecture) - Y5 ARC Division C,DPS-2026-GSEB-GUJ-UNI_UG_BARCH_Y5-ARC-C,DRONA_TRUST_GSEB_DPS_2026_2027_GUJ_UNI_UG_BARCH_Y5_ARC,GSEB,DPS,GUJ,UNI_UG_BARCH_Y5,ARC,C,2026-2027,1,Student cohort for B.Arch (Architecture) - Y5 ARC Division C in 2026-2027.
DPS-2026-GSEB-GUJ-UNI_UG_BARCH_Y5-ARC-D,DPS 2026-2027 Gujarati Medium B.Arch (Architecture) - Y5 ARC Division D,DPS-2026-GSEB-GUJ-UNI_UG_BARCH_Y5-ARC-D,DRONA_TRUST_GSEB_DPS_2026_2027_GUJ_UNI_UG_BARCH_Y5_ARC,GSEB,DPS,GUJ,UNI_UG_BARCH_Y5,ARC,D,2026-2027,1,Student cohort for B.Arch (Architecture) - Y5 ARC Division D in 2026-2027.
DPS-2026-GSEB-GUJ-UNI_UG_BARCH_Y5-ARC-E,DPS 2026-2027 Gujarati Medium B.Arch (Architecture) - Y5 ARC Division E,DPS-2026-GSEB-GUJ-UNI_UG_BARCH_Y5-ARC-E,DRONA_TRUST_GSEB_DPS_2026_2027_GUJ_UNI_UG_BARCH_Y5_ARC,GSEB,DPS,GUJ,UNI_UG_BARCH_Y5,ARC,E,2026-2027,1,Student cohort for B.Arch (Architecture) - Y5 ARC Division E in 2026-2027.
DPS-2026-GSEB-GUJ-UNI_UG_BARCH_Y5-ARC-F,DPS 2026-2027 Gujarati Medium B.Arch (Architecture) - Y5 ARC Division F,DPS-2026-GSEB-GUJ-UNI_UG_BARCH_Y5-ARC-F,DRONA_TRUST_GSEB_DPS_2026_2027_GUJ_UNI_UG_BARCH_Y5_ARC,GSEB,DPS,GUJ,UNI_UG_BARCH_Y5,ARC,F,2026-2027,1,Student cohort for B.Arch (Architecture) - Y5 ARC Division F in 2026-2027.
DPS-2026-GSEB-GUJ-UNI_UG_BPT_Y1-AHS-A,DPS 2026-2027 Gujarati Medium BPT (Physiotherapy) - Y1 AHS Division A,DPS-2026-GSEB-GUJ-UNI_UG_BPT_Y1-AHS-A,DRONA_TRUST_GSEB_DPS_2026_2027_GUJ_UNI_UG_BPT_Y1_AHS,GSEB,DPS,GUJ,UNI_UG_BPT_Y1,AHS,A,2026-2027,1,Student cohort for BPT (Physiotherapy) - Y1 AHS Division A in 2026-2027.
DPS-2026-GSEB-GUJ-UNI_UG_BPT_Y1-AHS-B,DPS 2026-2027 Gujarati Medium BPT (Physiotherapy) - Y1 AHS Division B,DPS-2026-GSEB-GUJ-UNI_UG_BPT_Y1-AHS-B,DRONA_TRUST_GSEB_DPS_2026_2027_GUJ_UNI_UG_BPT_Y1_AHS,GSEB,DPS,GUJ,UNI_UG_BPT_Y1,AHS,B,2026-2027,1,Student cohort for BPT (Physiotherapy) - Y1 AHS Division B in 2026-2027.
DPS-2026-GSEB-GUJ-UNI_UG_BPT_Y1-AHS-C,DPS 2026-2027 Gujarati Medium BPT (Physiotherapy) - Y1 AHS Division C,DPS-2026-GSEB-GUJ-UNI_UG_BPT_Y1-AHS-C,DRONA_TRUST_GSEB_DPS_2026_2027_GUJ_UNI_UG_BPT_Y1_AHS,GSEB,DPS,GUJ,UNI_UG_BPT_Y1,AHS,C,2026-2027,1,Student cohort for BPT (Physiotherapy) - Y1 AHS Division C in 2026-2027.
DPS-2026-GSEB-GUJ-UNI_UG_BPT_Y1-AHS-D,DPS 2026-2027 Gujarati Medium BPT (Physiotherapy) - Y1 AHS Division D,DPS-2026-GSEB-GUJ-UNI_UG_BPT_Y1-AHS-D,DRONA_TRUST_GSEB_DPS_2026_2027_GUJ_UNI_UG_BPT_Y1_AHS,GSEB,DPS,GUJ,UNI_UG_BPT_Y1,AHS,D,2026-2027,1,Student cohort for BPT (Physiotherapy) - Y1 AHS Division D in 2026-2027.
DPS-2026-GSEB-GUJ-UNI_UG_BPT_Y1-AHS-E,DPS 2026-2027 Gujarati Medium BPT (Physiotherapy) - Y1 AHS Division E,DPS-2026-GSEB-GUJ-UNI_UG_BPT_Y1-AHS-E,DRONA_TRUST_GSEB_DPS_2026_2027_GUJ_UNI_UG_BPT_Y1_AHS,GSEB,DPS,GUJ,UNI_UG_BPT_Y1,AHS,E,2026-2027,1,Student cohort for BPT (Physiotherapy) - Y1 AHS Division E in 2026-2027.
DPS-2026-GSEB-GUJ-UNI_UG_BPT_Y1-AHS-F,DPS 2026-2027 Gujarati Medium BPT (Physiotherapy) - Y1 AHS Division F,DPS-2026-GSEB-GUJ-UNI_UG_BPT_Y1-AHS-F,DRONA_TRUST_GSEB_DPS_2026_2027_GUJ_UNI_UG_BPT_Y1_AHS,GSEB,DPS,GUJ,UNI_UG_BPT_Y1,AHS,F,2026-2027,1,Student cohort for BPT (Physiotherapy) - Y1 AHS Division F in 2026-2027.
DPS-2026-GSEB-GUJ-UNI_UG_BPT_Y4-AHS-A,DPS 2026-2027 Gujarati Medium BPT (Physiotherapy) - Y4 AHS Division A,DPS-2026-GSEB-GUJ-UNI_UG_BPT_Y4-AHS-A,DRONA_TRUST_GSEB_DPS_2026_2027_GUJ_UNI_UG_BPT_Y4_AHS,GSEB,DPS,GUJ,UNI_UG_BPT_Y4,AHS,A,2026-2027,1,Student cohort for BPT (Physiotherapy) - Y4 AHS Division A in 2026-2027.
DPS-2026-GSEB-GUJ-UNI_UG_BPT_Y4-AHS-B,DPS 2026-2027 Gujarati Medium BPT (Physiotherapy) - Y4 AHS Division B,DPS-2026-GSEB-GUJ-UNI_UG_BPT_Y4-AHS-B,DRONA_TRUST_GSEB_DPS_2026_2027_GUJ_UNI_UG_BPT_Y4_AHS,GSEB,DPS,GUJ,UNI_UG_BPT_Y4,AHS,B,2026-2027,1,Student cohort for BPT (Physiotherapy) - Y4 AHS Division B in 2026-2027.
DPS-2026-GSEB-GUJ-UNI_UG_BPT_Y4-AHS-C,DPS 2026-2027 Gujarati Medium BPT (Physiotherapy) - Y4 AHS Division C,DPS-2026-GSEB-GUJ-UNI_UG_BPT_Y4-AHS-C,DRONA_TRUST_GSEB_DPS_2026_2027_GUJ_UNI_UG_BPT_Y4_AHS,GSEB,DPS,GUJ,UNI_UG_BPT_Y4,AHS,C,2026-2027,1,Student cohort for BPT (Physiotherapy) - Y4 AHS Division C in 2026-2027.
DPS-2026-GSEB-GUJ-UNI_UG_BPT_Y4-AHS-D,DPS 2026-2027 Gujarati Medium BPT (Physiotherapy) - Y4 AHS Division D,DPS-2026-GSEB-GUJ-UNI_UG_BPT_Y4-AHS-D,DRONA_TRUST_GSEB_DPS_2026_2027_GUJ_UNI_UG_BPT_Y4_AHS,GSEB,DPS,GUJ,UNI_UG_BPT_Y4,AHS,D,2026-2027,1,Student cohort for BPT (Physiotherapy) - Y4 AHS Division D in 2026-2027.
DPS-2026-GSEB-GUJ-UNI_UG_BPT_Y4-AHS-E,DPS 2026-2027 Gujarati Medium BPT (Physiotherapy) - Y4 AHS Division E,DPS-2026-GSEB-GUJ-UNI_UG_BPT_Y4-AHS-E,DRONA_TRUST_GSEB_DPS_2026_2027_GUJ_UNI_UG_BPT_Y4_AHS,GSEB,DPS,GUJ,UNI_UG_BPT_Y4,AHS,E,2026-2027,1,Student cohort for BPT (Physiotherapy) - Y4 AHS Division E in 2026-2027.
DPS-2026-GSEB-GUJ-UNI_UG_BPT_Y4-AHS-F,DPS 2026-2027 Gujarati Medium BPT (Physiotherapy) - Y4 AHS Division F,DPS-2026-GSEB-GUJ-UNI_UG_BPT_Y4-AHS-F,DRONA_TRUST_GSEB_DPS_2026_2027_GUJ_UNI_UG_BPT_Y4_AHS,GSEB,DPS,GUJ,UNI_UG_BPT_Y4,AHS,F,2026-2027,1,Student cohort for BPT (Physiotherapy) - Y4 AHS Division F in 2026-2027.
DPS-2026-GSEB-GUJ-UNI_UG_BSW_Y1-ART-A,DPS 2026-2027 Gujarati Medium BSW (Social Work) - Y1 ART Division A,DPS-2026-GSEB-GUJ-UNI_UG_BSW_Y1-ART-A,DRONA_TRUST_GSEB_DPS_2026_2027_GUJ_UNI_UG_BSW_Y1_ART,GSEB,DPS,GUJ,UNI_UG_BSW_Y1,ART,A,2026-2027,1,Student cohort for BSW (Social Work) - Y1 ART Division A in 2026-2027.
DPS-2026-GSEB-GUJ-UNI_UG_BSW_Y1-ART-B,DPS 2026-2027 Gujarati Medium BSW (Social Work) - Y1 ART Division B,DPS-2026-GSEB-GUJ-UNI_UG_BSW_Y1-ART-B,DRONA_TRUST_GSEB_DPS_2026_2027_GUJ_UNI_UG_BSW_Y1_ART,GSEB,DPS,GUJ,UNI_UG_BSW_Y1,ART,B,2026-2027,1,Student cohort for BSW (Social Work) - Y1 ART Division B in 2026-2027.
DPS-2026-GSEB-GUJ-UNI_UG_BSW_Y1-ART-C,DPS 2026-2027 Gujarati Medium BSW (Social Work) - Y1 ART Division C,DPS-2026-GSEB-GUJ-UNI_UG_BSW_Y1-ART-C,DRONA_TRUST_GSEB_DPS_2026_2027_GUJ_UNI_UG_BSW_Y1_ART,GSEB,DPS,GUJ,UNI_UG_BSW_Y1,ART,C,2026-2027,1,Student cohort for BSW (Social Work) - Y1 ART Division C in 2026-2027.
DPS-2026-GSEB-GUJ-UNI_UG_BSW_Y1-ART-D,DPS 2026-2027 Gujarati Medium BSW (Social Work) - Y1 ART Division D,DPS-2026-GSEB-GUJ-UNI_UG_BSW_Y1-ART-D,DRONA_TRUST_GSEB_DPS_2026_2027_GUJ_UNI_UG_BSW_Y1_ART,GSEB,DPS,GUJ,UNI_UG_BSW_Y1,ART,D,2026-2027,1,Student cohort for BSW (Social Work) - Y1 ART Division D in 2026-2027.
DPS-2026-GSEB-GUJ-UNI_UG_BSW_Y1-ART-E,DPS 2026-2027 Gujarati Medium BSW (Social Work) - Y1 ART Division E,DPS-2026-GSEB-GUJ-UNI_UG_BSW_Y1-ART-E,DRONA_TRUST_GSEB_DPS_2026_2027_GUJ_UNI_UG_BSW_Y1_ART,GSEB,DPS,GUJ,UNI_UG_BSW_Y1,ART,E,2026-2027,1,Student cohort for BSW (Social Work) - Y1 ART Division E in 2026-2027.
DPS-2026-GSEB-GUJ-UNI_UG_BSW_Y1-ART-F,DPS 2026-2027 Gujarati Medium BSW (Social Work) - Y1 ART Division F,DPS-2026-GSEB-GUJ-UNI_UG_BSW_Y1-ART-F,DRONA_TRUST_GSEB_DPS_2026_2027_GUJ_UNI_UG_BSW_Y1_ART,GSEB,DPS,GUJ,UNI_UG_BSW_Y1,ART,F,2026-2027,1,Student cohort for BSW (Social Work) - Y1 ART Division F in 2026-2027.
DPS-2026-GSEB-GUJ-UNI_UG_BFA_Y1-ART-A,DPS 2026-2027 Gujarati Medium BFA (Fine Arts) - Y1 ART Division A,DPS-2026-GSEB-GUJ-UNI_UG_BFA_Y1-ART-A,DRONA_TRUST_GSEB_DPS_2026_2027_GUJ_UNI_UG_BFA_Y1_ART,GSEB,DPS,GUJ,UNI_UG_BFA_Y1,ART,A,2026-2027,1,Student cohort for BFA (Fine Arts) - Y1 ART Division A in 2026-2027.
DPS-2026-GSEB-GUJ-UNI_UG_BFA_Y1-ART-B,DPS 2026-2027 Gujarati Medium BFA (Fine Arts) - Y1 ART Division B,DPS-2026-GSEB-GUJ-UNI_UG_BFA_Y1-ART-B,DRONA_TRUST_GSEB_DPS_2026_2027_GUJ_UNI_UG_BFA_Y1_ART,GSEB,DPS,GUJ,UNI_UG_BFA_Y1,ART,B,2026-2027,1,Student cohort for BFA (Fine Arts) - Y1 ART Division B in 2026-2027.
DPS-2026-GSEB-GUJ-UNI_UG_BFA_Y1-ART-C,DPS 2026-2027 Gujarati Medium BFA (Fine Arts) - Y1 ART Division C,DPS-2026-GSEB-GUJ-UNI_UG_BFA_Y1-ART-C,DRONA_TRUST_GSEB_DPS_2026_2027_GUJ_UNI_UG_BFA_Y1_ART,GSEB,DPS,GUJ,UNI_UG_BFA_Y1,ART,C,2026-2027,1,Student cohort for BFA (Fine Arts) - Y1 ART Division C in 2026-2027.
DPS-2026-GSEB-GUJ-UNI_UG_BFA_Y1-ART-D,DPS 2026-2027 Gujarati Medium BFA (Fine Arts) - Y1 ART Division D,DPS-2026-GSEB-GUJ-UNI_UG_BFA_Y1-ART-D,DRONA_TRUST_GSEB_DPS_2026_2027_GUJ_UNI_UG_BFA_Y1_ART,GSEB,DPS,GUJ,UNI_UG_BFA_Y1,ART,D,2026-2027,1,Student cohort for BFA (Fine Arts) - Y1 ART Division D in 2026-2027.
DPS-2026-GSEB-GUJ-UNI_UG_BFA_Y1-ART-E,DPS 2026-2027 Gujarati Medium BFA (Fine Arts) - Y1 ART Division E,DPS-2026-GSEB-GUJ-UNI_UG_BFA_Y1-ART-E,DRONA_TRUST_GSEB_DPS_2026_2027_GUJ_UNI_UG_BFA_Y1_ART,GSEB,DPS,GUJ,UNI_UG_BFA_Y1,ART,E,2026-2027,1,Student cohort for BFA (Fine Arts) - Y1 ART Division E in 2026-2027.
DPS-2026-GSEB-GUJ-UNI_UG_BFA_Y1-ART-F,DPS 2026-2027 Gujarati Medium BFA (Fine Arts) - Y1 ART Division F,DPS-2026-GSEB-GUJ-UNI_UG_BFA_Y1-ART-F,DRONA_TRUST_GSEB_DPS_2026_2027_GUJ_UNI_UG_BFA_Y1_ART,GSEB,DPS,GUJ,UNI_UG_BFA_Y1,ART,F,2026-2027,1,Student cohort for BFA (Fine Arts) - Y1 ART Division F in 2026-2027.
DPS-2026-GSEB-GUJ-UNI_UG_BHM_Y1-HOS-A,DPS 2026-2027 Gujarati Medium BHM (Hotel Management) - Y1 HOS Division A,DPS-2026-GSEB-GUJ-UNI_UG_BHM_Y1-HOS-A,DRONA_TRUST_GSEB_DPS_2026_2027_GUJ_UNI_UG_BHM_Y1_HOS,GSEB,DPS,GUJ,UNI_UG_BHM_Y1,HOS,A,2026-2027,1,Student cohort for BHM (Hotel Management) - Y1 HOS Division A in 2026-2027.
DPS-2026-GSEB-GUJ-UNI_UG_BHM_Y1-HOS-B,DPS 2026-2027 Gujarati Medium BHM (Hotel Management) - Y1 HOS Division B,DPS-2026-GSEB-GUJ-UNI_UG_BHM_Y1-HOS-B,DRONA_TRUST_GSEB_DPS_2026_2027_GUJ_UNI_UG_BHM_Y1_HOS,GSEB,DPS,GUJ,UNI_UG_BHM_Y1,HOS,B,2026-2027,1,Student cohort for BHM (Hotel Management) - Y1 HOS Division B in 2026-2027.
DPS-2026-GSEB-GUJ-UNI_UG_BHM_Y1-HOS-C,DPS 2026-2027 Gujarati Medium BHM (Hotel Management) - Y1 HOS Division C,DPS-2026-GSEB-GUJ-UNI_UG_BHM_Y1-HOS-C,DRONA_TRUST_GSEB_DPS_2026_2027_GUJ_UNI_UG_BHM_Y1_HOS,GSEB,DPS,GUJ,UNI_UG_BHM_Y1,HOS,C,2026-2027,1,Student cohort for BHM (Hotel Management) - Y1 HOS Division C in 2026-2027.
DPS-2026-GSEB-GUJ-UNI_UG_BHM_Y1-HOS-D,DPS 2026-2027 Gujarati Medium BHM (Hotel Management) - Y1 HOS Division D,DPS-2026-GSEB-GUJ-UNI_UG_BHM_Y1-HOS-D,DRONA_TRUST_GSEB_DPS_2026_2027_GUJ_UNI_UG_BHM_Y1_HOS,GSEB,DPS,GUJ,UNI_UG_BHM_Y1,HOS,D,2026-2027,1,Student cohort for BHM (Hotel Management) - Y1 HOS Division D in 2026-2027.
DPS-2026-GSEB-GUJ-UNI_UG_BHM_Y1-HOS-E,DPS 2026-2027 Gujarati Medium BHM (Hotel Management) - Y1 HOS Division E,DPS-2026-GSEB-GUJ-UNI_UG_BHM_Y1-HOS-E,DRONA_TRUST_GSEB_DPS_2026_2027_GUJ_UNI_UG_BHM_Y1_HOS,GSEB,DPS,GUJ,UNI_UG_BHM_Y1,HOS,E,2026-2027,1,Student cohort for BHM (Hotel Management) - Y1 HOS Division E in 2026-2027.
DPS-2026-GSEB-GUJ-UNI_UG_BHM_Y1-HOS-F,DPS 2026-2027 Gujarati Medium BHM (Hotel Management) - Y1 HOS Division F,DPS-2026-GSEB-GUJ-UNI_UG_BHM_Y1-HOS-F,DRONA_TRUST_GSEB_DPS_2026_2027_GUJ_UNI_UG_BHM_Y1_HOS,GSEB,DPS,GUJ,UNI_UG_BHM_Y1,HOS,F,2026-2027,1,Student cohort for BHM (Hotel Management) - Y1 HOS Division F in 2026-2027.
DPS-2026-GSEB-GUJ-UNI_PG_MCA_Y1-CSA-A,DPS 2026-2027 Gujarati Medium MCA (Master of Computer Applications) - Y1 CSA Division A,DPS-2026-GSEB-GUJ-UNI_PG_MCA_Y1-CSA-A,DRONA_TRUST_GSEB_DPS_2026_2027_GUJ_UNI_PG_MCA_Y1_CSA,GSEB,DPS,GUJ,UNI_PG_MCA_Y1,CSA,A,2026-2027,1,Student cohort for MCA (Master of Computer Applications) - Y1 CSA Division A in 2026-2027.
DPS-2026-GSEB-GUJ-UNI_PG_MCA_Y1-CSA-B,DPS 2026-2027 Gujarati Medium MCA (Master of Computer Applications) - Y1 CSA Division B,DPS-2026-GSEB-GUJ-UNI_PG_MCA_Y1-CSA-B,DRONA_TRUST_GSEB_DPS_2026_2027_GUJ_UNI_PG_MCA_Y1_CSA,GSEB,DPS,GUJ,UNI_PG_MCA_Y1,CSA,B,2026-2027,1,Student cohort for MCA (Master of Computer Applications) - Y1 CSA Division B in 2026-2027.
DPS-2026-GSEB-GUJ-UNI_PG_MCA_Y1-CSA-C,DPS 2026-2027 Gujarati Medium MCA (Master of Computer Applications) - Y1 CSA Division C,DPS-2026-GSEB-GUJ-UNI_PG_MCA_Y1-CSA-C,DRONA_TRUST_GSEB_DPS_2026_2027_GUJ_UNI_PG_MCA_Y1_CSA,GSEB,DPS,GUJ,UNI_PG_MCA_Y1,CSA,C,2026-2027,1,Student cohort for MCA (Master of Computer Applications) - Y1 CSA Division C in 2026-2027.
DPS-2026-GSEB-GUJ-UNI_PG_MCA_Y1-CSA-D,DPS 2026-2027 Gujarati Medium MCA (Master of Computer Applications) - Y1 CSA Division D,DPS-2026-GSEB-GUJ-UNI_PG_MCA_Y1-CSA-D,DRONA_TRUST_GSEB_DPS_2026_2027_GUJ_UNI_PG_MCA_Y1_CSA,GSEB,DPS,GUJ,UNI_PG_MCA_Y1,CSA,D,2026-2027,1,Student cohort for MCA (Master of Computer Applications) - Y1 CSA Division D in 2026-2027.
DPS-2026-GSEB-GUJ-UNI_PG_MCA_Y1-CSA-E,DPS 2026-2027 Gujarati Medium MCA (Master of Computer Applications) - Y1 CSA Division E,DPS-2026-GSEB-GUJ-UNI_PG_MCA_Y1-CSA-E,DRONA_TRUST_GSEB_DPS_2026_2027_GUJ_UNI_PG_MCA_Y1_CSA,GSEB,DPS,GUJ,UNI_PG_MCA_Y1,CSA,E,2026-2027,1,Student cohort for MCA (Master of Computer Applications) - Y1 CSA Division E in 2026-2027.
DPS-2026-GSEB-GUJ-UNI_PG_MCA_Y1-CSA-F,DPS 2026-2027 Gujarati Medium MCA (Master of Computer Applications) - Y1 CSA Division F,DPS-2026-GSEB-GUJ-UNI_PG_MCA_Y1-CSA-F,DRONA_TRUST_GSEB_DPS_2026_2027_GUJ_UNI_PG_MCA_Y1_CSA,GSEB,DPS,GUJ,UNI_PG_MCA_Y1,CSA,F,2026-2027,1,Student cohort for MCA (Master of Computer Applications) - Y1 CSA Division F in 2026-2027.
DPS-2026-GSEB-GUJ-UNI_PG_MCA_Y2-CSA-A,DPS 2026-2027 Gujarati Medium MCA (Master of Computer Applications) - Y2 CSA Division A,DPS-2026-GSEB-GUJ-UNI_PG_MCA_Y2-CSA-A,DRONA_TRUST_GSEB_DPS_2026_2027_GUJ_UNI_PG_MCA_Y2_CSA,GSEB,DPS,GUJ,UNI_PG_MCA_Y2,CSA,A,2026-2027,1,Student cohort for MCA (Master of Computer Applications) - Y2 CSA Division A in 2026-2027.
DPS-2026-GSEB-GUJ-UNI_PG_MCA_Y2-CSA-B,DPS 2026-2027 Gujarati Medium MCA (Master of Computer Applications) - Y2 CSA Division B,DPS-2026-GSEB-GUJ-UNI_PG_MCA_Y2-CSA-B,DRONA_TRUST_GSEB_DPS_2026_2027_GUJ_UNI_PG_MCA_Y2_CSA,GSEB,DPS,GUJ,UNI_PG_MCA_Y2,CSA,B,2026-2027,1,Student cohort for MCA (Master of Computer Applications) - Y2 CSA Division B in 2026-2027.
DPS-2026-GSEB-GUJ-UNI_PG_MCA_Y2-CSA-C,DPS 2026-2027 Gujarati Medium MCA (Master of Computer Applications) - Y2 CSA Division C,DPS-2026-GSEB-GUJ-UNI_PG_MCA_Y2-CSA-C,DRONA_TRUST_GSEB_DPS_2026_2027_GUJ_UNI_PG_MCA_Y2_CSA,GSEB,DPS,GUJ,UNI_PG_MCA_Y2,CSA,C,2026-2027,1,Student cohort for MCA (Master of Computer Applications) - Y2 CSA Division C in 2026-2027.
DPS-2026-GSEB-GUJ-UNI_PG_MCA_Y2-CSA-D,DPS 2026-2027 Gujarati Medium MCA (Master of Computer Applications) - Y2 CSA Division D,DPS-2026-GSEB-GUJ-UNI_PG_MCA_Y2-CSA-D,DRONA_TRUST_GSEB_DPS_2026_2027_GUJ_UNI_PG_MCA_Y2_CSA,GSEB,DPS,GUJ,UNI_PG_MCA_Y2,CSA,D,2026-2027,1,Student cohort for MCA (Master of Computer Applications) - Y2 CSA Division D in 2026-2027.
DPS-2026-GSEB-GUJ-UNI_PG_MCA_Y2-CSA-E,DPS 2026-2027 Gujarati Medium MCA (Master of Computer Applications) - Y2 CSA Division E,DPS-2026-GSEB-GUJ-UNI_PG_MCA_Y2-CSA-E,DRONA_TRUST_GSEB_DPS_2026_2027_GUJ_UNI_PG_MCA_Y2_CSA,GSEB,DPS,GUJ,UNI_PG_MCA_Y2,CSA,E,2026-2027,1,Student cohort for MCA (Master of Computer Applications) - Y2 CSA Division E in 2026-2027.
DPS-2026-GSEB-GUJ-UNI_PG_MCA_Y2-CSA-F,DPS 2026-2027 Gujarati Medium MCA (Master of Computer Applications) - Y2 CSA Division F,DPS-2026-GSEB-GUJ-UNI_PG_MCA_Y2-CSA-F,DRONA_TRUST_GSEB_DPS_2026_2027_GUJ_UNI_PG_MCA_Y2_CSA,GSEB,DPS,GUJ,UNI_PG_MCA_Y2,CSA,F,2026-2027,1,Student cohort for MCA (Master of Computer Applications) - Y2 CSA Division F in 2026-2027.
DPS-2026-GSEB-GUJ-UNI_PG_MARCH_Y1-ARC-A,DPS 2026-2027 Gujarati Medium M.Arch (Architecture) - Y1 ARC Division A,DPS-2026-GSEB-GUJ-UNI_PG_MARCH_Y1-ARC-A,DRONA_TRUST_GSEB_DPS_2026_2027_GUJ_UNI_PG_MARCH_Y1_ARC,GSEB,DPS,GUJ,UNI_PG_MARCH_Y1,ARC,A,2026-2027,1,Student cohort for M.Arch (Architecture) - Y1 ARC Division A in 2026-2027.
DPS-2026-GSEB-GUJ-UNI_PG_MARCH_Y1-ARC-B,DPS 2026-2027 Gujarati Medium M.Arch (Architecture) - Y1 ARC Division B,DPS-2026-GSEB-GUJ-UNI_PG_MARCH_Y1-ARC-B,DRONA_TRUST_GSEB_DPS_2026_2027_GUJ_UNI_PG_MARCH_Y1_ARC,GSEB,DPS,GUJ,UNI_PG_MARCH_Y1,ARC,B,2026-2027,1,Student cohort for M.Arch (Architecture) - Y1 ARC Division B in 2026-2027.
DPS-2026-GSEB-GUJ-UNI_PG_MARCH_Y1-ARC-C,DPS 2026-2027 Gujarati Medium M.Arch (Architecture) - Y1 ARC Division C,DPS-2026-GSEB-GUJ-UNI_PG_MARCH_Y1-ARC-C,DRONA_TRUST_GSEB_DPS_2026_2027_GUJ_UNI_PG_MARCH_Y1_ARC,GSEB,DPS,GUJ,UNI_PG_MARCH_Y1,ARC,C,2026-2027,1,Student cohort for M.Arch (Architecture) - Y1 ARC Division C in 2026-2027.
DPS-2026-GSEB-GUJ-UNI_PG_MARCH_Y1-ARC-D,DPS 2026-2027 Gujarati Medium M.Arch (Architecture) - Y1 ARC Division D,DPS-2026-GSEB-GUJ-UNI_PG_MARCH_Y1-ARC-D,DRONA_TRUST_GSEB_DPS_2026_2027_GUJ_UNI_PG_MARCH_Y1_ARC,GSEB,DPS,GUJ,UNI_PG_MARCH_Y1,ARC,D,2026-2027,1,Student cohort for M.Arch (Architecture) - Y1 ARC Division D in 2026-2027.
DPS-2026-GSEB-GUJ-UNI_PG_MARCH_Y1-ARC-E,DPS 2026-2027 Gujarati Medium M.Arch (Architecture) - Y1 ARC Division E,DPS-2026-GSEB-GUJ-UNI_PG_MARCH_Y1-ARC-E,DRONA_TRUST_GSEB_DPS_2026_2027_GUJ_UNI_PG_MARCH_Y1_ARC,GSEB,DPS,GUJ,UNI_PG_MARCH_Y1,ARC,E,2026-2027,1,Student cohort for M.Arch (Architecture) - Y1 ARC Division E in 2026-2027.
DPS-2026-GSEB-GUJ-UNI_PG_MARCH_Y1-ARC-F,DPS 2026-2027 Gujarati Medium M.Arch (Architecture) - Y1 ARC Division F,DPS-2026-GSEB-GUJ-UNI_PG_MARCH_Y1-ARC-F,DRONA_TRUST_GSEB_DPS_2026_2027_GUJ_UNI_PG_MARCH_Y1_ARC,GSEB,DPS,GUJ,UNI_PG_MARCH_Y1,ARC,F,2026-2027,1,Student cohort for M.Arch (Architecture) - Y1 ARC Division F in 2026-2027.
DPS-2026-GSEB-GUJ-UNI_PG_MPT_Y1-AHS-A,DPS 2026-2027 Gujarati Medium MPT (Physiotherapy) - Y1 AHS Division A,DPS-2026-GSEB-GUJ-UNI_PG_MPT_Y1-AHS-A,DRONA_TRUST_GSEB_DPS_2026_2027_GUJ_UNI_PG_MPT_Y1_AHS,GSEB,DPS,GUJ,UNI_PG_MPT_Y1,AHS,A,2026-2027,1,Student cohort for MPT (Physiotherapy) - Y1 AHS Division A in 2026-2027.
DPS-2026-GSEB-GUJ-UNI_PG_MPT_Y1-AHS-B,DPS 2026-2027 Gujarati Medium MPT (Physiotherapy) - Y1 AHS Division B,DPS-2026-GSEB-GUJ-UNI_PG_MPT_Y1-AHS-B,DRONA_TRUST_GSEB_DPS_2026_2027_GUJ_UNI_PG_MPT_Y1_AHS,GSEB,DPS,GUJ,UNI_PG_MPT_Y1,AHS,B,2026-2027,1,Student cohort for MPT (Physiotherapy) - Y1 AHS Division B in 2026-2027.
DPS-2026-GSEB-GUJ-UNI_PG_MPT_Y1-AHS-C,DPS 2026-2027 Gujarati Medium MPT (Physiotherapy) - Y1 AHS Division C,DPS-2026-GSEB-GUJ-UNI_PG_MPT_Y1-AHS-C,DRONA_TRUST_GSEB_DPS_2026_2027_GUJ_UNI_PG_MPT_Y1_AHS,GSEB,DPS,GUJ,UNI_PG_MPT_Y1,AHS,C,2026-2027,1,Student cohort for MPT (Physiotherapy) - Y1 AHS Division C in 2026-2027.
DPS-2026-GSEB-GUJ-UNI_PG_MPT_Y1-AHS-D,DPS 2026-2027 Gujarati Medium MPT (Physiotherapy) - Y1 AHS Division D,DPS-2026-GSEB-GUJ-UNI_PG_MPT_Y1-AHS-D,DRONA_TRUST_GSEB_DPS_2026_2027_GUJ_UNI_PG_MPT_Y1_AHS,GSEB,DPS,GUJ,UNI_PG_MPT_Y1,AHS,D,2026-2027,1,Student cohort for MPT (Physiotherapy) - Y1 AHS Division D in 2026-2027.
DPS-2026-GSEB-GUJ-UNI_PG_MPT_Y1-AHS-E,DPS 2026-2027 Gujarati Medium MPT (Physiotherapy) - Y1 AHS Division E,DPS-2026-GSEB-GUJ-UNI_PG_MPT_Y1-AHS-E,DRONA_TRUST_GSEB_DPS_2026_2027_GUJ_UNI_PG_MPT_Y1_AHS,GSEB,DPS,GUJ,UNI_PG_MPT_Y1,AHS,E,2026-2027,1,Student cohort for MPT (Physiotherapy) - Y1 AHS Division E in 2026-2027.
DPS-2026-GSEB-GUJ-UNI_PG_MPT_Y1-AHS-F,DPS 2026-2027 Gujarati Medium MPT (Physiotherapy) - Y1 AHS Division F,DPS-2026-GSEB-GUJ-UNI_PG_MPT_Y1-AHS-F,DRONA_TRUST_GSEB_DPS_2026_2027_GUJ_UNI_PG_MPT_Y1_AHS,GSEB,DPS,GUJ,UNI_PG_MPT_Y1,AHS,F,2026-2027,1,Student cohort for MPT (Physiotherapy) - Y1 AHS Division F in 2026-2027.
DPS-2026-GSEB-GUJ-UNI_PG_MSW_Y1-ART-A,DPS 2026-2027 Gujarati Medium MSW (Master of Social Work) - Y1 ART Division A,DPS-2026-GSEB-GUJ-UNI_PG_MSW_Y1-ART-A,DRONA_TRUST_GSEB_DPS_2026_2027_GUJ_UNI_PG_MSW_Y1_ART,GSEB,DPS,GUJ,UNI_PG_MSW_Y1,ART,A,2026-2027,1,Student cohort for MSW (Master of Social Work) - Y1 ART Division A in 2026-2027.
DPS-2026-GSEB-GUJ-UNI_PG_MSW_Y1-ART-B,DPS 2026-2027 Gujarati Medium MSW (Master of Social Work) - Y1 ART Division B,DPS-2026-GSEB-GUJ-UNI_PG_MSW_Y1-ART-B,DRONA_TRUST_GSEB_DPS_2026_2027_GUJ_UNI_PG_MSW_Y1_ART,GSEB,DPS,GUJ,UNI_PG_MSW_Y1,ART,B,2026-2027,1,Student cohort for MSW (Master of Social Work) - Y1 ART Division B in 2026-2027.
DPS-2026-GSEB-GUJ-UNI_PG_MSW_Y1-ART-C,DPS 2026-2027 Gujarati Medium MSW (Master of Social Work) - Y1 ART Division C,DPS-2026-GSEB-GUJ-UNI_PG_MSW_Y1-ART-C,DRONA_TRUST_GSEB_DPS_2026_2027_GUJ_UNI_PG_MSW_Y1_ART,GSEB,DPS,GUJ,UNI_PG_MSW_Y1,ART,C,2026-2027,1,Student cohort for MSW (Master of Social Work) - Y1 ART Division C in 2026-2027.
DPS-2026-GSEB-GUJ-UNI_PG_MSW_Y1-ART-D,DPS 2026-2027 Gujarati Medium MSW (Master of Social Work) - Y1 ART Division D,DPS-2026-GSEB-GUJ-UNI_PG_MSW_Y1-ART-D,DRONA_TRUST_GSEB_DPS_2026_2027_GUJ_UNI_PG_MSW_Y1_ART,GSEB,DPS,GUJ,UNI_PG_MSW_Y1,ART,D,2026-2027,1,Student cohort for MSW (Master of Social Work) - Y1 ART Division D in 2026-2027.
DPS-2026-GSEB-GUJ-UNI_PG_MSW_Y1-ART-E,DPS 2026-2027 Gujarati Medium MSW (Master of Social Work) - Y1 ART Division E,DPS-2026-GSEB-GUJ-UNI_PG_MSW_Y1-ART-E,DRONA_TRUST_GSEB_DPS_2026_2027_GUJ_UNI_PG_MSW_Y1_ART,GSEB,DPS,GUJ,UNI_PG_MSW_Y1,ART,E,2026-2027,1,Student cohort for MSW (Master of Social Work) - Y1 ART Division E in 2026-2027.
DPS-2026-GSEB-GUJ-UNI_PG_MSW_Y1-ART-F,DPS 2026-2027 Gujarati Medium MSW (Master of Social Work) - Y1 ART Division F,DPS-2026-GSEB-GUJ-UNI_PG_MSW_Y1-ART-F,DRONA_TRUST_GSEB_DPS_2026_2027_GUJ_UNI_PG_MSW_Y1_ART,GSEB,DPS,GUJ,UNI_PG_MSW_Y1,ART,F,2026-2027,1,Student cohort for MSW (Master of Social Work) - Y1 ART Division F in 2026-2027.
DPS-2026-GSEB-GUJ-UNI_PG_MFA_Y1-ART-A,DPS 2026-2027 Gujarati Medium MFA (Fine Arts) - Y1 ART Division A,DPS-2026-GSEB-GUJ-UNI_PG_MFA_Y1-ART-A,DRONA_TRUST_GSEB_DPS_2026_2027_GUJ_UNI_PG_MFA_Y1_ART,GSEB,DPS,GUJ,UNI_PG_MFA_Y1,ART,A,2026-2027,1,Student cohort for MFA (Fine Arts) - Y1 ART Division A in 2026-2027.
DPS-2026-GSEB-GUJ-UNI_PG_MFA_Y1-ART-B,DPS 2026-2027 Gujarati Medium MFA (Fine Arts) - Y1 ART Division B,DPS-2026-GSEB-GUJ-UNI_PG_MFA_Y1-ART-B,DRONA_TRUST_GSEB_DPS_2026_2027_GUJ_UNI_PG_MFA_Y1_ART,GSEB,DPS,GUJ,UNI_PG_MFA_Y1,ART,B,2026-2027,1,Student cohort for MFA (Fine Arts) - Y1 ART Division B in 2026-2027.
DPS-2026-GSEB-GUJ-UNI_PG_MFA_Y1-ART-C,DPS 2026-2027 Gujarati Medium MFA (Fine Arts) - Y1 ART Division C,DPS-2026-GSEB-GUJ-UNI_PG_MFA_Y1-ART-C,DRONA_TRUST_GSEB_DPS_2026_2027_GUJ_UNI_PG_MFA_Y1_ART,GSEB,DPS,GUJ,UNI_PG_MFA_Y1,ART,C,2026-2027,1,Student cohort for MFA (Fine Arts) - Y1 ART Division C in 2026-2027.
DPS-2026-GSEB-GUJ-UNI_PG_MFA_Y1-ART-D,DPS 2026-2027 Gujarati Medium MFA (Fine Arts) - Y1 ART Division D,DPS-2026-GSEB-GUJ-UNI_PG_MFA_Y1-ART-D,DRONA_TRUST_GSEB_DPS_2026_2027_GUJ_UNI_PG_MFA_Y1_ART,GSEB,DPS,GUJ,UNI_PG_MFA_Y1,ART,D,2026-2027,1,Student cohort for MFA (Fine Arts) - Y1 ART Division D in 2026-2027.
DPS-2026-GSEB-GUJ-UNI_PG_MFA_Y1-ART-E,DPS 2026-2027 Gujarati Medium MFA (Fine Arts) - Y1 ART Division E,DPS-2026-GSEB-GUJ-UNI_PG_MFA_Y1-ART-E,DRONA_TRUST_GSEB_DPS_2026_2027_GUJ_UNI_PG_MFA_Y1_ART,GSEB,DPS,GUJ,UNI_PG_MFA_Y1,ART,E,2026-2027,1,Student cohort for MFA (Fine Arts) - Y1 ART Division E in 2026-2027.
DPS-2026-GSEB-GUJ-UNI_PG_MFA_Y1-ART-F,DPS 2026-2027 Gujarati Medium MFA (Fine Arts) - Y1 ART Division F,DPS-2026-GSEB-GUJ-UNI_PG_MFA_Y1-ART-F,DRONA_TRUST_GSEB_DPS_2026_2027_GUJ_UNI_PG_MFA_Y1_ART,GSEB,DPS,GUJ,UNI_PG_MFA_Y1,ART,F,2026-2027,1,Student cohort for MFA (Fine Arts) - Y1 ART Division F in 2026-2027.
DPS-2026-GSEB-GUJ-UNI_PG_MCOM_Y1-PRO_FIN-A,DPS 2026-2027 Gujarati Medium M.Com (Master of Commerce) - Y1 PRO_FIN Division A,DPS-2026-GSEB-GUJ-UNI_PG_MCOM_Y1-PRO_FIN-A,DRONA_TRUST_GSEB_DPS_2026_2027_GUJ_UNI_PG_MCOM_Y1_PRO_FIN,GSEB,DPS,GUJ,UNI_PG_MCOM_Y1,PRO_FIN,A,2026-2027,1,Student cohort for M.Com (Master of Commerce) - Y1 PRO_FIN Division A in 2026-2027.
DPS-2026-GSEB-GUJ-UNI_PG_MCOM_Y1-PRO_FIN-B,DPS 2026-2027 Gujarati Medium M.Com (Master of Commerce) - Y1 PRO_FIN Division B,DPS-2026-GSEB-GUJ-UNI_PG_MCOM_Y1-PRO_FIN-B,DRONA_TRUST_GSEB_DPS_2026_2027_GUJ_UNI_PG_MCOM_Y1_PRO_FIN,GSEB,DPS,GUJ,UNI_PG_MCOM_Y1,PRO_FIN,B,2026-2027,1,Student cohort for M.Com (Master of Commerce) - Y1 PRO_FIN Division B in 2026-2027.
DPS-2026-GSEB-GUJ-UNI_PG_MCOM_Y1-PRO_FIN-C,DPS 2026-2027 Gujarati Medium M.Com (Master of Commerce) - Y1 PRO_FIN Division C,DPS-2026-GSEB-GUJ-UNI_PG_MCOM_Y1-PRO_FIN-C,DRONA_TRUST_GSEB_DPS_2026_2027_GUJ_UNI_PG_MCOM_Y1_PRO_FIN,GSEB,DPS,GUJ,UNI_PG_MCOM_Y1,PRO_FIN,C,2026-2027,1,Student cohort for M.Com (Master of Commerce) - Y1 PRO_FIN Division C in 2026-2027.
DPS-2026-GSEB-GUJ-UNI_PG_MCOM_Y1-PRO_FIN-D,DPS 2026-2027 Gujarati Medium M.Com (Master of Commerce) - Y1 PRO_FIN Division D,DPS-2026-GSEB-GUJ-UNI_PG_MCOM_Y1-PRO_FIN-D,DRONA_TRUST_GSEB_DPS_2026_2027_GUJ_UNI_PG_MCOM_Y1_PRO_FIN,GSEB,DPS,GUJ,UNI_PG_MCOM_Y1,PRO_FIN,D,2026-2027,1,Student cohort for M.Com (Master of Commerce) - Y1 PRO_FIN Division D in 2026-2027.
DPS-2026-GSEB-GUJ-UNI_PG_MCOM_Y1-PRO_FIN-E,DPS 2026-2027 Gujarati Medium M.Com (Master of Commerce) - Y1 PRO_FIN Division E,DPS-2026-GSEB-GUJ-UNI_PG_MCOM_Y1-PRO_FIN-E,DRONA_TRUST_GSEB_DPS_2026_2027_GUJ_UNI_PG_MCOM_Y1_PRO_FIN,GSEB,DPS,GUJ,UNI_PG_MCOM_Y1,PRO_FIN,E,2026-2027,1,Student cohort for M.Com (Master of Commerce) - Y1 PRO_FIN Division E in 2026-2027.
DPS-2026-GSEB-GUJ-UNI_PG_MCOM_Y1-PRO_FIN-F,DPS 2026-2027 Gujarati Medium M.Com (Master of Commerce) - Y1 PRO_FIN Division F,DPS-2026-GSEB-GUJ-UNI_PG_MCOM_Y1-PRO_FIN-F,DRONA_TRUST_GSEB_DPS_2026_2027_GUJ_UNI_PG_MCOM_Y1_PRO_FIN,GSEB,DPS,GUJ,UNI_PG_MCOM_Y1,PRO_FIN,F,2026-2027,1,Student cohort for M.Com (Master of Commerce) - Y1 PRO_FIN Division F in 2026-2027.
DPS-2026-GSEB-GUJ-LMS_CERT_FSD-CSA-A,DPS 2026-2027 Gujarati Medium PG Certification in Full Stack Development CSA Division A,DPS-2026-GSEB-GUJ-LMS_CERT_FSD-CSA-A,DRONA_TRUST_GSEB_DPS_2026_2027_GUJ_LMS_CERT_FSD_CSA,GSEB,DPS,GUJ,LMS_CERT_FSD,CSA,A,2026-2027,1,Student cohort for PG Certification in Full Stack Development CSA Division A in 2026-2027.
DPS-2026-GSEB-GUJ-LMS_CERT_FSD-CSA-B,DPS 2026-2027 Gujarati Medium PG Certification in Full Stack Development CSA Division B,DPS-2026-GSEB-GUJ-LMS_CERT_FSD-CSA-B,DRONA_TRUST_GSEB_DPS_2026_2027_GUJ_LMS_CERT_FSD_CSA,GSEB,DPS,GUJ,LMS_CERT_FSD,CSA,B,2026-2027,1,Student cohort for PG Certification in Full Stack Development CSA Division B in 2026-2027.
DPS-2026-GSEB-GUJ-LMS_CERT_FSD-CSA-C,DPS 2026-2027 Gujarati Medium PG Certification in Full Stack Development CSA Division C,DPS-2026-GSEB-GUJ-LMS_CERT_FSD-CSA-C,DRONA_TRUST_GSEB_DPS_2026_2027_GUJ_LMS_CERT_FSD_CSA,GSEB,DPS,GUJ,LMS_CERT_FSD,CSA,C,2026-2027,1,Student cohort for PG Certification in Full Stack Development CSA Division C in 2026-2027.
DPS-2026-GSEB-GUJ-LMS_CERT_FSD-CSA-D,DPS 2026-2027 Gujarati Medium PG Certification in Full Stack Development CSA Division D,DPS-2026-GSEB-GUJ-LMS_CERT_FSD-CSA-D,DRONA_TRUST_GSEB_DPS_2026_2027_GUJ_LMS_CERT_FSD_CSA,GSEB,DPS,GUJ,LMS_CERT_FSD,CSA,D,2026-2027,1,Student cohort for PG Certification in Full Stack Development CSA Division D in 2026-2027.
DPS-2026-GSEB-GUJ-LMS_CERT_FSD-CSA-E,DPS 2026-2027 Gujarati Medium PG Certification in Full Stack Development CSA Division E,DPS-2026-GSEB-GUJ-LMS_CERT_FSD-CSA-E,DRONA_TRUST_GSEB_DPS_2026_2027_GUJ_LMS_CERT_FSD_CSA,GSEB,DPS,GUJ,LMS_CERT_FSD,CSA,E,2026-2027,1,Student cohort for PG Certification in Full Stack Development CSA Division E in 2026-2027.
DPS-2026-GSEB-GUJ-LMS_CERT_FSD-CSA-F,DPS 2026-2027 Gujarati Medium PG Certification in Full Stack Development CSA Division F,DPS-2026-GSEB-GUJ-LMS_CERT_FSD-CSA-F,DRONA_TRUST_GSEB_DPS_2026_2027_GUJ_LMS_CERT_FSD_CSA,GSEB,DPS,GUJ,LMS_CERT_FSD,CSA,F,2026-2027,1,Student cohort for PG Certification in Full Stack Development CSA Division F in 2026-2027.
DPS-2026-GSEB-GUJ-LMS_CERT_DATA-AIE-A,DPS 2026-2027 Gujarati Medium Executive PG in Data Science AIE Division A,DPS-2026-GSEB-GUJ-LMS_CERT_DATA-AIE-A,DRONA_TRUST_GSEB_DPS_2026_2027_GUJ_LMS_CERT_DATA_AIE,GSEB,DPS,GUJ,LMS_CERT_DATA,AIE,A,2026-2027,1,Student cohort for Executive PG in Data Science AIE Division A in 2026-2027.
DPS-2026-GSEB-GUJ-LMS_CERT_DATA-AIE-B,DPS 2026-2027 Gujarati Medium Executive PG in Data Science AIE Division B,DPS-2026-GSEB-GUJ-LMS_CERT_DATA-AIE-B,DRONA_TRUST_GSEB_DPS_2026_2027_GUJ_LMS_CERT_DATA_AIE,GSEB,DPS,GUJ,LMS_CERT_DATA,AIE,B,2026-2027,1,Student cohort for Executive PG in Data Science AIE Division B in 2026-2027.
DPS-2026-GSEB-GUJ-LMS_CERT_DATA-AIE-C,DPS 2026-2027 Gujarati Medium Executive PG in Data Science AIE Division C,DPS-2026-GSEB-GUJ-LMS_CERT_DATA-AIE-C,DRONA_TRUST_GSEB_DPS_2026_2027_GUJ_LMS_CERT_DATA_AIE,GSEB,DPS,GUJ,LMS_CERT_DATA,AIE,C,2026-2027,1,Student cohort for Executive PG in Data Science AIE Division C in 2026-2027.
DPS-2026-GSEB-GUJ-LMS_CERT_DATA-AIE-D,DPS 2026-2027 Gujarati Medium Executive PG in Data Science AIE Division D,DPS-2026-GSEB-GUJ-LMS_CERT_DATA-AIE-D,DRONA_TRUST_GSEB_DPS_2026_2027_GUJ_LMS_CERT_DATA_AIE,GSEB,DPS,GUJ,LMS_CERT_DATA,AIE,D,2026-2027,1,Student cohort for Executive PG in Data Science AIE Division D in 2026-2027.
DPS-2026-GSEB-GUJ-LMS_CERT_DATA-AIE-E,DPS 2026-2027 Gujarati Medium Executive PG in Data Science AIE Division E,DPS-2026-GSEB-GUJ-LMS_CERT_DATA-AIE-E,DRONA_TRUST_GSEB_DPS_2026_2027_GUJ_LMS_CERT_DATA_AIE,GSEB,DPS,GUJ,LMS_CERT_DATA,AIE,E,2026-2027,1,Student cohort for Executive PG in Data Science AIE Division E in 2026-2027.
DPS-2026-GSEB-GUJ-LMS_CERT_DATA-AIE-F,DPS 2026-2027 Gujarati Medium Executive PG in Data Science AIE Division F,DPS-2026-GSEB-GUJ-LMS_CERT_DATA-AIE-F,DRONA_TRUST_GSEB_DPS_2026_2027_GUJ_LMS_CERT_DATA_AIE,GSEB,DPS,GUJ,LMS_CERT_DATA,AIE,F,2026-2027,1,Student cohort for Executive PG in Data Science AIE Division F in 2026-2027.
DPS-2026-GSEB-GUJ-LMS_CERT_CLOUD-ENG-A,DPS 2026-2027 Gujarati Medium Cloud Architect Certification (AWS/Azure) ENG Division A,DPS-2026-GSEB-GUJ-LMS_CERT_CLOUD-ENG-A,DRONA_TRUST_GSEB_DPS_2026_2027_GUJ_LMS_CERT_CLOUD_ENG,GSEB,DPS,GUJ,LMS_CERT_CLOUD,ENG,A,2026-2027,1,Student cohort for Cloud Architect Certification (AWS/Azure) ENG Division A in 2026-2027.
DPS-2026-GSEB-GUJ-LMS_CERT_CLOUD-ENG-B,DPS 2026-2027 Gujarati Medium Cloud Architect Certification (AWS/Azure) ENG Division B,DPS-2026-GSEB-GUJ-LMS_CERT_CLOUD-ENG-B,DRONA_TRUST_GSEB_DPS_2026_2027_GUJ_LMS_CERT_CLOUD_ENG,GSEB,DPS,GUJ,LMS_CERT_CLOUD,ENG,B,2026-2027,1,Student cohort for Cloud Architect Certification (AWS/Azure) ENG Division B in 2026-2027.
DPS-2026-GSEB-GUJ-LMS_CERT_CLOUD-ENG-C,DPS 2026-2027 Gujarati Medium Cloud Architect Certification (AWS/Azure) ENG Division C,DPS-2026-GSEB-GUJ-LMS_CERT_CLOUD-ENG-C,DRONA_TRUST_GSEB_DPS_2026_2027_GUJ_LMS_CERT_CLOUD_ENG,GSEB,DPS,GUJ,LMS_CERT_CLOUD,ENG,C,2026-2027,1,Student cohort for Cloud Architect Certification (AWS/Azure) ENG Division C in 2026-2027.
DPS-2026-GSEB-GUJ-LMS_CERT_CLOUD-ENG-D,DPS 2026-2027 Gujarati Medium Cloud Architect Certification (AWS/Azure) ENG Division D,DPS-2026-GSEB-GUJ-LMS_CERT_CLOUD-ENG-D,DRONA_TRUST_GSEB_DPS_2026_2027_GUJ_LMS_CERT_CLOUD_ENG,GSEB,DPS,GUJ,LMS_CERT_CLOUD,ENG,D,2026-2027,1,Student cohort for Cloud Architect Certification (AWS/Azure) ENG Division D in 2026-2027.
DPS-2026-GSEB-GUJ-LMS_CERT_CLOUD-ENG-E,DPS 2026-2027 Gujarati Medium Cloud Architect Certification (AWS/Azure) ENG Division E,DPS-2026-GSEB-GUJ-LMS_CERT_CLOUD-ENG-E,DRONA_TRUST_GSEB_DPS_2026_2027_GUJ_LMS_CERT_CLOUD_ENG,GSEB,DPS,GUJ,LMS_CERT_CLOUD,ENG,E,2026-2027,1,Student cohort for Cloud Architect Certification (AWS/Azure) ENG Division E in 2026-2027.
DPS-2026-GSEB-GUJ-LMS_CERT_CLOUD-ENG-F,DPS 2026-2027 Gujarati Medium Cloud Architect Certification (AWS/Azure) ENG Division F,DPS-2026-GSEB-GUJ-LMS_CERT_CLOUD-ENG-F,DRONA_TRUST_GSEB_DPS_2026_2027_GUJ_LMS_CERT_CLOUD_ENG,GSEB,DPS,GUJ,LMS_CERT_CLOUD,ENG,F,2026-2027,1,Student cohort for Cloud Architect Certification (AWS/Azure) ENG Division F in 2026-2027.
DPS-2026-GSEB-GUJ-LMS_CERT_MLOPS-AIE-A,DPS 2026-2027 Gujarati Medium Advanced Certification in MLOps AIE Division A,DPS-2026-GSEB-GUJ-LMS_CERT_MLOPS-AIE-A,DRONA_TRUST_GSEB_DPS_2026_2027_GUJ_LMS_CERT_MLOPS_AIE,GSEB,DPS,GUJ,LMS_CERT_MLOPS,AIE,A,2026-2027,1,Student cohort for Advanced Certification in MLOps AIE Division A in 2026-2027.
DPS-2026-GSEB-GUJ-LMS_CERT_MLOPS-AIE-B,DPS 2026-2027 Gujarati Medium Advanced Certification in MLOps AIE Division B,DPS-2026-GSEB-GUJ-LMS_CERT_MLOPS-AIE-B,DRONA_TRUST_GSEB_DPS_2026_2027_GUJ_LMS_CERT_MLOPS_AIE,GSEB,DPS,GUJ,LMS_CERT_MLOPS,AIE,B,2026-2027,1,Student cohort for Advanced Certification in MLOps AIE Division B in 2026-2027.
DPS-2026-GSEB-GUJ-LMS_CERT_MLOPS-AIE-C,DPS 2026-2027 Gujarati Medium Advanced Certification in MLOps AIE Division C,DPS-2026-GSEB-GUJ-LMS_CERT_MLOPS-AIE-C,DRONA_TRUST_GSEB_DPS_2026_2027_GUJ_LMS_CERT_MLOPS_AIE,GSEB,DPS,GUJ,LMS_CERT_MLOPS,AIE,C,2026-2027,1,Student cohort for Advanced Certification in MLOps AIE Division C in 2026-2027.
DPS-2026-GSEB-GUJ-LMS_CERT_MLOPS-AIE-D,DPS 2026-2027 Gujarati Medium Advanced Certification in MLOps AIE Division D,DPS-2026-GSEB-GUJ-LMS_CERT_MLOPS-AIE-D,DRONA_TRUST_GSEB_DPS_2026_2027_GUJ_LMS_CERT_MLOPS_AIE,GSEB,DPS,GUJ,LMS_CERT_MLOPS,AIE,D,2026-2027,1,Student cohort for Advanced Certification in MLOps AIE Division D in 2026-2027.
DPS-2026-GSEB-GUJ-LMS_CERT_MLOPS-AIE-E,DPS 2026-2027 Gujarati Medium Advanced Certification in MLOps AIE Division E,DPS-2026-GSEB-GUJ-LMS_CERT_MLOPS-AIE-E,DRONA_TRUST_GSEB_DPS_2026_2027_GUJ_LMS_CERT_MLOPS_AIE,GSEB,DPS,GUJ,LMS_CERT_MLOPS,AIE,E,2026-2027,1,Student cohort for Advanced Certification in MLOps AIE Division E in 2026-2027.
DPS-2026-GSEB-GUJ-LMS_CERT_MLOPS-AIE-F,DPS 2026-2027 Gujarati Medium Advanced Certification in MLOps AIE Division F,DPS-2026-GSEB-GUJ-LMS_CERT_MLOPS-AIE-F,DRONA_TRUST_GSEB_DPS_2026_2027_GUJ_LMS_CERT_MLOPS_AIE,GSEB,DPS,GUJ,LMS_CERT_MLOPS,AIE,F,2026-2027,1,Student cohort for Advanced Certification in MLOps AIE Division F in 2026-2027.
DPS-2026-GSEB-GUJ-LMS_CERT_PM-MGT-A,DPS 2026-2027 Gujarati Medium PG Certificate in Product Management MGT Division A,DPS-2026-GSEB-GUJ-LMS_CERT_PM-MGT-A,DRONA_TRUST_GSEB_DPS_2026_2027_GUJ_LMS_CERT_PM_MGT,GSEB,DPS,GUJ,LMS_CERT_PM,MGT,A,2026-2027,1,Student cohort for PG Certificate in Product Management MGT Division A in 2026-2027.
DPS-2026-GSEB-GUJ-LMS_CERT_PM-MGT-B,DPS 2026-2027 Gujarati Medium PG Certificate in Product Management MGT Division B,DPS-2026-GSEB-GUJ-LMS_CERT_PM-MGT-B,DRONA_TRUST_GSEB_DPS_2026_2027_GUJ_LMS_CERT_PM_MGT,GSEB,DPS,GUJ,LMS_CERT_PM,MGT,B,2026-2027,1,Student cohort for PG Certificate in Product Management MGT Division B in 2026-2027.
DPS-2026-GSEB-GUJ-LMS_CERT_PM-MGT-C,DPS 2026-2027 Gujarati Medium PG Certificate in Product Management MGT Division C,DPS-2026-GSEB-GUJ-LMS_CERT_PM-MGT-C,DRONA_TRUST_GSEB_DPS_2026_2027_GUJ_LMS_CERT_PM_MGT,GSEB,DPS,GUJ,LMS_CERT_PM,MGT,C,2026-2027,1,Student cohort for PG Certificate in Product Management MGT Division C in 2026-2027.
DPS-2026-GSEB-GUJ-LMS_CERT_PM-MGT-D,DPS 2026-2027 Gujarati Medium PG Certificate in Product Management MGT Division D,DPS-2026-GSEB-GUJ-LMS_CERT_PM-MGT-D,DRONA_TRUST_GSEB_DPS_2026_2027_GUJ_LMS_CERT_PM_MGT,GSEB,DPS,GUJ,LMS_CERT_PM,MGT,D,2026-2027,1,Student cohort for PG Certificate in Product Management MGT Division D in 2026-2027.
DPS-2026-GSEB-GUJ-LMS_CERT_PM-MGT-E,DPS 2026-2027 Gujarati Medium PG Certificate in Product Management MGT Division E,DPS-2026-GSEB-GUJ-LMS_CERT_PM-MGT-E,DRONA_TRUST_GSEB_DPS_2026_2027_GUJ_LMS_CERT_PM_MGT,GSEB,DPS,GUJ,LMS_CERT_PM,MGT,E,2026-2027,1,Student cohort for PG Certificate in Product Management MGT Division E in 2026-2027.
DPS-2026-GSEB-GUJ-LMS_CERT_PM-MGT-F,DPS 2026-2027 Gujarati Medium PG Certificate in Product Management MGT Division F,DPS-2026-GSEB-GUJ-LMS_CERT_PM-MGT-F,DRONA_TRUST_GSEB_DPS_2026_2027_GUJ_LMS_CERT_PM_MGT,GSEB,DPS,GUJ,LMS_CERT_PM,MGT,F,2026-2027,1,Student cohort for PG Certificate in Product Management MGT Division F in 2026-2027.
DPS-2026-GSEB-GUJ-LMS_CERT_AGILE-MGT-A,DPS 2026-2027 Gujarati Medium Certified Scrum Master (CSM/Agile) MGT Division A,DPS-2026-GSEB-GUJ-LMS_CERT_AGILE-MGT-A,DRONA_TRUST_GSEB_DPS_2026_2027_GUJ_LMS_CERT_AGILE_MGT,GSEB,DPS,GUJ,LMS_CERT_AGILE,MGT,A,2026-2027,1,Student cohort for Certified Scrum Master (CSM/Agile) MGT Division A in 2026-2027.
DPS-2026-GSEB-GUJ-LMS_CERT_AGILE-MGT-B,DPS 2026-2027 Gujarati Medium Certified Scrum Master (CSM/Agile) MGT Division B,DPS-2026-GSEB-GUJ-LMS_CERT_AGILE-MGT-B,DRONA_TRUST_GSEB_DPS_2026_2027_GUJ_LMS_CERT_AGILE_MGT,GSEB,DPS,GUJ,LMS_CERT_AGILE,MGT,B,2026-2027,1,Student cohort for Certified Scrum Master (CSM/Agile) MGT Division B in 2026-2027.
DPS-2026-GSEB-GUJ-LMS_CERT_AGILE-MGT-C,DPS 2026-2027 Gujarati Medium Certified Scrum Master (CSM/Agile) MGT Division C,DPS-2026-GSEB-GUJ-LMS_CERT_AGILE-MGT-C,DRONA_TRUST_GSEB_DPS_2026_2027_GUJ_LMS_CERT_AGILE_MGT,GSEB,DPS,GUJ,LMS_CERT_AGILE,MGT,C,2026-2027,1,Student cohort for Certified Scrum Master (CSM/Agile) MGT Division C in 2026-2027.
DPS-2026-GSEB-GUJ-LMS_CERT_AGILE-MGT-D,DPS 2026-2027 Gujarati Medium Certified Scrum Master (CSM/Agile) MGT Division D,DPS-2026-GSEB-GUJ-LMS_CERT_AGILE-MGT-D,DRONA_TRUST_GSEB_DPS_2026_2027_GUJ_LMS_CERT_AGILE_MGT,GSEB,DPS,GUJ,LMS_CERT_AGILE,MGT,D,2026-2027,1,Student cohort for Certified Scrum Master (CSM/Agile) MGT Division D in 2026-2027.
DPS-2026-GSEB-GUJ-LMS_CERT_AGILE-MGT-E,DPS 2026-2027 Gujarati Medium Certified Scrum Master (CSM/Agile) MGT Division E,DPS-2026-GSEB-GUJ-LMS_CERT_AGILE-MGT-E,DRONA_TRUST_GSEB_DPS_2026_2027_GUJ_LMS_CERT_AGILE_MGT,GSEB,DPS,GUJ,LMS_CERT_AGILE,MGT,E,2026-2027,1,Student cohort for Certified Scrum Master (CSM/Agile) MGT Division E in 2026-2027.
DPS-2026-GSEB-GUJ-LMS_CERT_AGILE-MGT-F,DPS 2026-2027 Gujarati Medium Certified Scrum Master (CSM/Agile) MGT Division F,DPS-2026-GSEB-GUJ-LMS_CERT_AGILE-MGT-F,DRONA_TRUST_GSEB_DPS_2026_2027_GUJ_LMS_CERT_AGILE_MGT,GSEB,DPS,GUJ,LMS_CERT_AGILE,MGT,F,2026-2027,1,Student cohort for Certified Scrum Master (CSM/Agile) MGT Division F in 2026-2027.
DPS-2026-GSEB-GUJ-LMS_CERT_CYBER-CSA-A,DPS 2026-2027 Gujarati Medium Certified Ethical Hacker (CEH) CSA Division A,DPS-2026-GSEB-GUJ-LMS_CERT_CYBER-CSA-A,DRONA_TRUST_GSEB_DPS_2026_2027_GUJ_LMS_CERT_CYBER_CSA,GSEB,DPS,GUJ,LMS_CERT_CYBER,CSA,A,2026-2027,1,Student cohort for Certified Ethical Hacker (CEH) CSA Division A in 2026-2027.
DPS-2026-GSEB-GUJ-LMS_CERT_CYBER-CSA-B,DPS 2026-2027 Gujarati Medium Certified Ethical Hacker (CEH) CSA Division B,DPS-2026-GSEB-GUJ-LMS_CERT_CYBER-CSA-B,DRONA_TRUST_GSEB_DPS_2026_2027_GUJ_LMS_CERT_CYBER_CSA,GSEB,DPS,GUJ,LMS_CERT_CYBER,CSA,B,2026-2027,1,Student cohort for Certified Ethical Hacker (CEH) CSA Division B in 2026-2027.
DPS-2026-GSEB-GUJ-LMS_CERT_CYBER-CSA-C,DPS 2026-2027 Gujarati Medium Certified Ethical Hacker (CEH) CSA Division C,DPS-2026-GSEB-GUJ-LMS_CERT_CYBER-CSA-C,DRONA_TRUST_GSEB_DPS_2026_2027_GUJ_LMS_CERT_CYBER_CSA,GSEB,DPS,GUJ,LMS_CERT_CYBER,CSA,C,2026-2027,1,Student cohort for Certified Ethical Hacker (CEH) CSA Division C in 2026-2027.
DPS-2026-GSEB-GUJ-LMS_CERT_CYBER-CSA-D,DPS 2026-2027 Gujarati Medium Certified Ethical Hacker (CEH) CSA Division D,DPS-2026-GSEB-GUJ-LMS_CERT_CYBER-CSA-D,DRONA_TRUST_GSEB_DPS_2026_2027_GUJ_LMS_CERT_CYBER_CSA,GSEB,DPS,GUJ,LMS_CERT_CYBER,CSA,D,2026-2027,1,Student cohort for Certified Ethical Hacker (CEH) CSA Division D in 2026-2027.
DPS-2026-GSEB-GUJ-LMS_CERT_CYBER-CSA-E,DPS 2026-2027 Gujarati Medium Certified Ethical Hacker (CEH) CSA Division E,DPS-2026-GSEB-GUJ-LMS_CERT_CYBER-CSA-E,DRONA_TRUST_GSEB_DPS_2026_2027_GUJ_LMS_CERT_CYBER_CSA,GSEB,DPS,GUJ,LMS_CERT_CYBER,CSA,E,2026-2027,1,Student cohort for Certified Ethical Hacker (CEH) CSA Division E in 2026-2027.
DPS-2026-GSEB-GUJ-LMS_CERT_CYBER-CSA-F,DPS 2026-2027 Gujarati Medium Certified Ethical Hacker (CEH) CSA Division F,DPS-2026-GSEB-GUJ-LMS_CERT_CYBER-CSA-F,DRONA_TRUST_GSEB_DPS_2026_2027_GUJ_LMS_CERT_CYBER_CSA,GSEB,DPS,GUJ,LMS_CERT_CYBER,CSA,F,2026-2027,1,Student cohort for Certified Ethical Hacker (CEH) CSA Division F in 2026-2027.
DPS-2026-GSEB-GUJ-LMS_CERT_WEB3-EMG-A,DPS 2026-2027 Gujarati Medium Certification in Blockchain & Web3 EMG Division A,DPS-2026-GSEB-GUJ-LMS_CERT_WEB3-EMG-A,DRONA_TRUST_GSEB_DPS_2026_2027_GUJ_LMS_CERT_WEB3_EMG,GSEB,DPS,GUJ,LMS_CERT_WEB3,EMG,A,2026-2027,1,Student cohort for Certification in Blockchain & Web3 EMG Division A in 2026-2027.
DPS-2026-GSEB-GUJ-LMS_CERT_WEB3-EMG-B,DPS 2026-2027 Gujarati Medium Certification in Blockchain & Web3 EMG Division B,DPS-2026-GSEB-GUJ-LMS_CERT_WEB3-EMG-B,DRONA_TRUST_GSEB_DPS_2026_2027_GUJ_LMS_CERT_WEB3_EMG,GSEB,DPS,GUJ,LMS_CERT_WEB3,EMG,B,2026-2027,1,Student cohort for Certification in Blockchain & Web3 EMG Division B in 2026-2027.
DPS-2026-GSEB-GUJ-LMS_CERT_WEB3-EMG-C,DPS 2026-2027 Gujarati Medium Certification in Blockchain & Web3 EMG Division C,DPS-2026-GSEB-GUJ-LMS_CERT_WEB3-EMG-C,DRONA_TRUST_GSEB_DPS_2026_2027_GUJ_LMS_CERT_WEB3_EMG,GSEB,DPS,GUJ,LMS_CERT_WEB3,EMG,C,2026-2027,1,Student cohort for Certification in Blockchain & Web3 EMG Division C in 2026-2027.
DPS-2026-GSEB-GUJ-LMS_CERT_WEB3-EMG-D,DPS 2026-2027 Gujarati Medium Certification in Blockchain & Web3 EMG Division D,DPS-2026-GSEB-GUJ-LMS_CERT_WEB3-EMG-D,DRONA_TRUST_GSEB_DPS_2026_2027_GUJ_LMS_CERT_WEB3_EMG,GSEB,DPS,GUJ,LMS_CERT_WEB3,EMG,D,2026-2027,1,Student cohort for Certification in Blockchain & Web3 EMG Division D in 2026-2027.
DPS-2026-GSEB-GUJ-LMS_CERT_WEB3-EMG-E,DPS 2026-2027 Gujarati Medium Certification in Blockchain & Web3 EMG Division E,DPS-2026-GSEB-GUJ-LMS_CERT_WEB3-EMG-E,DRONA_TRUST_GSEB_DPS_2026_2027_GUJ_LMS_CERT_WEB3_EMG,GSEB,DPS,GUJ,LMS_CERT_WEB3,EMG,E,2026-2027,1,Student cohort for Certification in Blockchain & Web3 EMG Division E in 2026-2027.
DPS-2026-GSEB-GUJ-LMS_CERT_WEB3-EMG-F,DPS 2026-2027 Gujarati Medium Certification in Blockchain & Web3 EMG Division F,DPS-2026-GSEB-GUJ-LMS_CERT_WEB3-EMG-F,DRONA_TRUST_GSEB_DPS_2026_2027_GUJ_LMS_CERT_WEB3_EMG,GSEB,DPS,GUJ,LMS_CERT_WEB3,EMG,F,2026-2027,1,Student cohort for Certification in Blockchain & Web3 EMG Division F in 2026-2027.
DPS-2026-GSEB-GUJ-LMS_CERT_DIGMKT-MKT-A,DPS 2026-2027 Gujarati Medium Advanced Digital Marketing Certification MKT Division A,DPS-2026-GSEB-GUJ-LMS_CERT_DIGMKT-MKT-A,DRONA_TRUST_GSEB_DPS_2026_2027_GUJ_LMS_CERT_DIGMKT_MKT,GSEB,DPS,GUJ,LMS_CERT_DIGMKT,MKT,A,2026-2027,1,Student cohort for Advanced Digital Marketing Certification MKT Division A in 2026-2027.
DPS-2026-GSEB-GUJ-LMS_CERT_DIGMKT-MKT-B,DPS 2026-2027 Gujarati Medium Advanced Digital Marketing Certification MKT Division B,DPS-2026-GSEB-GUJ-LMS_CERT_DIGMKT-MKT-B,DRONA_TRUST_GSEB_DPS_2026_2027_GUJ_LMS_CERT_DIGMKT_MKT,GSEB,DPS,GUJ,LMS_CERT_DIGMKT,MKT,B,2026-2027,1,Student cohort for Advanced Digital Marketing Certification MKT Division B in 2026-2027.
DPS-2026-GSEB-GUJ-LMS_CERT_DIGMKT-MKT-C,DPS 2026-2027 Gujarati Medium Advanced Digital Marketing Certification MKT Division C,DPS-2026-GSEB-GUJ-LMS_CERT_DIGMKT-MKT-C,DRONA_TRUST_GSEB_DPS_2026_2027_GUJ_LMS_CERT_DIGMKT_MKT,GSEB,DPS,GUJ,LMS_CERT_DIGMKT,MKT,C,2026-2027,1,Student cohort for Advanced Digital Marketing Certification MKT Division C in 2026-2027.
DPS-2026-GSEB-GUJ-LMS_CERT_DIGMKT-MKT-D,DPS 2026-2027 Gujarati Medium Advanced Digital Marketing Certification MKT Division D,DPS-2026-GSEB-GUJ-LMS_CERT_DIGMKT-MKT-D,DRONA_TRUST_GSEB_DPS_2026_2027_GUJ_LMS_CERT_DIGMKT_MKT,GSEB,DPS,GUJ,LMS_CERT_DIGMKT,MKT,D,2026-2027,1,Student cohort for Advanced Digital Marketing Certification MKT Division D in 2026-2027.
DPS-2026-GSEB-GUJ-LMS_CERT_DIGMKT-MKT-E,DPS 2026-2027 Gujarati Medium Advanced Digital Marketing Certification MKT Division E,DPS-2026-GSEB-GUJ-LMS_CERT_DIGMKT-MKT-E,DRONA_TRUST_GSEB_DPS_2026_2027_GUJ_LMS_CERT_DIGMKT_MKT,GSEB,DPS,GUJ,LMS_CERT_DIGMKT,MKT,E,2026-2027,1,Student cohort for Advanced Digital Marketing Certification MKT Division E in 2026-2027.
DPS-2026-GSEB-GUJ-LMS_CERT_DIGMKT-MKT-F,DPS 2026-2027 Gujarati Medium Advanced Digital Marketing Certification MKT Division F,DPS-2026-GSEB-GUJ-LMS_CERT_DIGMKT-MKT-F,DRONA_TRUST_GSEB_DPS_2026_2027_GUJ_LMS_CERT_DIGMKT_MKT,GSEB,DPS,GUJ,LMS_CERT_DIGMKT,MKT,F,2026-2027,1,Student cohort for Advanced Digital Marketing Certification MKT Division F in 2026-2027.
DPS-2026-GSEB-HIN-PRE01-GEN-A,DPS 2026-2027 Hindi Medium Nursery GEN Division A,DPS-2026-GSEB-HIN-PRE01-GEN-A,DRONA_TRUST_GSEB_DPS_2026_2027_HIN_PRE01_GEN,GSEB,DPS,HIN,PRE01,GEN,A,2026-2027,1,Student cohort for Nursery GEN Division A in 2026-2027.
DPS-2026-GSEB-HIN-PRE01-GEN-B,DPS 2026-2027 Hindi Medium Nursery GEN Division B,DPS-2026-GSEB-HIN-PRE01-GEN-B,DRONA_TRUST_GSEB_DPS_2026_2027_HIN_PRE01_GEN,GSEB,DPS,HIN,PRE01,GEN,B,2026-2027,1,Student cohort for Nursery GEN Division B in 2026-2027.
DPS-2026-GSEB-HIN-PRE01-GEN-C,DPS 2026-2027 Hindi Medium Nursery GEN Division C,DPS-2026-GSEB-HIN-PRE01-GEN-C,DRONA_TRUST_GSEB_DPS_2026_2027_HIN_PRE01_GEN,GSEB,DPS,HIN,PRE01,GEN,C,2026-2027,1,Student cohort for Nursery GEN Division C in 2026-2027.
DPS-2026-GSEB-HIN-PRE01-GEN-D,DPS 2026-2027 Hindi Medium Nursery GEN Division D,DPS-2026-GSEB-HIN-PRE01-GEN-D,DRONA_TRUST_GSEB_DPS_2026_2027_HIN_PRE01_GEN,GSEB,DPS,HIN,PRE01,GEN,D,2026-2027,1,Student cohort for Nursery GEN Division D in 2026-2027.
DPS-2026-GSEB-HIN-PRE01-GEN-E,DPS 2026-2027 Hindi Medium Nursery GEN Division E,DPS-2026-GSEB-HIN-PRE01-GEN-E,DRONA_TRUST_GSEB_DPS_2026_2027_HIN_PRE01_GEN,GSEB,DPS,HIN,PRE01,GEN,E,2026-2027,1,Student cohort for Nursery GEN Division E in 2026-2027.
DPS-2026-GSEB-HIN-PRE01-GEN-F,DPS 2026-2027 Hindi Medium Nursery GEN Division F,DPS-2026-GSEB-HIN-PRE01-GEN-F,DRONA_TRUST_GSEB_DPS_2026_2027_HIN_PRE01_GEN,GSEB,DPS,HIN,PRE01,GEN,F,2026-2027,1,Student cohort for Nursery GEN Division F in 2026-2027.
DPS-2026-GSEB-HIN-PRE02-GEN-A,DPS 2026-2027 Hindi Medium Preschool GEN Division A,DPS-2026-GSEB-HIN-PRE02-GEN-A,DRONA_TRUST_GSEB_DPS_2026_2027_HIN_PRE02_GEN,GSEB,DPS,HIN,PRE02,GEN,A,2026-2027,1,Student cohort for Preschool GEN Division A in 2026-2027.
DPS-2026-GSEB-HIN-PRE02-GEN-B,DPS 2026-2027 Hindi Medium Preschool GEN Division B,DPS-2026-GSEB-HIN-PRE02-GEN-B,DRONA_TRUST_GSEB_DPS_2026_2027_HIN_PRE02_GEN,GSEB,DPS,HIN,PRE02,GEN,B,2026-2027,1,Student cohort for Preschool GEN Division B in 2026-2027.
DPS-2026-GSEB-HIN-PRE02-GEN-C,DPS 2026-2027 Hindi Medium Preschool GEN Division C,DPS-2026-GSEB-HIN-PRE02-GEN-C,DRONA_TRUST_GSEB_DPS_2026_2027_HIN_PRE02_GEN,GSEB,DPS,HIN,PRE02,GEN,C,2026-2027,1,Student cohort for Preschool GEN Division C in 2026-2027.
DPS-2026-GSEB-HIN-PRE02-GEN-D,DPS 2026-2027 Hindi Medium Preschool GEN Division D,DPS-2026-GSEB-HIN-PRE02-GEN-D,DRONA_TRUST_GSEB_DPS_2026_2027_HIN_PRE02_GEN,GSEB,DPS,HIN,PRE02,GEN,D,2026-2027,1,Student cohort for Preschool GEN Division D in 2026-2027.
DPS-2026-GSEB-HIN-PRE02-GEN-E,DPS 2026-2027 Hindi Medium Preschool GEN Division E,DPS-2026-GSEB-HIN-PRE02-GEN-E,DRONA_TRUST_GSEB_DPS_2026_2027_HIN_PRE02_GEN,GSEB,DPS,HIN,PRE02,GEN,E,2026-2027,1,Student cohort for Preschool GEN Division E in 2026-2027.
DPS-2026-GSEB-HIN-PRE02-GEN-F,DPS 2026-2027 Hindi Medium Preschool GEN Division F,DPS-2026-GSEB-HIN-PRE02-GEN-F,DRONA_TRUST_GSEB_DPS_2026_2027_HIN_PRE02_GEN,GSEB,DPS,HIN,PRE02,GEN,F,2026-2027,1,Student cohort for Preschool GEN Division F in 2026-2027.
DPS-2026-GSEB-HIN-PRE03-GEN-A,DPS 2026-2027 Hindi Medium LKG (Lower Kindergarten) GEN Division A,DPS-2026-GSEB-HIN-PRE03-GEN-A,DRONA_TRUST_GSEB_DPS_2026_2027_HIN_PRE03_GEN,GSEB,DPS,HIN,PRE03,GEN,A,2026-2027,1,Student cohort for LKG (Lower Kindergarten) GEN Division A in 2026-2027.
DPS-2026-GSEB-HIN-PRE03-GEN-B,DPS 2026-2027 Hindi Medium LKG (Lower Kindergarten) GEN Division B,DPS-2026-GSEB-HIN-PRE03-GEN-B,DRONA_TRUST_GSEB_DPS_2026_2027_HIN_PRE03_GEN,GSEB,DPS,HIN,PRE03,GEN,B,2026-2027,1,Student cohort for LKG (Lower Kindergarten) GEN Division B in 2026-2027.
DPS-2026-GSEB-HIN-PRE03-GEN-C,DPS 2026-2027 Hindi Medium LKG (Lower Kindergarten) GEN Division C,DPS-2026-GSEB-HIN-PRE03-GEN-C,DRONA_TRUST_GSEB_DPS_2026_2027_HIN_PRE03_GEN,GSEB,DPS,HIN,PRE03,GEN,C,2026-2027,1,Student cohort for LKG (Lower Kindergarten) GEN Division C in 2026-2027.
DPS-2026-GSEB-HIN-PRE03-GEN-D,DPS 2026-2027 Hindi Medium LKG (Lower Kindergarten) GEN Division D,DPS-2026-GSEB-HIN-PRE03-GEN-D,DRONA_TRUST_GSEB_DPS_2026_2027_HIN_PRE03_GEN,GSEB,DPS,HIN,PRE03,GEN,D,2026-2027,1,Student cohort for LKG (Lower Kindergarten) GEN Division D in 2026-2027.
DPS-2026-GSEB-HIN-PRE03-GEN-E,DPS 2026-2027 Hindi Medium LKG (Lower Kindergarten) GEN Division E,DPS-2026-GSEB-HIN-PRE03-GEN-E,DRONA_TRUST_GSEB_DPS_2026_2027_HIN_PRE03_GEN,GSEB,DPS,HIN,PRE03,GEN,E,2026-2027,1,Student cohort for LKG (Lower Kindergarten) GEN Division E in 2026-2027.
DPS-2026-GSEB-HIN-PRE03-GEN-F,DPS 2026-2027 Hindi Medium LKG (Lower Kindergarten) GEN Division F,DPS-2026-GSEB-HIN-PRE03-GEN-F,DRONA_TRUST_GSEB_DPS_2026_2027_HIN_PRE03_GEN,GSEB,DPS,HIN,PRE03,GEN,F,2026-2027,1,Student cohort for LKG (Lower Kindergarten) GEN Division F in 2026-2027.
DPS-2026-GSEB-HIN-PRE04-GEN-A,DPS 2026-2027 Hindi Medium UKG (Upper Kindergarten) GEN Division A,DPS-2026-GSEB-HIN-PRE04-GEN-A,DRONA_TRUST_GSEB_DPS_2026_2027_HIN_PRE04_GEN,GSEB,DPS,HIN,PRE04,GEN,A,2026-2027,1,Student cohort for UKG (Upper Kindergarten) GEN Division A in 2026-2027.
DPS-2026-GSEB-HIN-PRE04-GEN-B,DPS 2026-2027 Hindi Medium UKG (Upper Kindergarten) GEN Division B,DPS-2026-GSEB-HIN-PRE04-GEN-B,DRONA_TRUST_GSEB_DPS_2026_2027_HIN_PRE04_GEN,GSEB,DPS,HIN,PRE04,GEN,B,2026-2027,1,Student cohort for UKG (Upper Kindergarten) GEN Division B in 2026-2027.
DPS-2026-GSEB-HIN-PRE04-GEN-C,DPS 2026-2027 Hindi Medium UKG (Upper Kindergarten) GEN Division C,DPS-2026-GSEB-HIN-PRE04-GEN-C,DRONA_TRUST_GSEB_DPS_2026_2027_HIN_PRE04_GEN,GSEB,DPS,HIN,PRE04,GEN,C,2026-2027,1,Student cohort for UKG (Upper Kindergarten) GEN Division C in 2026-2027.
DPS-2026-GSEB-HIN-PRE04-GEN-D,DPS 2026-2027 Hindi Medium UKG (Upper Kindergarten) GEN Division D,DPS-2026-GSEB-HIN-PRE04-GEN-D,DRONA_TRUST_GSEB_DPS_2026_2027_HIN_PRE04_GEN,GSEB,DPS,HIN,PRE04,GEN,D,2026-2027,1,Student cohort for UKG (Upper Kindergarten) GEN Division D in 2026-2027.
DPS-2026-GSEB-HIN-PRE04-GEN-E,DPS 2026-2027 Hindi Medium UKG (Upper Kindergarten) GEN Division E,DPS-2026-GSEB-HIN-PRE04-GEN-E,DRONA_TRUST_GSEB_DPS_2026_2027_HIN_PRE04_GEN,GSEB,DPS,HIN,PRE04,GEN,E,2026-2027,1,Student cohort for UKG (Upper Kindergarten) GEN Division E in 2026-2027.
DPS-2026-GSEB-HIN-PRE04-GEN-F,DPS 2026-2027 Hindi Medium UKG (Upper Kindergarten) GEN Division F,DPS-2026-GSEB-HIN-PRE04-GEN-F,DRONA_TRUST_GSEB_DPS_2026_2027_HIN_PRE04_GEN,GSEB,DPS,HIN,PRE04,GEN,F,2026-2027,1,Student cohort for UKG (Upper Kindergarten) GEN Division F in 2026-2027.
DPS-2026-GSEB-HIN-STD01-GEN-A,DPS 2026-2027 Hindi Medium Standard 1 GEN Division A,DPS-2026-GSEB-HIN-STD01-GEN-A,DRONA_TRUST_GSEB_DPS_2026_2027_HIN_STD01_GEN,GSEB,DPS,HIN,STD01,GEN,A,2026-2027,1,Student cohort for Standard 1 GEN Division A in 2026-2027.
DPS-2026-GSEB-HIN-STD01-GEN-B,DPS 2026-2027 Hindi Medium Standard 1 GEN Division B,DPS-2026-GSEB-HIN-STD01-GEN-B,DRONA_TRUST_GSEB_DPS_2026_2027_HIN_STD01_GEN,GSEB,DPS,HIN,STD01,GEN,B,2026-2027,1,Student cohort for Standard 1 GEN Division B in 2026-2027.
DPS-2026-GSEB-HIN-STD01-GEN-C,DPS 2026-2027 Hindi Medium Standard 1 GEN Division C,DPS-2026-GSEB-HIN-STD01-GEN-C,DRONA_TRUST_GSEB_DPS_2026_2027_HIN_STD01_GEN,GSEB,DPS,HIN,STD01,GEN,C,2026-2027,1,Student cohort for Standard 1 GEN Division C in 2026-2027.
DPS-2026-GSEB-HIN-STD01-GEN-D,DPS 2026-2027 Hindi Medium Standard 1 GEN Division D,DPS-2026-GSEB-HIN-STD01-GEN-D,DRONA_TRUST_GSEB_DPS_2026_2027_HIN_STD01_GEN,GSEB,DPS,HIN,STD01,GEN,D,2026-2027,1,Student cohort for Standard 1 GEN Division D in 2026-2027.
DPS-2026-GSEB-HIN-STD01-GEN-E,DPS 2026-2027 Hindi Medium Standard 1 GEN Division E,DPS-2026-GSEB-HIN-STD01-GEN-E,DRONA_TRUST_GSEB_DPS_2026_2027_HIN_STD01_GEN,GSEB,DPS,HIN,STD01,GEN,E,2026-2027,1,Student cohort for Standard 1 GEN Division E in 2026-2027.
DPS-2026-GSEB-HIN-STD01-GEN-F,DPS 2026-2027 Hindi Medium Standard 1 GEN Division F,DPS-2026-GSEB-HIN-STD01-GEN-F,DRONA_TRUST_GSEB_DPS_2026_2027_HIN_STD01_GEN,GSEB,DPS,HIN,STD01,GEN,F,2026-2027,1,Student cohort for Standard 1 GEN Division F in 2026-2027.
DPS-2026-GSEB-HIN-STD02-GEN-A,DPS 2026-2027 Hindi Medium Standard 2 GEN Division A,DPS-2026-GSEB-HIN-STD02-GEN-A,DRONA_TRUST_GSEB_DPS_2026_2027_HIN_STD02_GEN,GSEB,DPS,HIN,STD02,GEN,A,2026-2027,1,Student cohort for Standard 2 GEN Division A in 2026-2027.
DPS-2026-GSEB-HIN-STD02-GEN-B,DPS 2026-2027 Hindi Medium Standard 2 GEN Division B,DPS-2026-GSEB-HIN-STD02-GEN-B,DRONA_TRUST_GSEB_DPS_2026_2027_HIN_STD02_GEN,GSEB,DPS,HIN,STD02,GEN,B,2026-2027,1,Student cohort for Standard 2 GEN Division B in 2026-2027.
DPS-2026-GSEB-HIN-STD02-GEN-C,DPS 2026-2027 Hindi Medium Standard 2 GEN Division C,DPS-2026-GSEB-HIN-STD02-GEN-C,DRONA_TRUST_GSEB_DPS_2026_2027_HIN_STD02_GEN,GSEB,DPS,HIN,STD02,GEN,C,2026-2027,1,Student cohort for Standard 2 GEN Division C in 2026-2027.
DPS-2026-GSEB-HIN-STD02-GEN-D,DPS 2026-2027 Hindi Medium Standard 2 GEN Division D,DPS-2026-GSEB-HIN-STD02-GEN-D,DRONA_TRUST_GSEB_DPS_2026_2027_HIN_STD02_GEN,GSEB,DPS,HIN,STD02,GEN,D,2026-2027,1,Student cohort for Standard 2 GEN Division D in 2026-2027.
DPS-2026-GSEB-HIN-STD02-GEN-E,DPS 2026-2027 Hindi Medium Standard 2 GEN Division E,DPS-2026-GSEB-HIN-STD02-GEN-E,DRONA_TRUST_GSEB_DPS_2026_2027_HIN_STD02_GEN,GSEB,DPS,HIN,STD02,GEN,E,2026-2027,1,Student cohort for Standard 2 GEN Division E in 2026-2027.
DPS-2026-GSEB-HIN-STD02-GEN-F,DPS 2026-2027 Hindi Medium Standard 2 GEN Division F,DPS-2026-GSEB-HIN-STD02-GEN-F,DRONA_TRUST_GSEB_DPS_2026_2027_HIN_STD02_GEN,GSEB,DPS,HIN,STD02,GEN,F,2026-2027,1,Student cohort for Standard 2 GEN Division F in 2026-2027.
DPS-2026-GSEB-HIN-STD03-GEN-A,DPS 2026-2027 Hindi Medium Standard 3 GEN Division A,DPS-2026-GSEB-HIN-STD03-GEN-A,DRONA_TRUST_GSEB_DPS_2026_2027_HIN_STD03_GEN,GSEB,DPS,HIN,STD03,GEN,A,2026-2027,1,Student cohort for Standard 3 GEN Division A in 2026-2027.
DPS-2026-GSEB-HIN-STD03-GEN-B,DPS 2026-2027 Hindi Medium Standard 3 GEN Division B,DPS-2026-GSEB-HIN-STD03-GEN-B,DRONA_TRUST_GSEB_DPS_2026_2027_HIN_STD03_GEN,GSEB,DPS,HIN,STD03,GEN,B,2026-2027,1,Student cohort for Standard 3 GEN Division B in 2026-2027.
DPS-2026-GSEB-HIN-STD03-GEN-C,DPS 2026-2027 Hindi Medium Standard 3 GEN Division C,DPS-2026-GSEB-HIN-STD03-GEN-C,DRONA_TRUST_GSEB_DPS_2026_2027_HIN_STD03_GEN,GSEB,DPS,HIN,STD03,GEN,C,2026-2027,1,Student cohort for Standard 3 GEN Division C in 2026-2027.
DPS-2026-GSEB-HIN-STD03-GEN-D,DPS 2026-2027 Hindi Medium Standard 3 GEN Division D,DPS-2026-GSEB-HIN-STD03-GEN-D,DRONA_TRUST_GSEB_DPS_2026_2027_HIN_STD03_GEN,GSEB,DPS,HIN,STD03,GEN,D,2026-2027,1,Student cohort for Standard 3 GEN Division D in 2026-2027.
DPS-2026-GSEB-HIN-STD03-GEN-E,DPS 2026-2027 Hindi Medium Standard 3 GEN Division E,DPS-2026-GSEB-HIN-STD03-GEN-E,DRONA_TRUST_GSEB_DPS_2026_2027_HIN_STD03_GEN,GSEB,DPS,HIN,STD03,GEN,E,2026-2027,1,Student cohort for Standard 3 GEN Division E in 2026-2027.
DPS-2026-GSEB-HIN-STD03-GEN-F,DPS 2026-2027 Hindi Medium Standard 3 GEN Division F,DPS-2026-GSEB-HIN-STD03-GEN-F,DRONA_TRUST_GSEB_DPS_2026_2027_HIN_STD03_GEN,GSEB,DPS,HIN,STD03,GEN,F,2026-2027,1,Student cohort for Standard 3 GEN Division F in 2026-2027.
DPS-2026-GSEB-HIN-STD04-GEN-A,DPS 2026-2027 Hindi Medium Standard 4 GEN Division A,DPS-2026-GSEB-HIN-STD04-GEN-A,DRONA_TRUST_GSEB_DPS_2026_2027_HIN_STD04_GEN,GSEB,DPS,HIN,STD04,GEN,A,2026-2027,1,Student cohort for Standard 4 GEN Division A in 2026-2027.
DPS-2026-GSEB-HIN-STD04-GEN-B,DPS 2026-2027 Hindi Medium Standard 4 GEN Division B,DPS-2026-GSEB-HIN-STD04-GEN-B,DRONA_TRUST_GSEB_DPS_2026_2027_HIN_STD04_GEN,GSEB,DPS,HIN,STD04,GEN,B,2026-2027,1,Student cohort for Standard 4 GEN Division B in 2026-2027.
DPS-2026-GSEB-HIN-STD04-GEN-C,DPS 2026-2027 Hindi Medium Standard 4 GEN Division C,DPS-2026-GSEB-HIN-STD04-GEN-C,DRONA_TRUST_GSEB_DPS_2026_2027_HIN_STD04_GEN,GSEB,DPS,HIN,STD04,GEN,C,2026-2027,1,Student cohort for Standard 4 GEN Division C in 2026-2027.
DPS-2026-GSEB-HIN-STD04-GEN-D,DPS 2026-2027 Hindi Medium Standard 4 GEN Division D,DPS-2026-GSEB-HIN-STD04-GEN-D,DRONA_TRUST_GSEB_DPS_2026_2027_HIN_STD04_GEN,GSEB,DPS,HIN,STD04,GEN,D,2026-2027,1,Student cohort for Standard 4 GEN Division D in 2026-2027.
DPS-2026-GSEB-HIN-STD04-GEN-E,DPS 2026-2027 Hindi Medium Standard 4 GEN Division E,DPS-2026-GSEB-HIN-STD04-GEN-E,DRONA_TRUST_GSEB_DPS_2026_2027_HIN_STD04_GEN,GSEB,DPS,HIN,STD04,GEN,E,2026-2027,1,Student cohort for Standard 4 GEN Division E in 2026-2027.
DPS-2026-GSEB-HIN-STD04-GEN-F,DPS 2026-2027 Hindi Medium Standard 4 GEN Division F,DPS-2026-GSEB-HIN-STD04-GEN-F,DRONA_TRUST_GSEB_DPS_2026_2027_HIN_STD04_GEN,GSEB,DPS,HIN,STD04,GEN,F,2026-2027,1,Student cohort for Standard 4 GEN Division F in 2026-2027.
DPS-2026-GSEB-HIN-STD05-GEN-A,DPS 2026-2027 Hindi Medium Standard 5 GEN Division A,DPS-2026-GSEB-HIN-STD05-GEN-A,DRONA_TRUST_GSEB_DPS_2026_2027_HIN_STD05_GEN,GSEB,DPS,HIN,STD05,GEN,A,2026-2027,1,Student cohort for Standard 5 GEN Division A in 2026-2027.
DPS-2026-GSEB-HIN-STD05-GEN-B,DPS 2026-2027 Hindi Medium Standard 5 GEN Division B,DPS-2026-GSEB-HIN-STD05-GEN-B,DRONA_TRUST_GSEB_DPS_2026_2027_HIN_STD05_GEN,GSEB,DPS,HIN,STD05,GEN,B,2026-2027,1,Student cohort for Standard 5 GEN Division B in 2026-2027.
DPS-2026-GSEB-HIN-STD05-GEN-C,DPS 2026-2027 Hindi Medium Standard 5 GEN Division C,DPS-2026-GSEB-HIN-STD05-GEN-C,DRONA_TRUST_GSEB_DPS_2026_2027_HIN_STD05_GEN,GSEB,DPS,HIN,STD05,GEN,C,2026-2027,1,Student cohort for Standard 5 GEN Division C in 2026-2027.
DPS-2026-GSEB-HIN-STD05-GEN-D,DPS 2026-2027 Hindi Medium Standard 5 GEN Division D,DPS-2026-GSEB-HIN-STD05-GEN-D,DRONA_TRUST_GSEB_DPS_2026_2027_HIN_STD05_GEN,GSEB,DPS,HIN,STD05,GEN,D,2026-2027,1,Student cohort for Standard 5 GEN Division D in 2026-2027.
DPS-2026-GSEB-HIN-STD05-GEN-E,DPS 2026-2027 Hindi Medium Standard 5 GEN Division E,DPS-2026-GSEB-HIN-STD05-GEN-E,DRONA_TRUST_GSEB_DPS_2026_2027_HIN_STD05_GEN,GSEB,DPS,HIN,STD05,GEN,E,2026-2027,1,Student cohort for Standard 5 GEN Division E in 2026-2027.
DPS-2026-GSEB-HIN-STD05-GEN-F,DPS 2026-2027 Hindi Medium Standard 5 GEN Division F,DPS-2026-GSEB-HIN-STD05-GEN-F,DRONA_TRUST_GSEB_DPS_2026_2027_HIN_STD05_GEN,GSEB,DPS,HIN,STD05,GEN,F,2026-2027,1,Student cohort for Standard 5 GEN Division F in 2026-2027.
DPS-2026-GSEB-HIN-STD06-GEN-A,DPS 2026-2027 Hindi Medium Standard 6 GEN Division A,DPS-2026-GSEB-HIN-STD06-GEN-A,DRONA_TRUST_GSEB_DPS_2026_2027_HIN_STD06_GEN,GSEB,DPS,HIN,STD06,GEN,A,2026-2027,1,Student cohort for Standard 6 GEN Division A in 2026-2027.
DPS-2026-GSEB-HIN-STD06-GEN-B,DPS 2026-2027 Hindi Medium Standard 6 GEN Division B,DPS-2026-GSEB-HIN-STD06-GEN-B,DRONA_TRUST_GSEB_DPS_2026_2027_HIN_STD06_GEN,GSEB,DPS,HIN,STD06,GEN,B,2026-2027,1,Student cohort for Standard 6 GEN Division B in 2026-2027.
DPS-2026-GSEB-HIN-STD06-GEN-C,DPS 2026-2027 Hindi Medium Standard 6 GEN Division C,DPS-2026-GSEB-HIN-STD06-GEN-C,DRONA_TRUST_GSEB_DPS_2026_2027_HIN_STD06_GEN,GSEB,DPS,HIN,STD06,GEN,C,2026-2027,1,Student cohort for Standard 6 GEN Division C in 2026-2027.
DPS-2026-GSEB-HIN-STD06-GEN-D,DPS 2026-2027 Hindi Medium Standard 6 GEN Division D,DPS-2026-GSEB-HIN-STD06-GEN-D,DRONA_TRUST_GSEB_DPS_2026_2027_HIN_STD06_GEN,GSEB,DPS,HIN,STD06,GEN,D,2026-2027,1,Student cohort for Standard 6 GEN Division D in 2026-2027.
DPS-2026-GSEB-HIN-STD06-GEN-E,DPS 2026-2027 Hindi Medium Standard 6 GEN Division E,DPS-2026-GSEB-HIN-STD06-GEN-E,DRONA_TRUST_GSEB_DPS_2026_2027_HIN_STD06_GEN,GSEB,DPS,HIN,STD06,GEN,E,2026-2027,1,Student cohort for Standard 6 GEN Division E in 2026-2027.
DPS-2026-GSEB-HIN-STD06-GEN-F,DPS 2026-2027 Hindi Medium Standard 6 GEN Division F,DPS-2026-GSEB-HIN-STD06-GEN-F,DRONA_TRUST_GSEB_DPS_2026_2027_HIN_STD06_GEN,GSEB,DPS,HIN,STD06,GEN,F,2026-2027,1,Student cohort for Standard 6 GEN Division F in 2026-2027.
DPS-2026-GSEB-HIN-STD07-GEN-A,DPS 2026-2027 Hindi Medium Standard 7 GEN Division A,DPS-2026-GSEB-HIN-STD07-GEN-A,DRONA_TRUST_GSEB_DPS_2026_2027_HIN_STD07_GEN,GSEB,DPS,HIN,STD07,GEN,A,2026-2027,1,Student cohort for Standard 7 GEN Division A in 2026-2027.
DPS-2026-GSEB-HIN-STD07-GEN-B,DPS 2026-2027 Hindi Medium Standard 7 GEN Division B,DPS-2026-GSEB-HIN-STD07-GEN-B,DRONA_TRUST_GSEB_DPS_2026_2027_HIN_STD07_GEN,GSEB,DPS,HIN,STD07,GEN,B,2026-2027,1,Student cohort for Standard 7 GEN Division B in 2026-2027.
DPS-2026-GSEB-HIN-STD07-GEN-C,DPS 2026-2027 Hindi Medium Standard 7 GEN Division C,DPS-2026-GSEB-HIN-STD07-GEN-C,DRONA_TRUST_GSEB_DPS_2026_2027_HIN_STD07_GEN,GSEB,DPS,HIN,STD07,GEN,C,2026-2027,1,Student cohort for Standard 7 GEN Division C in 2026-2027.
DPS-2026-GSEB-HIN-STD07-GEN-D,DPS 2026-2027 Hindi Medium Standard 7 GEN Division D,DPS-2026-GSEB-HIN-STD07-GEN-D,DRONA_TRUST_GSEB_DPS_2026_2027_HIN_STD07_GEN,GSEB,DPS,HIN,STD07,GEN,D,2026-2027,1,Student cohort for Standard 7 GEN Division D in 2026-2027.
DPS-2026-GSEB-HIN-STD07-GEN-E,DPS 2026-2027 Hindi Medium Standard 7 GEN Division E,DPS-2026-GSEB-HIN-STD07-GEN-E,DRONA_TRUST_GSEB_DPS_2026_2027_HIN_STD07_GEN,GSEB,DPS,HIN,STD07,GEN,E,2026-2027,1,Student cohort for Standard 7 GEN Division E in 2026-2027.
DPS-2026-GSEB-HIN-STD07-GEN-F,DPS 2026-2027 Hindi Medium Standard 7 GEN Division F,DPS-2026-GSEB-HIN-STD07-GEN-F,DRONA_TRUST_GSEB_DPS_2026_2027_HIN_STD07_GEN,GSEB,DPS,HIN,STD07,GEN,F,2026-2027,1,Student cohort for Standard 7 GEN Division F in 2026-2027.
DPS-2026-GSEB-HIN-STD08-GEN-A,DPS 2026-2027 Hindi Medium Standard 8 GEN Division A,DPS-2026-GSEB-HIN-STD08-GEN-A,DRONA_TRUST_GSEB_DPS_2026_2027_HIN_STD08_GEN,GSEB,DPS,HIN,STD08,GEN,A,2026-2027,1,Student cohort for Standard 8 GEN Division A in 2026-2027.
DPS-2026-GSEB-HIN-STD08-GEN-B,DPS 2026-2027 Hindi Medium Standard 8 GEN Division B,DPS-2026-GSEB-HIN-STD08-GEN-B,DRONA_TRUST_GSEB_DPS_2026_2027_HIN_STD08_GEN,GSEB,DPS,HIN,STD08,GEN,B,2026-2027,1,Student cohort for Standard 8 GEN Division B in 2026-2027.
DPS-2026-GSEB-HIN-STD08-GEN-C,DPS 2026-2027 Hindi Medium Standard 8 GEN Division C,DPS-2026-GSEB-HIN-STD08-GEN-C,DRONA_TRUST_GSEB_DPS_2026_2027_HIN_STD08_GEN,GSEB,DPS,HIN,STD08,GEN,C,2026-2027,1,Student cohort for Standard 8 GEN Division C in 2026-2027.
DPS-2026-GSEB-HIN-STD08-GEN-D,DPS 2026-2027 Hindi Medium Standard 8 GEN Division D,DPS-2026-GSEB-HIN-STD08-GEN-D,DRONA_TRUST_GSEB_DPS_2026_2027_HIN_STD08_GEN,GSEB,DPS,HIN,STD08,GEN,D,2026-2027,1,Student cohort for Standard 8 GEN Division D in 2026-2027.
DPS-2026-GSEB-HIN-STD08-GEN-E,DPS 2026-2027 Hindi Medium Standard 8 GEN Division E,DPS-2026-GSEB-HIN-STD08-GEN-E,DRONA_TRUST_GSEB_DPS_2026_2027_HIN_STD08_GEN,GSEB,DPS,HIN,STD08,GEN,E,2026-2027,1,Student cohort for Standard 8 GEN Division E in 2026-2027.
DPS-2026-GSEB-HIN-STD08-GEN-F,DPS 2026-2027 Hindi Medium Standard 8 GEN Division F,DPS-2026-GSEB-HIN-STD08-GEN-F,DRONA_TRUST_GSEB_DPS_2026_2027_HIN_STD08_GEN,GSEB,DPS,HIN,STD08,GEN,F,2026-2027,1,Student cohort for Standard 8 GEN Division F in 2026-2027.
DPS-2026-GSEB-HIN-STD09-GEN-A,DPS 2026-2027 Hindi Medium Standard 9 GEN Division A,DPS-2026-GSEB-HIN-STD09-GEN-A,DRONA_TRUST_GSEB_DPS_2026_2027_HIN_STD09_GEN,GSEB,DPS,HIN,STD09,GEN,A,2026-2027,1,Student cohort for Standard 9 GEN Division A in 2026-2027.
DPS-2026-GSEB-HIN-STD09-GEN-B,DPS 2026-2027 Hindi Medium Standard 9 GEN Division B,DPS-2026-GSEB-HIN-STD09-GEN-B,DRONA_TRUST_GSEB_DPS_2026_2027_HIN_STD09_GEN,GSEB,DPS,HIN,STD09,GEN,B,2026-2027,1,Student cohort for Standard 9 GEN Division B in 2026-2027.
DPS-2026-GSEB-HIN-STD09-GEN-C,DPS 2026-2027 Hindi Medium Standard 9 GEN Division C,DPS-2026-GSEB-HIN-STD09-GEN-C,DRONA_TRUST_GSEB_DPS_2026_2027_HIN_STD09_GEN,GSEB,DPS,HIN,STD09,GEN,C,2026-2027,1,Student cohort for Standard 9 GEN Division C in 2026-2027.
DPS-2026-GSEB-HIN-STD09-GEN-D,DPS 2026-2027 Hindi Medium Standard 9 GEN Division D,DPS-2026-GSEB-HIN-STD09-GEN-D,DRONA_TRUST_GSEB_DPS_2026_2027_HIN_STD09_GEN,GSEB,DPS,HIN,STD09,GEN,D,2026-2027,1,Student cohort for Standard 9 GEN Division D in 2026-2027.
DPS-2026-GSEB-HIN-STD09-GEN-E,DPS 2026-2027 Hindi Medium Standard 9 GEN Division E,DPS-2026-GSEB-HIN-STD09-GEN-E,DRONA_TRUST_GSEB_DPS_2026_2027_HIN_STD09_GEN,GSEB,DPS,HIN,STD09,GEN,E,2026-2027,1,Student cohort for Standard 9 GEN Division E in 2026-2027.
DPS-2026-GSEB-HIN-STD09-GEN-F,DPS 2026-2027 Hindi Medium Standard 9 GEN Division F,DPS-2026-GSEB-HIN-STD09-GEN-F,DRONA_TRUST_GSEB_DPS_2026_2027_HIN_STD09_GEN,GSEB,DPS,HIN,STD09,GEN,F,2026-2027,1,Student cohort for Standard 9 GEN Division F in 2026-2027.
DPS-2026-GSEB-HIN-STD10-GEN-A,DPS 2026-2027 Hindi Medium Standard 10 GEN Division A,DPS-2026-GSEB-HIN-STD10-GEN-A,DRONA_TRUST_GSEB_DPS_2026_2027_HIN_STD10_GEN,GSEB,DPS,HIN,STD10,GEN,A,2026-2027,1,Student cohort for Standard 10 GEN Division A in 2026-2027.
DPS-2026-GSEB-HIN-STD10-GEN-B,DPS 2026-2027 Hindi Medium Standard 10 GEN Division B,DPS-2026-GSEB-HIN-STD10-GEN-B,DRONA_TRUST_GSEB_DPS_2026_2027_HIN_STD10_GEN,GSEB,DPS,HIN,STD10,GEN,B,2026-2027,1,Student cohort for Standard 10 GEN Division B in 2026-2027.
DPS-2026-GSEB-HIN-STD10-GEN-C,DPS 2026-2027 Hindi Medium Standard 10 GEN Division C,DPS-2026-GSEB-HIN-STD10-GEN-C,DRONA_TRUST_GSEB_DPS_2026_2027_HIN_STD10_GEN,GSEB,DPS,HIN,STD10,GEN,C,2026-2027,1,Student cohort for Standard 10 GEN Division C in 2026-2027.
DPS-2026-GSEB-HIN-STD10-GEN-D,DPS 2026-2027 Hindi Medium Standard 10 GEN Division D,DPS-2026-GSEB-HIN-STD10-GEN-D,DRONA_TRUST_GSEB_DPS_2026_2027_HIN_STD10_GEN,GSEB,DPS,HIN,STD10,GEN,D,2026-2027,1,Student cohort for Standard 10 GEN Division D in 2026-2027.
DPS-2026-GSEB-HIN-STD10-GEN-E,DPS 2026-2027 Hindi Medium Standard 10 GEN Division E,DPS-2026-GSEB-HIN-STD10-GEN-E,DRONA_TRUST_GSEB_DPS_2026_2027_HIN_STD10_GEN,GSEB,DPS,HIN,STD10,GEN,E,2026-2027,1,Student cohort for Standard 10 GEN Division E in 2026-2027.
DPS-2026-GSEB-HIN-STD10-GEN-F,DPS 2026-2027 Hindi Medium Standard 10 GEN Division F,DPS-2026-GSEB-HIN-STD10-GEN-F,DRONA_TRUST_GSEB_DPS_2026_2027_HIN_STD10_GEN,GSEB,DPS,HIN,STD10,GEN,F,2026-2027,1,Student cohort for Standard 10 GEN Division F in 2026-2027.
DPS-2026-GSEB-HIN-STD11_SCI-SCI-A,DPS 2026-2027 Hindi Medium Standard 11 (Science) SCI Division A,DPS-2026-GSEB-HIN-STD11_SCI-SCI-A,DRONA_TRUST_GSEB_DPS_2026_2027_HIN_STD11_SCI_SCI,GSEB,DPS,HIN,STD11_SCI,SCI,A,2026-2027,1,Student cohort for Standard 11 (Science) SCI Division A in 2026-2027.
DPS-2026-GSEB-HIN-STD11_SCI-SCI-B,DPS 2026-2027 Hindi Medium Standard 11 (Science) SCI Division B,DPS-2026-GSEB-HIN-STD11_SCI-SCI-B,DRONA_TRUST_GSEB_DPS_2026_2027_HIN_STD11_SCI_SCI,GSEB,DPS,HIN,STD11_SCI,SCI,B,2026-2027,1,Student cohort for Standard 11 (Science) SCI Division B in 2026-2027.
DPS-2026-GSEB-HIN-STD11_SCI-SCI-C,DPS 2026-2027 Hindi Medium Standard 11 (Science) SCI Division C,DPS-2026-GSEB-HIN-STD11_SCI-SCI-C,DRONA_TRUST_GSEB_DPS_2026_2027_HIN_STD11_SCI_SCI,GSEB,DPS,HIN,STD11_SCI,SCI,C,2026-2027,1,Student cohort for Standard 11 (Science) SCI Division C in 2026-2027.
DPS-2026-GSEB-HIN-STD11_SCI-SCI-D,DPS 2026-2027 Hindi Medium Standard 11 (Science) SCI Division D,DPS-2026-GSEB-HIN-STD11_SCI-SCI-D,DRONA_TRUST_GSEB_DPS_2026_2027_HIN_STD11_SCI_SCI,GSEB,DPS,HIN,STD11_SCI,SCI,D,2026-2027,1,Student cohort for Standard 11 (Science) SCI Division D in 2026-2027.
DPS-2026-GSEB-HIN-STD11_SCI-SCI-E,DPS 2026-2027 Hindi Medium Standard 11 (Science) SCI Division E,DPS-2026-GSEB-HIN-STD11_SCI-SCI-E,DRONA_TRUST_GSEB_DPS_2026_2027_HIN_STD11_SCI_SCI,GSEB,DPS,HIN,STD11_SCI,SCI,E,2026-2027,1,Student cohort for Standard 11 (Science) SCI Division E in 2026-2027.
DPS-2026-GSEB-HIN-STD11_SCI-SCI-F,DPS 2026-2027 Hindi Medium Standard 11 (Science) SCI Division F,DPS-2026-GSEB-HIN-STD11_SCI-SCI-F,DRONA_TRUST_GSEB_DPS_2026_2027_HIN_STD11_SCI_SCI,GSEB,DPS,HIN,STD11_SCI,SCI,F,2026-2027,1,Student cohort for Standard 11 (Science) SCI Division F in 2026-2027.
DPS-2026-GSEB-HIN-STD11_COM-COM-A,DPS 2026-2027 Hindi Medium Standard 11 (Commerce) COM Division A,DPS-2026-GSEB-HIN-STD11_COM-COM-A,DRONA_TRUST_GSEB_DPS_2026_2027_HIN_STD11_COM_COM,GSEB,DPS,HIN,STD11_COM,COM,A,2026-2027,1,Student cohort for Standard 11 (Commerce) COM Division A in 2026-2027.
DPS-2026-GSEB-HIN-STD11_COM-COM-B,DPS 2026-2027 Hindi Medium Standard 11 (Commerce) COM Division B,DPS-2026-GSEB-HIN-STD11_COM-COM-B,DRONA_TRUST_GSEB_DPS_2026_2027_HIN_STD11_COM_COM,GSEB,DPS,HIN,STD11_COM,COM,B,2026-2027,1,Student cohort for Standard 11 (Commerce) COM Division B in 2026-2027.
DPS-2026-GSEB-HIN-STD11_COM-COM-C,DPS 2026-2027 Hindi Medium Standard 11 (Commerce) COM Division C,DPS-2026-GSEB-HIN-STD11_COM-COM-C,DRONA_TRUST_GSEB_DPS_2026_2027_HIN_STD11_COM_COM,GSEB,DPS,HIN,STD11_COM,COM,C,2026-2027,1,Student cohort for Standard 11 (Commerce) COM Division C in 2026-2027.
DPS-2026-GSEB-HIN-STD11_COM-COM-D,DPS 2026-2027 Hindi Medium Standard 11 (Commerce) COM Division D,DPS-2026-GSEB-HIN-STD11_COM-COM-D,DRONA_TRUST_GSEB_DPS_2026_2027_HIN_STD11_COM_COM,GSEB,DPS,HIN,STD11_COM,COM,D,2026-2027,1,Student cohort for Standard 11 (Commerce) COM Division D in 2026-2027.
DPS-2026-GSEB-HIN-STD11_COM-COM-E,DPS 2026-2027 Hindi Medium Standard 11 (Commerce) COM Division E,DPS-2026-GSEB-HIN-STD11_COM-COM-E,DRONA_TRUST_GSEB_DPS_2026_2027_HIN_STD11_COM_COM,GSEB,DPS,HIN,STD11_COM,COM,E,2026-2027,1,Student cohort for Standard 11 (Commerce) COM Division E in 2026-2027.
DPS-2026-GSEB-HIN-STD11_COM-COM-F,DPS 2026-2027 Hindi Medium Standard 11 (Commerce) COM Division F,DPS-2026-GSEB-HIN-STD11_COM-COM-F,DRONA_TRUST_GSEB_DPS_2026_2027_HIN_STD11_COM_COM,GSEB,DPS,HIN,STD11_COM,COM,F,2026-2027,1,Student cohort for Standard 11 (Commerce) COM Division F in 2026-2027.
DPS-2026-GSEB-HIN-STD11_ART-ART-A,DPS 2026-2027 Hindi Medium Standard 11 (Arts) ART Division A,DPS-2026-GSEB-HIN-STD11_ART-ART-A,DRONA_TRUST_GSEB_DPS_2026_2027_HIN_STD11_ART_ART,GSEB,DPS,HIN,STD11_ART,ART,A,2026-2027,1,Student cohort for Standard 11 (Arts) ART Division A in 2026-2027.
DPS-2026-GSEB-HIN-STD11_ART-ART-B,DPS 2026-2027 Hindi Medium Standard 11 (Arts) ART Division B,DPS-2026-GSEB-HIN-STD11_ART-ART-B,DRONA_TRUST_GSEB_DPS_2026_2027_HIN_STD11_ART_ART,GSEB,DPS,HIN,STD11_ART,ART,B,2026-2027,1,Student cohort for Standard 11 (Arts) ART Division B in 2026-2027.
DPS-2026-GSEB-HIN-STD11_ART-ART-C,DPS 2026-2027 Hindi Medium Standard 11 (Arts) ART Division C,DPS-2026-GSEB-HIN-STD11_ART-ART-C,DRONA_TRUST_GSEB_DPS_2026_2027_HIN_STD11_ART_ART,GSEB,DPS,HIN,STD11_ART,ART,C,2026-2027,1,Student cohort for Standard 11 (Arts) ART Division C in 2026-2027.
DPS-2026-GSEB-HIN-STD11_ART-ART-D,DPS 2026-2027 Hindi Medium Standard 11 (Arts) ART Division D,DPS-2026-GSEB-HIN-STD11_ART-ART-D,DRONA_TRUST_GSEB_DPS_2026_2027_HIN_STD11_ART_ART,GSEB,DPS,HIN,STD11_ART,ART,D,2026-2027,1,Student cohort for Standard 11 (Arts) ART Division D in 2026-2027.
DPS-2026-GSEB-HIN-STD11_ART-ART-E,DPS 2026-2027 Hindi Medium Standard 11 (Arts) ART Division E,DPS-2026-GSEB-HIN-STD11_ART-ART-E,DRONA_TRUST_GSEB_DPS_2026_2027_HIN_STD11_ART_ART,GSEB,DPS,HIN,STD11_ART,ART,E,2026-2027,1,Student cohort for Standard 11 (Arts) ART Division E in 2026-2027.
DPS-2026-GSEB-HIN-STD11_ART-ART-F,DPS 2026-2027 Hindi Medium Standard 11 (Arts) ART Division F,DPS-2026-GSEB-HIN-STD11_ART-ART-F,DRONA_TRUST_GSEB_DPS_2026_2027_HIN_STD11_ART_ART,GSEB,DPS,HIN,STD11_ART,ART,F,2026-2027,1,Student cohort for Standard 11 (Arts) ART Division F in 2026-2027.
DPS-2026-GSEB-HIN-STD12_SCI-SCI-A,DPS 2026-2027 Hindi Medium Standard 12 (Science) SCI Division A,DPS-2026-GSEB-HIN-STD12_SCI-SCI-A,DRONA_TRUST_GSEB_DPS_2026_2027_HIN_STD12_SCI_SCI,GSEB,DPS,HIN,STD12_SCI,SCI,A,2026-2027,1,Student cohort for Standard 12 (Science) SCI Division A in 2026-2027.
DPS-2026-GSEB-HIN-STD12_SCI-SCI-B,DPS 2026-2027 Hindi Medium Standard 12 (Science) SCI Division B,DPS-2026-GSEB-HIN-STD12_SCI-SCI-B,DRONA_TRUST_GSEB_DPS_2026_2027_HIN_STD12_SCI_SCI,GSEB,DPS,HIN,STD12_SCI,SCI,B,2026-2027,1,Student cohort for Standard 12 (Science) SCI Division B in 2026-2027.
DPS-2026-GSEB-HIN-STD12_SCI-SCI-C,DPS 2026-2027 Hindi Medium Standard 12 (Science) SCI Division C,DPS-2026-GSEB-HIN-STD12_SCI-SCI-C,DRONA_TRUST_GSEB_DPS_2026_2027_HIN_STD12_SCI_SCI,GSEB,DPS,HIN,STD12_SCI,SCI,C,2026-2027,1,Student cohort for Standard 12 (Science) SCI Division C in 2026-2027.
DPS-2026-GSEB-HIN-STD12_SCI-SCI-D,DPS 2026-2027 Hindi Medium Standard 12 (Science) SCI Division D,DPS-2026-GSEB-HIN-STD12_SCI-SCI-D,DRONA_TRUST_GSEB_DPS_2026_2027_HIN_STD12_SCI_SCI,GSEB,DPS,HIN,STD12_SCI,SCI,D,2026-2027,1,Student cohort for Standard 12 (Science) SCI Division D in 2026-2027.
DPS-2026-GSEB-HIN-STD12_SCI-SCI-E,DPS 2026-2027 Hindi Medium Standard 12 (Science) SCI Division E,DPS-2026-GSEB-HIN-STD12_SCI-SCI-E,DRONA_TRUST_GSEB_DPS_2026_2027_HIN_STD12_SCI_SCI,GSEB,DPS,HIN,STD12_SCI,SCI,E,2026-2027,1,Student cohort for Standard 12 (Science) SCI Division E in 2026-2027.
DPS-2026-GSEB-HIN-STD12_SCI-SCI-F,DPS 2026-2027 Hindi Medium Standard 12 (Science) SCI Division F,DPS-2026-GSEB-HIN-STD12_SCI-SCI-F,DRONA_TRUST_GSEB_DPS_2026_2027_HIN_STD12_SCI_SCI,GSEB,DPS,HIN,STD12_SCI,SCI,F,2026-2027,1,Student cohort for Standard 12 (Science) SCI Division F in 2026-2027.
DPS-2026-GSEB-HIN-STD12_COM-COM-A,DPS 2026-2027 Hindi Medium Standard 12 (Commerce) COM Division A,DPS-2026-GSEB-HIN-STD12_COM-COM-A,DRONA_TRUST_GSEB_DPS_2026_2027_HIN_STD12_COM_COM,GSEB,DPS,HIN,STD12_COM,COM,A,2026-2027,1,Student cohort for Standard 12 (Commerce) COM Division A in 2026-2027.
DPS-2026-GSEB-HIN-STD12_COM-COM-B,DPS 2026-2027 Hindi Medium Standard 12 (Commerce) COM Division B,DPS-2026-GSEB-HIN-STD12_COM-COM-B,DRONA_TRUST_GSEB_DPS_2026_2027_HIN_STD12_COM_COM,GSEB,DPS,HIN,STD12_COM,COM,B,2026-2027,1,Student cohort for Standard 12 (Commerce) COM Division B in 2026-2027.
DPS-2026-GSEB-HIN-STD12_COM-COM-C,DPS 2026-2027 Hindi Medium Standard 12 (Commerce) COM Division C,DPS-2026-GSEB-HIN-STD12_COM-COM-C,DRONA_TRUST_GSEB_DPS_2026_2027_HIN_STD12_COM_COM,GSEB,DPS,HIN,STD12_COM,COM,C,2026-2027,1,Student cohort for Standard 12 (Commerce) COM Division C in 2026-2027.
DPS-2026-GSEB-HIN-STD12_COM-COM-D,DPS 2026-2027 Hindi Medium Standard 12 (Commerce) COM Division D,DPS-2026-GSEB-HIN-STD12_COM-COM-D,DRONA_TRUST_GSEB_DPS_2026_2027_HIN_STD12_COM_COM,GSEB,DPS,HIN,STD12_COM,COM,D,2026-2027,1,Student cohort for Standard 12 (Commerce) COM Division D in 2026-2027.
DPS-2026-GSEB-HIN-STD12_COM-COM-E,DPS 2026-2027 Hindi Medium Standard 12 (Commerce) COM Division E,DPS-2026-GSEB-HIN-STD12_COM-COM-E,DRONA_TRUST_GSEB_DPS_2026_2027_HIN_STD12_COM_COM,GSEB,DPS,HIN,STD12_COM,COM,E,2026-2027,1,Student cohort for Standard 12 (Commerce) COM Division E in 2026-2027.
DPS-2026-GSEB-HIN-STD12_COM-COM-F,DPS 2026-2027 Hindi Medium Standard 12 (Commerce) COM Division F,DPS-2026-GSEB-HIN-STD12_COM-COM-F,DRONA_TRUST_GSEB_DPS_2026_2027_HIN_STD12_COM_COM,GSEB,DPS,HIN,STD12_COM,COM,F,2026-2027,1,Student cohort for Standard 12 (Commerce) COM Division F in 2026-2027.
DPS-2026-GSEB-HIN-STD12_ART-ART-A,DPS 2026-2027 Hindi Medium Standard 12 (Arts) ART Division A,DPS-2026-GSEB-HIN-STD12_ART-ART-A,DRONA_TRUST_GSEB_DPS_2026_2027_HIN_STD12_ART_ART,GSEB,DPS,HIN,STD12_ART,ART,A,2026-2027,1,Student cohort for Standard 12 (Arts) ART Division A in 2026-2027.
DPS-2026-GSEB-HIN-STD12_ART-ART-B,DPS 2026-2027 Hindi Medium Standard 12 (Arts) ART Division B,DPS-2026-GSEB-HIN-STD12_ART-ART-B,DRONA_TRUST_GSEB_DPS_2026_2027_HIN_STD12_ART_ART,GSEB,DPS,HIN,STD12_ART,ART,B,2026-2027,1,Student cohort for Standard 12 (Arts) ART Division B in 2026-2027.
DPS-2026-GSEB-HIN-STD12_ART-ART-C,DPS 2026-2027 Hindi Medium Standard 12 (Arts) ART Division C,DPS-2026-GSEB-HIN-STD12_ART-ART-C,DRONA_TRUST_GSEB_DPS_2026_2027_HIN_STD12_ART_ART,GSEB,DPS,HIN,STD12_ART,ART,C,2026-2027,1,Student cohort for Standard 12 (Arts) ART Division C in 2026-2027.
DPS-2026-GSEB-HIN-STD12_ART-ART-D,DPS 2026-2027 Hindi Medium Standard 12 (Arts) ART Division D,DPS-2026-GSEB-HIN-STD12_ART-ART-D,DRONA_TRUST_GSEB_DPS_2026_2027_HIN_STD12_ART_ART,GSEB,DPS,HIN,STD12_ART,ART,D,2026-2027,1,Student cohort for Standard 12 (Arts) ART Division D in 2026-2027.
DPS-2026-GSEB-HIN-STD12_ART-ART-E,DPS 2026-2027 Hindi Medium Standard 12 (Arts) ART Division E,DPS-2026-GSEB-HIN-STD12_ART-ART-E,DRONA_TRUST_GSEB_DPS_2026_2027_HIN_STD12_ART_ART,GSEB,DPS,HIN,STD12_ART,ART,E,2026-2027,1,Student cohort for Standard 12 (Arts) ART Division E in 2026-2027.
DPS-2026-GSEB-HIN-STD12_ART-ART-F,DPS 2026-2027 Hindi Medium Standard 12 (Arts) ART Division F,DPS-2026-GSEB-HIN-STD12_ART-ART-F,DRONA_TRUST_GSEB_DPS_2026_2027_HIN_STD12_ART_ART,GSEB,DPS,HIN,STD12_ART,ART,F,2026-2027,1,Student cohort for Standard 12 (Arts) ART Division F in 2026-2027.
DPS-2026-GSEB-HIN-ITI_ELEC-VOC_IND-A,DPS 2026-2027 Hindi Medium ITI Electrician (Vocational) VOC_IND Division A,DPS-2026-GSEB-HIN-ITI_ELEC-VOC_IND-A,DRONA_TRUST_GSEB_DPS_2026_2027_HIN_ITI_ELEC_VOC_IND,GSEB,DPS,HIN,ITI_ELEC,VOC_IND,A,2026-2027,1,Student cohort for ITI Electrician (Vocational) VOC_IND Division A in 2026-2027.
DPS-2026-GSEB-HIN-ITI_ELEC-VOC_IND-B,DPS 2026-2027 Hindi Medium ITI Electrician (Vocational) VOC_IND Division B,DPS-2026-GSEB-HIN-ITI_ELEC-VOC_IND-B,DRONA_TRUST_GSEB_DPS_2026_2027_HIN_ITI_ELEC_VOC_IND,GSEB,DPS,HIN,ITI_ELEC,VOC_IND,B,2026-2027,1,Student cohort for ITI Electrician (Vocational) VOC_IND Division B in 2026-2027.
DPS-2026-GSEB-HIN-ITI_ELEC-VOC_IND-C,DPS 2026-2027 Hindi Medium ITI Electrician (Vocational) VOC_IND Division C,DPS-2026-GSEB-HIN-ITI_ELEC-VOC_IND-C,DRONA_TRUST_GSEB_DPS_2026_2027_HIN_ITI_ELEC_VOC_IND,GSEB,DPS,HIN,ITI_ELEC,VOC_IND,C,2026-2027,1,Student cohort for ITI Electrician (Vocational) VOC_IND Division C in 2026-2027.
DPS-2026-GSEB-HIN-ITI_ELEC-VOC_IND-D,DPS 2026-2027 Hindi Medium ITI Electrician (Vocational) VOC_IND Division D,DPS-2026-GSEB-HIN-ITI_ELEC-VOC_IND-D,DRONA_TRUST_GSEB_DPS_2026_2027_HIN_ITI_ELEC_VOC_IND,GSEB,DPS,HIN,ITI_ELEC,VOC_IND,D,2026-2027,1,Student cohort for ITI Electrician (Vocational) VOC_IND Division D in 2026-2027.
DPS-2026-GSEB-HIN-ITI_ELEC-VOC_IND-E,DPS 2026-2027 Hindi Medium ITI Electrician (Vocational) VOC_IND Division E,DPS-2026-GSEB-HIN-ITI_ELEC-VOC_IND-E,DRONA_TRUST_GSEB_DPS_2026_2027_HIN_ITI_ELEC_VOC_IND,GSEB,DPS,HIN,ITI_ELEC,VOC_IND,E,2026-2027,1,Student cohort for ITI Electrician (Vocational) VOC_IND Division E in 2026-2027.
DPS-2026-GSEB-HIN-ITI_ELEC-VOC_IND-F,DPS 2026-2027 Hindi Medium ITI Electrician (Vocational) VOC_IND Division F,DPS-2026-GSEB-HIN-ITI_ELEC-VOC_IND-F,DRONA_TRUST_GSEB_DPS_2026_2027_HIN_ITI_ELEC_VOC_IND,GSEB,DPS,HIN,ITI_ELEC,VOC_IND,F,2026-2027,1,Student cohort for ITI Electrician (Vocational) VOC_IND Division F in 2026-2027.
DPS-2026-GSEB-HIN-ITI_FIT-VOC_IND-A,DPS 2026-2027 Hindi Medium ITI Fitter (Vocational) VOC_IND Division A,DPS-2026-GSEB-HIN-ITI_FIT-VOC_IND-A,DRONA_TRUST_GSEB_DPS_2026_2027_HIN_ITI_FIT_VOC_IND,GSEB,DPS,HIN,ITI_FIT,VOC_IND,A,2026-2027,1,Student cohort for ITI Fitter (Vocational) VOC_IND Division A in 2026-2027.
DPS-2026-GSEB-HIN-ITI_FIT-VOC_IND-B,DPS 2026-2027 Hindi Medium ITI Fitter (Vocational) VOC_IND Division B,DPS-2026-GSEB-HIN-ITI_FIT-VOC_IND-B,DRONA_TRUST_GSEB_DPS_2026_2027_HIN_ITI_FIT_VOC_IND,GSEB,DPS,HIN,ITI_FIT,VOC_IND,B,2026-2027,1,Student cohort for ITI Fitter (Vocational) VOC_IND Division B in 2026-2027.
DPS-2026-GSEB-HIN-ITI_FIT-VOC_IND-C,DPS 2026-2027 Hindi Medium ITI Fitter (Vocational) VOC_IND Division C,DPS-2026-GSEB-HIN-ITI_FIT-VOC_IND-C,DRONA_TRUST_GSEB_DPS_2026_2027_HIN_ITI_FIT_VOC_IND,GSEB,DPS,HIN,ITI_FIT,VOC_IND,C,2026-2027,1,Student cohort for ITI Fitter (Vocational) VOC_IND Division C in 2026-2027.
DPS-2026-GSEB-HIN-ITI_FIT-VOC_IND-D,DPS 2026-2027 Hindi Medium ITI Fitter (Vocational) VOC_IND Division D,DPS-2026-GSEB-HIN-ITI_FIT-VOC_IND-D,DRONA_TRUST_GSEB_DPS_2026_2027_HIN_ITI_FIT_VOC_IND,GSEB,DPS,HIN,ITI_FIT,VOC_IND,D,2026-2027,1,Student cohort for ITI Fitter (Vocational) VOC_IND Division D in 2026-2027.
DPS-2026-GSEB-HIN-ITI_FIT-VOC_IND-E,DPS 2026-2027 Hindi Medium ITI Fitter (Vocational) VOC_IND Division E,DPS-2026-GSEB-HIN-ITI_FIT-VOC_IND-E,DRONA_TRUST_GSEB_DPS_2026_2027_HIN_ITI_FIT_VOC_IND,GSEB,DPS,HIN,ITI_FIT,VOC_IND,E,2026-2027,1,Student cohort for ITI Fitter (Vocational) VOC_IND Division E in 2026-2027.
DPS-2026-GSEB-HIN-ITI_FIT-VOC_IND-F,DPS 2026-2027 Hindi Medium ITI Fitter (Vocational) VOC_IND Division F,DPS-2026-GSEB-HIN-ITI_FIT-VOC_IND-F,DRONA_TRUST_GSEB_DPS_2026_2027_HIN_ITI_FIT_VOC_IND,GSEB,DPS,HIN,ITI_FIT,VOC_IND,F,2026-2027,1,Student cohort for ITI Fitter (Vocational) VOC_IND Division F in 2026-2027.
DPS-2026-GSEB-HIN-POLY_ME_Y1-ENG-A,DPS 2026-2027 Hindi Medium Polytechnic Diploma Mechanical - Y1 ENG Division A,DPS-2026-GSEB-HIN-POLY_ME_Y1-ENG-A,DRONA_TRUST_GSEB_DPS_2026_2027_HIN_POLY_ME_Y1_ENG,GSEB,DPS,HIN,POLY_ME_Y1,ENG,A,2026-2027,1,Student cohort for Polytechnic Diploma Mechanical - Y1 ENG Division A in 2026-2027.
DPS-2026-GSEB-HIN-POLY_ME_Y1-ENG-B,DPS 2026-2027 Hindi Medium Polytechnic Diploma Mechanical - Y1 ENG Division B,DPS-2026-GSEB-HIN-POLY_ME_Y1-ENG-B,DRONA_TRUST_GSEB_DPS_2026_2027_HIN_POLY_ME_Y1_ENG,GSEB,DPS,HIN,POLY_ME_Y1,ENG,B,2026-2027,1,Student cohort for Polytechnic Diploma Mechanical - Y1 ENG Division B in 2026-2027.
DPS-2026-GSEB-HIN-POLY_ME_Y1-ENG-C,DPS 2026-2027 Hindi Medium Polytechnic Diploma Mechanical - Y1 ENG Division C,DPS-2026-GSEB-HIN-POLY_ME_Y1-ENG-C,DRONA_TRUST_GSEB_DPS_2026_2027_HIN_POLY_ME_Y1_ENG,GSEB,DPS,HIN,POLY_ME_Y1,ENG,C,2026-2027,1,Student cohort for Polytechnic Diploma Mechanical - Y1 ENG Division C in 2026-2027.
DPS-2026-GSEB-HIN-POLY_ME_Y1-ENG-D,DPS 2026-2027 Hindi Medium Polytechnic Diploma Mechanical - Y1 ENG Division D,DPS-2026-GSEB-HIN-POLY_ME_Y1-ENG-D,DRONA_TRUST_GSEB_DPS_2026_2027_HIN_POLY_ME_Y1_ENG,GSEB,DPS,HIN,POLY_ME_Y1,ENG,D,2026-2027,1,Student cohort for Polytechnic Diploma Mechanical - Y1 ENG Division D in 2026-2027.
DPS-2026-GSEB-HIN-POLY_ME_Y1-ENG-E,DPS 2026-2027 Hindi Medium Polytechnic Diploma Mechanical - Y1 ENG Division E,DPS-2026-GSEB-HIN-POLY_ME_Y1-ENG-E,DRONA_TRUST_GSEB_DPS_2026_2027_HIN_POLY_ME_Y1_ENG,GSEB,DPS,HIN,POLY_ME_Y1,ENG,E,2026-2027,1,Student cohort for Polytechnic Diploma Mechanical - Y1 ENG Division E in 2026-2027.
DPS-2026-GSEB-HIN-POLY_ME_Y1-ENG-F,DPS 2026-2027 Hindi Medium Polytechnic Diploma Mechanical - Y1 ENG Division F,DPS-2026-GSEB-HIN-POLY_ME_Y1-ENG-F,DRONA_TRUST_GSEB_DPS_2026_2027_HIN_POLY_ME_Y1_ENG,GSEB,DPS,HIN,POLY_ME_Y1,ENG,F,2026-2027,1,Student cohort for Polytechnic Diploma Mechanical - Y1 ENG Division F in 2026-2027.
DPS-2026-GSEB-HIN-POLY_ME_Y2-ENG-A,DPS 2026-2027 Hindi Medium Polytechnic Diploma Mechanical - Y2 ENG Division A,DPS-2026-GSEB-HIN-POLY_ME_Y2-ENG-A,DRONA_TRUST_GSEB_DPS_2026_2027_HIN_POLY_ME_Y2_ENG,GSEB,DPS,HIN,POLY_ME_Y2,ENG,A,2026-2027,1,Student cohort for Polytechnic Diploma Mechanical - Y2 ENG Division A in 2026-2027.
DPS-2026-GSEB-HIN-POLY_ME_Y2-ENG-B,DPS 2026-2027 Hindi Medium Polytechnic Diploma Mechanical - Y2 ENG Division B,DPS-2026-GSEB-HIN-POLY_ME_Y2-ENG-B,DRONA_TRUST_GSEB_DPS_2026_2027_HIN_POLY_ME_Y2_ENG,GSEB,DPS,HIN,POLY_ME_Y2,ENG,B,2026-2027,1,Student cohort for Polytechnic Diploma Mechanical - Y2 ENG Division B in 2026-2027.
DPS-2026-GSEB-HIN-POLY_ME_Y2-ENG-C,DPS 2026-2027 Hindi Medium Polytechnic Diploma Mechanical - Y2 ENG Division C,DPS-2026-GSEB-HIN-POLY_ME_Y2-ENG-C,DRONA_TRUST_GSEB_DPS_2026_2027_HIN_POLY_ME_Y2_ENG,GSEB,DPS,HIN,POLY_ME_Y2,ENG,C,2026-2027,1,Student cohort for Polytechnic Diploma Mechanical - Y2 ENG Division C in 2026-2027.
DPS-2026-GSEB-HIN-POLY_ME_Y2-ENG-D,DPS 2026-2027 Hindi Medium Polytechnic Diploma Mechanical - Y2 ENG Division D,DPS-2026-GSEB-HIN-POLY_ME_Y2-ENG-D,DRONA_TRUST_GSEB_DPS_2026_2027_HIN_POLY_ME_Y2_ENG,GSEB,DPS,HIN,POLY_ME_Y2,ENG,D,2026-2027,1,Student cohort for Polytechnic Diploma Mechanical - Y2 ENG Division D in 2026-2027.
DPS-2026-GSEB-HIN-POLY_ME_Y2-ENG-E,DPS 2026-2027 Hindi Medium Polytechnic Diploma Mechanical - Y2 ENG Division E,DPS-2026-GSEB-HIN-POLY_ME_Y2-ENG-E,DRONA_TRUST_GSEB_DPS_2026_2027_HIN_POLY_ME_Y2_ENG,GSEB,DPS,HIN,POLY_ME_Y2,ENG,E,2026-2027,1,Student cohort for Polytechnic Diploma Mechanical - Y2 ENG Division E in 2026-2027.
DPS-2026-GSEB-HIN-POLY_ME_Y2-ENG-F,DPS 2026-2027 Hindi Medium Polytechnic Diploma Mechanical - Y2 ENG Division F,DPS-2026-GSEB-HIN-POLY_ME_Y2-ENG-F,DRONA_TRUST_GSEB_DPS_2026_2027_HIN_POLY_ME_Y2_ENG,GSEB,DPS,HIN,POLY_ME_Y2,ENG,F,2026-2027,1,Student cohort for Polytechnic Diploma Mechanical - Y2 ENG Division F in 2026-2027.
DPS-2026-GSEB-HIN-POLY_ME_Y3-ENG-A,DPS 2026-2027 Hindi Medium Polytechnic Diploma Mechanical - Y3 ENG Division A,DPS-2026-GSEB-HIN-POLY_ME_Y3-ENG-A,DRONA_TRUST_GSEB_DPS_2026_2027_HIN_POLY_ME_Y3_ENG,GSEB,DPS,HIN,POLY_ME_Y3,ENG,A,2026-2027,1,Student cohort for Polytechnic Diploma Mechanical - Y3 ENG Division A in 2026-2027.
DPS-2026-GSEB-HIN-POLY_ME_Y3-ENG-B,DPS 2026-2027 Hindi Medium Polytechnic Diploma Mechanical - Y3 ENG Division B,DPS-2026-GSEB-HIN-POLY_ME_Y3-ENG-B,DRONA_TRUST_GSEB_DPS_2026_2027_HIN_POLY_ME_Y3_ENG,GSEB,DPS,HIN,POLY_ME_Y3,ENG,B,2026-2027,1,Student cohort for Polytechnic Diploma Mechanical - Y3 ENG Division B in 2026-2027.
DPS-2026-GSEB-HIN-POLY_ME_Y3-ENG-C,DPS 2026-2027 Hindi Medium Polytechnic Diploma Mechanical - Y3 ENG Division C,DPS-2026-GSEB-HIN-POLY_ME_Y3-ENG-C,DRONA_TRUST_GSEB_DPS_2026_2027_HIN_POLY_ME_Y3_ENG,GSEB,DPS,HIN,POLY_ME_Y3,ENG,C,2026-2027,1,Student cohort for Polytechnic Diploma Mechanical - Y3 ENG Division C in 2026-2027.
DPS-2026-GSEB-HIN-POLY_ME_Y3-ENG-D,DPS 2026-2027 Hindi Medium Polytechnic Diploma Mechanical - Y3 ENG Division D,DPS-2026-GSEB-HIN-POLY_ME_Y3-ENG-D,DRONA_TRUST_GSEB_DPS_2026_2027_HIN_POLY_ME_Y3_ENG,GSEB,DPS,HIN,POLY_ME_Y3,ENG,D,2026-2027,1,Student cohort for Polytechnic Diploma Mechanical - Y3 ENG Division D in 2026-2027.
DPS-2026-GSEB-HIN-POLY_ME_Y3-ENG-E,DPS 2026-2027 Hindi Medium Polytechnic Diploma Mechanical - Y3 ENG Division E,DPS-2026-GSEB-HIN-POLY_ME_Y3-ENG-E,DRONA_TRUST_GSEB_DPS_2026_2027_HIN_POLY_ME_Y3_ENG,GSEB,DPS,HIN,POLY_ME_Y3,ENG,E,2026-2027,1,Student cohort for Polytechnic Diploma Mechanical - Y3 ENG Division E in 2026-2027.
DPS-2026-GSEB-HIN-POLY_ME_Y3-ENG-F,DPS 2026-2027 Hindi Medium Polytechnic Diploma Mechanical - Y3 ENG Division F,DPS-2026-GSEB-HIN-POLY_ME_Y3-ENG-F,DRONA_TRUST_GSEB_DPS_2026_2027_HIN_POLY_ME_Y3_ENG,GSEB,DPS,HIN,POLY_ME_Y3,ENG,F,2026-2027,1,Student cohort for Polytechnic Diploma Mechanical - Y3 ENG Division F in 2026-2027.
DPS-2026-GSEB-HIN-POLY_CE_Y1-ENG-A,DPS 2026-2027 Hindi Medium Polytechnic Diploma Civil - Y1 ENG Division A,DPS-2026-GSEB-HIN-POLY_CE_Y1-ENG-A,DRONA_TRUST_GSEB_DPS_2026_2027_HIN_POLY_CE_Y1_ENG,GSEB,DPS,HIN,POLY_CE_Y1,ENG,A,2026-2027,1,Student cohort for Polytechnic Diploma Civil - Y1 ENG Division A in 2026-2027.
DPS-2026-GSEB-HIN-POLY_CE_Y1-ENG-B,DPS 2026-2027 Hindi Medium Polytechnic Diploma Civil - Y1 ENG Division B,DPS-2026-GSEB-HIN-POLY_CE_Y1-ENG-B,DRONA_TRUST_GSEB_DPS_2026_2027_HIN_POLY_CE_Y1_ENG,GSEB,DPS,HIN,POLY_CE_Y1,ENG,B,2026-2027,1,Student cohort for Polytechnic Diploma Civil - Y1 ENG Division B in 2026-2027.
DPS-2026-GSEB-HIN-POLY_CE_Y1-ENG-C,DPS 2026-2027 Hindi Medium Polytechnic Diploma Civil - Y1 ENG Division C,DPS-2026-GSEB-HIN-POLY_CE_Y1-ENG-C,DRONA_TRUST_GSEB_DPS_2026_2027_HIN_POLY_CE_Y1_ENG,GSEB,DPS,HIN,POLY_CE_Y1,ENG,C,2026-2027,1,Student cohort for Polytechnic Diploma Civil - Y1 ENG Division C in 2026-2027.
DPS-2026-GSEB-HIN-POLY_CE_Y1-ENG-D,DPS 2026-2027 Hindi Medium Polytechnic Diploma Civil - Y1 ENG Division D,DPS-2026-GSEB-HIN-POLY_CE_Y1-ENG-D,DRONA_TRUST_GSEB_DPS_2026_2027_HIN_POLY_CE_Y1_ENG,GSEB,DPS,HIN,POLY_CE_Y1,ENG,D,2026-2027,1,Student cohort for Polytechnic Diploma Civil - Y1 ENG Division D in 2026-2027.
DPS-2026-GSEB-HIN-POLY_CE_Y1-ENG-E,DPS 2026-2027 Hindi Medium Polytechnic Diploma Civil - Y1 ENG Division E,DPS-2026-GSEB-HIN-POLY_CE_Y1-ENG-E,DRONA_TRUST_GSEB_DPS_2026_2027_HIN_POLY_CE_Y1_ENG,GSEB,DPS,HIN,POLY_CE_Y1,ENG,E,2026-2027,1,Student cohort for Polytechnic Diploma Civil - Y1 ENG Division E in 2026-2027.
DPS-2026-GSEB-HIN-POLY_CE_Y1-ENG-F,DPS 2026-2027 Hindi Medium Polytechnic Diploma Civil - Y1 ENG Division F,DPS-2026-GSEB-HIN-POLY_CE_Y1-ENG-F,DRONA_TRUST_GSEB_DPS_2026_2027_HIN_POLY_CE_Y1_ENG,GSEB,DPS,HIN,POLY_CE_Y1,ENG,F,2026-2027,1,Student cohort for Polytechnic Diploma Civil - Y1 ENG Division F in 2026-2027.
DPS-2026-GSEB-HIN-POLY_CE_Y2-ENG-A,DPS 2026-2027 Hindi Medium Polytechnic Diploma Civil - Y2 ENG Division A,DPS-2026-GSEB-HIN-POLY_CE_Y2-ENG-A,DRONA_TRUST_GSEB_DPS_2026_2027_HIN_POLY_CE_Y2_ENG,GSEB,DPS,HIN,POLY_CE_Y2,ENG,A,2026-2027,1,Student cohort for Polytechnic Diploma Civil - Y2 ENG Division A in 2026-2027.
DPS-2026-GSEB-HIN-POLY_CE_Y2-ENG-B,DPS 2026-2027 Hindi Medium Polytechnic Diploma Civil - Y2 ENG Division B,DPS-2026-GSEB-HIN-POLY_CE_Y2-ENG-B,DRONA_TRUST_GSEB_DPS_2026_2027_HIN_POLY_CE_Y2_ENG,GSEB,DPS,HIN,POLY_CE_Y2,ENG,B,2026-2027,1,Student cohort for Polytechnic Diploma Civil - Y2 ENG Division B in 2026-2027.
DPS-2026-GSEB-HIN-POLY_CE_Y2-ENG-C,DPS 2026-2027 Hindi Medium Polytechnic Diploma Civil - Y2 ENG Division C,DPS-2026-GSEB-HIN-POLY_CE_Y2-ENG-C,DRONA_TRUST_GSEB_DPS_2026_2027_HIN_POLY_CE_Y2_ENG,GSEB,DPS,HIN,POLY_CE_Y2,ENG,C,2026-2027,1,Student cohort for Polytechnic Diploma Civil - Y2 ENG Division C in 2026-2027.
DPS-2026-GSEB-HIN-POLY_CE_Y2-ENG-D,DPS 2026-2027 Hindi Medium Polytechnic Diploma Civil - Y2 ENG Division D,DPS-2026-GSEB-HIN-POLY_CE_Y2-ENG-D,DRONA_TRUST_GSEB_DPS_2026_2027_HIN_POLY_CE_Y2_ENG,GSEB,DPS,HIN,POLY_CE_Y2,ENG,D,2026-2027,1,Student cohort for Polytechnic Diploma Civil - Y2 ENG Division D in 2026-2027.
DPS-2026-GSEB-HIN-POLY_CE_Y2-ENG-E,DPS 2026-2027 Hindi Medium Polytechnic Diploma Civil - Y2 ENG Division E,DPS-2026-GSEB-HIN-POLY_CE_Y2-ENG-E,DRONA_TRUST_GSEB_DPS_2026_2027_HIN_POLY_CE_Y2_ENG,GSEB,DPS,HIN,POLY_CE_Y2,ENG,E,2026-2027,1,Student cohort for Polytechnic Diploma Civil - Y2 ENG Division E in 2026-2027.
DPS-2026-GSEB-HIN-POLY_CE_Y2-ENG-F,DPS 2026-2027 Hindi Medium Polytechnic Diploma Civil - Y2 ENG Division F,DPS-2026-GSEB-HIN-POLY_CE_Y2-ENG-F,DRONA_TRUST_GSEB_DPS_2026_2027_HIN_POLY_CE_Y2_ENG,GSEB,DPS,HIN,POLY_CE_Y2,ENG,F,2026-2027,1,Student cohort for Polytechnic Diploma Civil - Y2 ENG Division F in 2026-2027.
DPS-2026-GSEB-HIN-POLY_CE_Y3-ENG-A,DPS 2026-2027 Hindi Medium Polytechnic Diploma Civil - Y3 ENG Division A,DPS-2026-GSEB-HIN-POLY_CE_Y3-ENG-A,DRONA_TRUST_GSEB_DPS_2026_2027_HIN_POLY_CE_Y3_ENG,GSEB,DPS,HIN,POLY_CE_Y3,ENG,A,2026-2027,1,Student cohort for Polytechnic Diploma Civil - Y3 ENG Division A in 2026-2027.
DPS-2026-GSEB-HIN-POLY_CE_Y3-ENG-B,DPS 2026-2027 Hindi Medium Polytechnic Diploma Civil - Y3 ENG Division B,DPS-2026-GSEB-HIN-POLY_CE_Y3-ENG-B,DRONA_TRUST_GSEB_DPS_2026_2027_HIN_POLY_CE_Y3_ENG,GSEB,DPS,HIN,POLY_CE_Y3,ENG,B,2026-2027,1,Student cohort for Polytechnic Diploma Civil - Y3 ENG Division B in 2026-2027.
DPS-2026-GSEB-HIN-POLY_CE_Y3-ENG-C,DPS 2026-2027 Hindi Medium Polytechnic Diploma Civil - Y3 ENG Division C,DPS-2026-GSEB-HIN-POLY_CE_Y3-ENG-C,DRONA_TRUST_GSEB_DPS_2026_2027_HIN_POLY_CE_Y3_ENG,GSEB,DPS,HIN,POLY_CE_Y3,ENG,C,2026-2027,1,Student cohort for Polytechnic Diploma Civil - Y3 ENG Division C in 2026-2027.
DPS-2026-GSEB-HIN-POLY_CE_Y3-ENG-D,DPS 2026-2027 Hindi Medium Polytechnic Diploma Civil - Y3 ENG Division D,DPS-2026-GSEB-HIN-POLY_CE_Y3-ENG-D,DRONA_TRUST_GSEB_DPS_2026_2027_HIN_POLY_CE_Y3_ENG,GSEB,DPS,HIN,POLY_CE_Y3,ENG,D,2026-2027,1,Student cohort for Polytechnic Diploma Civil - Y3 ENG Division D in 2026-2027.
DPS-2026-GSEB-HIN-POLY_CE_Y3-ENG-E,DPS 2026-2027 Hindi Medium Polytechnic Diploma Civil - Y3 ENG Division E,DPS-2026-GSEB-HIN-POLY_CE_Y3-ENG-E,DRONA_TRUST_GSEB_DPS_2026_2027_HIN_POLY_CE_Y3_ENG,GSEB,DPS,HIN,POLY_CE_Y3,ENG,E,2026-2027,1,Student cohort for Polytechnic Diploma Civil - Y3 ENG Division E in 2026-2027.
DPS-2026-GSEB-HIN-POLY_CE_Y3-ENG-F,DPS 2026-2027 Hindi Medium Polytechnic Diploma Civil - Y3 ENG Division F,DPS-2026-GSEB-HIN-POLY_CE_Y3-ENG-F,DRONA_TRUST_GSEB_DPS_2026_2027_HIN_POLY_CE_Y3_ENG,GSEB,DPS,HIN,POLY_CE_Y3,ENG,F,2026-2027,1,Student cohort for Polytechnic Diploma Civil - Y3 ENG Division F in 2026-2027.
DPS-2026-GSEB-HIN-NUR_GNM_Y1-NUR-A,DPS 2026-2027 Hindi Medium GNM (General Nursing & Midwifery) - Y1 NUR Division A,DPS-2026-GSEB-HIN-NUR_GNM_Y1-NUR-A,DRONA_TRUST_GSEB_DPS_2026_2027_HIN_NUR_GNM_Y1_NUR,GSEB,DPS,HIN,NUR_GNM_Y1,NUR,A,2026-2027,1,Student cohort for GNM (General Nursing & Midwifery) - Y1 NUR Division A in 2026-2027.
DPS-2026-GSEB-HIN-NUR_GNM_Y1-NUR-B,DPS 2026-2027 Hindi Medium GNM (General Nursing & Midwifery) - Y1 NUR Division B,DPS-2026-GSEB-HIN-NUR_GNM_Y1-NUR-B,DRONA_TRUST_GSEB_DPS_2026_2027_HIN_NUR_GNM_Y1_NUR,GSEB,DPS,HIN,NUR_GNM_Y1,NUR,B,2026-2027,1,Student cohort for GNM (General Nursing & Midwifery) - Y1 NUR Division B in 2026-2027.
DPS-2026-GSEB-HIN-NUR_GNM_Y1-NUR-C,DPS 2026-2027 Hindi Medium GNM (General Nursing & Midwifery) - Y1 NUR Division C,DPS-2026-GSEB-HIN-NUR_GNM_Y1-NUR-C,DRONA_TRUST_GSEB_DPS_2026_2027_HIN_NUR_GNM_Y1_NUR,GSEB,DPS,HIN,NUR_GNM_Y1,NUR,C,2026-2027,1,Student cohort for GNM (General Nursing & Midwifery) - Y1 NUR Division C in 2026-2027.
DPS-2026-GSEB-HIN-NUR_GNM_Y1-NUR-D,DPS 2026-2027 Hindi Medium GNM (General Nursing & Midwifery) - Y1 NUR Division D,DPS-2026-GSEB-HIN-NUR_GNM_Y1-NUR-D,DRONA_TRUST_GSEB_DPS_2026_2027_HIN_NUR_GNM_Y1_NUR,GSEB,DPS,HIN,NUR_GNM_Y1,NUR,D,2026-2027,1,Student cohort for GNM (General Nursing & Midwifery) - Y1 NUR Division D in 2026-2027.
DPS-2026-GSEB-HIN-NUR_GNM_Y1-NUR-E,DPS 2026-2027 Hindi Medium GNM (General Nursing & Midwifery) - Y1 NUR Division E,DPS-2026-GSEB-HIN-NUR_GNM_Y1-NUR-E,DRONA_TRUST_GSEB_DPS_2026_2027_HIN_NUR_GNM_Y1_NUR,GSEB,DPS,HIN,NUR_GNM_Y1,NUR,E,2026-2027,1,Student cohort for GNM (General Nursing & Midwifery) - Y1 NUR Division E in 2026-2027.
DPS-2026-GSEB-HIN-NUR_GNM_Y1-NUR-F,DPS 2026-2027 Hindi Medium GNM (General Nursing & Midwifery) - Y1 NUR Division F,DPS-2026-GSEB-HIN-NUR_GNM_Y1-NUR-F,DRONA_TRUST_GSEB_DPS_2026_2027_HIN_NUR_GNM_Y1_NUR,GSEB,DPS,HIN,NUR_GNM_Y1,NUR,F,2026-2027,1,Student cohort for GNM (General Nursing & Midwifery) - Y1 NUR Division F in 2026-2027.
DPS-2026-GSEB-HIN-NUR_GNM_Y2-NUR-A,DPS 2026-2027 Hindi Medium GNM (General Nursing & Midwifery) - Y2 NUR Division A,DPS-2026-GSEB-HIN-NUR_GNM_Y2-NUR-A,DRONA_TRUST_GSEB_DPS_2026_2027_HIN_NUR_GNM_Y2_NUR,GSEB,DPS,HIN,NUR_GNM_Y2,NUR,A,2026-2027,1,Student cohort for GNM (General Nursing & Midwifery) - Y2 NUR Division A in 2026-2027.
DPS-2026-GSEB-HIN-NUR_GNM_Y2-NUR-B,DPS 2026-2027 Hindi Medium GNM (General Nursing & Midwifery) - Y2 NUR Division B,DPS-2026-GSEB-HIN-NUR_GNM_Y2-NUR-B,DRONA_TRUST_GSEB_DPS_2026_2027_HIN_NUR_GNM_Y2_NUR,GSEB,DPS,HIN,NUR_GNM_Y2,NUR,B,2026-2027,1,Student cohort for GNM (General Nursing & Midwifery) - Y2 NUR Division B in 2026-2027.
DPS-2026-GSEB-HIN-NUR_GNM_Y2-NUR-C,DPS 2026-2027 Hindi Medium GNM (General Nursing & Midwifery) - Y2 NUR Division C,DPS-2026-GSEB-HIN-NUR_GNM_Y2-NUR-C,DRONA_TRUST_GSEB_DPS_2026_2027_HIN_NUR_GNM_Y2_NUR,GSEB,DPS,HIN,NUR_GNM_Y2,NUR,C,2026-2027,1,Student cohort for GNM (General Nursing & Midwifery) - Y2 NUR Division C in 2026-2027.
DPS-2026-GSEB-HIN-NUR_GNM_Y2-NUR-D,DPS 2026-2027 Hindi Medium GNM (General Nursing & Midwifery) - Y2 NUR Division D,DPS-2026-GSEB-HIN-NUR_GNM_Y2-NUR-D,DRONA_TRUST_GSEB_DPS_2026_2027_HIN_NUR_GNM_Y2_NUR,GSEB,DPS,HIN,NUR_GNM_Y2,NUR,D,2026-2027,1,Student cohort for GNM (General Nursing & Midwifery) - Y2 NUR Division D in 2026-2027.
DPS-2026-GSEB-HIN-NUR_GNM_Y2-NUR-E,DPS 2026-2027 Hindi Medium GNM (General Nursing & Midwifery) - Y2 NUR Division E,DPS-2026-GSEB-HIN-NUR_GNM_Y2-NUR-E,DRONA_TRUST_GSEB_DPS_2026_2027_HIN_NUR_GNM_Y2_NUR,GSEB,DPS,HIN,NUR_GNM_Y2,NUR,E,2026-2027,1,Student cohort for GNM (General Nursing & Midwifery) - Y2 NUR Division E in 2026-2027.
DPS-2026-GSEB-HIN-NUR_GNM_Y2-NUR-F,DPS 2026-2027 Hindi Medium GNM (General Nursing & Midwifery) - Y2 NUR Division F,DPS-2026-GSEB-HIN-NUR_GNM_Y2-NUR-F,DRONA_TRUST_GSEB_DPS_2026_2027_HIN_NUR_GNM_Y2_NUR,GSEB,DPS,HIN,NUR_GNM_Y2,NUR,F,2026-2027,1,Student cohort for GNM (General Nursing & Midwifery) - Y2 NUR Division F in 2026-2027.
DPS-2026-GSEB-HIN-UNI_UG_CSE_Y1-ENG-A,DPS 2026-2027 Hindi Medium B.Tech Computer Science (AI/ML) - Y1 ENG Division A,DPS-2026-GSEB-HIN-UNI_UG_CSE_Y1-ENG-A,DRONA_TRUST_GSEB_DPS_2026_2027_HIN_UNI_UG_CSE_Y1_ENG,GSEB,DPS,HIN,UNI_UG_CSE_Y1,ENG,A,2026-2027,1,Student cohort for B.Tech Computer Science (AI/ML) - Y1 ENG Division A in 2026-2027.
DPS-2026-GSEB-HIN-UNI_UG_CSE_Y1-ENG-B,DPS 2026-2027 Hindi Medium B.Tech Computer Science (AI/ML) - Y1 ENG Division B,DPS-2026-GSEB-HIN-UNI_UG_CSE_Y1-ENG-B,DRONA_TRUST_GSEB_DPS_2026_2027_HIN_UNI_UG_CSE_Y1_ENG,GSEB,DPS,HIN,UNI_UG_CSE_Y1,ENG,B,2026-2027,1,Student cohort for B.Tech Computer Science (AI/ML) - Y1 ENG Division B in 2026-2027.
DPS-2026-GSEB-HIN-UNI_UG_CSE_Y1-ENG-C,DPS 2026-2027 Hindi Medium B.Tech Computer Science (AI/ML) - Y1 ENG Division C,DPS-2026-GSEB-HIN-UNI_UG_CSE_Y1-ENG-C,DRONA_TRUST_GSEB_DPS_2026_2027_HIN_UNI_UG_CSE_Y1_ENG,GSEB,DPS,HIN,UNI_UG_CSE_Y1,ENG,C,2026-2027,1,Student cohort for B.Tech Computer Science (AI/ML) - Y1 ENG Division C in 2026-2027.
DPS-2026-GSEB-HIN-UNI_UG_CSE_Y1-ENG-D,DPS 2026-2027 Hindi Medium B.Tech Computer Science (AI/ML) - Y1 ENG Division D,DPS-2026-GSEB-HIN-UNI_UG_CSE_Y1-ENG-D,DRONA_TRUST_GSEB_DPS_2026_2027_HIN_UNI_UG_CSE_Y1_ENG,GSEB,DPS,HIN,UNI_UG_CSE_Y1,ENG,D,2026-2027,1,Student cohort for B.Tech Computer Science (AI/ML) - Y1 ENG Division D in 2026-2027.
DPS-2026-GSEB-HIN-UNI_UG_CSE_Y1-ENG-E,DPS 2026-2027 Hindi Medium B.Tech Computer Science (AI/ML) - Y1 ENG Division E,DPS-2026-GSEB-HIN-UNI_UG_CSE_Y1-ENG-E,DRONA_TRUST_GSEB_DPS_2026_2027_HIN_UNI_UG_CSE_Y1_ENG,GSEB,DPS,HIN,UNI_UG_CSE_Y1,ENG,E,2026-2027,1,Student cohort for B.Tech Computer Science (AI/ML) - Y1 ENG Division E in 2026-2027.
DPS-2026-GSEB-HIN-UNI_UG_CSE_Y1-ENG-F,DPS 2026-2027 Hindi Medium B.Tech Computer Science (AI/ML) - Y1 ENG Division F,DPS-2026-GSEB-HIN-UNI_UG_CSE_Y1-ENG-F,DRONA_TRUST_GSEB_DPS_2026_2027_HIN_UNI_UG_CSE_Y1_ENG,GSEB,DPS,HIN,UNI_UG_CSE_Y1,ENG,F,2026-2027,1,Student cohort for B.Tech Computer Science (AI/ML) - Y1 ENG Division F in 2026-2027.
DPS-2026-GSEB-HIN-UNI_UG_CSE_Y2-ENG-A,DPS 2026-2027 Hindi Medium B.Tech Computer Science (AI/ML) - Y2 ENG Division A,DPS-2026-GSEB-HIN-UNI_UG_CSE_Y2-ENG-A,DRONA_TRUST_GSEB_DPS_2026_2027_HIN_UNI_UG_CSE_Y2_ENG,GSEB,DPS,HIN,UNI_UG_CSE_Y2,ENG,A,2026-2027,1,Student cohort for B.Tech Computer Science (AI/ML) - Y2 ENG Division A in 2026-2027.
DPS-2026-GSEB-HIN-UNI_UG_CSE_Y2-ENG-B,DPS 2026-2027 Hindi Medium B.Tech Computer Science (AI/ML) - Y2 ENG Division B,DPS-2026-GSEB-HIN-UNI_UG_CSE_Y2-ENG-B,DRONA_TRUST_GSEB_DPS_2026_2027_HIN_UNI_UG_CSE_Y2_ENG,GSEB,DPS,HIN,UNI_UG_CSE_Y2,ENG,B,2026-2027,1,Student cohort for B.Tech Computer Science (AI/ML) - Y2 ENG Division B in 2026-2027.
DPS-2026-GSEB-HIN-UNI_UG_CSE_Y2-ENG-C,DPS 2026-2027 Hindi Medium B.Tech Computer Science (AI/ML) - Y2 ENG Division C,DPS-2026-GSEB-HIN-UNI_UG_CSE_Y2-ENG-C,DRONA_TRUST_GSEB_DPS_2026_2027_HIN_UNI_UG_CSE_Y2_ENG,GSEB,DPS,HIN,UNI_UG_CSE_Y2,ENG,C,2026-2027,1,Student cohort for B.Tech Computer Science (AI/ML) - Y2 ENG Division C in 2026-2027.
DPS-2026-GSEB-HIN-UNI_UG_CSE_Y2-ENG-D,DPS 2026-2027 Hindi Medium B.Tech Computer Science (AI/ML) - Y2 ENG Division D,DPS-2026-GSEB-HIN-UNI_UG_CSE_Y2-ENG-D,DRONA_TRUST_GSEB_DPS_2026_2027_HIN_UNI_UG_CSE_Y2_ENG,GSEB,DPS,HIN,UNI_UG_CSE_Y2,ENG,D,2026-2027,1,Student cohort for B.Tech Computer Science (AI/ML) - Y2 ENG Division D in 2026-2027.
DPS-2026-GSEB-HIN-UNI_UG_CSE_Y2-ENG-E,DPS 2026-2027 Hindi Medium B.Tech Computer Science (AI/ML) - Y2 ENG Division E,DPS-2026-GSEB-HIN-UNI_UG_CSE_Y2-ENG-E,DRONA_TRUST_GSEB_DPS_2026_2027_HIN_UNI_UG_CSE_Y2_ENG,GSEB,DPS,HIN,UNI_UG_CSE_Y2,ENG,E,2026-2027,1,Student cohort for B.Tech Computer Science (AI/ML) - Y2 ENG Division E in 2026-2027.
DPS-2026-GSEB-HIN-UNI_UG_CSE_Y2-ENG-F,DPS 2026-2027 Hindi Medium B.Tech Computer Science (AI/ML) - Y2 ENG Division F,DPS-2026-GSEB-HIN-UNI_UG_CSE_Y2-ENG-F,DRONA_TRUST_GSEB_DPS_2026_2027_HIN_UNI_UG_CSE_Y2_ENG,GSEB,DPS,HIN,UNI_UG_CSE_Y2,ENG,F,2026-2027,1,Student cohort for B.Tech Computer Science (AI/ML) - Y2 ENG Division F in 2026-2027.
DPS-2026-GSEB-HIN-UNI_UG_CSE_Y3-ENG-A,DPS 2026-2027 Hindi Medium B.Tech Computer Science (AI/ML) - Y3 ENG Division A,DPS-2026-GSEB-HIN-UNI_UG_CSE_Y3-ENG-A,DRONA_TRUST_GSEB_DPS_2026_2027_HIN_UNI_UG_CSE_Y3_ENG,GSEB,DPS,HIN,UNI_UG_CSE_Y3,ENG,A,2026-2027,1,Student cohort for B.Tech Computer Science (AI/ML) - Y3 ENG Division A in 2026-2027.
DPS-2026-GSEB-HIN-UNI_UG_CSE_Y3-ENG-B,DPS 2026-2027 Hindi Medium B.Tech Computer Science (AI/ML) - Y3 ENG Division B,DPS-2026-GSEB-HIN-UNI_UG_CSE_Y3-ENG-B,DRONA_TRUST_GSEB_DPS_2026_2027_HIN_UNI_UG_CSE_Y3_ENG,GSEB,DPS,HIN,UNI_UG_CSE_Y3,ENG,B,2026-2027,1,Student cohort for B.Tech Computer Science (AI/ML) - Y3 ENG Division B in 2026-2027.
DPS-2026-GSEB-HIN-UNI_UG_CSE_Y3-ENG-C,DPS 2026-2027 Hindi Medium B.Tech Computer Science (AI/ML) - Y3 ENG Division C,DPS-2026-GSEB-HIN-UNI_UG_CSE_Y3-ENG-C,DRONA_TRUST_GSEB_DPS_2026_2027_HIN_UNI_UG_CSE_Y3_ENG,GSEB,DPS,HIN,UNI_UG_CSE_Y3,ENG,C,2026-2027,1,Student cohort for B.Tech Computer Science (AI/ML) - Y3 ENG Division C in 2026-2027.
DPS-2026-GSEB-HIN-UNI_UG_CSE_Y3-ENG-D,DPS 2026-2027 Hindi Medium B.Tech Computer Science (AI/ML) - Y3 ENG Division D,DPS-2026-GSEB-HIN-UNI_UG_CSE_Y3-ENG-D,DRONA_TRUST_GSEB_DPS_2026_2027_HIN_UNI_UG_CSE_Y3_ENG,GSEB,DPS,HIN,UNI_UG_CSE_Y3,ENG,D,2026-2027,1,Student cohort for B.Tech Computer Science (AI/ML) - Y3 ENG Division D in 2026-2027.
DPS-2026-GSEB-HIN-UNI_UG_CSE_Y3-ENG-E,DPS 2026-2027 Hindi Medium B.Tech Computer Science (AI/ML) - Y3 ENG Division E,DPS-2026-GSEB-HIN-UNI_UG_CSE_Y3-ENG-E,DRONA_TRUST_GSEB_DPS_2026_2027_HIN_UNI_UG_CSE_Y3_ENG,GSEB,DPS,HIN,UNI_UG_CSE_Y3,ENG,E,2026-2027,1,Student cohort for B.Tech Computer Science (AI/ML) - Y3 ENG Division E in 2026-2027.
DPS-2026-GSEB-HIN-UNI_UG_CSE_Y3-ENG-F,DPS 2026-2027 Hindi Medium B.Tech Computer Science (AI/ML) - Y3 ENG Division F,DPS-2026-GSEB-HIN-UNI_UG_CSE_Y3-ENG-F,DRONA_TRUST_GSEB_DPS_2026_2027_HIN_UNI_UG_CSE_Y3_ENG,GSEB,DPS,HIN,UNI_UG_CSE_Y3,ENG,F,2026-2027,1,Student cohort for B.Tech Computer Science (AI/ML) - Y3 ENG Division F in 2026-2027.
DPS-2026-GSEB-HIN-UNI_UG_CSE_Y4-ENG-A,DPS 2026-2027 Hindi Medium B.Tech Computer Science (AI/ML) - Y4 ENG Division A,DPS-2026-GSEB-HIN-UNI_UG_CSE_Y4-ENG-A,DRONA_TRUST_GSEB_DPS_2026_2027_HIN_UNI_UG_CSE_Y4_ENG,GSEB,DPS,HIN,UNI_UG_CSE_Y4,ENG,A,2026-2027,1,Student cohort for B.Tech Computer Science (AI/ML) - Y4 ENG Division A in 2026-2027.
DPS-2026-GSEB-HIN-UNI_UG_CSE_Y4-ENG-B,DPS 2026-2027 Hindi Medium B.Tech Computer Science (AI/ML) - Y4 ENG Division B,DPS-2026-GSEB-HIN-UNI_UG_CSE_Y4-ENG-B,DRONA_TRUST_GSEB_DPS_2026_2027_HIN_UNI_UG_CSE_Y4_ENG,GSEB,DPS,HIN,UNI_UG_CSE_Y4,ENG,B,2026-2027,1,Student cohort for B.Tech Computer Science (AI/ML) - Y4 ENG Division B in 2026-2027.
DPS-2026-GSEB-HIN-UNI_UG_CSE_Y4-ENG-C,DPS 2026-2027 Hindi Medium B.Tech Computer Science (AI/ML) - Y4 ENG Division C,DPS-2026-GSEB-HIN-UNI_UG_CSE_Y4-ENG-C,DRONA_TRUST_GSEB_DPS_2026_2027_HIN_UNI_UG_CSE_Y4_ENG,GSEB,DPS,HIN,UNI_UG_CSE_Y4,ENG,C,2026-2027,1,Student cohort for B.Tech Computer Science (AI/ML) - Y4 ENG Division C in 2026-2027.
DPS-2026-GSEB-HIN-UNI_UG_CSE_Y4-ENG-D,DPS 2026-2027 Hindi Medium B.Tech Computer Science (AI/ML) - Y4 ENG Division D,DPS-2026-GSEB-HIN-UNI_UG_CSE_Y4-ENG-D,DRONA_TRUST_GSEB_DPS_2026_2027_HIN_UNI_UG_CSE_Y4_ENG,GSEB,DPS,HIN,UNI_UG_CSE_Y4,ENG,D,2026-2027,1,Student cohort for B.Tech Computer Science (AI/ML) - Y4 ENG Division D in 2026-2027.
DPS-2026-GSEB-HIN-UNI_UG_CSE_Y4-ENG-E,DPS 2026-2027 Hindi Medium B.Tech Computer Science (AI/ML) - Y4 ENG Division E,DPS-2026-GSEB-HIN-UNI_UG_CSE_Y4-ENG-E,DRONA_TRUST_GSEB_DPS_2026_2027_HIN_UNI_UG_CSE_Y4_ENG,GSEB,DPS,HIN,UNI_UG_CSE_Y4,ENG,E,2026-2027,1,Student cohort for B.Tech Computer Science (AI/ML) - Y4 ENG Division E in 2026-2027.
DPS-2026-GSEB-HIN-UNI_UG_CSE_Y4-ENG-F,DPS 2026-2027 Hindi Medium B.Tech Computer Science (AI/ML) - Y4 ENG Division F,DPS-2026-GSEB-HIN-UNI_UG_CSE_Y4-ENG-F,DRONA_TRUST_GSEB_DPS_2026_2027_HIN_UNI_UG_CSE_Y4_ENG,GSEB,DPS,HIN,UNI_UG_CSE_Y4,ENG,F,2026-2027,1,Student cohort for B.Tech Computer Science (AI/ML) - Y4 ENG Division F in 2026-2027.
DPS-2026-GSEB-HIN-UNI_UG_DS_Y1-SCI-A,DPS 2026-2027 Hindi Medium B.Sc Data Science & Analytics - Y1 SCI Division A,DPS-2026-GSEB-HIN-UNI_UG_DS_Y1-SCI-A,DRONA_TRUST_GSEB_DPS_2026_2027_HIN_UNI_UG_DS_Y1_SCI,GSEB,DPS,HIN,UNI_UG_DS_Y1,SCI,A,2026-2027,1,Student cohort for B.Sc Data Science & Analytics - Y1 SCI Division A in 2026-2027.
DPS-2026-GSEB-HIN-UNI_UG_DS_Y1-SCI-B,DPS 2026-2027 Hindi Medium B.Sc Data Science & Analytics - Y1 SCI Division B,DPS-2026-GSEB-HIN-UNI_UG_DS_Y1-SCI-B,DRONA_TRUST_GSEB_DPS_2026_2027_HIN_UNI_UG_DS_Y1_SCI,GSEB,DPS,HIN,UNI_UG_DS_Y1,SCI,B,2026-2027,1,Student cohort for B.Sc Data Science & Analytics - Y1 SCI Division B in 2026-2027.
DPS-2026-GSEB-HIN-UNI_UG_DS_Y1-SCI-C,DPS 2026-2027 Hindi Medium B.Sc Data Science & Analytics - Y1 SCI Division C,DPS-2026-GSEB-HIN-UNI_UG_DS_Y1-SCI-C,DRONA_TRUST_GSEB_DPS_2026_2027_HIN_UNI_UG_DS_Y1_SCI,GSEB,DPS,HIN,UNI_UG_DS_Y1,SCI,C,2026-2027,1,Student cohort for B.Sc Data Science & Analytics - Y1 SCI Division C in 2026-2027.
DPS-2026-GSEB-HIN-UNI_UG_DS_Y1-SCI-D,DPS 2026-2027 Hindi Medium B.Sc Data Science & Analytics - Y1 SCI Division D,DPS-2026-GSEB-HIN-UNI_UG_DS_Y1-SCI-D,DRONA_TRUST_GSEB_DPS_2026_2027_HIN_UNI_UG_DS_Y1_SCI,GSEB,DPS,HIN,UNI_UG_DS_Y1,SCI,D,2026-2027,1,Student cohort for B.Sc Data Science & Analytics - Y1 SCI Division D in 2026-2027.
DPS-2026-GSEB-HIN-UNI_UG_DS_Y1-SCI-E,DPS 2026-2027 Hindi Medium B.Sc Data Science & Analytics - Y1 SCI Division E,DPS-2026-GSEB-HIN-UNI_UG_DS_Y1-SCI-E,DRONA_TRUST_GSEB_DPS_2026_2027_HIN_UNI_UG_DS_Y1_SCI,GSEB,DPS,HIN,UNI_UG_DS_Y1,SCI,E,2026-2027,1,Student cohort for B.Sc Data Science & Analytics - Y1 SCI Division E in 2026-2027.
DPS-2026-GSEB-HIN-UNI_UG_DS_Y1-SCI-F,DPS 2026-2027 Hindi Medium B.Sc Data Science & Analytics - Y1 SCI Division F,DPS-2026-GSEB-HIN-UNI_UG_DS_Y1-SCI-F,DRONA_TRUST_GSEB_DPS_2026_2027_HIN_UNI_UG_DS_Y1_SCI,GSEB,DPS,HIN,UNI_UG_DS_Y1,SCI,F,2026-2027,1,Student cohort for B.Sc Data Science & Analytics - Y1 SCI Division F in 2026-2027.
DPS-2026-GSEB-HIN-UNI_UG_DS_Y2-SCI-A,DPS 2026-2027 Hindi Medium B.Sc Data Science & Analytics - Y2 SCI Division A,DPS-2026-GSEB-HIN-UNI_UG_DS_Y2-SCI-A,DRONA_TRUST_GSEB_DPS_2026_2027_HIN_UNI_UG_DS_Y2_SCI,GSEB,DPS,HIN,UNI_UG_DS_Y2,SCI,A,2026-2027,1,Student cohort for B.Sc Data Science & Analytics - Y2 SCI Division A in 2026-2027.
DPS-2026-GSEB-HIN-UNI_UG_DS_Y2-SCI-B,DPS 2026-2027 Hindi Medium B.Sc Data Science & Analytics - Y2 SCI Division B,DPS-2026-GSEB-HIN-UNI_UG_DS_Y2-SCI-B,DRONA_TRUST_GSEB_DPS_2026_2027_HIN_UNI_UG_DS_Y2_SCI,GSEB,DPS,HIN,UNI_UG_DS_Y2,SCI,B,2026-2027,1,Student cohort for B.Sc Data Science & Analytics - Y2 SCI Division B in 2026-2027.
DPS-2026-GSEB-HIN-UNI_UG_DS_Y2-SCI-C,DPS 2026-2027 Hindi Medium B.Sc Data Science & Analytics - Y2 SCI Division C,DPS-2026-GSEB-HIN-UNI_UG_DS_Y2-SCI-C,DRONA_TRUST_GSEB_DPS_2026_2027_HIN_UNI_UG_DS_Y2_SCI,GSEB,DPS,HIN,UNI_UG_DS_Y2,SCI,C,2026-2027,1,Student cohort for B.Sc Data Science & Analytics - Y2 SCI Division C in 2026-2027.
DPS-2026-GSEB-HIN-UNI_UG_DS_Y2-SCI-D,DPS 2026-2027 Hindi Medium B.Sc Data Science & Analytics - Y2 SCI Division D,DPS-2026-GSEB-HIN-UNI_UG_DS_Y2-SCI-D,DRONA_TRUST_GSEB_DPS_2026_2027_HIN_UNI_UG_DS_Y2_SCI,GSEB,DPS,HIN,UNI_UG_DS_Y2,SCI,D,2026-2027,1,Student cohort for B.Sc Data Science & Analytics - Y2 SCI Division D in 2026-2027.
DPS-2026-GSEB-HIN-UNI_UG_DS_Y2-SCI-E,DPS 2026-2027 Hindi Medium B.Sc Data Science & Analytics - Y2 SCI Division E,DPS-2026-GSEB-HIN-UNI_UG_DS_Y2-SCI-E,DRONA_TRUST_GSEB_DPS_2026_2027_HIN_UNI_UG_DS_Y2_SCI,GSEB,DPS,HIN,UNI_UG_DS_Y2,SCI,E,2026-2027,1,Student cohort for B.Sc Data Science & Analytics - Y2 SCI Division E in 2026-2027.
DPS-2026-GSEB-HIN-UNI_UG_DS_Y2-SCI-F,DPS 2026-2027 Hindi Medium B.Sc Data Science & Analytics - Y2 SCI Division F,DPS-2026-GSEB-HIN-UNI_UG_DS_Y2-SCI-F,DRONA_TRUST_GSEB_DPS_2026_2027_HIN_UNI_UG_DS_Y2_SCI,GSEB,DPS,HIN,UNI_UG_DS_Y2,SCI,F,2026-2027,1,Student cohort for B.Sc Data Science & Analytics - Y2 SCI Division F in 2026-2027.
DPS-2026-GSEB-HIN-UNI_UG_DS_Y3-SCI-A,DPS 2026-2027 Hindi Medium B.Sc Data Science & Analytics - Y3 SCI Division A,DPS-2026-GSEB-HIN-UNI_UG_DS_Y3-SCI-A,DRONA_TRUST_GSEB_DPS_2026_2027_HIN_UNI_UG_DS_Y3_SCI,GSEB,DPS,HIN,UNI_UG_DS_Y3,SCI,A,2026-2027,1,Student cohort for B.Sc Data Science & Analytics - Y3 SCI Division A in 2026-2027.
DPS-2026-GSEB-HIN-UNI_UG_DS_Y3-SCI-B,DPS 2026-2027 Hindi Medium B.Sc Data Science & Analytics - Y3 SCI Division B,DPS-2026-GSEB-HIN-UNI_UG_DS_Y3-SCI-B,DRONA_TRUST_GSEB_DPS_2026_2027_HIN_UNI_UG_DS_Y3_SCI,GSEB,DPS,HIN,UNI_UG_DS_Y3,SCI,B,2026-2027,1,Student cohort for B.Sc Data Science & Analytics - Y3 SCI Division B in 2026-2027.
DPS-2026-GSEB-HIN-UNI_UG_DS_Y3-SCI-C,DPS 2026-2027 Hindi Medium B.Sc Data Science & Analytics - Y3 SCI Division C,DPS-2026-GSEB-HIN-UNI_UG_DS_Y3-SCI-C,DRONA_TRUST_GSEB_DPS_2026_2027_HIN_UNI_UG_DS_Y3_SCI,GSEB,DPS,HIN,UNI_UG_DS_Y3,SCI,C,2026-2027,1,Student cohort for B.Sc Data Science & Analytics - Y3 SCI Division C in 2026-2027.
DPS-2026-GSEB-HIN-UNI_UG_DS_Y3-SCI-D,DPS 2026-2027 Hindi Medium B.Sc Data Science & Analytics - Y3 SCI Division D,DPS-2026-GSEB-HIN-UNI_UG_DS_Y3-SCI-D,DRONA_TRUST_GSEB_DPS_2026_2027_HIN_UNI_UG_DS_Y3_SCI,GSEB,DPS,HIN,UNI_UG_DS_Y3,SCI,D,2026-2027,1,Student cohort for B.Sc Data Science & Analytics - Y3 SCI Division D in 2026-2027.
DPS-2026-GSEB-HIN-UNI_UG_DS_Y3-SCI-E,DPS 2026-2027 Hindi Medium B.Sc Data Science & Analytics - Y3 SCI Division E,DPS-2026-GSEB-HIN-UNI_UG_DS_Y3-SCI-E,DRONA_TRUST_GSEB_DPS_2026_2027_HIN_UNI_UG_DS_Y3_SCI,GSEB,DPS,HIN,UNI_UG_DS_Y3,SCI,E,2026-2027,1,Student cohort for B.Sc Data Science & Analytics - Y3 SCI Division E in 2026-2027.
DPS-2026-GSEB-HIN-UNI_UG_DS_Y3-SCI-F,DPS 2026-2027 Hindi Medium B.Sc Data Science & Analytics - Y3 SCI Division F,DPS-2026-GSEB-HIN-UNI_UG_DS_Y3-SCI-F,DRONA_TRUST_GSEB_DPS_2026_2027_HIN_UNI_UG_DS_Y3_SCI,GSEB,DPS,HIN,UNI_UG_DS_Y3,SCI,F,2026-2027,1,Student cohort for B.Sc Data Science & Analytics - Y3 SCI Division F in 2026-2027.
DPS-2026-GSEB-HIN-UNI_UG_UX_Y1-DES-A,DPS 2026-2027 Hindi Medium B.Des UI/UX & Interaction Design - Y1 DES Division A,DPS-2026-GSEB-HIN-UNI_UG_UX_Y1-DES-A,DRONA_TRUST_GSEB_DPS_2026_2027_HIN_UNI_UG_UX_Y1_DES,GSEB,DPS,HIN,UNI_UG_UX_Y1,DES,A,2026-2027,1,Student cohort for B.Des UI/UX & Interaction Design - Y1 DES Division A in 2026-2027.
DPS-2026-GSEB-HIN-UNI_UG_UX_Y1-DES-B,DPS 2026-2027 Hindi Medium B.Des UI/UX & Interaction Design - Y1 DES Division B,DPS-2026-GSEB-HIN-UNI_UG_UX_Y1-DES-B,DRONA_TRUST_GSEB_DPS_2026_2027_HIN_UNI_UG_UX_Y1_DES,GSEB,DPS,HIN,UNI_UG_UX_Y1,DES,B,2026-2027,1,Student cohort for B.Des UI/UX & Interaction Design - Y1 DES Division B in 2026-2027.
DPS-2026-GSEB-HIN-UNI_UG_UX_Y1-DES-C,DPS 2026-2027 Hindi Medium B.Des UI/UX & Interaction Design - Y1 DES Division C,DPS-2026-GSEB-HIN-UNI_UG_UX_Y1-DES-C,DRONA_TRUST_GSEB_DPS_2026_2027_HIN_UNI_UG_UX_Y1_DES,GSEB,DPS,HIN,UNI_UG_UX_Y1,DES,C,2026-2027,1,Student cohort for B.Des UI/UX & Interaction Design - Y1 DES Division C in 2026-2027.
DPS-2026-GSEB-HIN-UNI_UG_UX_Y1-DES-D,DPS 2026-2027 Hindi Medium B.Des UI/UX & Interaction Design - Y1 DES Division D,DPS-2026-GSEB-HIN-UNI_UG_UX_Y1-DES-D,DRONA_TRUST_GSEB_DPS_2026_2027_HIN_UNI_UG_UX_Y1_DES,GSEB,DPS,HIN,UNI_UG_UX_Y1,DES,D,2026-2027,1,Student cohort for B.Des UI/UX & Interaction Design - Y1 DES Division D in 2026-2027.
DPS-2026-GSEB-HIN-UNI_UG_UX_Y1-DES-E,DPS 2026-2027 Hindi Medium B.Des UI/UX & Interaction Design - Y1 DES Division E,DPS-2026-GSEB-HIN-UNI_UG_UX_Y1-DES-E,DRONA_TRUST_GSEB_DPS_2026_2027_HIN_UNI_UG_UX_Y1_DES,GSEB,DPS,HIN,UNI_UG_UX_Y1,DES,E,2026-2027,1,Student cohort for B.Des UI/UX & Interaction Design - Y1 DES Division E in 2026-2027.
DPS-2026-GSEB-HIN-UNI_UG_UX_Y1-DES-F,DPS 2026-2027 Hindi Medium B.Des UI/UX & Interaction Design - Y1 DES Division F,DPS-2026-GSEB-HIN-UNI_UG_UX_Y1-DES-F,DRONA_TRUST_GSEB_DPS_2026_2027_HIN_UNI_UG_UX_Y1_DES,GSEB,DPS,HIN,UNI_UG_UX_Y1,DES,F,2026-2027,1,Student cohort for B.Des UI/UX & Interaction Design - Y1 DES Division F in 2026-2027.
DPS-2026-GSEB-HIN-UNI_UG_UX_Y2-DES-A,DPS 2026-2027 Hindi Medium B.Des UI/UX & Interaction Design - Y2 DES Division A,DPS-2026-GSEB-HIN-UNI_UG_UX_Y2-DES-A,DRONA_TRUST_GSEB_DPS_2026_2027_HIN_UNI_UG_UX_Y2_DES,GSEB,DPS,HIN,UNI_UG_UX_Y2,DES,A,2026-2027,1,Student cohort for B.Des UI/UX & Interaction Design - Y2 DES Division A in 2026-2027.
DPS-2026-GSEB-HIN-UNI_UG_UX_Y2-DES-B,DPS 2026-2027 Hindi Medium B.Des UI/UX & Interaction Design - Y2 DES Division B,DPS-2026-GSEB-HIN-UNI_UG_UX_Y2-DES-B,DRONA_TRUST_GSEB_DPS_2026_2027_HIN_UNI_UG_UX_Y2_DES,GSEB,DPS,HIN,UNI_UG_UX_Y2,DES,B,2026-2027,1,Student cohort for B.Des UI/UX & Interaction Design - Y2 DES Division B in 2026-2027.
DPS-2026-GSEB-HIN-UNI_UG_UX_Y2-DES-C,DPS 2026-2027 Hindi Medium B.Des UI/UX & Interaction Design - Y2 DES Division C,DPS-2026-GSEB-HIN-UNI_UG_UX_Y2-DES-C,DRONA_TRUST_GSEB_DPS_2026_2027_HIN_UNI_UG_UX_Y2_DES,GSEB,DPS,HIN,UNI_UG_UX_Y2,DES,C,2026-2027,1,Student cohort for B.Des UI/UX & Interaction Design - Y2 DES Division C in 2026-2027.
DPS-2026-GSEB-HIN-UNI_UG_UX_Y2-DES-D,DPS 2026-2027 Hindi Medium B.Des UI/UX & Interaction Design - Y2 DES Division D,DPS-2026-GSEB-HIN-UNI_UG_UX_Y2-DES-D,DRONA_TRUST_GSEB_DPS_2026_2027_HIN_UNI_UG_UX_Y2_DES,GSEB,DPS,HIN,UNI_UG_UX_Y2,DES,D,2026-2027,1,Student cohort for B.Des UI/UX & Interaction Design - Y2 DES Division D in 2026-2027.
DPS-2026-GSEB-HIN-UNI_UG_UX_Y2-DES-E,DPS 2026-2027 Hindi Medium B.Des UI/UX & Interaction Design - Y2 DES Division E,DPS-2026-GSEB-HIN-UNI_UG_UX_Y2-DES-E,DRONA_TRUST_GSEB_DPS_2026_2027_HIN_UNI_UG_UX_Y2_DES,GSEB,DPS,HIN,UNI_UG_UX_Y2,DES,E,2026-2027,1,Student cohort for B.Des UI/UX & Interaction Design - Y2 DES Division E in 2026-2027.
DPS-2026-GSEB-HIN-UNI_UG_UX_Y2-DES-F,DPS 2026-2027 Hindi Medium B.Des UI/UX & Interaction Design - Y2 DES Division F,DPS-2026-GSEB-HIN-UNI_UG_UX_Y2-DES-F,DRONA_TRUST_GSEB_DPS_2026_2027_HIN_UNI_UG_UX_Y2_DES,GSEB,DPS,HIN,UNI_UG_UX_Y2,DES,F,2026-2027,1,Student cohort for B.Des UI/UX & Interaction Design - Y2 DES Division F in 2026-2027.
DPS-2026-GSEB-HIN-UNI_UG_UX_Y3-DES-A,DPS 2026-2027 Hindi Medium B.Des UI/UX & Interaction Design - Y3 DES Division A,DPS-2026-GSEB-HIN-UNI_UG_UX_Y3-DES-A,DRONA_TRUST_GSEB_DPS_2026_2027_HIN_UNI_UG_UX_Y3_DES,GSEB,DPS,HIN,UNI_UG_UX_Y3,DES,A,2026-2027,1,Student cohort for B.Des UI/UX & Interaction Design - Y3 DES Division A in 2026-2027.
DPS-2026-GSEB-HIN-UNI_UG_UX_Y3-DES-B,DPS 2026-2027 Hindi Medium B.Des UI/UX & Interaction Design - Y3 DES Division B,DPS-2026-GSEB-HIN-UNI_UG_UX_Y3-DES-B,DRONA_TRUST_GSEB_DPS_2026_2027_HIN_UNI_UG_UX_Y3_DES,GSEB,DPS,HIN,UNI_UG_UX_Y3,DES,B,2026-2027,1,Student cohort for B.Des UI/UX & Interaction Design - Y3 DES Division B in 2026-2027.
DPS-2026-GSEB-HIN-UNI_UG_UX_Y3-DES-C,DPS 2026-2027 Hindi Medium B.Des UI/UX & Interaction Design - Y3 DES Division C,DPS-2026-GSEB-HIN-UNI_UG_UX_Y3-DES-C,DRONA_TRUST_GSEB_DPS_2026_2027_HIN_UNI_UG_UX_Y3_DES,GSEB,DPS,HIN,UNI_UG_UX_Y3,DES,C,2026-2027,1,Student cohort for B.Des UI/UX & Interaction Design - Y3 DES Division C in 2026-2027.
DPS-2026-GSEB-HIN-UNI_UG_UX_Y3-DES-D,DPS 2026-2027 Hindi Medium B.Des UI/UX & Interaction Design - Y3 DES Division D,DPS-2026-GSEB-HIN-UNI_UG_UX_Y3-DES-D,DRONA_TRUST_GSEB_DPS_2026_2027_HIN_UNI_UG_UX_Y3_DES,GSEB,DPS,HIN,UNI_UG_UX_Y3,DES,D,2026-2027,1,Student cohort for B.Des UI/UX & Interaction Design - Y3 DES Division D in 2026-2027.
DPS-2026-GSEB-HIN-UNI_UG_UX_Y3-DES-E,DPS 2026-2027 Hindi Medium B.Des UI/UX & Interaction Design - Y3 DES Division E,DPS-2026-GSEB-HIN-UNI_UG_UX_Y3-DES-E,DRONA_TRUST_GSEB_DPS_2026_2027_HIN_UNI_UG_UX_Y3_DES,GSEB,DPS,HIN,UNI_UG_UX_Y3,DES,E,2026-2027,1,Student cohort for B.Des UI/UX & Interaction Design - Y3 DES Division E in 2026-2027.
DPS-2026-GSEB-HIN-UNI_UG_UX_Y3-DES-F,DPS 2026-2027 Hindi Medium B.Des UI/UX & Interaction Design - Y3 DES Division F,DPS-2026-GSEB-HIN-UNI_UG_UX_Y3-DES-F,DRONA_TRUST_GSEB_DPS_2026_2027_HIN_UNI_UG_UX_Y3_DES,GSEB,DPS,HIN,UNI_UG_UX_Y3,DES,F,2026-2027,1,Student cohort for B.Des UI/UX & Interaction Design - Y3 DES Division F in 2026-2027.
DPS-2026-GSEB-HIN-UNI_UG_UX_Y4-DES-A,DPS 2026-2027 Hindi Medium B.Des UI/UX & Interaction Design - Y4 DES Division A,DPS-2026-GSEB-HIN-UNI_UG_UX_Y4-DES-A,DRONA_TRUST_GSEB_DPS_2026_2027_HIN_UNI_UG_UX_Y4_DES,GSEB,DPS,HIN,UNI_UG_UX_Y4,DES,A,2026-2027,1,Student cohort for B.Des UI/UX & Interaction Design - Y4 DES Division A in 2026-2027.
DPS-2026-GSEB-HIN-UNI_UG_UX_Y4-DES-B,DPS 2026-2027 Hindi Medium B.Des UI/UX & Interaction Design - Y4 DES Division B,DPS-2026-GSEB-HIN-UNI_UG_UX_Y4-DES-B,DRONA_TRUST_GSEB_DPS_2026_2027_HIN_UNI_UG_UX_Y4_DES,GSEB,DPS,HIN,UNI_UG_UX_Y4,DES,B,2026-2027,1,Student cohort for B.Des UI/UX & Interaction Design - Y4 DES Division B in 2026-2027.
DPS-2026-GSEB-HIN-UNI_UG_UX_Y4-DES-C,DPS 2026-2027 Hindi Medium B.Des UI/UX & Interaction Design - Y4 DES Division C,DPS-2026-GSEB-HIN-UNI_UG_UX_Y4-DES-C,DRONA_TRUST_GSEB_DPS_2026_2027_HIN_UNI_UG_UX_Y4_DES,GSEB,DPS,HIN,UNI_UG_UX_Y4,DES,C,2026-2027,1,Student cohort for B.Des UI/UX & Interaction Design - Y4 DES Division C in 2026-2027.
DPS-2026-GSEB-HIN-UNI_UG_UX_Y4-DES-D,DPS 2026-2027 Hindi Medium B.Des UI/UX & Interaction Design - Y4 DES Division D,DPS-2026-GSEB-HIN-UNI_UG_UX_Y4-DES-D,DRONA_TRUST_GSEB_DPS_2026_2027_HIN_UNI_UG_UX_Y4_DES,GSEB,DPS,HIN,UNI_UG_UX_Y4,DES,D,2026-2027,1,Student cohort for B.Des UI/UX & Interaction Design - Y4 DES Division D in 2026-2027.
DPS-2026-GSEB-HIN-UNI_UG_UX_Y4-DES-E,DPS 2026-2027 Hindi Medium B.Des UI/UX & Interaction Design - Y4 DES Division E,DPS-2026-GSEB-HIN-UNI_UG_UX_Y4-DES-E,DRONA_TRUST_GSEB_DPS_2026_2027_HIN_UNI_UG_UX_Y4_DES,GSEB,DPS,HIN,UNI_UG_UX_Y4,DES,E,2026-2027,1,Student cohort for B.Des UI/UX & Interaction Design - Y4 DES Division E in 2026-2027.
DPS-2026-GSEB-HIN-UNI_UG_UX_Y4-DES-F,DPS 2026-2027 Hindi Medium B.Des UI/UX & Interaction Design - Y4 DES Division F,DPS-2026-GSEB-HIN-UNI_UG_UX_Y4-DES-F,DRONA_TRUST_GSEB_DPS_2026_2027_HIN_UNI_UG_UX_Y4_DES,GSEB,DPS,HIN,UNI_UG_UX_Y4,DES,F,2026-2027,1,Student cohort for B.Des UI/UX & Interaction Design - Y4 DES Division F in 2026-2027.
DPS-2026-GSEB-HIN-UNI_UG_LAW_Y1-LAW-A,DPS 2026-2027 Hindi Medium BA LL.B (Integrated Law) - Year 1 LAW Division A,DPS-2026-GSEB-HIN-UNI_UG_LAW_Y1-LAW-A,DRONA_TRUST_GSEB_DPS_2026_2027_HIN_UNI_UG_LAW_Y1_LAW,GSEB,DPS,HIN,UNI_UG_LAW_Y1,LAW,A,2026-2027,1,Student cohort for BA LL.B (Integrated Law) - Year 1 LAW Division A in 2026-2027.
DPS-2026-GSEB-HIN-UNI_UG_LAW_Y1-LAW-B,DPS 2026-2027 Hindi Medium BA LL.B (Integrated Law) - Year 1 LAW Division B,DPS-2026-GSEB-HIN-UNI_UG_LAW_Y1-LAW-B,DRONA_TRUST_GSEB_DPS_2026_2027_HIN_UNI_UG_LAW_Y1_LAW,GSEB,DPS,HIN,UNI_UG_LAW_Y1,LAW,B,2026-2027,1,Student cohort for BA LL.B (Integrated Law) - Year 1 LAW Division B in 2026-2027.
DPS-2026-GSEB-HIN-UNI_UG_LAW_Y1-LAW-C,DPS 2026-2027 Hindi Medium BA LL.B (Integrated Law) - Year 1 LAW Division C,DPS-2026-GSEB-HIN-UNI_UG_LAW_Y1-LAW-C,DRONA_TRUST_GSEB_DPS_2026_2027_HIN_UNI_UG_LAW_Y1_LAW,GSEB,DPS,HIN,UNI_UG_LAW_Y1,LAW,C,2026-2027,1,Student cohort for BA LL.B (Integrated Law) - Year 1 LAW Division C in 2026-2027.
DPS-2026-GSEB-HIN-UNI_UG_LAW_Y1-LAW-D,DPS 2026-2027 Hindi Medium BA LL.B (Integrated Law) - Year 1 LAW Division D,DPS-2026-GSEB-HIN-UNI_UG_LAW_Y1-LAW-D,DRONA_TRUST_GSEB_DPS_2026_2027_HIN_UNI_UG_LAW_Y1_LAW,GSEB,DPS,HIN,UNI_UG_LAW_Y1,LAW,D,2026-2027,1,Student cohort for BA LL.B (Integrated Law) - Year 1 LAW Division D in 2026-2027.
DPS-2026-GSEB-HIN-UNI_UG_LAW_Y1-LAW-E,DPS 2026-2027 Hindi Medium BA LL.B (Integrated Law) - Year 1 LAW Division E,DPS-2026-GSEB-HIN-UNI_UG_LAW_Y1-LAW-E,DRONA_TRUST_GSEB_DPS_2026_2027_HIN_UNI_UG_LAW_Y1_LAW,GSEB,DPS,HIN,UNI_UG_LAW_Y1,LAW,E,2026-2027,1,Student cohort for BA LL.B (Integrated Law) - Year 1 LAW Division E in 2026-2027.
DPS-2026-GSEB-HIN-UNI_UG_LAW_Y1-LAW-F,DPS 2026-2027 Hindi Medium BA LL.B (Integrated Law) - Year 1 LAW Division F,DPS-2026-GSEB-HIN-UNI_UG_LAW_Y1-LAW-F,DRONA_TRUST_GSEB_DPS_2026_2027_HIN_UNI_UG_LAW_Y1_LAW,GSEB,DPS,HIN,UNI_UG_LAW_Y1,LAW,F,2026-2027,1,Student cohort for BA LL.B (Integrated Law) - Year 1 LAW Division F in 2026-2027.
DPS-2026-GSEB-HIN-UNI_UG_LAW_Y5-LAW-A,DPS 2026-2027 Hindi Medium BA LL.B (Integrated Law) - Year 5 LAW Division A,DPS-2026-GSEB-HIN-UNI_UG_LAW_Y5-LAW-A,DRONA_TRUST_GSEB_DPS_2026_2027_HIN_UNI_UG_LAW_Y5_LAW,GSEB,DPS,HIN,UNI_UG_LAW_Y5,LAW,A,2026-2027,1,Student cohort for BA LL.B (Integrated Law) - Year 5 LAW Division A in 2026-2027.
DPS-2026-GSEB-HIN-UNI_UG_LAW_Y5-LAW-B,DPS 2026-2027 Hindi Medium BA LL.B (Integrated Law) - Year 5 LAW Division B,DPS-2026-GSEB-HIN-UNI_UG_LAW_Y5-LAW-B,DRONA_TRUST_GSEB_DPS_2026_2027_HIN_UNI_UG_LAW_Y5_LAW,GSEB,DPS,HIN,UNI_UG_LAW_Y5,LAW,B,2026-2027,1,Student cohort for BA LL.B (Integrated Law) - Year 5 LAW Division B in 2026-2027.
DPS-2026-GSEB-HIN-UNI_UG_LAW_Y5-LAW-C,DPS 2026-2027 Hindi Medium BA LL.B (Integrated Law) - Year 5 LAW Division C,DPS-2026-GSEB-HIN-UNI_UG_LAW_Y5-LAW-C,DRONA_TRUST_GSEB_DPS_2026_2027_HIN_UNI_UG_LAW_Y5_LAW,GSEB,DPS,HIN,UNI_UG_LAW_Y5,LAW,C,2026-2027,1,Student cohort for BA LL.B (Integrated Law) - Year 5 LAW Division C in 2026-2027.
DPS-2026-GSEB-HIN-UNI_UG_LAW_Y5-LAW-D,DPS 2026-2027 Hindi Medium BA LL.B (Integrated Law) - Year 5 LAW Division D,DPS-2026-GSEB-HIN-UNI_UG_LAW_Y5-LAW-D,DRONA_TRUST_GSEB_DPS_2026_2027_HIN_UNI_UG_LAW_Y5_LAW,GSEB,DPS,HIN,UNI_UG_LAW_Y5,LAW,D,2026-2027,1,Student cohort for BA LL.B (Integrated Law) - Year 5 LAW Division D in 2026-2027.
DPS-2026-GSEB-HIN-UNI_UG_LAW_Y5-LAW-E,DPS 2026-2027 Hindi Medium BA LL.B (Integrated Law) - Year 5 LAW Division E,DPS-2026-GSEB-HIN-UNI_UG_LAW_Y5-LAW-E,DRONA_TRUST_GSEB_DPS_2026_2027_HIN_UNI_UG_LAW_Y5_LAW,GSEB,DPS,HIN,UNI_UG_LAW_Y5,LAW,E,2026-2027,1,Student cohort for BA LL.B (Integrated Law) - Year 5 LAW Division E in 2026-2027.
DPS-2026-GSEB-HIN-UNI_UG_LAW_Y5-LAW-F,DPS 2026-2027 Hindi Medium BA LL.B (Integrated Law) - Year 5 LAW Division F,DPS-2026-GSEB-HIN-UNI_UG_LAW_Y5-LAW-F,DRONA_TRUST_GSEB_DPS_2026_2027_HIN_UNI_UG_LAW_Y5_LAW,GSEB,DPS,HIN,UNI_UG_LAW_Y5,LAW,F,2026-2027,1,Student cohort for BA LL.B (Integrated Law) - Year 5 LAW Division F in 2026-2027.
DPS-2026-GSEB-HIN-UNI_UG_MED_Y1-MED-A,DPS 2026-2027 Hindi Medium MBBS (Medical) - Year 1 MED Division A,DPS-2026-GSEB-HIN-UNI_UG_MED_Y1-MED-A,DRONA_TRUST_GSEB_DPS_2026_2027_HIN_UNI_UG_MED_Y1_MED,GSEB,DPS,HIN,UNI_UG_MED_Y1,MED,A,2026-2027,1,Student cohort for MBBS (Medical) - Year 1 MED Division A in 2026-2027.
DPS-2026-GSEB-HIN-UNI_UG_MED_Y1-MED-B,DPS 2026-2027 Hindi Medium MBBS (Medical) - Year 1 MED Division B,DPS-2026-GSEB-HIN-UNI_UG_MED_Y1-MED-B,DRONA_TRUST_GSEB_DPS_2026_2027_HIN_UNI_UG_MED_Y1_MED,GSEB,DPS,HIN,UNI_UG_MED_Y1,MED,B,2026-2027,1,Student cohort for MBBS (Medical) - Year 1 MED Division B in 2026-2027.
DPS-2026-GSEB-HIN-UNI_UG_MED_Y1-MED-C,DPS 2026-2027 Hindi Medium MBBS (Medical) - Year 1 MED Division C,DPS-2026-GSEB-HIN-UNI_UG_MED_Y1-MED-C,DRONA_TRUST_GSEB_DPS_2026_2027_HIN_UNI_UG_MED_Y1_MED,GSEB,DPS,HIN,UNI_UG_MED_Y1,MED,C,2026-2027,1,Student cohort for MBBS (Medical) - Year 1 MED Division C in 2026-2027.
DPS-2026-GSEB-HIN-UNI_UG_MED_Y1-MED-D,DPS 2026-2027 Hindi Medium MBBS (Medical) - Year 1 MED Division D,DPS-2026-GSEB-HIN-UNI_UG_MED_Y1-MED-D,DRONA_TRUST_GSEB_DPS_2026_2027_HIN_UNI_UG_MED_Y1_MED,GSEB,DPS,HIN,UNI_UG_MED_Y1,MED,D,2026-2027,1,Student cohort for MBBS (Medical) - Year 1 MED Division D in 2026-2027.
DPS-2026-GSEB-HIN-UNI_UG_MED_Y1-MED-E,DPS 2026-2027 Hindi Medium MBBS (Medical) - Year 1 MED Division E,DPS-2026-GSEB-HIN-UNI_UG_MED_Y1-MED-E,DRONA_TRUST_GSEB_DPS_2026_2027_HIN_UNI_UG_MED_Y1_MED,GSEB,DPS,HIN,UNI_UG_MED_Y1,MED,E,2026-2027,1,Student cohort for MBBS (Medical) - Year 1 MED Division E in 2026-2027.
DPS-2026-GSEB-HIN-UNI_UG_MED_Y1-MED-F,DPS 2026-2027 Hindi Medium MBBS (Medical) - Year 1 MED Division F,DPS-2026-GSEB-HIN-UNI_UG_MED_Y1-MED-F,DRONA_TRUST_GSEB_DPS_2026_2027_HIN_UNI_UG_MED_Y1_MED,GSEB,DPS,HIN,UNI_UG_MED_Y1,MED,F,2026-2027,1,Student cohort for MBBS (Medical) - Year 1 MED Division F in 2026-2027.
DPS-2026-GSEB-HIN-UNI_UG_MED_Y2-MED-A,DPS 2026-2027 Hindi Medium MBBS (Medical) - Year 2 MED Division A,DPS-2026-GSEB-HIN-UNI_UG_MED_Y2-MED-A,DRONA_TRUST_GSEB_DPS_2026_2027_HIN_UNI_UG_MED_Y2_MED,GSEB,DPS,HIN,UNI_UG_MED_Y2,MED,A,2026-2027,1,Student cohort for MBBS (Medical) - Year 2 MED Division A in 2026-2027.
DPS-2026-GSEB-HIN-UNI_UG_MED_Y2-MED-B,DPS 2026-2027 Hindi Medium MBBS (Medical) - Year 2 MED Division B,DPS-2026-GSEB-HIN-UNI_UG_MED_Y2-MED-B,DRONA_TRUST_GSEB_DPS_2026_2027_HIN_UNI_UG_MED_Y2_MED,GSEB,DPS,HIN,UNI_UG_MED_Y2,MED,B,2026-2027,1,Student cohort for MBBS (Medical) - Year 2 MED Division B in 2026-2027.
DPS-2026-GSEB-HIN-UNI_UG_MED_Y2-MED-C,DPS 2026-2027 Hindi Medium MBBS (Medical) - Year 2 MED Division C,DPS-2026-GSEB-HIN-UNI_UG_MED_Y2-MED-C,DRONA_TRUST_GSEB_DPS_2026_2027_HIN_UNI_UG_MED_Y2_MED,GSEB,DPS,HIN,UNI_UG_MED_Y2,MED,C,2026-2027,1,Student cohort for MBBS (Medical) - Year 2 MED Division C in 2026-2027.
DPS-2026-GSEB-HIN-UNI_UG_MED_Y2-MED-D,DPS 2026-2027 Hindi Medium MBBS (Medical) - Year 2 MED Division D,DPS-2026-GSEB-HIN-UNI_UG_MED_Y2-MED-D,DRONA_TRUST_GSEB_DPS_2026_2027_HIN_UNI_UG_MED_Y2_MED,GSEB,DPS,HIN,UNI_UG_MED_Y2,MED,D,2026-2027,1,Student cohort for MBBS (Medical) - Year 2 MED Division D in 2026-2027.
DPS-2026-GSEB-HIN-UNI_UG_MED_Y2-MED-E,DPS 2026-2027 Hindi Medium MBBS (Medical) - Year 2 MED Division E,DPS-2026-GSEB-HIN-UNI_UG_MED_Y2-MED-E,DRONA_TRUST_GSEB_DPS_2026_2027_HIN_UNI_UG_MED_Y2_MED,GSEB,DPS,HIN,UNI_UG_MED_Y2,MED,E,2026-2027,1,Student cohort for MBBS (Medical) - Year 2 MED Division E in 2026-2027.
DPS-2026-GSEB-HIN-UNI_UG_MED_Y2-MED-F,DPS 2026-2027 Hindi Medium MBBS (Medical) - Year 2 MED Division F,DPS-2026-GSEB-HIN-UNI_UG_MED_Y2-MED-F,DRONA_TRUST_GSEB_DPS_2026_2027_HIN_UNI_UG_MED_Y2_MED,GSEB,DPS,HIN,UNI_UG_MED_Y2,MED,F,2026-2027,1,Student cohort for MBBS (Medical) - Year 2 MED Division F in 2026-2027.
DPS-2026-GSEB-HIN-UNI_UG_MED_Y3-MED-A,DPS 2026-2027 Hindi Medium MBBS (Medical) - Year 3 MED Division A,DPS-2026-GSEB-HIN-UNI_UG_MED_Y3-MED-A,DRONA_TRUST_GSEB_DPS_2026_2027_HIN_UNI_UG_MED_Y3_MED,GSEB,DPS,HIN,UNI_UG_MED_Y3,MED,A,2026-2027,1,Student cohort for MBBS (Medical) - Year 3 MED Division A in 2026-2027.
DPS-2026-GSEB-HIN-UNI_UG_MED_Y3-MED-B,DPS 2026-2027 Hindi Medium MBBS (Medical) - Year 3 MED Division B,DPS-2026-GSEB-HIN-UNI_UG_MED_Y3-MED-B,DRONA_TRUST_GSEB_DPS_2026_2027_HIN_UNI_UG_MED_Y3_MED,GSEB,DPS,HIN,UNI_UG_MED_Y3,MED,B,2026-2027,1,Student cohort for MBBS (Medical) - Year 3 MED Division B in 2026-2027.
DPS-2026-GSEB-HIN-UNI_UG_MED_Y3-MED-C,DPS 2026-2027 Hindi Medium MBBS (Medical) - Year 3 MED Division C,DPS-2026-GSEB-HIN-UNI_UG_MED_Y3-MED-C,DRONA_TRUST_GSEB_DPS_2026_2027_HIN_UNI_UG_MED_Y3_MED,GSEB,DPS,HIN,UNI_UG_MED_Y3,MED,C,2026-2027,1,Student cohort for MBBS (Medical) - Year 3 MED Division C in 2026-2027.
DPS-2026-GSEB-HIN-UNI_UG_MED_Y3-MED-D,DPS 2026-2027 Hindi Medium MBBS (Medical) - Year 3 MED Division D,DPS-2026-GSEB-HIN-UNI_UG_MED_Y3-MED-D,DRONA_TRUST_GSEB_DPS_2026_2027_HIN_UNI_UG_MED_Y3_MED,GSEB,DPS,HIN,UNI_UG_MED_Y3,MED,D,2026-2027,1,Student cohort for MBBS (Medical) - Year 3 MED Division D in 2026-2027.
DPS-2026-GSEB-HIN-UNI_UG_MED_Y3-MED-E,DPS 2026-2027 Hindi Medium MBBS (Medical) - Year 3 MED Division E,DPS-2026-GSEB-HIN-UNI_UG_MED_Y3-MED-E,DRONA_TRUST_GSEB_DPS_2026_2027_HIN_UNI_UG_MED_Y3_MED,GSEB,DPS,HIN,UNI_UG_MED_Y3,MED,E,2026-2027,1,Student cohort for MBBS (Medical) - Year 3 MED Division E in 2026-2027.
DPS-2026-GSEB-HIN-UNI_UG_MED_Y3-MED-F,DPS 2026-2027 Hindi Medium MBBS (Medical) - Year 3 MED Division F,DPS-2026-GSEB-HIN-UNI_UG_MED_Y3-MED-F,DRONA_TRUST_GSEB_DPS_2026_2027_HIN_UNI_UG_MED_Y3_MED,GSEB,DPS,HIN,UNI_UG_MED_Y3,MED,F,2026-2027,1,Student cohort for MBBS (Medical) - Year 3 MED Division F in 2026-2027.
DPS-2026-GSEB-HIN-UNI_UG_MED_Y4-MED-A,DPS 2026-2027 Hindi Medium MBBS (Medical) - Year 4 MED Division A,DPS-2026-GSEB-HIN-UNI_UG_MED_Y4-MED-A,DRONA_TRUST_GSEB_DPS_2026_2027_HIN_UNI_UG_MED_Y4_MED,GSEB,DPS,HIN,UNI_UG_MED_Y4,MED,A,2026-2027,1,Student cohort for MBBS (Medical) - Year 4 MED Division A in 2026-2027.
DPS-2026-GSEB-HIN-UNI_UG_MED_Y4-MED-B,DPS 2026-2027 Hindi Medium MBBS (Medical) - Year 4 MED Division B,DPS-2026-GSEB-HIN-UNI_UG_MED_Y4-MED-B,DRONA_TRUST_GSEB_DPS_2026_2027_HIN_UNI_UG_MED_Y4_MED,GSEB,DPS,HIN,UNI_UG_MED_Y4,MED,B,2026-2027,1,Student cohort for MBBS (Medical) - Year 4 MED Division B in 2026-2027.
DPS-2026-GSEB-HIN-UNI_UG_MED_Y4-MED-C,DPS 2026-2027 Hindi Medium MBBS (Medical) - Year 4 MED Division C,DPS-2026-GSEB-HIN-UNI_UG_MED_Y4-MED-C,DRONA_TRUST_GSEB_DPS_2026_2027_HIN_UNI_UG_MED_Y4_MED,GSEB,DPS,HIN,UNI_UG_MED_Y4,MED,C,2026-2027,1,Student cohort for MBBS (Medical) - Year 4 MED Division C in 2026-2027.
DPS-2026-GSEB-HIN-UNI_UG_MED_Y4-MED-D,DPS 2026-2027 Hindi Medium MBBS (Medical) - Year 4 MED Division D,DPS-2026-GSEB-HIN-UNI_UG_MED_Y4-MED-D,DRONA_TRUST_GSEB_DPS_2026_2027_HIN_UNI_UG_MED_Y4_MED,GSEB,DPS,HIN,UNI_UG_MED_Y4,MED,D,2026-2027,1,Student cohort for MBBS (Medical) - Year 4 MED Division D in 2026-2027.
DPS-2026-GSEB-HIN-UNI_UG_MED_Y4-MED-E,DPS 2026-2027 Hindi Medium MBBS (Medical) - Year 4 MED Division E,DPS-2026-GSEB-HIN-UNI_UG_MED_Y4-MED-E,DRONA_TRUST_GSEB_DPS_2026_2027_HIN_UNI_UG_MED_Y4_MED,GSEB,DPS,HIN,UNI_UG_MED_Y4,MED,E,2026-2027,1,Student cohort for MBBS (Medical) - Year 4 MED Division E in 2026-2027.
DPS-2026-GSEB-HIN-UNI_UG_MED_Y4-MED-F,DPS 2026-2027 Hindi Medium MBBS (Medical) - Year 4 MED Division F,DPS-2026-GSEB-HIN-UNI_UG_MED_Y4-MED-F,DRONA_TRUST_GSEB_DPS_2026_2027_HIN_UNI_UG_MED_Y4_MED,GSEB,DPS,HIN,UNI_UG_MED_Y4,MED,F,2026-2027,1,Student cohort for MBBS (Medical) - Year 4 MED Division F in 2026-2027.
DPS-2026-GSEB-HIN-UNI_UG_MED_Y5-MED-A,DPS 2026-2027 Hindi Medium MBBS (Medical) - Year 5 MED Division A,DPS-2026-GSEB-HIN-UNI_UG_MED_Y5-MED-A,DRONA_TRUST_GSEB_DPS_2026_2027_HIN_UNI_UG_MED_Y5_MED,GSEB,DPS,HIN,UNI_UG_MED_Y5,MED,A,2026-2027,1,Student cohort for MBBS (Medical) - Year 5 MED Division A in 2026-2027.
DPS-2026-GSEB-HIN-UNI_UG_MED_Y5-MED-B,DPS 2026-2027 Hindi Medium MBBS (Medical) - Year 5 MED Division B,DPS-2026-GSEB-HIN-UNI_UG_MED_Y5-MED-B,DRONA_TRUST_GSEB_DPS_2026_2027_HIN_UNI_UG_MED_Y5_MED,GSEB,DPS,HIN,UNI_UG_MED_Y5,MED,B,2026-2027,1,Student cohort for MBBS (Medical) - Year 5 MED Division B in 2026-2027.
DPS-2026-GSEB-HIN-UNI_UG_MED_Y5-MED-C,DPS 2026-2027 Hindi Medium MBBS (Medical) - Year 5 MED Division C,DPS-2026-GSEB-HIN-UNI_UG_MED_Y5-MED-C,DRONA_TRUST_GSEB_DPS_2026_2027_HIN_UNI_UG_MED_Y5_MED,GSEB,DPS,HIN,UNI_UG_MED_Y5,MED,C,2026-2027,1,Student cohort for MBBS (Medical) - Year 5 MED Division C in 2026-2027.
DPS-2026-GSEB-HIN-UNI_UG_MED_Y5-MED-D,DPS 2026-2027 Hindi Medium MBBS (Medical) - Year 5 MED Division D,DPS-2026-GSEB-HIN-UNI_UG_MED_Y5-MED-D,DRONA_TRUST_GSEB_DPS_2026_2027_HIN_UNI_UG_MED_Y5_MED,GSEB,DPS,HIN,UNI_UG_MED_Y5,MED,D,2026-2027,1,Student cohort for MBBS (Medical) - Year 5 MED Division D in 2026-2027.
DPS-2026-GSEB-HIN-UNI_UG_MED_Y5-MED-E,DPS 2026-2027 Hindi Medium MBBS (Medical) - Year 5 MED Division E,DPS-2026-GSEB-HIN-UNI_UG_MED_Y5-MED-E,DRONA_TRUST_GSEB_DPS_2026_2027_HIN_UNI_UG_MED_Y5_MED,GSEB,DPS,HIN,UNI_UG_MED_Y5,MED,E,2026-2027,1,Student cohort for MBBS (Medical) - Year 5 MED Division E in 2026-2027.
DPS-2026-GSEB-HIN-UNI_UG_MED_Y5-MED-F,DPS 2026-2027 Hindi Medium MBBS (Medical) - Year 5 MED Division F,DPS-2026-GSEB-HIN-UNI_UG_MED_Y5-MED-F,DRONA_TRUST_GSEB_DPS_2026_2027_HIN_UNI_UG_MED_Y5_MED,GSEB,DPS,HIN,UNI_UG_MED_Y5,MED,F,2026-2027,1,Student cohort for MBBS (Medical) - Year 5 MED Division F in 2026-2027.
DPS-2026-GSEB-HIN-NUR_BSC_Y1-NUR-A,DPS 2026-2027 Hindi Medium B.Sc Nursing - Y1 NUR Division A,DPS-2026-GSEB-HIN-NUR_BSC_Y1-NUR-A,DRONA_TRUST_GSEB_DPS_2026_2027_HIN_NUR_BSC_Y1_NUR,GSEB,DPS,HIN,NUR_BSC_Y1,NUR,A,2026-2027,1,Student cohort for B.Sc Nursing - Y1 NUR Division A in 2026-2027.
DPS-2026-GSEB-HIN-NUR_BSC_Y1-NUR-B,DPS 2026-2027 Hindi Medium B.Sc Nursing - Y1 NUR Division B,DPS-2026-GSEB-HIN-NUR_BSC_Y1-NUR-B,DRONA_TRUST_GSEB_DPS_2026_2027_HIN_NUR_BSC_Y1_NUR,GSEB,DPS,HIN,NUR_BSC_Y1,NUR,B,2026-2027,1,Student cohort for B.Sc Nursing - Y1 NUR Division B in 2026-2027.
DPS-2026-GSEB-HIN-NUR_BSC_Y1-NUR-C,DPS 2026-2027 Hindi Medium B.Sc Nursing - Y1 NUR Division C,DPS-2026-GSEB-HIN-NUR_BSC_Y1-NUR-C,DRONA_TRUST_GSEB_DPS_2026_2027_HIN_NUR_BSC_Y1_NUR,GSEB,DPS,HIN,NUR_BSC_Y1,NUR,C,2026-2027,1,Student cohort for B.Sc Nursing - Y1 NUR Division C in 2026-2027.
DPS-2026-GSEB-HIN-NUR_BSC_Y1-NUR-D,DPS 2026-2027 Hindi Medium B.Sc Nursing - Y1 NUR Division D,DPS-2026-GSEB-HIN-NUR_BSC_Y1-NUR-D,DRONA_TRUST_GSEB_DPS_2026_2027_HIN_NUR_BSC_Y1_NUR,GSEB,DPS,HIN,NUR_BSC_Y1,NUR,D,2026-2027,1,Student cohort for B.Sc Nursing - Y1 NUR Division D in 2026-2027.
DPS-2026-GSEB-HIN-NUR_BSC_Y1-NUR-E,DPS 2026-2027 Hindi Medium B.Sc Nursing - Y1 NUR Division E,DPS-2026-GSEB-HIN-NUR_BSC_Y1-NUR-E,DRONA_TRUST_GSEB_DPS_2026_2027_HIN_NUR_BSC_Y1_NUR,GSEB,DPS,HIN,NUR_BSC_Y1,NUR,E,2026-2027,1,Student cohort for B.Sc Nursing - Y1 NUR Division E in 2026-2027.
DPS-2026-GSEB-HIN-NUR_BSC_Y1-NUR-F,DPS 2026-2027 Hindi Medium B.Sc Nursing - Y1 NUR Division F,DPS-2026-GSEB-HIN-NUR_BSC_Y1-NUR-F,DRONA_TRUST_GSEB_DPS_2026_2027_HIN_NUR_BSC_Y1_NUR,GSEB,DPS,HIN,NUR_BSC_Y1,NUR,F,2026-2027,1,Student cohort for B.Sc Nursing - Y1 NUR Division F in 2026-2027.
DPS-2026-GSEB-HIN-PRO_CA_FND-PRO_FIN-A,DPS 2026-2027 Hindi Medium CA Foundation (Chartered Accountancy) PRO_FIN Division A,DPS-2026-GSEB-HIN-PRO_CA_FND-PRO_FIN-A,DRONA_TRUST_GSEB_DPS_2026_2027_HIN_PRO_CA_FND_PRO_FIN,GSEB,DPS,HIN,PRO_CA_FND,PRO_FIN,A,2026-2027,1,Student cohort for CA Foundation (Chartered Accountancy) PRO_FIN Division A in 2026-2027.
DPS-2026-GSEB-HIN-PRO_CA_FND-PRO_FIN-B,DPS 2026-2027 Hindi Medium CA Foundation (Chartered Accountancy) PRO_FIN Division B,DPS-2026-GSEB-HIN-PRO_CA_FND-PRO_FIN-B,DRONA_TRUST_GSEB_DPS_2026_2027_HIN_PRO_CA_FND_PRO_FIN,GSEB,DPS,HIN,PRO_CA_FND,PRO_FIN,B,2026-2027,1,Student cohort for CA Foundation (Chartered Accountancy) PRO_FIN Division B in 2026-2027.
DPS-2026-GSEB-HIN-PRO_CA_FND-PRO_FIN-C,DPS 2026-2027 Hindi Medium CA Foundation (Chartered Accountancy) PRO_FIN Division C,DPS-2026-GSEB-HIN-PRO_CA_FND-PRO_FIN-C,DRONA_TRUST_GSEB_DPS_2026_2027_HIN_PRO_CA_FND_PRO_FIN,GSEB,DPS,HIN,PRO_CA_FND,PRO_FIN,C,2026-2027,1,Student cohort for CA Foundation (Chartered Accountancy) PRO_FIN Division C in 2026-2027.
DPS-2026-GSEB-HIN-PRO_CA_FND-PRO_FIN-D,DPS 2026-2027 Hindi Medium CA Foundation (Chartered Accountancy) PRO_FIN Division D,DPS-2026-GSEB-HIN-PRO_CA_FND-PRO_FIN-D,DRONA_TRUST_GSEB_DPS_2026_2027_HIN_PRO_CA_FND_PRO_FIN,GSEB,DPS,HIN,PRO_CA_FND,PRO_FIN,D,2026-2027,1,Student cohort for CA Foundation (Chartered Accountancy) PRO_FIN Division D in 2026-2027.
DPS-2026-GSEB-HIN-PRO_CA_FND-PRO_FIN-E,DPS 2026-2027 Hindi Medium CA Foundation (Chartered Accountancy) PRO_FIN Division E,DPS-2026-GSEB-HIN-PRO_CA_FND-PRO_FIN-E,DRONA_TRUST_GSEB_DPS_2026_2027_HIN_PRO_CA_FND_PRO_FIN,GSEB,DPS,HIN,PRO_CA_FND,PRO_FIN,E,2026-2027,1,Student cohort for CA Foundation (Chartered Accountancy) PRO_FIN Division E in 2026-2027.
DPS-2026-GSEB-HIN-PRO_CA_FND-PRO_FIN-F,DPS 2026-2027 Hindi Medium CA Foundation (Chartered Accountancy) PRO_FIN Division F,DPS-2026-GSEB-HIN-PRO_CA_FND-PRO_FIN-F,DRONA_TRUST_GSEB_DPS_2026_2027_HIN_PRO_CA_FND_PRO_FIN,GSEB,DPS,HIN,PRO_CA_FND,PRO_FIN,F,2026-2027,1,Student cohort for CA Foundation (Chartered Accountancy) PRO_FIN Division F in 2026-2027.
DPS-2026-GSEB-HIN-PRO_CA_INT-PRO_FIN-A,DPS 2026-2027 Hindi Medium CA Intermediate PRO_FIN Division A,DPS-2026-GSEB-HIN-PRO_CA_INT-PRO_FIN-A,DRONA_TRUST_GSEB_DPS_2026_2027_HIN_PRO_CA_INT_PRO_FIN,GSEB,DPS,HIN,PRO_CA_INT,PRO_FIN,A,2026-2027,1,Student cohort for CA Intermediate PRO_FIN Division A in 2026-2027.
DPS-2026-GSEB-HIN-PRO_CA_INT-PRO_FIN-B,DPS 2026-2027 Hindi Medium CA Intermediate PRO_FIN Division B,DPS-2026-GSEB-HIN-PRO_CA_INT-PRO_FIN-B,DRONA_TRUST_GSEB_DPS_2026_2027_HIN_PRO_CA_INT_PRO_FIN,GSEB,DPS,HIN,PRO_CA_INT,PRO_FIN,B,2026-2027,1,Student cohort for CA Intermediate PRO_FIN Division B in 2026-2027.
DPS-2026-GSEB-HIN-PRO_CA_INT-PRO_FIN-C,DPS 2026-2027 Hindi Medium CA Intermediate PRO_FIN Division C,DPS-2026-GSEB-HIN-PRO_CA_INT-PRO_FIN-C,DRONA_TRUST_GSEB_DPS_2026_2027_HIN_PRO_CA_INT_PRO_FIN,GSEB,DPS,HIN,PRO_CA_INT,PRO_FIN,C,2026-2027,1,Student cohort for CA Intermediate PRO_FIN Division C in 2026-2027.
DPS-2026-GSEB-HIN-PRO_CA_INT-PRO_FIN-D,DPS 2026-2027 Hindi Medium CA Intermediate PRO_FIN Division D,DPS-2026-GSEB-HIN-PRO_CA_INT-PRO_FIN-D,DRONA_TRUST_GSEB_DPS_2026_2027_HIN_PRO_CA_INT_PRO_FIN,GSEB,DPS,HIN,PRO_CA_INT,PRO_FIN,D,2026-2027,1,Student cohort for CA Intermediate PRO_FIN Division D in 2026-2027.
DPS-2026-GSEB-HIN-PRO_CA_INT-PRO_FIN-E,DPS 2026-2027 Hindi Medium CA Intermediate PRO_FIN Division E,DPS-2026-GSEB-HIN-PRO_CA_INT-PRO_FIN-E,DRONA_TRUST_GSEB_DPS_2026_2027_HIN_PRO_CA_INT_PRO_FIN,GSEB,DPS,HIN,PRO_CA_INT,PRO_FIN,E,2026-2027,1,Student cohort for CA Intermediate PRO_FIN Division E in 2026-2027.
DPS-2026-GSEB-HIN-PRO_CA_INT-PRO_FIN-F,DPS 2026-2027 Hindi Medium CA Intermediate PRO_FIN Division F,DPS-2026-GSEB-HIN-PRO_CA_INT-PRO_FIN-F,DRONA_TRUST_GSEB_DPS_2026_2027_HIN_PRO_CA_INT_PRO_FIN,GSEB,DPS,HIN,PRO_CA_INT,PRO_FIN,F,2026-2027,1,Student cohort for CA Intermediate PRO_FIN Division F in 2026-2027.
DPS-2026-GSEB-HIN-PRO_CA_FIN-PRO_FIN-A,DPS 2026-2027 Hindi Medium CA Final PRO_FIN Division A,DPS-2026-GSEB-HIN-PRO_CA_FIN-PRO_FIN-A,DRONA_TRUST_GSEB_DPS_2026_2027_HIN_PRO_CA_FIN_PRO_FIN,GSEB,DPS,HIN,PRO_CA_FIN,PRO_FIN,A,2026-2027,1,Student cohort for CA Final PRO_FIN Division A in 2026-2027.
DPS-2026-GSEB-HIN-PRO_CA_FIN-PRO_FIN-B,DPS 2026-2027 Hindi Medium CA Final PRO_FIN Division B,DPS-2026-GSEB-HIN-PRO_CA_FIN-PRO_FIN-B,DRONA_TRUST_GSEB_DPS_2026_2027_HIN_PRO_CA_FIN_PRO_FIN,GSEB,DPS,HIN,PRO_CA_FIN,PRO_FIN,B,2026-2027,1,Student cohort for CA Final PRO_FIN Division B in 2026-2027.
DPS-2026-GSEB-HIN-PRO_CA_FIN-PRO_FIN-C,DPS 2026-2027 Hindi Medium CA Final PRO_FIN Division C,DPS-2026-GSEB-HIN-PRO_CA_FIN-PRO_FIN-C,DRONA_TRUST_GSEB_DPS_2026_2027_HIN_PRO_CA_FIN_PRO_FIN,GSEB,DPS,HIN,PRO_CA_FIN,PRO_FIN,C,2026-2027,1,Student cohort for CA Final PRO_FIN Division C in 2026-2027.
DPS-2026-GSEB-HIN-PRO_CA_FIN-PRO_FIN-D,DPS 2026-2027 Hindi Medium CA Final PRO_FIN Division D,DPS-2026-GSEB-HIN-PRO_CA_FIN-PRO_FIN-D,DRONA_TRUST_GSEB_DPS_2026_2027_HIN_PRO_CA_FIN_PRO_FIN,GSEB,DPS,HIN,PRO_CA_FIN,PRO_FIN,D,2026-2027,1,Student cohort for CA Final PRO_FIN Division D in 2026-2027.
DPS-2026-GSEB-HIN-PRO_CA_FIN-PRO_FIN-E,DPS 2026-2027 Hindi Medium CA Final PRO_FIN Division E,DPS-2026-GSEB-HIN-PRO_CA_FIN-PRO_FIN-E,DRONA_TRUST_GSEB_DPS_2026_2027_HIN_PRO_CA_FIN_PRO_FIN,GSEB,DPS,HIN,PRO_CA_FIN,PRO_FIN,E,2026-2027,1,Student cohort for CA Final PRO_FIN Division E in 2026-2027.
DPS-2026-GSEB-HIN-PRO_CA_FIN-PRO_FIN-F,DPS 2026-2027 Hindi Medium CA Final PRO_FIN Division F,DPS-2026-GSEB-HIN-PRO_CA_FIN-PRO_FIN-F,DRONA_TRUST_GSEB_DPS_2026_2027_HIN_PRO_CA_FIN_PRO_FIN,GSEB,DPS,HIN,PRO_CA_FIN,PRO_FIN,F,2026-2027,1,Student cohort for CA Final PRO_FIN Division F in 2026-2027.
DPS-2026-GSEB-HIN-PRO_CS_EXE-LAW-A,DPS 2026-2027 Hindi Medium CS Executive (Company Secretary) LAW Division A,DPS-2026-GSEB-HIN-PRO_CS_EXE-LAW-A,DRONA_TRUST_GSEB_DPS_2026_2027_HIN_PRO_CS_EXE_LAW,GSEB,DPS,HIN,PRO_CS_EXE,LAW,A,2026-2027,1,Student cohort for CS Executive (Company Secretary) LAW Division A in 2026-2027.
DPS-2026-GSEB-HIN-PRO_CS_EXE-LAW-B,DPS 2026-2027 Hindi Medium CS Executive (Company Secretary) LAW Division B,DPS-2026-GSEB-HIN-PRO_CS_EXE-LAW-B,DRONA_TRUST_GSEB_DPS_2026_2027_HIN_PRO_CS_EXE_LAW,GSEB,DPS,HIN,PRO_CS_EXE,LAW,B,2026-2027,1,Student cohort for CS Executive (Company Secretary) LAW Division B in 2026-2027.
DPS-2026-GSEB-HIN-PRO_CS_EXE-LAW-C,DPS 2026-2027 Hindi Medium CS Executive (Company Secretary) LAW Division C,DPS-2026-GSEB-HIN-PRO_CS_EXE-LAW-C,DRONA_TRUST_GSEB_DPS_2026_2027_HIN_PRO_CS_EXE_LAW,GSEB,DPS,HIN,PRO_CS_EXE,LAW,C,2026-2027,1,Student cohort for CS Executive (Company Secretary) LAW Division C in 2026-2027.
DPS-2026-GSEB-HIN-PRO_CS_EXE-LAW-D,DPS 2026-2027 Hindi Medium CS Executive (Company Secretary) LAW Division D,DPS-2026-GSEB-HIN-PRO_CS_EXE-LAW-D,DRONA_TRUST_GSEB_DPS_2026_2027_HIN_PRO_CS_EXE_LAW,GSEB,DPS,HIN,PRO_CS_EXE,LAW,D,2026-2027,1,Student cohort for CS Executive (Company Secretary) LAW Division D in 2026-2027.
DPS-2026-GSEB-HIN-PRO_CS_EXE-LAW-E,DPS 2026-2027 Hindi Medium CS Executive (Company Secretary) LAW Division E,DPS-2026-GSEB-HIN-PRO_CS_EXE-LAW-E,DRONA_TRUST_GSEB_DPS_2026_2027_HIN_PRO_CS_EXE_LAW,GSEB,DPS,HIN,PRO_CS_EXE,LAW,E,2026-2027,1,Student cohort for CS Executive (Company Secretary) LAW Division E in 2026-2027.
DPS-2026-GSEB-HIN-PRO_CS_EXE-LAW-F,DPS 2026-2027 Hindi Medium CS Executive (Company Secretary) LAW Division F,DPS-2026-GSEB-HIN-PRO_CS_EXE-LAW-F,DRONA_TRUST_GSEB_DPS_2026_2027_HIN_PRO_CS_EXE_LAW,GSEB,DPS,HIN,PRO_CS_EXE,LAW,F,2026-2027,1,Student cohort for CS Executive (Company Secretary) LAW Division F in 2026-2027.
DPS-2026-GSEB-HIN-UNI_PG_AI_Y1-AIE-A,DPS 2026-2027 Hindi Medium M.Tech Artificial Intelligence - Y1 AIE Division A,DPS-2026-GSEB-HIN-UNI_PG_AI_Y1-AIE-A,DRONA_TRUST_GSEB_DPS_2026_2027_HIN_UNI_PG_AI_Y1_AIE,GSEB,DPS,HIN,UNI_PG_AI_Y1,AIE,A,2026-2027,1,Student cohort for M.Tech Artificial Intelligence - Y1 AIE Division A in 2026-2027.
DPS-2026-GSEB-HIN-UNI_PG_AI_Y1-AIE-B,DPS 2026-2027 Hindi Medium M.Tech Artificial Intelligence - Y1 AIE Division B,DPS-2026-GSEB-HIN-UNI_PG_AI_Y1-AIE-B,DRONA_TRUST_GSEB_DPS_2026_2027_HIN_UNI_PG_AI_Y1_AIE,GSEB,DPS,HIN,UNI_PG_AI_Y1,AIE,B,2026-2027,1,Student cohort for M.Tech Artificial Intelligence - Y1 AIE Division B in 2026-2027.
DPS-2026-GSEB-HIN-UNI_PG_AI_Y1-AIE-C,DPS 2026-2027 Hindi Medium M.Tech Artificial Intelligence - Y1 AIE Division C,DPS-2026-GSEB-HIN-UNI_PG_AI_Y1-AIE-C,DRONA_TRUST_GSEB_DPS_2026_2027_HIN_UNI_PG_AI_Y1_AIE,GSEB,DPS,HIN,UNI_PG_AI_Y1,AIE,C,2026-2027,1,Student cohort for M.Tech Artificial Intelligence - Y1 AIE Division C in 2026-2027.
DPS-2026-GSEB-HIN-UNI_PG_AI_Y1-AIE-D,DPS 2026-2027 Hindi Medium M.Tech Artificial Intelligence - Y1 AIE Division D,DPS-2026-GSEB-HIN-UNI_PG_AI_Y1-AIE-D,DRONA_TRUST_GSEB_DPS_2026_2027_HIN_UNI_PG_AI_Y1_AIE,GSEB,DPS,HIN,UNI_PG_AI_Y1,AIE,D,2026-2027,1,Student cohort for M.Tech Artificial Intelligence - Y1 AIE Division D in 2026-2027.
DPS-2026-GSEB-HIN-UNI_PG_AI_Y1-AIE-E,DPS 2026-2027 Hindi Medium M.Tech Artificial Intelligence - Y1 AIE Division E,DPS-2026-GSEB-HIN-UNI_PG_AI_Y1-AIE-E,DRONA_TRUST_GSEB_DPS_2026_2027_HIN_UNI_PG_AI_Y1_AIE,GSEB,DPS,HIN,UNI_PG_AI_Y1,AIE,E,2026-2027,1,Student cohort for M.Tech Artificial Intelligence - Y1 AIE Division E in 2026-2027.
DPS-2026-GSEB-HIN-UNI_PG_AI_Y1-AIE-F,DPS 2026-2027 Hindi Medium M.Tech Artificial Intelligence - Y1 AIE Division F,DPS-2026-GSEB-HIN-UNI_PG_AI_Y1-AIE-F,DRONA_TRUST_GSEB_DPS_2026_2027_HIN_UNI_PG_AI_Y1_AIE,GSEB,DPS,HIN,UNI_PG_AI_Y1,AIE,F,2026-2027,1,Student cohort for M.Tech Artificial Intelligence - Y1 AIE Division F in 2026-2027.
DPS-2026-GSEB-HIN-UNI_PG_AI_Y2-AIE-A,DPS 2026-2027 Hindi Medium M.Tech Artificial Intelligence - Y2 AIE Division A,DPS-2026-GSEB-HIN-UNI_PG_AI_Y2-AIE-A,DRONA_TRUST_GSEB_DPS_2026_2027_HIN_UNI_PG_AI_Y2_AIE,GSEB,DPS,HIN,UNI_PG_AI_Y2,AIE,A,2026-2027,1,Student cohort for M.Tech Artificial Intelligence - Y2 AIE Division A in 2026-2027.
DPS-2026-GSEB-HIN-UNI_PG_AI_Y2-AIE-B,DPS 2026-2027 Hindi Medium M.Tech Artificial Intelligence - Y2 AIE Division B,DPS-2026-GSEB-HIN-UNI_PG_AI_Y2-AIE-B,DRONA_TRUST_GSEB_DPS_2026_2027_HIN_UNI_PG_AI_Y2_AIE,GSEB,DPS,HIN,UNI_PG_AI_Y2,AIE,B,2026-2027,1,Student cohort for M.Tech Artificial Intelligence - Y2 AIE Division B in 2026-2027.
DPS-2026-GSEB-HIN-UNI_PG_AI_Y2-AIE-C,DPS 2026-2027 Hindi Medium M.Tech Artificial Intelligence - Y2 AIE Division C,DPS-2026-GSEB-HIN-UNI_PG_AI_Y2-AIE-C,DRONA_TRUST_GSEB_DPS_2026_2027_HIN_UNI_PG_AI_Y2_AIE,GSEB,DPS,HIN,UNI_PG_AI_Y2,AIE,C,2026-2027,1,Student cohort for M.Tech Artificial Intelligence - Y2 AIE Division C in 2026-2027.
DPS-2026-GSEB-HIN-UNI_PG_AI_Y2-AIE-D,DPS 2026-2027 Hindi Medium M.Tech Artificial Intelligence - Y2 AIE Division D,DPS-2026-GSEB-HIN-UNI_PG_AI_Y2-AIE-D,DRONA_TRUST_GSEB_DPS_2026_2027_HIN_UNI_PG_AI_Y2_AIE,GSEB,DPS,HIN,UNI_PG_AI_Y2,AIE,D,2026-2027,1,Student cohort for M.Tech Artificial Intelligence - Y2 AIE Division D in 2026-2027.
DPS-2026-GSEB-HIN-UNI_PG_AI_Y2-AIE-E,DPS 2026-2027 Hindi Medium M.Tech Artificial Intelligence - Y2 AIE Division E,DPS-2026-GSEB-HIN-UNI_PG_AI_Y2-AIE-E,DRONA_TRUST_GSEB_DPS_2026_2027_HIN_UNI_PG_AI_Y2_AIE,GSEB,DPS,HIN,UNI_PG_AI_Y2,AIE,E,2026-2027,1,Student cohort for M.Tech Artificial Intelligence - Y2 AIE Division E in 2026-2027.
DPS-2026-GSEB-HIN-UNI_PG_AI_Y2-AIE-F,DPS 2026-2027 Hindi Medium M.Tech Artificial Intelligence - Y2 AIE Division F,DPS-2026-GSEB-HIN-UNI_PG_AI_Y2-AIE-F,DRONA_TRUST_GSEB_DPS_2026_2027_HIN_UNI_PG_AI_Y2_AIE,GSEB,DPS,HIN,UNI_PG_AI_Y2,AIE,F,2026-2027,1,Student cohort for M.Tech Artificial Intelligence - Y2 AIE Division F in 2026-2027.
DPS-2026-GSEB-HIN-UNI_PG_MBA_Y1-MGT-A,DPS 2026-2027 Hindi Medium MBA Business Analytics & Tech - Y1 MGT Division A,DPS-2026-GSEB-HIN-UNI_PG_MBA_Y1-MGT-A,DRONA_TRUST_GSEB_DPS_2026_2027_HIN_UNI_PG_MBA_Y1_MGT,GSEB,DPS,HIN,UNI_PG_MBA_Y1,MGT,A,2026-2027,1,Student cohort for MBA Business Analytics & Tech - Y1 MGT Division A in 2026-2027.
DPS-2026-GSEB-HIN-UNI_PG_MBA_Y1-MGT-B,DPS 2026-2027 Hindi Medium MBA Business Analytics & Tech - Y1 MGT Division B,DPS-2026-GSEB-HIN-UNI_PG_MBA_Y1-MGT-B,DRONA_TRUST_GSEB_DPS_2026_2027_HIN_UNI_PG_MBA_Y1_MGT,GSEB,DPS,HIN,UNI_PG_MBA_Y1,MGT,B,2026-2027,1,Student cohort for MBA Business Analytics & Tech - Y1 MGT Division B in 2026-2027.
DPS-2026-GSEB-HIN-UNI_PG_MBA_Y1-MGT-C,DPS 2026-2027 Hindi Medium MBA Business Analytics & Tech - Y1 MGT Division C,DPS-2026-GSEB-HIN-UNI_PG_MBA_Y1-MGT-C,DRONA_TRUST_GSEB_DPS_2026_2027_HIN_UNI_PG_MBA_Y1_MGT,GSEB,DPS,HIN,UNI_PG_MBA_Y1,MGT,C,2026-2027,1,Student cohort for MBA Business Analytics & Tech - Y1 MGT Division C in 2026-2027.
DPS-2026-GSEB-HIN-UNI_PG_MBA_Y1-MGT-D,DPS 2026-2027 Hindi Medium MBA Business Analytics & Tech - Y1 MGT Division D,DPS-2026-GSEB-HIN-UNI_PG_MBA_Y1-MGT-D,DRONA_TRUST_GSEB_DPS_2026_2027_HIN_UNI_PG_MBA_Y1_MGT,GSEB,DPS,HIN,UNI_PG_MBA_Y1,MGT,D,2026-2027,1,Student cohort for MBA Business Analytics & Tech - Y1 MGT Division D in 2026-2027.
DPS-2026-GSEB-HIN-UNI_PG_MBA_Y1-MGT-E,DPS 2026-2027 Hindi Medium MBA Business Analytics & Tech - Y1 MGT Division E,DPS-2026-GSEB-HIN-UNI_PG_MBA_Y1-MGT-E,DRONA_TRUST_GSEB_DPS_2026_2027_HIN_UNI_PG_MBA_Y1_MGT,GSEB,DPS,HIN,UNI_PG_MBA_Y1,MGT,E,2026-2027,1,Student cohort for MBA Business Analytics & Tech - Y1 MGT Division E in 2026-2027.
DPS-2026-GSEB-HIN-UNI_PG_MBA_Y1-MGT-F,DPS 2026-2027 Hindi Medium MBA Business Analytics & Tech - Y1 MGT Division F,DPS-2026-GSEB-HIN-UNI_PG_MBA_Y1-MGT-F,DRONA_TRUST_GSEB_DPS_2026_2027_HIN_UNI_PG_MBA_Y1_MGT,GSEB,DPS,HIN,UNI_PG_MBA_Y1,MGT,F,2026-2027,1,Student cohort for MBA Business Analytics & Tech - Y1 MGT Division F in 2026-2027.
DPS-2026-GSEB-HIN-UNI_PG_MBA_Y2-MGT-A,DPS 2026-2027 Hindi Medium MBA Business Analytics & Tech - Y2 MGT Division A,DPS-2026-GSEB-HIN-UNI_PG_MBA_Y2-MGT-A,DRONA_TRUST_GSEB_DPS_2026_2027_HIN_UNI_PG_MBA_Y2_MGT,GSEB,DPS,HIN,UNI_PG_MBA_Y2,MGT,A,2026-2027,1,Student cohort for MBA Business Analytics & Tech - Y2 MGT Division A in 2026-2027.
DPS-2026-GSEB-HIN-UNI_PG_MBA_Y2-MGT-B,DPS 2026-2027 Hindi Medium MBA Business Analytics & Tech - Y2 MGT Division B,DPS-2026-GSEB-HIN-UNI_PG_MBA_Y2-MGT-B,DRONA_TRUST_GSEB_DPS_2026_2027_HIN_UNI_PG_MBA_Y2_MGT,GSEB,DPS,HIN,UNI_PG_MBA_Y2,MGT,B,2026-2027,1,Student cohort for MBA Business Analytics & Tech - Y2 MGT Division B in 2026-2027.
DPS-2026-GSEB-HIN-UNI_PG_MBA_Y2-MGT-C,DPS 2026-2027 Hindi Medium MBA Business Analytics & Tech - Y2 MGT Division C,DPS-2026-GSEB-HIN-UNI_PG_MBA_Y2-MGT-C,DRONA_TRUST_GSEB_DPS_2026_2027_HIN_UNI_PG_MBA_Y2_MGT,GSEB,DPS,HIN,UNI_PG_MBA_Y2,MGT,C,2026-2027,1,Student cohort for MBA Business Analytics & Tech - Y2 MGT Division C in 2026-2027.
DPS-2026-GSEB-HIN-UNI_PG_MBA_Y2-MGT-D,DPS 2026-2027 Hindi Medium MBA Business Analytics & Tech - Y2 MGT Division D,DPS-2026-GSEB-HIN-UNI_PG_MBA_Y2-MGT-D,DRONA_TRUST_GSEB_DPS_2026_2027_HIN_UNI_PG_MBA_Y2_MGT,GSEB,DPS,HIN,UNI_PG_MBA_Y2,MGT,D,2026-2027,1,Student cohort for MBA Business Analytics & Tech - Y2 MGT Division D in 2026-2027.
DPS-2026-GSEB-HIN-UNI_PG_MBA_Y2-MGT-E,DPS 2026-2027 Hindi Medium MBA Business Analytics & Tech - Y2 MGT Division E,DPS-2026-GSEB-HIN-UNI_PG_MBA_Y2-MGT-E,DRONA_TRUST_GSEB_DPS_2026_2027_HIN_UNI_PG_MBA_Y2_MGT,GSEB,DPS,HIN,UNI_PG_MBA_Y2,MGT,E,2026-2027,1,Student cohort for MBA Business Analytics & Tech - Y2 MGT Division E in 2026-2027.
DPS-2026-GSEB-HIN-UNI_PG_MBA_Y2-MGT-F,DPS 2026-2027 Hindi Medium MBA Business Analytics & Tech - Y2 MGT Division F,DPS-2026-GSEB-HIN-UNI_PG_MBA_Y2-MGT-F,DRONA_TRUST_GSEB_DPS_2026_2027_HIN_UNI_PG_MBA_Y2_MGT,GSEB,DPS,HIN,UNI_PG_MBA_Y2,MGT,F,2026-2027,1,Student cohort for MBA Business Analytics & Tech - Y2 MGT Division F in 2026-2027.
DPS-2026-GSEB-HIN-UNI_PG_LAW_Y1-LAW-A,DPS 2026-2027 Hindi Medium LL.M (Corporate & Tech Law) - Y1 LAW Division A,DPS-2026-GSEB-HIN-UNI_PG_LAW_Y1-LAW-A,DRONA_TRUST_GSEB_DPS_2026_2027_HIN_UNI_PG_LAW_Y1_LAW,GSEB,DPS,HIN,UNI_PG_LAW_Y1,LAW,A,2026-2027,1,Student cohort for LL.M (Corporate & Tech Law) - Y1 LAW Division A in 2026-2027.
DPS-2026-GSEB-HIN-UNI_PG_LAW_Y1-LAW-B,DPS 2026-2027 Hindi Medium LL.M (Corporate & Tech Law) - Y1 LAW Division B,DPS-2026-GSEB-HIN-UNI_PG_LAW_Y1-LAW-B,DRONA_TRUST_GSEB_DPS_2026_2027_HIN_UNI_PG_LAW_Y1_LAW,GSEB,DPS,HIN,UNI_PG_LAW_Y1,LAW,B,2026-2027,1,Student cohort for LL.M (Corporate & Tech Law) - Y1 LAW Division B in 2026-2027.
DPS-2026-GSEB-HIN-UNI_PG_LAW_Y1-LAW-C,DPS 2026-2027 Hindi Medium LL.M (Corporate & Tech Law) - Y1 LAW Division C,DPS-2026-GSEB-HIN-UNI_PG_LAW_Y1-LAW-C,DRONA_TRUST_GSEB_DPS_2026_2027_HIN_UNI_PG_LAW_Y1_LAW,GSEB,DPS,HIN,UNI_PG_LAW_Y1,LAW,C,2026-2027,1,Student cohort for LL.M (Corporate & Tech Law) - Y1 LAW Division C in 2026-2027.
DPS-2026-GSEB-HIN-UNI_PG_LAW_Y1-LAW-D,DPS 2026-2027 Hindi Medium LL.M (Corporate & Tech Law) - Y1 LAW Division D,DPS-2026-GSEB-HIN-UNI_PG_LAW_Y1-LAW-D,DRONA_TRUST_GSEB_DPS_2026_2027_HIN_UNI_PG_LAW_Y1_LAW,GSEB,DPS,HIN,UNI_PG_LAW_Y1,LAW,D,2026-2027,1,Student cohort for LL.M (Corporate & Tech Law) - Y1 LAW Division D in 2026-2027.
DPS-2026-GSEB-HIN-UNI_PG_LAW_Y1-LAW-E,DPS 2026-2027 Hindi Medium LL.M (Corporate & Tech Law) - Y1 LAW Division E,DPS-2026-GSEB-HIN-UNI_PG_LAW_Y1-LAW-E,DRONA_TRUST_GSEB_DPS_2026_2027_HIN_UNI_PG_LAW_Y1_LAW,GSEB,DPS,HIN,UNI_PG_LAW_Y1,LAW,E,2026-2027,1,Student cohort for LL.M (Corporate & Tech Law) - Y1 LAW Division E in 2026-2027.
DPS-2026-GSEB-HIN-UNI_PG_LAW_Y1-LAW-F,DPS 2026-2027 Hindi Medium LL.M (Corporate & Tech Law) - Y1 LAW Division F,DPS-2026-GSEB-HIN-UNI_PG_LAW_Y1-LAW-F,DRONA_TRUST_GSEB_DPS_2026_2027_HIN_UNI_PG_LAW_Y1_LAW,GSEB,DPS,HIN,UNI_PG_LAW_Y1,LAW,F,2026-2027,1,Student cohort for LL.M (Corporate & Tech Law) - Y1 LAW Division F in 2026-2027.
DPS-2026-GSEB-HIN-UNI_PG_LAW_Y2-LAW-A,DPS 2026-2027 Hindi Medium LL.M (Corporate & Tech Law) - Y2 LAW Division A,DPS-2026-GSEB-HIN-UNI_PG_LAW_Y2-LAW-A,DRONA_TRUST_GSEB_DPS_2026_2027_HIN_UNI_PG_LAW_Y2_LAW,GSEB,DPS,HIN,UNI_PG_LAW_Y2,LAW,A,2026-2027,1,Student cohort for LL.M (Corporate & Tech Law) - Y2 LAW Division A in 2026-2027.
DPS-2026-GSEB-HIN-UNI_PG_LAW_Y2-LAW-B,DPS 2026-2027 Hindi Medium LL.M (Corporate & Tech Law) - Y2 LAW Division B,DPS-2026-GSEB-HIN-UNI_PG_LAW_Y2-LAW-B,DRONA_TRUST_GSEB_DPS_2026_2027_HIN_UNI_PG_LAW_Y2_LAW,GSEB,DPS,HIN,UNI_PG_LAW_Y2,LAW,B,2026-2027,1,Student cohort for LL.M (Corporate & Tech Law) - Y2 LAW Division B in 2026-2027.
DPS-2026-GSEB-HIN-UNI_PG_LAW_Y2-LAW-C,DPS 2026-2027 Hindi Medium LL.M (Corporate & Tech Law) - Y2 LAW Division C,DPS-2026-GSEB-HIN-UNI_PG_LAW_Y2-LAW-C,DRONA_TRUST_GSEB_DPS_2026_2027_HIN_UNI_PG_LAW_Y2_LAW,GSEB,DPS,HIN,UNI_PG_LAW_Y2,LAW,C,2026-2027,1,Student cohort for LL.M (Corporate & Tech Law) - Y2 LAW Division C in 2026-2027.
DPS-2026-GSEB-HIN-UNI_PG_LAW_Y2-LAW-D,DPS 2026-2027 Hindi Medium LL.M (Corporate & Tech Law) - Y2 LAW Division D,DPS-2026-GSEB-HIN-UNI_PG_LAW_Y2-LAW-D,DRONA_TRUST_GSEB_DPS_2026_2027_HIN_UNI_PG_LAW_Y2_LAW,GSEB,DPS,HIN,UNI_PG_LAW_Y2,LAW,D,2026-2027,1,Student cohort for LL.M (Corporate & Tech Law) - Y2 LAW Division D in 2026-2027.
DPS-2026-GSEB-HIN-UNI_PG_LAW_Y2-LAW-E,DPS 2026-2027 Hindi Medium LL.M (Corporate & Tech Law) - Y2 LAW Division E,DPS-2026-GSEB-HIN-UNI_PG_LAW_Y2-LAW-E,DRONA_TRUST_GSEB_DPS_2026_2027_HIN_UNI_PG_LAW_Y2_LAW,GSEB,DPS,HIN,UNI_PG_LAW_Y2,LAW,E,2026-2027,1,Student cohort for LL.M (Corporate & Tech Law) - Y2 LAW Division E in 2026-2027.
DPS-2026-GSEB-HIN-UNI_PG_LAW_Y2-LAW-F,DPS 2026-2027 Hindi Medium LL.M (Corporate & Tech Law) - Y2 LAW Division F,DPS-2026-GSEB-HIN-UNI_PG_LAW_Y2-LAW-F,DRONA_TRUST_GSEB_DPS_2026_2027_HIN_UNI_PG_LAW_Y2_LAW,GSEB,DPS,HIN,UNI_PG_LAW_Y2,LAW,F,2026-2027,1,Student cohort for LL.M (Corporate & Tech Law) - Y2 LAW Division F in 2026-2027.
DPS-2026-GSEB-HIN-UNI_PHD_AI-RES-A,DPS 2026-2027 Hindi Medium Ph.D. Artificial Intelligence & Ethics RES Division A,DPS-2026-GSEB-HIN-UNI_PHD_AI-RES-A,DRONA_TRUST_GSEB_DPS_2026_2027_HIN_UNI_PHD_AI_RES,GSEB,DPS,HIN,UNI_PHD_AI,RES,A,2026-2027,1,Student cohort for Ph.D. Artificial Intelligence & Ethics RES Division A in 2026-2027.
DPS-2026-GSEB-HIN-UNI_PHD_AI-RES-B,DPS 2026-2027 Hindi Medium Ph.D. Artificial Intelligence & Ethics RES Division B,DPS-2026-GSEB-HIN-UNI_PHD_AI-RES-B,DRONA_TRUST_GSEB_DPS_2026_2027_HIN_UNI_PHD_AI_RES,GSEB,DPS,HIN,UNI_PHD_AI,RES,B,2026-2027,1,Student cohort for Ph.D. Artificial Intelligence & Ethics RES Division B in 2026-2027.
DPS-2026-GSEB-HIN-UNI_PHD_AI-RES-C,DPS 2026-2027 Hindi Medium Ph.D. Artificial Intelligence & Ethics RES Division C,DPS-2026-GSEB-HIN-UNI_PHD_AI-RES-C,DRONA_TRUST_GSEB_DPS_2026_2027_HIN_UNI_PHD_AI_RES,GSEB,DPS,HIN,UNI_PHD_AI,RES,C,2026-2027,1,Student cohort for Ph.D. Artificial Intelligence & Ethics RES Division C in 2026-2027.
DPS-2026-GSEB-HIN-UNI_PHD_AI-RES-D,DPS 2026-2027 Hindi Medium Ph.D. Artificial Intelligence & Ethics RES Division D,DPS-2026-GSEB-HIN-UNI_PHD_AI-RES-D,DRONA_TRUST_GSEB_DPS_2026_2027_HIN_UNI_PHD_AI_RES,GSEB,DPS,HIN,UNI_PHD_AI,RES,D,2026-2027,1,Student cohort for Ph.D. Artificial Intelligence & Ethics RES Division D in 2026-2027.
DPS-2026-GSEB-HIN-UNI_PHD_AI-RES-E,DPS 2026-2027 Hindi Medium Ph.D. Artificial Intelligence & Ethics RES Division E,DPS-2026-GSEB-HIN-UNI_PHD_AI-RES-E,DRONA_TRUST_GSEB_DPS_2026_2027_HIN_UNI_PHD_AI_RES,GSEB,DPS,HIN,UNI_PHD_AI,RES,E,2026-2027,1,Student cohort for Ph.D. Artificial Intelligence & Ethics RES Division E in 2026-2027.
DPS-2026-GSEB-HIN-UNI_PHD_AI-RES-F,DPS 2026-2027 Hindi Medium Ph.D. Artificial Intelligence & Ethics RES Division F,DPS-2026-GSEB-HIN-UNI_PHD_AI-RES-F,DRONA_TRUST_GSEB_DPS_2026_2027_HIN_UNI_PHD_AI_RES,GSEB,DPS,HIN,UNI_PHD_AI,RES,F,2026-2027,1,Student cohort for Ph.D. Artificial Intelligence & Ethics RES Division F in 2026-2027.
DPS-2026-GSEB-HIN-UNI_PHD_DS-RES-A,DPS 2026-2027 Hindi Medium Ph.D. Data Science & Big Data RES Division A,DPS-2026-GSEB-HIN-UNI_PHD_DS-RES-A,DRONA_TRUST_GSEB_DPS_2026_2027_HIN_UNI_PHD_DS_RES,GSEB,DPS,HIN,UNI_PHD_DS,RES,A,2026-2027,1,Student cohort for Ph.D. Data Science & Big Data RES Division A in 2026-2027.
DPS-2026-GSEB-HIN-UNI_PHD_DS-RES-B,DPS 2026-2027 Hindi Medium Ph.D. Data Science & Big Data RES Division B,DPS-2026-GSEB-HIN-UNI_PHD_DS-RES-B,DRONA_TRUST_GSEB_DPS_2026_2027_HIN_UNI_PHD_DS_RES,GSEB,DPS,HIN,UNI_PHD_DS,RES,B,2026-2027,1,Student cohort for Ph.D. Data Science & Big Data RES Division B in 2026-2027.
DPS-2026-GSEB-HIN-UNI_PHD_DS-RES-C,DPS 2026-2027 Hindi Medium Ph.D. Data Science & Big Data RES Division C,DPS-2026-GSEB-HIN-UNI_PHD_DS-RES-C,DRONA_TRUST_GSEB_DPS_2026_2027_HIN_UNI_PHD_DS_RES,GSEB,DPS,HIN,UNI_PHD_DS,RES,C,2026-2027,1,Student cohort for Ph.D. Data Science & Big Data RES Division C in 2026-2027.
DPS-2026-GSEB-HIN-UNI_PHD_DS-RES-D,DPS 2026-2027 Hindi Medium Ph.D. Data Science & Big Data RES Division D,DPS-2026-GSEB-HIN-UNI_PHD_DS-RES-D,DRONA_TRUST_GSEB_DPS_2026_2027_HIN_UNI_PHD_DS_RES,GSEB,DPS,HIN,UNI_PHD_DS,RES,D,2026-2027,1,Student cohort for Ph.D. Data Science & Big Data RES Division D in 2026-2027.
DPS-2026-GSEB-HIN-UNI_PHD_DS-RES-E,DPS 2026-2027 Hindi Medium Ph.D. Data Science & Big Data RES Division E,DPS-2026-GSEB-HIN-UNI_PHD_DS-RES-E,DRONA_TRUST_GSEB_DPS_2026_2027_HIN_UNI_PHD_DS_RES,GSEB,DPS,HIN,UNI_PHD_DS,RES,E,2026-2027,1,Student cohort for Ph.D. Data Science & Big Data RES Division E in 2026-2027.
DPS-2026-GSEB-HIN-UNI_PHD_DS-RES-F,DPS 2026-2027 Hindi Medium Ph.D. Data Science & Big Data RES Division F,DPS-2026-GSEB-HIN-UNI_PHD_DS-RES-F,DRONA_TRUST_GSEB_DPS_2026_2027_HIN_UNI_PHD_DS_RES,GSEB,DPS,HIN,UNI_PHD_DS,RES,F,2026-2027,1,Student cohort for Ph.D. Data Science & Big Data RES Division F in 2026-2027.
DPS-2026-GSEB-HIN-UNI_PHD_RE-RES-A,DPS 2026-2027 Hindi Medium Ph.D. Renewable Energy & Smart Grid RES Division A,DPS-2026-GSEB-HIN-UNI_PHD_RE-RES-A,DRONA_TRUST_GSEB_DPS_2026_2027_HIN_UNI_PHD_RE_RES,GSEB,DPS,HIN,UNI_PHD_RE,RES,A,2026-2027,1,Student cohort for Ph.D. Renewable Energy & Smart Grid RES Division A in 2026-2027.
DPS-2026-GSEB-HIN-UNI_PHD_RE-RES-B,DPS 2026-2027 Hindi Medium Ph.D. Renewable Energy & Smart Grid RES Division B,DPS-2026-GSEB-HIN-UNI_PHD_RE-RES-B,DRONA_TRUST_GSEB_DPS_2026_2027_HIN_UNI_PHD_RE_RES,GSEB,DPS,HIN,UNI_PHD_RE,RES,B,2026-2027,1,Student cohort for Ph.D. Renewable Energy & Smart Grid RES Division B in 2026-2027.
DPS-2026-GSEB-HIN-UNI_PHD_RE-RES-C,DPS 2026-2027 Hindi Medium Ph.D. Renewable Energy & Smart Grid RES Division C,DPS-2026-GSEB-HIN-UNI_PHD_RE-RES-C,DRONA_TRUST_GSEB_DPS_2026_2027_HIN_UNI_PHD_RE_RES,GSEB,DPS,HIN,UNI_PHD_RE,RES,C,2026-2027,1,Student cohort for Ph.D. Renewable Energy & Smart Grid RES Division C in 2026-2027.
DPS-2026-GSEB-HIN-UNI_PHD_RE-RES-D,DPS 2026-2027 Hindi Medium Ph.D. Renewable Energy & Smart Grid RES Division D,DPS-2026-GSEB-HIN-UNI_PHD_RE-RES-D,DRONA_TRUST_GSEB_DPS_2026_2027_HIN_UNI_PHD_RE_RES,GSEB,DPS,HIN,UNI_PHD_RE,RES,D,2026-2027,1,Student cohort for Ph.D. Renewable Energy & Smart Grid RES Division D in 2026-2027.
DPS-2026-GSEB-HIN-UNI_PHD_RE-RES-E,DPS 2026-2027 Hindi Medium Ph.D. Renewable Energy & Smart Grid RES Division E,DPS-2026-GSEB-HIN-UNI_PHD_RE-RES-E,DRONA_TRUST_GSEB_DPS_2026_2027_HIN_UNI_PHD_RE_RES,GSEB,DPS,HIN,UNI_PHD_RE,RES,E,2026-2027,1,Student cohort for Ph.D. Renewable Energy & Smart Grid RES Division E in 2026-2027.
DPS-2026-GSEB-HIN-UNI_PHD_RE-RES-F,DPS 2026-2027 Hindi Medium Ph.D. Renewable Energy & Smart Grid RES Division F,DPS-2026-GSEB-HIN-UNI_PHD_RE-RES-F,DRONA_TRUST_GSEB_DPS_2026_2027_HIN_UNI_PHD_RE_RES,GSEB,DPS,HIN,UNI_PHD_RE,RES,F,2026-2027,1,Student cohort for Ph.D. Renewable Energy & Smart Grid RES Division F in 2026-2027.
DPS-2026-GSEB-HIN-UNI_UG_BCA_Y1-CSA-A,DPS 2026-2027 Hindi Medium BCA (Bachelor of Computer Applications) - Y1 CSA Division A,DPS-2026-GSEB-HIN-UNI_UG_BCA_Y1-CSA-A,DRONA_TRUST_GSEB_DPS_2026_2027_HIN_UNI_UG_BCA_Y1_CSA,GSEB,DPS,HIN,UNI_UG_BCA_Y1,CSA,A,2026-2027,1,Student cohort for BCA (Bachelor of Computer Applications) - Y1 CSA Division A in 2026-2027.
DPS-2026-GSEB-HIN-UNI_UG_BCA_Y1-CSA-B,DPS 2026-2027 Hindi Medium BCA (Bachelor of Computer Applications) - Y1 CSA Division B,DPS-2026-GSEB-HIN-UNI_UG_BCA_Y1-CSA-B,DRONA_TRUST_GSEB_DPS_2026_2027_HIN_UNI_UG_BCA_Y1_CSA,GSEB,DPS,HIN,UNI_UG_BCA_Y1,CSA,B,2026-2027,1,Student cohort for BCA (Bachelor of Computer Applications) - Y1 CSA Division B in 2026-2027.
DPS-2026-GSEB-HIN-UNI_UG_BCA_Y1-CSA-C,DPS 2026-2027 Hindi Medium BCA (Bachelor of Computer Applications) - Y1 CSA Division C,DPS-2026-GSEB-HIN-UNI_UG_BCA_Y1-CSA-C,DRONA_TRUST_GSEB_DPS_2026_2027_HIN_UNI_UG_BCA_Y1_CSA,GSEB,DPS,HIN,UNI_UG_BCA_Y1,CSA,C,2026-2027,1,Student cohort for BCA (Bachelor of Computer Applications) - Y1 CSA Division C in 2026-2027.
DPS-2026-GSEB-HIN-UNI_UG_BCA_Y1-CSA-D,DPS 2026-2027 Hindi Medium BCA (Bachelor of Computer Applications) - Y1 CSA Division D,DPS-2026-GSEB-HIN-UNI_UG_BCA_Y1-CSA-D,DRONA_TRUST_GSEB_DPS_2026_2027_HIN_UNI_UG_BCA_Y1_CSA,GSEB,DPS,HIN,UNI_UG_BCA_Y1,CSA,D,2026-2027,1,Student cohort for BCA (Bachelor of Computer Applications) - Y1 CSA Division D in 2026-2027.
DPS-2026-GSEB-HIN-UNI_UG_BCA_Y1-CSA-E,DPS 2026-2027 Hindi Medium BCA (Bachelor of Computer Applications) - Y1 CSA Division E,DPS-2026-GSEB-HIN-UNI_UG_BCA_Y1-CSA-E,DRONA_TRUST_GSEB_DPS_2026_2027_HIN_UNI_UG_BCA_Y1_CSA,GSEB,DPS,HIN,UNI_UG_BCA_Y1,CSA,E,2026-2027,1,Student cohort for BCA (Bachelor of Computer Applications) - Y1 CSA Division E in 2026-2027.
DPS-2026-GSEB-HIN-UNI_UG_BCA_Y1-CSA-F,DPS 2026-2027 Hindi Medium BCA (Bachelor of Computer Applications) - Y1 CSA Division F,DPS-2026-GSEB-HIN-UNI_UG_BCA_Y1-CSA-F,DRONA_TRUST_GSEB_DPS_2026_2027_HIN_UNI_UG_BCA_Y1_CSA,GSEB,DPS,HIN,UNI_UG_BCA_Y1,CSA,F,2026-2027,1,Student cohort for BCA (Bachelor of Computer Applications) - Y1 CSA Division F in 2026-2027.
DPS-2026-GSEB-HIN-UNI_UG_BCA_Y2-CSA-A,DPS 2026-2027 Hindi Medium BCA (Bachelor of Computer Applications) - Y2 CSA Division A,DPS-2026-GSEB-HIN-UNI_UG_BCA_Y2-CSA-A,DRONA_TRUST_GSEB_DPS_2026_2027_HIN_UNI_UG_BCA_Y2_CSA,GSEB,DPS,HIN,UNI_UG_BCA_Y2,CSA,A,2026-2027,1,Student cohort for BCA (Bachelor of Computer Applications) - Y2 CSA Division A in 2026-2027.
DPS-2026-GSEB-HIN-UNI_UG_BCA_Y2-CSA-B,DPS 2026-2027 Hindi Medium BCA (Bachelor of Computer Applications) - Y2 CSA Division B,DPS-2026-GSEB-HIN-UNI_UG_BCA_Y2-CSA-B,DRONA_TRUST_GSEB_DPS_2026_2027_HIN_UNI_UG_BCA_Y2_CSA,GSEB,DPS,HIN,UNI_UG_BCA_Y2,CSA,B,2026-2027,1,Student cohort for BCA (Bachelor of Computer Applications) - Y2 CSA Division B in 2026-2027.
DPS-2026-GSEB-HIN-UNI_UG_BCA_Y2-CSA-C,DPS 2026-2027 Hindi Medium BCA (Bachelor of Computer Applications) - Y2 CSA Division C,DPS-2026-GSEB-HIN-UNI_UG_BCA_Y2-CSA-C,DRONA_TRUST_GSEB_DPS_2026_2027_HIN_UNI_UG_BCA_Y2_CSA,GSEB,DPS,HIN,UNI_UG_BCA_Y2,CSA,C,2026-2027,1,Student cohort for BCA (Bachelor of Computer Applications) - Y2 CSA Division C in 2026-2027.
DPS-2026-GSEB-HIN-UNI_UG_BCA_Y2-CSA-D,DPS 2026-2027 Hindi Medium BCA (Bachelor of Computer Applications) - Y2 CSA Division D,DPS-2026-GSEB-HIN-UNI_UG_BCA_Y2-CSA-D,DRONA_TRUST_GSEB_DPS_2026_2027_HIN_UNI_UG_BCA_Y2_CSA,GSEB,DPS,HIN,UNI_UG_BCA_Y2,CSA,D,2026-2027,1,Student cohort for BCA (Bachelor of Computer Applications) - Y2 CSA Division D in 2026-2027.
DPS-2026-GSEB-HIN-UNI_UG_BCA_Y2-CSA-E,DPS 2026-2027 Hindi Medium BCA (Bachelor of Computer Applications) - Y2 CSA Division E,DPS-2026-GSEB-HIN-UNI_UG_BCA_Y2-CSA-E,DRONA_TRUST_GSEB_DPS_2026_2027_HIN_UNI_UG_BCA_Y2_CSA,GSEB,DPS,HIN,UNI_UG_BCA_Y2,CSA,E,2026-2027,1,Student cohort for BCA (Bachelor of Computer Applications) - Y2 CSA Division E in 2026-2027.
DPS-2026-GSEB-HIN-UNI_UG_BCA_Y2-CSA-F,DPS 2026-2027 Hindi Medium BCA (Bachelor of Computer Applications) - Y2 CSA Division F,DPS-2026-GSEB-HIN-UNI_UG_BCA_Y2-CSA-F,DRONA_TRUST_GSEB_DPS_2026_2027_HIN_UNI_UG_BCA_Y2_CSA,GSEB,DPS,HIN,UNI_UG_BCA_Y2,CSA,F,2026-2027,1,Student cohort for BCA (Bachelor of Computer Applications) - Y2 CSA Division F in 2026-2027.
DPS-2026-GSEB-HIN-UNI_UG_BCA_Y3-CSA-A,DPS 2026-2027 Hindi Medium BCA (Bachelor of Computer Applications) - Y3 CSA Division A,DPS-2026-GSEB-HIN-UNI_UG_BCA_Y3-CSA-A,DRONA_TRUST_GSEB_DPS_2026_2027_HIN_UNI_UG_BCA_Y3_CSA,GSEB,DPS,HIN,UNI_UG_BCA_Y3,CSA,A,2026-2027,1,Student cohort for BCA (Bachelor of Computer Applications) - Y3 CSA Division A in 2026-2027.
DPS-2026-GSEB-HIN-UNI_UG_BCA_Y3-CSA-B,DPS 2026-2027 Hindi Medium BCA (Bachelor of Computer Applications) - Y3 CSA Division B,DPS-2026-GSEB-HIN-UNI_UG_BCA_Y3-CSA-B,DRONA_TRUST_GSEB_DPS_2026_2027_HIN_UNI_UG_BCA_Y3_CSA,GSEB,DPS,HIN,UNI_UG_BCA_Y3,CSA,B,2026-2027,1,Student cohort for BCA (Bachelor of Computer Applications) - Y3 CSA Division B in 2026-2027.
DPS-2026-GSEB-HIN-UNI_UG_BCA_Y3-CSA-C,DPS 2026-2027 Hindi Medium BCA (Bachelor of Computer Applications) - Y3 CSA Division C,DPS-2026-GSEB-HIN-UNI_UG_BCA_Y3-CSA-C,DRONA_TRUST_GSEB_DPS_2026_2027_HIN_UNI_UG_BCA_Y3_CSA,GSEB,DPS,HIN,UNI_UG_BCA_Y3,CSA,C,2026-2027,1,Student cohort for BCA (Bachelor of Computer Applications) - Y3 CSA Division C in 2026-2027.
DPS-2026-GSEB-HIN-UNI_UG_BCA_Y3-CSA-D,DPS 2026-2027 Hindi Medium BCA (Bachelor of Computer Applications) - Y3 CSA Division D,DPS-2026-GSEB-HIN-UNI_UG_BCA_Y3-CSA-D,DRONA_TRUST_GSEB_DPS_2026_2027_HIN_UNI_UG_BCA_Y3_CSA,GSEB,DPS,HIN,UNI_UG_BCA_Y3,CSA,D,2026-2027,1,Student cohort for BCA (Bachelor of Computer Applications) - Y3 CSA Division D in 2026-2027.
DPS-2026-GSEB-HIN-UNI_UG_BCA_Y3-CSA-E,DPS 2026-2027 Hindi Medium BCA (Bachelor of Computer Applications) - Y3 CSA Division E,DPS-2026-GSEB-HIN-UNI_UG_BCA_Y3-CSA-E,DRONA_TRUST_GSEB_DPS_2026_2027_HIN_UNI_UG_BCA_Y3_CSA,GSEB,DPS,HIN,UNI_UG_BCA_Y3,CSA,E,2026-2027,1,Student cohort for BCA (Bachelor of Computer Applications) - Y3 CSA Division E in 2026-2027.
DPS-2026-GSEB-HIN-UNI_UG_BCA_Y3-CSA-F,DPS 2026-2027 Hindi Medium BCA (Bachelor of Computer Applications) - Y3 CSA Division F,DPS-2026-GSEB-HIN-UNI_UG_BCA_Y3-CSA-F,DRONA_TRUST_GSEB_DPS_2026_2027_HIN_UNI_UG_BCA_Y3_CSA,GSEB,DPS,HIN,UNI_UG_BCA_Y3,CSA,F,2026-2027,1,Student cohort for BCA (Bachelor of Computer Applications) - Y3 CSA Division F in 2026-2027.
DPS-2026-GSEB-HIN-UNI_UG_BBA_Y1-MGT-A,DPS 2026-2027 Hindi Medium BBA (Bachelor of Business Admin) - Y1 MGT Division A,DPS-2026-GSEB-HIN-UNI_UG_BBA_Y1-MGT-A,DRONA_TRUST_GSEB_DPS_2026_2027_HIN_UNI_UG_BBA_Y1_MGT,GSEB,DPS,HIN,UNI_UG_BBA_Y1,MGT,A,2026-2027,1,Student cohort for BBA (Bachelor of Business Admin) - Y1 MGT Division A in 2026-2027.
DPS-2026-GSEB-HIN-UNI_UG_BBA_Y1-MGT-B,DPS 2026-2027 Hindi Medium BBA (Bachelor of Business Admin) - Y1 MGT Division B,DPS-2026-GSEB-HIN-UNI_UG_BBA_Y1-MGT-B,DRONA_TRUST_GSEB_DPS_2026_2027_HIN_UNI_UG_BBA_Y1_MGT,GSEB,DPS,HIN,UNI_UG_BBA_Y1,MGT,B,2026-2027,1,Student cohort for BBA (Bachelor of Business Admin) - Y1 MGT Division B in 2026-2027.
DPS-2026-GSEB-HIN-UNI_UG_BBA_Y1-MGT-C,DPS 2026-2027 Hindi Medium BBA (Bachelor of Business Admin) - Y1 MGT Division C,DPS-2026-GSEB-HIN-UNI_UG_BBA_Y1-MGT-C,DRONA_TRUST_GSEB_DPS_2026_2027_HIN_UNI_UG_BBA_Y1_MGT,GSEB,DPS,HIN,UNI_UG_BBA_Y1,MGT,C,2026-2027,1,Student cohort for BBA (Bachelor of Business Admin) - Y1 MGT Division C in 2026-2027.
DPS-2026-GSEB-HIN-UNI_UG_BBA_Y1-MGT-D,DPS 2026-2027 Hindi Medium BBA (Bachelor of Business Admin) - Y1 MGT Division D,DPS-2026-GSEB-HIN-UNI_UG_BBA_Y1-MGT-D,DRONA_TRUST_GSEB_DPS_2026_2027_HIN_UNI_UG_BBA_Y1_MGT,GSEB,DPS,HIN,UNI_UG_BBA_Y1,MGT,D,2026-2027,1,Student cohort for BBA (Bachelor of Business Admin) - Y1 MGT Division D in 2026-2027.
DPS-2026-GSEB-HIN-UNI_UG_BBA_Y1-MGT-E,DPS 2026-2027 Hindi Medium BBA (Bachelor of Business Admin) - Y1 MGT Division E,DPS-2026-GSEB-HIN-UNI_UG_BBA_Y1-MGT-E,DRONA_TRUST_GSEB_DPS_2026_2027_HIN_UNI_UG_BBA_Y1_MGT,GSEB,DPS,HIN,UNI_UG_BBA_Y1,MGT,E,2026-2027,1,Student cohort for BBA (Bachelor of Business Admin) - Y1 MGT Division E in 2026-2027.
DPS-2026-GSEB-HIN-UNI_UG_BBA_Y1-MGT-F,DPS 2026-2027 Hindi Medium BBA (Bachelor of Business Admin) - Y1 MGT Division F,DPS-2026-GSEB-HIN-UNI_UG_BBA_Y1-MGT-F,DRONA_TRUST_GSEB_DPS_2026_2027_HIN_UNI_UG_BBA_Y1_MGT,GSEB,DPS,HIN,UNI_UG_BBA_Y1,MGT,F,2026-2027,1,Student cohort for BBA (Bachelor of Business Admin) - Y1 MGT Division F in 2026-2027.
DPS-2026-GSEB-HIN-UNI_UG_BBA_Y2-MGT-A,DPS 2026-2027 Hindi Medium BBA (Bachelor of Business Admin) - Y2 MGT Division A,DPS-2026-GSEB-HIN-UNI_UG_BBA_Y2-MGT-A,DRONA_TRUST_GSEB_DPS_2026_2027_HIN_UNI_UG_BBA_Y2_MGT,GSEB,DPS,HIN,UNI_UG_BBA_Y2,MGT,A,2026-2027,1,Student cohort for BBA (Bachelor of Business Admin) - Y2 MGT Division A in 2026-2027.
DPS-2026-GSEB-HIN-UNI_UG_BBA_Y2-MGT-B,DPS 2026-2027 Hindi Medium BBA (Bachelor of Business Admin) - Y2 MGT Division B,DPS-2026-GSEB-HIN-UNI_UG_BBA_Y2-MGT-B,DRONA_TRUST_GSEB_DPS_2026_2027_HIN_UNI_UG_BBA_Y2_MGT,GSEB,DPS,HIN,UNI_UG_BBA_Y2,MGT,B,2026-2027,1,Student cohort for BBA (Bachelor of Business Admin) - Y2 MGT Division B in 2026-2027.
DPS-2026-GSEB-HIN-UNI_UG_BBA_Y2-MGT-C,DPS 2026-2027 Hindi Medium BBA (Bachelor of Business Admin) - Y2 MGT Division C,DPS-2026-GSEB-HIN-UNI_UG_BBA_Y2-MGT-C,DRONA_TRUST_GSEB_DPS_2026_2027_HIN_UNI_UG_BBA_Y2_MGT,GSEB,DPS,HIN,UNI_UG_BBA_Y2,MGT,C,2026-2027,1,Student cohort for BBA (Bachelor of Business Admin) - Y2 MGT Division C in 2026-2027.
DPS-2026-GSEB-HIN-UNI_UG_BBA_Y2-MGT-D,DPS 2026-2027 Hindi Medium BBA (Bachelor of Business Admin) - Y2 MGT Division D,DPS-2026-GSEB-HIN-UNI_UG_BBA_Y2-MGT-D,DRONA_TRUST_GSEB_DPS_2026_2027_HIN_UNI_UG_BBA_Y2_MGT,GSEB,DPS,HIN,UNI_UG_BBA_Y2,MGT,D,2026-2027,1,Student cohort for BBA (Bachelor of Business Admin) - Y2 MGT Division D in 2026-2027.
DPS-2026-GSEB-HIN-UNI_UG_BBA_Y2-MGT-E,DPS 2026-2027 Hindi Medium BBA (Bachelor of Business Admin) - Y2 MGT Division E,DPS-2026-GSEB-HIN-UNI_UG_BBA_Y2-MGT-E,DRONA_TRUST_GSEB_DPS_2026_2027_HIN_UNI_UG_BBA_Y2_MGT,GSEB,DPS,HIN,UNI_UG_BBA_Y2,MGT,E,2026-2027,1,Student cohort for BBA (Bachelor of Business Admin) - Y2 MGT Division E in 2026-2027.
DPS-2026-GSEB-HIN-UNI_UG_BBA_Y2-MGT-F,DPS 2026-2027 Hindi Medium BBA (Bachelor of Business Admin) - Y2 MGT Division F,DPS-2026-GSEB-HIN-UNI_UG_BBA_Y2-MGT-F,DRONA_TRUST_GSEB_DPS_2026_2027_HIN_UNI_UG_BBA_Y2_MGT,GSEB,DPS,HIN,UNI_UG_BBA_Y2,MGT,F,2026-2027,1,Student cohort for BBA (Bachelor of Business Admin) - Y2 MGT Division F in 2026-2027.
DPS-2026-GSEB-HIN-UNI_UG_BBA_Y3-MGT-A,DPS 2026-2027 Hindi Medium BBA (Bachelor of Business Admin) - Y3 MGT Division A,DPS-2026-GSEB-HIN-UNI_UG_BBA_Y3-MGT-A,DRONA_TRUST_GSEB_DPS_2026_2027_HIN_UNI_UG_BBA_Y3_MGT,GSEB,DPS,HIN,UNI_UG_BBA_Y3,MGT,A,2026-2027,1,Student cohort for BBA (Bachelor of Business Admin) - Y3 MGT Division A in 2026-2027.
DPS-2026-GSEB-HIN-UNI_UG_BBA_Y3-MGT-B,DPS 2026-2027 Hindi Medium BBA (Bachelor of Business Admin) - Y3 MGT Division B,DPS-2026-GSEB-HIN-UNI_UG_BBA_Y3-MGT-B,DRONA_TRUST_GSEB_DPS_2026_2027_HIN_UNI_UG_BBA_Y3_MGT,GSEB,DPS,HIN,UNI_UG_BBA_Y3,MGT,B,2026-2027,1,Student cohort for BBA (Bachelor of Business Admin) - Y3 MGT Division B in 2026-2027.
DPS-2026-GSEB-HIN-UNI_UG_BBA_Y3-MGT-C,DPS 2026-2027 Hindi Medium BBA (Bachelor of Business Admin) - Y3 MGT Division C,DPS-2026-GSEB-HIN-UNI_UG_BBA_Y3-MGT-C,DRONA_TRUST_GSEB_DPS_2026_2027_HIN_UNI_UG_BBA_Y3_MGT,GSEB,DPS,HIN,UNI_UG_BBA_Y3,MGT,C,2026-2027,1,Student cohort for BBA (Bachelor of Business Admin) - Y3 MGT Division C in 2026-2027.
DPS-2026-GSEB-HIN-UNI_UG_BBA_Y3-MGT-D,DPS 2026-2027 Hindi Medium BBA (Bachelor of Business Admin) - Y3 MGT Division D,DPS-2026-GSEB-HIN-UNI_UG_BBA_Y3-MGT-D,DRONA_TRUST_GSEB_DPS_2026_2027_HIN_UNI_UG_BBA_Y3_MGT,GSEB,DPS,HIN,UNI_UG_BBA_Y3,MGT,D,2026-2027,1,Student cohort for BBA (Bachelor of Business Admin) - Y3 MGT Division D in 2026-2027.
DPS-2026-GSEB-HIN-UNI_UG_BBA_Y3-MGT-E,DPS 2026-2027 Hindi Medium BBA (Bachelor of Business Admin) - Y3 MGT Division E,DPS-2026-GSEB-HIN-UNI_UG_BBA_Y3-MGT-E,DRONA_TRUST_GSEB_DPS_2026_2027_HIN_UNI_UG_BBA_Y3_MGT,GSEB,DPS,HIN,UNI_UG_BBA_Y3,MGT,E,2026-2027,1,Student cohort for BBA (Bachelor of Business Admin) - Y3 MGT Division E in 2026-2027.
DPS-2026-GSEB-HIN-UNI_UG_BBA_Y3-MGT-F,DPS 2026-2027 Hindi Medium BBA (Bachelor of Business Admin) - Y3 MGT Division F,DPS-2026-GSEB-HIN-UNI_UG_BBA_Y3-MGT-F,DRONA_TRUST_GSEB_DPS_2026_2027_HIN_UNI_UG_BBA_Y3_MGT,GSEB,DPS,HIN,UNI_UG_BBA_Y3,MGT,F,2026-2027,1,Student cohort for BBA (Bachelor of Business Admin) - Y3 MGT Division F in 2026-2027.
DPS-2026-GSEB-HIN-UNI_UG_BARCH_Y1-ARC-A,DPS 2026-2027 Hindi Medium B.Arch (Architecture) - Y1 ARC Division A,DPS-2026-GSEB-HIN-UNI_UG_BARCH_Y1-ARC-A,DRONA_TRUST_GSEB_DPS_2026_2027_HIN_UNI_UG_BARCH_Y1_ARC,GSEB,DPS,HIN,UNI_UG_BARCH_Y1,ARC,A,2026-2027,1,Student cohort for B.Arch (Architecture) - Y1 ARC Division A in 2026-2027.
DPS-2026-GSEB-HIN-UNI_UG_BARCH_Y1-ARC-B,DPS 2026-2027 Hindi Medium B.Arch (Architecture) - Y1 ARC Division B,DPS-2026-GSEB-HIN-UNI_UG_BARCH_Y1-ARC-B,DRONA_TRUST_GSEB_DPS_2026_2027_HIN_UNI_UG_BARCH_Y1_ARC,GSEB,DPS,HIN,UNI_UG_BARCH_Y1,ARC,B,2026-2027,1,Student cohort for B.Arch (Architecture) - Y1 ARC Division B in 2026-2027.
DPS-2026-GSEB-HIN-UNI_UG_BARCH_Y1-ARC-C,DPS 2026-2027 Hindi Medium B.Arch (Architecture) - Y1 ARC Division C,DPS-2026-GSEB-HIN-UNI_UG_BARCH_Y1-ARC-C,DRONA_TRUST_GSEB_DPS_2026_2027_HIN_UNI_UG_BARCH_Y1_ARC,GSEB,DPS,HIN,UNI_UG_BARCH_Y1,ARC,C,2026-2027,1,Student cohort for B.Arch (Architecture) - Y1 ARC Division C in 2026-2027.
DPS-2026-GSEB-HIN-UNI_UG_BARCH_Y1-ARC-D,DPS 2026-2027 Hindi Medium B.Arch (Architecture) - Y1 ARC Division D,DPS-2026-GSEB-HIN-UNI_UG_BARCH_Y1-ARC-D,DRONA_TRUST_GSEB_DPS_2026_2027_HIN_UNI_UG_BARCH_Y1_ARC,GSEB,DPS,HIN,UNI_UG_BARCH_Y1,ARC,D,2026-2027,1,Student cohort for B.Arch (Architecture) - Y1 ARC Division D in 2026-2027.
DPS-2026-GSEB-HIN-UNI_UG_BARCH_Y1-ARC-E,DPS 2026-2027 Hindi Medium B.Arch (Architecture) - Y1 ARC Division E,DPS-2026-GSEB-HIN-UNI_UG_BARCH_Y1-ARC-E,DRONA_TRUST_GSEB_DPS_2026_2027_HIN_UNI_UG_BARCH_Y1_ARC,GSEB,DPS,HIN,UNI_UG_BARCH_Y1,ARC,E,2026-2027,1,Student cohort for B.Arch (Architecture) - Y1 ARC Division E in 2026-2027.
DPS-2026-GSEB-HIN-UNI_UG_BARCH_Y1-ARC-F,DPS 2026-2027 Hindi Medium B.Arch (Architecture) - Y1 ARC Division F,DPS-2026-GSEB-HIN-UNI_UG_BARCH_Y1-ARC-F,DRONA_TRUST_GSEB_DPS_2026_2027_HIN_UNI_UG_BARCH_Y1_ARC,GSEB,DPS,HIN,UNI_UG_BARCH_Y1,ARC,F,2026-2027,1,Student cohort for B.Arch (Architecture) - Y1 ARC Division F in 2026-2027.
DPS-2026-GSEB-HIN-UNI_UG_BARCH_Y5-ARC-A,DPS 2026-2027 Hindi Medium B.Arch (Architecture) - Y5 ARC Division A,DPS-2026-GSEB-HIN-UNI_UG_BARCH_Y5-ARC-A,DRONA_TRUST_GSEB_DPS_2026_2027_HIN_UNI_UG_BARCH_Y5_ARC,GSEB,DPS,HIN,UNI_UG_BARCH_Y5,ARC,A,2026-2027,1,Student cohort for B.Arch (Architecture) - Y5 ARC Division A in 2026-2027.
DPS-2026-GSEB-HIN-UNI_UG_BARCH_Y5-ARC-B,DPS 2026-2027 Hindi Medium B.Arch (Architecture) - Y5 ARC Division B,DPS-2026-GSEB-HIN-UNI_UG_BARCH_Y5-ARC-B,DRONA_TRUST_GSEB_DPS_2026_2027_HIN_UNI_UG_BARCH_Y5_ARC,GSEB,DPS,HIN,UNI_UG_BARCH_Y5,ARC,B,2026-2027,1,Student cohort for B.Arch (Architecture) - Y5 ARC Division B in 2026-2027.
DPS-2026-GSEB-HIN-UNI_UG_BARCH_Y5-ARC-C,DPS 2026-2027 Hindi Medium B.Arch (Architecture) - Y5 ARC Division C,DPS-2026-GSEB-HIN-UNI_UG_BARCH_Y5-ARC-C,DRONA_TRUST_GSEB_DPS_2026_2027_HIN_UNI_UG_BARCH_Y5_ARC,GSEB,DPS,HIN,UNI_UG_BARCH_Y5,ARC,C,2026-2027,1,Student cohort for B.Arch (Architecture) - Y5 ARC Division C in 2026-2027.
DPS-2026-GSEB-HIN-UNI_UG_BARCH_Y5-ARC-D,DPS 2026-2027 Hindi Medium B.Arch (Architecture) - Y5 ARC Division D,DPS-2026-GSEB-HIN-UNI_UG_BARCH_Y5-ARC-D,DRONA_TRUST_GSEB_DPS_2026_2027_HIN_UNI_UG_BARCH_Y5_ARC,GSEB,DPS,HIN,UNI_UG_BARCH_Y5,ARC,D,2026-2027,1,Student cohort for B.Arch (Architecture) - Y5 ARC Division D in 2026-2027.
DPS-2026-GSEB-HIN-UNI_UG_BARCH_Y5-ARC-E,DPS 2026-2027 Hindi Medium B.Arch (Architecture) - Y5 ARC Division E,DPS-2026-GSEB-HIN-UNI_UG_BARCH_Y5-ARC-E,DRONA_TRUST_GSEB_DPS_2026_2027_HIN_UNI_UG_BARCH_Y5_ARC,GSEB,DPS,HIN,UNI_UG_BARCH_Y5,ARC,E,2026-2027,1,Student cohort for B.Arch (Architecture) - Y5 ARC Division E in 2026-2027.
DPS-2026-GSEB-HIN-UNI_UG_BARCH_Y5-ARC-F,DPS 2026-2027 Hindi Medium B.Arch (Architecture) - Y5 ARC Division F,DPS-2026-GSEB-HIN-UNI_UG_BARCH_Y5-ARC-F,DRONA_TRUST_GSEB_DPS_2026_2027_HIN_UNI_UG_BARCH_Y5_ARC,GSEB,DPS,HIN,UNI_UG_BARCH_Y5,ARC,F,2026-2027,1,Student cohort for B.Arch (Architecture) - Y5 ARC Division F in 2026-2027.
DPS-2026-GSEB-HIN-UNI_UG_BPT_Y1-AHS-A,DPS 2026-2027 Hindi Medium BPT (Physiotherapy) - Y1 AHS Division A,DPS-2026-GSEB-HIN-UNI_UG_BPT_Y1-AHS-A,DRONA_TRUST_GSEB_DPS_2026_2027_HIN_UNI_UG_BPT_Y1_AHS,GSEB,DPS,HIN,UNI_UG_BPT_Y1,AHS,A,2026-2027,1,Student cohort for BPT (Physiotherapy) - Y1 AHS Division A in 2026-2027.
DPS-2026-GSEB-HIN-UNI_UG_BPT_Y1-AHS-B,DPS 2026-2027 Hindi Medium BPT (Physiotherapy) - Y1 AHS Division B,DPS-2026-GSEB-HIN-UNI_UG_BPT_Y1-AHS-B,DRONA_TRUST_GSEB_DPS_2026_2027_HIN_UNI_UG_BPT_Y1_AHS,GSEB,DPS,HIN,UNI_UG_BPT_Y1,AHS,B,2026-2027,1,Student cohort for BPT (Physiotherapy) - Y1 AHS Division B in 2026-2027.
DPS-2026-GSEB-HIN-UNI_UG_BPT_Y1-AHS-C,DPS 2026-2027 Hindi Medium BPT (Physiotherapy) - Y1 AHS Division C,DPS-2026-GSEB-HIN-UNI_UG_BPT_Y1-AHS-C,DRONA_TRUST_GSEB_DPS_2026_2027_HIN_UNI_UG_BPT_Y1_AHS,GSEB,DPS,HIN,UNI_UG_BPT_Y1,AHS,C,2026-2027,1,Student cohort for BPT (Physiotherapy) - Y1 AHS Division C in 2026-2027.
DPS-2026-GSEB-HIN-UNI_UG_BPT_Y1-AHS-D,DPS 2026-2027 Hindi Medium BPT (Physiotherapy) - Y1 AHS Division D,DPS-2026-GSEB-HIN-UNI_UG_BPT_Y1-AHS-D,DRONA_TRUST_GSEB_DPS_2026_2027_HIN_UNI_UG_BPT_Y1_AHS,GSEB,DPS,HIN,UNI_UG_BPT_Y1,AHS,D,2026-2027,1,Student cohort for BPT (Physiotherapy) - Y1 AHS Division D in 2026-2027.
DPS-2026-GSEB-HIN-UNI_UG_BPT_Y1-AHS-E,DPS 2026-2027 Hindi Medium BPT (Physiotherapy) - Y1 AHS Division E,DPS-2026-GSEB-HIN-UNI_UG_BPT_Y1-AHS-E,DRONA_TRUST_GSEB_DPS_2026_2027_HIN_UNI_UG_BPT_Y1_AHS,GSEB,DPS,HIN,UNI_UG_BPT_Y1,AHS,E,2026-2027,1,Student cohort for BPT (Physiotherapy) - Y1 AHS Division E in 2026-2027.
DPS-2026-GSEB-HIN-UNI_UG_BPT_Y1-AHS-F,DPS 2026-2027 Hindi Medium BPT (Physiotherapy) - Y1 AHS Division F,DPS-2026-GSEB-HIN-UNI_UG_BPT_Y1-AHS-F,DRONA_TRUST_GSEB_DPS_2026_2027_HIN_UNI_UG_BPT_Y1_AHS,GSEB,DPS,HIN,UNI_UG_BPT_Y1,AHS,F,2026-2027,1,Student cohort for BPT (Physiotherapy) - Y1 AHS Division F in 2026-2027.
DPS-2026-GSEB-HIN-UNI_UG_BPT_Y4-AHS-A,DPS 2026-2027 Hindi Medium BPT (Physiotherapy) - Y4 AHS Division A,DPS-2026-GSEB-HIN-UNI_UG_BPT_Y4-AHS-A,DRONA_TRUST_GSEB_DPS_2026_2027_HIN_UNI_UG_BPT_Y4_AHS,GSEB,DPS,HIN,UNI_UG_BPT_Y4,AHS,A,2026-2027,1,Student cohort for BPT (Physiotherapy) - Y4 AHS Division A in 2026-2027.
DPS-2026-GSEB-HIN-UNI_UG_BPT_Y4-AHS-B,DPS 2026-2027 Hindi Medium BPT (Physiotherapy) - Y4 AHS Division B,DPS-2026-GSEB-HIN-UNI_UG_BPT_Y4-AHS-B,DRONA_TRUST_GSEB_DPS_2026_2027_HIN_UNI_UG_BPT_Y4_AHS,GSEB,DPS,HIN,UNI_UG_BPT_Y4,AHS,B,2026-2027,1,Student cohort for BPT (Physiotherapy) - Y4 AHS Division B in 2026-2027.
DPS-2026-GSEB-HIN-UNI_UG_BPT_Y4-AHS-C,DPS 2026-2027 Hindi Medium BPT (Physiotherapy) - Y4 AHS Division C,DPS-2026-GSEB-HIN-UNI_UG_BPT_Y4-AHS-C,DRONA_TRUST_GSEB_DPS_2026_2027_HIN_UNI_UG_BPT_Y4_AHS,GSEB,DPS,HIN,UNI_UG_BPT_Y4,AHS,C,2026-2027,1,Student cohort for BPT (Physiotherapy) - Y4 AHS Division C in 2026-2027.
DPS-2026-GSEB-HIN-UNI_UG_BPT_Y4-AHS-D,DPS 2026-2027 Hindi Medium BPT (Physiotherapy) - Y4 AHS Division D,DPS-2026-GSEB-HIN-UNI_UG_BPT_Y4-AHS-D,DRONA_TRUST_GSEB_DPS_2026_2027_HIN_UNI_UG_BPT_Y4_AHS,GSEB,DPS,HIN,UNI_UG_BPT_Y4,AHS,D,2026-2027,1,Student cohort for BPT (Physiotherapy) - Y4 AHS Division D in 2026-2027.
DPS-2026-GSEB-HIN-UNI_UG_BPT_Y4-AHS-E,DPS 2026-2027 Hindi Medium BPT (Physiotherapy) - Y4 AHS Division E,DPS-2026-GSEB-HIN-UNI_UG_BPT_Y4-AHS-E,DRONA_TRUST_GSEB_DPS_2026_2027_HIN_UNI_UG_BPT_Y4_AHS,GSEB,DPS,HIN,UNI_UG_BPT_Y4,AHS,E,2026-2027,1,Student cohort for BPT (Physiotherapy) - Y4 AHS Division E in 2026-2027.
DPS-2026-GSEB-HIN-UNI_UG_BPT_Y4-AHS-F,DPS 2026-2027 Hindi Medium BPT (Physiotherapy) - Y4 AHS Division F,DPS-2026-GSEB-HIN-UNI_UG_BPT_Y4-AHS-F,DRONA_TRUST_GSEB_DPS_2026_2027_HIN_UNI_UG_BPT_Y4_AHS,GSEB,DPS,HIN,UNI_UG_BPT_Y4,AHS,F,2026-2027,1,Student cohort for BPT (Physiotherapy) - Y4 AHS Division F in 2026-2027.
DPS-2026-GSEB-HIN-UNI_UG_BSW_Y1-ART-A,DPS 2026-2027 Hindi Medium BSW (Social Work) - Y1 ART Division A,DPS-2026-GSEB-HIN-UNI_UG_BSW_Y1-ART-A,DRONA_TRUST_GSEB_DPS_2026_2027_HIN_UNI_UG_BSW_Y1_ART,GSEB,DPS,HIN,UNI_UG_BSW_Y1,ART,A,2026-2027,1,Student cohort for BSW (Social Work) - Y1 ART Division A in 2026-2027.
DPS-2026-GSEB-HIN-UNI_UG_BSW_Y1-ART-B,DPS 2026-2027 Hindi Medium BSW (Social Work) - Y1 ART Division B,DPS-2026-GSEB-HIN-UNI_UG_BSW_Y1-ART-B,DRONA_TRUST_GSEB_DPS_2026_2027_HIN_UNI_UG_BSW_Y1_ART,GSEB,DPS,HIN,UNI_UG_BSW_Y1,ART,B,2026-2027,1,Student cohort for BSW (Social Work) - Y1 ART Division B in 2026-2027.
DPS-2026-GSEB-HIN-UNI_UG_BSW_Y1-ART-C,DPS 2026-2027 Hindi Medium BSW (Social Work) - Y1 ART Division C,DPS-2026-GSEB-HIN-UNI_UG_BSW_Y1-ART-C,DRONA_TRUST_GSEB_DPS_2026_2027_HIN_UNI_UG_BSW_Y1_ART,GSEB,DPS,HIN,UNI_UG_BSW_Y1,ART,C,2026-2027,1,Student cohort for BSW (Social Work) - Y1 ART Division C in 2026-2027.
DPS-2026-GSEB-HIN-UNI_UG_BSW_Y1-ART-D,DPS 2026-2027 Hindi Medium BSW (Social Work) - Y1 ART Division D,DPS-2026-GSEB-HIN-UNI_UG_BSW_Y1-ART-D,DRONA_TRUST_GSEB_DPS_2026_2027_HIN_UNI_UG_BSW_Y1_ART,GSEB,DPS,HIN,UNI_UG_BSW_Y1,ART,D,2026-2027,1,Student cohort for BSW (Social Work) - Y1 ART Division D in 2026-2027.
DPS-2026-GSEB-HIN-UNI_UG_BSW_Y1-ART-E,DPS 2026-2027 Hindi Medium BSW (Social Work) - Y1 ART Division E,DPS-2026-GSEB-HIN-UNI_UG_BSW_Y1-ART-E,DRONA_TRUST_GSEB_DPS_2026_2027_HIN_UNI_UG_BSW_Y1_ART,GSEB,DPS,HIN,UNI_UG_BSW_Y1,ART,E,2026-2027,1,Student cohort for BSW (Social Work) - Y1 ART Division E in 2026-2027.
DPS-2026-GSEB-HIN-UNI_UG_BSW_Y1-ART-F,DPS 2026-2027 Hindi Medium BSW (Social Work) - Y1 ART Division F,DPS-2026-GSEB-HIN-UNI_UG_BSW_Y1-ART-F,DRONA_TRUST_GSEB_DPS_2026_2027_HIN_UNI_UG_BSW_Y1_ART,GSEB,DPS,HIN,UNI_UG_BSW_Y1,ART,F,2026-2027,1,Student cohort for BSW (Social Work) - Y1 ART Division F in 2026-2027.
DPS-2026-GSEB-HIN-UNI_UG_BFA_Y1-ART-A,DPS 2026-2027 Hindi Medium BFA (Fine Arts) - Y1 ART Division A,DPS-2026-GSEB-HIN-UNI_UG_BFA_Y1-ART-A,DRONA_TRUST_GSEB_DPS_2026_2027_HIN_UNI_UG_BFA_Y1_ART,GSEB,DPS,HIN,UNI_UG_BFA_Y1,ART,A,2026-2027,1,Student cohort for BFA (Fine Arts) - Y1 ART Division A in 2026-2027.
DPS-2026-GSEB-HIN-UNI_UG_BFA_Y1-ART-B,DPS 2026-2027 Hindi Medium BFA (Fine Arts) - Y1 ART Division B,DPS-2026-GSEB-HIN-UNI_UG_BFA_Y1-ART-B,DRONA_TRUST_GSEB_DPS_2026_2027_HIN_UNI_UG_BFA_Y1_ART,GSEB,DPS,HIN,UNI_UG_BFA_Y1,ART,B,2026-2027,1,Student cohort for BFA (Fine Arts) - Y1 ART Division B in 2026-2027.
DPS-2026-GSEB-HIN-UNI_UG_BFA_Y1-ART-C,DPS 2026-2027 Hindi Medium BFA (Fine Arts) - Y1 ART Division C,DPS-2026-GSEB-HIN-UNI_UG_BFA_Y1-ART-C,DRONA_TRUST_GSEB_DPS_2026_2027_HIN_UNI_UG_BFA_Y1_ART,GSEB,DPS,HIN,UNI_UG_BFA_Y1,ART,C,2026-2027,1,Student cohort for BFA (Fine Arts) - Y1 ART Division C in 2026-2027.
DPS-2026-GSEB-HIN-UNI_UG_BFA_Y1-ART-D,DPS 2026-2027 Hindi Medium BFA (Fine Arts) - Y1 ART Division D,DPS-2026-GSEB-HIN-UNI_UG_BFA_Y1-ART-D,DRONA_TRUST_GSEB_DPS_2026_2027_HIN_UNI_UG_BFA_Y1_ART,GSEB,DPS,HIN,UNI_UG_BFA_Y1,ART,D,2026-2027,1,Student cohort for BFA (Fine Arts) - Y1 ART Division D in 2026-2027.
DPS-2026-GSEB-HIN-UNI_UG_BFA_Y1-ART-E,DPS 2026-2027 Hindi Medium BFA (Fine Arts) - Y1 ART Division E,DPS-2026-GSEB-HIN-UNI_UG_BFA_Y1-ART-E,DRONA_TRUST_GSEB_DPS_2026_2027_HIN_UNI_UG_BFA_Y1_ART,GSEB,DPS,HIN,UNI_UG_BFA_Y1,ART,E,2026-2027,1,Student cohort for BFA (Fine Arts) - Y1 ART Division E in 2026-2027.
DPS-2026-GSEB-HIN-UNI_UG_BFA_Y1-ART-F,DPS 2026-2027 Hindi Medium BFA (Fine Arts) - Y1 ART Division F,DPS-2026-GSEB-HIN-UNI_UG_BFA_Y1-ART-F,DRONA_TRUST_GSEB_DPS_2026_2027_HIN_UNI_UG_BFA_Y1_ART,GSEB,DPS,HIN,UNI_UG_BFA_Y1,ART,F,2026-2027,1,Student cohort for BFA (Fine Arts) - Y1 ART Division F in 2026-2027.
DPS-2026-GSEB-HIN-UNI_UG_BHM_Y1-HOS-A,DPS 2026-2027 Hindi Medium BHM (Hotel Management) - Y1 HOS Division A,DPS-2026-GSEB-HIN-UNI_UG_BHM_Y1-HOS-A,DRONA_TRUST_GSEB_DPS_2026_2027_HIN_UNI_UG_BHM_Y1_HOS,GSEB,DPS,HIN,UNI_UG_BHM_Y1,HOS,A,2026-2027,1,Student cohort for BHM (Hotel Management) - Y1 HOS Division A in 2026-2027.
DPS-2026-GSEB-HIN-UNI_UG_BHM_Y1-HOS-B,DPS 2026-2027 Hindi Medium BHM (Hotel Management) - Y1 HOS Division B,DPS-2026-GSEB-HIN-UNI_UG_BHM_Y1-HOS-B,DRONA_TRUST_GSEB_DPS_2026_2027_HIN_UNI_UG_BHM_Y1_HOS,GSEB,DPS,HIN,UNI_UG_BHM_Y1,HOS,B,2026-2027,1,Student cohort for BHM (Hotel Management) - Y1 HOS Division B in 2026-2027.
DPS-2026-GSEB-HIN-UNI_UG_BHM_Y1-HOS-C,DPS 2026-2027 Hindi Medium BHM (Hotel Management) - Y1 HOS Division C,DPS-2026-GSEB-HIN-UNI_UG_BHM_Y1-HOS-C,DRONA_TRUST_GSEB_DPS_2026_2027_HIN_UNI_UG_BHM_Y1_HOS,GSEB,DPS,HIN,UNI_UG_BHM_Y1,HOS,C,2026-2027,1,Student cohort for BHM (Hotel Management) - Y1 HOS Division C in 2026-2027.
DPS-2026-GSEB-HIN-UNI_UG_BHM_Y1-HOS-D,DPS 2026-2027 Hindi Medium BHM (Hotel Management) - Y1 HOS Division D,DPS-2026-GSEB-HIN-UNI_UG_BHM_Y1-HOS-D,DRONA_TRUST_GSEB_DPS_2026_2027_HIN_UNI_UG_BHM_Y1_HOS,GSEB,DPS,HIN,UNI_UG_BHM_Y1,HOS,D,2026-2027,1,Student cohort for BHM (Hotel Management) - Y1 HOS Division D in 2026-2027.
DPS-2026-GSEB-HIN-UNI_UG_BHM_Y1-HOS-E,DPS 2026-2027 Hindi Medium BHM (Hotel Management) - Y1 HOS Division E,DPS-2026-GSEB-HIN-UNI_UG_BHM_Y1-HOS-E,DRONA_TRUST_GSEB_DPS_2026_2027_HIN_UNI_UG_BHM_Y1_HOS,GSEB,DPS,HIN,UNI_UG_BHM_Y1,HOS,E,2026-2027,1,Student cohort for BHM (Hotel Management) - Y1 HOS Division E in 2026-2027.
DPS-2026-GSEB-HIN-UNI_UG_BHM_Y1-HOS-F,DPS 2026-2027 Hindi Medium BHM (Hotel Management) - Y1 HOS Division F,DPS-2026-GSEB-HIN-UNI_UG_BHM_Y1-HOS-F,DRONA_TRUST_GSEB_DPS_2026_2027_HIN_UNI_UG_BHM_Y1_HOS,GSEB,DPS,HIN,UNI_UG_BHM_Y1,HOS,F,2026-2027,1,Student cohort for BHM (Hotel Management) - Y1 HOS Division F in 2026-2027.
DPS-2026-GSEB-HIN-UNI_PG_MCA_Y1-CSA-A,DPS 2026-2027 Hindi Medium MCA (Master of Computer Applications) - Y1 CSA Division A,DPS-2026-GSEB-HIN-UNI_PG_MCA_Y1-CSA-A,DRONA_TRUST_GSEB_DPS_2026_2027_HIN_UNI_PG_MCA_Y1_CSA,GSEB,DPS,HIN,UNI_PG_MCA_Y1,CSA,A,2026-2027,1,Student cohort for MCA (Master of Computer Applications) - Y1 CSA Division A in 2026-2027.
DPS-2026-GSEB-HIN-UNI_PG_MCA_Y1-CSA-B,DPS 2026-2027 Hindi Medium MCA (Master of Computer Applications) - Y1 CSA Division B,DPS-2026-GSEB-HIN-UNI_PG_MCA_Y1-CSA-B,DRONA_TRUST_GSEB_DPS_2026_2027_HIN_UNI_PG_MCA_Y1_CSA,GSEB,DPS,HIN,UNI_PG_MCA_Y1,CSA,B,2026-2027,1,Student cohort for MCA (Master of Computer Applications) - Y1 CSA Division B in 2026-2027.
DPS-2026-GSEB-HIN-UNI_PG_MCA_Y1-CSA-C,DPS 2026-2027 Hindi Medium MCA (Master of Computer Applications) - Y1 CSA Division C,DPS-2026-GSEB-HIN-UNI_PG_MCA_Y1-CSA-C,DRONA_TRUST_GSEB_DPS_2026_2027_HIN_UNI_PG_MCA_Y1_CSA,GSEB,DPS,HIN,UNI_PG_MCA_Y1,CSA,C,2026-2027,1,Student cohort for MCA (Master of Computer Applications) - Y1 CSA Division C in 2026-2027.
DPS-2026-GSEB-HIN-UNI_PG_MCA_Y1-CSA-D,DPS 2026-2027 Hindi Medium MCA (Master of Computer Applications) - Y1 CSA Division D,DPS-2026-GSEB-HIN-UNI_PG_MCA_Y1-CSA-D,DRONA_TRUST_GSEB_DPS_2026_2027_HIN_UNI_PG_MCA_Y1_CSA,GSEB,DPS,HIN,UNI_PG_MCA_Y1,CSA,D,2026-2027,1,Student cohort for MCA (Master of Computer Applications) - Y1 CSA Division D in 2026-2027.
DPS-2026-GSEB-HIN-UNI_PG_MCA_Y1-CSA-E,DPS 2026-2027 Hindi Medium MCA (Master of Computer Applications) - Y1 CSA Division E,DPS-2026-GSEB-HIN-UNI_PG_MCA_Y1-CSA-E,DRONA_TRUST_GSEB_DPS_2026_2027_HIN_UNI_PG_MCA_Y1_CSA,GSEB,DPS,HIN,UNI_PG_MCA_Y1,CSA,E,2026-2027,1,Student cohort for MCA (Master of Computer Applications) - Y1 CSA Division E in 2026-2027.
DPS-2026-GSEB-HIN-UNI_PG_MCA_Y1-CSA-F,DPS 2026-2027 Hindi Medium MCA (Master of Computer Applications) - Y1 CSA Division F,DPS-2026-GSEB-HIN-UNI_PG_MCA_Y1-CSA-F,DRONA_TRUST_GSEB_DPS_2026_2027_HIN_UNI_PG_MCA_Y1_CSA,GSEB,DPS,HIN,UNI_PG_MCA_Y1,CSA,F,2026-2027,1,Student cohort for MCA (Master of Computer Applications) - Y1 CSA Division F in 2026-2027.
DPS-2026-GSEB-HIN-UNI_PG_MCA_Y2-CSA-A,DPS 2026-2027 Hindi Medium MCA (Master of Computer Applications) - Y2 CSA Division A,DPS-2026-GSEB-HIN-UNI_PG_MCA_Y2-CSA-A,DRONA_TRUST_GSEB_DPS_2026_2027_HIN_UNI_PG_MCA_Y2_CSA,GSEB,DPS,HIN,UNI_PG_MCA_Y2,CSA,A,2026-2027,1,Student cohort for MCA (Master of Computer Applications) - Y2 CSA Division A in 2026-2027.
DPS-2026-GSEB-HIN-UNI_PG_MCA_Y2-CSA-B,DPS 2026-2027 Hindi Medium MCA (Master of Computer Applications) - Y2 CSA Division B,DPS-2026-GSEB-HIN-UNI_PG_MCA_Y2-CSA-B,DRONA_TRUST_GSEB_DPS_2026_2027_HIN_UNI_PG_MCA_Y2_CSA,GSEB,DPS,HIN,UNI_PG_MCA_Y2,CSA,B,2026-2027,1,Student cohort for MCA (Master of Computer Applications) - Y2 CSA Division B in 2026-2027.
DPS-2026-GSEB-HIN-UNI_PG_MCA_Y2-CSA-C,DPS 2026-2027 Hindi Medium MCA (Master of Computer Applications) - Y2 CSA Division C,DPS-2026-GSEB-HIN-UNI_PG_MCA_Y2-CSA-C,DRONA_TRUST_GSEB_DPS_2026_2027_HIN_UNI_PG_MCA_Y2_CSA,GSEB,DPS,HIN,UNI_PG_MCA_Y2,CSA,C,2026-2027,1,Student cohort for MCA (Master of Computer Applications) - Y2 CSA Division C in 2026-2027.
DPS-2026-GSEB-HIN-UNI_PG_MCA_Y2-CSA-D,DPS 2026-2027 Hindi Medium MCA (Master of Computer Applications) - Y2 CSA Division D,DPS-2026-GSEB-HIN-UNI_PG_MCA_Y2-CSA-D,DRONA_TRUST_GSEB_DPS_2026_2027_HIN_UNI_PG_MCA_Y2_CSA,GSEB,DPS,HIN,UNI_PG_MCA_Y2,CSA,D,2026-2027,1,Student cohort for MCA (Master of Computer Applications) - Y2 CSA Division D in 2026-2027.
DPS-2026-GSEB-HIN-UNI_PG_MCA_Y2-CSA-E,DPS 2026-2027 Hindi Medium MCA (Master of Computer Applications) - Y2 CSA Division E,DPS-2026-GSEB-HIN-UNI_PG_MCA_Y2-CSA-E,DRONA_TRUST_GSEB_DPS_2026_2027_HIN_UNI_PG_MCA_Y2_CSA,GSEB,DPS,HIN,UNI_PG_MCA_Y2,CSA,E,2026-2027,1,Student cohort for MCA (Master of Computer Applications) - Y2 CSA Division E in 2026-2027.
DPS-2026-GSEB-HIN-UNI_PG_MCA_Y2-CSA-F,DPS 2026-2027 Hindi Medium MCA (Master of Computer Applications) - Y2 CSA Division F,DPS-2026-GSEB-HIN-UNI_PG_MCA_Y2-CSA-F,DRONA_TRUST_GSEB_DPS_2026_2027_HIN_UNI_PG_MCA_Y2_CSA,GSEB,DPS,HIN,UNI_PG_MCA_Y2,CSA,F,2026-2027,1,Student cohort for MCA (Master of Computer Applications) - Y2 CSA Division F in 2026-2027.
DPS-2026-GSEB-HIN-UNI_PG_MARCH_Y1-ARC-A,DPS 2026-2027 Hindi Medium M.Arch (Architecture) - Y1 ARC Division A,DPS-2026-GSEB-HIN-UNI_PG_MARCH_Y1-ARC-A,DRONA_TRUST_GSEB_DPS_2026_2027_HIN_UNI_PG_MARCH_Y1_ARC,GSEB,DPS,HIN,UNI_PG_MARCH_Y1,ARC,A,2026-2027,1,Student cohort for M.Arch (Architecture) - Y1 ARC Division A in 2026-2027.
DPS-2026-GSEB-HIN-UNI_PG_MARCH_Y1-ARC-B,DPS 2026-2027 Hindi Medium M.Arch (Architecture) - Y1 ARC Division B,DPS-2026-GSEB-HIN-UNI_PG_MARCH_Y1-ARC-B,DRONA_TRUST_GSEB_DPS_2026_2027_HIN_UNI_PG_MARCH_Y1_ARC,GSEB,DPS,HIN,UNI_PG_MARCH_Y1,ARC,B,2026-2027,1,Student cohort for M.Arch (Architecture) - Y1 ARC Division B in 2026-2027.
DPS-2026-GSEB-HIN-UNI_PG_MARCH_Y1-ARC-C,DPS 2026-2027 Hindi Medium M.Arch (Architecture) - Y1 ARC Division C,DPS-2026-GSEB-HIN-UNI_PG_MARCH_Y1-ARC-C,DRONA_TRUST_GSEB_DPS_2026_2027_HIN_UNI_PG_MARCH_Y1_ARC,GSEB,DPS,HIN,UNI_PG_MARCH_Y1,ARC,C,2026-2027,1,Student cohort for M.Arch (Architecture) - Y1 ARC Division C in 2026-2027.
DPS-2026-GSEB-HIN-UNI_PG_MARCH_Y1-ARC-D,DPS 2026-2027 Hindi Medium M.Arch (Architecture) - Y1 ARC Division D,DPS-2026-GSEB-HIN-UNI_PG_MARCH_Y1-ARC-D,DRONA_TRUST_GSEB_DPS_2026_2027_HIN_UNI_PG_MARCH_Y1_ARC,GSEB,DPS,HIN,UNI_PG_MARCH_Y1,ARC,D,2026-2027,1,Student cohort for M.Arch (Architecture) - Y1 ARC Division D in 2026-2027.
DPS-2026-GSEB-HIN-UNI_PG_MARCH_Y1-ARC-E,DPS 2026-2027 Hindi Medium M.Arch (Architecture) - Y1 ARC Division E,DPS-2026-GSEB-HIN-UNI_PG_MARCH_Y1-ARC-E,DRONA_TRUST_GSEB_DPS_2026_2027_HIN_UNI_PG_MARCH_Y1_ARC,GSEB,DPS,HIN,UNI_PG_MARCH_Y1,ARC,E,2026-2027,1,Student cohort for M.Arch (Architecture) - Y1 ARC Division E in 2026-2027.
DPS-2026-GSEB-HIN-UNI_PG_MARCH_Y1-ARC-F,DPS 2026-2027 Hindi Medium M.Arch (Architecture) - Y1 ARC Division F,DPS-2026-GSEB-HIN-UNI_PG_MARCH_Y1-ARC-F,DRONA_TRUST_GSEB_DPS_2026_2027_HIN_UNI_PG_MARCH_Y1_ARC,GSEB,DPS,HIN,UNI_PG_MARCH_Y1,ARC,F,2026-2027,1,Student cohort for M.Arch (Architecture) - Y1 ARC Division F in 2026-2027.
DPS-2026-GSEB-HIN-UNI_PG_MPT_Y1-AHS-A,DPS 2026-2027 Hindi Medium MPT (Physiotherapy) - Y1 AHS Division A,DPS-2026-GSEB-HIN-UNI_PG_MPT_Y1-AHS-A,DRONA_TRUST_GSEB_DPS_2026_2027_HIN_UNI_PG_MPT_Y1_AHS,GSEB,DPS,HIN,UNI_PG_MPT_Y1,AHS,A,2026-2027,1,Student cohort for MPT (Physiotherapy) - Y1 AHS Division A in 2026-2027.
DPS-2026-GSEB-HIN-UNI_PG_MPT_Y1-AHS-B,DPS 2026-2027 Hindi Medium MPT (Physiotherapy) - Y1 AHS Division B,DPS-2026-GSEB-HIN-UNI_PG_MPT_Y1-AHS-B,DRONA_TRUST_GSEB_DPS_2026_2027_HIN_UNI_PG_MPT_Y1_AHS,GSEB,DPS,HIN,UNI_PG_MPT_Y1,AHS,B,2026-2027,1,Student cohort for MPT (Physiotherapy) - Y1 AHS Division B in 2026-2027.
DPS-2026-GSEB-HIN-UNI_PG_MPT_Y1-AHS-C,DPS 2026-2027 Hindi Medium MPT (Physiotherapy) - Y1 AHS Division C,DPS-2026-GSEB-HIN-UNI_PG_MPT_Y1-AHS-C,DRONA_TRUST_GSEB_DPS_2026_2027_HIN_UNI_PG_MPT_Y1_AHS,GSEB,DPS,HIN,UNI_PG_MPT_Y1,AHS,C,2026-2027,1,Student cohort for MPT (Physiotherapy) - Y1 AHS Division C in 2026-2027.
DPS-2026-GSEB-HIN-UNI_PG_MPT_Y1-AHS-D,DPS 2026-2027 Hindi Medium MPT (Physiotherapy) - Y1 AHS Division D,DPS-2026-GSEB-HIN-UNI_PG_MPT_Y1-AHS-D,DRONA_TRUST_GSEB_DPS_2026_2027_HIN_UNI_PG_MPT_Y1_AHS,GSEB,DPS,HIN,UNI_PG_MPT_Y1,AHS,D,2026-2027,1,Student cohort for MPT (Physiotherapy) - Y1 AHS Division D in 2026-2027.
DPS-2026-GSEB-HIN-UNI_PG_MPT_Y1-AHS-E,DPS 2026-2027 Hindi Medium MPT (Physiotherapy) - Y1 AHS Division E,DPS-2026-GSEB-HIN-UNI_PG_MPT_Y1-AHS-E,DRONA_TRUST_GSEB_DPS_2026_2027_HIN_UNI_PG_MPT_Y1_AHS,GSEB,DPS,HIN,UNI_PG_MPT_Y1,AHS,E,2026-2027,1,Student cohort for MPT (Physiotherapy) - Y1 AHS Division E in 2026-2027.
DPS-2026-GSEB-HIN-UNI_PG_MPT_Y1-AHS-F,DPS 2026-2027 Hindi Medium MPT (Physiotherapy) - Y1 AHS Division F,DPS-2026-GSEB-HIN-UNI_PG_MPT_Y1-AHS-F,DRONA_TRUST_GSEB_DPS_2026_2027_HIN_UNI_PG_MPT_Y1_AHS,GSEB,DPS,HIN,UNI_PG_MPT_Y1,AHS,F,2026-2027,1,Student cohort for MPT (Physiotherapy) - Y1 AHS Division F in 2026-2027.
DPS-2026-GSEB-HIN-UNI_PG_MSW_Y1-ART-A,DPS 2026-2027 Hindi Medium MSW (Master of Social Work) - Y1 ART Division A,DPS-2026-GSEB-HIN-UNI_PG_MSW_Y1-ART-A,DRONA_TRUST_GSEB_DPS_2026_2027_HIN_UNI_PG_MSW_Y1_ART,GSEB,DPS,HIN,UNI_PG_MSW_Y1,ART,A,2026-2027,1,Student cohort for MSW (Master of Social Work) - Y1 ART Division A in 2026-2027.
DPS-2026-GSEB-HIN-UNI_PG_MSW_Y1-ART-B,DPS 2026-2027 Hindi Medium MSW (Master of Social Work) - Y1 ART Division B,DPS-2026-GSEB-HIN-UNI_PG_MSW_Y1-ART-B,DRONA_TRUST_GSEB_DPS_2026_2027_HIN_UNI_PG_MSW_Y1_ART,GSEB,DPS,HIN,UNI_PG_MSW_Y1,ART,B,2026-2027,1,Student cohort for MSW (Master of Social Work) - Y1 ART Division B in 2026-2027.
DPS-2026-GSEB-HIN-UNI_PG_MSW_Y1-ART-C,DPS 2026-2027 Hindi Medium MSW (Master of Social Work) - Y1 ART Division C,DPS-2026-GSEB-HIN-UNI_PG_MSW_Y1-ART-C,DRONA_TRUST_GSEB_DPS_2026_2027_HIN_UNI_PG_MSW_Y1_ART,GSEB,DPS,HIN,UNI_PG_MSW_Y1,ART,C,2026-2027,1,Student cohort for MSW (Master of Social Work) - Y1 ART Division C in 2026-2027.
DPS-2026-GSEB-HIN-UNI_PG_MSW_Y1-ART-D,DPS 2026-2027 Hindi Medium MSW (Master of Social Work) - Y1 ART Division D,DPS-2026-GSEB-HIN-UNI_PG_MSW_Y1-ART-D,DRONA_TRUST_GSEB_DPS_2026_2027_HIN_UNI_PG_MSW_Y1_ART,GSEB,DPS,HIN,UNI_PG_MSW_Y1,ART,D,2026-2027,1,Student cohort for MSW (Master of Social Work) - Y1 ART Division D in 2026-2027.
DPS-2026-GSEB-HIN-UNI_PG_MSW_Y1-ART-E,DPS 2026-2027 Hindi Medium MSW (Master of Social Work) - Y1 ART Division E,DPS-2026-GSEB-HIN-UNI_PG_MSW_Y1-ART-E,DRONA_TRUST_GSEB_DPS_2026_2027_HIN_UNI_PG_MSW_Y1_ART,GSEB,DPS,HIN,UNI_PG_MSW_Y1,ART,E,2026-2027,1,Student cohort for MSW (Master of Social Work) - Y1 ART Division E in 2026-2027.
DPS-2026-GSEB-HIN-UNI_PG_MSW_Y1-ART-F,DPS 2026-2027 Hindi Medium MSW (Master of Social Work) - Y1 ART Division F,DPS-2026-GSEB-HIN-UNI_PG_MSW_Y1-ART-F,DRONA_TRUST_GSEB_DPS_2026_2027_HIN_UNI_PG_MSW_Y1_ART,GSEB,DPS,HIN,UNI_PG_MSW_Y1,ART,F,2026-2027,1,Student cohort for MSW (Master of Social Work) - Y1 ART Division F in 2026-2027.
DPS-2026-GSEB-HIN-UNI_PG_MFA_Y1-ART-A,DPS 2026-2027 Hindi Medium MFA (Fine Arts) - Y1 ART Division A,DPS-2026-GSEB-HIN-UNI_PG_MFA_Y1-ART-A,DRONA_TRUST_GSEB_DPS_2026_2027_HIN_UNI_PG_MFA_Y1_ART,GSEB,DPS,HIN,UNI_PG_MFA_Y1,ART,A,2026-2027,1,Student cohort for MFA (Fine Arts) - Y1 ART Division A in 2026-2027.
DPS-2026-GSEB-HIN-UNI_PG_MFA_Y1-ART-B,DPS 2026-2027 Hindi Medium MFA (Fine Arts) - Y1 ART Division B,DPS-2026-GSEB-HIN-UNI_PG_MFA_Y1-ART-B,DRONA_TRUST_GSEB_DPS_2026_2027_HIN_UNI_PG_MFA_Y1_ART,GSEB,DPS,HIN,UNI_PG_MFA_Y1,ART,B,2026-2027,1,Student cohort for MFA (Fine Arts) - Y1 ART Division B in 2026-2027.
DPS-2026-GSEB-HIN-UNI_PG_MFA_Y1-ART-C,DPS 2026-2027 Hindi Medium MFA (Fine Arts) - Y1 ART Division C,DPS-2026-GSEB-HIN-UNI_PG_MFA_Y1-ART-C,DRONA_TRUST_GSEB_DPS_2026_2027_HIN_UNI_PG_MFA_Y1_ART,GSEB,DPS,HIN,UNI_PG_MFA_Y1,ART,C,2026-2027,1,Student cohort for MFA (Fine Arts) - Y1 ART Division C in 2026-2027.
DPS-2026-GSEB-HIN-UNI_PG_MFA_Y1-ART-D,DPS 2026-2027 Hindi Medium MFA (Fine Arts) - Y1 ART Division D,DPS-2026-GSEB-HIN-UNI_PG_MFA_Y1-ART-D,DRONA_TRUST_GSEB_DPS_2026_2027_HIN_UNI_PG_MFA_Y1_ART,GSEB,DPS,HIN,UNI_PG_MFA_Y1,ART,D,2026-2027,1,Student cohort for MFA (Fine Arts) - Y1 ART Division D in 2026-2027.
DPS-2026-GSEB-HIN-UNI_PG_MFA_Y1-ART-E,DPS 2026-2027 Hindi Medium MFA (Fine Arts) - Y1 ART Division E,DPS-2026-GSEB-HIN-UNI_PG_MFA_Y1-ART-E,DRONA_TRUST_GSEB_DPS_2026_2027_HIN_UNI_PG_MFA_Y1_ART,GSEB,DPS,HIN,UNI_PG_MFA_Y1,ART,E,2026-2027,1,Student cohort for MFA (Fine Arts) - Y1 ART Division E in 2026-2027.
DPS-2026-GSEB-HIN-UNI_PG_MFA_Y1-ART-F,DPS 2026-2027 Hindi Medium MFA (Fine Arts) - Y1 ART Division F,DPS-2026-GSEB-HIN-UNI_PG_MFA_Y1-ART-F,DRONA_TRUST_GSEB_DPS_2026_2027_HIN_UNI_PG_MFA_Y1_ART,GSEB,DPS,HIN,UNI_PG_MFA_Y1,ART,F,2026-2027,1,Student cohort for MFA (Fine Arts) - Y1 ART Division F in 2026-2027.
DPS-2026-GSEB-HIN-UNI_PG_MCOM_Y1-PRO_FIN-A,DPS 2026-2027 Hindi Medium M.Com (Master of Commerce) - Y1 PRO_FIN Division A,DPS-2026-GSEB-HIN-UNI_PG_MCOM_Y1-PRO_FIN-A,DRONA_TRUST_GSEB_DPS_2026_2027_HIN_UNI_PG_MCOM_Y1_PRO_FIN,GSEB,DPS,HIN,UNI_PG_MCOM_Y1,PRO_FIN,A,2026-2027,1,Student cohort for M.Com (Master of Commerce) - Y1 PRO_FIN Division A in 2026-2027.
DPS-2026-GSEB-HIN-UNI_PG_MCOM_Y1-PRO_FIN-B,DPS 2026-2027 Hindi Medium M.Com (Master of Commerce) - Y1 PRO_FIN Division B,DPS-2026-GSEB-HIN-UNI_PG_MCOM_Y1-PRO_FIN-B,DRONA_TRUST_GSEB_DPS_2026_2027_HIN_UNI_PG_MCOM_Y1_PRO_FIN,GSEB,DPS,HIN,UNI_PG_MCOM_Y1,PRO_FIN,B,2026-2027,1,Student cohort for M.Com (Master of Commerce) - Y1 PRO_FIN Division B in 2026-2027.
DPS-2026-GSEB-HIN-UNI_PG_MCOM_Y1-PRO_FIN-C,DPS 2026-2027 Hindi Medium M.Com (Master of Commerce) - Y1 PRO_FIN Division C,DPS-2026-GSEB-HIN-UNI_PG_MCOM_Y1-PRO_FIN-C,DRONA_TRUST_GSEB_DPS_2026_2027_HIN_UNI_PG_MCOM_Y1_PRO_FIN,GSEB,DPS,HIN,UNI_PG_MCOM_Y1,PRO_FIN,C,2026-2027,1,Student cohort for M.Com (Master of Commerce) - Y1 PRO_FIN Division C in 2026-2027.
DPS-2026-GSEB-HIN-UNI_PG_MCOM_Y1-PRO_FIN-D,DPS 2026-2027 Hindi Medium M.Com (Master of Commerce) - Y1 PRO_FIN Division D,DPS-2026-GSEB-HIN-UNI_PG_MCOM_Y1-PRO_FIN-D,DRONA_TRUST_GSEB_DPS_2026_2027_HIN_UNI_PG_MCOM_Y1_PRO_FIN,GSEB,DPS,HIN,UNI_PG_MCOM_Y1,PRO_FIN,D,2026-2027,1,Student cohort for M.Com (Master of Commerce) - Y1 PRO_FIN Division D in 2026-2027.
DPS-2026-GSEB-HIN-UNI_PG_MCOM_Y1-PRO_FIN-E,DPS 2026-2027 Hindi Medium M.Com (Master of Commerce) - Y1 PRO_FIN Division E,DPS-2026-GSEB-HIN-UNI_PG_MCOM_Y1-PRO_FIN-E,DRONA_TRUST_GSEB_DPS_2026_2027_HIN_UNI_PG_MCOM_Y1_PRO_FIN,GSEB,DPS,HIN,UNI_PG_MCOM_Y1,PRO_FIN,E,2026-2027,1,Student cohort for M.Com (Master of Commerce) - Y1 PRO_FIN Division E in 2026-2027.
DPS-2026-GSEB-HIN-UNI_PG_MCOM_Y1-PRO_FIN-F,DPS 2026-2027 Hindi Medium M.Com (Master of Commerce) - Y1 PRO_FIN Division F,DPS-2026-GSEB-HIN-UNI_PG_MCOM_Y1-PRO_FIN-F,DRONA_TRUST_GSEB_DPS_2026_2027_HIN_UNI_PG_MCOM_Y1_PRO_FIN,GSEB,DPS,HIN,UNI_PG_MCOM_Y1,PRO_FIN,F,2026-2027,1,Student cohort for M.Com (Master of Commerce) - Y1 PRO_FIN Division F in 2026-2027.
DPS-2026-GSEB-HIN-LMS_CERT_FSD-CSA-A,DPS 2026-2027 Hindi Medium PG Certification in Full Stack Development CSA Division A,DPS-2026-GSEB-HIN-LMS_CERT_FSD-CSA-A,DRONA_TRUST_GSEB_DPS_2026_2027_HIN_LMS_CERT_FSD_CSA,GSEB,DPS,HIN,LMS_CERT_FSD,CSA,A,2026-2027,1,Student cohort for PG Certification in Full Stack Development CSA Division A in 2026-2027.
DPS-2026-GSEB-HIN-LMS_CERT_FSD-CSA-B,DPS 2026-2027 Hindi Medium PG Certification in Full Stack Development CSA Division B,DPS-2026-GSEB-HIN-LMS_CERT_FSD-CSA-B,DRONA_TRUST_GSEB_DPS_2026_2027_HIN_LMS_CERT_FSD_CSA,GSEB,DPS,HIN,LMS_CERT_FSD,CSA,B,2026-2027,1,Student cohort for PG Certification in Full Stack Development CSA Division B in 2026-2027.
DPS-2026-GSEB-HIN-LMS_CERT_FSD-CSA-C,DPS 2026-2027 Hindi Medium PG Certification in Full Stack Development CSA Division C,DPS-2026-GSEB-HIN-LMS_CERT_FSD-CSA-C,DRONA_TRUST_GSEB_DPS_2026_2027_HIN_LMS_CERT_FSD_CSA,GSEB,DPS,HIN,LMS_CERT_FSD,CSA,C,2026-2027,1,Student cohort for PG Certification in Full Stack Development CSA Division C in 2026-2027.
DPS-2026-GSEB-HIN-LMS_CERT_FSD-CSA-D,DPS 2026-2027 Hindi Medium PG Certification in Full Stack Development CSA Division D,DPS-2026-GSEB-HIN-LMS_CERT_FSD-CSA-D,DRONA_TRUST_GSEB_DPS_2026_2027_HIN_LMS_CERT_FSD_CSA,GSEB,DPS,HIN,LMS_CERT_FSD,CSA,D,2026-2027,1,Student cohort for PG Certification in Full Stack Development CSA Division D in 2026-2027.
DPS-2026-GSEB-HIN-LMS_CERT_FSD-CSA-E,DPS 2026-2027 Hindi Medium PG Certification in Full Stack Development CSA Division E,DPS-2026-GSEB-HIN-LMS_CERT_FSD-CSA-E,DRONA_TRUST_GSEB_DPS_2026_2027_HIN_LMS_CERT_FSD_CSA,GSEB,DPS,HIN,LMS_CERT_FSD,CSA,E,2026-2027,1,Student cohort for PG Certification in Full Stack Development CSA Division E in 2026-2027.
DPS-2026-GSEB-HIN-LMS_CERT_FSD-CSA-F,DPS 2026-2027 Hindi Medium PG Certification in Full Stack Development CSA Division F,DPS-2026-GSEB-HIN-LMS_CERT_FSD-CSA-F,DRONA_TRUST_GSEB_DPS_2026_2027_HIN_LMS_CERT_FSD_CSA,GSEB,DPS,HIN,LMS_CERT_FSD,CSA,F,2026-2027,1,Student cohort for PG Certification in Full Stack Development CSA Division F in 2026-2027.
DPS-2026-GSEB-HIN-LMS_CERT_DATA-AIE-A,DPS 2026-2027 Hindi Medium Executive PG in Data Science AIE Division A,DPS-2026-GSEB-HIN-LMS_CERT_DATA-AIE-A,DRONA_TRUST_GSEB_DPS_2026_2027_HIN_LMS_CERT_DATA_AIE,GSEB,DPS,HIN,LMS_CERT_DATA,AIE,A,2026-2027,1,Student cohort for Executive PG in Data Science AIE Division A in 2026-2027.
DPS-2026-GSEB-HIN-LMS_CERT_DATA-AIE-B,DPS 2026-2027 Hindi Medium Executive PG in Data Science AIE Division B,DPS-2026-GSEB-HIN-LMS_CERT_DATA-AIE-B,DRONA_TRUST_GSEB_DPS_2026_2027_HIN_LMS_CERT_DATA_AIE,GSEB,DPS,HIN,LMS_CERT_DATA,AIE,B,2026-2027,1,Student cohort for Executive PG in Data Science AIE Division B in 2026-2027.
DPS-2026-GSEB-HIN-LMS_CERT_DATA-AIE-C,DPS 2026-2027 Hindi Medium Executive PG in Data Science AIE Division C,DPS-2026-GSEB-HIN-LMS_CERT_DATA-AIE-C,DRONA_TRUST_GSEB_DPS_2026_2027_HIN_LMS_CERT_DATA_AIE,GSEB,DPS,HIN,LMS_CERT_DATA,AIE,C,2026-2027,1,Student cohort for Executive PG in Data Science AIE Division C in 2026-2027.
DPS-2026-GSEB-HIN-LMS_CERT_DATA-AIE-D,DPS 2026-2027 Hindi Medium Executive PG in Data Science AIE Division D,DPS-2026-GSEB-HIN-LMS_CERT_DATA-AIE-D,DRONA_TRUST_GSEB_DPS_2026_2027_HIN_LMS_CERT_DATA_AIE,GSEB,DPS,HIN,LMS_CERT_DATA,AIE,D,2026-2027,1,Student cohort for Executive PG in Data Science AIE Division D in 2026-2027.
DPS-2026-GSEB-HIN-LMS_CERT_DATA-AIE-E,DPS 2026-2027 Hindi Medium Executive PG in Data Science AIE Division E,DPS-2026-GSEB-HIN-LMS_CERT_DATA-AIE-E,DRONA_TRUST_GSEB_DPS_2026_2027_HIN_LMS_CERT_DATA_AIE,GSEB,DPS,HIN,LMS_CERT_DATA,AIE,E,2026-2027,1,Student cohort for Executive PG in Data Science AIE Division E in 2026-2027.
DPS-2026-GSEB-HIN-LMS_CERT_DATA-AIE-F,DPS 2026-2027 Hindi Medium Executive PG in Data Science AIE Division F,DPS-2026-GSEB-HIN-LMS_CERT_DATA-AIE-F,DRONA_TRUST_GSEB_DPS_2026_2027_HIN_LMS_CERT_DATA_AIE,GSEB,DPS,HIN,LMS_CERT_DATA,AIE,F,2026-2027,1,Student cohort for Executive PG in Data Science AIE Division F in 2026-2027.
DPS-2026-GSEB-HIN-LMS_CERT_CLOUD-ENG-A,DPS 2026-2027 Hindi Medium Cloud Architect Certification (AWS/Azure) ENG Division A,DPS-2026-GSEB-HIN-LMS_CERT_CLOUD-ENG-A,DRONA_TRUST_GSEB_DPS_2026_2027_HIN_LMS_CERT_CLOUD_ENG,GSEB,DPS,HIN,LMS_CERT_CLOUD,ENG,A,2026-2027,1,Student cohort for Cloud Architect Certification (AWS/Azure) ENG Division A in 2026-2027.
DPS-2026-GSEB-HIN-LMS_CERT_CLOUD-ENG-B,DPS 2026-2027 Hindi Medium Cloud Architect Certification (AWS/Azure) ENG Division B,DPS-2026-GSEB-HIN-LMS_CERT_CLOUD-ENG-B,DRONA_TRUST_GSEB_DPS_2026_2027_HIN_LMS_CERT_CLOUD_ENG,GSEB,DPS,HIN,LMS_CERT_CLOUD,ENG,B,2026-2027,1,Student cohort for Cloud Architect Certification (AWS/Azure) ENG Division B in 2026-2027.
DPS-2026-GSEB-HIN-LMS_CERT_CLOUD-ENG-C,DPS 2026-2027 Hindi Medium Cloud Architect Certification (AWS/Azure) ENG Division C,DPS-2026-GSEB-HIN-LMS_CERT_CLOUD-ENG-C,DRONA_TRUST_GSEB_DPS_2026_2027_HIN_LMS_CERT_CLOUD_ENG,GSEB,DPS,HIN,LMS_CERT_CLOUD,ENG,C,2026-2027,1,Student cohort for Cloud Architect Certification (AWS/Azure) ENG Division C in 2026-2027.
DPS-2026-GSEB-HIN-LMS_CERT_CLOUD-ENG-D,DPS 2026-2027 Hindi Medium Cloud Architect Certification (AWS/Azure) ENG Division D,DPS-2026-GSEB-HIN-LMS_CERT_CLOUD-ENG-D,DRONA_TRUST_GSEB_DPS_2026_2027_HIN_LMS_CERT_CLOUD_ENG,GSEB,DPS,HIN,LMS_CERT_CLOUD,ENG,D,2026-2027,1,Student cohort for Cloud Architect Certification (AWS/Azure) ENG Division D in 2026-2027.
DPS-2026-GSEB-HIN-LMS_CERT_CLOUD-ENG-E,DPS 2026-2027 Hindi Medium Cloud Architect Certification (AWS/Azure) ENG Division E,DPS-2026-GSEB-HIN-LMS_CERT_CLOUD-ENG-E,DRONA_TRUST_GSEB_DPS_2026_2027_HIN_LMS_CERT_CLOUD_ENG,GSEB,DPS,HIN,LMS_CERT_CLOUD,ENG,E,2026-2027,1,Student cohort for Cloud Architect Certification (AWS/Azure) ENG Division E in 2026-2027.
DPS-2026-GSEB-HIN-LMS_CERT_CLOUD-ENG-F,DPS 2026-2027 Hindi Medium Cloud Architect Certification (AWS/Azure) ENG Division F,DPS-2026-GSEB-HIN-LMS_CERT_CLOUD-ENG-F,DRONA_TRUST_GSEB_DPS_2026_2027_HIN_LMS_CERT_CLOUD_ENG,GSEB,DPS,HIN,LMS_CERT_CLOUD,ENG,F,2026-2027,1,Student cohort for Cloud Architect Certification (AWS/Azure) ENG Division F in 2026-2027.
DPS-2026-GSEB-HIN-LMS_CERT_MLOPS-AIE-A,DPS 2026-2027 Hindi Medium Advanced Certification in MLOps AIE Division A,DPS-2026-GSEB-HIN-LMS_CERT_MLOPS-AIE-A,DRONA_TRUST_GSEB_DPS_2026_2027_HIN_LMS_CERT_MLOPS_AIE,GSEB,DPS,HIN,LMS_CERT_MLOPS,AIE,A,2026-2027,1,Student cohort for Advanced Certification in MLOps AIE Division A in 2026-2027.
DPS-2026-GSEB-HIN-LMS_CERT_MLOPS-AIE-B,DPS 2026-2027 Hindi Medium Advanced Certification in MLOps AIE Division B,DPS-2026-GSEB-HIN-LMS_CERT_MLOPS-AIE-B,DRONA_TRUST_GSEB_DPS_2026_2027_HIN_LMS_CERT_MLOPS_AIE,GSEB,DPS,HIN,LMS_CERT_MLOPS,AIE,B,2026-2027,1,Student cohort for Advanced Certification in MLOps AIE Division B in 2026-2027.
DPS-2026-GSEB-HIN-LMS_CERT_MLOPS-AIE-C,DPS 2026-2027 Hindi Medium Advanced Certification in MLOps AIE Division C,DPS-2026-GSEB-HIN-LMS_CERT_MLOPS-AIE-C,DRONA_TRUST_GSEB_DPS_2026_2027_HIN_LMS_CERT_MLOPS_AIE,GSEB,DPS,HIN,LMS_CERT_MLOPS,AIE,C,2026-2027,1,Student cohort for Advanced Certification in MLOps AIE Division C in 2026-2027.
DPS-2026-GSEB-HIN-LMS_CERT_MLOPS-AIE-D,DPS 2026-2027 Hindi Medium Advanced Certification in MLOps AIE Division D,DPS-2026-GSEB-HIN-LMS_CERT_MLOPS-AIE-D,DRONA_TRUST_GSEB_DPS_2026_2027_HIN_LMS_CERT_MLOPS_AIE,GSEB,DPS,HIN,LMS_CERT_MLOPS,AIE,D,2026-2027,1,Student cohort for Advanced Certification in MLOps AIE Division D in 2026-2027.
DPS-2026-GSEB-HIN-LMS_CERT_MLOPS-AIE-E,DPS 2026-2027 Hindi Medium Advanced Certification in MLOps AIE Division E,DPS-2026-GSEB-HIN-LMS_CERT_MLOPS-AIE-E,DRONA_TRUST_GSEB_DPS_2026_2027_HIN_LMS_CERT_MLOPS_AIE,GSEB,DPS,HIN,LMS_CERT_MLOPS,AIE,E,2026-2027,1,Student cohort for Advanced Certification in MLOps AIE Division E in 2026-2027.
DPS-2026-GSEB-HIN-LMS_CERT_MLOPS-AIE-F,DPS 2026-2027 Hindi Medium Advanced Certification in MLOps AIE Division F,DPS-2026-GSEB-HIN-LMS_CERT_MLOPS-AIE-F,DRONA_TRUST_GSEB_DPS_2026_2027_HIN_LMS_CERT_MLOPS_AIE,GSEB,DPS,HIN,LMS_CERT_MLOPS,AIE,F,2026-2027,1,Student cohort for Advanced Certification in MLOps AIE Division F in 2026-2027.
DPS-2026-GSEB-HIN-LMS_CERT_PM-MGT-A,DPS 2026-2027 Hindi Medium PG Certificate in Product Management MGT Division A,DPS-2026-GSEB-HIN-LMS_CERT_PM-MGT-A,DRONA_TRUST_GSEB_DPS_2026_2027_HIN_LMS_CERT_PM_MGT,GSEB,DPS,HIN,LMS_CERT_PM,MGT,A,2026-2027,1,Student cohort for PG Certificate in Product Management MGT Division A in 2026-2027.
DPS-2026-GSEB-HIN-LMS_CERT_PM-MGT-B,DPS 2026-2027 Hindi Medium PG Certificate in Product Management MGT Division B,DPS-2026-GSEB-HIN-LMS_CERT_PM-MGT-B,DRONA_TRUST_GSEB_DPS_2026_2027_HIN_LMS_CERT_PM_MGT,GSEB,DPS,HIN,LMS_CERT_PM,MGT,B,2026-2027,1,Student cohort for PG Certificate in Product Management MGT Division B in 2026-2027.
DPS-2026-GSEB-HIN-LMS_CERT_PM-MGT-C,DPS 2026-2027 Hindi Medium PG Certificate in Product Management MGT Division C,DPS-2026-GSEB-HIN-LMS_CERT_PM-MGT-C,DRONA_TRUST_GSEB_DPS_2026_2027_HIN_LMS_CERT_PM_MGT,GSEB,DPS,HIN,LMS_CERT_PM,MGT,C,2026-2027,1,Student cohort for PG Certificate in Product Management MGT Division C in 2026-2027.
DPS-2026-GSEB-HIN-LMS_CERT_PM-MGT-D,DPS 2026-2027 Hindi Medium PG Certificate in Product Management MGT Division D,DPS-2026-GSEB-HIN-LMS_CERT_PM-MGT-D,DRONA_TRUST_GSEB_DPS_2026_2027_HIN_LMS_CERT_PM_MGT,GSEB,DPS,HIN,LMS_CERT_PM,MGT,D,2026-2027,1,Student cohort for PG Certificate in Product Management MGT Division D in 2026-2027.
DPS-2026-GSEB-HIN-LMS_CERT_PM-MGT-E,DPS 2026-2027 Hindi Medium PG Certificate in Product Management MGT Division E,DPS-2026-GSEB-HIN-LMS_CERT_PM-MGT-E,DRONA_TRUST_GSEB_DPS_2026_2027_HIN_LMS_CERT_PM_MGT,GSEB,DPS,HIN,LMS_CERT_PM,MGT,E,2026-2027,1,Student cohort for PG Certificate in Product Management MGT Division E in 2026-2027.
DPS-2026-GSEB-HIN-LMS_CERT_PM-MGT-F,DPS 2026-2027 Hindi Medium PG Certificate in Product Management MGT Division F,DPS-2026-GSEB-HIN-LMS_CERT_PM-MGT-F,DRONA_TRUST_GSEB_DPS_2026_2027_HIN_LMS_CERT_PM_MGT,GSEB,DPS,HIN,LMS_CERT_PM,MGT,F,2026-2027,1,Student cohort for PG Certificate in Product Management MGT Division F in 2026-2027.
DPS-2026-GSEB-HIN-LMS_CERT_AGILE-MGT-A,DPS 2026-2027 Hindi Medium Certified Scrum Master (CSM/Agile) MGT Division A,DPS-2026-GSEB-HIN-LMS_CERT_AGILE-MGT-A,DRONA_TRUST_GSEB_DPS_2026_2027_HIN_LMS_CERT_AGILE_MGT,GSEB,DPS,HIN,LMS_CERT_AGILE,MGT,A,2026-2027,1,Student cohort for Certified Scrum Master (CSM/Agile) MGT Division A in 2026-2027.
DPS-2026-GSEB-HIN-LMS_CERT_AGILE-MGT-B,DPS 2026-2027 Hindi Medium Certified Scrum Master (CSM/Agile) MGT Division B,DPS-2026-GSEB-HIN-LMS_CERT_AGILE-MGT-B,DRONA_TRUST_GSEB_DPS_2026_2027_HIN_LMS_CERT_AGILE_MGT,GSEB,DPS,HIN,LMS_CERT_AGILE,MGT,B,2026-2027,1,Student cohort for Certified Scrum Master (CSM/Agile) MGT Division B in 2026-2027.
DPS-2026-GSEB-HIN-LMS_CERT_AGILE-MGT-C,DPS 2026-2027 Hindi Medium Certified Scrum Master (CSM/Agile) MGT Division C,DPS-2026-GSEB-HIN-LMS_CERT_AGILE-MGT-C,DRONA_TRUST_GSEB_DPS_2026_2027_HIN_LMS_CERT_AGILE_MGT,GSEB,DPS,HIN,LMS_CERT_AGILE,MGT,C,2026-2027,1,Student cohort for Certified Scrum Master (CSM/Agile) MGT Division C in 2026-2027.
DPS-2026-GSEB-HIN-LMS_CERT_AGILE-MGT-D,DPS 2026-2027 Hindi Medium Certified Scrum Master (CSM/Agile) MGT Division D,DPS-2026-GSEB-HIN-LMS_CERT_AGILE-MGT-D,DRONA_TRUST_GSEB_DPS_2026_2027_HIN_LMS_CERT_AGILE_MGT,GSEB,DPS,HIN,LMS_CERT_AGILE,MGT,D,2026-2027,1,Student cohort for Certified Scrum Master (CSM/Agile) MGT Division D in 2026-2027.
DPS-2026-GSEB-HIN-LMS_CERT_AGILE-MGT-E,DPS 2026-2027 Hindi Medium Certified Scrum Master (CSM/Agile) MGT Division E,DPS-2026-GSEB-HIN-LMS_CERT_AGILE-MGT-E,DRONA_TRUST_GSEB_DPS_2026_2027_HIN_LMS_CERT_AGILE_MGT,GSEB,DPS,HIN,LMS_CERT_AGILE,MGT,E,2026-2027,1,Student cohort for Certified Scrum Master (CSM/Agile) MGT Division E in 2026-2027.
DPS-2026-GSEB-HIN-LMS_CERT_AGILE-MGT-F,DPS 2026-2027 Hindi Medium Certified Scrum Master (CSM/Agile) MGT Division F,DPS-2026-GSEB-HIN-LMS_CERT_AGILE-MGT-F,DRONA_TRUST_GSEB_DPS_2026_2027_HIN_LMS_CERT_AGILE_MGT,GSEB,DPS,HIN,LMS_CERT_AGILE,MGT,F,2026-2027,1,Student cohort for Certified Scrum Master (CSM/Agile) MGT Division F in 2026-2027.
DPS-2026-GSEB-HIN-LMS_CERT_CYBER-CSA-A,DPS 2026-2027 Hindi Medium Certified Ethical Hacker (CEH) CSA Division A,DPS-2026-GSEB-HIN-LMS_CERT_CYBER-CSA-A,DRONA_TRUST_GSEB_DPS_2026_2027_HIN_LMS_CERT_CYBER_CSA,GSEB,DPS,HIN,LMS_CERT_CYBER,CSA,A,2026-2027,1,Student cohort for Certified Ethical Hacker (CEH) CSA Division A in 2026-2027.
DPS-2026-GSEB-HIN-LMS_CERT_CYBER-CSA-B,DPS 2026-2027 Hindi Medium Certified Ethical Hacker (CEH) CSA Division B,DPS-2026-GSEB-HIN-LMS_CERT_CYBER-CSA-B,DRONA_TRUST_GSEB_DPS_2026_2027_HIN_LMS_CERT_CYBER_CSA,GSEB,DPS,HIN,LMS_CERT_CYBER,CSA,B,2026-2027,1,Student cohort for Certified Ethical Hacker (CEH) CSA Division B in 2026-2027.
DPS-2026-GSEB-HIN-LMS_CERT_CYBER-CSA-C,DPS 2026-2027 Hindi Medium Certified Ethical Hacker (CEH) CSA Division C,DPS-2026-GSEB-HIN-LMS_CERT_CYBER-CSA-C,DRONA_TRUST_GSEB_DPS_2026_2027_HIN_LMS_CERT_CYBER_CSA,GSEB,DPS,HIN,LMS_CERT_CYBER,CSA,C,2026-2027,1,Student cohort for Certified Ethical Hacker (CEH) CSA Division C in 2026-2027.
DPS-2026-GSEB-HIN-LMS_CERT_CYBER-CSA-D,DPS 2026-2027 Hindi Medium Certified Ethical Hacker (CEH) CSA Division D,DPS-2026-GSEB-HIN-LMS_CERT_CYBER-CSA-D,DRONA_TRUST_GSEB_DPS_2026_2027_HIN_LMS_CERT_CYBER_CSA,GSEB,DPS,HIN,LMS_CERT_CYBER,CSA,D,2026-2027,1,Student cohort for Certified Ethical Hacker (CEH) CSA Division D in 2026-2027.
DPS-2026-GSEB-HIN-LMS_CERT_CYBER-CSA-E,DPS 2026-2027 Hindi Medium Certified Ethical Hacker (CEH) CSA Division E,DPS-2026-GSEB-HIN-LMS_CERT_CYBER-CSA-E,DRONA_TRUST_GSEB_DPS_2026_2027_HIN_LMS_CERT_CYBER_CSA,GSEB,DPS,HIN,LMS_CERT_CYBER,CSA,E,2026-2027,1,Student cohort for Certified Ethical Hacker (CEH) CSA Division E in 2026-2027.
DPS-2026-GSEB-HIN-LMS_CERT_CYBER-CSA-F,DPS 2026-2027 Hindi Medium Certified Ethical Hacker (CEH) CSA Division F,DPS-2026-GSEB-HIN-LMS_CERT_CYBER-CSA-F,DRONA_TRUST_GSEB_DPS_2026_2027_HIN_LMS_CERT_CYBER_CSA,GSEB,DPS,HIN,LMS_CERT_CYBER,CSA,F,2026-2027,1,Student cohort for Certified Ethical Hacker (CEH) CSA Division F in 2026-2027.
DPS-2026-GSEB-HIN-LMS_CERT_WEB3-EMG-A,DPS 2026-2027 Hindi Medium Certification in Blockchain & Web3 EMG Division A,DPS-2026-GSEB-HIN-LMS_CERT_WEB3-EMG-A,DRONA_TRUST_GSEB_DPS_2026_2027_HIN_LMS_CERT_WEB3_EMG,GSEB,DPS,HIN,LMS_CERT_WEB3,EMG,A,2026-2027,1,Student cohort for Certification in Blockchain & Web3 EMG Division A in 2026-2027.
DPS-2026-GSEB-HIN-LMS_CERT_WEB3-EMG-B,DPS 2026-2027 Hindi Medium Certification in Blockchain & Web3 EMG Division B,DPS-2026-GSEB-HIN-LMS_CERT_WEB3-EMG-B,DRONA_TRUST_GSEB_DPS_2026_2027_HIN_LMS_CERT_WEB3_EMG,GSEB,DPS,HIN,LMS_CERT_WEB3,EMG,B,2026-2027,1,Student cohort for Certification in Blockchain & Web3 EMG Division B in 2026-2027.
DPS-2026-GSEB-HIN-LMS_CERT_WEB3-EMG-C,DPS 2026-2027 Hindi Medium Certification in Blockchain & Web3 EMG Division C,DPS-2026-GSEB-HIN-LMS_CERT_WEB3-EMG-C,DRONA_TRUST_GSEB_DPS_2026_2027_HIN_LMS_CERT_WEB3_EMG,GSEB,DPS,HIN,LMS_CERT_WEB3,EMG,C,2026-2027,1,Student cohort for Certification in Blockchain & Web3 EMG Division C in 2026-2027.
DPS-2026-GSEB-HIN-LMS_CERT_WEB3-EMG-D,DPS 2026-2027 Hindi Medium Certification in Blockchain & Web3 EMG Division D,DPS-2026-GSEB-HIN-LMS_CERT_WEB3-EMG-D,DRONA_TRUST_GSEB_DPS_2026_2027_HIN_LMS_CERT_WEB3_EMG,GSEB,DPS,HIN,LMS_CERT_WEB3,EMG,D,2026-2027,1,Student cohort for Certification in Blockchain & Web3 EMG Division D in 2026-2027.
DPS-2026-GSEB-HIN-LMS_CERT_WEB3-EMG-E,DPS 2026-2027 Hindi Medium Certification in Blockchain & Web3 EMG Division E,DPS-2026-GSEB-HIN-LMS_CERT_WEB3-EMG-E,DRONA_TRUST_GSEB_DPS_2026_2027_HIN_LMS_CERT_WEB3_EMG,GSEB,DPS,HIN,LMS_CERT_WEB3,EMG,E,2026-2027,1,Student cohort for Certification in Blockchain & Web3 EMG Division E in 2026-2027.
DPS-2026-GSEB-HIN-LMS_CERT_WEB3-EMG-F,DPS 2026-2027 Hindi Medium Certification in Blockchain & Web3 EMG Division F,DPS-2026-GSEB-HIN-LMS_CERT_WEB3-EMG-F,DRONA_TRUST_GSEB_DPS_2026_2027_HIN_LMS_CERT_WEB3_EMG,GSEB,DPS,HIN,LMS_CERT_WEB3,EMG,F,2026-2027,1,Student cohort for Certification in Blockchain & Web3 EMG Division F in 2026-2027.
DPS-2026-GSEB-HIN-LMS_CERT_DIGMKT-MKT-A,DPS 2026-2027 Hindi Medium Advanced Digital Marketing Certification MKT Division A,DPS-2026-GSEB-HIN-LMS_CERT_DIGMKT-MKT-A,DRONA_TRUST_GSEB_DPS_2026_2027_HIN_LMS_CERT_DIGMKT_MKT,GSEB,DPS,HIN,LMS_CERT_DIGMKT,MKT,A,2026-2027,1,Student cohort for Advanced Digital Marketing Certification MKT Division A in 2026-2027.
DPS-2026-GSEB-HIN-LMS_CERT_DIGMKT-MKT-B,DPS 2026-2027 Hindi Medium Advanced Digital Marketing Certification MKT Division B,DPS-2026-GSEB-HIN-LMS_CERT_DIGMKT-MKT-B,DRONA_TRUST_GSEB_DPS_2026_2027_HIN_LMS_CERT_DIGMKT_MKT,GSEB,DPS,HIN,LMS_CERT_DIGMKT,MKT,B,2026-2027,1,Student cohort for Advanced Digital Marketing Certification MKT Division B in 2026-2027.
DPS-2026-GSEB-HIN-LMS_CERT_DIGMKT-MKT-C,DPS 2026-2027 Hindi Medium Advanced Digital Marketing Certification MKT Division C,DPS-2026-GSEB-HIN-LMS_CERT_DIGMKT-MKT-C,DRONA_TRUST_GSEB_DPS_2026_2027_HIN_LMS_CERT_DIGMKT_MKT,GSEB,DPS,HIN,LMS_CERT_DIGMKT,MKT,C,2026-2027,1,Student cohort for Advanced Digital Marketing Certification MKT Division C in 2026-2027.
DPS-2026-GSEB-HIN-LMS_CERT_DIGMKT-MKT-D,DPS 2026-2027 Hindi Medium Advanced Digital Marketing Certification MKT Division D,DPS-2026-GSEB-HIN-LMS_CERT_DIGMKT-MKT-D,DRONA_TRUST_GSEB_DPS_2026_2027_HIN_LMS_CERT_DIGMKT_MKT,GSEB,DPS,HIN,LMS_CERT_DIGMKT,MKT,D,2026-2027,1,Student cohort for Advanced Digital Marketing Certification MKT Division D in 2026-2027.
DPS-2026-GSEB-HIN-LMS_CERT_DIGMKT-MKT-E,DPS 2026-2027 Hindi Medium Advanced Digital Marketing Certification MKT Division E,DPS-2026-GSEB-HIN-LMS_CERT_DIGMKT-MKT-E,DRONA_TRUST_GSEB_DPS_2026_2027_HIN_LMS_CERT_DIGMKT_MKT,GSEB,DPS,HIN,LMS_CERT_DIGMKT,MKT,E,2026-2027,1,Student cohort for Advanced Digital Marketing Certification MKT Division E in 2026-2027.
DPS-2026-GSEB-HIN-LMS_CERT_DIGMKT-MKT-F,DPS 2026-2027 Hindi Medium Advanced Digital Marketing Certification MKT Division F,DPS-2026-GSEB-HIN-LMS_CERT_DIGMKT-MKT-F,DRONA_TRUST_GSEB_DPS_2026_2027_HIN_LMS_CERT_DIGMKT_MKT,GSEB,DPS,HIN,LMS_CERT_DIGMKT,MKT,F,2026-2027,1,Student cohort for Advanced Digital Marketing Certification MKT Division F in 2026-2027.
