academic_year,board_code,medium_code,grade_code,stream_code,division_code,division_name,capacity,is_active,source_rule_key,notes
2026-2027,GSEB,ENG,ITI_ELEC,VOC_IND,A,Division A,40,1,2026-2027-GSEB-ENG-ITI_ELEC-VOC_IND,Default from active division master; edit division_codes to scope this grade.
2026-2027,GSEB,ENG,ITI_ELEC,VOC_IND,B,Division B,40,1,2026-2027-GSEB-ENG-ITI_ELEC-VOC_IND,Default from active division master; edit division_codes to scope this grade.
2026-2027,GSEB,ENG,ITI_ELEC,VOC_IND,C,Division C,40,1,2026-2027-GSEB-ENG-ITI_ELEC-VOC_IND,Default from active division master; edit division_codes to scope this grade.
2026-2027,GSEB,ENG,ITI_ELEC,VOC_IND,D,Division D,40,1,2026-2027-GSEB-ENG-ITI_ELEC-VOC_IND,Default from active division master; edit division_codes to scope this grade.
2026-2027,GSEB,ENG,ITI_ELEC,VOC_IND,E,Division E,40,1,2026-2027-GSEB-ENG-ITI_ELEC-VOC_IND,Default from active division master; edit division_codes to scope this grade.
2026-2027,GSEB,ENG,ITI_ELEC,VOC_IND,F,Division F,40,1,2026-2027-GSEB-ENG-ITI_ELEC-VOC_IND,Default from active division master; edit division_codes to scope this grade.
2026-2027,GSEB,ENG,ITI_FIT,VOC_IND,A,Division A,40,1,2026-2027-GSEB-ENG-ITI_FIT-VOC_IND,Default from active division master; edit division_codes to scope this grade.
2026-2027,GSEB,ENG,ITI_FIT,VOC_IND,B,Division B,40,1,2026-2027-GSEB-ENG-ITI_FIT-VOC_IND,Default from active division master; edit division_codes to scope this grade.
2026-2027,GSEB,ENG,ITI_FIT,VOC_IND,C,Division C,40,1,2026-2027-GSEB-ENG-ITI_FIT-VOC_IND,Default from active division master; edit division_codes to scope this grade.
2026-2027,GSEB,ENG,ITI_FIT,VOC_IND,D,Division D,40,1,2026-2027-GSEB-ENG-ITI_FIT-VOC_IND,Default from active division master; edit division_codes to scope this grade.
2026-2027,GSEB,ENG,ITI_FIT,VOC_IND,E,Division E,40,1,2026-2027-GSEB-ENG-ITI_FIT-VOC_IND,Default from active division master; edit division_codes to scope this grade.
2026-2027,GSEB,ENG,ITI_FIT,VOC_IND,F,Division F,40,1,2026-2027-GSEB-ENG-ITI_FIT-VOC_IND,Default from active division master; edit division_codes to scope this grade.
2026-2027,GSEB,ENG,LMS_CERT_AGILE,MGT,A,Division A,40,1,2026-2027-GSEB-ENG-LMS_CERT_AGILE-MGT,Default from active division master; edit division_codes to scope this grade.
2026-2027,GSEB,ENG,LMS_CERT_AGILE,MGT,B,Division B,40,1,2026-2027-GSEB-ENG-LMS_CERT_AGILE-MGT,Default from active division master; edit division_codes to scope this grade.
2026-2027,GSEB,ENG,LMS_CERT_AGILE,MGT,C,Division C,40,1,2026-2027-GSEB-ENG-LMS_CERT_AGILE-MGT,Default from active division master; edit division_codes to scope this grade.
2026-2027,GSEB,ENG,LMS_CERT_AGILE,MGT,D,Division D,40,1,2026-2027-GSEB-ENG-LMS_CERT_AGILE-MGT,Default from active division master; edit division_codes to scope this grade.
2026-2027,GSEB,ENG,LMS_CERT_AGILE,MGT,E,Division E,40,1,2026-2027-GSEB-ENG-LMS_CERT_AGILE-MGT,Default from active division master; edit division_codes to scope this grade.
2026-2027,GSEB,ENG,LMS_CERT_AGILE,MGT,F,Division F,40,1,2026-2027-GSEB-ENG-LMS_CERT_AGILE-MGT,Default from active division master; edit division_codes to scope this grade.
2026-2027,GSEB,ENG,LMS_CERT_CLOUD,ENG,A,Division A,40,1,2026-2027-GSEB-ENG-LMS_CERT_CLOUD-ENG,Default from active division master; edit division_codes to scope this grade.
2026-2027,GSEB,ENG,LMS_CERT_CLOUD,ENG,B,Division B,40,1,2026-2027-GSEB-ENG-LMS_CERT_CLOUD-ENG,Default from active division master; edit division_codes to scope this grade.
2026-2027,GSEB,ENG,LMS_CERT_CLOUD,ENG,C,Division C,40,1,2026-2027-GSEB-ENG-LMS_CERT_CLOUD-ENG,Default from active division master; edit division_codes to scope this grade.
2026-2027,GSEB,ENG,LMS_CERT_CLOUD,ENG,D,Division D,40,1,2026-2027-GSEB-ENG-LMS_CERT_CLOUD-ENG,Default from active division master; edit division_codes to scope this grade.
2026-2027,GSEB,ENG,LMS_CERT_CLOUD,ENG,E,Division E,40,1,2026-2027-GSEB-ENG-LMS_CERT_CLOUD-ENG,Default from active division master; edit division_codes to scope this grade.
2026-2027,GSEB,ENG,LMS_CERT_CLOUD,ENG,F,Division F,40,1,2026-2027-GSEB-ENG-LMS_CERT_CLOUD-ENG,Default from active division master; edit division_codes to scope this grade.
2026-2027,GSEB,ENG,LMS_CERT_CYBER,CSA,A,Division A,40,1,2026-2027-GSEB-ENG-LMS_CERT_CYBER-CSA,Default from active division master; edit division_codes to scope this grade.
2026-2027,GSEB,ENG,LMS_CERT_CYBER,CSA,B,Division B,40,1,2026-2027-GSEB-ENG-LMS_CERT_CYBER-CSA,Default from active division master; edit division_codes to scope this grade.
2026-2027,GSEB,ENG,LMS_CERT_CYBER,CSA,C,Division C,40,1,2026-2027-GSEB-ENG-LMS_CERT_CYBER-CSA,Default from active division master; edit division_codes to scope this grade.
2026-2027,GSEB,ENG,LMS_CERT_CYBER,CSA,D,Division D,40,1,2026-2027-GSEB-ENG-LMS_CERT_CYBER-CSA,Default from active division master; edit division_codes to scope this grade.
2026-2027,GSEB,ENG,LMS_CERT_CYBER,CSA,E,Division E,40,1,2026-2027-GSEB-ENG-LMS_CERT_CYBER-CSA,Default from active division master; edit division_codes to scope this grade.
2026-2027,GSEB,ENG,LMS_CERT_CYBER,CSA,F,Division F,40,1,2026-2027-GSEB-ENG-LMS_CERT_CYBER-CSA,Default from active division master; edit division_codes to scope this grade.
2026-2027,GSEB,ENG,LMS_CERT_DATA,AIE,A,Division A,40,1,2026-2027-GSEB-ENG-LMS_CERT_DATA-AIE,Default from active division master; edit division_codes to scope this grade.
2026-2027,GSEB,ENG,LMS_CERT_DATA,AIE,B,Division B,40,1,2026-2027-GSEB-ENG-LMS_CERT_DATA-AIE,Default from active division master; edit division_codes to scope this grade.
2026-2027,GSEB,ENG,LMS_CERT_DATA,AIE,C,Division C,40,1,2026-2027-GSEB-ENG-LMS_CERT_DATA-AIE,Default from active division master; edit division_codes to scope this grade.
2026-2027,GSEB,ENG,LMS_CERT_DATA,AIE,D,Division D,40,1,2026-2027-GSEB-ENG-LMS_CERT_DATA-AIE,Default from active division master; edit division_codes to scope this grade.
2026-2027,GSEB,ENG,LMS_CERT_DATA,AIE,E,Division E,40,1,2026-2027-GSEB-ENG-LMS_CERT_DATA-AIE,Default from active division master; edit division_codes to scope this grade.
2026-2027,GSEB,ENG,LMS_CERT_DATA,AIE,F,Division F,40,1,2026-2027-GSEB-ENG-LMS_CERT_DATA-AIE,Default from active division master; edit division_codes to scope this grade.
2026-2027,GSEB,ENG,LMS_CERT_DIGMKT,MKT,A,Division A,40,1,2026-2027-GSEB-ENG-LMS_CERT_DIGMKT-MKT,Default from active division master; edit division_codes to scope this grade.
2026-2027,GSEB,ENG,LMS_CERT_DIGMKT,MKT,B,Division B,40,1,2026-2027-GSEB-ENG-LMS_CERT_DIGMKT-MKT,Default from active division master; edit division_codes to scope this grade.
2026-2027,GSEB,ENG,LMS_CERT_DIGMKT,MKT,C,Division C,40,1,2026-2027-GSEB-ENG-LMS_CERT_DIGMKT-MKT,Default from active division master; edit division_codes to scope this grade.
2026-2027,GSEB,ENG,LMS_CERT_DIGMKT,MKT,D,Division D,40,1,2026-2027-GSEB-ENG-LMS_CERT_DIGMKT-MKT,Default from active division master; edit division_codes to scope this grade.
2026-2027,GSEB,ENG,LMS_CERT_DIGMKT,MKT,E,Division E,40,1,2026-2027-GSEB-ENG-LMS_CERT_DIGMKT-MKT,Default from active division master; edit division_codes to scope this grade.
2026-2027,GSEB,ENG,LMS_CERT_DIGMKT,MKT,F,Division F,40,1,2026-2027-GSEB-ENG-LMS_CERT_DIGMKT-MKT,Default from active division master; edit division_codes to scope this grade.
2026-2027,GSEB,ENG,LMS_CERT_FSD,CSA,A,Division A,40,1,2026-2027-GSEB-ENG-LMS_CERT_FSD-CSA,Default from active division master; edit division_codes to scope this grade.
2026-2027,GSEB,ENG,LMS_CERT_FSD,CSA,B,Division B,40,1,2026-2027-GSEB-ENG-LMS_CERT_FSD-CSA,Default from active division master; edit division_codes to scope this grade.
2026-2027,GSEB,ENG,LMS_CERT_FSD,CSA,C,Division C,40,1,2026-2027-GSEB-ENG-LMS_CERT_FSD-CSA,Default from active division master; edit division_codes to scope this grade.
2026-2027,GSEB,ENG,LMS_CERT_FSD,CSA,D,Division D,40,1,2026-2027-GSEB-ENG-LMS_CERT_FSD-CSA,Default from active division master; edit division_codes to scope this grade.
2026-2027,GSEB,ENG,LMS_CERT_FSD,CSA,E,Division E,40,1,2026-2027-GSEB-ENG-LMS_CERT_FSD-CSA,Default from active division master; edit division_codes to scope this grade.
2026-2027,GSEB,ENG,LMS_CERT_FSD,CSA,F,Division F,40,1,2026-2027-GSEB-ENG-LMS_CERT_FSD-CSA,Default from active division master; edit division_codes to scope this grade.
2026-2027,GSEB,ENG,LMS_CERT_MLOPS,AIE,A,Division A,40,1,2026-2027-GSEB-ENG-LMS_CERT_MLOPS-AIE,Default from active division master; edit division_codes to scope this grade.
2026-2027,GSEB,ENG,LMS_CERT_MLOPS,AIE,B,Division B,40,1,2026-2027-GSEB-ENG-LMS_CERT_MLOPS-AIE,Default from active division master; edit division_codes to scope this grade.
2026-2027,GSEB,ENG,LMS_CERT_MLOPS,AIE,C,Division C,40,1,2026-2027-GSEB-ENG-LMS_CERT_MLOPS-AIE,Default from active division master; edit division_codes to scope this grade.
2026-2027,GSEB,ENG,LMS_CERT_MLOPS,AIE,D,Division D,40,1,2026-2027-GSEB-ENG-LMS_CERT_MLOPS-AIE,Default from active division master; edit division_codes to scope this grade.
2026-2027,GSEB,ENG,LMS_CERT_MLOPS,AIE,E,Division E,40,1,2026-2027-GSEB-ENG-LMS_CERT_MLOPS-AIE,Default from active division master; edit division_codes to scope this grade.
2026-2027,GSEB,ENG,LMS_CERT_MLOPS,AIE,F,Division F,40,1,2026-2027-GSEB-ENG-LMS_CERT_MLOPS-AIE,Default from active division master; edit division_codes to scope this grade.
2026-2027,GSEB,ENG,LMS_CERT_PM,MGT,A,Division A,40,1,2026-2027-GSEB-ENG-LMS_CERT_PM-MGT,Default from active division master; edit division_codes to scope this grade.
2026-2027,GSEB,ENG,LMS_CERT_PM,MGT,B,Division B,40,1,2026-2027-GSEB-ENG-LMS_CERT_PM-MGT,Default from active division master; edit division_codes to scope this grade.
2026-2027,GSEB,ENG,LMS_CERT_PM,MGT,C,Division C,40,1,2026-2027-GSEB-ENG-LMS_CERT_PM-MGT,Default from active division master; edit division_codes to scope this grade.
2026-2027,GSEB,ENG,LMS_CERT_PM,MGT,D,Division D,40,1,2026-2027-GSEB-ENG-LMS_CERT_PM-MGT,Default from active division master; edit division_codes to scope this grade.
2026-2027,GSEB,ENG,LMS_CERT_PM,MGT,E,Division E,40,1,2026-2027-GSEB-ENG-LMS_CERT_PM-MGT,Default from active division master; edit division_codes to scope this grade.
2026-2027,GSEB,ENG,LMS_CERT_PM,MGT,F,Division F,40,1,2026-2027-GSEB-ENG-LMS_CERT_PM-MGT,Default from active division master; edit division_codes to scope this grade.
2026-2027,GSEB,ENG,LMS_CERT_WEB3,EMG,A,Division A,40,1,2026-2027-GSEB-ENG-LMS_CERT_WEB3-EMG,Default from active division master; edit division_codes to scope this grade.
2026-2027,GSEB,ENG,LMS_CERT_WEB3,EMG,B,Division B,40,1,2026-2027-GSEB-ENG-LMS_CERT_WEB3-EMG,Default from active division master; edit division_codes to scope this grade.
2026-2027,GSEB,ENG,LMS_CERT_WEB3,EMG,C,Division C,40,1,2026-2027-GSEB-ENG-LMS_CERT_WEB3-EMG,Default from active division master; edit division_codes to scope this grade.
2026-2027,GSEB,ENG,LMS_CERT_WEB3,EMG,D,Division D,40,1,2026-2027-GSEB-ENG-LMS_CERT_WEB3-EMG,Default from active division master; edit division_codes to scope this grade.
2026-2027,GSEB,ENG,LMS_CERT_WEB3,EMG,E,Division E,40,1,2026-2027-GSEB-ENG-LMS_CERT_WEB3-EMG,Default from active division master; edit division_codes to scope this grade.
2026-2027,GSEB,ENG,LMS_CERT_WEB3,EMG,F,Division F,40,1,2026-2027-GSEB-ENG-LMS_CERT_WEB3-EMG,Default from active division master; edit division_codes to scope this grade.
2026-2027,GSEB,ENG,NUR_BSC_Y1,NUR,A,Division A,40,1,2026-2027-GSEB-ENG-NUR_BSC_Y1-NUR,Default from active division master; edit division_codes to scope this grade.
2026-2027,GSEB,ENG,NUR_BSC_Y1,NUR,B,Division B,40,1,2026-2027-GSEB-ENG-NUR_BSC_Y1-NUR,Default from active division master; edit division_codes to scope this grade.
2026-2027,GSEB,ENG,NUR_BSC_Y1,NUR,C,Division C,40,1,2026-2027-GSEB-ENG-NUR_BSC_Y1-NUR,Default from active division master; edit division_codes to scope this grade.
2026-2027,GSEB,ENG,NUR_BSC_Y1,NUR,D,Division D,40,1,2026-2027-GSEB-ENG-NUR_BSC_Y1-NUR,Default from active division master; edit division_codes to scope this grade.
2026-2027,GSEB,ENG,NUR_BSC_Y1,NUR,E,Division E,40,1,2026-2027-GSEB-ENG-NUR_BSC_Y1-NUR,Default from active division master; edit division_codes to scope this grade.
2026-2027,GSEB,ENG,NUR_BSC_Y1,NUR,F,Division F,40,1,2026-2027-GSEB-ENG-NUR_BSC_Y1-NUR,Default from active division master; edit division_codes to scope this grade.
2026-2027,GSEB,ENG,NUR_GNM_Y1,NUR,A,Division A,40,1,2026-2027-GSEB-ENG-NUR_GNM_Y1-NUR,Default from active division master; edit division_codes to scope this grade.
2026-2027,GSEB,ENG,NUR_GNM_Y1,NUR,B,Division B,40,1,2026-2027-GSEB-ENG-NUR_GNM_Y1-NUR,Default from active division master; edit division_codes to scope this grade.
2026-2027,GSEB,ENG,NUR_GNM_Y1,NUR,C,Division C,40,1,2026-2027-GSEB-ENG-NUR_GNM_Y1-NUR,Default from active division master; edit division_codes to scope this grade.
2026-2027,GSEB,ENG,NUR_GNM_Y1,NUR,D,Division D,40,1,2026-2027-GSEB-ENG-NUR_GNM_Y1-NUR,Default from active division master; edit division_codes to scope this grade.
2026-2027,GSEB,ENG,NUR_GNM_Y1,NUR,E,Division E,40,1,2026-2027-GSEB-ENG-NUR_GNM_Y1-NUR,Default from active division master; edit division_codes to scope this grade.
2026-2027,GSEB,ENG,NUR_GNM_Y1,NUR,F,Division F,40,1,2026-2027-GSEB-ENG-NUR_GNM_Y1-NUR,Default from active division master; edit division_codes to scope this grade.
2026-2027,GSEB,ENG,NUR_GNM_Y2,NUR,A,Division A,40,1,2026-2027-GSEB-ENG-NUR_GNM_Y2-NUR,Default from active division master; edit division_codes to scope this grade.
2026-2027,GSEB,ENG,NUR_GNM_Y2,NUR,B,Division B,40,1,2026-2027-GSEB-ENG-NUR_GNM_Y2-NUR,Default from active division master; edit division_codes to scope this grade.
2026-2027,GSEB,ENG,NUR_GNM_Y2,NUR,C,Division C,40,1,2026-2027-GSEB-ENG-NUR_GNM_Y2-NUR,Default from active division master; edit division_codes to scope this grade.
2026-2027,GSEB,ENG,NUR_GNM_Y2,NUR,D,Division D,40,1,2026-2027-GSEB-ENG-NUR_GNM_Y2-NUR,Default from active division master; edit division_codes to scope this grade.
2026-2027,GSEB,ENG,NUR_GNM_Y2,NUR,E,Division E,40,1,2026-2027-GSEB-ENG-NUR_GNM_Y2-NUR,Default from active division master; edit division_codes to scope this grade.
2026-2027,GSEB,ENG,NUR_GNM_Y2,NUR,F,Division F,40,1,2026-2027-GSEB-ENG-NUR_GNM_Y2-NUR,Default from active division master; edit division_codes to scope this grade.
2026-2027,GSEB,ENG,POLY_CE_Y1,ENG,A,Division A,40,1,2026-2027-GSEB-ENG-POLY_CE_Y1-ENG,Default from active division master; edit division_codes to scope this grade.
2026-2027,GSEB,ENG,POLY_CE_Y1,ENG,B,Division B,40,1,2026-2027-GSEB-ENG-POLY_CE_Y1-ENG,Default from active division master; edit division_codes to scope this grade.
2026-2027,GSEB,ENG,POLY_CE_Y1,ENG,C,Division C,40,1,2026-2027-GSEB-ENG-POLY_CE_Y1-ENG,Default from active division master; edit division_codes to scope this grade.
2026-2027,GSEB,ENG,POLY_CE_Y1,ENG,D,Division D,40,1,2026-2027-GSEB-ENG-POLY_CE_Y1-ENG,Default from active division master; edit division_codes to scope this grade.
2026-2027,GSEB,ENG,POLY_CE_Y1,ENG,E,Division E,40,1,2026-2027-GSEB-ENG-POLY_CE_Y1-ENG,Default from active division master; edit division_codes to scope this grade.
2026-2027,GSEB,ENG,POLY_CE_Y1,ENG,F,Division F,40,1,2026-2027-GSEB-ENG-POLY_CE_Y1-ENG,Default from active division master; edit division_codes to scope this grade.
2026-2027,GSEB,ENG,POLY_CE_Y2,ENG,A,Division A,40,1,2026-2027-GSEB-ENG-POLY_CE_Y2-ENG,Default from active division master; edit division_codes to scope this grade.
2026-2027,GSEB,ENG,POLY_CE_Y2,ENG,B,Division B,40,1,2026-2027-GSEB-ENG-POLY_CE_Y2-ENG,Default from active division master; edit division_codes to scope this grade.
2026-2027,GSEB,ENG,POLY_CE_Y2,ENG,C,Division C,40,1,2026-2027-GSEB-ENG-POLY_CE_Y2-ENG,Default from active division master; edit division_codes to scope this grade.
2026-2027,GSEB,ENG,POLY_CE_Y2,ENG,D,Division D,40,1,2026-2027-GSEB-ENG-POLY_CE_Y2-ENG,Default from active division master; edit division_codes to scope this grade.
2026-2027,GSEB,ENG,POLY_CE_Y2,ENG,E,Division E,40,1,2026-2027-GSEB-ENG-POLY_CE_Y2-ENG,Default from active division master; edit division_codes to scope this grade.
2026-2027,GSEB,ENG,POLY_CE_Y2,ENG,F,Division F,40,1,2026-2027-GSEB-ENG-POLY_CE_Y2-ENG,Default from active division master; edit division_codes to scope this grade.
2026-2027,GSEB,ENG,POLY_CE_Y3,ENG,A,Division A,40,1,2026-2027-GSEB-ENG-POLY_CE_Y3-ENG,Default from active division master; edit division_codes to scope this grade.
2026-2027,GSEB,ENG,POLY_CE_Y3,ENG,B,Division B,40,1,2026-2027-GSEB-ENG-POLY_CE_Y3-ENG,Default from active division master; edit division_codes to scope this grade.
2026-2027,GSEB,ENG,POLY_CE_Y3,ENG,C,Division C,40,1,2026-2027-GSEB-ENG-POLY_CE_Y3-ENG,Default from active division master; edit division_codes to scope this grade.
2026-2027,GSEB,ENG,POLY_CE_Y3,ENG,D,Division D,40,1,2026-2027-GSEB-ENG-POLY_CE_Y3-ENG,Default from active division master; edit division_codes to scope this grade.
2026-2027,GSEB,ENG,POLY_CE_Y3,ENG,E,Division E,40,1,2026-2027-GSEB-ENG-POLY_CE_Y3-ENG,Default from active division master; edit division_codes to scope this grade.
2026-2027,GSEB,ENG,POLY_CE_Y3,ENG,F,Division F,40,1,2026-2027-GSEB-ENG-POLY_CE_Y3-ENG,Default from active division master; edit division_codes to scope this grade.
2026-2027,GSEB,ENG,POLY_ME_Y1,ENG,A,Division A,40,1,2026-2027-GSEB-ENG-POLY_ME_Y1-ENG,Default from active division master; edit division_codes to scope this grade.
2026-2027,GSEB,ENG,POLY_ME_Y1,ENG,B,Division B,40,1,2026-2027-GSEB-ENG-POLY_ME_Y1-ENG,Default from active division master; edit division_codes to scope this grade.
2026-2027,GSEB,ENG,POLY_ME_Y1,ENG,C,Division C,40,1,2026-2027-GSEB-ENG-POLY_ME_Y1-ENG,Default from active division master; edit division_codes to scope this grade.
2026-2027,GSEB,ENG,POLY_ME_Y1,ENG,D,Division D,40,1,2026-2027-GSEB-ENG-POLY_ME_Y1-ENG,Default from active division master; edit division_codes to scope this grade.
2026-2027,GSEB,ENG,POLY_ME_Y1,ENG,E,Division E,40,1,2026-2027-GSEB-ENG-POLY_ME_Y1-ENG,Default from active division master; edit division_codes to scope this grade.
2026-2027,GSEB,ENG,POLY_ME_Y1,ENG,F,Division F,40,1,2026-2027-GSEB-ENG-POLY_ME_Y1-ENG,Default from active division master; edit division_codes to scope this grade.
2026-2027,GSEB,ENG,POLY_ME_Y2,ENG,A,Division A,40,1,2026-2027-GSEB-ENG-POLY_ME_Y2-ENG,Default from active division master; edit division_codes to scope this grade.
2026-2027,GSEB,ENG,POLY_ME_Y2,ENG,B,Division B,40,1,2026-2027-GSEB-ENG-POLY_ME_Y2-ENG,Default from active division master; edit division_codes to scope this grade.
2026-2027,GSEB,ENG,POLY_ME_Y2,ENG,C,Division C,40,1,2026-2027-GSEB-ENG-POLY_ME_Y2-ENG,Default from active division master; edit division_codes to scope this grade.
2026-2027,GSEB,ENG,POLY_ME_Y2,ENG,D,Division D,40,1,2026-2027-GSEB-ENG-POLY_ME_Y2-ENG,Default from active division master; edit division_codes to scope this grade.
2026-2027,GSEB,ENG,POLY_ME_Y2,ENG,E,Division E,40,1,2026-2027-GSEB-ENG-POLY_ME_Y2-ENG,Default from active division master; edit division_codes to scope this grade.
2026-2027,GSEB,ENG,POLY_ME_Y2,ENG,F,Division F,40,1,2026-2027-GSEB-ENG-POLY_ME_Y2-ENG,Default from active division master; edit division_codes to scope this grade.
2026-2027,GSEB,ENG,POLY_ME_Y3,ENG,A,Division A,40,1,2026-2027-GSEB-ENG-POLY_ME_Y3-ENG,Default from active division master; edit division_codes to scope this grade.
2026-2027,GSEB,ENG,POLY_ME_Y3,ENG,B,Division B,40,1,2026-2027-GSEB-ENG-POLY_ME_Y3-ENG,Default from active division master; edit division_codes to scope this grade.
2026-2027,GSEB,ENG,POLY_ME_Y3,ENG,C,Division C,40,1,2026-2027-GSEB-ENG-POLY_ME_Y3-ENG,Default from active division master; edit division_codes to scope this grade.
2026-2027,GSEB,ENG,POLY_ME_Y3,ENG,D,Division D,40,1,2026-2027-GSEB-ENG-POLY_ME_Y3-ENG,Default from active division master; edit division_codes to scope this grade.
2026-2027,GSEB,ENG,POLY_ME_Y3,ENG,E,Division E,40,1,2026-2027-GSEB-ENG-POLY_ME_Y3-ENG,Default from active division master; edit division_codes to scope this grade.
2026-2027,GSEB,ENG,POLY_ME_Y3,ENG,F,Division F,40,1,2026-2027-GSEB-ENG-POLY_ME_Y3-ENG,Default from active division master; edit division_codes to scope this grade.
2026-2027,GSEB,ENG,PRE01,GEN,A,Division A,40,1,2026-2027-GSEB-ENG-PRE01-GEN,Default from active division master; edit division_codes to scope this grade.
2026-2027,GSEB,ENG,PRE01,GEN,B,Division B,40,1,2026-2027-GSEB-ENG-PRE01-GEN,Default from active division master; edit division_codes to scope this grade.
2026-2027,GSEB,ENG,PRE01,GEN,C,Division C,40,1,2026-2027-GSEB-ENG-PRE01-GEN,Default from active division master; edit division_codes to scope this grade.
2026-2027,GSEB,ENG,PRE01,GEN,D,Division D,40,1,2026-2027-GSEB-ENG-PRE01-GEN,Default from active division master; edit division_codes to scope this grade.
2026-2027,GSEB,ENG,PRE01,GEN,E,Division E,40,1,2026-2027-GSEB-ENG-PRE01-GEN,Default from active division master; edit division_codes to scope this grade.
2026-2027,GSEB,ENG,PRE01,GEN,F,Division F,40,1,2026-2027-GSEB-ENG-PRE01-GEN,Default from active division master; edit division_codes to scope this grade.
2026-2027,GSEB,ENG,PRE02,GEN,A,Division A,40,1,2026-2027-GSEB-ENG-PRE02-GEN,Default from active division master; edit division_codes to scope this grade.
2026-2027,GSEB,ENG,PRE02,GEN,B,Division B,40,1,2026-2027-GSEB-ENG-PRE02-GEN,Default from active division master; edit division_codes to scope this grade.
2026-2027,GSEB,ENG,PRE02,GEN,C,Division C,40,1,2026-2027-GSEB-ENG-PRE02-GEN,Default from active division master; edit division_codes to scope this grade.
2026-2027,GSEB,ENG,PRE02,GEN,D,Division D,40,1,2026-2027-GSEB-ENG-PRE02-GEN,Default from active division master; edit division_codes to scope this grade.
2026-2027,GSEB,ENG,PRE02,GEN,E,Division E,40,1,2026-2027-GSEB-ENG-PRE02-GEN,Default from active division master; edit division_codes to scope this grade.
2026-2027,GSEB,ENG,PRE02,GEN,F,Division F,40,1,2026-2027-GSEB-ENG-PRE02-GEN,Default from active division master; edit division_codes to scope this grade.
2026-2027,GSEB,ENG,PRE03,GEN,A,Division A,40,1,2026-2027-GSEB-ENG-PRE03-GEN,Default from active division master; edit division_codes to scope this grade.
2026-2027,GSEB,ENG,PRE03,GEN,B,Division B,40,1,2026-2027-GSEB-ENG-PRE03-GEN,Default from active division master; edit division_codes to scope this grade.
2026-2027,GSEB,ENG,PRE03,GEN,C,Division C,40,1,2026-2027-GSEB-ENG-PRE03-GEN,Default from active division master; edit division_codes to scope this grade.
2026-2027,GSEB,ENG,PRE03,GEN,D,Division D,40,1,2026-2027-GSEB-ENG-PRE03-GEN,Default from active division master; edit division_codes to scope this grade.
2026-2027,GSEB,ENG,PRE03,GEN,E,Division E,40,1,2026-2027-GSEB-ENG-PRE03-GEN,Default from active division master; edit division_codes to scope this grade.
2026-2027,GSEB,ENG,PRE03,GEN,F,Division F,40,1,2026-2027-GSEB-ENG-PRE03-GEN,Default from active division master; edit division_codes to scope this grade.
2026-2027,GSEB,ENG,PRE04,GEN,A,Division A,40,1,2026-2027-GSEB-ENG-PRE04-GEN,Default from active division master; edit division_codes to scope this grade.
2026-2027,GSEB,ENG,PRE04,GEN,B,Division B,40,1,2026-2027-GSEB-ENG-PRE04-GEN,Default from active division master; edit division_codes to scope this grade.
2026-2027,GSEB,ENG,PRE04,GEN,C,Division C,40,1,2026-2027-GSEB-ENG-PRE04-GEN,Default from active division master; edit division_codes to scope this grade.
2026-2027,GSEB,ENG,PRE04,GEN,D,Division D,40,1,2026-2027-GSEB-ENG-PRE04-GEN,Default from active division master; edit division_codes to scope this grade.
2026-2027,GSEB,ENG,PRE04,GEN,E,Division E,40,1,2026-2027-GSEB-ENG-PRE04-GEN,Default from active division master; edit division_codes to scope this grade.
2026-2027,GSEB,ENG,PRE04,GEN,F,Division F,40,1,2026-2027-GSEB-ENG-PRE04-GEN,Default from active division master; edit division_codes to scope this grade.
2026-2027,GSEB,ENG,PRO_CA_FIN,PRO_FIN,A,Division A,40,1,2026-2027-GSEB-ENG-PRO_CA_FIN-PRO_FIN,Default from active division master; edit division_codes to scope this grade.
2026-2027,GSEB,ENG,PRO_CA_FIN,PRO_FIN,B,Division B,40,1,2026-2027-GSEB-ENG-PRO_CA_FIN-PRO_FIN,Default from active division master; edit division_codes to scope this grade.
2026-2027,GSEB,ENG,PRO_CA_FIN,PRO_FIN,C,Division C,40,1,2026-2027-GSEB-ENG-PRO_CA_FIN-PRO_FIN,Default from active division master; edit division_codes to scope this grade.
2026-2027,GSEB,ENG,PRO_CA_FIN,PRO_FIN,D,Division D,40,1,2026-2027-GSEB-ENG-PRO_CA_FIN-PRO_FIN,Default from active division master; edit division_codes to scope this grade.
2026-2027,GSEB,ENG,PRO_CA_FIN,PRO_FIN,E,Division E,40,1,2026-2027-GSEB-ENG-PRO_CA_FIN-PRO_FIN,Default from active division master; edit division_codes to scope this grade.
2026-2027,GSEB,ENG,PRO_CA_FIN,PRO_FIN,F,Division F,40,1,2026-2027-GSEB-ENG-PRO_CA_FIN-PRO_FIN,Default from active division master; edit division_codes to scope this grade.
2026-2027,GSEB,ENG,PRO_CA_FND,PRO_FIN,A,Division A,40,1,2026-2027-GSEB-ENG-PRO_CA_FND-PRO_FIN,Default from active division master; edit division_codes to scope this grade.
2026-2027,GSEB,ENG,PRO_CA_FND,PRO_FIN,B,Division B,40,1,2026-2027-GSEB-ENG-PRO_CA_FND-PRO_FIN,Default from active division master; edit division_codes to scope this grade.
2026-2027,GSEB,ENG,PRO_CA_FND,PRO_FIN,C,Division C,40,1,2026-2027-GSEB-ENG-PRO_CA_FND-PRO_FIN,Default from active division master; edit division_codes to scope this grade.
2026-2027,GSEB,ENG,PRO_CA_FND,PRO_FIN,D,Division D,40,1,2026-2027-GSEB-ENG-PRO_CA_FND-PRO_FIN,Default from active division master; edit division_codes to scope this grade.
2026-2027,GSEB,ENG,PRO_CA_FND,PRO_FIN,E,Division E,40,1,2026-2027-GSEB-ENG-PRO_CA_FND-PRO_FIN,Default from active division master; edit division_codes to scope this grade.
2026-2027,GSEB,ENG,PRO_CA_FND,PRO_FIN,F,Division F,40,1,2026-2027-GSEB-ENG-PRO_CA_FND-PRO_FIN,Default from active division master; edit division_codes to scope this grade.
2026-2027,GSEB,ENG,PRO_CA_INT,PRO_FIN,A,Division A,40,1,2026-2027-GSEB-ENG-PRO_CA_INT-PRO_FIN,Default from active division master; edit division_codes to scope this grade.
2026-2027,GSEB,ENG,PRO_CA_INT,PRO_FIN,B,Division B,40,1,2026-2027-GSEB-ENG-PRO_CA_INT-PRO_FIN,Default from active division master; edit division_codes to scope this grade.
2026-2027,GSEB,ENG,PRO_CA_INT,PRO_FIN,C,Division C,40,1,2026-2027-GSEB-ENG-PRO_CA_INT-PRO_FIN,Default from active division master; edit division_codes to scope this grade.
2026-2027,GSEB,ENG,PRO_CA_INT,PRO_FIN,D,Division D,40,1,2026-2027-GSEB-ENG-PRO_CA_INT-PRO_FIN,Default from active division master; edit division_codes to scope this grade.
2026-2027,GSEB,ENG,PRO_CA_INT,PRO_FIN,E,Division E,40,1,2026-2027-GSEB-ENG-PRO_CA_INT-PRO_FIN,Default from active division master; edit division_codes to scope this grade.
2026-2027,GSEB,ENG,PRO_CA_INT,PRO_FIN,F,Division F,40,1,2026-2027-GSEB-ENG-PRO_CA_INT-PRO_FIN,Default from active division master; edit division_codes to scope this grade.
2026-2027,GSEB,ENG,PRO_CS_EXE,LAW,A,Division A,40,1,2026-2027-GSEB-ENG-PRO_CS_EXE-LAW,Default from active division master; edit division_codes to scope this grade.
2026-2027,GSEB,ENG,PRO_CS_EXE,LAW,B,Division B,40,1,2026-2027-GSEB-ENG-PRO_CS_EXE-LAW,Default from active division master; edit division_codes to scope this grade.
2026-2027,GSEB,ENG,PRO_CS_EXE,LAW,C,Division C,40,1,2026-2027-GSEB-ENG-PRO_CS_EXE-LAW,Default from active division master; edit division_codes to scope this grade.
2026-2027,GSEB,ENG,PRO_CS_EXE,LAW,D,Division D,40,1,2026-2027-GSEB-ENG-PRO_CS_EXE-LAW,Default from active division master; edit division_codes to scope this grade.
2026-2027,GSEB,ENG,PRO_CS_EXE,LAW,E,Division E,40,1,2026-2027-GSEB-ENG-PRO_CS_EXE-LAW,Default from active division master; edit division_codes to scope this grade.
2026-2027,GSEB,ENG,PRO_CS_EXE,LAW,F,Division F,40,1,2026-2027-GSEB-ENG-PRO_CS_EXE-LAW,Default from active division master; edit division_codes to scope this grade.
2026-2027,GSEB,ENG,STD01,GEN,A,Division A,40,1,2026-2027-GSEB-ENG-STD01-GEN,Default from active division master; edit division_codes to scope this grade.
2026-2027,GSEB,ENG,STD01,GEN,B,Division B,40,1,2026-2027-GSEB-ENG-STD01-GEN,Default from active division master; edit division_codes to scope this grade.
2026-2027,GSEB,ENG,STD01,GEN,C,Division C,40,1,2026-2027-GSEB-ENG-STD01-GEN,Default from active division master; edit division_codes to scope this grade.
2026-2027,GSEB,ENG,STD01,GEN,D,Division D,40,1,2026-2027-GSEB-ENG-STD01-GEN,Default from active division master; edit division_codes to scope this grade.
2026-2027,GSEB,ENG,STD01,GEN,E,Division E,40,1,2026-2027-GSEB-ENG-STD01-GEN,Default from active division master; edit division_codes to scope this grade.
2026-2027,GSEB,ENG,STD01,GEN,F,Division F,40,1,2026-2027-GSEB-ENG-STD01-GEN,Default from active division master; edit division_codes to scope this grade.
2026-2027,GSEB,ENG,STD02,GEN,A,Division A,40,1,2026-2027-GSEB-ENG-STD02-GEN,Default from active division master; edit division_codes to scope this grade.
2026-2027,GSEB,ENG,STD02,GEN,B,Division B,40,1,2026-2027-GSEB-ENG-STD02-GEN,Default from active division master; edit division_codes to scope this grade.
2026-2027,GSEB,ENG,STD02,GEN,C,Division C,40,1,2026-2027-GSEB-ENG-STD02-GEN,Default from active division master; edit division_codes to scope this grade.
2026-2027,GSEB,ENG,STD02,GEN,D,Division D,40,1,2026-2027-GSEB-ENG-STD02-GEN,Default from active division master; edit division_codes to scope this grade.
2026-2027,GSEB,ENG,STD02,GEN,E,Division E,40,1,2026-2027-GSEB-ENG-STD02-GEN,Default from active division master; edit division_codes to scope this grade.
2026-2027,GSEB,ENG,STD02,GEN,F,Division F,40,1,2026-2027-GSEB-ENG-STD02-GEN,Default from active division master; edit division_codes to scope this grade.
2026-2027,GSEB,ENG,STD03,GEN,A,Division A,40,1,2026-2027-GSEB-ENG-STD03-GEN,Default from active division master; edit division_codes to scope this grade.
2026-2027,GSEB,ENG,STD03,GEN,B,Division B,40,1,2026-2027-GSEB-ENG-STD03-GEN,Default from active division master; edit division_codes to scope this grade.
2026-2027,GSEB,ENG,STD03,GEN,C,Division C,40,1,2026-2027-GSEB-ENG-STD03-GEN,Default from active division master; edit division_codes to scope this grade.
2026-2027,GSEB,ENG,STD03,GEN,D,Division D,40,1,2026-2027-GSEB-ENG-STD03-GEN,Default from active division master; edit division_codes to scope this grade.
2026-2027,GSEB,ENG,STD03,GEN,E,Division E,40,1,2026-2027-GSEB-ENG-STD03-GEN,Default from active division master; edit division_codes to scope this grade.
2026-2027,GSEB,ENG,STD03,GEN,F,Division F,40,1,2026-2027-GSEB-ENG-STD03-GEN,Default from active division master; edit division_codes to scope this grade.
2026-2027,GSEB,ENG,STD04,GEN,A,Division A,40,1,2026-2027-GSEB-ENG-STD04-GEN,Default from active division master; edit division_codes to scope this grade.
2026-2027,GSEB,ENG,STD04,GEN,B,Division B,40,1,2026-2027-GSEB-ENG-STD04-GEN,Default from active division master; edit division_codes to scope this grade.
2026-2027,GSEB,ENG,STD04,GEN,C,Division C,40,1,2026-2027-GSEB-ENG-STD04-GEN,Default from active division master; edit division_codes to scope this grade.
2026-2027,GSEB,ENG,STD04,GEN,D,Division D,40,1,2026-2027-GSEB-ENG-STD04-GEN,Default from active division master; edit division_codes to scope this grade.
2026-2027,GSEB,ENG,STD04,GEN,E,Division E,40,1,2026-2027-GSEB-ENG-STD04-GEN,Default from active division master; edit division_codes to scope this grade.
2026-2027,GSEB,ENG,STD04,GEN,F,Division F,40,1,2026-2027-GSEB-ENG-STD04-GEN,Default from active division master; edit division_codes to scope this grade.
2026-2027,GSEB,ENG,STD05,GEN,A,Division A,40,1,2026-2027-GSEB-ENG-STD05-GEN,Default from active division master; edit division_codes to scope this grade.
2026-2027,GSEB,ENG,STD05,GEN,B,Division B,40,1,2026-2027-GSEB-ENG-STD05-GEN,Default from active division master; edit division_codes to scope this grade.
2026-2027,GSEB,ENG,STD05,GEN,C,Division C,40,1,2026-2027-GSEB-ENG-STD05-GEN,Default from active division master; edit division_codes to scope this grade.
2026-2027,GSEB,ENG,STD05,GEN,D,Division D,40,1,2026-2027-GSEB-ENG-STD05-GEN,Default from active division master; edit division_codes to scope this grade.
2026-2027,GSEB,ENG,STD05,GEN,E,Division E,40,1,2026-2027-GSEB-ENG-STD05-GEN,Default from active division master; edit division_codes to scope this grade.
2026-2027,GSEB,ENG,STD05,GEN,F,Division F,40,1,2026-2027-GSEB-ENG-STD05-GEN,Default from active division master; edit division_codes to scope this grade.
2026-2027,GSEB,ENG,STD06,GEN,A,Division A,40,1,2026-2027-GSEB-ENG-STD06-GEN,Default from active division master; edit division_codes to scope this grade.
2026-2027,GSEB,ENG,STD06,GEN,B,Division B,40,1,2026-2027-GSEB-ENG-STD06-GEN,Default from active division master; edit division_codes to scope this grade.
2026-2027,GSEB,ENG,STD06,GEN,C,Division C,40,1,2026-2027-GSEB-ENG-STD06-GEN,Default from active division master; edit division_codes to scope this grade.
2026-2027,GSEB,ENG,STD06,GEN,D,Division D,40,1,2026-2027-GSEB-ENG-STD06-GEN,Default from active division master; edit division_codes to scope this grade.
2026-2027,GSEB,ENG,STD06,GEN,E,Division E,40,1,2026-2027-GSEB-ENG-STD06-GEN,Default from active division master; edit division_codes to scope this grade.
2026-2027,GSEB,ENG,STD06,GEN,F,Division F,40,1,2026-2027-GSEB-ENG-STD06-GEN,Default from active division master; edit division_codes to scope this grade.
2026-2027,GSEB,ENG,STD07,GEN,A,Division A,40,1,2026-2027-GSEB-ENG-STD07-GEN,Default from active division master; edit division_codes to scope this grade.
2026-2027,GSEB,ENG,STD07,GEN,B,Division B,40,1,2026-2027-GSEB-ENG-STD07-GEN,Default from active division master; edit division_codes to scope this grade.
2026-2027,GSEB,ENG,STD07,GEN,C,Division C,40,1,2026-2027-GSEB-ENG-STD07-GEN,Default from active division master; edit division_codes to scope this grade.
2026-2027,GSEB,ENG,STD07,GEN,D,Division D,40,1,2026-2027-GSEB-ENG-STD07-GEN,Default from active division master; edit division_codes to scope this grade.
2026-2027,GSEB,ENG,STD07,GEN,E,Division E,40,1,2026-2027-GSEB-ENG-STD07-GEN,Default from active division master; edit division_codes to scope this grade.
2026-2027,GSEB,ENG,STD07,GEN,F,Division F,40,1,2026-2027-GSEB-ENG-STD07-GEN,Default from active division master; edit division_codes to scope this grade.
2026-2027,GSEB,ENG,STD08,GEN,A,Division A,40,1,2026-2027-GSEB-ENG-STD08-GEN,Default from active division master; edit division_codes to scope this grade.
2026-2027,GSEB,ENG,STD08,GEN,B,Division B,40,1,2026-2027-GSEB-ENG-STD08-GEN,Default from active division master; edit division_codes to scope this grade.
2026-2027,GSEB,ENG,STD08,GEN,C,Division C,40,1,2026-2027-GSEB-ENG-STD08-GEN,Default from active division master; edit division_codes to scope this grade.
2026-2027,GSEB,ENG,STD08,GEN,D,Division D,40,1,2026-2027-GSEB-ENG-STD08-GEN,Default from active division master; edit division_codes to scope this grade.
2026-2027,GSEB,ENG,STD08,GEN,E,Division E,40,1,2026-2027-GSEB-ENG-STD08-GEN,Default from active division master; edit division_codes to scope this grade.
2026-2027,GSEB,ENG,STD08,GEN,F,Division F,40,1,2026-2027-GSEB-ENG-STD08-GEN,Default from active division master; edit division_codes to scope this grade.
2026-2027,GSEB,ENG,STD09,GEN,A,Division A,40,1,2026-2027-GSEB-ENG-STD09-GEN,Default from active division master; edit division_codes to scope this grade.
2026-2027,GSEB,ENG,STD09,GEN,B,Division B,40,1,2026-2027-GSEB-ENG-STD09-GEN,Default from active division master; edit division_codes to scope this grade.
2026-2027,GSEB,ENG,STD09,GEN,C,Division C,40,1,2026-2027-GSEB-ENG-STD09-GEN,Default from active division master; edit division_codes to scope this grade.
2026-2027,GSEB,ENG,STD09,GEN,D,Division D,40,1,2026-2027-GSEB-ENG-STD09-GEN,Default from active division master; edit division_codes to scope this grade.
2026-2027,GSEB,ENG,STD09,GEN,E,Division E,40,1,2026-2027-GSEB-ENG-STD09-GEN,Default from active division master; edit division_codes to scope this grade.
2026-2027,GSEB,ENG,STD09,GEN,F,Division F,40,1,2026-2027-GSEB-ENG-STD09-GEN,Default from active division master; edit division_codes to scope this grade.
2026-2027,GSEB,ENG,STD10,GEN,A,Division A,40,1,2026-2027-GSEB-ENG-STD10-GEN,Default from active division master; edit division_codes to scope this grade.
2026-2027,GSEB,ENG,STD10,GEN,B,Division B,40,1,2026-2027-GSEB-ENG-STD10-GEN,Default from active division master; edit division_codes to scope this grade.
2026-2027,GSEB,ENG,STD10,GEN,C,Division C,40,1,2026-2027-GSEB-ENG-STD10-GEN,Default from active division master; edit division_codes to scope this grade.
2026-2027,GSEB,ENG,STD10,GEN,D,Division D,40,1,2026-2027-GSEB-ENG-STD10-GEN,Default from active division master; edit division_codes to scope this grade.
2026-2027,GSEB,ENG,STD10,GEN,E,Division E,40,1,2026-2027-GSEB-ENG-STD10-GEN,Default from active division master; edit division_codes to scope this grade.
2026-2027,GSEB,ENG,STD10,GEN,F,Division F,40,1,2026-2027-GSEB-ENG-STD10-GEN,Default from active division master; edit division_codes to scope this grade.
2026-2027,GSEB,ENG,STD11_ART,ART,A,Division A,40,1,2026-2027-GSEB-ENG-STD11_ART-ART,Default from active division master; edit division_codes to scope this grade.
2026-2027,GSEB,ENG,STD11_ART,ART,B,Division B,40,1,2026-2027-GSEB-ENG-STD11_ART-ART,Default from active division master; edit division_codes to scope this grade.
2026-2027,GSEB,ENG,STD11_ART,ART,C,Division C,40,1,2026-2027-GSEB-ENG-STD11_ART-ART,Default from active division master; edit division_codes to scope this grade.
2026-2027,GSEB,ENG,STD11_ART,ART,D,Division D,40,1,2026-2027-GSEB-ENG-STD11_ART-ART,Default from active division master; edit division_codes to scope this grade.
2026-2027,GSEB,ENG,STD11_ART,ART,E,Division E,40,1,2026-2027-GSEB-ENG-STD11_ART-ART,Default from active division master; edit division_codes to scope this grade.
2026-2027,GSEB,ENG,STD11_ART,ART,F,Division F,40,1,2026-2027-GSEB-ENG-STD11_ART-ART,Default from active division master; edit division_codes to scope this grade.
2026-2027,GSEB,ENG,STD11_COM,COM,A,Division A,40,1,2026-2027-GSEB-ENG-STD11_COM-COM,Default from active division master; edit division_codes to scope this grade.
2026-2027,GSEB,ENG,STD11_COM,COM,B,Division B,40,1,2026-2027-GSEB-ENG-STD11_COM-COM,Default from active division master; edit division_codes to scope this grade.
2026-2027,GSEB,ENG,STD11_COM,COM,C,Division C,40,1,2026-2027-GSEB-ENG-STD11_COM-COM,Default from active division master; edit division_codes to scope this grade.
2026-2027,GSEB,ENG,STD11_COM,COM,D,Division D,40,1,2026-2027-GSEB-ENG-STD11_COM-COM,Default from active division master; edit division_codes to scope this grade.
2026-2027,GSEB,ENG,STD11_COM,COM,E,Division E,40,1,2026-2027-GSEB-ENG-STD11_COM-COM,Default from active division master; edit division_codes to scope this grade.
2026-2027,GSEB,ENG,STD11_COM,COM,F,Division F,40,1,2026-2027-GSEB-ENG-STD11_COM-COM,Default from active division master; edit division_codes to scope this grade.
2026-2027,GSEB,ENG,STD11_SCI,SCI,A,Division A,40,1,2026-2027-GSEB-ENG-STD11_SCI-SCI,Default from active division master; edit division_codes to scope this grade.
2026-2027,GSEB,ENG,STD11_SCI,SCI,B,Division B,40,1,2026-2027-GSEB-ENG-STD11_SCI-SCI,Default from active division master; edit division_codes to scope this grade.
2026-2027,GSEB,ENG,STD11_SCI,SCI,C,Division C,40,1,2026-2027-GSEB-ENG-STD11_SCI-SCI,Default from active division master; edit division_codes to scope this grade.
2026-2027,GSEB,ENG,STD11_SCI,SCI,D,Division D,40,1,2026-2027-GSEB-ENG-STD11_SCI-SCI,Default from active division master; edit division_codes to scope this grade.
2026-2027,GSEB,ENG,STD11_SCI,SCI,E,Division E,40,1,2026-2027-GSEB-ENG-STD11_SCI-SCI,Default from active division master; edit division_codes to scope this grade.
2026-2027,GSEB,ENG,STD11_SCI,SCI,F,Division F,40,1,2026-2027-GSEB-ENG-STD11_SCI-SCI,Default from active division master; edit division_codes to scope this grade.
2026-2027,GSEB,ENG,STD12_ART,ART,A,Division A,40,1,2026-2027-GSEB-ENG-STD12_ART-ART,Default from active division master; edit division_codes to scope this grade.
2026-2027,GSEB,ENG,STD12_ART,ART,B,Division B,40,1,2026-2027-GSEB-ENG-STD12_ART-ART,Default from active division master; edit division_codes to scope this grade.
2026-2027,GSEB,ENG,STD12_ART,ART,C,Division C,40,1,2026-2027-GSEB-ENG-STD12_ART-ART,Default from active division master; edit division_codes to scope this grade.
2026-2027,GSEB,ENG,STD12_ART,ART,D,Division D,40,1,2026-2027-GSEB-ENG-STD12_ART-ART,Default from active division master; edit division_codes to scope this grade.
2026-2027,GSEB,ENG,STD12_ART,ART,E,Division E,40,1,2026-2027-GSEB-ENG-STD12_ART-ART,Default from active division master; edit division_codes to scope this grade.
2026-2027,GSEB,ENG,STD12_ART,ART,F,Division F,40,1,2026-2027-GSEB-ENG-STD12_ART-ART,Default from active division master; edit division_codes to scope this grade.
2026-2027,GSEB,ENG,STD12_COM,COM,A,Division A,40,1,2026-2027-GSEB-ENG-STD12_COM-COM,Default from active division master; edit division_codes to scope this grade.
2026-2027,GSEB,ENG,STD12_COM,COM,B,Division B,40,1,2026-2027-GSEB-ENG-STD12_COM-COM,Default from active division master; edit division_codes to scope this grade.
2026-2027,GSEB,ENG,STD12_COM,COM,C,Division C,40,1,2026-2027-GSEB-ENG-STD12_COM-COM,Default from active division master; edit division_codes to scope this grade.
2026-2027,GSEB,ENG,STD12_COM,COM,D,Division D,40,1,2026-2027-GSEB-ENG-STD12_COM-COM,Default from active division master; edit division_codes to scope this grade.
2026-2027,GSEB,ENG,STD12_COM,COM,E,Division E,40,1,2026-2027-GSEB-ENG-STD12_COM-COM,Default from active division master; edit division_codes to scope this grade.
2026-2027,GSEB,ENG,STD12_COM,COM,F,Division F,40,1,2026-2027-GSEB-ENG-STD12_COM-COM,Default from active division master; edit division_codes to scope this grade.
2026-2027,GSEB,ENG,STD12_SCI,SCI,A,Division A,40,1,2026-2027-GSEB-ENG-STD12_SCI-SCI,Default from active division master; edit division_codes to scope this grade.
2026-2027,GSEB,ENG,STD12_SCI,SCI,B,Division B,40,1,2026-2027-GSEB-ENG-STD12_SCI-SCI,Default from active division master; edit division_codes to scope this grade.
2026-2027,GSEB,ENG,STD12_SCI,SCI,C,Division C,40,1,2026-2027-GSEB-ENG-STD12_SCI-SCI,Default from active division master; edit division_codes to scope this grade.
2026-2027,GSEB,ENG,STD12_SCI,SCI,D,Division D,40,1,2026-2027-GSEB-ENG-STD12_SCI-SCI,Default from active division master; edit division_codes to scope this grade.
2026-2027,GSEB,ENG,STD12_SCI,SCI,E,Division E,40,1,2026-2027-GSEB-ENG-STD12_SCI-SCI,Default from active division master; edit division_codes to scope this grade.
2026-2027,GSEB,ENG,STD12_SCI,SCI,F,Division F,40,1,2026-2027-GSEB-ENG-STD12_SCI-SCI,Default from active division master; edit division_codes to scope this grade.
2026-2027,GSEB,ENG,UNI_PG_AI_Y1,AIE,A,Division A,40,1,2026-2027-GSEB-ENG-UNI_PG_AI_Y1-AIE,Default from active division master; edit division_codes to scope this grade.
2026-2027,GSEB,ENG,UNI_PG_AI_Y1,AIE,B,Division B,40,1,2026-2027-GSEB-ENG-UNI_PG_AI_Y1-AIE,Default from active division master; edit division_codes to scope this grade.
2026-2027,GSEB,ENG,UNI_PG_AI_Y1,AIE,C,Division C,40,1,2026-2027-GSEB-ENG-UNI_PG_AI_Y1-AIE,Default from active division master; edit division_codes to scope this grade.
2026-2027,GSEB,ENG,UNI_PG_AI_Y1,AIE,D,Division D,40,1,2026-2027-GSEB-ENG-UNI_PG_AI_Y1-AIE,Default from active division master; edit division_codes to scope this grade.
2026-2027,GSEB,ENG,UNI_PG_AI_Y1,AIE,E,Division E,40,1,2026-2027-GSEB-ENG-UNI_PG_AI_Y1-AIE,Default from active division master; edit division_codes to scope this grade.
2026-2027,GSEB,ENG,UNI_PG_AI_Y1,AIE,F,Division F,40,1,2026-2027-GSEB-ENG-UNI_PG_AI_Y1-AIE,Default from active division master; edit division_codes to scope this grade.
2026-2027,GSEB,ENG,UNI_PG_AI_Y2,AIE,A,Division A,40,1,2026-2027-GSEB-ENG-UNI_PG_AI_Y2-AIE,Default from active division master; edit division_codes to scope this grade.
2026-2027,GSEB,ENG,UNI_PG_AI_Y2,AIE,B,Division B,40,1,2026-2027-GSEB-ENG-UNI_PG_AI_Y2-AIE,Default from active division master; edit division_codes to scope this grade.
2026-2027,GSEB,ENG,UNI_PG_AI_Y2,AIE,C,Division C,40,1,2026-2027-GSEB-ENG-UNI_PG_AI_Y2-AIE,Default from active division master; edit division_codes to scope this grade.
2026-2027,GSEB,ENG,UNI_PG_AI_Y2,AIE,D,Division D,40,1,2026-2027-GSEB-ENG-UNI_PG_AI_Y2-AIE,Default from active division master; edit division_codes to scope this grade.
2026-2027,GSEB,ENG,UNI_PG_AI_Y2,AIE,E,Division E,40,1,2026-2027-GSEB-ENG-UNI_PG_AI_Y2-AIE,Default from active division master; edit division_codes to scope this grade.
2026-2027,GSEB,ENG,UNI_PG_AI_Y2,AIE,F,Division F,40,1,2026-2027-GSEB-ENG-UNI_PG_AI_Y2-AIE,Default from active division master; edit division_codes to scope this grade.
2026-2027,GSEB,ENG,UNI_PG_LAW_Y1,LAW,A,Division A,40,1,2026-2027-GSEB-ENG-UNI_PG_LAW_Y1-LAW,Default from active division master; edit division_codes to scope this grade.
2026-2027,GSEB,ENG,UNI_PG_LAW_Y1,LAW,B,Division B,40,1,2026-2027-GSEB-ENG-UNI_PG_LAW_Y1-LAW,Default from active division master; edit division_codes to scope this grade.
2026-2027,GSEB,ENG,UNI_PG_LAW_Y1,LAW,C,Division C,40,1,2026-2027-GSEB-ENG-UNI_PG_LAW_Y1-LAW,Default from active division master; edit division_codes to scope this grade.
2026-2027,GSEB,ENG,UNI_PG_LAW_Y1,LAW,D,Division D,40,1,2026-2027-GSEB-ENG-UNI_PG_LAW_Y1-LAW,Default from active division master; edit division_codes to scope this grade.
2026-2027,GSEB,ENG,UNI_PG_LAW_Y1,LAW,E,Division E,40,1,2026-2027-GSEB-ENG-UNI_PG_LAW_Y1-LAW,Default from active division master; edit division_codes to scope this grade.
2026-2027,GSEB,ENG,UNI_PG_LAW_Y1,LAW,F,Division F,40,1,2026-2027-GSEB-ENG-UNI_PG_LAW_Y1-LAW,Default from active division master; edit division_codes to scope this grade.
2026-2027,GSEB,ENG,UNI_PG_LAW_Y2,LAW,A,Division A,40,1,2026-2027-GSEB-ENG-UNI_PG_LAW_Y2-LAW,Default from active division master; edit division_codes to scope this grade.
2026-2027,GSEB,ENG,UNI_PG_LAW_Y2,LAW,B,Division B,40,1,2026-2027-GSEB-ENG-UNI_PG_LAW_Y2-LAW,Default from active division master; edit division_codes to scope this grade.
2026-2027,GSEB,ENG,UNI_PG_LAW_Y2,LAW,C,Division C,40,1,2026-2027-GSEB-ENG-UNI_PG_LAW_Y2-LAW,Default from active division master; edit division_codes to scope this grade.
2026-2027,GSEB,ENG,UNI_PG_LAW_Y2,LAW,D,Division D,40,1,2026-2027-GSEB-ENG-UNI_PG_LAW_Y2-LAW,Default from active division master; edit division_codes to scope this grade.
2026-2027,GSEB,ENG,UNI_PG_LAW_Y2,LAW,E,Division E,40,1,2026-2027-GSEB-ENG-UNI_PG_LAW_Y2-LAW,Default from active division master; edit division_codes to scope this grade.
2026-2027,GSEB,ENG,UNI_PG_LAW_Y2,LAW,F,Division F,40,1,2026-2027-GSEB-ENG-UNI_PG_LAW_Y2-LAW,Default from active division master; edit division_codes to scope this grade.
2026-2027,GSEB,ENG,UNI_PG_MARCH_Y1,ARC,A,Division A,40,1,2026-2027-GSEB-ENG-UNI_PG_MARCH_Y1-ARC,Default from active division master; edit division_codes to scope this grade.
2026-2027,GSEB,ENG,UNI_PG_MARCH_Y1,ARC,B,Division B,40,1,2026-2027-GSEB-ENG-UNI_PG_MARCH_Y1-ARC,Default from active division master; edit division_codes to scope this grade.
2026-2027,GSEB,ENG,UNI_PG_MARCH_Y1,ARC,C,Division C,40,1,2026-2027-GSEB-ENG-UNI_PG_MARCH_Y1-ARC,Default from active division master; edit division_codes to scope this grade.
2026-2027,GSEB,ENG,UNI_PG_MARCH_Y1,ARC,D,Division D,40,1,2026-2027-GSEB-ENG-UNI_PG_MARCH_Y1-ARC,Default from active division master; edit division_codes to scope this grade.
2026-2027,GSEB,ENG,UNI_PG_MARCH_Y1,ARC,E,Division E,40,1,2026-2027-GSEB-ENG-UNI_PG_MARCH_Y1-ARC,Default from active division master; edit division_codes to scope this grade.
2026-2027,GSEB,ENG,UNI_PG_MARCH_Y1,ARC,F,Division F,40,1,2026-2027-GSEB-ENG-UNI_PG_MARCH_Y1-ARC,Default from active division master; edit division_codes to scope this grade.
2026-2027,GSEB,ENG,UNI_PG_MBA_Y1,MGT,A,Division A,40,1,2026-2027-GSEB-ENG-UNI_PG_MBA_Y1-MGT,Default from active division master; edit division_codes to scope this grade.
2026-2027,GSEB,ENG,UNI_PG_MBA_Y1,MGT,B,Division B,40,1,2026-2027-GSEB-ENG-UNI_PG_MBA_Y1-MGT,Default from active division master; edit division_codes to scope this grade.
2026-2027,GSEB,ENG,UNI_PG_MBA_Y1,MGT,C,Division C,40,1,2026-2027-GSEB-ENG-UNI_PG_MBA_Y1-MGT,Default from active division master; edit division_codes to scope this grade.
2026-2027,GSEB,ENG,UNI_PG_MBA_Y1,MGT,D,Division D,40,1,2026-2027-GSEB-ENG-UNI_PG_MBA_Y1-MGT,Default from active division master; edit division_codes to scope this grade.
2026-2027,GSEB,ENG,UNI_PG_MBA_Y1,MGT,E,Division E,40,1,2026-2027-GSEB-ENG-UNI_PG_MBA_Y1-MGT,Default from active division master; edit division_codes to scope this grade.
2026-2027,GSEB,ENG,UNI_PG_MBA_Y1,MGT,F,Division F,40,1,2026-2027-GSEB-ENG-UNI_PG_MBA_Y1-MGT,Default from active division master; edit division_codes to scope this grade.
2026-2027,GSEB,ENG,UNI_PG_MBA_Y2,MGT,A,Division A,40,1,2026-2027-GSEB-ENG-UNI_PG_MBA_Y2-MGT,Default from active division master; edit division_codes to scope this grade.
2026-2027,GSEB,ENG,UNI_PG_MBA_Y2,MGT,B,Division B,40,1,2026-2027-GSEB-ENG-UNI_PG_MBA_Y2-MGT,Default from active division master; edit division_codes to scope this grade.
2026-2027,GSEB,ENG,UNI_PG_MBA_Y2,MGT,C,Division C,40,1,2026-2027-GSEB-ENG-UNI_PG_MBA_Y2-MGT,Default from active division master; edit division_codes to scope this grade.
2026-2027,GSEB,ENG,UNI_PG_MBA_Y2,MGT,D,Division D,40,1,2026-2027-GSEB-ENG-UNI_PG_MBA_Y2-MGT,Default from active division master; edit division_codes to scope this grade.
2026-2027,GSEB,ENG,UNI_PG_MBA_Y2,MGT,E,Division E,40,1,2026-2027-GSEB-ENG-UNI_PG_MBA_Y2-MGT,Default from active division master; edit division_codes to scope this grade.
2026-2027,GSEB,ENG,UNI_PG_MBA_Y2,MGT,F,Division F,40,1,2026-2027-GSEB-ENG-UNI_PG_MBA_Y2-MGT,Default from active division master; edit division_codes to scope this grade.
2026-2027,GSEB,ENG,UNI_PG_MCA_Y1,CSA,A,Division A,40,1,2026-2027-GSEB-ENG-UNI_PG_MCA_Y1-CSA,Default from active division master; edit division_codes to scope this grade.
2026-2027,GSEB,ENG,UNI_PG_MCA_Y1,CSA,B,Division B,40,1,2026-2027-GSEB-ENG-UNI_PG_MCA_Y1-CSA,Default from active division master; edit division_codes to scope this grade.
2026-2027,GSEB,ENG,UNI_PG_MCA_Y1,CSA,C,Division C,40,1,2026-2027-GSEB-ENG-UNI_PG_MCA_Y1-CSA,Default from active division master; edit division_codes to scope this grade.
2026-2027,GSEB,ENG,UNI_PG_MCA_Y1,CSA,D,Division D,40,1,2026-2027-GSEB-ENG-UNI_PG_MCA_Y1-CSA,Default from active division master; edit division_codes to scope this grade.
2026-2027,GSEB,ENG,UNI_PG_MCA_Y1,CSA,E,Division E,40,1,2026-2027-GSEB-ENG-UNI_PG_MCA_Y1-CSA,Default from active division master; edit division_codes to scope this grade.
2026-2027,GSEB,ENG,UNI_PG_MCA_Y1,CSA,F,Division F,40,1,2026-2027-GSEB-ENG-UNI_PG_MCA_Y1-CSA,Default from active division master; edit division_codes to scope this grade.
2026-2027,GSEB,ENG,UNI_PG_MCA_Y2,CSA,A,Division A,40,1,2026-2027-GSEB-ENG-UNI_PG_MCA_Y2-CSA,Default from active division master; edit division_codes to scope this grade.
2026-2027,GSEB,ENG,UNI_PG_MCA_Y2,CSA,B,Division B,40,1,2026-2027-GSEB-ENG-UNI_PG_MCA_Y2-CSA,Default from active division master; edit division_codes to scope this grade.
2026-2027,GSEB,ENG,UNI_PG_MCA_Y2,CSA,C,Division C,40,1,2026-2027-GSEB-ENG-UNI_PG_MCA_Y2-CSA,Default from active division master; edit division_codes to scope this grade.
2026-2027,GSEB,ENG,UNI_PG_MCA_Y2,CSA,D,Division D,40,1,2026-2027-GSEB-ENG-UNI_PG_MCA_Y2-CSA,Default from active division master; edit division_codes to scope this grade.
2026-2027,GSEB,ENG,UNI_PG_MCA_Y2,CSA,E,Division E,40,1,2026-2027-GSEB-ENG-UNI_PG_MCA_Y2-CSA,Default from active division master; edit division_codes to scope this grade.
2026-2027,GSEB,ENG,UNI_PG_MCA_Y2,CSA,F,Division F,40,1,2026-2027-GSEB-ENG-UNI_PG_MCA_Y2-CSA,Default from active division master; edit division_codes to scope this grade.
2026-2027,GSEB,ENG,UNI_PG_MCOM_Y1,PRO_FIN,A,Division A,40,1,2026-2027-GSEB-ENG-UNI_PG_MCOM_Y1-PRO_FIN,Default from active division master; edit division_codes to scope this grade.
2026-2027,GSEB,ENG,UNI_PG_MCOM_Y1,PRO_FIN,B,Division B,40,1,2026-2027-GSEB-ENG-UNI_PG_MCOM_Y1-PRO_FIN,Default from active division master; edit division_codes to scope this grade.
2026-2027,GSEB,ENG,UNI_PG_MCOM_Y1,PRO_FIN,C,Division C,40,1,2026-2027-GSEB-ENG-UNI_PG_MCOM_Y1-PRO_FIN,Default from active division master; edit division_codes to scope this grade.
2026-2027,GSEB,ENG,UNI_PG_MCOM_Y1,PRO_FIN,D,Division D,40,1,2026-2027-GSEB-ENG-UNI_PG_MCOM_Y1-PRO_FIN,Default from active division master; edit division_codes to scope this grade.
2026-2027,GSEB,ENG,UNI_PG_MCOM_Y1,PRO_FIN,E,Division E,40,1,2026-2027-GSEB-ENG-UNI_PG_MCOM_Y1-PRO_FIN,Default from active division master; edit division_codes to scope this grade.
2026-2027,GSEB,ENG,UNI_PG_MCOM_Y1,PRO_FIN,F,Division F,40,1,2026-2027-GSEB-ENG-UNI_PG_MCOM_Y1-PRO_FIN,Default from active division master; edit division_codes to scope this grade.
2026-2027,GSEB,ENG,UNI_PG_MFA_Y1,ART,A,Division A,40,1,2026-2027-GSEB-ENG-UNI_PG_MFA_Y1-ART,Default from active division master; edit division_codes to scope this grade.
2026-2027,GSEB,ENG,UNI_PG_MFA_Y1,ART,B,Division B,40,1,2026-2027-GSEB-ENG-UNI_PG_MFA_Y1-ART,Default from active division master; edit division_codes to scope this grade.
2026-2027,GSEB,ENG,UNI_PG_MFA_Y1,ART,C,Division C,40,1,2026-2027-GSEB-ENG-UNI_PG_MFA_Y1-ART,Default from active division master; edit division_codes to scope this grade.
2026-2027,GSEB,ENG,UNI_PG_MFA_Y1,ART,D,Division D,40,1,2026-2027-GSEB-ENG-UNI_PG_MFA_Y1-ART,Default from active division master; edit division_codes to scope this grade.
2026-2027,GSEB,ENG,UNI_PG_MFA_Y1,ART,E,Division E,40,1,2026-2027-GSEB-ENG-UNI_PG_MFA_Y1-ART,Default from active division master; edit division_codes to scope this grade.
2026-2027,GSEB,ENG,UNI_PG_MFA_Y1,ART,F,Division F,40,1,2026-2027-GSEB-ENG-UNI_PG_MFA_Y1-ART,Default from active division master; edit division_codes to scope this grade.
2026-2027,GSEB,ENG,UNI_PG_MPT_Y1,AHS,A,Division A,40,1,2026-2027-GSEB-ENG-UNI_PG_MPT_Y1-AHS,Default from active division master; edit division_codes to scope this grade.
2026-2027,GSEB,ENG,UNI_PG_MPT_Y1,AHS,B,Division B,40,1,2026-2027-GSEB-ENG-UNI_PG_MPT_Y1-AHS,Default from active division master; edit division_codes to scope this grade.
2026-2027,GSEB,ENG,UNI_PG_MPT_Y1,AHS,C,Division C,40,1,2026-2027-GSEB-ENG-UNI_PG_MPT_Y1-AHS,Default from active division master; edit division_codes to scope this grade.
2026-2027,GSEB,ENG,UNI_PG_MPT_Y1,AHS,D,Division D,40,1,2026-2027-GSEB-ENG-UNI_PG_MPT_Y1-AHS,Default from active division master; edit division_codes to scope this grade.
2026-2027,GSEB,ENG,UNI_PG_MPT_Y1,AHS,E,Division E,40,1,2026-2027-GSEB-ENG-UNI_PG_MPT_Y1-AHS,Default from active division master; edit division_codes to scope this grade.
2026-2027,GSEB,ENG,UNI_PG_MPT_Y1,AHS,F,Division F,40,1,2026-2027-GSEB-ENG-UNI_PG_MPT_Y1-AHS,Default from active division master; edit division_codes to scope this grade.
2026-2027,GSEB,ENG,UNI_PG_MSW_Y1,ART,A,Division A,40,1,2026-2027-GSEB-ENG-UNI_PG_MSW_Y1-ART,Default from active division master; edit division_codes to scope this grade.
2026-2027,GSEB,ENG,UNI_PG_MSW_Y1,ART,B,Division B,40,1,2026-2027-GSEB-ENG-UNI_PG_MSW_Y1-ART,Default from active division master; edit division_codes to scope this grade.
2026-2027,GSEB,ENG,UNI_PG_MSW_Y1,ART,C,Division C,40,1,2026-2027-GSEB-ENG-UNI_PG_MSW_Y1-ART,Default from active division master; edit division_codes to scope this grade.
2026-2027,GSEB,ENG,UNI_PG_MSW_Y1,ART,D,Division D,40,1,2026-2027-GSEB-ENG-UNI_PG_MSW_Y1-ART,Default from active division master; edit division_codes to scope this grade.
2026-2027,GSEB,ENG,UNI_PG_MSW_Y1,ART,E,Division E,40,1,2026-2027-GSEB-ENG-UNI_PG_MSW_Y1-ART,Default from active division master; edit division_codes to scope this grade.
2026-2027,GSEB,ENG,UNI_PG_MSW_Y1,ART,F,Division F,40,1,2026-2027-GSEB-ENG-UNI_PG_MSW_Y1-ART,Default from active division master; edit division_codes to scope this grade.
2026-2027,GSEB,ENG,UNI_PHD_AI,RES,A,Division A,40,1,2026-2027-GSEB-ENG-UNI_PHD_AI-RES,Default from active division master; edit division_codes to scope this grade.
2026-2027,GSEB,ENG,UNI_PHD_AI,RES,B,Division B,40,1,2026-2027-GSEB-ENG-UNI_PHD_AI-RES,Default from active division master; edit division_codes to scope this grade.
2026-2027,GSEB,ENG,UNI_PHD_AI,RES,C,Division C,40,1,2026-2027-GSEB-ENG-UNI_PHD_AI-RES,Default from active division master; edit division_codes to scope this grade.
2026-2027,GSEB,ENG,UNI_PHD_AI,RES,D,Division D,40,1,2026-2027-GSEB-ENG-UNI_PHD_AI-RES,Default from active division master; edit division_codes to scope this grade.
2026-2027,GSEB,ENG,UNI_PHD_AI,RES,E,Division E,40,1,2026-2027-GSEB-ENG-UNI_PHD_AI-RES,Default from active division master; edit division_codes to scope this grade.
2026-2027,GSEB,ENG,UNI_PHD_AI,RES,F,Division F,40,1,2026-2027-GSEB-ENG-UNI_PHD_AI-RES,Default from active division master; edit division_codes to scope this grade.
2026-2027,GSEB,ENG,UNI_PHD_DS,RES,A,Division A,40,1,2026-2027-GSEB-ENG-UNI_PHD_DS-RES,Default from active division master; edit division_codes to scope this grade.
2026-2027,GSEB,ENG,UNI_PHD_DS,RES,B,Division B,40,1,2026-2027-GSEB-ENG-UNI_PHD_DS-RES,Default from active division master; edit division_codes to scope this grade.
2026-2027,GSEB,ENG,UNI_PHD_DS,RES,C,Division C,40,1,2026-2027-GSEB-ENG-UNI_PHD_DS-RES,Default from active division master; edit division_codes to scope this grade.
2026-2027,GSEB,ENG,UNI_PHD_DS,RES,D,Division D,40,1,2026-2027-GSEB-ENG-UNI_PHD_DS-RES,Default from active division master; edit division_codes to scope this grade.
2026-2027,GSEB,ENG,UNI_PHD_DS,RES,E,Division E,40,1,2026-2027-GSEB-ENG-UNI_PHD_DS-RES,Default from active division master; edit division_codes to scope this grade.
2026-2027,GSEB,ENG,UNI_PHD_DS,RES,F,Division F,40,1,2026-2027-GSEB-ENG-UNI_PHD_DS-RES,Default from active division master; edit division_codes to scope this grade.
2026-2027,GSEB,ENG,UNI_PHD_RE,RES,A,Division A,40,1,2026-2027-GSEB-ENG-UNI_PHD_RE-RES,Default from active division master; edit division_codes to scope this grade.
2026-2027,GSEB,ENG,UNI_PHD_RE,RES,B,Division B,40,1,2026-2027-GSEB-ENG-UNI_PHD_RE-RES,Default from active division master; edit division_codes to scope this grade.
2026-2027,GSEB,ENG,UNI_PHD_RE,RES,C,Division C,40,1,2026-2027-GSEB-ENG-UNI_PHD_RE-RES,Default from active division master; edit division_codes to scope this grade.
2026-2027,GSEB,ENG,UNI_PHD_RE,RES,D,Division D,40,1,2026-2027-GSEB-ENG-UNI_PHD_RE-RES,Default from active division master; edit division_codes to scope this grade.
2026-2027,GSEB,ENG,UNI_PHD_RE,RES,E,Division E,40,1,2026-2027-GSEB-ENG-UNI_PHD_RE-RES,Default from active division master; edit division_codes to scope this grade.
2026-2027,GSEB,ENG,UNI_PHD_RE,RES,F,Division F,40,1,2026-2027-GSEB-ENG-UNI_PHD_RE-RES,Default from active division master; edit division_codes to scope this grade.
2026-2027,GSEB,ENG,UNI_UG_BARCH_Y1,ARC,A,Division A,40,1,2026-2027-GSEB-ENG-UNI_UG_BARCH_Y1-ARC,Default from active division master; edit division_codes to scope this grade.
2026-2027,GSEB,ENG,UNI_UG_BARCH_Y1,ARC,B,Division B,40,1,2026-2027-GSEB-ENG-UNI_UG_BARCH_Y1-ARC,Default from active division master; edit division_codes to scope this grade.
2026-2027,GSEB,ENG,UNI_UG_BARCH_Y1,ARC,C,Division C,40,1,2026-2027-GSEB-ENG-UNI_UG_BARCH_Y1-ARC,Default from active division master; edit division_codes to scope this grade.
2026-2027,GSEB,ENG,UNI_UG_BARCH_Y1,ARC,D,Division D,40,1,2026-2027-GSEB-ENG-UNI_UG_BARCH_Y1-ARC,Default from active division master; edit division_codes to scope this grade.
2026-2027,GSEB,ENG,UNI_UG_BARCH_Y1,ARC,E,Division E,40,1,2026-2027-GSEB-ENG-UNI_UG_BARCH_Y1-ARC,Default from active division master; edit division_codes to scope this grade.
2026-2027,GSEB,ENG,UNI_UG_BARCH_Y1,ARC,F,Division F,40,1,2026-2027-GSEB-ENG-UNI_UG_BARCH_Y1-ARC,Default from active division master; edit division_codes to scope this grade.
2026-2027,GSEB,ENG,UNI_UG_BARCH_Y5,ARC,A,Division A,40,1,2026-2027-GSEB-ENG-UNI_UG_BARCH_Y5-ARC,Default from active division master; edit division_codes to scope this grade.
2026-2027,GSEB,ENG,UNI_UG_BARCH_Y5,ARC,B,Division B,40,1,2026-2027-GSEB-ENG-UNI_UG_BARCH_Y5-ARC,Default from active division master; edit division_codes to scope this grade.
2026-2027,GSEB,ENG,UNI_UG_BARCH_Y5,ARC,C,Division C,40,1,2026-2027-GSEB-ENG-UNI_UG_BARCH_Y5-ARC,Default from active division master; edit division_codes to scope this grade.
2026-2027,GSEB,ENG,UNI_UG_BARCH_Y5,ARC,D,Division D,40,1,2026-2027-GSEB-ENG-UNI_UG_BARCH_Y5-ARC,Default from active division master; edit division_codes to scope this grade.
2026-2027,GSEB,ENG,UNI_UG_BARCH_Y5,ARC,E,Division E,40,1,2026-2027-GSEB-ENG-UNI_UG_BARCH_Y5-ARC,Default from active division master; edit division_codes to scope this grade.
2026-2027,GSEB,ENG,UNI_UG_BARCH_Y5,ARC,F,Division F,40,1,2026-2027-GSEB-ENG-UNI_UG_BARCH_Y5-ARC,Default from active division master; edit division_codes to scope this grade.
2026-2027,GSEB,ENG,UNI_UG_BBA_Y1,MGT,A,Division A,40,1,2026-2027-GSEB-ENG-UNI_UG_BBA_Y1-MGT,Default from active division master; edit division_codes to scope this grade.
2026-2027,GSEB,ENG,UNI_UG_BBA_Y1,MGT,B,Division B,40,1,2026-2027-GSEB-ENG-UNI_UG_BBA_Y1-MGT,Default from active division master; edit division_codes to scope this grade.
2026-2027,GSEB,ENG,UNI_UG_BBA_Y1,MGT,C,Division C,40,1,2026-2027-GSEB-ENG-UNI_UG_BBA_Y1-MGT,Default from active division master; edit division_codes to scope this grade.
2026-2027,GSEB,ENG,UNI_UG_BBA_Y1,MGT,D,Division D,40,1,2026-2027-GSEB-ENG-UNI_UG_BBA_Y1-MGT,Default from active division master; edit division_codes to scope this grade.
2026-2027,GSEB,ENG,UNI_UG_BBA_Y1,MGT,E,Division E,40,1,2026-2027-GSEB-ENG-UNI_UG_BBA_Y1-MGT,Default from active division master; edit division_codes to scope this grade.
2026-2027,GSEB,ENG,UNI_UG_BBA_Y1,MGT,F,Division F,40,1,2026-2027-GSEB-ENG-UNI_UG_BBA_Y1-MGT,Default from active division master; edit division_codes to scope this grade.
2026-2027,GSEB,ENG,UNI_UG_BBA_Y2,MGT,A,Division A,40,1,2026-2027-GSEB-ENG-UNI_UG_BBA_Y2-MGT,Default from active division master; edit division_codes to scope this grade.
2026-2027,GSEB,ENG,UNI_UG_BBA_Y2,MGT,B,Division B,40,1,2026-2027-GSEB-ENG-UNI_UG_BBA_Y2-MGT,Default from active division master; edit division_codes to scope this grade.
2026-2027,GSEB,ENG,UNI_UG_BBA_Y2,MGT,C,Division C,40,1,2026-2027-GSEB-ENG-UNI_UG_BBA_Y2-MGT,Default from active division master; edit division_codes to scope this grade.
2026-2027,GSEB,ENG,UNI_UG_BBA_Y2,MGT,D,Division D,40,1,2026-2027-GSEB-ENG-UNI_UG_BBA_Y2-MGT,Default from active division master; edit division_codes to scope this grade.
2026-2027,GSEB,ENG,UNI_UG_BBA_Y2,MGT,E,Division E,40,1,2026-2027-GSEB-ENG-UNI_UG_BBA_Y2-MGT,Default from active division master; edit division_codes to scope this grade.
2026-2027,GSEB,ENG,UNI_UG_BBA_Y2,MGT,F,Division F,40,1,2026-2027-GSEB-ENG-UNI_UG_BBA_Y2-MGT,Default from active division master; edit division_codes to scope this grade.
2026-2027,GSEB,ENG,UNI_UG_BBA_Y3,MGT,A,Division A,40,1,2026-2027-GSEB-ENG-UNI_UG_BBA_Y3-MGT,Default from active division master; edit division_codes to scope this grade.
2026-2027,GSEB,ENG,UNI_UG_BBA_Y3,MGT,B,Division B,40,1,2026-2027-GSEB-ENG-UNI_UG_BBA_Y3-MGT,Default from active division master; edit division_codes to scope this grade.
2026-2027,GSEB,ENG,UNI_UG_BBA_Y3,MGT,C,Division C,40,1,2026-2027-GSEB-ENG-UNI_UG_BBA_Y3-MGT,Default from active division master; edit division_codes to scope this grade.
2026-2027,GSEB,ENG,UNI_UG_BBA_Y3,MGT,D,Division D,40,1,2026-2027-GSEB-ENG-UNI_UG_BBA_Y3-MGT,Default from active division master; edit division_codes to scope this grade.
2026-2027,GSEB,ENG,UNI_UG_BBA_Y3,MGT,E,Division E,40,1,2026-2027-GSEB-ENG-UNI_UG_BBA_Y3-MGT,Default from active division master; edit division_codes to scope this grade.
2026-2027,GSEB,ENG,UNI_UG_BBA_Y3,MGT,F,Division F,40,1,2026-2027-GSEB-ENG-UNI_UG_BBA_Y3-MGT,Default from active division master; edit division_codes to scope this grade.
2026-2027,GSEB,ENG,UNI_UG_BCA_Y1,CSA,A,Division A,40,1,2026-2027-GSEB-ENG-UNI_UG_BCA_Y1-CSA,Default from active division master; edit division_codes to scope this grade.
2026-2027,GSEB,ENG,UNI_UG_BCA_Y1,CSA,B,Division B,40,1,2026-2027-GSEB-ENG-UNI_UG_BCA_Y1-CSA,Default from active division master; edit division_codes to scope this grade.
2026-2027,GSEB,ENG,UNI_UG_BCA_Y1,CSA,C,Division C,40,1,2026-2027-GSEB-ENG-UNI_UG_BCA_Y1-CSA,Default from active division master; edit division_codes to scope this grade.
2026-2027,GSEB,ENG,UNI_UG_BCA_Y1,CSA,D,Division D,40,1,2026-2027-GSEB-ENG-UNI_UG_BCA_Y1-CSA,Default from active division master; edit division_codes to scope this grade.
2026-2027,GSEB,ENG,UNI_UG_BCA_Y1,CSA,E,Division E,40,1,2026-2027-GSEB-ENG-UNI_UG_BCA_Y1-CSA,Default from active division master; edit division_codes to scope this grade.
2026-2027,GSEB,ENG,UNI_UG_BCA_Y1,CSA,F,Division F,40,1,2026-2027-GSEB-ENG-UNI_UG_BCA_Y1-CSA,Default from active division master; edit division_codes to scope this grade.
2026-2027,GSEB,ENG,UNI_UG_BCA_Y2,CSA,A,Division A,40,1,2026-2027-GSEB-ENG-UNI_UG_BCA_Y2-CSA,Default from active division master; edit division_codes to scope this grade.
2026-2027,GSEB,ENG,UNI_UG_BCA_Y2,CSA,B,Division B,40,1,2026-2027-GSEB-ENG-UNI_UG_BCA_Y2-CSA,Default from active division master; edit division_codes to scope this grade.
2026-2027,GSEB,ENG,UNI_UG_BCA_Y2,CSA,C,Division C,40,1,2026-2027-GSEB-ENG-UNI_UG_BCA_Y2-CSA,Default from active division master; edit division_codes to scope this grade.
2026-2027,GSEB,ENG,UNI_UG_BCA_Y2,CSA,D,Division D,40,1,2026-2027-GSEB-ENG-UNI_UG_BCA_Y2-CSA,Default from active division master; edit division_codes to scope this grade.
2026-2027,GSEB,ENG,UNI_UG_BCA_Y2,CSA,E,Division E,40,1,2026-2027-GSEB-ENG-UNI_UG_BCA_Y2-CSA,Default from active division master; edit division_codes to scope this grade.
2026-2027,GSEB,ENG,UNI_UG_BCA_Y2,CSA,F,Division F,40,1,2026-2027-GSEB-ENG-UNI_UG_BCA_Y2-CSA,Default from active division master; edit division_codes to scope this grade.
2026-2027,GSEB,ENG,UNI_UG_BCA_Y3,CSA,A,Division A,40,1,2026-2027-GSEB-ENG-UNI_UG_BCA_Y3-CSA,Default from active division master; edit division_codes to scope this grade.
2026-2027,GSEB,ENG,UNI_UG_BCA_Y3,CSA,B,Division B,40,1,2026-2027-GSEB-ENG-UNI_UG_BCA_Y3-CSA,Default from active division master; edit division_codes to scope this grade.
2026-2027,GSEB,ENG,UNI_UG_BCA_Y3,CSA,C,Division C,40,1,2026-2027-GSEB-ENG-UNI_UG_BCA_Y3-CSA,Default from active division master; edit division_codes to scope this grade.
2026-2027,GSEB,ENG,UNI_UG_BCA_Y3,CSA,D,Division D,40,1,2026-2027-GSEB-ENG-UNI_UG_BCA_Y3-CSA,Default from active division master; edit division_codes to scope this grade.
2026-2027,GSEB,ENG,UNI_UG_BCA_Y3,CSA,E,Division E,40,1,2026-2027-GSEB-ENG-UNI_UG_BCA_Y3-CSA,Default from active division master; edit division_codes to scope this grade.
2026-2027,GSEB,ENG,UNI_UG_BCA_Y3,CSA,F,Division F,40,1,2026-2027-GSEB-ENG-UNI_UG_BCA_Y3-CSA,Default from active division master; edit division_codes to scope this grade.
2026-2027,GSEB,ENG,UNI_UG_BFA_Y1,ART,A,Division A,40,1,2026-2027-GSEB-ENG-UNI_UG_BFA_Y1-ART,Default from active division master; edit division_codes to scope this grade.
2026-2027,GSEB,ENG,UNI_UG_BFA_Y1,ART,B,Division B,40,1,2026-2027-GSEB-ENG-UNI_UG_BFA_Y1-ART,Default from active division master; edit division_codes to scope this grade.
2026-2027,GSEB,ENG,UNI_UG_BFA_Y1,ART,C,Division C,40,1,2026-2027-GSEB-ENG-UNI_UG_BFA_Y1-ART,Default from active division master; edit division_codes to scope this grade.
2026-2027,GSEB,ENG,UNI_UG_BFA_Y1,ART,D,Division D,40,1,2026-2027-GSEB-ENG-UNI_UG_BFA_Y1-ART,Default from active division master; edit division_codes to scope this grade.
2026-2027,GSEB,ENG,UNI_UG_BFA_Y1,ART,E,Division E,40,1,2026-2027-GSEB-ENG-UNI_UG_BFA_Y1-ART,Default from active division master; edit division_codes to scope this grade.
2026-2027,GSEB,ENG,UNI_UG_BFA_Y1,ART,F,Division F,40,1,2026-2027-GSEB-ENG-UNI_UG_BFA_Y1-ART,Default from active division master; edit division_codes to scope this grade.
2026-2027,GSEB,ENG,UNI_UG_BHM_Y1,HOS,A,Division A,40,1,2026-2027-GSEB-ENG-UNI_UG_BHM_Y1-HOS,Default from active division master; edit division_codes to scope this grade.
2026-2027,GSEB,ENG,UNI_UG_BHM_Y1,HOS,B,Division B,40,1,2026-2027-GSEB-ENG-UNI_UG_BHM_Y1-HOS,Default from active division master; edit division_codes to scope this grade.
2026-2027,GSEB,ENG,UNI_UG_BHM_Y1,HOS,C,Division C,40,1,2026-2027-GSEB-ENG-UNI_UG_BHM_Y1-HOS,Default from active division master; edit division_codes to scope this grade.
2026-2027,GSEB,ENG,UNI_UG_BHM_Y1,HOS,D,Division D,40,1,2026-2027-GSEB-ENG-UNI_UG_BHM_Y1-HOS,Default from active division master; edit division_codes to scope this grade.
2026-2027,GSEB,ENG,UNI_UG_BHM_Y1,HOS,E,Division E,40,1,2026-2027-GSEB-ENG-UNI_UG_BHM_Y1-HOS,Default from active division master; edit division_codes to scope this grade.
2026-2027,GSEB,ENG,UNI_UG_BHM_Y1,HOS,F,Division F,40,1,2026-2027-GSEB-ENG-UNI_UG_BHM_Y1-HOS,Default from active division master; edit division_codes to scope this grade.
2026-2027,GSEB,ENG,UNI_UG_BPT_Y1,AHS,A,Division A,40,1,2026-2027-GSEB-ENG-UNI_UG_BPT_Y1-AHS,Default from active division master; edit division_codes to scope this grade.
2026-2027,GSEB,ENG,UNI_UG_BPT_Y1,AHS,B,Division B,40,1,2026-2027-GSEB-ENG-UNI_UG_BPT_Y1-AHS,Default from active division master; edit division_codes to scope this grade.
2026-2027,GSEB,ENG,UNI_UG_BPT_Y1,AHS,C,Division C,40,1,2026-2027-GSEB-ENG-UNI_UG_BPT_Y1-AHS,Default from active division master; edit division_codes to scope this grade.
2026-2027,GSEB,ENG,UNI_UG_BPT_Y1,AHS,D,Division D,40,1,2026-2027-GSEB-ENG-UNI_UG_BPT_Y1-AHS,Default from active division master; edit division_codes to scope this grade.
2026-2027,GSEB,ENG,UNI_UG_BPT_Y1,AHS,E,Division E,40,1,2026-2027-GSEB-ENG-UNI_UG_BPT_Y1-AHS,Default from active division master; edit division_codes to scope this grade.
2026-2027,GSEB,ENG,UNI_UG_BPT_Y1,AHS,F,Division F,40,1,2026-2027-GSEB-ENG-UNI_UG_BPT_Y1-AHS,Default from active division master; edit division_codes to scope this grade.
2026-2027,GSEB,ENG,UNI_UG_BPT_Y4,AHS,A,Division A,40,1,2026-2027-GSEB-ENG-UNI_UG_BPT_Y4-AHS,Default from active division master; edit division_codes to scope this grade.
2026-2027,GSEB,ENG,UNI_UG_BPT_Y4,AHS,B,Division B,40,1,2026-2027-GSEB-ENG-UNI_UG_BPT_Y4-AHS,Default from active division master; edit division_codes to scope this grade.
2026-2027,GSEB,ENG,UNI_UG_BPT_Y4,AHS,C,Division C,40,1,2026-2027-GSEB-ENG-UNI_UG_BPT_Y4-AHS,Default from active division master; edit division_codes to scope this grade.
2026-2027,GSEB,ENG,UNI_UG_BPT_Y4,AHS,D,Division D,40,1,2026-2027-GSEB-ENG-UNI_UG_BPT_Y4-AHS,Default from active division master; edit division_codes to scope this grade.
2026-2027,GSEB,ENG,UNI_UG_BPT_Y4,AHS,E,Division E,40,1,2026-2027-GSEB-ENG-UNI_UG_BPT_Y4-AHS,Default from active division master; edit division_codes to scope this grade.
2026-2027,GSEB,ENG,UNI_UG_BPT_Y4,AHS,F,Division F,40,1,2026-2027-GSEB-ENG-UNI_UG_BPT_Y4-AHS,Default from active division master; edit division_codes to scope this grade.
2026-2027,GSEB,ENG,UNI_UG_BSW_Y1,ART,A,Division A,40,1,2026-2027-GSEB-ENG-UNI_UG_BSW_Y1-ART,Default from active division master; edit division_codes to scope this grade.
2026-2027,GSEB,ENG,UNI_UG_BSW_Y1,ART,B,Division B,40,1,2026-2027-GSEB-ENG-UNI_UG_BSW_Y1-ART,Default from active division master; edit division_codes to scope this grade.
2026-2027,GSEB,ENG,UNI_UG_BSW_Y1,ART,C,Division C,40,1,2026-2027-GSEB-ENG-UNI_UG_BSW_Y1-ART,Default from active division master; edit division_codes to scope this grade.
2026-2027,GSEB,ENG,UNI_UG_BSW_Y1,ART,D,Division D,40,1,2026-2027-GSEB-ENG-UNI_UG_BSW_Y1-ART,Default from active division master; edit division_codes to scope this grade.
2026-2027,GSEB,ENG,UNI_UG_BSW_Y1,ART,E,Division E,40,1,2026-2027-GSEB-ENG-UNI_UG_BSW_Y1-ART,Default from active division master; edit division_codes to scope this grade.
2026-2027,GSEB,ENG,UNI_UG_BSW_Y1,ART,F,Division F,40,1,2026-2027-GSEB-ENG-UNI_UG_BSW_Y1-ART,Default from active division master; edit division_codes to scope this grade.
2026-2027,GSEB,ENG,UNI_UG_CSE_Y1,ENG,A,Division A,40,1,2026-2027-GSEB-ENG-UNI_UG_CSE_Y1-ENG,Default from active division master; edit division_codes to scope this grade.
2026-2027,GSEB,ENG,UNI_UG_CSE_Y1,ENG,B,Division B,40,1,2026-2027-GSEB-ENG-UNI_UG_CSE_Y1-ENG,Default from active division master; edit division_codes to scope this grade.
2026-2027,GSEB,ENG,UNI_UG_CSE_Y1,ENG,C,Division C,40,1,2026-2027-GSEB-ENG-UNI_UG_CSE_Y1-ENG,Default from active division master; edit division_codes to scope this grade.
2026-2027,GSEB,ENG,UNI_UG_CSE_Y1,ENG,D,Division D,40,1,2026-2027-GSEB-ENG-UNI_UG_CSE_Y1-ENG,Default from active division master; edit division_codes to scope this grade.
2026-2027,GSEB,ENG,UNI_UG_CSE_Y1,ENG,E,Division E,40,1,2026-2027-GSEB-ENG-UNI_UG_CSE_Y1-ENG,Default from active division master; edit division_codes to scope this grade.
2026-2027,GSEB,ENG,UNI_UG_CSE_Y1,ENG,F,Division F,40,1,2026-2027-GSEB-ENG-UNI_UG_CSE_Y1-ENG,Default from active division master; edit division_codes to scope this grade.
2026-2027,GSEB,ENG,UNI_UG_CSE_Y2,ENG,A,Division A,40,1,2026-2027-GSEB-ENG-UNI_UG_CSE_Y2-ENG,Default from active division master; edit division_codes to scope this grade.
2026-2027,GSEB,ENG,UNI_UG_CSE_Y2,ENG,B,Division B,40,1,2026-2027-GSEB-ENG-UNI_UG_CSE_Y2-ENG,Default from active division master; edit division_codes to scope this grade.
2026-2027,GSEB,ENG,UNI_UG_CSE_Y2,ENG,C,Division C,40,1,2026-2027-GSEB-ENG-UNI_UG_CSE_Y2-ENG,Default from active division master; edit division_codes to scope this grade.
2026-2027,GSEB,ENG,UNI_UG_CSE_Y2,ENG,D,Division D,40,1,2026-2027-GSEB-ENG-UNI_UG_CSE_Y2-ENG,Default from active division master; edit division_codes to scope this grade.
2026-2027,GSEB,ENG,UNI_UG_CSE_Y2,ENG,E,Division E,40,1,2026-2027-GSEB-ENG-UNI_UG_CSE_Y2-ENG,Default from active division master; edit division_codes to scope this grade.
2026-2027,GSEB,ENG,UNI_UG_CSE_Y2,ENG,F,Division F,40,1,2026-2027-GSEB-ENG-UNI_UG_CSE_Y2-ENG,Default from active division master; edit division_codes to scope this grade.
2026-2027,GSEB,ENG,UNI_UG_CSE_Y3,ENG,A,Division A,40,1,2026-2027-GSEB-ENG-UNI_UG_CSE_Y3-ENG,Default from active division master; edit division_codes to scope this grade.
2026-2027,GSEB,ENG,UNI_UG_CSE_Y3,ENG,B,Division B,40,1,2026-2027-GSEB-ENG-UNI_UG_CSE_Y3-ENG,Default from active division master; edit division_codes to scope this grade.
2026-2027,GSEB,ENG,UNI_UG_CSE_Y3,ENG,C,Division C,40,1,2026-2027-GSEB-ENG-UNI_UG_CSE_Y3-ENG,Default from active division master; edit division_codes to scope this grade.
2026-2027,GSEB,ENG,UNI_UG_CSE_Y3,ENG,D,Division D,40,1,2026-2027-GSEB-ENG-UNI_UG_CSE_Y3-ENG,Default from active division master; edit division_codes to scope this grade.
2026-2027,GSEB,ENG,UNI_UG_CSE_Y3,ENG,E,Division E,40,1,2026-2027-GSEB-ENG-UNI_UG_CSE_Y3-ENG,Default from active division master; edit division_codes to scope this grade.
2026-2027,GSEB,ENG,UNI_UG_CSE_Y3,ENG,F,Division F,40,1,2026-2027-GSEB-ENG-UNI_UG_CSE_Y3-ENG,Default from active division master; edit division_codes to scope this grade.
2026-2027,GSEB,ENG,UNI_UG_CSE_Y4,ENG,A,Division A,40,1,2026-2027-GSEB-ENG-UNI_UG_CSE_Y4-ENG,Default from active division master; edit division_codes to scope this grade.
2026-2027,GSEB,ENG,UNI_UG_CSE_Y4,ENG,B,Division B,40,1,2026-2027-GSEB-ENG-UNI_UG_CSE_Y4-ENG,Default from active division master; edit division_codes to scope this grade.
2026-2027,GSEB,ENG,UNI_UG_CSE_Y4,ENG,C,Division C,40,1,2026-2027-GSEB-ENG-UNI_UG_CSE_Y4-ENG,Default from active division master; edit division_codes to scope this grade.
2026-2027,GSEB,ENG,UNI_UG_CSE_Y4,ENG,D,Division D,40,1,2026-2027-GSEB-ENG-UNI_UG_CSE_Y4-ENG,Default from active division master; edit division_codes to scope this grade.
2026-2027,GSEB,ENG,UNI_UG_CSE_Y4,ENG,E,Division E,40,1,2026-2027-GSEB-ENG-UNI_UG_CSE_Y4-ENG,Default from active division master; edit division_codes to scope this grade.
2026-2027,GSEB,ENG,UNI_UG_CSE_Y4,ENG,F,Division F,40,1,2026-2027-GSEB-ENG-UNI_UG_CSE_Y4-ENG,Default from active division master; edit division_codes to scope this grade.
2026-2027,GSEB,ENG,UNI_UG_DS_Y1,SCI,A,Division A,40,1,2026-2027-GSEB-ENG-UNI_UG_DS_Y1-SCI,Default from active division master; edit division_codes to scope this grade.
2026-2027,GSEB,ENG,UNI_UG_DS_Y1,SCI,B,Division B,40,1,2026-2027-GSEB-ENG-UNI_UG_DS_Y1-SCI,Default from active division master; edit division_codes to scope this grade.
2026-2027,GSEB,ENG,UNI_UG_DS_Y1,SCI,C,Division C,40,1,2026-2027-GSEB-ENG-UNI_UG_DS_Y1-SCI,Default from active division master; edit division_codes to scope this grade.
2026-2027,GSEB,ENG,UNI_UG_DS_Y1,SCI,D,Division D,40,1,2026-2027-GSEB-ENG-UNI_UG_DS_Y1-SCI,Default from active division master; edit division_codes to scope this grade.
2026-2027,GSEB,ENG,UNI_UG_DS_Y1,SCI,E,Division E,40,1,2026-2027-GSEB-ENG-UNI_UG_DS_Y1-SCI,Default from active division master; edit division_codes to scope this grade.
2026-2027,GSEB,ENG,UNI_UG_DS_Y1,SCI,F,Division F,40,1,2026-2027-GSEB-ENG-UNI_UG_DS_Y1-SCI,Default from active division master; edit division_codes to scope this grade.
2026-2027,GSEB,ENG,UNI_UG_DS_Y2,SCI,A,Division A,40,1,2026-2027-GSEB-ENG-UNI_UG_DS_Y2-SCI,Default from active division master; edit division_codes to scope this grade.
2026-2027,GSEB,ENG,UNI_UG_DS_Y2,SCI,B,Division B,40,1,2026-2027-GSEB-ENG-UNI_UG_DS_Y2-SCI,Default from active division master; edit division_codes to scope this grade.
2026-2027,GSEB,ENG,UNI_UG_DS_Y2,SCI,C,Division C,40,1,2026-2027-GSEB-ENG-UNI_UG_DS_Y2-SCI,Default from active division master; edit division_codes to scope this grade.
2026-2027,GSEB,ENG,UNI_UG_DS_Y2,SCI,D,Division D,40,1,2026-2027-GSEB-ENG-UNI_UG_DS_Y2-SCI,Default from active division master; edit division_codes to scope this grade.
2026-2027,GSEB,ENG,UNI_UG_DS_Y2,SCI,E,Division E,40,1,2026-2027-GSEB-ENG-UNI_UG_DS_Y2-SCI,Default from active division master; edit division_codes to scope this grade.
2026-2027,GSEB,ENG,UNI_UG_DS_Y2,SCI,F,Division F,40,1,2026-2027-GSEB-ENG-UNI_UG_DS_Y2-SCI,Default from active division master; edit division_codes to scope this grade.
2026-2027,GSEB,ENG,UNI_UG_DS_Y3,SCI,A,Division A,40,1,2026-2027-GSEB-ENG-UNI_UG_DS_Y3-SCI,Default from active division master; edit division_codes to scope this grade.
2026-2027,GSEB,ENG,UNI_UG_DS_Y3,SCI,B,Division B,40,1,2026-2027-GSEB-ENG-UNI_UG_DS_Y3-SCI,Default from active division master; edit division_codes to scope this grade.
2026-2027,GSEB,ENG,UNI_UG_DS_Y3,SCI,C,Division C,40,1,2026-2027-GSEB-ENG-UNI_UG_DS_Y3-SCI,Default from active division master; edit division_codes to scope this grade.
2026-2027,GSEB,ENG,UNI_UG_DS_Y3,SCI,D,Division D,40,1,2026-2027-GSEB-ENG-UNI_UG_DS_Y3-SCI,Default from active division master; edit division_codes to scope this grade.
2026-2027,GSEB,ENG,UNI_UG_DS_Y3,SCI,E,Division E,40,1,2026-2027-GSEB-ENG-UNI_UG_DS_Y3-SCI,Default from active division master; edit division_codes to scope this grade.
2026-2027,GSEB,ENG,UNI_UG_DS_Y3,SCI,F,Division F,40,1,2026-2027-GSEB-ENG-UNI_UG_DS_Y3-SCI,Default from active division master; edit division_codes to scope this grade.
2026-2027,GSEB,ENG,UNI_UG_LAW_Y1,LAW,A,Division A,40,1,2026-2027-GSEB-ENG-UNI_UG_LAW_Y1-LAW,Default from active division master; edit division_codes to scope this grade.
2026-2027,GSEB,ENG,UNI_UG_LAW_Y1,LAW,B,Division B,40,1,2026-2027-GSEB-ENG-UNI_UG_LAW_Y1-LAW,Default from active division master; edit division_codes to scope this grade.
2026-2027,GSEB,ENG,UNI_UG_LAW_Y1,LAW,C,Division C,40,1,2026-2027-GSEB-ENG-UNI_UG_LAW_Y1-LAW,Default from active division master; edit division_codes to scope this grade.
2026-2027,GSEB,ENG,UNI_UG_LAW_Y1,LAW,D,Division D,40,1,2026-2027-GSEB-ENG-UNI_UG_LAW_Y1-LAW,Default from active division master; edit division_codes to scope this grade.
2026-2027,GSEB,ENG,UNI_UG_LAW_Y1,LAW,E,Division E,40,1,2026-2027-GSEB-ENG-UNI_UG_LAW_Y1-LAW,Default from active division master; edit division_codes to scope this grade.
2026-2027,GSEB,ENG,UNI_UG_LAW_Y1,LAW,F,Division F,40,1,2026-2027-GSEB-ENG-UNI_UG_LAW_Y1-LAW,Default from active division master; edit division_codes to scope this grade.
2026-2027,GSEB,ENG,UNI_UG_LAW_Y5,LAW,A,Division A,40,1,2026-2027-GSEB-ENG-UNI_UG_LAW_Y5-LAW,Default from active division master; edit division_codes to scope this grade.
2026-2027,GSEB,ENG,UNI_UG_LAW_Y5,LAW,B,Division B,40,1,2026-2027-GSEB-ENG-UNI_UG_LAW_Y5-LAW,Default from active division master; edit division_codes to scope this grade.
2026-2027,GSEB,ENG,UNI_UG_LAW_Y5,LAW,C,Division C,40,1,2026-2027-GSEB-ENG-UNI_UG_LAW_Y5-LAW,Default from active division master; edit division_codes to scope this grade.
2026-2027,GSEB,ENG,UNI_UG_LAW_Y5,LAW,D,Division D,40,1,2026-2027-GSEB-ENG-UNI_UG_LAW_Y5-LAW,Default from active division master; edit division_codes to scope this grade.
2026-2027,GSEB,ENG,UNI_UG_LAW_Y5,LAW,E,Division E,40,1,2026-2027-GSEB-ENG-UNI_UG_LAW_Y5-LAW,Default from active division master; edit division_codes to scope this grade.
2026-2027,GSEB,ENG,UNI_UG_LAW_Y5,LAW,F,Division F,40,1,2026-2027-GSEB-ENG-UNI_UG_LAW_Y5-LAW,Default from active division master; edit division_codes to scope this grade.
2026-2027,GSEB,ENG,UNI_UG_MED_Y1,MED,A,Division A,40,1,2026-2027-GSEB-ENG-UNI_UG_MED_Y1-MED,Default from active division master; edit division_codes to scope this grade.
2026-2027,GSEB,ENG,UNI_UG_MED_Y1,MED,B,Division B,40,1,2026-2027-GSEB-ENG-UNI_UG_MED_Y1-MED,Default from active division master; edit division_codes to scope this grade.
2026-2027,GSEB,ENG,UNI_UG_MED_Y1,MED,C,Division C,40,1,2026-2027-GSEB-ENG-UNI_UG_MED_Y1-MED,Default from active division master; edit division_codes to scope this grade.
2026-2027,GSEB,ENG,UNI_UG_MED_Y1,MED,D,Division D,40,1,2026-2027-GSEB-ENG-UNI_UG_MED_Y1-MED,Default from active division master; edit division_codes to scope this grade.
2026-2027,GSEB,ENG,UNI_UG_MED_Y1,MED,E,Division E,40,1,2026-2027-GSEB-ENG-UNI_UG_MED_Y1-MED,Default from active division master; edit division_codes to scope this grade.
2026-2027,GSEB,ENG,UNI_UG_MED_Y1,MED,F,Division F,40,1,2026-2027-GSEB-ENG-UNI_UG_MED_Y1-MED,Default from active division master; edit division_codes to scope this grade.
2026-2027,GSEB,ENG,UNI_UG_MED_Y2,MED,A,Division A,40,1,2026-2027-GSEB-ENG-UNI_UG_MED_Y2-MED,Default from active division master; edit division_codes to scope this grade.
2026-2027,GSEB,ENG,UNI_UG_MED_Y2,MED,B,Division B,40,1,2026-2027-GSEB-ENG-UNI_UG_MED_Y2-MED,Default from active division master; edit division_codes to scope this grade.
2026-2027,GSEB,ENG,UNI_UG_MED_Y2,MED,C,Division C,40,1,2026-2027-GSEB-ENG-UNI_UG_MED_Y2-MED,Default from active division master; edit division_codes to scope this grade.
2026-2027,GSEB,ENG,UNI_UG_MED_Y2,MED,D,Division D,40,1,2026-2027-GSEB-ENG-UNI_UG_MED_Y2-MED,Default from active division master; edit division_codes to scope this grade.
2026-2027,GSEB,ENG,UNI_UG_MED_Y2,MED,E,Division E,40,1,2026-2027-GSEB-ENG-UNI_UG_MED_Y2-MED,Default from active division master; edit division_codes to scope this grade.
2026-2027,GSEB,ENG,UNI_UG_MED_Y2,MED,F,Division F,40,1,2026-2027-GSEB-ENG-UNI_UG_MED_Y2-MED,Default from active division master; edit division_codes to scope this grade.
2026-2027,GSEB,ENG,UNI_UG_MED_Y3,MED,A,Division A,40,1,2026-2027-GSEB-ENG-UNI_UG_MED_Y3-MED,Default from active division master; edit division_codes to scope this grade.
2026-2027,GSEB,ENG,UNI_UG_MED_Y3,MED,B,Division B,40,1,2026-2027-GSEB-ENG-UNI_UG_MED_Y3-MED,Default from active division master; edit division_codes to scope this grade.
2026-2027,GSEB,ENG,UNI_UG_MED_Y3,MED,C,Division C,40,1,2026-2027-GSEB-ENG-UNI_UG_MED_Y3-MED,Default from active division master; edit division_codes to scope this grade.
2026-2027,GSEB,ENG,UNI_UG_MED_Y3,MED,D,Division D,40,1,2026-2027-GSEB-ENG-UNI_UG_MED_Y3-MED,Default from active division master; edit division_codes to scope this grade.
2026-2027,GSEB,ENG,UNI_UG_MED_Y3,MED,E,Division E,40,1,2026-2027-GSEB-ENG-UNI_UG_MED_Y3-MED,Default from active division master; edit division_codes to scope this grade.
2026-2027,GSEB,ENG,UNI_UG_MED_Y3,MED,F,Division F,40,1,2026-2027-GSEB-ENG-UNI_UG_MED_Y3-MED,Default from active division master; edit division_codes to scope this grade.
2026-2027,GSEB,ENG,UNI_UG_MED_Y4,MED,A,Division A,40,1,2026-2027-GSEB-ENG-UNI_UG_MED_Y4-MED,Default from active division master; edit division_codes to scope this grade.
2026-2027,GSEB,ENG,UNI_UG_MED_Y4,MED,B,Division B,40,1,2026-2027-GSEB-ENG-UNI_UG_MED_Y4-MED,Default from active division master; edit division_codes to scope this grade.
2026-2027,GSEB,ENG,UNI_UG_MED_Y4,MED,C,Division C,40,1,2026-2027-GSEB-ENG-UNI_UG_MED_Y4-MED,Default from active division master; edit division_codes to scope this grade.
2026-2027,GSEB,ENG,UNI_UG_MED_Y4,MED,D,Division D,40,1,2026-2027-GSEB-ENG-UNI_UG_MED_Y4-MED,Default from active division master; edit division_codes to scope this grade.
2026-2027,GSEB,ENG,UNI_UG_MED_Y4,MED,E,Division E,40,1,2026-2027-GSEB-ENG-UNI_UG_MED_Y4-MED,Default from active division master; edit division_codes to scope this grade.
2026-2027,GSEB,ENG,UNI_UG_MED_Y4,MED,F,Division F,40,1,2026-2027-GSEB-ENG-UNI_UG_MED_Y4-MED,Default from active division master; edit division_codes to scope this grade.
2026-2027,GSEB,ENG,UNI_UG_MED_Y5,MED,A,Division A,40,1,2026-2027-GSEB-ENG-UNI_UG_MED_Y5-MED,Default from active division master; edit division_codes to scope this grade.
2026-2027,GSEB,ENG,UNI_UG_MED_Y5,MED,B,Division B,40,1,2026-2027-GSEB-ENG-UNI_UG_MED_Y5-MED,Default from active division master; edit division_codes to scope this grade.
2026-2027,GSEB,ENG,UNI_UG_MED_Y5,MED,C,Division C,40,1,2026-2027-GSEB-ENG-UNI_UG_MED_Y5-MED,Default from active division master; edit division_codes to scope this grade.
2026-2027,GSEB,ENG,UNI_UG_MED_Y5,MED,D,Division D,40,1,2026-2027-GSEB-ENG-UNI_UG_MED_Y5-MED,Default from active division master; edit division_codes to scope this grade.
2026-2027,GSEB,ENG,UNI_UG_MED_Y5,MED,E,Division E,40,1,2026-2027-GSEB-ENG-UNI_UG_MED_Y5-MED,Default from active division master; edit division_codes to scope this grade.
2026-2027,GSEB,ENG,UNI_UG_MED_Y5,MED,F,Division F,40,1,2026-2027-GSEB-ENG-UNI_UG_MED_Y5-MED,Default from active division master; edit division_codes to scope this grade.
2026-2027,GSEB,ENG,UNI_UG_UX_Y1,DES,A,Division A,40,1,2026-2027-GSEB-ENG-UNI_UG_UX_Y1-DES,Default from active division master; edit division_codes to scope this grade.
2026-2027,GSEB,ENG,UNI_UG_UX_Y1,DES,B,Division B,40,1,2026-2027-GSEB-ENG-UNI_UG_UX_Y1-DES,Default from active division master; edit division_codes to scope this grade.
2026-2027,GSEB,ENG,UNI_UG_UX_Y1,DES,C,Division C,40,1,2026-2027-GSEB-ENG-UNI_UG_UX_Y1-DES,Default from active division master; edit division_codes to scope this grade.
2026-2027,GSEB,ENG,UNI_UG_UX_Y1,DES,D,Division D,40,1,2026-2027-GSEB-ENG-UNI_UG_UX_Y1-DES,Default from active division master; edit division_codes to scope this grade.
2026-2027,GSEB,ENG,UNI_UG_UX_Y1,DES,E,Division E,40,1,2026-2027-GSEB-ENG-UNI_UG_UX_Y1-DES,Default from active division master; edit division_codes to scope this grade.
2026-2027,GSEB,ENG,UNI_UG_UX_Y1,DES,F,Division F,40,1,2026-2027-GSEB-ENG-UNI_UG_UX_Y1-DES,Default from active division master; edit division_codes to scope this grade.
2026-2027,GSEB,ENG,UNI_UG_UX_Y2,DES,A,Division A,40,1,2026-2027-GSEB-ENG-UNI_UG_UX_Y2-DES,Default from active division master; edit division_codes to scope this grade.
2026-2027,GSEB,ENG,UNI_UG_UX_Y2,DES,B,Division B,40,1,2026-2027-GSEB-ENG-UNI_UG_UX_Y2-DES,Default from active division master; edit division_codes to scope this grade.
2026-2027,GSEB,ENG,UNI_UG_UX_Y2,DES,C,Division C,40,1,2026-2027-GSEB-ENG-UNI_UG_UX_Y2-DES,Default from active division master; edit division_codes to scope this grade.
2026-2027,GSEB,ENG,UNI_UG_UX_Y2,DES,D,Division D,40,1,2026-2027-GSEB-ENG-UNI_UG_UX_Y2-DES,Default from active division master; edit division_codes to scope this grade.
2026-2027,GSEB,ENG,UNI_UG_UX_Y2,DES,E,Division E,40,1,2026-2027-GSEB-ENG-UNI_UG_UX_Y2-DES,Default from active division master; edit division_codes to scope this grade.
2026-2027,GSEB,ENG,UNI_UG_UX_Y2,DES,F,Division F,40,1,2026-2027-GSEB-ENG-UNI_UG_UX_Y2-DES,Default from active division master; edit division_codes to scope this grade.
2026-2027,GSEB,ENG,UNI_UG_UX_Y3,DES,A,Division A,40,1,2026-2027-GSEB-ENG-UNI_UG_UX_Y3-DES,Default from active division master; edit division_codes to scope this grade.
2026-2027,GSEB,ENG,UNI_UG_UX_Y3,DES,B,Division B,40,1,2026-2027-GSEB-ENG-UNI_UG_UX_Y3-DES,Default from active division master; edit division_codes to scope this grade.
2026-2027,GSEB,ENG,UNI_UG_UX_Y3,DES,C,Division C,40,1,2026-2027-GSEB-ENG-UNI_UG_UX_Y3-DES,Default from active division master; edit division_codes to scope this grade.
2026-2027,GSEB,ENG,UNI_UG_UX_Y3,DES,D,Division D,40,1,2026-2027-GSEB-ENG-UNI_UG_UX_Y3-DES,Default from active division master; edit division_codes to scope this grade.
2026-2027,GSEB,ENG,UNI_UG_UX_Y3,DES,E,Division E,40,1,2026-2027-GSEB-ENG-UNI_UG_UX_Y3-DES,Default from active division master; edit division_codes to scope this grade.
2026-2027,GSEB,ENG,UNI_UG_UX_Y3,DES,F,Division F,40,1,2026-2027-GSEB-ENG-UNI_UG_UX_Y3-DES,Default from active division master; edit division_codes to scope this grade.
2026-2027,GSEB,ENG,UNI_UG_UX_Y4,DES,A,Division A,40,1,2026-2027-GSEB-ENG-UNI_UG_UX_Y4-DES,Default from active division master; edit division_codes to scope this grade.
2026-2027,GSEB,ENG,UNI_UG_UX_Y4,DES,B,Division B,40,1,2026-2027-GSEB-ENG-UNI_UG_UX_Y4-DES,Default from active division master; edit division_codes to scope this grade.
2026-2027,GSEB,ENG,UNI_UG_UX_Y4,DES,C,Division C,40,1,2026-2027-GSEB-ENG-UNI_UG_UX_Y4-DES,Default from active division master; edit division_codes to scope this grade.
2026-2027,GSEB,ENG,UNI_UG_UX_Y4,DES,D,Division D,40,1,2026-2027-GSEB-ENG-UNI_UG_UX_Y4-DES,Default from active division master; edit division_codes to scope this grade.
2026-2027,GSEB,ENG,UNI_UG_UX_Y4,DES,E,Division E,40,1,2026-2027-GSEB-ENG-UNI_UG_UX_Y4-DES,Default from active division master; edit division_codes to scope this grade.
2026-2027,GSEB,ENG,UNI_UG_UX_Y4,DES,F,Division F,40,1,2026-2027-GSEB-ENG-UNI_UG_UX_Y4-DES,Default from active division master; edit division_codes to scope this grade.
2026-2027,GSEB,GUJ,ITI_ELEC,VOC_IND,A,Division A,40,1,2026-2027-GSEB-GUJ-ITI_ELEC-VOC_IND,Default from active division master; edit division_codes to scope this grade.
2026-2027,GSEB,GUJ,ITI_ELEC,VOC_IND,B,Division B,40,1,2026-2027-GSEB-GUJ-ITI_ELEC-VOC_IND,Default from active division master; edit division_codes to scope this grade.
2026-2027,GSEB,GUJ,ITI_ELEC,VOC_IND,C,Division C,40,1,2026-2027-GSEB-GUJ-ITI_ELEC-VOC_IND,Default from active division master; edit division_codes to scope this grade.
2026-2027,GSEB,GUJ,ITI_ELEC,VOC_IND,D,Division D,40,1,2026-2027-GSEB-GUJ-ITI_ELEC-VOC_IND,Default from active division master; edit division_codes to scope this grade.
2026-2027,GSEB,GUJ,ITI_ELEC,VOC_IND,E,Division E,40,1,2026-2027-GSEB-GUJ-ITI_ELEC-VOC_IND,Default from active division master; edit division_codes to scope this grade.
2026-2027,GSEB,GUJ,ITI_ELEC,VOC_IND,F,Division F,40,1,2026-2027-GSEB-GUJ-ITI_ELEC-VOC_IND,Default from active division master; edit division_codes to scope this grade.
2026-2027,GSEB,GUJ,ITI_FIT,VOC_IND,A,Division A,40,1,2026-2027-GSEB-GUJ-ITI_FIT-VOC_IND,Default from active division master; edit division_codes to scope this grade.
2026-2027,GSEB,GUJ,ITI_FIT,VOC_IND,B,Division B,40,1,2026-2027-GSEB-GUJ-ITI_FIT-VOC_IND,Default from active division master; edit division_codes to scope this grade.
2026-2027,GSEB,GUJ,ITI_FIT,VOC_IND,C,Division C,40,1,2026-2027-GSEB-GUJ-ITI_FIT-VOC_IND,Default from active division master; edit division_codes to scope this grade.
2026-2027,GSEB,GUJ,ITI_FIT,VOC_IND,D,Division D,40,1,2026-2027-GSEB-GUJ-ITI_FIT-VOC_IND,Default from active division master; edit division_codes to scope this grade.
2026-2027,GSEB,GUJ,ITI_FIT,VOC_IND,E,Division E,40,1,2026-2027-GSEB-GUJ-ITI_FIT-VOC_IND,Default from active division master; edit division_codes to scope this grade.
2026-2027,GSEB,GUJ,ITI_FIT,VOC_IND,F,Division F,40,1,2026-2027-GSEB-GUJ-ITI_FIT-VOC_IND,Default from active division master; edit division_codes to scope this grade.
2026-2027,GSEB,GUJ,LMS_CERT_AGILE,MGT,A,Division A,40,1,2026-2027-GSEB-GUJ-LMS_CERT_AGILE-MGT,Default from active division master; edit division_codes to scope this grade.
2026-2027,GSEB,GUJ,LMS_CERT_AGILE,MGT,B,Division B,40,1,2026-2027-GSEB-GUJ-LMS_CERT_AGILE-MGT,Default from active division master; edit division_codes to scope this grade.
2026-2027,GSEB,GUJ,LMS_CERT_AGILE,MGT,C,Division C,40,1,2026-2027-GSEB-GUJ-LMS_CERT_AGILE-MGT,Default from active division master; edit division_codes to scope this grade.
2026-2027,GSEB,GUJ,LMS_CERT_AGILE,MGT,D,Division D,40,1,2026-2027-GSEB-GUJ-LMS_CERT_AGILE-MGT,Default from active division master; edit division_codes to scope this grade.
2026-2027,GSEB,GUJ,LMS_CERT_AGILE,MGT,E,Division E,40,1,2026-2027-GSEB-GUJ-LMS_CERT_AGILE-MGT,Default from active division master; edit division_codes to scope this grade.
2026-2027,GSEB,GUJ,LMS_CERT_AGILE,MGT,F,Division F,40,1,2026-2027-GSEB-GUJ-LMS_CERT_AGILE-MGT,Default from active division master; edit division_codes to scope this grade.
2026-2027,GSEB,GUJ,LMS_CERT_CLOUD,ENG,A,Division A,40,1,2026-2027-GSEB-GUJ-LMS_CERT_CLOUD-ENG,Default from active division master; edit division_codes to scope this grade.
2026-2027,GSEB,GUJ,LMS_CERT_CLOUD,ENG,B,Division B,40,1,2026-2027-GSEB-GUJ-LMS_CERT_CLOUD-ENG,Default from active division master; edit division_codes to scope this grade.
2026-2027,GSEB,GUJ,LMS_CERT_CLOUD,ENG,C,Division C,40,1,2026-2027-GSEB-GUJ-LMS_CERT_CLOUD-ENG,Default from active division master; edit division_codes to scope this grade.
2026-2027,GSEB,GUJ,LMS_CERT_CLOUD,ENG,D,Division D,40,1,2026-2027-GSEB-GUJ-LMS_CERT_CLOUD-ENG,Default from active division master; edit division_codes to scope this grade.
2026-2027,GSEB,GUJ,LMS_CERT_CLOUD,ENG,E,Division E,40,1,2026-2027-GSEB-GUJ-LMS_CERT_CLOUD-ENG,Default from active division master; edit division_codes to scope this grade.
2026-2027,GSEB,GUJ,LMS_CERT_CLOUD,ENG,F,Division F,40,1,2026-2027-GSEB-GUJ-LMS_CERT_CLOUD-ENG,Default from active division master; edit division_codes to scope this grade.
2026-2027,GSEB,GUJ,LMS_CERT_CYBER,CSA,A,Division A,40,1,2026-2027-GSEB-GUJ-LMS_CERT_CYBER-CSA,Default from active division master; edit division_codes to scope this grade.
2026-2027,GSEB,GUJ,LMS_CERT_CYBER,CSA,B,Division B,40,1,2026-2027-GSEB-GUJ-LMS_CERT_CYBER-CSA,Default from active division master; edit division_codes to scope this grade.
2026-2027,GSEB,GUJ,LMS_CERT_CYBER,CSA,C,Division C,40,1,2026-2027-GSEB-GUJ-LMS_CERT_CYBER-CSA,Default from active division master; edit division_codes to scope this grade.
2026-2027,GSEB,GUJ,LMS_CERT_CYBER,CSA,D,Division D,40,1,2026-2027-GSEB-GUJ-LMS_CERT_CYBER-CSA,Default from active division master; edit division_codes to scope this grade.
2026-2027,GSEB,GUJ,LMS_CERT_CYBER,CSA,E,Division E,40,1,2026-2027-GSEB-GUJ-LMS_CERT_CYBER-CSA,Default from active division master; edit division_codes to scope this grade.
2026-2027,GSEB,GUJ,LMS_CERT_CYBER,CSA,F,Division F,40,1,2026-2027-GSEB-GUJ-LMS_CERT_CYBER-CSA,Default from active division master; edit division_codes to scope this grade.
2026-2027,GSEB,GUJ,LMS_CERT_DATA,AIE,A,Division A,40,1,2026-2027-GSEB-GUJ-LMS_CERT_DATA-AIE,Default from active division master; edit division_codes to scope this grade.
2026-2027,GSEB,GUJ,LMS_CERT_DATA,AIE,B,Division B,40,1,2026-2027-GSEB-GUJ-LMS_CERT_DATA-AIE,Default from active division master; edit division_codes to scope this grade.
2026-2027,GSEB,GUJ,LMS_CERT_DATA,AIE,C,Division C,40,1,2026-2027-GSEB-GUJ-LMS_CERT_DATA-AIE,Default from active division master; edit division_codes to scope this grade.
2026-2027,GSEB,GUJ,LMS_CERT_DATA,AIE,D,Division D,40,1,2026-2027-GSEB-GUJ-LMS_CERT_DATA-AIE,Default from active division master; edit division_codes to scope this grade.
2026-2027,GSEB,GUJ,LMS_CERT_DATA,AIE,E,Division E,40,1,2026-2027-GSEB-GUJ-LMS_CERT_DATA-AIE,Default from active division master; edit division_codes to scope this grade.
2026-2027,GSEB,GUJ,LMS_CERT_DATA,AIE,F,Division F,40,1,2026-2027-GSEB-GUJ-LMS_CERT_DATA-AIE,Default from active division master; edit division_codes to scope this grade.
2026-2027,GSEB,GUJ,LMS_CERT_DIGMKT,MKT,A,Division A,40,1,2026-2027-GSEB-GUJ-LMS_CERT_DIGMKT-MKT,Default from active division master; edit division_codes to scope this grade.
2026-2027,GSEB,GUJ,LMS_CERT_DIGMKT,MKT,B,Division B,40,1,2026-2027-GSEB-GUJ-LMS_CERT_DIGMKT-MKT,Default from active division master; edit division_codes to scope this grade.
2026-2027,GSEB,GUJ,LMS_CERT_DIGMKT,MKT,C,Division C,40,1,2026-2027-GSEB-GUJ-LMS_CERT_DIGMKT-MKT,Default from active division master; edit division_codes to scope this grade.
2026-2027,GSEB,GUJ,LMS_CERT_DIGMKT,MKT,D,Division D,40,1,2026-2027-GSEB-GUJ-LMS_CERT_DIGMKT-MKT,Default from active division master; edit division_codes to scope this grade.
2026-2027,GSEB,GUJ,LMS_CERT_DIGMKT,MKT,E,Division E,40,1,2026-2027-GSEB-GUJ-LMS_CERT_DIGMKT-MKT,Default from active division master; edit division_codes to scope this grade.
2026-2027,GSEB,GUJ,LMS_CERT_DIGMKT,MKT,F,Division F,40,1,2026-2027-GSEB-GUJ-LMS_CERT_DIGMKT-MKT,Default from active division master; edit division_codes to scope this grade.
2026-2027,GSEB,GUJ,LMS_CERT_FSD,CSA,A,Division A,40,1,2026-2027-GSEB-GUJ-LMS_CERT_FSD-CSA,Default from active division master; edit division_codes to scope this grade.
2026-2027,GSEB,GUJ,LMS_CERT_FSD,CSA,B,Division B,40,1,2026-2027-GSEB-GUJ-LMS_CERT_FSD-CSA,Default from active division master; edit division_codes to scope this grade.
2026-2027,GSEB,GUJ,LMS_CERT_FSD,CSA,C,Division C,40,1,2026-2027-GSEB-GUJ-LMS_CERT_FSD-CSA,Default from active division master; edit division_codes to scope this grade.
2026-2027,GSEB,GUJ,LMS_CERT_FSD,CSA,D,Division D,40,1,2026-2027-GSEB-GUJ-LMS_CERT_FSD-CSA,Default from active division master; edit division_codes to scope this grade.
2026-2027,GSEB,GUJ,LMS_CERT_FSD,CSA,E,Division E,40,1,2026-2027-GSEB-GUJ-LMS_CERT_FSD-CSA,Default from active division master; edit division_codes to scope this grade.
2026-2027,GSEB,GUJ,LMS_CERT_FSD,CSA,F,Division F,40,1,2026-2027-GSEB-GUJ-LMS_CERT_FSD-CSA,Default from active division master; edit division_codes to scope this grade.
2026-2027,GSEB,GUJ,LMS_CERT_MLOPS,AIE,A,Division A,40,1,2026-2027-GSEB-GUJ-LMS_CERT_MLOPS-AIE,Default from active division master; edit division_codes to scope this grade.
2026-2027,GSEB,GUJ,LMS_CERT_MLOPS,AIE,B,Division B,40,1,2026-2027-GSEB-GUJ-LMS_CERT_MLOPS-AIE,Default from active division master; edit division_codes to scope this grade.
2026-2027,GSEB,GUJ,LMS_CERT_MLOPS,AIE,C,Division C,40,1,2026-2027-GSEB-GUJ-LMS_CERT_MLOPS-AIE,Default from active division master; edit division_codes to scope this grade.
2026-2027,GSEB,GUJ,LMS_CERT_MLOPS,AIE,D,Division D,40,1,2026-2027-GSEB-GUJ-LMS_CERT_MLOPS-AIE,Default from active division master; edit division_codes to scope this grade.
2026-2027,GSEB,GUJ,LMS_CERT_MLOPS,AIE,E,Division E,40,1,2026-2027-GSEB-GUJ-LMS_CERT_MLOPS-AIE,Default from active division master; edit division_codes to scope this grade.
2026-2027,GSEB,GUJ,LMS_CERT_MLOPS,AIE,F,Division F,40,1,2026-2027-GSEB-GUJ-LMS_CERT_MLOPS-AIE,Default from active division master; edit division_codes to scope this grade.
2026-2027,GSEB,GUJ,LMS_CERT_PM,MGT,A,Division A,40,1,2026-2027-GSEB-GUJ-LMS_CERT_PM-MGT,Default from active division master; edit division_codes to scope this grade.
2026-2027,GSEB,GUJ,LMS_CERT_PM,MGT,B,Division B,40,1,2026-2027-GSEB-GUJ-LMS_CERT_PM-MGT,Default from active division master; edit division_codes to scope this grade.
2026-2027,GSEB,GUJ,LMS_CERT_PM,MGT,C,Division C,40,1,2026-2027-GSEB-GUJ-LMS_CERT_PM-MGT,Default from active division master; edit division_codes to scope this grade.
2026-2027,GSEB,GUJ,LMS_CERT_PM,MGT,D,Division D,40,1,2026-2027-GSEB-GUJ-LMS_CERT_PM-MGT,Default from active division master; edit division_codes to scope this grade.
2026-2027,GSEB,GUJ,LMS_CERT_PM,MGT,E,Division E,40,1,2026-2027-GSEB-GUJ-LMS_CERT_PM-MGT,Default from active division master; edit division_codes to scope this grade.
2026-2027,GSEB,GUJ,LMS_CERT_PM,MGT,F,Division F,40,1,2026-2027-GSEB-GUJ-LMS_CERT_PM-MGT,Default from active division master; edit division_codes to scope this grade.
2026-2027,GSEB,GUJ,LMS_CERT_WEB3,EMG,A,Division A,40,1,2026-2027-GSEB-GUJ-LMS_CERT_WEB3-EMG,Default from active division master; edit division_codes to scope this grade.
2026-2027,GSEB,GUJ,LMS_CERT_WEB3,EMG,B,Division B,40,1,2026-2027-GSEB-GUJ-LMS_CERT_WEB3-EMG,Default from active division master; edit division_codes to scope this grade.
2026-2027,GSEB,GUJ,LMS_CERT_WEB3,EMG,C,Division C,40,1,2026-2027-GSEB-GUJ-LMS_CERT_WEB3-EMG,Default from active division master; edit division_codes to scope this grade.
2026-2027,GSEB,GUJ,LMS_CERT_WEB3,EMG,D,Division D,40,1,2026-2027-GSEB-GUJ-LMS_CERT_WEB3-EMG,Default from active division master; edit division_codes to scope this grade.
2026-2027,GSEB,GUJ,LMS_CERT_WEB3,EMG,E,Division E,40,1,2026-2027-GSEB-GUJ-LMS_CERT_WEB3-EMG,Default from active division master; edit division_codes to scope this grade.
2026-2027,GSEB,GUJ,LMS_CERT_WEB3,EMG,F,Division F,40,1,2026-2027-GSEB-GUJ-LMS_CERT_WEB3-EMG,Default from active division master; edit division_codes to scope this grade.
2026-2027,GSEB,GUJ,NUR_BSC_Y1,NUR,A,Division A,40,1,2026-2027-GSEB-GUJ-NUR_BSC_Y1-NUR,Default from active division master; edit division_codes to scope this grade.
2026-2027,GSEB,GUJ,NUR_BSC_Y1,NUR,B,Division B,40,1,2026-2027-GSEB-GUJ-NUR_BSC_Y1-NUR,Default from active division master; edit division_codes to scope this grade.
2026-2027,GSEB,GUJ,NUR_BSC_Y1,NUR,C,Division C,40,1,2026-2027-GSEB-GUJ-NUR_BSC_Y1-NUR,Default from active division master; edit division_codes to scope this grade.
2026-2027,GSEB,GUJ,NUR_BSC_Y1,NUR,D,Division D,40,1,2026-2027-GSEB-GUJ-NUR_BSC_Y1-NUR,Default from active division master; edit division_codes to scope this grade.
2026-2027,GSEB,GUJ,NUR_BSC_Y1,NUR,E,Division E,40,1,2026-2027-GSEB-GUJ-NUR_BSC_Y1-NUR,Default from active division master; edit division_codes to scope this grade.
2026-2027,GSEB,GUJ,NUR_BSC_Y1,NUR,F,Division F,40,1,2026-2027-GSEB-GUJ-NUR_BSC_Y1-NUR,Default from active division master; edit division_codes to scope this grade.
2026-2027,GSEB,GUJ,NUR_GNM_Y1,NUR,A,Division A,40,1,2026-2027-GSEB-GUJ-NUR_GNM_Y1-NUR,Default from active division master; edit division_codes to scope this grade.
2026-2027,GSEB,GUJ,NUR_GNM_Y1,NUR,B,Division B,40,1,2026-2027-GSEB-GUJ-NUR_GNM_Y1-NUR,Default from active division master; edit division_codes to scope this grade.
2026-2027,GSEB,GUJ,NUR_GNM_Y1,NUR,C,Division C,40,1,2026-2027-GSEB-GUJ-NUR_GNM_Y1-NUR,Default from active division master; edit division_codes to scope this grade.
2026-2027,GSEB,GUJ,NUR_GNM_Y1,NUR,D,Division D,40,1,2026-2027-GSEB-GUJ-NUR_GNM_Y1-NUR,Default from active division master; edit division_codes to scope this grade.
2026-2027,GSEB,GUJ,NUR_GNM_Y1,NUR,E,Division E,40,1,2026-2027-GSEB-GUJ-NUR_GNM_Y1-NUR,Default from active division master; edit division_codes to scope this grade.
2026-2027,GSEB,GUJ,NUR_GNM_Y1,NUR,F,Division F,40,1,2026-2027-GSEB-GUJ-NUR_GNM_Y1-NUR,Default from active division master; edit division_codes to scope this grade.
2026-2027,GSEB,GUJ,NUR_GNM_Y2,NUR,A,Division A,40,1,2026-2027-GSEB-GUJ-NUR_GNM_Y2-NUR,Default from active division master; edit division_codes to scope this grade.
2026-2027,GSEB,GUJ,NUR_GNM_Y2,NUR,B,Division B,40,1,2026-2027-GSEB-GUJ-NUR_GNM_Y2-NUR,Default from active division master; edit division_codes to scope this grade.
2026-2027,GSEB,GUJ,NUR_GNM_Y2,NUR,C,Division C,40,1,2026-2027-GSEB-GUJ-NUR_GNM_Y2-NUR,Default from active division master; edit division_codes to scope this grade.
2026-2027,GSEB,GUJ,NUR_GNM_Y2,NUR,D,Division D,40,1,2026-2027-GSEB-GUJ-NUR_GNM_Y2-NUR,Default from active division master; edit division_codes to scope this grade.
2026-2027,GSEB,GUJ,NUR_GNM_Y2,NUR,E,Division E,40,1,2026-2027-GSEB-GUJ-NUR_GNM_Y2-NUR,Default from active division master; edit division_codes to scope this grade.
2026-2027,GSEB,GUJ,NUR_GNM_Y2,NUR,F,Division F,40,1,2026-2027-GSEB-GUJ-NUR_GNM_Y2-NUR,Default from active division master; edit division_codes to scope this grade.
2026-2027,GSEB,GUJ,POLY_CE_Y1,ENG,A,Division A,40,1,2026-2027-GSEB-GUJ-POLY_CE_Y1-ENG,Default from active division master; edit division_codes to scope this grade.
2026-2027,GSEB,GUJ,POLY_CE_Y1,ENG,B,Division B,40,1,2026-2027-GSEB-GUJ-POLY_CE_Y1-ENG,Default from active division master; edit division_codes to scope this grade.
2026-2027,GSEB,GUJ,POLY_CE_Y1,ENG,C,Division C,40,1,2026-2027-GSEB-GUJ-POLY_CE_Y1-ENG,Default from active division master; edit division_codes to scope this grade.
2026-2027,GSEB,GUJ,POLY_CE_Y1,ENG,D,Division D,40,1,2026-2027-GSEB-GUJ-POLY_CE_Y1-ENG,Default from active division master; edit division_codes to scope this grade.
2026-2027,GSEB,GUJ,POLY_CE_Y1,ENG,E,Division E,40,1,2026-2027-GSEB-GUJ-POLY_CE_Y1-ENG,Default from active division master; edit division_codes to scope this grade.
2026-2027,GSEB,GUJ,POLY_CE_Y1,ENG,F,Division F,40,1,2026-2027-GSEB-GUJ-POLY_CE_Y1-ENG,Default from active division master; edit division_codes to scope this grade.
2026-2027,GSEB,GUJ,POLY_CE_Y2,ENG,A,Division A,40,1,2026-2027-GSEB-GUJ-POLY_CE_Y2-ENG,Default from active division master; edit division_codes to scope this grade.
2026-2027,GSEB,GUJ,POLY_CE_Y2,ENG,B,Division B,40,1,2026-2027-GSEB-GUJ-POLY_CE_Y2-ENG,Default from active division master; edit division_codes to scope this grade.
2026-2027,GSEB,GUJ,POLY_CE_Y2,ENG,C,Division C,40,1,2026-2027-GSEB-GUJ-POLY_CE_Y2-ENG,Default from active division master; edit division_codes to scope this grade.
2026-2027,GSEB,GUJ,POLY_CE_Y2,ENG,D,Division D,40,1,2026-2027-GSEB-GUJ-POLY_CE_Y2-ENG,Default from active division master; edit division_codes to scope this grade.
2026-2027,GSEB,GUJ,POLY_CE_Y2,ENG,E,Division E,40,1,2026-2027-GSEB-GUJ-POLY_CE_Y2-ENG,Default from active division master; edit division_codes to scope this grade.
2026-2027,GSEB,GUJ,POLY_CE_Y2,ENG,F,Division F,40,1,2026-2027-GSEB-GUJ-POLY_CE_Y2-ENG,Default from active division master; edit division_codes to scope this grade.
2026-2027,GSEB,GUJ,POLY_CE_Y3,ENG,A,Division A,40,1,2026-2027-GSEB-GUJ-POLY_CE_Y3-ENG,Default from active division master; edit division_codes to scope this grade.
2026-2027,GSEB,GUJ,POLY_CE_Y3,ENG,B,Division B,40,1,2026-2027-GSEB-GUJ-POLY_CE_Y3-ENG,Default from active division master; edit division_codes to scope this grade.
2026-2027,GSEB,GUJ,POLY_CE_Y3,ENG,C,Division C,40,1,2026-2027-GSEB-GUJ-POLY_CE_Y3-ENG,Default from active division master; edit division_codes to scope this grade.
2026-2027,GSEB,GUJ,POLY_CE_Y3,ENG,D,Division D,40,1,2026-2027-GSEB-GUJ-POLY_CE_Y3-ENG,Default from active division master; edit division_codes to scope this grade.
2026-2027,GSEB,GUJ,POLY_CE_Y3,ENG,E,Division E,40,1,2026-2027-GSEB-GUJ-POLY_CE_Y3-ENG,Default from active division master; edit division_codes to scope this grade.
2026-2027,GSEB,GUJ,POLY_CE_Y3,ENG,F,Division F,40,1,2026-2027-GSEB-GUJ-POLY_CE_Y3-ENG,Default from active division master; edit division_codes to scope this grade.
2026-2027,GSEB,GUJ,POLY_ME_Y1,ENG,A,Division A,40,1,2026-2027-GSEB-GUJ-POLY_ME_Y1-ENG,Default from active division master; edit division_codes to scope this grade.
2026-2027,GSEB,GUJ,POLY_ME_Y1,ENG,B,Division B,40,1,2026-2027-GSEB-GUJ-POLY_ME_Y1-ENG,Default from active division master; edit division_codes to scope this grade.
2026-2027,GSEB,GUJ,POLY_ME_Y1,ENG,C,Division C,40,1,2026-2027-GSEB-GUJ-POLY_ME_Y1-ENG,Default from active division master; edit division_codes to scope this grade.
2026-2027,GSEB,GUJ,POLY_ME_Y1,ENG,D,Division D,40,1,2026-2027-GSEB-GUJ-POLY_ME_Y1-ENG,Default from active division master; edit division_codes to scope this grade.
2026-2027,GSEB,GUJ,POLY_ME_Y1,ENG,E,Division E,40,1,2026-2027-GSEB-GUJ-POLY_ME_Y1-ENG,Default from active division master; edit division_codes to scope this grade.
2026-2027,GSEB,GUJ,POLY_ME_Y1,ENG,F,Division F,40,1,2026-2027-GSEB-GUJ-POLY_ME_Y1-ENG,Default from active division master; edit division_codes to scope this grade.
2026-2027,GSEB,GUJ,POLY_ME_Y2,ENG,A,Division A,40,1,2026-2027-GSEB-GUJ-POLY_ME_Y2-ENG,Default from active division master; edit division_codes to scope this grade.
2026-2027,GSEB,GUJ,POLY_ME_Y2,ENG,B,Division B,40,1,2026-2027-GSEB-GUJ-POLY_ME_Y2-ENG,Default from active division master; edit division_codes to scope this grade.
2026-2027,GSEB,GUJ,POLY_ME_Y2,ENG,C,Division C,40,1,2026-2027-GSEB-GUJ-POLY_ME_Y2-ENG,Default from active division master; edit division_codes to scope this grade.
2026-2027,GSEB,GUJ,POLY_ME_Y2,ENG,D,Division D,40,1,2026-2027-GSEB-GUJ-POLY_ME_Y2-ENG,Default from active division master; edit division_codes to scope this grade.
2026-2027,GSEB,GUJ,POLY_ME_Y2,ENG,E,Division E,40,1,2026-2027-GSEB-GUJ-POLY_ME_Y2-ENG,Default from active division master; edit division_codes to scope this grade.
2026-2027,GSEB,GUJ,POLY_ME_Y2,ENG,F,Division F,40,1,2026-2027-GSEB-GUJ-POLY_ME_Y2-ENG,Default from active division master; edit division_codes to scope this grade.
2026-2027,GSEB,GUJ,POLY_ME_Y3,ENG,A,Division A,40,1,2026-2027-GSEB-GUJ-POLY_ME_Y3-ENG,Default from active division master; edit division_codes to scope this grade.
2026-2027,GSEB,GUJ,POLY_ME_Y3,ENG,B,Division B,40,1,2026-2027-GSEB-GUJ-POLY_ME_Y3-ENG,Default from active division master; edit division_codes to scope this grade.
2026-2027,GSEB,GUJ,POLY_ME_Y3,ENG,C,Division C,40,1,2026-2027-GSEB-GUJ-POLY_ME_Y3-ENG,Default from active division master; edit division_codes to scope this grade.
2026-2027,GSEB,GUJ,POLY_ME_Y3,ENG,D,Division D,40,1,2026-2027-GSEB-GUJ-POLY_ME_Y3-ENG,Default from active division master; edit division_codes to scope this grade.
2026-2027,GSEB,GUJ,POLY_ME_Y3,ENG,E,Division E,40,1,2026-2027-GSEB-GUJ-POLY_ME_Y3-ENG,Default from active division master; edit division_codes to scope this grade.
2026-2027,GSEB,GUJ,POLY_ME_Y3,ENG,F,Division F,40,1,2026-2027-GSEB-GUJ-POLY_ME_Y3-ENG,Default from active division master; edit division_codes to scope this grade.
2026-2027,GSEB,GUJ,PRE01,GEN,A,Division A,40,1,2026-2027-GSEB-GUJ-PRE01-GEN,Default from active division master; edit division_codes to scope this grade.
2026-2027,GSEB,GUJ,PRE01,GEN,B,Division B,40,1,2026-2027-GSEB-GUJ-PRE01-GEN,Default from active division master; edit division_codes to scope this grade.
2026-2027,GSEB,GUJ,PRE01,GEN,C,Division C,40,1,2026-2027-GSEB-GUJ-PRE01-GEN,Default from active division master; edit division_codes to scope this grade.
2026-2027,GSEB,GUJ,PRE01,GEN,D,Division D,40,1,2026-2027-GSEB-GUJ-PRE01-GEN,Default from active division master; edit division_codes to scope this grade.
2026-2027,GSEB,GUJ,PRE01,GEN,E,Division E,40,1,2026-2027-GSEB-GUJ-PRE01-GEN,Default from active division master; edit division_codes to scope this grade.
2026-2027,GSEB,GUJ,PRE01,GEN,F,Division F,40,1,2026-2027-GSEB-GUJ-PRE01-GEN,Default from active division master; edit division_codes to scope this grade.
2026-2027,GSEB,GUJ,PRE02,GEN,A,Division A,40,1,2026-2027-GSEB-GUJ-PRE02-GEN,Default from active division master; edit division_codes to scope this grade.
2026-2027,GSEB,GUJ,PRE02,GEN,B,Division B,40,1,2026-2027-GSEB-GUJ-PRE02-GEN,Default from active division master; edit division_codes to scope this grade.
2026-2027,GSEB,GUJ,PRE02,GEN,C,Division C,40,1,2026-2027-GSEB-GUJ-PRE02-GEN,Default from active division master; edit division_codes to scope this grade.
2026-2027,GSEB,GUJ,PRE02,GEN,D,Division D,40,1,2026-2027-GSEB-GUJ-PRE02-GEN,Default from active division master; edit division_codes to scope this grade.
2026-2027,GSEB,GUJ,PRE02,GEN,E,Division E,40,1,2026-2027-GSEB-GUJ-PRE02-GEN,Default from active division master; edit division_codes to scope this grade.
2026-2027,GSEB,GUJ,PRE02,GEN,F,Division F,40,1,2026-2027-GSEB-GUJ-PRE02-GEN,Default from active division master; edit division_codes to scope this grade.
2026-2027,GSEB,GUJ,PRE03,GEN,A,Division A,40,1,2026-2027-GSEB-GUJ-PRE03-GEN,Default from active division master; edit division_codes to scope this grade.
2026-2027,GSEB,GUJ,PRE03,GEN,B,Division B,40,1,2026-2027-GSEB-GUJ-PRE03-GEN,Default from active division master; edit division_codes to scope this grade.
2026-2027,GSEB,GUJ,PRE03,GEN,C,Division C,40,1,2026-2027-GSEB-GUJ-PRE03-GEN,Default from active division master; edit division_codes to scope this grade.
2026-2027,GSEB,GUJ,PRE03,GEN,D,Division D,40,1,2026-2027-GSEB-GUJ-PRE03-GEN,Default from active division master; edit division_codes to scope this grade.
2026-2027,GSEB,GUJ,PRE03,GEN,E,Division E,40,1,2026-2027-GSEB-GUJ-PRE03-GEN,Default from active division master; edit division_codes to scope this grade.
2026-2027,GSEB,GUJ,PRE03,GEN,F,Division F,40,1,2026-2027-GSEB-GUJ-PRE03-GEN,Default from active division master; edit division_codes to scope this grade.
2026-2027,GSEB,GUJ,PRE04,GEN,A,Division A,40,1,2026-2027-GSEB-GUJ-PRE04-GEN,Default from active division master; edit division_codes to scope this grade.
2026-2027,GSEB,GUJ,PRE04,GEN,B,Division B,40,1,2026-2027-GSEB-GUJ-PRE04-GEN,Default from active division master; edit division_codes to scope this grade.
2026-2027,GSEB,GUJ,PRE04,GEN,C,Division C,40,1,2026-2027-GSEB-GUJ-PRE04-GEN,Default from active division master; edit division_codes to scope this grade.
2026-2027,GSEB,GUJ,PRE04,GEN,D,Division D,40,1,2026-2027-GSEB-GUJ-PRE04-GEN,Default from active division master; edit division_codes to scope this grade.
2026-2027,GSEB,GUJ,PRE04,GEN,E,Division E,40,1,2026-2027-GSEB-GUJ-PRE04-GEN,Default from active division master; edit division_codes to scope this grade.
2026-2027,GSEB,GUJ,PRE04,GEN,F,Division F,40,1,2026-2027-GSEB-GUJ-PRE04-GEN,Default from active division master; edit division_codes to scope this grade.
2026-2027,GSEB,GUJ,PRO_CA_FIN,PRO_FIN,A,Division A,40,1,2026-2027-GSEB-GUJ-PRO_CA_FIN-PRO_FIN,Default from active division master; edit division_codes to scope this grade.
2026-2027,GSEB,GUJ,PRO_CA_FIN,PRO_FIN,B,Division B,40,1,2026-2027-GSEB-GUJ-PRO_CA_FIN-PRO_FIN,Default from active division master; edit division_codes to scope this grade.
2026-2027,GSEB,GUJ,PRO_CA_FIN,PRO_FIN,C,Division C,40,1,2026-2027-GSEB-GUJ-PRO_CA_FIN-PRO_FIN,Default from active division master; edit division_codes to scope this grade.
2026-2027,GSEB,GUJ,PRO_CA_FIN,PRO_FIN,D,Division D,40,1,2026-2027-GSEB-GUJ-PRO_CA_FIN-PRO_FIN,Default from active division master; edit division_codes to scope this grade.
2026-2027,GSEB,GUJ,PRO_CA_FIN,PRO_FIN,E,Division E,40,1,2026-2027-GSEB-GUJ-PRO_CA_FIN-PRO_FIN,Default from active division master; edit division_codes to scope this grade.
2026-2027,GSEB,GUJ,PRO_CA_FIN,PRO_FIN,F,Division F,40,1,2026-2027-GSEB-GUJ-PRO_CA_FIN-PRO_FIN,Default from active division master; edit division_codes to scope this grade.
2026-2027,GSEB,GUJ,PRO_CA_FND,PRO_FIN,A,Division A,40,1,2026-2027-GSEB-GUJ-PRO_CA_FND-PRO_FIN,Default from active division master; edit division_codes to scope this grade.
2026-2027,GSEB,GUJ,PRO_CA_FND,PRO_FIN,B,Division B,40,1,2026-2027-GSEB-GUJ-PRO_CA_FND-PRO_FIN,Default from active division master; edit division_codes to scope this grade.
2026-2027,GSEB,GUJ,PRO_CA_FND,PRO_FIN,C,Division C,40,1,2026-2027-GSEB-GUJ-PRO_CA_FND-PRO_FIN,Default from active division master; edit division_codes to scope this grade.
2026-2027,GSEB,GUJ,PRO_CA_FND,PRO_FIN,D,Division D,40,1,2026-2027-GSEB-GUJ-PRO_CA_FND-PRO_FIN,Default from active division master; edit division_codes to scope this grade.
2026-2027,GSEB,GUJ,PRO_CA_FND,PRO_FIN,E,Division E,40,1,2026-2027-GSEB-GUJ-PRO_CA_FND-PRO_FIN,Default from active division master; edit division_codes to scope this grade.
2026-2027,GSEB,GUJ,PRO_CA_FND,PRO_FIN,F,Division F,40,1,2026-2027-GSEB-GUJ-PRO_CA_FND-PRO_FIN,Default from active division master; edit division_codes to scope this grade.
2026-2027,GSEB,GUJ,PRO_CA_INT,PRO_FIN,A,Division A,40,1,2026-2027-GSEB-GUJ-PRO_CA_INT-PRO_FIN,Default from active division master; edit division_codes to scope this grade.
2026-2027,GSEB,GUJ,PRO_CA_INT,PRO_FIN,B,Division B,40,1,2026-2027-GSEB-GUJ-PRO_CA_INT-PRO_FIN,Default from active division master; edit division_codes to scope this grade.
2026-2027,GSEB,GUJ,PRO_CA_INT,PRO_FIN,C,Division C,40,1,2026-2027-GSEB-GUJ-PRO_CA_INT-PRO_FIN,Default from active division master; edit division_codes to scope this grade.
2026-2027,GSEB,GUJ,PRO_CA_INT,PRO_FIN,D,Division D,40,1,2026-2027-GSEB-GUJ-PRO_CA_INT-PRO_FIN,Default from active division master; edit division_codes to scope this grade.
2026-2027,GSEB,GUJ,PRO_CA_INT,PRO_FIN,E,Division E,40,1,2026-2027-GSEB-GUJ-PRO_CA_INT-PRO_FIN,Default from active division master; edit division_codes to scope this grade.
2026-2027,GSEB,GUJ,PRO_CA_INT,PRO_FIN,F,Division F,40,1,2026-2027-GSEB-GUJ-PRO_CA_INT-PRO_FIN,Default from active division master; edit division_codes to scope this grade.
2026-2027,GSEB,GUJ,PRO_CS_EXE,LAW,A,Division A,40,1,2026-2027-GSEB-GUJ-PRO_CS_EXE-LAW,Default from active division master; edit division_codes to scope this grade.
2026-2027,GSEB,GUJ,PRO_CS_EXE,LAW,B,Division B,40,1,2026-2027-GSEB-GUJ-PRO_CS_EXE-LAW,Default from active division master; edit division_codes to scope this grade.
2026-2027,GSEB,GUJ,PRO_CS_EXE,LAW,C,Division C,40,1,2026-2027-GSEB-GUJ-PRO_CS_EXE-LAW,Default from active division master; edit division_codes to scope this grade.
2026-2027,GSEB,GUJ,PRO_CS_EXE,LAW,D,Division D,40,1,2026-2027-GSEB-GUJ-PRO_CS_EXE-LAW,Default from active division master; edit division_codes to scope this grade.
2026-2027,GSEB,GUJ,PRO_CS_EXE,LAW,E,Division E,40,1,2026-2027-GSEB-GUJ-PRO_CS_EXE-LAW,Default from active division master; edit division_codes to scope this grade.
2026-2027,GSEB,GUJ,PRO_CS_EXE,LAW,F,Division F,40,1,2026-2027-GSEB-GUJ-PRO_CS_EXE-LAW,Default from active division master; edit division_codes to scope this grade.
2026-2027,GSEB,GUJ,STD01,GEN,A,Division A,40,1,2026-2027-GSEB-GUJ-STD01-GEN,Default from active division master; edit division_codes to scope this grade.
2026-2027,GSEB,GUJ,STD01,GEN,B,Division B,40,1,2026-2027-GSEB-GUJ-STD01-GEN,Default from active division master; edit division_codes to scope this grade.
2026-2027,GSEB,GUJ,STD01,GEN,C,Division C,40,1,2026-2027-GSEB-GUJ-STD01-GEN,Default from active division master; edit division_codes to scope this grade.
2026-2027,GSEB,GUJ,STD01,GEN,D,Division D,40,1,2026-2027-GSEB-GUJ-STD01-GEN,Default from active division master; edit division_codes to scope this grade.
2026-2027,GSEB,GUJ,STD01,GEN,E,Division E,40,1,2026-2027-GSEB-GUJ-STD01-GEN,Default from active division master; edit division_codes to scope this grade.
2026-2027,GSEB,GUJ,STD01,GEN,F,Division F,40,1,2026-2027-GSEB-GUJ-STD01-GEN,Default from active division master; edit division_codes to scope this grade.
2026-2027,GSEB,GUJ,STD02,GEN,A,Division A,40,1,2026-2027-GSEB-GUJ-STD02-GEN,Default from active division master; edit division_codes to scope this grade.
2026-2027,GSEB,GUJ,STD02,GEN,B,Division B,40,1,2026-2027-GSEB-GUJ-STD02-GEN,Default from active division master; edit division_codes to scope this grade.
2026-2027,GSEB,GUJ,STD02,GEN,C,Division C,40,1,2026-2027-GSEB-GUJ-STD02-GEN,Default from active division master; edit division_codes to scope this grade.
2026-2027,GSEB,GUJ,STD02,GEN,D,Division D,40,1,2026-2027-GSEB-GUJ-STD02-GEN,Default from active division master; edit division_codes to scope this grade.
2026-2027,GSEB,GUJ,STD02,GEN,E,Division E,40,1,2026-2027-GSEB-GUJ-STD02-GEN,Default from active division master; edit division_codes to scope this grade.
2026-2027,GSEB,GUJ,STD02,GEN,F,Division F,40,1,2026-2027-GSEB-GUJ-STD02-GEN,Default from active division master; edit division_codes to scope this grade.
2026-2027,GSEB,GUJ,STD03,GEN,A,Division A,40,1,2026-2027-GSEB-GUJ-STD03-GEN,Default from active division master; edit division_codes to scope this grade.
2026-2027,GSEB,GUJ,STD03,GEN,B,Division B,40,1,2026-2027-GSEB-GUJ-STD03-GEN,Default from active division master; edit division_codes to scope this grade.
2026-2027,GSEB,GUJ,STD03,GEN,C,Division C,40,1,2026-2027-GSEB-GUJ-STD03-GEN,Default from active division master; edit division_codes to scope this grade.
2026-2027,GSEB,GUJ,STD03,GEN,D,Division D,40,1,2026-2027-GSEB-GUJ-STD03-GEN,Default from active division master; edit division_codes to scope this grade.
2026-2027,GSEB,GUJ,STD03,GEN,E,Division E,40,1,2026-2027-GSEB-GUJ-STD03-GEN,Default from active division master; edit division_codes to scope this grade.
2026-2027,GSEB,GUJ,STD03,GEN,F,Division F,40,1,2026-2027-GSEB-GUJ-STD03-GEN,Default from active division master; edit division_codes to scope this grade.
2026-2027,GSEB,GUJ,STD04,GEN,A,Division A,40,1,2026-2027-GSEB-GUJ-STD04-GEN,Default from active division master; edit division_codes to scope this grade.
2026-2027,GSEB,GUJ,STD04,GEN,B,Division B,40,1,2026-2027-GSEB-GUJ-STD04-GEN,Default from active division master; edit division_codes to scope this grade.
2026-2027,GSEB,GUJ,STD04,GEN,C,Division C,40,1,2026-2027-GSEB-GUJ-STD04-GEN,Default from active division master; edit division_codes to scope this grade.
2026-2027,GSEB,GUJ,STD04,GEN,D,Division D,40,1,2026-2027-GSEB-GUJ-STD04-GEN,Default from active division master; edit division_codes to scope this grade.
2026-2027,GSEB,GUJ,STD04,GEN,E,Division E,40,1,2026-2027-GSEB-GUJ-STD04-GEN,Default from active division master; edit division_codes to scope this grade.
2026-2027,GSEB,GUJ,STD04,GEN,F,Division F,40,1,2026-2027-GSEB-GUJ-STD04-GEN,Default from active division master; edit division_codes to scope this grade.
2026-2027,GSEB,GUJ,STD05,GEN,A,Division A,40,1,2026-2027-GSEB-GUJ-STD05-GEN,Default from active division master; edit division_codes to scope this grade.
2026-2027,GSEB,GUJ,STD05,GEN,B,Division B,40,1,2026-2027-GSEB-GUJ-STD05-GEN,Default from active division master; edit division_codes to scope this grade.
2026-2027,GSEB,GUJ,STD05,GEN,C,Division C,40,1,2026-2027-GSEB-GUJ-STD05-GEN,Default from active division master; edit division_codes to scope this grade.
2026-2027,GSEB,GUJ,STD05,GEN,D,Division D,40,1,2026-2027-GSEB-GUJ-STD05-GEN,Default from active division master; edit division_codes to scope this grade.
2026-2027,GSEB,GUJ,STD05,GEN,E,Division E,40,1,2026-2027-GSEB-GUJ-STD05-GEN,Default from active division master; edit division_codes to scope this grade.
2026-2027,GSEB,GUJ,STD05,GEN,F,Division F,40,1,2026-2027-GSEB-GUJ-STD05-GEN,Default from active division master; edit division_codes to scope this grade.
2026-2027,GSEB,GUJ,STD06,GEN,A,Division A,40,1,2026-2027-GSEB-GUJ-STD06-GEN,Default from active division master; edit division_codes to scope this grade.
2026-2027,GSEB,GUJ,STD06,GEN,B,Division B,40,1,2026-2027-GSEB-GUJ-STD06-GEN,Default from active division master; edit division_codes to scope this grade.
2026-2027,GSEB,GUJ,STD06,GEN,C,Division C,40,1,2026-2027-GSEB-GUJ-STD06-GEN,Default from active division master; edit division_codes to scope this grade.
2026-2027,GSEB,GUJ,STD06,GEN,D,Division D,40,1,2026-2027-GSEB-GUJ-STD06-GEN,Default from active division master; edit division_codes to scope this grade.
2026-2027,GSEB,GUJ,STD06,GEN,E,Division E,40,1,2026-2027-GSEB-GUJ-STD06-GEN,Default from active division master; edit division_codes to scope this grade.
2026-2027,GSEB,GUJ,STD06,GEN,F,Division F,40,1,2026-2027-GSEB-GUJ-STD06-GEN,Default from active division master; edit division_codes to scope this grade.
2026-2027,GSEB,GUJ,STD07,GEN,A,Division A,40,1,2026-2027-GSEB-GUJ-STD07-GEN,Default from active division master; edit division_codes to scope this grade.
2026-2027,GSEB,GUJ,STD07,GEN,B,Division B,40,1,2026-2027-GSEB-GUJ-STD07-GEN,Default from active division master; edit division_codes to scope this grade.
2026-2027,GSEB,GUJ,STD07,GEN,C,Division C,40,1,2026-2027-GSEB-GUJ-STD07-GEN,Default from active division master; edit division_codes to scope this grade.
2026-2027,GSEB,GUJ,STD07,GEN,D,Division D,40,1,2026-2027-GSEB-GUJ-STD07-GEN,Default from active division master; edit division_codes to scope this grade.
2026-2027,GSEB,GUJ,STD07,GEN,E,Division E,40,1,2026-2027-GSEB-GUJ-STD07-GEN,Default from active division master; edit division_codes to scope this grade.
2026-2027,GSEB,GUJ,STD07,GEN,F,Division F,40,1,2026-2027-GSEB-GUJ-STD07-GEN,Default from active division master; edit division_codes to scope this grade.
2026-2027,GSEB,GUJ,STD08,GEN,A,Division A,40,1,2026-2027-GSEB-GUJ-STD08-GEN,Default from active division master; edit division_codes to scope this grade.
2026-2027,GSEB,GUJ,STD08,GEN,B,Division B,40,1,2026-2027-GSEB-GUJ-STD08-GEN,Default from active division master; edit division_codes to scope this grade.
2026-2027,GSEB,GUJ,STD08,GEN,C,Division C,40,1,2026-2027-GSEB-GUJ-STD08-GEN,Default from active division master; edit division_codes to scope this grade.
2026-2027,GSEB,GUJ,STD08,GEN,D,Division D,40,1,2026-2027-GSEB-GUJ-STD08-GEN,Default from active division master; edit division_codes to scope this grade.
2026-2027,GSEB,GUJ,STD08,GEN,E,Division E,40,1,2026-2027-GSEB-GUJ-STD08-GEN,Default from active division master; edit division_codes to scope this grade.
2026-2027,GSEB,GUJ,STD08,GEN,F,Division F,40,1,2026-2027-GSEB-GUJ-STD08-GEN,Default from active division master; edit division_codes to scope this grade.
2026-2027,GSEB,GUJ,STD09,GEN,A,Division A,40,1,2026-2027-GSEB-GUJ-STD09-GEN,Default from active division master; edit division_codes to scope this grade.
2026-2027,GSEB,GUJ,STD09,GEN,B,Division B,40,1,2026-2027-GSEB-GUJ-STD09-GEN,Default from active division master; edit division_codes to scope this grade.
2026-2027,GSEB,GUJ,STD09,GEN,C,Division C,40,1,2026-2027-GSEB-GUJ-STD09-GEN,Default from active division master; edit division_codes to scope this grade.
2026-2027,GSEB,GUJ,STD09,GEN,D,Division D,40,1,2026-2027-GSEB-GUJ-STD09-GEN,Default from active division master; edit division_codes to scope this grade.
2026-2027,GSEB,GUJ,STD09,GEN,E,Division E,40,1,2026-2027-GSEB-GUJ-STD09-GEN,Default from active division master; edit division_codes to scope this grade.
2026-2027,GSEB,GUJ,STD09,GEN,F,Division F,40,1,2026-2027-GSEB-GUJ-STD09-GEN,Default from active division master; edit division_codes to scope this grade.
2026-2027,GSEB,GUJ,STD10,GEN,A,Division A,40,1,2026-2027-GSEB-GUJ-STD10-GEN,Default from active division master; edit division_codes to scope this grade.
2026-2027,GSEB,GUJ,STD10,GEN,B,Division B,40,1,2026-2027-GSEB-GUJ-STD10-GEN,Default from active division master; edit division_codes to scope this grade.
2026-2027,GSEB,GUJ,STD10,GEN,C,Division C,40,1,2026-2027-GSEB-GUJ-STD10-GEN,Default from active division master; edit division_codes to scope this grade.
2026-2027,GSEB,GUJ,STD10,GEN,D,Division D,40,1,2026-2027-GSEB-GUJ-STD10-GEN,Default from active division master; edit division_codes to scope this grade.
2026-2027,GSEB,GUJ,STD10,GEN,E,Division E,40,1,2026-2027-GSEB-GUJ-STD10-GEN,Default from active division master; edit division_codes to scope this grade.
2026-2027,GSEB,GUJ,STD10,GEN,F,Division F,40,1,2026-2027-GSEB-GUJ-STD10-GEN,Default from active division master; edit division_codes to scope this grade.
2026-2027,GSEB,GUJ,STD11_ART,ART,A,Division A,40,1,2026-2027-GSEB-GUJ-STD11_ART-ART,Default from active division master; edit division_codes to scope this grade.
2026-2027,GSEB,GUJ,STD11_ART,ART,B,Division B,40,1,2026-2027-GSEB-GUJ-STD11_ART-ART,Default from active division master; edit division_codes to scope this grade.
2026-2027,GSEB,GUJ,STD11_ART,ART,C,Division C,40,1,2026-2027-GSEB-GUJ-STD11_ART-ART,Default from active division master; edit division_codes to scope this grade.
2026-2027,GSEB,GUJ,STD11_ART,ART,D,Division D,40,1,2026-2027-GSEB-GUJ-STD11_ART-ART,Default from active division master; edit division_codes to scope this grade.
2026-2027,GSEB,GUJ,STD11_ART,ART,E,Division E,40,1,2026-2027-GSEB-GUJ-STD11_ART-ART,Default from active division master; edit division_codes to scope this grade.
2026-2027,GSEB,GUJ,STD11_ART,ART,F,Division F,40,1,2026-2027-GSEB-GUJ-STD11_ART-ART,Default from active division master; edit division_codes to scope this grade.
2026-2027,GSEB,GUJ,STD11_COM,COM,A,Division A,40,1,2026-2027-GSEB-GUJ-STD11_COM-COM,Default from active division master; edit division_codes to scope this grade.
2026-2027,GSEB,GUJ,STD11_COM,COM,B,Division B,40,1,2026-2027-GSEB-GUJ-STD11_COM-COM,Default from active division master; edit division_codes to scope this grade.
2026-2027,GSEB,GUJ,STD11_COM,COM,C,Division C,40,1,2026-2027-GSEB-GUJ-STD11_COM-COM,Default from active division master; edit division_codes to scope this grade.
2026-2027,GSEB,GUJ,STD11_COM,COM,D,Division D,40,1,2026-2027-GSEB-GUJ-STD11_COM-COM,Default from active division master; edit division_codes to scope this grade.
2026-2027,GSEB,GUJ,STD11_COM,COM,E,Division E,40,1,2026-2027-GSEB-GUJ-STD11_COM-COM,Default from active division master; edit division_codes to scope this grade.
2026-2027,GSEB,GUJ,STD11_COM,COM,F,Division F,40,1,2026-2027-GSEB-GUJ-STD11_COM-COM,Default from active division master; edit division_codes to scope this grade.
2026-2027,GSEB,GUJ,STD11_SCI,SCI,A,Division A,40,1,2026-2027-GSEB-GUJ-STD11_SCI-SCI,Default from active division master; edit division_codes to scope this grade.
2026-2027,GSEB,GUJ,STD11_SCI,SCI,B,Division B,40,1,2026-2027-GSEB-GUJ-STD11_SCI-SCI,Default from active division master; edit division_codes to scope this grade.
2026-2027,GSEB,GUJ,STD11_SCI,SCI,C,Division C,40,1,2026-2027-GSEB-GUJ-STD11_SCI-SCI,Default from active division master; edit division_codes to scope this grade.
2026-2027,GSEB,GUJ,STD11_SCI,SCI,D,Division D,40,1,2026-2027-GSEB-GUJ-STD11_SCI-SCI,Default from active division master; edit division_codes to scope this grade.
2026-2027,GSEB,GUJ,STD11_SCI,SCI,E,Division E,40,1,2026-2027-GSEB-GUJ-STD11_SCI-SCI,Default from active division master; edit division_codes to scope this grade.
2026-2027,GSEB,GUJ,STD11_SCI,SCI,F,Division F,40,1,2026-2027-GSEB-GUJ-STD11_SCI-SCI,Default from active division master; edit division_codes to scope this grade.
2026-2027,GSEB,GUJ,STD12_ART,ART,A,Division A,40,1,2026-2027-GSEB-GUJ-STD12_ART-ART,Default from active division master; edit division_codes to scope this grade.
2026-2027,GSEB,GUJ,STD12_ART,ART,B,Division B,40,1,2026-2027-GSEB-GUJ-STD12_ART-ART,Default from active division master; edit division_codes to scope this grade.
2026-2027,GSEB,GUJ,STD12_ART,ART,C,Division C,40,1,2026-2027-GSEB-GUJ-STD12_ART-ART,Default from active division master; edit division_codes to scope this grade.
2026-2027,GSEB,GUJ,STD12_ART,ART,D,Division D,40,1,2026-2027-GSEB-GUJ-STD12_ART-ART,Default from active division master; edit division_codes to scope this grade.
2026-2027,GSEB,GUJ,STD12_ART,ART,E,Division E,40,1,2026-2027-GSEB-GUJ-STD12_ART-ART,Default from active division master; edit division_codes to scope this grade.
2026-2027,GSEB,GUJ,STD12_ART,ART,F,Division F,40,1,2026-2027-GSEB-GUJ-STD12_ART-ART,Default from active division master; edit division_codes to scope this grade.
2026-2027,GSEB,GUJ,STD12_COM,COM,A,Division A,40,1,2026-2027-GSEB-GUJ-STD12_COM-COM,Default from active division master; edit division_codes to scope this grade.
2026-2027,GSEB,GUJ,STD12_COM,COM,B,Division B,40,1,2026-2027-GSEB-GUJ-STD12_COM-COM,Default from active division master; edit division_codes to scope this grade.
2026-2027,GSEB,GUJ,STD12_COM,COM,C,Division C,40,1,2026-2027-GSEB-GUJ-STD12_COM-COM,Default from active division master; edit division_codes to scope this grade.
2026-2027,GSEB,GUJ,STD12_COM,COM,D,Division D,40,1,2026-2027-GSEB-GUJ-STD12_COM-COM,Default from active division master; edit division_codes to scope this grade.
2026-2027,GSEB,GUJ,STD12_COM,COM,E,Division E,40,1,2026-2027-GSEB-GUJ-STD12_COM-COM,Default from active division master; edit division_codes to scope this grade.
2026-2027,GSEB,GUJ,STD12_COM,COM,F,Division F,40,1,2026-2027-GSEB-GUJ-STD12_COM-COM,Default from active division master; edit division_codes to scope this grade.
2026-2027,GSEB,GUJ,STD12_SCI,SCI,A,Division A,40,1,2026-2027-GSEB-GUJ-STD12_SCI-SCI,Default from active division master; edit division_codes to scope this grade.
2026-2027,GSEB,GUJ,STD12_SCI,SCI,B,Division B,40,1,2026-2027-GSEB-GUJ-STD12_SCI-SCI,Default from active division master; edit division_codes to scope this grade.
2026-2027,GSEB,GUJ,STD12_SCI,SCI,C,Division C,40,1,2026-2027-GSEB-GUJ-STD12_SCI-SCI,Default from active division master; edit division_codes to scope this grade.
2026-2027,GSEB,GUJ,STD12_SCI,SCI,D,Division D,40,1,2026-2027-GSEB-GUJ-STD12_SCI-SCI,Default from active division master; edit division_codes to scope this grade.
2026-2027,GSEB,GUJ,STD12_SCI,SCI,E,Division E,40,1,2026-2027-GSEB-GUJ-STD12_SCI-SCI,Default from active division master; edit division_codes to scope this grade.
2026-2027,GSEB,GUJ,STD12_SCI,SCI,F,Division F,40,1,2026-2027-GSEB-GUJ-STD12_SCI-SCI,Default from active division master; edit division_codes to scope this grade.
2026-2027,GSEB,GUJ,UNI_PG_AI_Y1,AIE,A,Division A,40,1,2026-2027-GSEB-GUJ-UNI_PG_AI_Y1-AIE,Default from active division master; edit division_codes to scope this grade.
2026-2027,GSEB,GUJ,UNI_PG_AI_Y1,AIE,B,Division B,40,1,2026-2027-GSEB-GUJ-UNI_PG_AI_Y1-AIE,Default from active division master; edit division_codes to scope this grade.
2026-2027,GSEB,GUJ,UNI_PG_AI_Y1,AIE,C,Division C,40,1,2026-2027-GSEB-GUJ-UNI_PG_AI_Y1-AIE,Default from active division master; edit division_codes to scope this grade.
2026-2027,GSEB,GUJ,UNI_PG_AI_Y1,AIE,D,Division D,40,1,2026-2027-GSEB-GUJ-UNI_PG_AI_Y1-AIE,Default from active division master; edit division_codes to scope this grade.
2026-2027,GSEB,GUJ,UNI_PG_AI_Y1,AIE,E,Division E,40,1,2026-2027-GSEB-GUJ-UNI_PG_AI_Y1-AIE,Default from active division master; edit division_codes to scope this grade.
2026-2027,GSEB,GUJ,UNI_PG_AI_Y1,AIE,F,Division F,40,1,2026-2027-GSEB-GUJ-UNI_PG_AI_Y1-AIE,Default from active division master; edit division_codes to scope this grade.
2026-2027,GSEB,GUJ,UNI_PG_AI_Y2,AIE,A,Division A,40,1,2026-2027-GSEB-GUJ-UNI_PG_AI_Y2-AIE,Default from active division master; edit division_codes to scope this grade.
2026-2027,GSEB,GUJ,UNI_PG_AI_Y2,AIE,B,Division B,40,1,2026-2027-GSEB-GUJ-UNI_PG_AI_Y2-AIE,Default from active division master; edit division_codes to scope this grade.
2026-2027,GSEB,GUJ,UNI_PG_AI_Y2,AIE,C,Division C,40,1,2026-2027-GSEB-GUJ-UNI_PG_AI_Y2-AIE,Default from active division master; edit division_codes to scope this grade.
2026-2027,GSEB,GUJ,UNI_PG_AI_Y2,AIE,D,Division D,40,1,2026-2027-GSEB-GUJ-UNI_PG_AI_Y2-AIE,Default from active division master; edit division_codes to scope this grade.
2026-2027,GSEB,GUJ,UNI_PG_AI_Y2,AIE,E,Division E,40,1,2026-2027-GSEB-GUJ-UNI_PG_AI_Y2-AIE,Default from active division master; edit division_codes to scope this grade.
2026-2027,GSEB,GUJ,UNI_PG_AI_Y2,AIE,F,Division F,40,1,2026-2027-GSEB-GUJ-UNI_PG_AI_Y2-AIE,Default from active division master; edit division_codes to scope this grade.
2026-2027,GSEB,GUJ,UNI_PG_LAW_Y1,LAW,A,Division A,40,1,2026-2027-GSEB-GUJ-UNI_PG_LAW_Y1-LAW,Default from active division master; edit division_codes to scope this grade.
2026-2027,GSEB,GUJ,UNI_PG_LAW_Y1,LAW,B,Division B,40,1,2026-2027-GSEB-GUJ-UNI_PG_LAW_Y1-LAW,Default from active division master; edit division_codes to scope this grade.
2026-2027,GSEB,GUJ,UNI_PG_LAW_Y1,LAW,C,Division C,40,1,2026-2027-GSEB-GUJ-UNI_PG_LAW_Y1-LAW,Default from active division master; edit division_codes to scope this grade.
2026-2027,GSEB,GUJ,UNI_PG_LAW_Y1,LAW,D,Division D,40,1,2026-2027-GSEB-GUJ-UNI_PG_LAW_Y1-LAW,Default from active division master; edit division_codes to scope this grade.
2026-2027,GSEB,GUJ,UNI_PG_LAW_Y1,LAW,E,Division E,40,1,2026-2027-GSEB-GUJ-UNI_PG_LAW_Y1-LAW,Default from active division master; edit division_codes to scope this grade.
2026-2027,GSEB,GUJ,UNI_PG_LAW_Y1,LAW,F,Division F,40,1,2026-2027-GSEB-GUJ-UNI_PG_LAW_Y1-LAW,Default from active division master; edit division_codes to scope this grade.
2026-2027,GSEB,GUJ,UNI_PG_LAW_Y2,LAW,A,Division A,40,1,2026-2027-GSEB-GUJ-UNI_PG_LAW_Y2-LAW,Default from active division master; edit division_codes to scope this grade.
2026-2027,GSEB,GUJ,UNI_PG_LAW_Y2,LAW,B,Division B,40,1,2026-2027-GSEB-GUJ-UNI_PG_LAW_Y2-LAW,Default from active division master; edit division_codes to scope this grade.
2026-2027,GSEB,GUJ,UNI_PG_LAW_Y2,LAW,C,Division C,40,1,2026-2027-GSEB-GUJ-UNI_PG_LAW_Y2-LAW,Default from active division master; edit division_codes to scope this grade.
2026-2027,GSEB,GUJ,UNI_PG_LAW_Y2,LAW,D,Division D,40,1,2026-2027-GSEB-GUJ-UNI_PG_LAW_Y2-LAW,Default from active division master; edit division_codes to scope this grade.
2026-2027,GSEB,GUJ,UNI_PG_LAW_Y2,LAW,E,Division E,40,1,2026-2027-GSEB-GUJ-UNI_PG_LAW_Y2-LAW,Default from active division master; edit division_codes to scope this grade.
2026-2027,GSEB,GUJ,UNI_PG_LAW_Y2,LAW,F,Division F,40,1,2026-2027-GSEB-GUJ-UNI_PG_LAW_Y2-LAW,Default from active division master; edit division_codes to scope this grade.
2026-2027,GSEB,GUJ,UNI_PG_MARCH_Y1,ARC,A,Division A,40,1,2026-2027-GSEB-GUJ-UNI_PG_MARCH_Y1-ARC,Default from active division master; edit division_codes to scope this grade.
2026-2027,GSEB,GUJ,UNI_PG_MARCH_Y1,ARC,B,Division B,40,1,2026-2027-GSEB-GUJ-UNI_PG_MARCH_Y1-ARC,Default from active division master; edit division_codes to scope this grade.
2026-2027,GSEB,GUJ,UNI_PG_MARCH_Y1,ARC,C,Division C,40,1,2026-2027-GSEB-GUJ-UNI_PG_MARCH_Y1-ARC,Default from active division master; edit division_codes to scope this grade.
2026-2027,GSEB,GUJ,UNI_PG_MARCH_Y1,ARC,D,Division D,40,1,2026-2027-GSEB-GUJ-UNI_PG_MARCH_Y1-ARC,Default from active division master; edit division_codes to scope this grade.
2026-2027,GSEB,GUJ,UNI_PG_MARCH_Y1,ARC,E,Division E,40,1,2026-2027-GSEB-GUJ-UNI_PG_MARCH_Y1-ARC,Default from active division master; edit division_codes to scope this grade.
2026-2027,GSEB,GUJ,UNI_PG_MARCH_Y1,ARC,F,Division F,40,1,2026-2027-GSEB-GUJ-UNI_PG_MARCH_Y1-ARC,Default from active division master; edit division_codes to scope this grade.
2026-2027,GSEB,GUJ,UNI_PG_MBA_Y1,MGT,A,Division A,40,1,2026-2027-GSEB-GUJ-UNI_PG_MBA_Y1-MGT,Default from active division master; edit division_codes to scope this grade.
2026-2027,GSEB,GUJ,UNI_PG_MBA_Y1,MGT,B,Division B,40,1,2026-2027-GSEB-GUJ-UNI_PG_MBA_Y1-MGT,Default from active division master; edit division_codes to scope this grade.
2026-2027,GSEB,GUJ,UNI_PG_MBA_Y1,MGT,C,Division C,40,1,2026-2027-GSEB-GUJ-UNI_PG_MBA_Y1-MGT,Default from active division master; edit division_codes to scope this grade.
2026-2027,GSEB,GUJ,UNI_PG_MBA_Y1,MGT,D,Division D,40,1,2026-2027-GSEB-GUJ-UNI_PG_MBA_Y1-MGT,Default from active division master; edit division_codes to scope this grade.
2026-2027,GSEB,GUJ,UNI_PG_MBA_Y1,MGT,E,Division E,40,1,2026-2027-GSEB-GUJ-UNI_PG_MBA_Y1-MGT,Default from active division master; edit division_codes to scope this grade.
2026-2027,GSEB,GUJ,UNI_PG_MBA_Y1,MGT,F,Division F,40,1,2026-2027-GSEB-GUJ-UNI_PG_MBA_Y1-MGT,Default from active division master; edit division_codes to scope this grade.
2026-2027,GSEB,GUJ,UNI_PG_MBA_Y2,MGT,A,Division A,40,1,2026-2027-GSEB-GUJ-UNI_PG_MBA_Y2-MGT,Default from active division master; edit division_codes to scope this grade.
2026-2027,GSEB,GUJ,UNI_PG_MBA_Y2,MGT,B,Division B,40,1,2026-2027-GSEB-GUJ-UNI_PG_MBA_Y2-MGT,Default from active division master; edit division_codes to scope this grade.
2026-2027,GSEB,GUJ,UNI_PG_MBA_Y2,MGT,C,Division C,40,1,2026-2027-GSEB-GUJ-UNI_PG_MBA_Y2-MGT,Default from active division master; edit division_codes to scope this grade.
2026-2027,GSEB,GUJ,UNI_PG_MBA_Y2,MGT,D,Division D,40,1,2026-2027-GSEB-GUJ-UNI_PG_MBA_Y2-MGT,Default from active division master; edit division_codes to scope this grade.
2026-2027,GSEB,GUJ,UNI_PG_MBA_Y2,MGT,E,Division E,40,1,2026-2027-GSEB-GUJ-UNI_PG_MBA_Y2-MGT,Default from active division master; edit division_codes to scope this grade.
2026-2027,GSEB,GUJ,UNI_PG_MBA_Y2,MGT,F,Division F,40,1,2026-2027-GSEB-GUJ-UNI_PG_MBA_Y2-MGT,Default from active division master; edit division_codes to scope this grade.
2026-2027,GSEB,GUJ,UNI_PG_MCA_Y1,CSA,A,Division A,40,1,2026-2027-GSEB-GUJ-UNI_PG_MCA_Y1-CSA,Default from active division master; edit division_codes to scope this grade.
2026-2027,GSEB,GUJ,UNI_PG_MCA_Y1,CSA,B,Division B,40,1,2026-2027-GSEB-GUJ-UNI_PG_MCA_Y1-CSA,Default from active division master; edit division_codes to scope this grade.
2026-2027,GSEB,GUJ,UNI_PG_MCA_Y1,CSA,C,Division C,40,1,2026-2027-GSEB-GUJ-UNI_PG_MCA_Y1-CSA,Default from active division master; edit division_codes to scope this grade.
2026-2027,GSEB,GUJ,UNI_PG_MCA_Y1,CSA,D,Division D,40,1,2026-2027-GSEB-GUJ-UNI_PG_MCA_Y1-CSA,Default from active division master; edit division_codes to scope this grade.
2026-2027,GSEB,GUJ,UNI_PG_MCA_Y1,CSA,E,Division E,40,1,2026-2027-GSEB-GUJ-UNI_PG_MCA_Y1-CSA,Default from active division master; edit division_codes to scope this grade.
2026-2027,GSEB,GUJ,UNI_PG_MCA_Y1,CSA,F,Division F,40,1,2026-2027-GSEB-GUJ-UNI_PG_MCA_Y1-CSA,Default from active division master; edit division_codes to scope this grade.
2026-2027,GSEB,GUJ,UNI_PG_MCA_Y2,CSA,A,Division A,40,1,2026-2027-GSEB-GUJ-UNI_PG_MCA_Y2-CSA,Default from active division master; edit division_codes to scope this grade.
2026-2027,GSEB,GUJ,UNI_PG_MCA_Y2,CSA,B,Division B,40,1,2026-2027-GSEB-GUJ-UNI_PG_MCA_Y2-CSA,Default from active division master; edit division_codes to scope this grade.
2026-2027,GSEB,GUJ,UNI_PG_MCA_Y2,CSA,C,Division C,40,1,2026-2027-GSEB-GUJ-UNI_PG_MCA_Y2-CSA,Default from active division master; edit division_codes to scope this grade.
2026-2027,GSEB,GUJ,UNI_PG_MCA_Y2,CSA,D,Division D,40,1,2026-2027-GSEB-GUJ-UNI_PG_MCA_Y2-CSA,Default from active division master; edit division_codes to scope this grade.
2026-2027,GSEB,GUJ,UNI_PG_MCA_Y2,CSA,E,Division E,40,1,2026-2027-GSEB-GUJ-UNI_PG_MCA_Y2-CSA,Default from active division master; edit division_codes to scope this grade.
2026-2027,GSEB,GUJ,UNI_PG_MCA_Y2,CSA,F,Division F,40,1,2026-2027-GSEB-GUJ-UNI_PG_MCA_Y2-CSA,Default from active division master; edit division_codes to scope this grade.
2026-2027,GSEB,GUJ,UNI_PG_MCOM_Y1,PRO_FIN,A,Division A,40,1,2026-2027-GSEB-GUJ-UNI_PG_MCOM_Y1-PRO_FIN,Default from active division master; edit division_codes to scope this grade.
2026-2027,GSEB,GUJ,UNI_PG_MCOM_Y1,PRO_FIN,B,Division B,40,1,2026-2027-GSEB-GUJ-UNI_PG_MCOM_Y1-PRO_FIN,Default from active division master; edit division_codes to scope this grade.
2026-2027,GSEB,GUJ,UNI_PG_MCOM_Y1,PRO_FIN,C,Division C,40,1,2026-2027-GSEB-GUJ-UNI_PG_MCOM_Y1-PRO_FIN,Default from active division master; edit division_codes to scope this grade.
2026-2027,GSEB,GUJ,UNI_PG_MCOM_Y1,PRO_FIN,D,Division D,40,1,2026-2027-GSEB-GUJ-UNI_PG_MCOM_Y1-PRO_FIN,Default from active division master; edit division_codes to scope this grade.
2026-2027,GSEB,GUJ,UNI_PG_MCOM_Y1,PRO_FIN,E,Division E,40,1,2026-2027-GSEB-GUJ-UNI_PG_MCOM_Y1-PRO_FIN,Default from active division master; edit division_codes to scope this grade.
2026-2027,GSEB,GUJ,UNI_PG_MCOM_Y1,PRO_FIN,F,Division F,40,1,2026-2027-GSEB-GUJ-UNI_PG_MCOM_Y1-PRO_FIN,Default from active division master; edit division_codes to scope this grade.
2026-2027,GSEB,GUJ,UNI_PG_MFA_Y1,ART,A,Division A,40,1,2026-2027-GSEB-GUJ-UNI_PG_MFA_Y1-ART,Default from active division master; edit division_codes to scope this grade.
2026-2027,GSEB,GUJ,UNI_PG_MFA_Y1,ART,B,Division B,40,1,2026-2027-GSEB-GUJ-UNI_PG_MFA_Y1-ART,Default from active division master; edit division_codes to scope this grade.
2026-2027,GSEB,GUJ,UNI_PG_MFA_Y1,ART,C,Division C,40,1,2026-2027-GSEB-GUJ-UNI_PG_MFA_Y1-ART,Default from active division master; edit division_codes to scope this grade.
2026-2027,GSEB,GUJ,UNI_PG_MFA_Y1,ART,D,Division D,40,1,2026-2027-GSEB-GUJ-UNI_PG_MFA_Y1-ART,Default from active division master; edit division_codes to scope this grade.
2026-2027,GSEB,GUJ,UNI_PG_MFA_Y1,ART,E,Division E,40,1,2026-2027-GSEB-GUJ-UNI_PG_MFA_Y1-ART,Default from active division master; edit division_codes to scope this grade.
2026-2027,GSEB,GUJ,UNI_PG_MFA_Y1,ART,F,Division F,40,1,2026-2027-GSEB-GUJ-UNI_PG_MFA_Y1-ART,Default from active division master; edit division_codes to scope this grade.
2026-2027,GSEB,GUJ,UNI_PG_MPT_Y1,AHS,A,Division A,40,1,2026-2027-GSEB-GUJ-UNI_PG_MPT_Y1-AHS,Default from active division master; edit division_codes to scope this grade.
2026-2027,GSEB,GUJ,UNI_PG_MPT_Y1,AHS,B,Division B,40,1,2026-2027-GSEB-GUJ-UNI_PG_MPT_Y1-AHS,Default from active division master; edit division_codes to scope this grade.
2026-2027,GSEB,GUJ,UNI_PG_MPT_Y1,AHS,C,Division C,40,1,2026-2027-GSEB-GUJ-UNI_PG_MPT_Y1-AHS,Default from active division master; edit division_codes to scope this grade.
2026-2027,GSEB,GUJ,UNI_PG_MPT_Y1,AHS,D,Division D,40,1,2026-2027-GSEB-GUJ-UNI_PG_MPT_Y1-AHS,Default from active division master; edit division_codes to scope this grade.
2026-2027,GSEB,GUJ,UNI_PG_MPT_Y1,AHS,E,Division E,40,1,2026-2027-GSEB-GUJ-UNI_PG_MPT_Y1-AHS,Default from active division master; edit division_codes to scope this grade.
2026-2027,GSEB,GUJ,UNI_PG_MPT_Y1,AHS,F,Division F,40,1,2026-2027-GSEB-GUJ-UNI_PG_MPT_Y1-AHS,Default from active division master; edit division_codes to scope this grade.
2026-2027,GSEB,GUJ,UNI_PG_MSW_Y1,ART,A,Division A,40,1,2026-2027-GSEB-GUJ-UNI_PG_MSW_Y1-ART,Default from active division master; edit division_codes to scope this grade.
2026-2027,GSEB,GUJ,UNI_PG_MSW_Y1,ART,B,Division B,40,1,2026-2027-GSEB-GUJ-UNI_PG_MSW_Y1-ART,Default from active division master; edit division_codes to scope this grade.
2026-2027,GSEB,GUJ,UNI_PG_MSW_Y1,ART,C,Division C,40,1,2026-2027-GSEB-GUJ-UNI_PG_MSW_Y1-ART,Default from active division master; edit division_codes to scope this grade.
2026-2027,GSEB,GUJ,UNI_PG_MSW_Y1,ART,D,Division D,40,1,2026-2027-GSEB-GUJ-UNI_PG_MSW_Y1-ART,Default from active division master; edit division_codes to scope this grade.
2026-2027,GSEB,GUJ,UNI_PG_MSW_Y1,ART,E,Division E,40,1,2026-2027-GSEB-GUJ-UNI_PG_MSW_Y1-ART,Default from active division master; edit division_codes to scope this grade.
2026-2027,GSEB,GUJ,UNI_PG_MSW_Y1,ART,F,Division F,40,1,2026-2027-GSEB-GUJ-UNI_PG_MSW_Y1-ART,Default from active division master; edit division_codes to scope this grade.
2026-2027,GSEB,GUJ,UNI_PHD_AI,RES,A,Division A,40,1,2026-2027-GSEB-GUJ-UNI_PHD_AI-RES,Default from active division master; edit division_codes to scope this grade.
2026-2027,GSEB,GUJ,UNI_PHD_AI,RES,B,Division B,40,1,2026-2027-GSEB-GUJ-UNI_PHD_AI-RES,Default from active division master; edit division_codes to scope this grade.
2026-2027,GSEB,GUJ,UNI_PHD_AI,RES,C,Division C,40,1,2026-2027-GSEB-GUJ-UNI_PHD_AI-RES,Default from active division master; edit division_codes to scope this grade.
2026-2027,GSEB,GUJ,UNI_PHD_AI,RES,D,Division D,40,1,2026-2027-GSEB-GUJ-UNI_PHD_AI-RES,Default from active division master; edit division_codes to scope this grade.
2026-2027,GSEB,GUJ,UNI_PHD_AI,RES,E,Division E,40,1,2026-2027-GSEB-GUJ-UNI_PHD_AI-RES,Default from active division master; edit division_codes to scope this grade.
2026-2027,GSEB,GUJ,UNI_PHD_AI,RES,F,Division F,40,1,2026-2027-GSEB-GUJ-UNI_PHD_AI-RES,Default from active division master; edit division_codes to scope this grade.
2026-2027,GSEB,GUJ,UNI_PHD_DS,RES,A,Division A,40,1,2026-2027-GSEB-GUJ-UNI_PHD_DS-RES,Default from active division master; edit division_codes to scope this grade.
2026-2027,GSEB,GUJ,UNI_PHD_DS,RES,B,Division B,40,1,2026-2027-GSEB-GUJ-UNI_PHD_DS-RES,Default from active division master; edit division_codes to scope this grade.
2026-2027,GSEB,GUJ,UNI_PHD_DS,RES,C,Division C,40,1,2026-2027-GSEB-GUJ-UNI_PHD_DS-RES,Default from active division master; edit division_codes to scope this grade.
2026-2027,GSEB,GUJ,UNI_PHD_DS,RES,D,Division D,40,1,2026-2027-GSEB-GUJ-UNI_PHD_DS-RES,Default from active division master; edit division_codes to scope this grade.
2026-2027,GSEB,GUJ,UNI_PHD_DS,RES,E,Division E,40,1,2026-2027-GSEB-GUJ-UNI_PHD_DS-RES,Default from active division master; edit division_codes to scope this grade.
2026-2027,GSEB,GUJ,UNI_PHD_DS,RES,F,Division F,40,1,2026-2027-GSEB-GUJ-UNI_PHD_DS-RES,Default from active division master; edit division_codes to scope this grade.
2026-2027,GSEB,GUJ,UNI_PHD_RE,RES,A,Division A,40,1,2026-2027-GSEB-GUJ-UNI_PHD_RE-RES,Default from active division master; edit division_codes to scope this grade.
2026-2027,GSEB,GUJ,UNI_PHD_RE,RES,B,Division B,40,1,2026-2027-GSEB-GUJ-UNI_PHD_RE-RES,Default from active division master; edit division_codes to scope this grade.
2026-2027,GSEB,GUJ,UNI_PHD_RE,RES,C,Division C,40,1,2026-2027-GSEB-GUJ-UNI_PHD_RE-RES,Default from active division master; edit division_codes to scope this grade.
2026-2027,GSEB,GUJ,UNI_PHD_RE,RES,D,Division D,40,1,2026-2027-GSEB-GUJ-UNI_PHD_RE-RES,Default from active division master; edit division_codes to scope this grade.
2026-2027,GSEB,GUJ,UNI_PHD_RE,RES,E,Division E,40,1,2026-2027-GSEB-GUJ-UNI_PHD_RE-RES,Default from active division master; edit division_codes to scope this grade.
2026-2027,GSEB,GUJ,UNI_PHD_RE,RES,F,Division F,40,1,2026-2027-GSEB-GUJ-UNI_PHD_RE-RES,Default from active division master; edit division_codes to scope this grade.
2026-2027,GSEB,GUJ,UNI_UG_BARCH_Y1,ARC,A,Division A,40,1,2026-2027-GSEB-GUJ-UNI_UG_BARCH_Y1-ARC,Default from active division master; edit division_codes to scope this grade.
2026-2027,GSEB,GUJ,UNI_UG_BARCH_Y1,ARC,B,Division B,40,1,2026-2027-GSEB-GUJ-UNI_UG_BARCH_Y1-ARC,Default from active division master; edit division_codes to scope this grade.
2026-2027,GSEB,GUJ,UNI_UG_BARCH_Y1,ARC,C,Division C,40,1,2026-2027-GSEB-GUJ-UNI_UG_BARCH_Y1-ARC,Default from active division master; edit division_codes to scope this grade.
2026-2027,GSEB,GUJ,UNI_UG_BARCH_Y1,ARC,D,Division D,40,1,2026-2027-GSEB-GUJ-UNI_UG_BARCH_Y1-ARC,Default from active division master; edit division_codes to scope this grade.
2026-2027,GSEB,GUJ,UNI_UG_BARCH_Y1,ARC,E,Division E,40,1,2026-2027-GSEB-GUJ-UNI_UG_BARCH_Y1-ARC,Default from active division master; edit division_codes to scope this grade.
2026-2027,GSEB,GUJ,UNI_UG_BARCH_Y1,ARC,F,Division F,40,1,2026-2027-GSEB-GUJ-UNI_UG_BARCH_Y1-ARC,Default from active division master; edit division_codes to scope this grade.
2026-2027,GSEB,GUJ,UNI_UG_BARCH_Y5,ARC,A,Division A,40,1,2026-2027-GSEB-GUJ-UNI_UG_BARCH_Y5-ARC,Default from active division master; edit division_codes to scope this grade.
2026-2027,GSEB,GUJ,UNI_UG_BARCH_Y5,ARC,B,Division B,40,1,2026-2027-GSEB-GUJ-UNI_UG_BARCH_Y5-ARC,Default from active division master; edit division_codes to scope this grade.
2026-2027,GSEB,GUJ,UNI_UG_BARCH_Y5,ARC,C,Division C,40,1,2026-2027-GSEB-GUJ-UNI_UG_BARCH_Y5-ARC,Default from active division master; edit division_codes to scope this grade.
2026-2027,GSEB,GUJ,UNI_UG_BARCH_Y5,ARC,D,Division D,40,1,2026-2027-GSEB-GUJ-UNI_UG_BARCH_Y5-ARC,Default from active division master; edit division_codes to scope this grade.
2026-2027,GSEB,GUJ,UNI_UG_BARCH_Y5,ARC,E,Division E,40,1,2026-2027-GSEB-GUJ-UNI_UG_BARCH_Y5-ARC,Default from active division master; edit division_codes to scope this grade.
2026-2027,GSEB,GUJ,UNI_UG_BARCH_Y5,ARC,F,Division F,40,1,2026-2027-GSEB-GUJ-UNI_UG_BARCH_Y5-ARC,Default from active division master; edit division_codes to scope this grade.
2026-2027,GSEB,GUJ,UNI_UG_BBA_Y1,MGT,A,Division A,40,1,2026-2027-GSEB-GUJ-UNI_UG_BBA_Y1-MGT,Default from active division master; edit division_codes to scope this grade.
2026-2027,GSEB,GUJ,UNI_UG_BBA_Y1,MGT,B,Division B,40,1,2026-2027-GSEB-GUJ-UNI_UG_BBA_Y1-MGT,Default from active division master; edit division_codes to scope this grade.
2026-2027,GSEB,GUJ,UNI_UG_BBA_Y1,MGT,C,Division C,40,1,2026-2027-GSEB-GUJ-UNI_UG_BBA_Y1-MGT,Default from active division master; edit division_codes to scope this grade.
2026-2027,GSEB,GUJ,UNI_UG_BBA_Y1,MGT,D,Division D,40,1,2026-2027-GSEB-GUJ-UNI_UG_BBA_Y1-MGT,Default from active division master; edit division_codes to scope this grade.
2026-2027,GSEB,GUJ,UNI_UG_BBA_Y1,MGT,E,Division E,40,1,2026-2027-GSEB-GUJ-UNI_UG_BBA_Y1-MGT,Default from active division master; edit division_codes to scope this grade.
2026-2027,GSEB,GUJ,UNI_UG_BBA_Y1,MGT,F,Division F,40,1,2026-2027-GSEB-GUJ-UNI_UG_BBA_Y1-MGT,Default from active division master; edit division_codes to scope this grade.
2026-2027,GSEB,GUJ,UNI_UG_BBA_Y2,MGT,A,Division A,40,1,2026-2027-GSEB-GUJ-UNI_UG_BBA_Y2-MGT,Default from active division master; edit division_codes to scope this grade.
2026-2027,GSEB,GUJ,UNI_UG_BBA_Y2,MGT,B,Division B,40,1,2026-2027-GSEB-GUJ-UNI_UG_BBA_Y2-MGT,Default from active division master; edit division_codes to scope this grade.
2026-2027,GSEB,GUJ,UNI_UG_BBA_Y2,MGT,C,Division C,40,1,2026-2027-GSEB-GUJ-UNI_UG_BBA_Y2-MGT,Default from active division master; edit division_codes to scope this grade.
2026-2027,GSEB,GUJ,UNI_UG_BBA_Y2,MGT,D,Division D,40,1,2026-2027-GSEB-GUJ-UNI_UG_BBA_Y2-MGT,Default from active division master; edit division_codes to scope this grade.
2026-2027,GSEB,GUJ,UNI_UG_BBA_Y2,MGT,E,Division E,40,1,2026-2027-GSEB-GUJ-UNI_UG_BBA_Y2-MGT,Default from active division master; edit division_codes to scope this grade.
2026-2027,GSEB,GUJ,UNI_UG_BBA_Y2,MGT,F,Division F,40,1,2026-2027-GSEB-GUJ-UNI_UG_BBA_Y2-MGT,Default from active division master; edit division_codes to scope this grade.
2026-2027,GSEB,GUJ,UNI_UG_BBA_Y3,MGT,A,Division A,40,1,2026-2027-GSEB-GUJ-UNI_UG_BBA_Y3-MGT,Default from active division master; edit division_codes to scope this grade.
2026-2027,GSEB,GUJ,UNI_UG_BBA_Y3,MGT,B,Division B,40,1,2026-2027-GSEB-GUJ-UNI_UG_BBA_Y3-MGT,Default from active division master; edit division_codes to scope this grade.
2026-2027,GSEB,GUJ,UNI_UG_BBA_Y3,MGT,C,Division C,40,1,2026-2027-GSEB-GUJ-UNI_UG_BBA_Y3-MGT,Default from active division master; edit division_codes to scope this grade.
2026-2027,GSEB,GUJ,UNI_UG_BBA_Y3,MGT,D,Division D,40,1,2026-2027-GSEB-GUJ-UNI_UG_BBA_Y3-MGT,Default from active division master; edit division_codes to scope this grade.
2026-2027,GSEB,GUJ,UNI_UG_BBA_Y3,MGT,E,Division E,40,1,2026-2027-GSEB-GUJ-UNI_UG_BBA_Y3-MGT,Default from active division master; edit division_codes to scope this grade.
2026-2027,GSEB,GUJ,UNI_UG_BBA_Y3,MGT,F,Division F,40,1,2026-2027-GSEB-GUJ-UNI_UG_BBA_Y3-MGT,Default from active division master; edit division_codes to scope this grade.
2026-2027,GSEB,GUJ,UNI_UG_BCA_Y1,CSA,A,Division A,40,1,2026-2027-GSEB-GUJ-UNI_UG_BCA_Y1-CSA,Default from active division master; edit division_codes to scope this grade.
2026-2027,GSEB,GUJ,UNI_UG_BCA_Y1,CSA,B,Division B,40,1,2026-2027-GSEB-GUJ-UNI_UG_BCA_Y1-CSA,Default from active division master; edit division_codes to scope this grade.
2026-2027,GSEB,GUJ,UNI_UG_BCA_Y1,CSA,C,Division C,40,1,2026-2027-GSEB-GUJ-UNI_UG_BCA_Y1-CSA,Default from active division master; edit division_codes to scope this grade.
2026-2027,GSEB,GUJ,UNI_UG_BCA_Y1,CSA,D,Division D,40,1,2026-2027-GSEB-GUJ-UNI_UG_BCA_Y1-CSA,Default from active division master; edit division_codes to scope this grade.
2026-2027,GSEB,GUJ,UNI_UG_BCA_Y1,CSA,E,Division E,40,1,2026-2027-GSEB-GUJ-UNI_UG_BCA_Y1-CSA,Default from active division master; edit division_codes to scope this grade.
2026-2027,GSEB,GUJ,UNI_UG_BCA_Y1,CSA,F,Division F,40,1,2026-2027-GSEB-GUJ-UNI_UG_BCA_Y1-CSA,Default from active division master; edit division_codes to scope this grade.
2026-2027,GSEB,GUJ,UNI_UG_BCA_Y2,CSA,A,Division A,40,1,2026-2027-GSEB-GUJ-UNI_UG_BCA_Y2-CSA,Default from active division master; edit division_codes to scope this grade.
2026-2027,GSEB,GUJ,UNI_UG_BCA_Y2,CSA,B,Division B,40,1,2026-2027-GSEB-GUJ-UNI_UG_BCA_Y2-CSA,Default from active division master; edit division_codes to scope this grade.
2026-2027,GSEB,GUJ,UNI_UG_BCA_Y2,CSA,C,Division C,40,1,2026-2027-GSEB-GUJ-UNI_UG_BCA_Y2-CSA,Default from active division master; edit division_codes to scope this grade.
2026-2027,GSEB,GUJ,UNI_UG_BCA_Y2,CSA,D,Division D,40,1,2026-2027-GSEB-GUJ-UNI_UG_BCA_Y2-CSA,Default from active division master; edit division_codes to scope this grade.
2026-2027,GSEB,GUJ,UNI_UG_BCA_Y2,CSA,E,Division E,40,1,2026-2027-GSEB-GUJ-UNI_UG_BCA_Y2-CSA,Default from active division master; edit division_codes to scope this grade.
2026-2027,GSEB,GUJ,UNI_UG_BCA_Y2,CSA,F,Division F,40,1,2026-2027-GSEB-GUJ-UNI_UG_BCA_Y2-CSA,Default from active division master; edit division_codes to scope this grade.
2026-2027,GSEB,GUJ,UNI_UG_BCA_Y3,CSA,A,Division A,40,1,2026-2027-GSEB-GUJ-UNI_UG_BCA_Y3-CSA,Default from active division master; edit division_codes to scope this grade.
2026-2027,GSEB,GUJ,UNI_UG_BCA_Y3,CSA,B,Division B,40,1,2026-2027-GSEB-GUJ-UNI_UG_BCA_Y3-CSA,Default from active division master; edit division_codes to scope this grade.
2026-2027,GSEB,GUJ,UNI_UG_BCA_Y3,CSA,C,Division C,40,1,2026-2027-GSEB-GUJ-UNI_UG_BCA_Y3-CSA,Default from active division master; edit division_codes to scope this grade.
2026-2027,GSEB,GUJ,UNI_UG_BCA_Y3,CSA,D,Division D,40,1,2026-2027-GSEB-GUJ-UNI_UG_BCA_Y3-CSA,Default from active division master; edit division_codes to scope this grade.
2026-2027,GSEB,GUJ,UNI_UG_BCA_Y3,CSA,E,Division E,40,1,2026-2027-GSEB-GUJ-UNI_UG_BCA_Y3-CSA,Default from active division master; edit division_codes to scope this grade.
2026-2027,GSEB,GUJ,UNI_UG_BCA_Y3,CSA,F,Division F,40,1,2026-2027-GSEB-GUJ-UNI_UG_BCA_Y3-CSA,Default from active division master; edit division_codes to scope this grade.
2026-2027,GSEB,GUJ,UNI_UG_BFA_Y1,ART,A,Division A,40,1,2026-2027-GSEB-GUJ-UNI_UG_BFA_Y1-ART,Default from active division master; edit division_codes to scope this grade.
2026-2027,GSEB,GUJ,UNI_UG_BFA_Y1,ART,B,Division B,40,1,2026-2027-GSEB-GUJ-UNI_UG_BFA_Y1-ART,Default from active division master; edit division_codes to scope this grade.
2026-2027,GSEB,GUJ,UNI_UG_BFA_Y1,ART,C,Division C,40,1,2026-2027-GSEB-GUJ-UNI_UG_BFA_Y1-ART,Default from active division master; edit division_codes to scope this grade.
2026-2027,GSEB,GUJ,UNI_UG_BFA_Y1,ART,D,Division D,40,1,2026-2027-GSEB-GUJ-UNI_UG_BFA_Y1-ART,Default from active division master; edit division_codes to scope this grade.
2026-2027,GSEB,GUJ,UNI_UG_BFA_Y1,ART,E,Division E,40,1,2026-2027-GSEB-GUJ-UNI_UG_BFA_Y1-ART,Default from active division master; edit division_codes to scope this grade.
2026-2027,GSEB,GUJ,UNI_UG_BFA_Y1,ART,F,Division F,40,1,2026-2027-GSEB-GUJ-UNI_UG_BFA_Y1-ART,Default from active division master; edit division_codes to scope this grade.
2026-2027,GSEB,GUJ,UNI_UG_BHM_Y1,HOS,A,Division A,40,1,2026-2027-GSEB-GUJ-UNI_UG_BHM_Y1-HOS,Default from active division master; edit division_codes to scope this grade.
2026-2027,GSEB,GUJ,UNI_UG_BHM_Y1,HOS,B,Division B,40,1,2026-2027-GSEB-GUJ-UNI_UG_BHM_Y1-HOS,Default from active division master; edit division_codes to scope this grade.
2026-2027,GSEB,GUJ,UNI_UG_BHM_Y1,HOS,C,Division C,40,1,2026-2027-GSEB-GUJ-UNI_UG_BHM_Y1-HOS,Default from active division master; edit division_codes to scope this grade.
2026-2027,GSEB,GUJ,UNI_UG_BHM_Y1,HOS,D,Division D,40,1,2026-2027-GSEB-GUJ-UNI_UG_BHM_Y1-HOS,Default from active division master; edit division_codes to scope this grade.
2026-2027,GSEB,GUJ,UNI_UG_BHM_Y1,HOS,E,Division E,40,1,2026-2027-GSEB-GUJ-UNI_UG_BHM_Y1-HOS,Default from active division master; edit division_codes to scope this grade.
2026-2027,GSEB,GUJ,UNI_UG_BHM_Y1,HOS,F,Division F,40,1,2026-2027-GSEB-GUJ-UNI_UG_BHM_Y1-HOS,Default from active division master; edit division_codes to scope this grade.
2026-2027,GSEB,GUJ,UNI_UG_BPT_Y1,AHS,A,Division A,40,1,2026-2027-GSEB-GUJ-UNI_UG_BPT_Y1-AHS,Default from active division master; edit division_codes to scope this grade.
2026-2027,GSEB,GUJ,UNI_UG_BPT_Y1,AHS,B,Division B,40,1,2026-2027-GSEB-GUJ-UNI_UG_BPT_Y1-AHS,Default from active division master; edit division_codes to scope this grade.
2026-2027,GSEB,GUJ,UNI_UG_BPT_Y1,AHS,C,Division C,40,1,2026-2027-GSEB-GUJ-UNI_UG_BPT_Y1-AHS,Default from active division master; edit division_codes to scope this grade.
2026-2027,GSEB,GUJ,UNI_UG_BPT_Y1,AHS,D,Division D,40,1,2026-2027-GSEB-GUJ-UNI_UG_BPT_Y1-AHS,Default from active division master; edit division_codes to scope this grade.
2026-2027,GSEB,GUJ,UNI_UG_BPT_Y1,AHS,E,Division E,40,1,2026-2027-GSEB-GUJ-UNI_UG_BPT_Y1-AHS,Default from active division master; edit division_codes to scope this grade.
2026-2027,GSEB,GUJ,UNI_UG_BPT_Y1,AHS,F,Division F,40,1,2026-2027-GSEB-GUJ-UNI_UG_BPT_Y1-AHS,Default from active division master; edit division_codes to scope this grade.
2026-2027,GSEB,GUJ,UNI_UG_BPT_Y4,AHS,A,Division A,40,1,2026-2027-GSEB-GUJ-UNI_UG_BPT_Y4-AHS,Default from active division master; edit division_codes to scope this grade.
2026-2027,GSEB,GUJ,UNI_UG_BPT_Y4,AHS,B,Division B,40,1,2026-2027-GSEB-GUJ-UNI_UG_BPT_Y4-AHS,Default from active division master; edit division_codes to scope this grade.
2026-2027,GSEB,GUJ,UNI_UG_BPT_Y4,AHS,C,Division C,40,1,2026-2027-GSEB-GUJ-UNI_UG_BPT_Y4-AHS,Default from active division master; edit division_codes to scope this grade.
2026-2027,GSEB,GUJ,UNI_UG_BPT_Y4,AHS,D,Division D,40,1,2026-2027-GSEB-GUJ-UNI_UG_BPT_Y4-AHS,Default from active division master; edit division_codes to scope this grade.
2026-2027,GSEB,GUJ,UNI_UG_BPT_Y4,AHS,E,Division E,40,1,2026-2027-GSEB-GUJ-UNI_UG_BPT_Y4-AHS,Default from active division master; edit division_codes to scope this grade.
2026-2027,GSEB,GUJ,UNI_UG_BPT_Y4,AHS,F,Division F,40,1,2026-2027-GSEB-GUJ-UNI_UG_BPT_Y4-AHS,Default from active division master; edit division_codes to scope this grade.
2026-2027,GSEB,GUJ,UNI_UG_BSW_Y1,ART,A,Division A,40,1,2026-2027-GSEB-GUJ-UNI_UG_BSW_Y1-ART,Default from active division master; edit division_codes to scope this grade.
2026-2027,GSEB,GUJ,UNI_UG_BSW_Y1,ART,B,Division B,40,1,2026-2027-GSEB-GUJ-UNI_UG_BSW_Y1-ART,Default from active division master; edit division_codes to scope this grade.
2026-2027,GSEB,GUJ,UNI_UG_BSW_Y1,ART,C,Division C,40,1,2026-2027-GSEB-GUJ-UNI_UG_BSW_Y1-ART,Default from active division master; edit division_codes to scope this grade.
2026-2027,GSEB,GUJ,UNI_UG_BSW_Y1,ART,D,Division D,40,1,2026-2027-GSEB-GUJ-UNI_UG_BSW_Y1-ART,Default from active division master; edit division_codes to scope this grade.
2026-2027,GSEB,GUJ,UNI_UG_BSW_Y1,ART,E,Division E,40,1,2026-2027-GSEB-GUJ-UNI_UG_BSW_Y1-ART,Default from active division master; edit division_codes to scope this grade.
2026-2027,GSEB,GUJ,UNI_UG_BSW_Y1,ART,F,Division F,40,1,2026-2027-GSEB-GUJ-UNI_UG_BSW_Y1-ART,Default from active division master; edit division_codes to scope this grade.
2026-2027,GSEB,GUJ,UNI_UG_CSE_Y1,ENG,A,Division A,40,1,2026-2027-GSEB-GUJ-UNI_UG_CSE_Y1-ENG,Default from active division master; edit division_codes to scope this grade.
2026-2027,GSEB,GUJ,UNI_UG_CSE_Y1,ENG,B,Division B,40,1,2026-2027-GSEB-GUJ-UNI_UG_CSE_Y1-ENG,Default from active division master; edit division_codes to scope this grade.
2026-2027,GSEB,GUJ,UNI_UG_CSE_Y1,ENG,C,Division C,40,1,2026-2027-GSEB-GUJ-UNI_UG_CSE_Y1-ENG,Default from active division master; edit division_codes to scope this grade.
2026-2027,GSEB,GUJ,UNI_UG_CSE_Y1,ENG,D,Division D,40,1,2026-2027-GSEB-GUJ-UNI_UG_CSE_Y1-ENG,Default from active division master; edit division_codes to scope this grade.
2026-2027,GSEB,GUJ,UNI_UG_CSE_Y1,ENG,E,Division E,40,1,2026-2027-GSEB-GUJ-UNI_UG_CSE_Y1-ENG,Default from active division master; edit division_codes to scope this grade.
2026-2027,GSEB,GUJ,UNI_UG_CSE_Y1,ENG,F,Division F,40,1,2026-2027-GSEB-GUJ-UNI_UG_CSE_Y1-ENG,Default from active division master; edit division_codes to scope this grade.
2026-2027,GSEB,GUJ,UNI_UG_CSE_Y2,ENG,A,Division A,40,1,2026-2027-GSEB-GUJ-UNI_UG_CSE_Y2-ENG,Default from active division master; edit division_codes to scope this grade.
2026-2027,GSEB,GUJ,UNI_UG_CSE_Y2,ENG,B,Division B,40,1,2026-2027-GSEB-GUJ-UNI_UG_CSE_Y2-ENG,Default from active division master; edit division_codes to scope this grade.
2026-2027,GSEB,GUJ,UNI_UG_CSE_Y2,ENG,C,Division C,40,1,2026-2027-GSEB-GUJ-UNI_UG_CSE_Y2-ENG,Default from active division master; edit division_codes to scope this grade.
2026-2027,GSEB,GUJ,UNI_UG_CSE_Y2,ENG,D,Division D,40,1,2026-2027-GSEB-GUJ-UNI_UG_CSE_Y2-ENG,Default from active division master; edit division_codes to scope this grade.
2026-2027,GSEB,GUJ,UNI_UG_CSE_Y2,ENG,E,Division E,40,1,2026-2027-GSEB-GUJ-UNI_UG_CSE_Y2-ENG,Default from active division master; edit division_codes to scope this grade.
2026-2027,GSEB,GUJ,UNI_UG_CSE_Y2,ENG,F,Division F,40,1,2026-2027-GSEB-GUJ-UNI_UG_CSE_Y2-ENG,Default from active division master; edit division_codes to scope this grade.
2026-2027,GSEB,GUJ,UNI_UG_CSE_Y3,ENG,A,Division A,40,1,2026-2027-GSEB-GUJ-UNI_UG_CSE_Y3-ENG,Default from active division master; edit division_codes to scope this grade.
2026-2027,GSEB,GUJ,UNI_UG_CSE_Y3,ENG,B,Division B,40,1,2026-2027-GSEB-GUJ-UNI_UG_CSE_Y3-ENG,Default from active division master; edit division_codes to scope this grade.
2026-2027,GSEB,GUJ,UNI_UG_CSE_Y3,ENG,C,Division C,40,1,2026-2027-GSEB-GUJ-UNI_UG_CSE_Y3-ENG,Default from active division master; edit division_codes to scope this grade.
2026-2027,GSEB,GUJ,UNI_UG_CSE_Y3,ENG,D,Division D,40,1,2026-2027-GSEB-GUJ-UNI_UG_CSE_Y3-ENG,Default from active division master; edit division_codes to scope this grade.
2026-2027,GSEB,GUJ,UNI_UG_CSE_Y3,ENG,E,Division E,40,1,2026-2027-GSEB-GUJ-UNI_UG_CSE_Y3-ENG,Default from active division master; edit division_codes to scope this grade.
2026-2027,GSEB,GUJ,UNI_UG_CSE_Y3,ENG,F,Division F,40,1,2026-2027-GSEB-GUJ-UNI_UG_CSE_Y3-ENG,Default from active division master; edit division_codes to scope this grade.
2026-2027,GSEB,GUJ,UNI_UG_CSE_Y4,ENG,A,Division A,40,1,2026-2027-GSEB-GUJ-UNI_UG_CSE_Y4-ENG,Default from active division master; edit division_codes to scope this grade.
2026-2027,GSEB,GUJ,UNI_UG_CSE_Y4,ENG,B,Division B,40,1,2026-2027-GSEB-GUJ-UNI_UG_CSE_Y4-ENG,Default from active division master; edit division_codes to scope this grade.
2026-2027,GSEB,GUJ,UNI_UG_CSE_Y4,ENG,C,Division C,40,1,2026-2027-GSEB-GUJ-UNI_UG_CSE_Y4-ENG,Default from active division master; edit division_codes to scope this grade.
2026-2027,GSEB,GUJ,UNI_UG_CSE_Y4,ENG,D,Division D,40,1,2026-2027-GSEB-GUJ-UNI_UG_CSE_Y4-ENG,Default from active division master; edit division_codes to scope this grade.
2026-2027,GSEB,GUJ,UNI_UG_CSE_Y4,ENG,E,Division E,40,1,2026-2027-GSEB-GUJ-UNI_UG_CSE_Y4-ENG,Default from active division master; edit division_codes to scope this grade.
2026-2027,GSEB,GUJ,UNI_UG_CSE_Y4,ENG,F,Division F,40,1,2026-2027-GSEB-GUJ-UNI_UG_CSE_Y4-ENG,Default from active division master; edit division_codes to scope this grade.
2026-2027,GSEB,GUJ,UNI_UG_DS_Y1,SCI,A,Division A,40,1,2026-2027-GSEB-GUJ-UNI_UG_DS_Y1-SCI,Default from active division master; edit division_codes to scope this grade.
2026-2027,GSEB,GUJ,UNI_UG_DS_Y1,SCI,B,Division B,40,1,2026-2027-GSEB-GUJ-UNI_UG_DS_Y1-SCI,Default from active division master; edit division_codes to scope this grade.
2026-2027,GSEB,GUJ,UNI_UG_DS_Y1,SCI,C,Division C,40,1,2026-2027-GSEB-GUJ-UNI_UG_DS_Y1-SCI,Default from active division master; edit division_codes to scope this grade.
2026-2027,GSEB,GUJ,UNI_UG_DS_Y1,SCI,D,Division D,40,1,2026-2027-GSEB-GUJ-UNI_UG_DS_Y1-SCI,Default from active division master; edit division_codes to scope this grade.
2026-2027,GSEB,GUJ,UNI_UG_DS_Y1,SCI,E,Division E,40,1,2026-2027-GSEB-GUJ-UNI_UG_DS_Y1-SCI,Default from active division master; edit division_codes to scope this grade.
2026-2027,GSEB,GUJ,UNI_UG_DS_Y1,SCI,F,Division F,40,1,2026-2027-GSEB-GUJ-UNI_UG_DS_Y1-SCI,Default from active division master; edit division_codes to scope this grade.
2026-2027,GSEB,GUJ,UNI_UG_DS_Y2,SCI,A,Division A,40,1,2026-2027-GSEB-GUJ-UNI_UG_DS_Y2-SCI,Default from active division master; edit division_codes to scope this grade.
2026-2027,GSEB,GUJ,UNI_UG_DS_Y2,SCI,B,Division B,40,1,2026-2027-GSEB-GUJ-UNI_UG_DS_Y2-SCI,Default from active division master; edit division_codes to scope this grade.
2026-2027,GSEB,GUJ,UNI_UG_DS_Y2,SCI,C,Division C,40,1,2026-2027-GSEB-GUJ-UNI_UG_DS_Y2-SCI,Default from active division master; edit division_codes to scope this grade.
2026-2027,GSEB,GUJ,UNI_UG_DS_Y2,SCI,D,Division D,40,1,2026-2027-GSEB-GUJ-UNI_UG_DS_Y2-SCI,Default from active division master; edit division_codes to scope this grade.
2026-2027,GSEB,GUJ,UNI_UG_DS_Y2,SCI,E,Division E,40,1,2026-2027-GSEB-GUJ-UNI_UG_DS_Y2-SCI,Default from active division master; edit division_codes to scope this grade.
2026-2027,GSEB,GUJ,UNI_UG_DS_Y2,SCI,F,Division F,40,1,2026-2027-GSEB-GUJ-UNI_UG_DS_Y2-SCI,Default from active division master; edit division_codes to scope this grade.
2026-2027,GSEB,GUJ,UNI_UG_DS_Y3,SCI,A,Division A,40,1,2026-2027-GSEB-GUJ-UNI_UG_DS_Y3-SCI,Default from active division master; edit division_codes to scope this grade.
2026-2027,GSEB,GUJ,UNI_UG_DS_Y3,SCI,B,Division B,40,1,2026-2027-GSEB-GUJ-UNI_UG_DS_Y3-SCI,Default from active division master; edit division_codes to scope this grade.
2026-2027,GSEB,GUJ,UNI_UG_DS_Y3,SCI,C,Division C,40,1,2026-2027-GSEB-GUJ-UNI_UG_DS_Y3-SCI,Default from active division master; edit division_codes to scope this grade.
2026-2027,GSEB,GUJ,UNI_UG_DS_Y3,SCI,D,Division D,40,1,2026-2027-GSEB-GUJ-UNI_UG_DS_Y3-SCI,Default from active division master; edit division_codes to scope this grade.
2026-2027,GSEB,GUJ,UNI_UG_DS_Y3,SCI,E,Division E,40,1,2026-2027-GSEB-GUJ-UNI_UG_DS_Y3-SCI,Default from active division master; edit division_codes to scope this grade.
2026-2027,GSEB,GUJ,UNI_UG_DS_Y3,SCI,F,Division F,40,1,2026-2027-GSEB-GUJ-UNI_UG_DS_Y3-SCI,Default from active division master; edit division_codes to scope this grade.
2026-2027,GSEB,GUJ,UNI_UG_LAW_Y1,LAW,A,Division A,40,1,2026-2027-GSEB-GUJ-UNI_UG_LAW_Y1-LAW,Default from active division master; edit division_codes to scope this grade.
2026-2027,GSEB,GUJ,UNI_UG_LAW_Y1,LAW,B,Division B,40,1,2026-2027-GSEB-GUJ-UNI_UG_LAW_Y1-LAW,Default from active division master; edit division_codes to scope this grade.
2026-2027,GSEB,GUJ,UNI_UG_LAW_Y1,LAW,C,Division C,40,1,2026-2027-GSEB-GUJ-UNI_UG_LAW_Y1-LAW,Default from active division master; edit division_codes to scope this grade.
2026-2027,GSEB,GUJ,UNI_UG_LAW_Y1,LAW,D,Division D,40,1,2026-2027-GSEB-GUJ-UNI_UG_LAW_Y1-LAW,Default from active division master; edit division_codes to scope this grade.
2026-2027,GSEB,GUJ,UNI_UG_LAW_Y1,LAW,E,Division E,40,1,2026-2027-GSEB-GUJ-UNI_UG_LAW_Y1-LAW,Default from active division master; edit division_codes to scope this grade.
2026-2027,GSEB,GUJ,UNI_UG_LAW_Y1,LAW,F,Division F,40,1,2026-2027-GSEB-GUJ-UNI_UG_LAW_Y1-LAW,Default from active division master; edit division_codes to scope this grade.
2026-2027,GSEB,GUJ,UNI_UG_LAW_Y5,LAW,A,Division A,40,1,2026-2027-GSEB-GUJ-UNI_UG_LAW_Y5-LAW,Default from active division master; edit division_codes to scope this grade.
2026-2027,GSEB,GUJ,UNI_UG_LAW_Y5,LAW,B,Division B,40,1,2026-2027-GSEB-GUJ-UNI_UG_LAW_Y5-LAW,Default from active division master; edit division_codes to scope this grade.
2026-2027,GSEB,GUJ,UNI_UG_LAW_Y5,LAW,C,Division C,40,1,2026-2027-GSEB-GUJ-UNI_UG_LAW_Y5-LAW,Default from active division master; edit division_codes to scope this grade.
2026-2027,GSEB,GUJ,UNI_UG_LAW_Y5,LAW,D,Division D,40,1,2026-2027-GSEB-GUJ-UNI_UG_LAW_Y5-LAW,Default from active division master; edit division_codes to scope this grade.
2026-2027,GSEB,GUJ,UNI_UG_LAW_Y5,LAW,E,Division E,40,1,2026-2027-GSEB-GUJ-UNI_UG_LAW_Y5-LAW,Default from active division master; edit division_codes to scope this grade.
2026-2027,GSEB,GUJ,UNI_UG_LAW_Y5,LAW,F,Division F,40,1,2026-2027-GSEB-GUJ-UNI_UG_LAW_Y5-LAW,Default from active division master; edit division_codes to scope this grade.
2026-2027,GSEB,GUJ,UNI_UG_MED_Y1,MED,A,Division A,40,1,2026-2027-GSEB-GUJ-UNI_UG_MED_Y1-MED,Default from active division master; edit division_codes to scope this grade.
2026-2027,GSEB,GUJ,UNI_UG_MED_Y1,MED,B,Division B,40,1,2026-2027-GSEB-GUJ-UNI_UG_MED_Y1-MED,Default from active division master; edit division_codes to scope this grade.
2026-2027,GSEB,GUJ,UNI_UG_MED_Y1,MED,C,Division C,40,1,2026-2027-GSEB-GUJ-UNI_UG_MED_Y1-MED,Default from active division master; edit division_codes to scope this grade.
2026-2027,GSEB,GUJ,UNI_UG_MED_Y1,MED,D,Division D,40,1,2026-2027-GSEB-GUJ-UNI_UG_MED_Y1-MED,Default from active division master; edit division_codes to scope this grade.
2026-2027,GSEB,GUJ,UNI_UG_MED_Y1,MED,E,Division E,40,1,2026-2027-GSEB-GUJ-UNI_UG_MED_Y1-MED,Default from active division master; edit division_codes to scope this grade.
2026-2027,GSEB,GUJ,UNI_UG_MED_Y1,MED,F,Division F,40,1,2026-2027-GSEB-GUJ-UNI_UG_MED_Y1-MED,Default from active division master; edit division_codes to scope this grade.
2026-2027,GSEB,GUJ,UNI_UG_MED_Y2,MED,A,Division A,40,1,2026-2027-GSEB-GUJ-UNI_UG_MED_Y2-MED,Default from active division master; edit division_codes to scope this grade.
2026-2027,GSEB,GUJ,UNI_UG_MED_Y2,MED,B,Division B,40,1,2026-2027-GSEB-GUJ-UNI_UG_MED_Y2-MED,Default from active division master; edit division_codes to scope this grade.
2026-2027,GSEB,GUJ,UNI_UG_MED_Y2,MED,C,Division C,40,1,2026-2027-GSEB-GUJ-UNI_UG_MED_Y2-MED,Default from active division master; edit division_codes to scope this grade.
2026-2027,GSEB,GUJ,UNI_UG_MED_Y2,MED,D,Division D,40,1,2026-2027-GSEB-GUJ-UNI_UG_MED_Y2-MED,Default from active division master; edit division_codes to scope this grade.
2026-2027,GSEB,GUJ,UNI_UG_MED_Y2,MED,E,Division E,40,1,2026-2027-GSEB-GUJ-UNI_UG_MED_Y2-MED,Default from active division master; edit division_codes to scope this grade.
2026-2027,GSEB,GUJ,UNI_UG_MED_Y2,MED,F,Division F,40,1,2026-2027-GSEB-GUJ-UNI_UG_MED_Y2-MED,Default from active division master; edit division_codes to scope this grade.
2026-2027,GSEB,GUJ,UNI_UG_MED_Y3,MED,A,Division A,40,1,2026-2027-GSEB-GUJ-UNI_UG_MED_Y3-MED,Default from active division master; edit division_codes to scope this grade.
2026-2027,GSEB,GUJ,UNI_UG_MED_Y3,MED,B,Division B,40,1,2026-2027-GSEB-GUJ-UNI_UG_MED_Y3-MED,Default from active division master; edit division_codes to scope this grade.
2026-2027,GSEB,GUJ,UNI_UG_MED_Y3,MED,C,Division C,40,1,2026-2027-GSEB-GUJ-UNI_UG_MED_Y3-MED,Default from active division master; edit division_codes to scope this grade.
2026-2027,GSEB,GUJ,UNI_UG_MED_Y3,MED,D,Division D,40,1,2026-2027-GSEB-GUJ-UNI_UG_MED_Y3-MED,Default from active division master; edit division_codes to scope this grade.
2026-2027,GSEB,GUJ,UNI_UG_MED_Y3,MED,E,Division E,40,1,2026-2027-GSEB-GUJ-UNI_UG_MED_Y3-MED,Default from active division master; edit division_codes to scope this grade.
2026-2027,GSEB,GUJ,UNI_UG_MED_Y3,MED,F,Division F,40,1,2026-2027-GSEB-GUJ-UNI_UG_MED_Y3-MED,Default from active division master; edit division_codes to scope this grade.
2026-2027,GSEB,GUJ,UNI_UG_MED_Y4,MED,A,Division A,40,1,2026-2027-GSEB-GUJ-UNI_UG_MED_Y4-MED,Default from active division master; edit division_codes to scope this grade.
2026-2027,GSEB,GUJ,UNI_UG_MED_Y4,MED,B,Division B,40,1,2026-2027-GSEB-GUJ-UNI_UG_MED_Y4-MED,Default from active division master; edit division_codes to scope this grade.
2026-2027,GSEB,GUJ,UNI_UG_MED_Y4,MED,C,Division C,40,1,2026-2027-GSEB-GUJ-UNI_UG_MED_Y4-MED,Default from active division master; edit division_codes to scope this grade.
2026-2027,GSEB,GUJ,UNI_UG_MED_Y4,MED,D,Division D,40,1,2026-2027-GSEB-GUJ-UNI_UG_MED_Y4-MED,Default from active division master; edit division_codes to scope this grade.
2026-2027,GSEB,GUJ,UNI_UG_MED_Y4,MED,E,Division E,40,1,2026-2027-GSEB-GUJ-UNI_UG_MED_Y4-MED,Default from active division master; edit division_codes to scope this grade.
2026-2027,GSEB,GUJ,UNI_UG_MED_Y4,MED,F,Division F,40,1,2026-2027-GSEB-GUJ-UNI_UG_MED_Y4-MED,Default from active division master; edit division_codes to scope this grade.
2026-2027,GSEB,GUJ,UNI_UG_MED_Y5,MED,A,Division A,40,1,2026-2027-GSEB-GUJ-UNI_UG_MED_Y5-MED,Default from active division master; edit division_codes to scope this grade.
2026-2027,GSEB,GUJ,UNI_UG_MED_Y5,MED,B,Division B,40,1,2026-2027-GSEB-GUJ-UNI_UG_MED_Y5-MED,Default from active division master; edit division_codes to scope this grade.
2026-2027,GSEB,GUJ,UNI_UG_MED_Y5,MED,C,Division C,40,1,2026-2027-GSEB-GUJ-UNI_UG_MED_Y5-MED,Default from active division master; edit division_codes to scope this grade.
2026-2027,GSEB,GUJ,UNI_UG_MED_Y5,MED,D,Division D,40,1,2026-2027-GSEB-GUJ-UNI_UG_MED_Y5-MED,Default from active division master; edit division_codes to scope this grade.
2026-2027,GSEB,GUJ,UNI_UG_MED_Y5,MED,E,Division E,40,1,2026-2027-GSEB-GUJ-UNI_UG_MED_Y5-MED,Default from active division master; edit division_codes to scope this grade.
2026-2027,GSEB,GUJ,UNI_UG_MED_Y5,MED,F,Division F,40,1,2026-2027-GSEB-GUJ-UNI_UG_MED_Y5-MED,Default from active division master; edit division_codes to scope this grade.
2026-2027,GSEB,GUJ,UNI_UG_UX_Y1,DES,A,Division A,40,1,2026-2027-GSEB-GUJ-UNI_UG_UX_Y1-DES,Default from active division master; edit division_codes to scope this grade.
2026-2027,GSEB,GUJ,UNI_UG_UX_Y1,DES,B,Division B,40,1,2026-2027-GSEB-GUJ-UNI_UG_UX_Y1-DES,Default from active division master; edit division_codes to scope this grade.
2026-2027,GSEB,GUJ,UNI_UG_UX_Y1,DES,C,Division C,40,1,2026-2027-GSEB-GUJ-UNI_UG_UX_Y1-DES,Default from active division master; edit division_codes to scope this grade.
2026-2027,GSEB,GUJ,UNI_UG_UX_Y1,DES,D,Division D,40,1,2026-2027-GSEB-GUJ-UNI_UG_UX_Y1-DES,Default from active division master; edit division_codes to scope this grade.
2026-2027,GSEB,GUJ,UNI_UG_UX_Y1,DES,E,Division E,40,1,2026-2027-GSEB-GUJ-UNI_UG_UX_Y1-DES,Default from active division master; edit division_codes to scope this grade.
2026-2027,GSEB,GUJ,UNI_UG_UX_Y1,DES,F,Division F,40,1,2026-2027-GSEB-GUJ-UNI_UG_UX_Y1-DES,Default from active division master; edit division_codes to scope this grade.
2026-2027,GSEB,GUJ,UNI_UG_UX_Y2,DES,A,Division A,40,1,2026-2027-GSEB-GUJ-UNI_UG_UX_Y2-DES,Default from active division master; edit division_codes to scope this grade.
2026-2027,GSEB,GUJ,UNI_UG_UX_Y2,DES,B,Division B,40,1,2026-2027-GSEB-GUJ-UNI_UG_UX_Y2-DES,Default from active division master; edit division_codes to scope this grade.
2026-2027,GSEB,GUJ,UNI_UG_UX_Y2,DES,C,Division C,40,1,2026-2027-GSEB-GUJ-UNI_UG_UX_Y2-DES,Default from active division master; edit division_codes to scope this grade.
2026-2027,GSEB,GUJ,UNI_UG_UX_Y2,DES,D,Division D,40,1,2026-2027-GSEB-GUJ-UNI_UG_UX_Y2-DES,Default from active division master; edit division_codes to scope this grade.
2026-2027,GSEB,GUJ,UNI_UG_UX_Y2,DES,E,Division E,40,1,2026-2027-GSEB-GUJ-UNI_UG_UX_Y2-DES,Default from active division master; edit division_codes to scope this grade.
2026-2027,GSEB,GUJ,UNI_UG_UX_Y2,DES,F,Division F,40,1,2026-2027-GSEB-GUJ-UNI_UG_UX_Y2-DES,Default from active division master; edit division_codes to scope this grade.
2026-2027,GSEB,GUJ,UNI_UG_UX_Y3,DES,A,Division A,40,1,2026-2027-GSEB-GUJ-UNI_UG_UX_Y3-DES,Default from active division master; edit division_codes to scope this grade.
2026-2027,GSEB,GUJ,UNI_UG_UX_Y3,DES,B,Division B,40,1,2026-2027-GSEB-GUJ-UNI_UG_UX_Y3-DES,Default from active division master; edit division_codes to scope this grade.
2026-2027,GSEB,GUJ,UNI_UG_UX_Y3,DES,C,Division C,40,1,2026-2027-GSEB-GUJ-UNI_UG_UX_Y3-DES,Default from active division master; edit division_codes to scope this grade.
2026-2027,GSEB,GUJ,UNI_UG_UX_Y3,DES,D,Division D,40,1,2026-2027-GSEB-GUJ-UNI_UG_UX_Y3-DES,Default from active division master; edit division_codes to scope this grade.
2026-2027,GSEB,GUJ,UNI_UG_UX_Y3,DES,E,Division E,40,1,2026-2027-GSEB-GUJ-UNI_UG_UX_Y3-DES,Default from active division master; edit division_codes to scope this grade.
2026-2027,GSEB,GUJ,UNI_UG_UX_Y3,DES,F,Division F,40,1,2026-2027-GSEB-GUJ-UNI_UG_UX_Y3-DES,Default from active division master; edit division_codes to scope this grade.
2026-2027,GSEB,GUJ,UNI_UG_UX_Y4,DES,A,Division A,40,1,2026-2027-GSEB-GUJ-UNI_UG_UX_Y4-DES,Default from active division master; edit division_codes to scope this grade.
2026-2027,GSEB,GUJ,UNI_UG_UX_Y4,DES,B,Division B,40,1,2026-2027-GSEB-GUJ-UNI_UG_UX_Y4-DES,Default from active division master; edit division_codes to scope this grade.
2026-2027,GSEB,GUJ,UNI_UG_UX_Y4,DES,C,Division C,40,1,2026-2027-GSEB-GUJ-UNI_UG_UX_Y4-DES,Default from active division master; edit division_codes to scope this grade.
2026-2027,GSEB,GUJ,UNI_UG_UX_Y4,DES,D,Division D,40,1,2026-2027-GSEB-GUJ-UNI_UG_UX_Y4-DES,Default from active division master; edit division_codes to scope this grade.
2026-2027,GSEB,GUJ,UNI_UG_UX_Y4,DES,E,Division E,40,1,2026-2027-GSEB-GUJ-UNI_UG_UX_Y4-DES,Default from active division master; edit division_codes to scope this grade.
2026-2027,GSEB,GUJ,UNI_UG_UX_Y4,DES,F,Division F,40,1,2026-2027-GSEB-GUJ-UNI_UG_UX_Y4-DES,Default from active division master; edit division_codes to scope this grade.
2026-2027,GSEB,HIN,ITI_ELEC,VOC_IND,A,Division A,40,1,2026-2027-GSEB-HIN-ITI_ELEC-VOC_IND,Default from active division master; edit division_codes to scope this grade.
2026-2027,GSEB,HIN,ITI_ELEC,VOC_IND,B,Division B,40,1,2026-2027-GSEB-HIN-ITI_ELEC-VOC_IND,Default from active division master; edit division_codes to scope this grade.
2026-2027,GSEB,HIN,ITI_ELEC,VOC_IND,C,Division C,40,1,2026-2027-GSEB-HIN-ITI_ELEC-VOC_IND,Default from active division master; edit division_codes to scope this grade.
2026-2027,GSEB,HIN,ITI_ELEC,VOC_IND,D,Division D,40,1,2026-2027-GSEB-HIN-ITI_ELEC-VOC_IND,Default from active division master; edit division_codes to scope this grade.
2026-2027,GSEB,HIN,ITI_ELEC,VOC_IND,E,Division E,40,1,2026-2027-GSEB-HIN-ITI_ELEC-VOC_IND,Default from active division master; edit division_codes to scope this grade.
2026-2027,GSEB,HIN,ITI_ELEC,VOC_IND,F,Division F,40,1,2026-2027-GSEB-HIN-ITI_ELEC-VOC_IND,Default from active division master; edit division_codes to scope this grade.
2026-2027,GSEB,HIN,ITI_FIT,VOC_IND,A,Division A,40,1,2026-2027-GSEB-HIN-ITI_FIT-VOC_IND,Default from active division master; edit division_codes to scope this grade.
2026-2027,GSEB,HIN,ITI_FIT,VOC_IND,B,Division B,40,1,2026-2027-GSEB-HIN-ITI_FIT-VOC_IND,Default from active division master; edit division_codes to scope this grade.
2026-2027,GSEB,HIN,ITI_FIT,VOC_IND,C,Division C,40,1,2026-2027-GSEB-HIN-ITI_FIT-VOC_IND,Default from active division master; edit division_codes to scope this grade.
2026-2027,GSEB,HIN,ITI_FIT,VOC_IND,D,Division D,40,1,2026-2027-GSEB-HIN-ITI_FIT-VOC_IND,Default from active division master; edit division_codes to scope this grade.
2026-2027,GSEB,HIN,ITI_FIT,VOC_IND,E,Division E,40,1,2026-2027-GSEB-HIN-ITI_FIT-VOC_IND,Default from active division master; edit division_codes to scope this grade.
2026-2027,GSEB,HIN,ITI_FIT,VOC_IND,F,Division F,40,1,2026-2027-GSEB-HIN-ITI_FIT-VOC_IND,Default from active division master; edit division_codes to scope this grade.
2026-2027,GSEB,HIN,LMS_CERT_AGILE,MGT,A,Division A,40,1,2026-2027-GSEB-HIN-LMS_CERT_AGILE-MGT,Default from active division master; edit division_codes to scope this grade.
2026-2027,GSEB,HIN,LMS_CERT_AGILE,MGT,B,Division B,40,1,2026-2027-GSEB-HIN-LMS_CERT_AGILE-MGT,Default from active division master; edit division_codes to scope this grade.
2026-2027,GSEB,HIN,LMS_CERT_AGILE,MGT,C,Division C,40,1,2026-2027-GSEB-HIN-LMS_CERT_AGILE-MGT,Default from active division master; edit division_codes to scope this grade.
2026-2027,GSEB,HIN,LMS_CERT_AGILE,MGT,D,Division D,40,1,2026-2027-GSEB-HIN-LMS_CERT_AGILE-MGT,Default from active division master; edit division_codes to scope this grade.
2026-2027,GSEB,HIN,LMS_CERT_AGILE,MGT,E,Division E,40,1,2026-2027-GSEB-HIN-LMS_CERT_AGILE-MGT,Default from active division master; edit division_codes to scope this grade.
2026-2027,GSEB,HIN,LMS_CERT_AGILE,MGT,F,Division F,40,1,2026-2027-GSEB-HIN-LMS_CERT_AGILE-MGT,Default from active division master; edit division_codes to scope this grade.
2026-2027,GSEB,HIN,LMS_CERT_CLOUD,ENG,A,Division A,40,1,2026-2027-GSEB-HIN-LMS_CERT_CLOUD-ENG,Default from active division master; edit division_codes to scope this grade.
2026-2027,GSEB,HIN,LMS_CERT_CLOUD,ENG,B,Division B,40,1,2026-2027-GSEB-HIN-LMS_CERT_CLOUD-ENG,Default from active division master; edit division_codes to scope this grade.
2026-2027,GSEB,HIN,LMS_CERT_CLOUD,ENG,C,Division C,40,1,2026-2027-GSEB-HIN-LMS_CERT_CLOUD-ENG,Default from active division master; edit division_codes to scope this grade.
2026-2027,GSEB,HIN,LMS_CERT_CLOUD,ENG,D,Division D,40,1,2026-2027-GSEB-HIN-LMS_CERT_CLOUD-ENG,Default from active division master; edit division_codes to scope this grade.
2026-2027,GSEB,HIN,LMS_CERT_CLOUD,ENG,E,Division E,40,1,2026-2027-GSEB-HIN-LMS_CERT_CLOUD-ENG,Default from active division master; edit division_codes to scope this grade.
2026-2027,GSEB,HIN,LMS_CERT_CLOUD,ENG,F,Division F,40,1,2026-2027-GSEB-HIN-LMS_CERT_CLOUD-ENG,Default from active division master; edit division_codes to scope this grade.
2026-2027,GSEB,HIN,LMS_CERT_CYBER,CSA,A,Division A,40,1,2026-2027-GSEB-HIN-LMS_CERT_CYBER-CSA,Default from active division master; edit division_codes to scope this grade.
2026-2027,GSEB,HIN,LMS_CERT_CYBER,CSA,B,Division B,40,1,2026-2027-GSEB-HIN-LMS_CERT_CYBER-CSA,Default from active division master; edit division_codes to scope this grade.
2026-2027,GSEB,HIN,LMS_CERT_CYBER,CSA,C,Division C,40,1,2026-2027-GSEB-HIN-LMS_CERT_CYBER-CSA,Default from active division master; edit division_codes to scope this grade.
2026-2027,GSEB,HIN,LMS_CERT_CYBER,CSA,D,Division D,40,1,2026-2027-GSEB-HIN-LMS_CERT_CYBER-CSA,Default from active division master; edit division_codes to scope this grade.
2026-2027,GSEB,HIN,LMS_CERT_CYBER,CSA,E,Division E,40,1,2026-2027-GSEB-HIN-LMS_CERT_CYBER-CSA,Default from active division master; edit division_codes to scope this grade.
2026-2027,GSEB,HIN,LMS_CERT_CYBER,CSA,F,Division F,40,1,2026-2027-GSEB-HIN-LMS_CERT_CYBER-CSA,Default from active division master; edit division_codes to scope this grade.
2026-2027,GSEB,HIN,LMS_CERT_DATA,AIE,A,Division A,40,1,2026-2027-GSEB-HIN-LMS_CERT_DATA-AIE,Default from active division master; edit division_codes to scope this grade.
2026-2027,GSEB,HIN,LMS_CERT_DATA,AIE,B,Division B,40,1,2026-2027-GSEB-HIN-LMS_CERT_DATA-AIE,Default from active division master; edit division_codes to scope this grade.
2026-2027,GSEB,HIN,LMS_CERT_DATA,AIE,C,Division C,40,1,2026-2027-GSEB-HIN-LMS_CERT_DATA-AIE,Default from active division master; edit division_codes to scope this grade.
2026-2027,GSEB,HIN,LMS_CERT_DATA,AIE,D,Division D,40,1,2026-2027-GSEB-HIN-LMS_CERT_DATA-AIE,Default from active division master; edit division_codes to scope this grade.
2026-2027,GSEB,HIN,LMS_CERT_DATA,AIE,E,Division E,40,1,2026-2027-GSEB-HIN-LMS_CERT_DATA-AIE,Default from active division master; edit division_codes to scope this grade.
2026-2027,GSEB,HIN,LMS_CERT_DATA,AIE,F,Division F,40,1,2026-2027-GSEB-HIN-LMS_CERT_DATA-AIE,Default from active division master; edit division_codes to scope this grade.
2026-2027,GSEB,HIN,LMS_CERT_DIGMKT,MKT,A,Division A,40,1,2026-2027-GSEB-HIN-LMS_CERT_DIGMKT-MKT,Default from active division master; edit division_codes to scope this grade.
2026-2027,GSEB,HIN,LMS_CERT_DIGMKT,MKT,B,Division B,40,1,2026-2027-GSEB-HIN-LMS_CERT_DIGMKT-MKT,Default from active division master; edit division_codes to scope this grade.
2026-2027,GSEB,HIN,LMS_CERT_DIGMKT,MKT,C,Division C,40,1,2026-2027-GSEB-HIN-LMS_CERT_DIGMKT-MKT,Default from active division master; edit division_codes to scope this grade.
2026-2027,GSEB,HIN,LMS_CERT_DIGMKT,MKT,D,Division D,40,1,2026-2027-GSEB-HIN-LMS_CERT_DIGMKT-MKT,Default from active division master; edit division_codes to scope this grade.
2026-2027,GSEB,HIN,LMS_CERT_DIGMKT,MKT,E,Division E,40,1,2026-2027-GSEB-HIN-LMS_CERT_DIGMKT-MKT,Default from active division master; edit division_codes to scope this grade.
2026-2027,GSEB,HIN,LMS_CERT_DIGMKT,MKT,F,Division F,40,1,2026-2027-GSEB-HIN-LMS_CERT_DIGMKT-MKT,Default from active division master; edit division_codes to scope this grade.
2026-2027,GSEB,HIN,LMS_CERT_FSD,CSA,A,Division A,40,1,2026-2027-GSEB-HIN-LMS_CERT_FSD-CSA,Default from active division master; edit division_codes to scope this grade.
2026-2027,GSEB,HIN,LMS_CERT_FSD,CSA,B,Division B,40,1,2026-2027-GSEB-HIN-LMS_CERT_FSD-CSA,Default from active division master; edit division_codes to scope this grade.
2026-2027,GSEB,HIN,LMS_CERT_FSD,CSA,C,Division C,40,1,2026-2027-GSEB-HIN-LMS_CERT_FSD-CSA,Default from active division master; edit division_codes to scope this grade.
2026-2027,GSEB,HIN,LMS_CERT_FSD,CSA,D,Division D,40,1,2026-2027-GSEB-HIN-LMS_CERT_FSD-CSA,Default from active division master; edit division_codes to scope this grade.
2026-2027,GSEB,HIN,LMS_CERT_FSD,CSA,E,Division E,40,1,2026-2027-GSEB-HIN-LMS_CERT_FSD-CSA,Default from active division master; edit division_codes to scope this grade.
2026-2027,GSEB,HIN,LMS_CERT_FSD,CSA,F,Division F,40,1,2026-2027-GSEB-HIN-LMS_CERT_FSD-CSA,Default from active division master; edit division_codes to scope this grade.
2026-2027,GSEB,HIN,LMS_CERT_MLOPS,AIE,A,Division A,40,1,2026-2027-GSEB-HIN-LMS_CERT_MLOPS-AIE,Default from active division master; edit division_codes to scope this grade.
2026-2027,GSEB,HIN,LMS_CERT_MLOPS,AIE,B,Division B,40,1,2026-2027-GSEB-HIN-LMS_CERT_MLOPS-AIE,Default from active division master; edit division_codes to scope this grade.
2026-2027,GSEB,HIN,LMS_CERT_MLOPS,AIE,C,Division C,40,1,2026-2027-GSEB-HIN-LMS_CERT_MLOPS-AIE,Default from active division master; edit division_codes to scope this grade.
2026-2027,GSEB,HIN,LMS_CERT_MLOPS,AIE,D,Division D,40,1,2026-2027-GSEB-HIN-LMS_CERT_MLOPS-AIE,Default from active division master; edit division_codes to scope this grade.
2026-2027,GSEB,HIN,LMS_CERT_MLOPS,AIE,E,Division E,40,1,2026-2027-GSEB-HIN-LMS_CERT_MLOPS-AIE,Default from active division master; edit division_codes to scope this grade.
2026-2027,GSEB,HIN,LMS_CERT_MLOPS,AIE,F,Division F,40,1,2026-2027-GSEB-HIN-LMS_CERT_MLOPS-AIE,Default from active division master; edit division_codes to scope this grade.
2026-2027,GSEB,HIN,LMS_CERT_PM,MGT,A,Division A,40,1,2026-2027-GSEB-HIN-LMS_CERT_PM-MGT,Default from active division master; edit division_codes to scope this grade.
2026-2027,GSEB,HIN,LMS_CERT_PM,MGT,B,Division B,40,1,2026-2027-GSEB-HIN-LMS_CERT_PM-MGT,Default from active division master; edit division_codes to scope this grade.
2026-2027,GSEB,HIN,LMS_CERT_PM,MGT,C,Division C,40,1,2026-2027-GSEB-HIN-LMS_CERT_PM-MGT,Default from active division master; edit division_codes to scope this grade.
2026-2027,GSEB,HIN,LMS_CERT_PM,MGT,D,Division D,40,1,2026-2027-GSEB-HIN-LMS_CERT_PM-MGT,Default from active division master; edit division_codes to scope this grade.
2026-2027,GSEB,HIN,LMS_CERT_PM,MGT,E,Division E,40,1,2026-2027-GSEB-HIN-LMS_CERT_PM-MGT,Default from active division master; edit division_codes to scope this grade.
2026-2027,GSEB,HIN,LMS_CERT_PM,MGT,F,Division F,40,1,2026-2027-GSEB-HIN-LMS_CERT_PM-MGT,Default from active division master; edit division_codes to scope this grade.
2026-2027,GSEB,HIN,LMS_CERT_WEB3,EMG,A,Division A,40,1,2026-2027-GSEB-HIN-LMS_CERT_WEB3-EMG,Default from active division master; edit division_codes to scope this grade.
2026-2027,GSEB,HIN,LMS_CERT_WEB3,EMG,B,Division B,40,1,2026-2027-GSEB-HIN-LMS_CERT_WEB3-EMG,Default from active division master; edit division_codes to scope this grade.
2026-2027,GSEB,HIN,LMS_CERT_WEB3,EMG,C,Division C,40,1,2026-2027-GSEB-HIN-LMS_CERT_WEB3-EMG,Default from active division master; edit division_codes to scope this grade.
2026-2027,GSEB,HIN,LMS_CERT_WEB3,EMG,D,Division D,40,1,2026-2027-GSEB-HIN-LMS_CERT_WEB3-EMG,Default from active division master; edit division_codes to scope this grade.
2026-2027,GSEB,HIN,LMS_CERT_WEB3,EMG,E,Division E,40,1,2026-2027-GSEB-HIN-LMS_CERT_WEB3-EMG,Default from active division master; edit division_codes to scope this grade.
2026-2027,GSEB,HIN,LMS_CERT_WEB3,EMG,F,Division F,40,1,2026-2027-GSEB-HIN-LMS_CERT_WEB3-EMG,Default from active division master; edit division_codes to scope this grade.
2026-2027,GSEB,HIN,NUR_BSC_Y1,NUR,A,Division A,40,1,2026-2027-GSEB-HIN-NUR_BSC_Y1-NUR,Default from active division master; edit division_codes to scope this grade.
2026-2027,GSEB,HIN,NUR_BSC_Y1,NUR,B,Division B,40,1,2026-2027-GSEB-HIN-NUR_BSC_Y1-NUR,Default from active division master; edit division_codes to scope this grade.
2026-2027,GSEB,HIN,NUR_BSC_Y1,NUR,C,Division C,40,1,2026-2027-GSEB-HIN-NUR_BSC_Y1-NUR,Default from active division master; edit division_codes to scope this grade.
2026-2027,GSEB,HIN,NUR_BSC_Y1,NUR,D,Division D,40,1,2026-2027-GSEB-HIN-NUR_BSC_Y1-NUR,Default from active division master; edit division_codes to scope this grade.
2026-2027,GSEB,HIN,NUR_BSC_Y1,NUR,E,Division E,40,1,2026-2027-GSEB-HIN-NUR_BSC_Y1-NUR,Default from active division master; edit division_codes to scope this grade.
2026-2027,GSEB,HIN,NUR_BSC_Y1,NUR,F,Division F,40,1,2026-2027-GSEB-HIN-NUR_BSC_Y1-NUR,Default from active division master; edit division_codes to scope this grade.
2026-2027,GSEB,HIN,NUR_GNM_Y1,NUR,A,Division A,40,1,2026-2027-GSEB-HIN-NUR_GNM_Y1-NUR,Default from active division master; edit division_codes to scope this grade.
2026-2027,GSEB,HIN,NUR_GNM_Y1,NUR,B,Division B,40,1,2026-2027-GSEB-HIN-NUR_GNM_Y1-NUR,Default from active division master; edit division_codes to scope this grade.
2026-2027,GSEB,HIN,NUR_GNM_Y1,NUR,C,Division C,40,1,2026-2027-GSEB-HIN-NUR_GNM_Y1-NUR,Default from active division master; edit division_codes to scope this grade.
2026-2027,GSEB,HIN,NUR_GNM_Y1,NUR,D,Division D,40,1,2026-2027-GSEB-HIN-NUR_GNM_Y1-NUR,Default from active division master; edit division_codes to scope this grade.
2026-2027,GSEB,HIN,NUR_GNM_Y1,NUR,E,Division E,40,1,2026-2027-GSEB-HIN-NUR_GNM_Y1-NUR,Default from active division master; edit division_codes to scope this grade.
2026-2027,GSEB,HIN,NUR_GNM_Y1,NUR,F,Division F,40,1,2026-2027-GSEB-HIN-NUR_GNM_Y1-NUR,Default from active division master; edit division_codes to scope this grade.
2026-2027,GSEB,HIN,NUR_GNM_Y2,NUR,A,Division A,40,1,2026-2027-GSEB-HIN-NUR_GNM_Y2-NUR,Default from active division master; edit division_codes to scope this grade.
2026-2027,GSEB,HIN,NUR_GNM_Y2,NUR,B,Division B,40,1,2026-2027-GSEB-HIN-NUR_GNM_Y2-NUR,Default from active division master; edit division_codes to scope this grade.
2026-2027,GSEB,HIN,NUR_GNM_Y2,NUR,C,Division C,40,1,2026-2027-GSEB-HIN-NUR_GNM_Y2-NUR,Default from active division master; edit division_codes to scope this grade.
2026-2027,GSEB,HIN,NUR_GNM_Y2,NUR,D,Division D,40,1,2026-2027-GSEB-HIN-NUR_GNM_Y2-NUR,Default from active division master; edit division_codes to scope this grade.
2026-2027,GSEB,HIN,NUR_GNM_Y2,NUR,E,Division E,40,1,2026-2027-GSEB-HIN-NUR_GNM_Y2-NUR,Default from active division master; edit division_codes to scope this grade.
2026-2027,GSEB,HIN,NUR_GNM_Y2,NUR,F,Division F,40,1,2026-2027-GSEB-HIN-NUR_GNM_Y2-NUR,Default from active division master; edit division_codes to scope this grade.
2026-2027,GSEB,HIN,POLY_CE_Y1,ENG,A,Division A,40,1,2026-2027-GSEB-HIN-POLY_CE_Y1-ENG,Default from active division master; edit division_codes to scope this grade.
2026-2027,GSEB,HIN,POLY_CE_Y1,ENG,B,Division B,40,1,2026-2027-GSEB-HIN-POLY_CE_Y1-ENG,Default from active division master; edit division_codes to scope this grade.
2026-2027,GSEB,HIN,POLY_CE_Y1,ENG,C,Division C,40,1,2026-2027-GSEB-HIN-POLY_CE_Y1-ENG,Default from active division master; edit division_codes to scope this grade.
2026-2027,GSEB,HIN,POLY_CE_Y1,ENG,D,Division D,40,1,2026-2027-GSEB-HIN-POLY_CE_Y1-ENG,Default from active division master; edit division_codes to scope this grade.
2026-2027,GSEB,HIN,POLY_CE_Y1,ENG,E,Division E,40,1,2026-2027-GSEB-HIN-POLY_CE_Y1-ENG,Default from active division master; edit division_codes to scope this grade.
2026-2027,GSEB,HIN,POLY_CE_Y1,ENG,F,Division F,40,1,2026-2027-GSEB-HIN-POLY_CE_Y1-ENG,Default from active division master; edit division_codes to scope this grade.
2026-2027,GSEB,HIN,POLY_CE_Y2,ENG,A,Division A,40,1,2026-2027-GSEB-HIN-POLY_CE_Y2-ENG,Default from active division master; edit division_codes to scope this grade.
2026-2027,GSEB,HIN,POLY_CE_Y2,ENG,B,Division B,40,1,2026-2027-GSEB-HIN-POLY_CE_Y2-ENG,Default from active division master; edit division_codes to scope this grade.
2026-2027,GSEB,HIN,POLY_CE_Y2,ENG,C,Division C,40,1,2026-2027-GSEB-HIN-POLY_CE_Y2-ENG,Default from active division master; edit division_codes to scope this grade.
2026-2027,GSEB,HIN,POLY_CE_Y2,ENG,D,Division D,40,1,2026-2027-GSEB-HIN-POLY_CE_Y2-ENG,Default from active division master; edit division_codes to scope this grade.
2026-2027,GSEB,HIN,POLY_CE_Y2,ENG,E,Division E,40,1,2026-2027-GSEB-HIN-POLY_CE_Y2-ENG,Default from active division master; edit division_codes to scope this grade.
2026-2027,GSEB,HIN,POLY_CE_Y2,ENG,F,Division F,40,1,2026-2027-GSEB-HIN-POLY_CE_Y2-ENG,Default from active division master; edit division_codes to scope this grade.
2026-2027,GSEB,HIN,POLY_CE_Y3,ENG,A,Division A,40,1,2026-2027-GSEB-HIN-POLY_CE_Y3-ENG,Default from active division master; edit division_codes to scope this grade.
2026-2027,GSEB,HIN,POLY_CE_Y3,ENG,B,Division B,40,1,2026-2027-GSEB-HIN-POLY_CE_Y3-ENG,Default from active division master; edit division_codes to scope this grade.
2026-2027,GSEB,HIN,POLY_CE_Y3,ENG,C,Division C,40,1,2026-2027-GSEB-HIN-POLY_CE_Y3-ENG,Default from active division master; edit division_codes to scope this grade.
2026-2027,GSEB,HIN,POLY_CE_Y3,ENG,D,Division D,40,1,2026-2027-GSEB-HIN-POLY_CE_Y3-ENG,Default from active division master; edit division_codes to scope this grade.
2026-2027,GSEB,HIN,POLY_CE_Y3,ENG,E,Division E,40,1,2026-2027-GSEB-HIN-POLY_CE_Y3-ENG,Default from active division master; edit division_codes to scope this grade.
2026-2027,GSEB,HIN,POLY_CE_Y3,ENG,F,Division F,40,1,2026-2027-GSEB-HIN-POLY_CE_Y3-ENG,Default from active division master; edit division_codes to scope this grade.
2026-2027,GSEB,HIN,POLY_ME_Y1,ENG,A,Division A,40,1,2026-2027-GSEB-HIN-POLY_ME_Y1-ENG,Default from active division master; edit division_codes to scope this grade.
2026-2027,GSEB,HIN,POLY_ME_Y1,ENG,B,Division B,40,1,2026-2027-GSEB-HIN-POLY_ME_Y1-ENG,Default from active division master; edit division_codes to scope this grade.
2026-2027,GSEB,HIN,POLY_ME_Y1,ENG,C,Division C,40,1,2026-2027-GSEB-HIN-POLY_ME_Y1-ENG,Default from active division master; edit division_codes to scope this grade.
2026-2027,GSEB,HIN,POLY_ME_Y1,ENG,D,Division D,40,1,2026-2027-GSEB-HIN-POLY_ME_Y1-ENG,Default from active division master; edit division_codes to scope this grade.
2026-2027,GSEB,HIN,POLY_ME_Y1,ENG,E,Division E,40,1,2026-2027-GSEB-HIN-POLY_ME_Y1-ENG,Default from active division master; edit division_codes to scope this grade.
2026-2027,GSEB,HIN,POLY_ME_Y1,ENG,F,Division F,40,1,2026-2027-GSEB-HIN-POLY_ME_Y1-ENG,Default from active division master; edit division_codes to scope this grade.
2026-2027,GSEB,HIN,POLY_ME_Y2,ENG,A,Division A,40,1,2026-2027-GSEB-HIN-POLY_ME_Y2-ENG,Default from active division master; edit division_codes to scope this grade.
2026-2027,GSEB,HIN,POLY_ME_Y2,ENG,B,Division B,40,1,2026-2027-GSEB-HIN-POLY_ME_Y2-ENG,Default from active division master; edit division_codes to scope this grade.
2026-2027,GSEB,HIN,POLY_ME_Y2,ENG,C,Division C,40,1,2026-2027-GSEB-HIN-POLY_ME_Y2-ENG,Default from active division master; edit division_codes to scope this grade.
2026-2027,GSEB,HIN,POLY_ME_Y2,ENG,D,Division D,40,1,2026-2027-GSEB-HIN-POLY_ME_Y2-ENG,Default from active division master; edit division_codes to scope this grade.
2026-2027,GSEB,HIN,POLY_ME_Y2,ENG,E,Division E,40,1,2026-2027-GSEB-HIN-POLY_ME_Y2-ENG,Default from active division master; edit division_codes to scope this grade.
2026-2027,GSEB,HIN,POLY_ME_Y2,ENG,F,Division F,40,1,2026-2027-GSEB-HIN-POLY_ME_Y2-ENG,Default from active division master; edit division_codes to scope this grade.
2026-2027,GSEB,HIN,POLY_ME_Y3,ENG,A,Division A,40,1,2026-2027-GSEB-HIN-POLY_ME_Y3-ENG,Default from active division master; edit division_codes to scope this grade.
2026-2027,GSEB,HIN,POLY_ME_Y3,ENG,B,Division B,40,1,2026-2027-GSEB-HIN-POLY_ME_Y3-ENG,Default from active division master; edit division_codes to scope this grade.
2026-2027,GSEB,HIN,POLY_ME_Y3,ENG,C,Division C,40,1,2026-2027-GSEB-HIN-POLY_ME_Y3-ENG,Default from active division master; edit division_codes to scope this grade.
2026-2027,GSEB,HIN,POLY_ME_Y3,ENG,D,Division D,40,1,2026-2027-GSEB-HIN-POLY_ME_Y3-ENG,Default from active division master; edit division_codes to scope this grade.
2026-2027,GSEB,HIN,POLY_ME_Y3,ENG,E,Division E,40,1,2026-2027-GSEB-HIN-POLY_ME_Y3-ENG,Default from active division master; edit division_codes to scope this grade.
2026-2027,GSEB,HIN,POLY_ME_Y3,ENG,F,Division F,40,1,2026-2027-GSEB-HIN-POLY_ME_Y3-ENG,Default from active division master; edit division_codes to scope this grade.
2026-2027,GSEB,HIN,PRE01,GEN,A,Division A,40,1,2026-2027-GSEB-HIN-PRE01-GEN,Default from active division master; edit division_codes to scope this grade.
2026-2027,GSEB,HIN,PRE01,GEN,B,Division B,40,1,2026-2027-GSEB-HIN-PRE01-GEN,Default from active division master; edit division_codes to scope this grade.
2026-2027,GSEB,HIN,PRE01,GEN,C,Division C,40,1,2026-2027-GSEB-HIN-PRE01-GEN,Default from active division master; edit division_codes to scope this grade.
2026-2027,GSEB,HIN,PRE01,GEN,D,Division D,40,1,2026-2027-GSEB-HIN-PRE01-GEN,Default from active division master; edit division_codes to scope this grade.
2026-2027,GSEB,HIN,PRE01,GEN,E,Division E,40,1,2026-2027-GSEB-HIN-PRE01-GEN,Default from active division master; edit division_codes to scope this grade.
2026-2027,GSEB,HIN,PRE01,GEN,F,Division F,40,1,2026-2027-GSEB-HIN-PRE01-GEN,Default from active division master; edit division_codes to scope this grade.
2026-2027,GSEB,HIN,PRE02,GEN,A,Division A,40,1,2026-2027-GSEB-HIN-PRE02-GEN,Default from active division master; edit division_codes to scope this grade.
2026-2027,GSEB,HIN,PRE02,GEN,B,Division B,40,1,2026-2027-GSEB-HIN-PRE02-GEN,Default from active division master; edit division_codes to scope this grade.
2026-2027,GSEB,HIN,PRE02,GEN,C,Division C,40,1,2026-2027-GSEB-HIN-PRE02-GEN,Default from active division master; edit division_codes to scope this grade.
2026-2027,GSEB,HIN,PRE02,GEN,D,Division D,40,1,2026-2027-GSEB-HIN-PRE02-GEN,Default from active division master; edit division_codes to scope this grade.
2026-2027,GSEB,HIN,PRE02,GEN,E,Division E,40,1,2026-2027-GSEB-HIN-PRE02-GEN,Default from active division master; edit division_codes to scope this grade.
2026-2027,GSEB,HIN,PRE02,GEN,F,Division F,40,1,2026-2027-GSEB-HIN-PRE02-GEN,Default from active division master; edit division_codes to scope this grade.
2026-2027,GSEB,HIN,PRE03,GEN,A,Division A,40,1,2026-2027-GSEB-HIN-PRE03-GEN,Default from active division master; edit division_codes to scope this grade.
2026-2027,GSEB,HIN,PRE03,GEN,B,Division B,40,1,2026-2027-GSEB-HIN-PRE03-GEN,Default from active division master; edit division_codes to scope this grade.
2026-2027,GSEB,HIN,PRE03,GEN,C,Division C,40,1,2026-2027-GSEB-HIN-PRE03-GEN,Default from active division master; edit division_codes to scope this grade.
2026-2027,GSEB,HIN,PRE03,GEN,D,Division D,40,1,2026-2027-GSEB-HIN-PRE03-GEN,Default from active division master; edit division_codes to scope this grade.
2026-2027,GSEB,HIN,PRE03,GEN,E,Division E,40,1,2026-2027-GSEB-HIN-PRE03-GEN,Default from active division master; edit division_codes to scope this grade.
2026-2027,GSEB,HIN,PRE03,GEN,F,Division F,40,1,2026-2027-GSEB-HIN-PRE03-GEN,Default from active division master; edit division_codes to scope this grade.
2026-2027,GSEB,HIN,PRE04,GEN,A,Division A,40,1,2026-2027-GSEB-HIN-PRE04-GEN,Default from active division master; edit division_codes to scope this grade.
2026-2027,GSEB,HIN,PRE04,GEN,B,Division B,40,1,2026-2027-GSEB-HIN-PRE04-GEN,Default from active division master; edit division_codes to scope this grade.
2026-2027,GSEB,HIN,PRE04,GEN,C,Division C,40,1,2026-2027-GSEB-HIN-PRE04-GEN,Default from active division master; edit division_codes to scope this grade.
2026-2027,GSEB,HIN,PRE04,GEN,D,Division D,40,1,2026-2027-GSEB-HIN-PRE04-GEN,Default from active division master; edit division_codes to scope this grade.
2026-2027,GSEB,HIN,PRE04,GEN,E,Division E,40,1,2026-2027-GSEB-HIN-PRE04-GEN,Default from active division master; edit division_codes to scope this grade.
2026-2027,GSEB,HIN,PRE04,GEN,F,Division F,40,1,2026-2027-GSEB-HIN-PRE04-GEN,Default from active division master; edit division_codes to scope this grade.
2026-2027,GSEB,HIN,PRO_CA_FIN,PRO_FIN,A,Division A,40,1,2026-2027-GSEB-HIN-PRO_CA_FIN-PRO_FIN,Default from active division master; edit division_codes to scope this grade.
2026-2027,GSEB,HIN,PRO_CA_FIN,PRO_FIN,B,Division B,40,1,2026-2027-GSEB-HIN-PRO_CA_FIN-PRO_FIN,Default from active division master; edit division_codes to scope this grade.
2026-2027,GSEB,HIN,PRO_CA_FIN,PRO_FIN,C,Division C,40,1,2026-2027-GSEB-HIN-PRO_CA_FIN-PRO_FIN,Default from active division master; edit division_codes to scope this grade.
2026-2027,GSEB,HIN,PRO_CA_FIN,PRO_FIN,D,Division D,40,1,2026-2027-GSEB-HIN-PRO_CA_FIN-PRO_FIN,Default from active division master; edit division_codes to scope this grade.
2026-2027,GSEB,HIN,PRO_CA_FIN,PRO_FIN,E,Division E,40,1,2026-2027-GSEB-HIN-PRO_CA_FIN-PRO_FIN,Default from active division master; edit division_codes to scope this grade.
2026-2027,GSEB,HIN,PRO_CA_FIN,PRO_FIN,F,Division F,40,1,2026-2027-GSEB-HIN-PRO_CA_FIN-PRO_FIN,Default from active division master; edit division_codes to scope this grade.
2026-2027,GSEB,HIN,PRO_CA_FND,PRO_FIN,A,Division A,40,1,2026-2027-GSEB-HIN-PRO_CA_FND-PRO_FIN,Default from active division master; edit division_codes to scope this grade.
2026-2027,GSEB,HIN,PRO_CA_FND,PRO_FIN,B,Division B,40,1,2026-2027-GSEB-HIN-PRO_CA_FND-PRO_FIN,Default from active division master; edit division_codes to scope this grade.
2026-2027,GSEB,HIN,PRO_CA_FND,PRO_FIN,C,Division C,40,1,2026-2027-GSEB-HIN-PRO_CA_FND-PRO_FIN,Default from active division master; edit division_codes to scope this grade.
2026-2027,GSEB,HIN,PRO_CA_FND,PRO_FIN,D,Division D,40,1,2026-2027-GSEB-HIN-PRO_CA_FND-PRO_FIN,Default from active division master; edit division_codes to scope this grade.
2026-2027,GSEB,HIN,PRO_CA_FND,PRO_FIN,E,Division E,40,1,2026-2027-GSEB-HIN-PRO_CA_FND-PRO_FIN,Default from active division master; edit division_codes to scope this grade.
2026-2027,GSEB,HIN,PRO_CA_FND,PRO_FIN,F,Division F,40,1,2026-2027-GSEB-HIN-PRO_CA_FND-PRO_FIN,Default from active division master; edit division_codes to scope this grade.
2026-2027,GSEB,HIN,PRO_CA_INT,PRO_FIN,A,Division A,40,1,2026-2027-GSEB-HIN-PRO_CA_INT-PRO_FIN,Default from active division master; edit division_codes to scope this grade.
2026-2027,GSEB,HIN,PRO_CA_INT,PRO_FIN,B,Division B,40,1,2026-2027-GSEB-HIN-PRO_CA_INT-PRO_FIN,Default from active division master; edit division_codes to scope this grade.
2026-2027,GSEB,HIN,PRO_CA_INT,PRO_FIN,C,Division C,40,1,2026-2027-GSEB-HIN-PRO_CA_INT-PRO_FIN,Default from active division master; edit division_codes to scope this grade.
2026-2027,GSEB,HIN,PRO_CA_INT,PRO_FIN,D,Division D,40,1,2026-2027-GSEB-HIN-PRO_CA_INT-PRO_FIN,Default from active division master; edit division_codes to scope this grade.
2026-2027,GSEB,HIN,PRO_CA_INT,PRO_FIN,E,Division E,40,1,2026-2027-GSEB-HIN-PRO_CA_INT-PRO_FIN,Default from active division master; edit division_codes to scope this grade.
2026-2027,GSEB,HIN,PRO_CA_INT,PRO_FIN,F,Division F,40,1,2026-2027-GSEB-HIN-PRO_CA_INT-PRO_FIN,Default from active division master; edit division_codes to scope this grade.
2026-2027,GSEB,HIN,PRO_CS_EXE,LAW,A,Division A,40,1,2026-2027-GSEB-HIN-PRO_CS_EXE-LAW,Default from active division master; edit division_codes to scope this grade.
2026-2027,GSEB,HIN,PRO_CS_EXE,LAW,B,Division B,40,1,2026-2027-GSEB-HIN-PRO_CS_EXE-LAW,Default from active division master; edit division_codes to scope this grade.
2026-2027,GSEB,HIN,PRO_CS_EXE,LAW,C,Division C,40,1,2026-2027-GSEB-HIN-PRO_CS_EXE-LAW,Default from active division master; edit division_codes to scope this grade.
2026-2027,GSEB,HIN,PRO_CS_EXE,LAW,D,Division D,40,1,2026-2027-GSEB-HIN-PRO_CS_EXE-LAW,Default from active division master; edit division_codes to scope this grade.
2026-2027,GSEB,HIN,PRO_CS_EXE,LAW,E,Division E,40,1,2026-2027-GSEB-HIN-PRO_CS_EXE-LAW,Default from active division master; edit division_codes to scope this grade.
2026-2027,GSEB,HIN,PRO_CS_EXE,LAW,F,Division F,40,1,2026-2027-GSEB-HIN-PRO_CS_EXE-LAW,Default from active division master; edit division_codes to scope this grade.
2026-2027,GSEB,HIN,STD01,GEN,A,Division A,40,1,2026-2027-GSEB-HIN-STD01-GEN,Default from active division master; edit division_codes to scope this grade.
2026-2027,GSEB,HIN,STD01,GEN,B,Division B,40,1,2026-2027-GSEB-HIN-STD01-GEN,Default from active division master; edit division_codes to scope this grade.
2026-2027,GSEB,HIN,STD01,GEN,C,Division C,40,1,2026-2027-GSEB-HIN-STD01-GEN,Default from active division master; edit division_codes to scope this grade.
2026-2027,GSEB,HIN,STD01,GEN,D,Division D,40,1,2026-2027-GSEB-HIN-STD01-GEN,Default from active division master; edit division_codes to scope this grade.
2026-2027,GSEB,HIN,STD01,GEN,E,Division E,40,1,2026-2027-GSEB-HIN-STD01-GEN,Default from active division master; edit division_codes to scope this grade.
2026-2027,GSEB,HIN,STD01,GEN,F,Division F,40,1,2026-2027-GSEB-HIN-STD01-GEN,Default from active division master; edit division_codes to scope this grade.
2026-2027,GSEB,HIN,STD02,GEN,A,Division A,40,1,2026-2027-GSEB-HIN-STD02-GEN,Default from active division master; edit division_codes to scope this grade.
2026-2027,GSEB,HIN,STD02,GEN,B,Division B,40,1,2026-2027-GSEB-HIN-STD02-GEN,Default from active division master; edit division_codes to scope this grade.
2026-2027,GSEB,HIN,STD02,GEN,C,Division C,40,1,2026-2027-GSEB-HIN-STD02-GEN,Default from active division master; edit division_codes to scope this grade.
2026-2027,GSEB,HIN,STD02,GEN,D,Division D,40,1,2026-2027-GSEB-HIN-STD02-GEN,Default from active division master; edit division_codes to scope this grade.
2026-2027,GSEB,HIN,STD02,GEN,E,Division E,40,1,2026-2027-GSEB-HIN-STD02-GEN,Default from active division master; edit division_codes to scope this grade.
2026-2027,GSEB,HIN,STD02,GEN,F,Division F,40,1,2026-2027-GSEB-HIN-STD02-GEN,Default from active division master; edit division_codes to scope this grade.
2026-2027,GSEB,HIN,STD03,GEN,A,Division A,40,1,2026-2027-GSEB-HIN-STD03-GEN,Default from active division master; edit division_codes to scope this grade.
2026-2027,GSEB,HIN,STD03,GEN,B,Division B,40,1,2026-2027-GSEB-HIN-STD03-GEN,Default from active division master; edit division_codes to scope this grade.
2026-2027,GSEB,HIN,STD03,GEN,C,Division C,40,1,2026-2027-GSEB-HIN-STD03-GEN,Default from active division master; edit division_codes to scope this grade.
2026-2027,GSEB,HIN,STD03,GEN,D,Division D,40,1,2026-2027-GSEB-HIN-STD03-GEN,Default from active division master; edit division_codes to scope this grade.
2026-2027,GSEB,HIN,STD03,GEN,E,Division E,40,1,2026-2027-GSEB-HIN-STD03-GEN,Default from active division master; edit division_codes to scope this grade.
2026-2027,GSEB,HIN,STD03,GEN,F,Division F,40,1,2026-2027-GSEB-HIN-STD03-GEN,Default from active division master; edit division_codes to scope this grade.
2026-2027,GSEB,HIN,STD04,GEN,A,Division A,40,1,2026-2027-GSEB-HIN-STD04-GEN,Default from active division master; edit division_codes to scope this grade.
2026-2027,GSEB,HIN,STD04,GEN,B,Division B,40,1,2026-2027-GSEB-HIN-STD04-GEN,Default from active division master; edit division_codes to scope this grade.
2026-2027,GSEB,HIN,STD04,GEN,C,Division C,40,1,2026-2027-GSEB-HIN-STD04-GEN,Default from active division master; edit division_codes to scope this grade.
2026-2027,GSEB,HIN,STD04,GEN,D,Division D,40,1,2026-2027-GSEB-HIN-STD04-GEN,Default from active division master; edit division_codes to scope this grade.
2026-2027,GSEB,HIN,STD04,GEN,E,Division E,40,1,2026-2027-GSEB-HIN-STD04-GEN,Default from active division master; edit division_codes to scope this grade.
2026-2027,GSEB,HIN,STD04,GEN,F,Division F,40,1,2026-2027-GSEB-HIN-STD04-GEN,Default from active division master; edit division_codes to scope this grade.
2026-2027,GSEB,HIN,STD05,GEN,A,Division A,40,1,2026-2027-GSEB-HIN-STD05-GEN,Default from active division master; edit division_codes to scope this grade.
2026-2027,GSEB,HIN,STD05,GEN,B,Division B,40,1,2026-2027-GSEB-HIN-STD05-GEN,Default from active division master; edit division_codes to scope this grade.
2026-2027,GSEB,HIN,STD05,GEN,C,Division C,40,1,2026-2027-GSEB-HIN-STD05-GEN,Default from active division master; edit division_codes to scope this grade.
2026-2027,GSEB,HIN,STD05,GEN,D,Division D,40,1,2026-2027-GSEB-HIN-STD05-GEN,Default from active division master; edit division_codes to scope this grade.
2026-2027,GSEB,HIN,STD05,GEN,E,Division E,40,1,2026-2027-GSEB-HIN-STD05-GEN,Default from active division master; edit division_codes to scope this grade.
2026-2027,GSEB,HIN,STD05,GEN,F,Division F,40,1,2026-2027-GSEB-HIN-STD05-GEN,Default from active division master; edit division_codes to scope this grade.
2026-2027,GSEB,HIN,STD06,GEN,A,Division A,40,1,2026-2027-GSEB-HIN-STD06-GEN,Default from active division master; edit division_codes to scope this grade.
2026-2027,GSEB,HIN,STD06,GEN,B,Division B,40,1,2026-2027-GSEB-HIN-STD06-GEN,Default from active division master; edit division_codes to scope this grade.
2026-2027,GSEB,HIN,STD06,GEN,C,Division C,40,1,2026-2027-GSEB-HIN-STD06-GEN,Default from active division master; edit division_codes to scope this grade.
2026-2027,GSEB,HIN,STD06,GEN,D,Division D,40,1,2026-2027-GSEB-HIN-STD06-GEN,Default from active division master; edit division_codes to scope this grade.
2026-2027,GSEB,HIN,STD06,GEN,E,Division E,40,1,2026-2027-GSEB-HIN-STD06-GEN,Default from active division master; edit division_codes to scope this grade.
2026-2027,GSEB,HIN,STD06,GEN,F,Division F,40,1,2026-2027-GSEB-HIN-STD06-GEN,Default from active division master; edit division_codes to scope this grade.
2026-2027,GSEB,HIN,STD07,GEN,A,Division A,40,1,2026-2027-GSEB-HIN-STD07-GEN,Default from active division master; edit division_codes to scope this grade.
2026-2027,GSEB,HIN,STD07,GEN,B,Division B,40,1,2026-2027-GSEB-HIN-STD07-GEN,Default from active division master; edit division_codes to scope this grade.
2026-2027,GSEB,HIN,STD07,GEN,C,Division C,40,1,2026-2027-GSEB-HIN-STD07-GEN,Default from active division master; edit division_codes to scope this grade.
2026-2027,GSEB,HIN,STD07,GEN,D,Division D,40,1,2026-2027-GSEB-HIN-STD07-GEN,Default from active division master; edit division_codes to scope this grade.
2026-2027,GSEB,HIN,STD07,GEN,E,Division E,40,1,2026-2027-GSEB-HIN-STD07-GEN,Default from active division master; edit division_codes to scope this grade.
2026-2027,GSEB,HIN,STD07,GEN,F,Division F,40,1,2026-2027-GSEB-HIN-STD07-GEN,Default from active division master; edit division_codes to scope this grade.
2026-2027,GSEB,HIN,STD08,GEN,A,Division A,40,1,2026-2027-GSEB-HIN-STD08-GEN,Default from active division master; edit division_codes to scope this grade.
2026-2027,GSEB,HIN,STD08,GEN,B,Division B,40,1,2026-2027-GSEB-HIN-STD08-GEN,Default from active division master; edit division_codes to scope this grade.
2026-2027,GSEB,HIN,STD08,GEN,C,Division C,40,1,2026-2027-GSEB-HIN-STD08-GEN,Default from active division master; edit division_codes to scope this grade.
2026-2027,GSEB,HIN,STD08,GEN,D,Division D,40,1,2026-2027-GSEB-HIN-STD08-GEN,Default from active division master; edit division_codes to scope this grade.
2026-2027,GSEB,HIN,STD08,GEN,E,Division E,40,1,2026-2027-GSEB-HIN-STD08-GEN,Default from active division master; edit division_codes to scope this grade.
2026-2027,GSEB,HIN,STD08,GEN,F,Division F,40,1,2026-2027-GSEB-HIN-STD08-GEN,Default from active division master; edit division_codes to scope this grade.
2026-2027,GSEB,HIN,STD09,GEN,A,Division A,40,1,2026-2027-GSEB-HIN-STD09-GEN,Default from active division master; edit division_codes to scope this grade.
2026-2027,GSEB,HIN,STD09,GEN,B,Division B,40,1,2026-2027-GSEB-HIN-STD09-GEN,Default from active division master; edit division_codes to scope this grade.
2026-2027,GSEB,HIN,STD09,GEN,C,Division C,40,1,2026-2027-GSEB-HIN-STD09-GEN,Default from active division master; edit division_codes to scope this grade.
2026-2027,GSEB,HIN,STD09,GEN,D,Division D,40,1,2026-2027-GSEB-HIN-STD09-GEN,Default from active division master; edit division_codes to scope this grade.
2026-2027,GSEB,HIN,STD09,GEN,E,Division E,40,1,2026-2027-GSEB-HIN-STD09-GEN,Default from active division master; edit division_codes to scope this grade.
2026-2027,GSEB,HIN,STD09,GEN,F,Division F,40,1,2026-2027-GSEB-HIN-STD09-GEN,Default from active division master; edit division_codes to scope this grade.
2026-2027,GSEB,HIN,STD10,GEN,A,Division A,40,1,2026-2027-GSEB-HIN-STD10-GEN,Default from active division master; edit division_codes to scope this grade.
2026-2027,GSEB,HIN,STD10,GEN,B,Division B,40,1,2026-2027-GSEB-HIN-STD10-GEN,Default from active division master; edit division_codes to scope this grade.
2026-2027,GSEB,HIN,STD10,GEN,C,Division C,40,1,2026-2027-GSEB-HIN-STD10-GEN,Default from active division master; edit division_codes to scope this grade.
2026-2027,GSEB,HIN,STD10,GEN,D,Division D,40,1,2026-2027-GSEB-HIN-STD10-GEN,Default from active division master; edit division_codes to scope this grade.
2026-2027,GSEB,HIN,STD10,GEN,E,Division E,40,1,2026-2027-GSEB-HIN-STD10-GEN,Default from active division master; edit division_codes to scope this grade.
2026-2027,GSEB,HIN,STD10,GEN,F,Division F,40,1,2026-2027-GSEB-HIN-STD10-GEN,Default from active division master; edit division_codes to scope this grade.
2026-2027,GSEB,HIN,STD11_ART,ART,A,Division A,40,1,2026-2027-GSEB-HIN-STD11_ART-ART,Default from active division master; edit division_codes to scope this grade.
2026-2027,GSEB,HIN,STD11_ART,ART,B,Division B,40,1,2026-2027-GSEB-HIN-STD11_ART-ART,Default from active division master; edit division_codes to scope this grade.
2026-2027,GSEB,HIN,STD11_ART,ART,C,Division C,40,1,2026-2027-GSEB-HIN-STD11_ART-ART,Default from active division master; edit division_codes to scope this grade.
2026-2027,GSEB,HIN,STD11_ART,ART,D,Division D,40,1,2026-2027-GSEB-HIN-STD11_ART-ART,Default from active division master; edit division_codes to scope this grade.
2026-2027,GSEB,HIN,STD11_ART,ART,E,Division E,40,1,2026-2027-GSEB-HIN-STD11_ART-ART,Default from active division master; edit division_codes to scope this grade.
2026-2027,GSEB,HIN,STD11_ART,ART,F,Division F,40,1,2026-2027-GSEB-HIN-STD11_ART-ART,Default from active division master; edit division_codes to scope this grade.
2026-2027,GSEB,HIN,STD11_COM,COM,A,Division A,40,1,2026-2027-GSEB-HIN-STD11_COM-COM,Default from active division master; edit division_codes to scope this grade.
2026-2027,GSEB,HIN,STD11_COM,COM,B,Division B,40,1,2026-2027-GSEB-HIN-STD11_COM-COM,Default from active division master; edit division_codes to scope this grade.
2026-2027,GSEB,HIN,STD11_COM,COM,C,Division C,40,1,2026-2027-GSEB-HIN-STD11_COM-COM,Default from active division master; edit division_codes to scope this grade.
2026-2027,GSEB,HIN,STD11_COM,COM,D,Division D,40,1,2026-2027-GSEB-HIN-STD11_COM-COM,Default from active division master; edit division_codes to scope this grade.
2026-2027,GSEB,HIN,STD11_COM,COM,E,Division E,40,1,2026-2027-GSEB-HIN-STD11_COM-COM,Default from active division master; edit division_codes to scope this grade.
2026-2027,GSEB,HIN,STD11_COM,COM,F,Division F,40,1,2026-2027-GSEB-HIN-STD11_COM-COM,Default from active division master; edit division_codes to scope this grade.
2026-2027,GSEB,HIN,STD11_SCI,SCI,A,Division A,40,1,2026-2027-GSEB-HIN-STD11_SCI-SCI,Default from active division master; edit division_codes to scope this grade.
2026-2027,GSEB,HIN,STD11_SCI,SCI,B,Division B,40,1,2026-2027-GSEB-HIN-STD11_SCI-SCI,Default from active division master; edit division_codes to scope this grade.
2026-2027,GSEB,HIN,STD11_SCI,SCI,C,Division C,40,1,2026-2027-GSEB-HIN-STD11_SCI-SCI,Default from active division master; edit division_codes to scope this grade.
2026-2027,GSEB,HIN,STD11_SCI,SCI,D,Division D,40,1,2026-2027-GSEB-HIN-STD11_SCI-SCI,Default from active division master; edit division_codes to scope this grade.
2026-2027,GSEB,HIN,STD11_SCI,SCI,E,Division E,40,1,2026-2027-GSEB-HIN-STD11_SCI-SCI,Default from active division master; edit division_codes to scope this grade.
2026-2027,GSEB,HIN,STD11_SCI,SCI,F,Division F,40,1,2026-2027-GSEB-HIN-STD11_SCI-SCI,Default from active division master; edit division_codes to scope this grade.
2026-2027,GSEB,HIN,STD12_ART,ART,A,Division A,40,1,2026-2027-GSEB-HIN-STD12_ART-ART,Default from active division master; edit division_codes to scope this grade.
2026-2027,GSEB,HIN,STD12_ART,ART,B,Division B,40,1,2026-2027-GSEB-HIN-STD12_ART-ART,Default from active division master; edit division_codes to scope this grade.
2026-2027,GSEB,HIN,STD12_ART,ART,C,Division C,40,1,2026-2027-GSEB-HIN-STD12_ART-ART,Default from active division master; edit division_codes to scope this grade.
2026-2027,GSEB,HIN,STD12_ART,ART,D,Division D,40,1,2026-2027-GSEB-HIN-STD12_ART-ART,Default from active division master; edit division_codes to scope this grade.
2026-2027,GSEB,HIN,STD12_ART,ART,E,Division E,40,1,2026-2027-GSEB-HIN-STD12_ART-ART,Default from active division master; edit division_codes to scope this grade.
2026-2027,GSEB,HIN,STD12_ART,ART,F,Division F,40,1,2026-2027-GSEB-HIN-STD12_ART-ART,Default from active division master; edit division_codes to scope this grade.
2026-2027,GSEB,HIN,STD12_COM,COM,A,Division A,40,1,2026-2027-GSEB-HIN-STD12_COM-COM,Default from active division master; edit division_codes to scope this grade.
2026-2027,GSEB,HIN,STD12_COM,COM,B,Division B,40,1,2026-2027-GSEB-HIN-STD12_COM-COM,Default from active division master; edit division_codes to scope this grade.
2026-2027,GSEB,HIN,STD12_COM,COM,C,Division C,40,1,2026-2027-GSEB-HIN-STD12_COM-COM,Default from active division master; edit division_codes to scope this grade.
2026-2027,GSEB,HIN,STD12_COM,COM,D,Division D,40,1,2026-2027-GSEB-HIN-STD12_COM-COM,Default from active division master; edit division_codes to scope this grade.
2026-2027,GSEB,HIN,STD12_COM,COM,E,Division E,40,1,2026-2027-GSEB-HIN-STD12_COM-COM,Default from active division master; edit division_codes to scope this grade.
2026-2027,GSEB,HIN,STD12_COM,COM,F,Division F,40,1,2026-2027-GSEB-HIN-STD12_COM-COM,Default from active division master; edit division_codes to scope this grade.
2026-2027,GSEB,HIN,STD12_SCI,SCI,A,Division A,40,1,2026-2027-GSEB-HIN-STD12_SCI-SCI,Default from active division master; edit division_codes to scope this grade.
2026-2027,GSEB,HIN,STD12_SCI,SCI,B,Division B,40,1,2026-2027-GSEB-HIN-STD12_SCI-SCI,Default from active division master; edit division_codes to scope this grade.
2026-2027,GSEB,HIN,STD12_SCI,SCI,C,Division C,40,1,2026-2027-GSEB-HIN-STD12_SCI-SCI,Default from active division master; edit division_codes to scope this grade.
2026-2027,GSEB,HIN,STD12_SCI,SCI,D,Division D,40,1,2026-2027-GSEB-HIN-STD12_SCI-SCI,Default from active division master; edit division_codes to scope this grade.
2026-2027,GSEB,HIN,STD12_SCI,SCI,E,Division E,40,1,2026-2027-GSEB-HIN-STD12_SCI-SCI,Default from active division master; edit division_codes to scope this grade.
2026-2027,GSEB,HIN,STD12_SCI,SCI,F,Division F,40,1,2026-2027-GSEB-HIN-STD12_SCI-SCI,Default from active division master; edit division_codes to scope this grade.
2026-2027,GSEB,HIN,UNI_PG_AI_Y1,AIE,A,Division A,40,1,2026-2027-GSEB-HIN-UNI_PG_AI_Y1-AIE,Default from active division master; edit division_codes to scope this grade.
2026-2027,GSEB,HIN,UNI_PG_AI_Y1,AIE,B,Division B,40,1,2026-2027-GSEB-HIN-UNI_PG_AI_Y1-AIE,Default from active division master; edit division_codes to scope this grade.
2026-2027,GSEB,HIN,UNI_PG_AI_Y1,AIE,C,Division C,40,1,2026-2027-GSEB-HIN-UNI_PG_AI_Y1-AIE,Default from active division master; edit division_codes to scope this grade.
2026-2027,GSEB,HIN,UNI_PG_AI_Y1,AIE,D,Division D,40,1,2026-2027-GSEB-HIN-UNI_PG_AI_Y1-AIE,Default from active division master; edit division_codes to scope this grade.
2026-2027,GSEB,HIN,UNI_PG_AI_Y1,AIE,E,Division E,40,1,2026-2027-GSEB-HIN-UNI_PG_AI_Y1-AIE,Default from active division master; edit division_codes to scope this grade.
2026-2027,GSEB,HIN,UNI_PG_AI_Y1,AIE,F,Division F,40,1,2026-2027-GSEB-HIN-UNI_PG_AI_Y1-AIE,Default from active division master; edit division_codes to scope this grade.
2026-2027,GSEB,HIN,UNI_PG_AI_Y2,AIE,A,Division A,40,1,2026-2027-GSEB-HIN-UNI_PG_AI_Y2-AIE,Default from active division master; edit division_codes to scope this grade.
2026-2027,GSEB,HIN,UNI_PG_AI_Y2,AIE,B,Division B,40,1,2026-2027-GSEB-HIN-UNI_PG_AI_Y2-AIE,Default from active division master; edit division_codes to scope this grade.
2026-2027,GSEB,HIN,UNI_PG_AI_Y2,AIE,C,Division C,40,1,2026-2027-GSEB-HIN-UNI_PG_AI_Y2-AIE,Default from active division master; edit division_codes to scope this grade.
2026-2027,GSEB,HIN,UNI_PG_AI_Y2,AIE,D,Division D,40,1,2026-2027-GSEB-HIN-UNI_PG_AI_Y2-AIE,Default from active division master; edit division_codes to scope this grade.
2026-2027,GSEB,HIN,UNI_PG_AI_Y2,AIE,E,Division E,40,1,2026-2027-GSEB-HIN-UNI_PG_AI_Y2-AIE,Default from active division master; edit division_codes to scope this grade.
2026-2027,GSEB,HIN,UNI_PG_AI_Y2,AIE,F,Division F,40,1,2026-2027-GSEB-HIN-UNI_PG_AI_Y2-AIE,Default from active division master; edit division_codes to scope this grade.
2026-2027,GSEB,HIN,UNI_PG_LAW_Y1,LAW,A,Division A,40,1,2026-2027-GSEB-HIN-UNI_PG_LAW_Y1-LAW,Default from active division master; edit division_codes to scope this grade.
2026-2027,GSEB,HIN,UNI_PG_LAW_Y1,LAW,B,Division B,40,1,2026-2027-GSEB-HIN-UNI_PG_LAW_Y1-LAW,Default from active division master; edit division_codes to scope this grade.
2026-2027,GSEB,HIN,UNI_PG_LAW_Y1,LAW,C,Division C,40,1,2026-2027-GSEB-HIN-UNI_PG_LAW_Y1-LAW,Default from active division master; edit division_codes to scope this grade.
2026-2027,GSEB,HIN,UNI_PG_LAW_Y1,LAW,D,Division D,40,1,2026-2027-GSEB-HIN-UNI_PG_LAW_Y1-LAW,Default from active division master; edit division_codes to scope this grade.
2026-2027,GSEB,HIN,UNI_PG_LAW_Y1,LAW,E,Division E,40,1,2026-2027-GSEB-HIN-UNI_PG_LAW_Y1-LAW,Default from active division master; edit division_codes to scope this grade.
2026-2027,GSEB,HIN,UNI_PG_LAW_Y1,LAW,F,Division F,40,1,2026-2027-GSEB-HIN-UNI_PG_LAW_Y1-LAW,Default from active division master; edit division_codes to scope this grade.
2026-2027,GSEB,HIN,UNI_PG_LAW_Y2,LAW,A,Division A,40,1,2026-2027-GSEB-HIN-UNI_PG_LAW_Y2-LAW,Default from active division master; edit division_codes to scope this grade.
2026-2027,GSEB,HIN,UNI_PG_LAW_Y2,LAW,B,Division B,40,1,2026-2027-GSEB-HIN-UNI_PG_LAW_Y2-LAW,Default from active division master; edit division_codes to scope this grade.
2026-2027,GSEB,HIN,UNI_PG_LAW_Y2,LAW,C,Division C,40,1,2026-2027-GSEB-HIN-UNI_PG_LAW_Y2-LAW,Default from active division master; edit division_codes to scope this grade.
2026-2027,GSEB,HIN,UNI_PG_LAW_Y2,LAW,D,Division D,40,1,2026-2027-GSEB-HIN-UNI_PG_LAW_Y2-LAW,Default from active division master; edit division_codes to scope this grade.
2026-2027,GSEB,HIN,UNI_PG_LAW_Y2,LAW,E,Division E,40,1,2026-2027-GSEB-HIN-UNI_PG_LAW_Y2-LAW,Default from active division master; edit division_codes to scope this grade.
2026-2027,GSEB,HIN,UNI_PG_LAW_Y2,LAW,F,Division F,40,1,2026-2027-GSEB-HIN-UNI_PG_LAW_Y2-LAW,Default from active division master; edit division_codes to scope this grade.
2026-2027,GSEB,HIN,UNI_PG_MARCH_Y1,ARC,A,Division A,40,1,2026-2027-GSEB-HIN-UNI_PG_MARCH_Y1-ARC,Default from active division master; edit division_codes to scope this grade.
2026-2027,GSEB,HIN,UNI_PG_MARCH_Y1,ARC,B,Division B,40,1,2026-2027-GSEB-HIN-UNI_PG_MARCH_Y1-ARC,Default from active division master; edit division_codes to scope this grade.
2026-2027,GSEB,HIN,UNI_PG_MARCH_Y1,ARC,C,Division C,40,1,2026-2027-GSEB-HIN-UNI_PG_MARCH_Y1-ARC,Default from active division master; edit division_codes to scope this grade.
2026-2027,GSEB,HIN,UNI_PG_MARCH_Y1,ARC,D,Division D,40,1,2026-2027-GSEB-HIN-UNI_PG_MARCH_Y1-ARC,Default from active division master; edit division_codes to scope this grade.
2026-2027,GSEB,HIN,UNI_PG_MARCH_Y1,ARC,E,Division E,40,1,2026-2027-GSEB-HIN-UNI_PG_MARCH_Y1-ARC,Default from active division master; edit division_codes to scope this grade.
2026-2027,GSEB,HIN,UNI_PG_MARCH_Y1,ARC,F,Division F,40,1,2026-2027-GSEB-HIN-UNI_PG_MARCH_Y1-ARC,Default from active division master; edit division_codes to scope this grade.
2026-2027,GSEB,HIN,UNI_PG_MBA_Y1,MGT,A,Division A,40,1,2026-2027-GSEB-HIN-UNI_PG_MBA_Y1-MGT,Default from active division master; edit division_codes to scope this grade.
2026-2027,GSEB,HIN,UNI_PG_MBA_Y1,MGT,B,Division B,40,1,2026-2027-GSEB-HIN-UNI_PG_MBA_Y1-MGT,Default from active division master; edit division_codes to scope this grade.
2026-2027,GSEB,HIN,UNI_PG_MBA_Y1,MGT,C,Division C,40,1,2026-2027-GSEB-HIN-UNI_PG_MBA_Y1-MGT,Default from active division master; edit division_codes to scope this grade.
2026-2027,GSEB,HIN,UNI_PG_MBA_Y1,MGT,D,Division D,40,1,2026-2027-GSEB-HIN-UNI_PG_MBA_Y1-MGT,Default from active division master; edit division_codes to scope this grade.
2026-2027,GSEB,HIN,UNI_PG_MBA_Y1,MGT,E,Division E,40,1,2026-2027-GSEB-HIN-UNI_PG_MBA_Y1-MGT,Default from active division master; edit division_codes to scope this grade.
2026-2027,GSEB,HIN,UNI_PG_MBA_Y1,MGT,F,Division F,40,1,2026-2027-GSEB-HIN-UNI_PG_MBA_Y1-MGT,Default from active division master; edit division_codes to scope this grade.
2026-2027,GSEB,HIN,UNI_PG_MBA_Y2,MGT,A,Division A,40,1,2026-2027-GSEB-HIN-UNI_PG_MBA_Y2-MGT,Default from active division master; edit division_codes to scope this grade.
2026-2027,GSEB,HIN,UNI_PG_MBA_Y2,MGT,B,Division B,40,1,2026-2027-GSEB-HIN-UNI_PG_MBA_Y2-MGT,Default from active division master; edit division_codes to scope this grade.
2026-2027,GSEB,HIN,UNI_PG_MBA_Y2,MGT,C,Division C,40,1,2026-2027-GSEB-HIN-UNI_PG_MBA_Y2-MGT,Default from active division master; edit division_codes to scope this grade.
2026-2027,GSEB,HIN,UNI_PG_MBA_Y2,MGT,D,Division D,40,1,2026-2027-GSEB-HIN-UNI_PG_MBA_Y2-MGT,Default from active division master; edit division_codes to scope this grade.
2026-2027,GSEB,HIN,UNI_PG_MBA_Y2,MGT,E,Division E,40,1,2026-2027-GSEB-HIN-UNI_PG_MBA_Y2-MGT,Default from active division master; edit division_codes to scope this grade.
2026-2027,GSEB,HIN,UNI_PG_MBA_Y2,MGT,F,Division F,40,1,2026-2027-GSEB-HIN-UNI_PG_MBA_Y2-MGT,Default from active division master; edit division_codes to scope this grade.
2026-2027,GSEB,HIN,UNI_PG_MCA_Y1,CSA,A,Division A,40,1,2026-2027-GSEB-HIN-UNI_PG_MCA_Y1-CSA,Default from active division master; edit division_codes to scope this grade.
2026-2027,GSEB,HIN,UNI_PG_MCA_Y1,CSA,B,Division B,40,1,2026-2027-GSEB-HIN-UNI_PG_MCA_Y1-CSA,Default from active division master; edit division_codes to scope this grade.
2026-2027,GSEB,HIN,UNI_PG_MCA_Y1,CSA,C,Division C,40,1,2026-2027-GSEB-HIN-UNI_PG_MCA_Y1-CSA,Default from active division master; edit division_codes to scope this grade.
2026-2027,GSEB,HIN,UNI_PG_MCA_Y1,CSA,D,Division D,40,1,2026-2027-GSEB-HIN-UNI_PG_MCA_Y1-CSA,Default from active division master; edit division_codes to scope this grade.
2026-2027,GSEB,HIN,UNI_PG_MCA_Y1,CSA,E,Division E,40,1,2026-2027-GSEB-HIN-UNI_PG_MCA_Y1-CSA,Default from active division master; edit division_codes to scope this grade.
2026-2027,GSEB,HIN,UNI_PG_MCA_Y1,CSA,F,Division F,40,1,2026-2027-GSEB-HIN-UNI_PG_MCA_Y1-CSA,Default from active division master; edit division_codes to scope this grade.
2026-2027,GSEB,HIN,UNI_PG_MCA_Y2,CSA,A,Division A,40,1,2026-2027-GSEB-HIN-UNI_PG_MCA_Y2-CSA,Default from active division master; edit division_codes to scope this grade.
2026-2027,GSEB,HIN,UNI_PG_MCA_Y2,CSA,B,Division B,40,1,2026-2027-GSEB-HIN-UNI_PG_MCA_Y2-CSA,Default from active division master; edit division_codes to scope this grade.
2026-2027,GSEB,HIN,UNI_PG_MCA_Y2,CSA,C,Division C,40,1,2026-2027-GSEB-HIN-UNI_PG_MCA_Y2-CSA,Default from active division master; edit division_codes to scope this grade.
2026-2027,GSEB,HIN,UNI_PG_MCA_Y2,CSA,D,Division D,40,1,2026-2027-GSEB-HIN-UNI_PG_MCA_Y2-CSA,Default from active division master; edit division_codes to scope this grade.
2026-2027,GSEB,HIN,UNI_PG_MCA_Y2,CSA,E,Division E,40,1,2026-2027-GSEB-HIN-UNI_PG_MCA_Y2-CSA,Default from active division master; edit division_codes to scope this grade.
2026-2027,GSEB,HIN,UNI_PG_MCA_Y2,CSA,F,Division F,40,1,2026-2027-GSEB-HIN-UNI_PG_MCA_Y2-CSA,Default from active division master; edit division_codes to scope this grade.
2026-2027,GSEB,HIN,UNI_PG_MCOM_Y1,PRO_FIN,A,Division A,40,1,2026-2027-GSEB-HIN-UNI_PG_MCOM_Y1-PRO_FIN,Default from active division master; edit division_codes to scope this grade.
2026-2027,GSEB,HIN,UNI_PG_MCOM_Y1,PRO_FIN,B,Division B,40,1,2026-2027-GSEB-HIN-UNI_PG_MCOM_Y1-PRO_FIN,Default from active division master; edit division_codes to scope this grade.
2026-2027,GSEB,HIN,UNI_PG_MCOM_Y1,PRO_FIN,C,Division C,40,1,2026-2027-GSEB-HIN-UNI_PG_MCOM_Y1-PRO_FIN,Default from active division master; edit division_codes to scope this grade.
2026-2027,GSEB,HIN,UNI_PG_MCOM_Y1,PRO_FIN,D,Division D,40,1,2026-2027-GSEB-HIN-UNI_PG_MCOM_Y1-PRO_FIN,Default from active division master; edit division_codes to scope this grade.
2026-2027,GSEB,HIN,UNI_PG_MCOM_Y1,PRO_FIN,E,Division E,40,1,2026-2027-GSEB-HIN-UNI_PG_MCOM_Y1-PRO_FIN,Default from active division master; edit division_codes to scope this grade.
2026-2027,GSEB,HIN,UNI_PG_MCOM_Y1,PRO_FIN,F,Division F,40,1,2026-2027-GSEB-HIN-UNI_PG_MCOM_Y1-PRO_FIN,Default from active division master; edit division_codes to scope this grade.
2026-2027,GSEB,HIN,UNI_PG_MFA_Y1,ART,A,Division A,40,1,2026-2027-GSEB-HIN-UNI_PG_MFA_Y1-ART,Default from active division master; edit division_codes to scope this grade.
2026-2027,GSEB,HIN,UNI_PG_MFA_Y1,ART,B,Division B,40,1,2026-2027-GSEB-HIN-UNI_PG_MFA_Y1-ART,Default from active division master; edit division_codes to scope this grade.
2026-2027,GSEB,HIN,UNI_PG_MFA_Y1,ART,C,Division C,40,1,2026-2027-GSEB-HIN-UNI_PG_MFA_Y1-ART,Default from active division master; edit division_codes to scope this grade.
2026-2027,GSEB,HIN,UNI_PG_MFA_Y1,ART,D,Division D,40,1,2026-2027-GSEB-HIN-UNI_PG_MFA_Y1-ART,Default from active division master; edit division_codes to scope this grade.
2026-2027,GSEB,HIN,UNI_PG_MFA_Y1,ART,E,Division E,40,1,2026-2027-GSEB-HIN-UNI_PG_MFA_Y1-ART,Default from active division master; edit division_codes to scope this grade.
2026-2027,GSEB,HIN,UNI_PG_MFA_Y1,ART,F,Division F,40,1,2026-2027-GSEB-HIN-UNI_PG_MFA_Y1-ART,Default from active division master; edit division_codes to scope this grade.
2026-2027,GSEB,HIN,UNI_PG_MPT_Y1,AHS,A,Division A,40,1,2026-2027-GSEB-HIN-UNI_PG_MPT_Y1-AHS,Default from active division master; edit division_codes to scope this grade.
2026-2027,GSEB,HIN,UNI_PG_MPT_Y1,AHS,B,Division B,40,1,2026-2027-GSEB-HIN-UNI_PG_MPT_Y1-AHS,Default from active division master; edit division_codes to scope this grade.
2026-2027,GSEB,HIN,UNI_PG_MPT_Y1,AHS,C,Division C,40,1,2026-2027-GSEB-HIN-UNI_PG_MPT_Y1-AHS,Default from active division master; edit division_codes to scope this grade.
2026-2027,GSEB,HIN,UNI_PG_MPT_Y1,AHS,D,Division D,40,1,2026-2027-GSEB-HIN-UNI_PG_MPT_Y1-AHS,Default from active division master; edit division_codes to scope this grade.
2026-2027,GSEB,HIN,UNI_PG_MPT_Y1,AHS,E,Division E,40,1,2026-2027-GSEB-HIN-UNI_PG_MPT_Y1-AHS,Default from active division master; edit division_codes to scope this grade.
2026-2027,GSEB,HIN,UNI_PG_MPT_Y1,AHS,F,Division F,40,1,2026-2027-GSEB-HIN-UNI_PG_MPT_Y1-AHS,Default from active division master; edit division_codes to scope this grade.
2026-2027,GSEB,HIN,UNI_PG_MSW_Y1,ART,A,Division A,40,1,2026-2027-GSEB-HIN-UNI_PG_MSW_Y1-ART,Default from active division master; edit division_codes to scope this grade.
2026-2027,GSEB,HIN,UNI_PG_MSW_Y1,ART,B,Division B,40,1,2026-2027-GSEB-HIN-UNI_PG_MSW_Y1-ART,Default from active division master; edit division_codes to scope this grade.
2026-2027,GSEB,HIN,UNI_PG_MSW_Y1,ART,C,Division C,40,1,2026-2027-GSEB-HIN-UNI_PG_MSW_Y1-ART,Default from active division master; edit division_codes to scope this grade.
2026-2027,GSEB,HIN,UNI_PG_MSW_Y1,ART,D,Division D,40,1,2026-2027-GSEB-HIN-UNI_PG_MSW_Y1-ART,Default from active division master; edit division_codes to scope this grade.
2026-2027,GSEB,HIN,UNI_PG_MSW_Y1,ART,E,Division E,40,1,2026-2027-GSEB-HIN-UNI_PG_MSW_Y1-ART,Default from active division master; edit division_codes to scope this grade.
2026-2027,GSEB,HIN,UNI_PG_MSW_Y1,ART,F,Division F,40,1,2026-2027-GSEB-HIN-UNI_PG_MSW_Y1-ART,Default from active division master; edit division_codes to scope this grade.
2026-2027,GSEB,HIN,UNI_PHD_AI,RES,A,Division A,40,1,2026-2027-GSEB-HIN-UNI_PHD_AI-RES,Default from active division master; edit division_codes to scope this grade.
2026-2027,GSEB,HIN,UNI_PHD_AI,RES,B,Division B,40,1,2026-2027-GSEB-HIN-UNI_PHD_AI-RES,Default from active division master; edit division_codes to scope this grade.
2026-2027,GSEB,HIN,UNI_PHD_AI,RES,C,Division C,40,1,2026-2027-GSEB-HIN-UNI_PHD_AI-RES,Default from active division master; edit division_codes to scope this grade.
2026-2027,GSEB,HIN,UNI_PHD_AI,RES,D,Division D,40,1,2026-2027-GSEB-HIN-UNI_PHD_AI-RES,Default from active division master; edit division_codes to scope this grade.
2026-2027,GSEB,HIN,UNI_PHD_AI,RES,E,Division E,40,1,2026-2027-GSEB-HIN-UNI_PHD_AI-RES,Default from active division master; edit division_codes to scope this grade.
2026-2027,GSEB,HIN,UNI_PHD_AI,RES,F,Division F,40,1,2026-2027-GSEB-HIN-UNI_PHD_AI-RES,Default from active division master; edit division_codes to scope this grade.
2026-2027,GSEB,HIN,UNI_PHD_DS,RES,A,Division A,40,1,2026-2027-GSEB-HIN-UNI_PHD_DS-RES,Default from active division master; edit division_codes to scope this grade.
2026-2027,GSEB,HIN,UNI_PHD_DS,RES,B,Division B,40,1,2026-2027-GSEB-HIN-UNI_PHD_DS-RES,Default from active division master; edit division_codes to scope this grade.
2026-2027,GSEB,HIN,UNI_PHD_DS,RES,C,Division C,40,1,2026-2027-GSEB-HIN-UNI_PHD_DS-RES,Default from active division master; edit division_codes to scope this grade.
2026-2027,GSEB,HIN,UNI_PHD_DS,RES,D,Division D,40,1,2026-2027-GSEB-HIN-UNI_PHD_DS-RES,Default from active division master; edit division_codes to scope this grade.
2026-2027,GSEB,HIN,UNI_PHD_DS,RES,E,Division E,40,1,2026-2027-GSEB-HIN-UNI_PHD_DS-RES,Default from active division master; edit division_codes to scope this grade.
2026-2027,GSEB,HIN,UNI_PHD_DS,RES,F,Division F,40,1,2026-2027-GSEB-HIN-UNI_PHD_DS-RES,Default from active division master; edit division_codes to scope this grade.
2026-2027,GSEB,HIN,UNI_PHD_RE,RES,A,Division A,40,1,2026-2027-GSEB-HIN-UNI_PHD_RE-RES,Default from active division master; edit division_codes to scope this grade.
2026-2027,GSEB,HIN,UNI_PHD_RE,RES,B,Division B,40,1,2026-2027-GSEB-HIN-UNI_PHD_RE-RES,Default from active division master; edit division_codes to scope this grade.
2026-2027,GSEB,HIN,UNI_PHD_RE,RES,C,Division C,40,1,2026-2027-GSEB-HIN-UNI_PHD_RE-RES,Default from active division master; edit division_codes to scope this grade.
2026-2027,GSEB,HIN,UNI_PHD_RE,RES,D,Division D,40,1,2026-2027-GSEB-HIN-UNI_PHD_RE-RES,Default from active division master; edit division_codes to scope this grade.
2026-2027,GSEB,HIN,UNI_PHD_RE,RES,E,Division E,40,1,2026-2027-GSEB-HIN-UNI_PHD_RE-RES,Default from active division master; edit division_codes to scope this grade.
2026-2027,GSEB,HIN,UNI_PHD_RE,RES,F,Division F,40,1,2026-2027-GSEB-HIN-UNI_PHD_RE-RES,Default from active division master; edit division_codes to scope this grade.
2026-2027,GSEB,HIN,UNI_UG_BARCH_Y1,ARC,A,Division A,40,1,2026-2027-GSEB-HIN-UNI_UG_BARCH_Y1-ARC,Default from active division master; edit division_codes to scope this grade.
2026-2027,GSEB,HIN,UNI_UG_BARCH_Y1,ARC,B,Division B,40,1,2026-2027-GSEB-HIN-UNI_UG_BARCH_Y1-ARC,Default from active division master; edit division_codes to scope this grade.
2026-2027,GSEB,HIN,UNI_UG_BARCH_Y1,ARC,C,Division C,40,1,2026-2027-GSEB-HIN-UNI_UG_BARCH_Y1-ARC,Default from active division master; edit division_codes to scope this grade.
2026-2027,GSEB,HIN,UNI_UG_BARCH_Y1,ARC,D,Division D,40,1,2026-2027-GSEB-HIN-UNI_UG_BARCH_Y1-ARC,Default from active division master; edit division_codes to scope this grade.
2026-2027,GSEB,HIN,UNI_UG_BARCH_Y1,ARC,E,Division E,40,1,2026-2027-GSEB-HIN-UNI_UG_BARCH_Y1-ARC,Default from active division master; edit division_codes to scope this grade.
2026-2027,GSEB,HIN,UNI_UG_BARCH_Y1,ARC,F,Division F,40,1,2026-2027-GSEB-HIN-UNI_UG_BARCH_Y1-ARC,Default from active division master; edit division_codes to scope this grade.
2026-2027,GSEB,HIN,UNI_UG_BARCH_Y5,ARC,A,Division A,40,1,2026-2027-GSEB-HIN-UNI_UG_BARCH_Y5-ARC,Default from active division master; edit division_codes to scope this grade.
2026-2027,GSEB,HIN,UNI_UG_BARCH_Y5,ARC,B,Division B,40,1,2026-2027-GSEB-HIN-UNI_UG_BARCH_Y5-ARC,Default from active division master; edit division_codes to scope this grade.
2026-2027,GSEB,HIN,UNI_UG_BARCH_Y5,ARC,C,Division C,40,1,2026-2027-GSEB-HIN-UNI_UG_BARCH_Y5-ARC,Default from active division master; edit division_codes to scope this grade.
2026-2027,GSEB,HIN,UNI_UG_BARCH_Y5,ARC,D,Division D,40,1,2026-2027-GSEB-HIN-UNI_UG_BARCH_Y5-ARC,Default from active division master; edit division_codes to scope this grade.
2026-2027,GSEB,HIN,UNI_UG_BARCH_Y5,ARC,E,Division E,40,1,2026-2027-GSEB-HIN-UNI_UG_BARCH_Y5-ARC,Default from active division master; edit division_codes to scope this grade.
2026-2027,GSEB,HIN,UNI_UG_BARCH_Y5,ARC,F,Division F,40,1,2026-2027-GSEB-HIN-UNI_UG_BARCH_Y5-ARC,Default from active division master; edit division_codes to scope this grade.
2026-2027,GSEB,HIN,UNI_UG_BBA_Y1,MGT,A,Division A,40,1,2026-2027-GSEB-HIN-UNI_UG_BBA_Y1-MGT,Default from active division master; edit division_codes to scope this grade.
2026-2027,GSEB,HIN,UNI_UG_BBA_Y1,MGT,B,Division B,40,1,2026-2027-GSEB-HIN-UNI_UG_BBA_Y1-MGT,Default from active division master; edit division_codes to scope this grade.
2026-2027,GSEB,HIN,UNI_UG_BBA_Y1,MGT,C,Division C,40,1,2026-2027-GSEB-HIN-UNI_UG_BBA_Y1-MGT,Default from active division master; edit division_codes to scope this grade.
2026-2027,GSEB,HIN,UNI_UG_BBA_Y1,MGT,D,Division D,40,1,2026-2027-GSEB-HIN-UNI_UG_BBA_Y1-MGT,Default from active division master; edit division_codes to scope this grade.
2026-2027,GSEB,HIN,UNI_UG_BBA_Y1,MGT,E,Division E,40,1,2026-2027-GSEB-HIN-UNI_UG_BBA_Y1-MGT,Default from active division master; edit division_codes to scope this grade.
2026-2027,GSEB,HIN,UNI_UG_BBA_Y1,MGT,F,Division F,40,1,2026-2027-GSEB-HIN-UNI_UG_BBA_Y1-MGT,Default from active division master; edit division_codes to scope this grade.
2026-2027,GSEB,HIN,UNI_UG_BBA_Y2,MGT,A,Division A,40,1,2026-2027-GSEB-HIN-UNI_UG_BBA_Y2-MGT,Default from active division master; edit division_codes to scope this grade.
2026-2027,GSEB,HIN,UNI_UG_BBA_Y2,MGT,B,Division B,40,1,2026-2027-GSEB-HIN-UNI_UG_BBA_Y2-MGT,Default from active division master; edit division_codes to scope this grade.
2026-2027,GSEB,HIN,UNI_UG_BBA_Y2,MGT,C,Division C,40,1,2026-2027-GSEB-HIN-UNI_UG_BBA_Y2-MGT,Default from active division master; edit division_codes to scope this grade.
2026-2027,GSEB,HIN,UNI_UG_BBA_Y2,MGT,D,Division D,40,1,2026-2027-GSEB-HIN-UNI_UG_BBA_Y2-MGT,Default from active division master; edit division_codes to scope this grade.
2026-2027,GSEB,HIN,UNI_UG_BBA_Y2,MGT,E,Division E,40,1,2026-2027-GSEB-HIN-UNI_UG_BBA_Y2-MGT,Default from active division master; edit division_codes to scope this grade.
2026-2027,GSEB,HIN,UNI_UG_BBA_Y2,MGT,F,Division F,40,1,2026-2027-GSEB-HIN-UNI_UG_BBA_Y2-MGT,Default from active division master; edit division_codes to scope this grade.
2026-2027,GSEB,HIN,UNI_UG_BBA_Y3,MGT,A,Division A,40,1,2026-2027-GSEB-HIN-UNI_UG_BBA_Y3-MGT,Default from active division master; edit division_codes to scope this grade.
2026-2027,GSEB,HIN,UNI_UG_BBA_Y3,MGT,B,Division B,40,1,2026-2027-GSEB-HIN-UNI_UG_BBA_Y3-MGT,Default from active division master; edit division_codes to scope this grade.
2026-2027,GSEB,HIN,UNI_UG_BBA_Y3,MGT,C,Division C,40,1,2026-2027-GSEB-HIN-UNI_UG_BBA_Y3-MGT,Default from active division master; edit division_codes to scope this grade.
2026-2027,GSEB,HIN,UNI_UG_BBA_Y3,MGT,D,Division D,40,1,2026-2027-GSEB-HIN-UNI_UG_BBA_Y3-MGT,Default from active division master; edit division_codes to scope this grade.
2026-2027,GSEB,HIN,UNI_UG_BBA_Y3,MGT,E,Division E,40,1,2026-2027-GSEB-HIN-UNI_UG_BBA_Y3-MGT,Default from active division master; edit division_codes to scope this grade.
2026-2027,GSEB,HIN,UNI_UG_BBA_Y3,MGT,F,Division F,40,1,2026-2027-GSEB-HIN-UNI_UG_BBA_Y3-MGT,Default from active division master; edit division_codes to scope this grade.
2026-2027,GSEB,HIN,UNI_UG_BCA_Y1,CSA,A,Division A,40,1,2026-2027-GSEB-HIN-UNI_UG_BCA_Y1-CSA,Default from active division master; edit division_codes to scope this grade.
2026-2027,GSEB,HIN,UNI_UG_BCA_Y1,CSA,B,Division B,40,1,2026-2027-GSEB-HIN-UNI_UG_BCA_Y1-CSA,Default from active division master; edit division_codes to scope this grade.
2026-2027,GSEB,HIN,UNI_UG_BCA_Y1,CSA,C,Division C,40,1,2026-2027-GSEB-HIN-UNI_UG_BCA_Y1-CSA,Default from active division master; edit division_codes to scope this grade.
2026-2027,GSEB,HIN,UNI_UG_BCA_Y1,CSA,D,Division D,40,1,2026-2027-GSEB-HIN-UNI_UG_BCA_Y1-CSA,Default from active division master; edit division_codes to scope this grade.
2026-2027,GSEB,HIN,UNI_UG_BCA_Y1,CSA,E,Division E,40,1,2026-2027-GSEB-HIN-UNI_UG_BCA_Y1-CSA,Default from active division master; edit division_codes to scope this grade.
2026-2027,GSEB,HIN,UNI_UG_BCA_Y1,CSA,F,Division F,40,1,2026-2027-GSEB-HIN-UNI_UG_BCA_Y1-CSA,Default from active division master; edit division_codes to scope this grade.
2026-2027,GSEB,HIN,UNI_UG_BCA_Y2,CSA,A,Division A,40,1,2026-2027-GSEB-HIN-UNI_UG_BCA_Y2-CSA,Default from active division master; edit division_codes to scope this grade.
2026-2027,GSEB,HIN,UNI_UG_BCA_Y2,CSA,B,Division B,40,1,2026-2027-GSEB-HIN-UNI_UG_BCA_Y2-CSA,Default from active division master; edit division_codes to scope this grade.
2026-2027,GSEB,HIN,UNI_UG_BCA_Y2,CSA,C,Division C,40,1,2026-2027-GSEB-HIN-UNI_UG_BCA_Y2-CSA,Default from active division master; edit division_codes to scope this grade.
2026-2027,GSEB,HIN,UNI_UG_BCA_Y2,CSA,D,Division D,40,1,2026-2027-GSEB-HIN-UNI_UG_BCA_Y2-CSA,Default from active division master; edit division_codes to scope this grade.
2026-2027,GSEB,HIN,UNI_UG_BCA_Y2,CSA,E,Division E,40,1,2026-2027-GSEB-HIN-UNI_UG_BCA_Y2-CSA,Default from active division master; edit division_codes to scope this grade.
2026-2027,GSEB,HIN,UNI_UG_BCA_Y2,CSA,F,Division F,40,1,2026-2027-GSEB-HIN-UNI_UG_BCA_Y2-CSA,Default from active division master; edit division_codes to scope this grade.
2026-2027,GSEB,HIN,UNI_UG_BCA_Y3,CSA,A,Division A,40,1,2026-2027-GSEB-HIN-UNI_UG_BCA_Y3-CSA,Default from active division master; edit division_codes to scope this grade.
2026-2027,GSEB,HIN,UNI_UG_BCA_Y3,CSA,B,Division B,40,1,2026-2027-GSEB-HIN-UNI_UG_BCA_Y3-CSA,Default from active division master; edit division_codes to scope this grade.
2026-2027,GSEB,HIN,UNI_UG_BCA_Y3,CSA,C,Division C,40,1,2026-2027-GSEB-HIN-UNI_UG_BCA_Y3-CSA,Default from active division master; edit division_codes to scope this grade.
2026-2027,GSEB,HIN,UNI_UG_BCA_Y3,CSA,D,Division D,40,1,2026-2027-GSEB-HIN-UNI_UG_BCA_Y3-CSA,Default from active division master; edit division_codes to scope this grade.
2026-2027,GSEB,HIN,UNI_UG_BCA_Y3,CSA,E,Division E,40,1,2026-2027-GSEB-HIN-UNI_UG_BCA_Y3-CSA,Default from active division master; edit division_codes to scope this grade.
2026-2027,GSEB,HIN,UNI_UG_BCA_Y3,CSA,F,Division F,40,1,2026-2027-GSEB-HIN-UNI_UG_BCA_Y3-CSA,Default from active division master; edit division_codes to scope this grade.
2026-2027,GSEB,HIN,UNI_UG_BFA_Y1,ART,A,Division A,40,1,2026-2027-GSEB-HIN-UNI_UG_BFA_Y1-ART,Default from active division master; edit division_codes to scope this grade.
2026-2027,GSEB,HIN,UNI_UG_BFA_Y1,ART,B,Division B,40,1,2026-2027-GSEB-HIN-UNI_UG_BFA_Y1-ART,Default from active division master; edit division_codes to scope this grade.
2026-2027,GSEB,HIN,UNI_UG_BFA_Y1,ART,C,Division C,40,1,2026-2027-GSEB-HIN-UNI_UG_BFA_Y1-ART,Default from active division master; edit division_codes to scope this grade.
2026-2027,GSEB,HIN,UNI_UG_BFA_Y1,ART,D,Division D,40,1,2026-2027-GSEB-HIN-UNI_UG_BFA_Y1-ART,Default from active division master; edit division_codes to scope this grade.
2026-2027,GSEB,HIN,UNI_UG_BFA_Y1,ART,E,Division E,40,1,2026-2027-GSEB-HIN-UNI_UG_BFA_Y1-ART,Default from active division master; edit division_codes to scope this grade.
2026-2027,GSEB,HIN,UNI_UG_BFA_Y1,ART,F,Division F,40,1,2026-2027-GSEB-HIN-UNI_UG_BFA_Y1-ART,Default from active division master; edit division_codes to scope this grade.
2026-2027,GSEB,HIN,UNI_UG_BHM_Y1,HOS,A,Division A,40,1,2026-2027-GSEB-HIN-UNI_UG_BHM_Y1-HOS,Default from active division master; edit division_codes to scope this grade.
2026-2027,GSEB,HIN,UNI_UG_BHM_Y1,HOS,B,Division B,40,1,2026-2027-GSEB-HIN-UNI_UG_BHM_Y1-HOS,Default from active division master; edit division_codes to scope this grade.
2026-2027,GSEB,HIN,UNI_UG_BHM_Y1,HOS,C,Division C,40,1,2026-2027-GSEB-HIN-UNI_UG_BHM_Y1-HOS,Default from active division master; edit division_codes to scope this grade.
2026-2027,GSEB,HIN,UNI_UG_BHM_Y1,HOS,D,Division D,40,1,2026-2027-GSEB-HIN-UNI_UG_BHM_Y1-HOS,Default from active division master; edit division_codes to scope this grade.
2026-2027,GSEB,HIN,UNI_UG_BHM_Y1,HOS,E,Division E,40,1,2026-2027-GSEB-HIN-UNI_UG_BHM_Y1-HOS,Default from active division master; edit division_codes to scope this grade.
2026-2027,GSEB,HIN,UNI_UG_BHM_Y1,HOS,F,Division F,40,1,2026-2027-GSEB-HIN-UNI_UG_BHM_Y1-HOS,Default from active division master; edit division_codes to scope this grade.
2026-2027,GSEB,HIN,UNI_UG_BPT_Y1,AHS,A,Division A,40,1,2026-2027-GSEB-HIN-UNI_UG_BPT_Y1-AHS,Default from active division master; edit division_codes to scope this grade.
2026-2027,GSEB,HIN,UNI_UG_BPT_Y1,AHS,B,Division B,40,1,2026-2027-GSEB-HIN-UNI_UG_BPT_Y1-AHS,Default from active division master; edit division_codes to scope this grade.
2026-2027,GSEB,HIN,UNI_UG_BPT_Y1,AHS,C,Division C,40,1,2026-2027-GSEB-HIN-UNI_UG_BPT_Y1-AHS,Default from active division master; edit division_codes to scope this grade.
2026-2027,GSEB,HIN,UNI_UG_BPT_Y1,AHS,D,Division D,40,1,2026-2027-GSEB-HIN-UNI_UG_BPT_Y1-AHS,Default from active division master; edit division_codes to scope this grade.
2026-2027,GSEB,HIN,UNI_UG_BPT_Y1,AHS,E,Division E,40,1,2026-2027-GSEB-HIN-UNI_UG_BPT_Y1-AHS,Default from active division master; edit division_codes to scope this grade.
2026-2027,GSEB,HIN,UNI_UG_BPT_Y1,AHS,F,Division F,40,1,2026-2027-GSEB-HIN-UNI_UG_BPT_Y1-AHS,Default from active division master; edit division_codes to scope this grade.
2026-2027,GSEB,HIN,UNI_UG_BPT_Y4,AHS,A,Division A,40,1,2026-2027-GSEB-HIN-UNI_UG_BPT_Y4-AHS,Default from active division master; edit division_codes to scope this grade.
2026-2027,GSEB,HIN,UNI_UG_BPT_Y4,AHS,B,Division B,40,1,2026-2027-GSEB-HIN-UNI_UG_BPT_Y4-AHS,Default from active division master; edit division_codes to scope this grade.
2026-2027,GSEB,HIN,UNI_UG_BPT_Y4,AHS,C,Division C,40,1,2026-2027-GSEB-HIN-UNI_UG_BPT_Y4-AHS,Default from active division master; edit division_codes to scope this grade.
2026-2027,GSEB,HIN,UNI_UG_BPT_Y4,AHS,D,Division D,40,1,2026-2027-GSEB-HIN-UNI_UG_BPT_Y4-AHS,Default from active division master; edit division_codes to scope this grade.
2026-2027,GSEB,HIN,UNI_UG_BPT_Y4,AHS,E,Division E,40,1,2026-2027-GSEB-HIN-UNI_UG_BPT_Y4-AHS,Default from active division master; edit division_codes to scope this grade.
2026-2027,GSEB,HIN,UNI_UG_BPT_Y4,AHS,F,Division F,40,1,2026-2027-GSEB-HIN-UNI_UG_BPT_Y4-AHS,Default from active division master; edit division_codes to scope this grade.
2026-2027,GSEB,HIN,UNI_UG_BSW_Y1,ART,A,Division A,40,1,2026-2027-GSEB-HIN-UNI_UG_BSW_Y1-ART,Default from active division master; edit division_codes to scope this grade.
2026-2027,GSEB,HIN,UNI_UG_BSW_Y1,ART,B,Division B,40,1,2026-2027-GSEB-HIN-UNI_UG_BSW_Y1-ART,Default from active division master; edit division_codes to scope this grade.
2026-2027,GSEB,HIN,UNI_UG_BSW_Y1,ART,C,Division C,40,1,2026-2027-GSEB-HIN-UNI_UG_BSW_Y1-ART,Default from active division master; edit division_codes to scope this grade.
2026-2027,GSEB,HIN,UNI_UG_BSW_Y1,ART,D,Division D,40,1,2026-2027-GSEB-HIN-UNI_UG_BSW_Y1-ART,Default from active division master; edit division_codes to scope this grade.
2026-2027,GSEB,HIN,UNI_UG_BSW_Y1,ART,E,Division E,40,1,2026-2027-GSEB-HIN-UNI_UG_BSW_Y1-ART,Default from active division master; edit division_codes to scope this grade.
2026-2027,GSEB,HIN,UNI_UG_BSW_Y1,ART,F,Division F,40,1,2026-2027-GSEB-HIN-UNI_UG_BSW_Y1-ART,Default from active division master; edit division_codes to scope this grade.
2026-2027,GSEB,HIN,UNI_UG_CSE_Y1,ENG,A,Division A,40,1,2026-2027-GSEB-HIN-UNI_UG_CSE_Y1-ENG,Default from active division master; edit division_codes to scope this grade.
2026-2027,GSEB,HIN,UNI_UG_CSE_Y1,ENG,B,Division B,40,1,2026-2027-GSEB-HIN-UNI_UG_CSE_Y1-ENG,Default from active division master; edit division_codes to scope this grade.
2026-2027,GSEB,HIN,UNI_UG_CSE_Y1,ENG,C,Division C,40,1,2026-2027-GSEB-HIN-UNI_UG_CSE_Y1-ENG,Default from active division master; edit division_codes to scope this grade.
2026-2027,GSEB,HIN,UNI_UG_CSE_Y1,ENG,D,Division D,40,1,2026-2027-GSEB-HIN-UNI_UG_CSE_Y1-ENG,Default from active division master; edit division_codes to scope this grade.
2026-2027,GSEB,HIN,UNI_UG_CSE_Y1,ENG,E,Division E,40,1,2026-2027-GSEB-HIN-UNI_UG_CSE_Y1-ENG,Default from active division master; edit division_codes to scope this grade.
2026-2027,GSEB,HIN,UNI_UG_CSE_Y1,ENG,F,Division F,40,1,2026-2027-GSEB-HIN-UNI_UG_CSE_Y1-ENG,Default from active division master; edit division_codes to scope this grade.
2026-2027,GSEB,HIN,UNI_UG_CSE_Y2,ENG,A,Division A,40,1,2026-2027-GSEB-HIN-UNI_UG_CSE_Y2-ENG,Default from active division master; edit division_codes to scope this grade.
2026-2027,GSEB,HIN,UNI_UG_CSE_Y2,ENG,B,Division B,40,1,2026-2027-GSEB-HIN-UNI_UG_CSE_Y2-ENG,Default from active division master; edit division_codes to scope this grade.
2026-2027,GSEB,HIN,UNI_UG_CSE_Y2,ENG,C,Division C,40,1,2026-2027-GSEB-HIN-UNI_UG_CSE_Y2-ENG,Default from active division master; edit division_codes to scope this grade.
2026-2027,GSEB,HIN,UNI_UG_CSE_Y2,ENG,D,Division D,40,1,2026-2027-GSEB-HIN-UNI_UG_CSE_Y2-ENG,Default from active division master; edit division_codes to scope this grade.
2026-2027,GSEB,HIN,UNI_UG_CSE_Y2,ENG,E,Division E,40,1,2026-2027-GSEB-HIN-UNI_UG_CSE_Y2-ENG,Default from active division master; edit division_codes to scope this grade.
2026-2027,GSEB,HIN,UNI_UG_CSE_Y2,ENG,F,Division F,40,1,2026-2027-GSEB-HIN-UNI_UG_CSE_Y2-ENG,Default from active division master; edit division_codes to scope this grade.
2026-2027,GSEB,HIN,UNI_UG_CSE_Y3,ENG,A,Division A,40,1,2026-2027-GSEB-HIN-UNI_UG_CSE_Y3-ENG,Default from active division master; edit division_codes to scope this grade.
2026-2027,GSEB,HIN,UNI_UG_CSE_Y3,ENG,B,Division B,40,1,2026-2027-GSEB-HIN-UNI_UG_CSE_Y3-ENG,Default from active division master; edit division_codes to scope this grade.
2026-2027,GSEB,HIN,UNI_UG_CSE_Y3,ENG,C,Division C,40,1,2026-2027-GSEB-HIN-UNI_UG_CSE_Y3-ENG,Default from active division master; edit division_codes to scope this grade.
2026-2027,GSEB,HIN,UNI_UG_CSE_Y3,ENG,D,Division D,40,1,2026-2027-GSEB-HIN-UNI_UG_CSE_Y3-ENG,Default from active division master; edit division_codes to scope this grade.
2026-2027,GSEB,HIN,UNI_UG_CSE_Y3,ENG,E,Division E,40,1,2026-2027-GSEB-HIN-UNI_UG_CSE_Y3-ENG,Default from active division master; edit division_codes to scope this grade.
2026-2027,GSEB,HIN,UNI_UG_CSE_Y3,ENG,F,Division F,40,1,2026-2027-GSEB-HIN-UNI_UG_CSE_Y3-ENG,Default from active division master; edit division_codes to scope this grade.
2026-2027,GSEB,HIN,UNI_UG_CSE_Y4,ENG,A,Division A,40,1,2026-2027-GSEB-HIN-UNI_UG_CSE_Y4-ENG,Default from active division master; edit division_codes to scope this grade.
2026-2027,GSEB,HIN,UNI_UG_CSE_Y4,ENG,B,Division B,40,1,2026-2027-GSEB-HIN-UNI_UG_CSE_Y4-ENG,Default from active division master; edit division_codes to scope this grade.
2026-2027,GSEB,HIN,UNI_UG_CSE_Y4,ENG,C,Division C,40,1,2026-2027-GSEB-HIN-UNI_UG_CSE_Y4-ENG,Default from active division master; edit division_codes to scope this grade.
2026-2027,GSEB,HIN,UNI_UG_CSE_Y4,ENG,D,Division D,40,1,2026-2027-GSEB-HIN-UNI_UG_CSE_Y4-ENG,Default from active division master; edit division_codes to scope this grade.
2026-2027,GSEB,HIN,UNI_UG_CSE_Y4,ENG,E,Division E,40,1,2026-2027-GSEB-HIN-UNI_UG_CSE_Y4-ENG,Default from active division master; edit division_codes to scope this grade.
2026-2027,GSEB,HIN,UNI_UG_CSE_Y4,ENG,F,Division F,40,1,2026-2027-GSEB-HIN-UNI_UG_CSE_Y4-ENG,Default from active division master; edit division_codes to scope this grade.
2026-2027,GSEB,HIN,UNI_UG_DS_Y1,SCI,A,Division A,40,1,2026-2027-GSEB-HIN-UNI_UG_DS_Y1-SCI,Default from active division master; edit division_codes to scope this grade.
2026-2027,GSEB,HIN,UNI_UG_DS_Y1,SCI,B,Division B,40,1,2026-2027-GSEB-HIN-UNI_UG_DS_Y1-SCI,Default from active division master; edit division_codes to scope this grade.
2026-2027,GSEB,HIN,UNI_UG_DS_Y1,SCI,C,Division C,40,1,2026-2027-GSEB-HIN-UNI_UG_DS_Y1-SCI,Default from active division master; edit division_codes to scope this grade.
2026-2027,GSEB,HIN,UNI_UG_DS_Y1,SCI,D,Division D,40,1,2026-2027-GSEB-HIN-UNI_UG_DS_Y1-SCI,Default from active division master; edit division_codes to scope this grade.
2026-2027,GSEB,HIN,UNI_UG_DS_Y1,SCI,E,Division E,40,1,2026-2027-GSEB-HIN-UNI_UG_DS_Y1-SCI,Default from active division master; edit division_codes to scope this grade.
2026-2027,GSEB,HIN,UNI_UG_DS_Y1,SCI,F,Division F,40,1,2026-2027-GSEB-HIN-UNI_UG_DS_Y1-SCI,Default from active division master; edit division_codes to scope this grade.
2026-2027,GSEB,HIN,UNI_UG_DS_Y2,SCI,A,Division A,40,1,2026-2027-GSEB-HIN-UNI_UG_DS_Y2-SCI,Default from active division master; edit division_codes to scope this grade.
2026-2027,GSEB,HIN,UNI_UG_DS_Y2,SCI,B,Division B,40,1,2026-2027-GSEB-HIN-UNI_UG_DS_Y2-SCI,Default from active division master; edit division_codes to scope this grade.
2026-2027,GSEB,HIN,UNI_UG_DS_Y2,SCI,C,Division C,40,1,2026-2027-GSEB-HIN-UNI_UG_DS_Y2-SCI,Default from active division master; edit division_codes to scope this grade.
2026-2027,GSEB,HIN,UNI_UG_DS_Y2,SCI,D,Division D,40,1,2026-2027-GSEB-HIN-UNI_UG_DS_Y2-SCI,Default from active division master; edit division_codes to scope this grade.
2026-2027,GSEB,HIN,UNI_UG_DS_Y2,SCI,E,Division E,40,1,2026-2027-GSEB-HIN-UNI_UG_DS_Y2-SCI,Default from active division master; edit division_codes to scope this grade.
2026-2027,GSEB,HIN,UNI_UG_DS_Y2,SCI,F,Division F,40,1,2026-2027-GSEB-HIN-UNI_UG_DS_Y2-SCI,Default from active division master; edit division_codes to scope this grade.
2026-2027,GSEB,HIN,UNI_UG_DS_Y3,SCI,A,Division A,40,1,2026-2027-GSEB-HIN-UNI_UG_DS_Y3-SCI,Default from active division master; edit division_codes to scope this grade.
2026-2027,GSEB,HIN,UNI_UG_DS_Y3,SCI,B,Division B,40,1,2026-2027-GSEB-HIN-UNI_UG_DS_Y3-SCI,Default from active division master; edit division_codes to scope this grade.
2026-2027,GSEB,HIN,UNI_UG_DS_Y3,SCI,C,Division C,40,1,2026-2027-GSEB-HIN-UNI_UG_DS_Y3-SCI,Default from active division master; edit division_codes to scope this grade.
2026-2027,GSEB,HIN,UNI_UG_DS_Y3,SCI,D,Division D,40,1,2026-2027-GSEB-HIN-UNI_UG_DS_Y3-SCI,Default from active division master; edit division_codes to scope this grade.
2026-2027,GSEB,HIN,UNI_UG_DS_Y3,SCI,E,Division E,40,1,2026-2027-GSEB-HIN-UNI_UG_DS_Y3-SCI,Default from active division master; edit division_codes to scope this grade.
2026-2027,GSEB,HIN,UNI_UG_DS_Y3,SCI,F,Division F,40,1,2026-2027-GSEB-HIN-UNI_UG_DS_Y3-SCI,Default from active division master; edit division_codes to scope this grade.
2026-2027,GSEB,HIN,UNI_UG_LAW_Y1,LAW,A,Division A,40,1,2026-2027-GSEB-HIN-UNI_UG_LAW_Y1-LAW,Default from active division master; edit division_codes to scope this grade.
2026-2027,GSEB,HIN,UNI_UG_LAW_Y1,LAW,B,Division B,40,1,2026-2027-GSEB-HIN-UNI_UG_LAW_Y1-LAW,Default from active division master; edit division_codes to scope this grade.
2026-2027,GSEB,HIN,UNI_UG_LAW_Y1,LAW,C,Division C,40,1,2026-2027-GSEB-HIN-UNI_UG_LAW_Y1-LAW,Default from active division master; edit division_codes to scope this grade.
2026-2027,GSEB,HIN,UNI_UG_LAW_Y1,LAW,D,Division D,40,1,2026-2027-GSEB-HIN-UNI_UG_LAW_Y1-LAW,Default from active division master; edit division_codes to scope this grade.
2026-2027,GSEB,HIN,UNI_UG_LAW_Y1,LAW,E,Division E,40,1,2026-2027-GSEB-HIN-UNI_UG_LAW_Y1-LAW,Default from active division master; edit division_codes to scope this grade.
2026-2027,GSEB,HIN,UNI_UG_LAW_Y1,LAW,F,Division F,40,1,2026-2027-GSEB-HIN-UNI_UG_LAW_Y1-LAW,Default from active division master; edit division_codes to scope this grade.
2026-2027,GSEB,HIN,UNI_UG_LAW_Y5,LAW,A,Division A,40,1,2026-2027-GSEB-HIN-UNI_UG_LAW_Y5-LAW,Default from active division master; edit division_codes to scope this grade.
2026-2027,GSEB,HIN,UNI_UG_LAW_Y5,LAW,B,Division B,40,1,2026-2027-GSEB-HIN-UNI_UG_LAW_Y5-LAW,Default from active division master; edit division_codes to scope this grade.
2026-2027,GSEB,HIN,UNI_UG_LAW_Y5,LAW,C,Division C,40,1,2026-2027-GSEB-HIN-UNI_UG_LAW_Y5-LAW,Default from active division master; edit division_codes to scope this grade.
2026-2027,GSEB,HIN,UNI_UG_LAW_Y5,LAW,D,Division D,40,1,2026-2027-GSEB-HIN-UNI_UG_LAW_Y5-LAW,Default from active division master; edit division_codes to scope this grade.
2026-2027,GSEB,HIN,UNI_UG_LAW_Y5,LAW,E,Division E,40,1,2026-2027-GSEB-HIN-UNI_UG_LAW_Y5-LAW,Default from active division master; edit division_codes to scope this grade.
2026-2027,GSEB,HIN,UNI_UG_LAW_Y5,LAW,F,Division F,40,1,2026-2027-GSEB-HIN-UNI_UG_LAW_Y5-LAW,Default from active division master; edit division_codes to scope this grade.
2026-2027,GSEB,HIN,UNI_UG_MED_Y1,MED,A,Division A,40,1,2026-2027-GSEB-HIN-UNI_UG_MED_Y1-MED,Default from active division master; edit division_codes to scope this grade.
2026-2027,GSEB,HIN,UNI_UG_MED_Y1,MED,B,Division B,40,1,2026-2027-GSEB-HIN-UNI_UG_MED_Y1-MED,Default from active division master; edit division_codes to scope this grade.
2026-2027,GSEB,HIN,UNI_UG_MED_Y1,MED,C,Division C,40,1,2026-2027-GSEB-HIN-UNI_UG_MED_Y1-MED,Default from active division master; edit division_codes to scope this grade.
2026-2027,GSEB,HIN,UNI_UG_MED_Y1,MED,D,Division D,40,1,2026-2027-GSEB-HIN-UNI_UG_MED_Y1-MED,Default from active division master; edit division_codes to scope this grade.
2026-2027,GSEB,HIN,UNI_UG_MED_Y1,MED,E,Division E,40,1,2026-2027-GSEB-HIN-UNI_UG_MED_Y1-MED,Default from active division master; edit division_codes to scope this grade.
2026-2027,GSEB,HIN,UNI_UG_MED_Y1,MED,F,Division F,40,1,2026-2027-GSEB-HIN-UNI_UG_MED_Y1-MED,Default from active division master; edit division_codes to scope this grade.
2026-2027,GSEB,HIN,UNI_UG_MED_Y2,MED,A,Division A,40,1,2026-2027-GSEB-HIN-UNI_UG_MED_Y2-MED,Default from active division master; edit division_codes to scope this grade.
2026-2027,GSEB,HIN,UNI_UG_MED_Y2,MED,B,Division B,40,1,2026-2027-GSEB-HIN-UNI_UG_MED_Y2-MED,Default from active division master; edit division_codes to scope this grade.
2026-2027,GSEB,HIN,UNI_UG_MED_Y2,MED,C,Division C,40,1,2026-2027-GSEB-HIN-UNI_UG_MED_Y2-MED,Default from active division master; edit division_codes to scope this grade.
2026-2027,GSEB,HIN,UNI_UG_MED_Y2,MED,D,Division D,40,1,2026-2027-GSEB-HIN-UNI_UG_MED_Y2-MED,Default from active division master; edit division_codes to scope this grade.
2026-2027,GSEB,HIN,UNI_UG_MED_Y2,MED,E,Division E,40,1,2026-2027-GSEB-HIN-UNI_UG_MED_Y2-MED,Default from active division master; edit division_codes to scope this grade.
2026-2027,GSEB,HIN,UNI_UG_MED_Y2,MED,F,Division F,40,1,2026-2027-GSEB-HIN-UNI_UG_MED_Y2-MED,Default from active division master; edit division_codes to scope this grade.
2026-2027,GSEB,HIN,UNI_UG_MED_Y3,MED,A,Division A,40,1,2026-2027-GSEB-HIN-UNI_UG_MED_Y3-MED,Default from active division master; edit division_codes to scope this grade.
2026-2027,GSEB,HIN,UNI_UG_MED_Y3,MED,B,Division B,40,1,2026-2027-GSEB-HIN-UNI_UG_MED_Y3-MED,Default from active division master; edit division_codes to scope this grade.
2026-2027,GSEB,HIN,UNI_UG_MED_Y3,MED,C,Division C,40,1,2026-2027-GSEB-HIN-UNI_UG_MED_Y3-MED,Default from active division master; edit division_codes to scope this grade.
2026-2027,GSEB,HIN,UNI_UG_MED_Y3,MED,D,Division D,40,1,2026-2027-GSEB-HIN-UNI_UG_MED_Y3-MED,Default from active division master; edit division_codes to scope this grade.
2026-2027,GSEB,HIN,UNI_UG_MED_Y3,MED,E,Division E,40,1,2026-2027-GSEB-HIN-UNI_UG_MED_Y3-MED,Default from active division master; edit division_codes to scope this grade.
2026-2027,GSEB,HIN,UNI_UG_MED_Y3,MED,F,Division F,40,1,2026-2027-GSEB-HIN-UNI_UG_MED_Y3-MED,Default from active division master; edit division_codes to scope this grade.
2026-2027,GSEB,HIN,UNI_UG_MED_Y4,MED,A,Division A,40,1,2026-2027-GSEB-HIN-UNI_UG_MED_Y4-MED,Default from active division master; edit division_codes to scope this grade.
2026-2027,GSEB,HIN,UNI_UG_MED_Y4,MED,B,Division B,40,1,2026-2027-GSEB-HIN-UNI_UG_MED_Y4-MED,Default from active division master; edit division_codes to scope this grade.
2026-2027,GSEB,HIN,UNI_UG_MED_Y4,MED,C,Division C,40,1,2026-2027-GSEB-HIN-UNI_UG_MED_Y4-MED,Default from active division master; edit division_codes to scope this grade.
2026-2027,GSEB,HIN,UNI_UG_MED_Y4,MED,D,Division D,40,1,2026-2027-GSEB-HIN-UNI_UG_MED_Y4-MED,Default from active division master; edit division_codes to scope this grade.
2026-2027,GSEB,HIN,UNI_UG_MED_Y4,MED,E,Division E,40,1,2026-2027-GSEB-HIN-UNI_UG_MED_Y4-MED,Default from active division master; edit division_codes to scope this grade.
2026-2027,GSEB,HIN,UNI_UG_MED_Y4,MED,F,Division F,40,1,2026-2027-GSEB-HIN-UNI_UG_MED_Y4-MED,Default from active division master; edit division_codes to scope this grade.
2026-2027,GSEB,HIN,UNI_UG_MED_Y5,MED,A,Division A,40,1,2026-2027-GSEB-HIN-UNI_UG_MED_Y5-MED,Default from active division master; edit division_codes to scope this grade.
2026-2027,GSEB,HIN,UNI_UG_MED_Y5,MED,B,Division B,40,1,2026-2027-GSEB-HIN-UNI_UG_MED_Y5-MED,Default from active division master; edit division_codes to scope this grade.
2026-2027,GSEB,HIN,UNI_UG_MED_Y5,MED,C,Division C,40,1,2026-2027-GSEB-HIN-UNI_UG_MED_Y5-MED,Default from active division master; edit division_codes to scope this grade.
2026-2027,GSEB,HIN,UNI_UG_MED_Y5,MED,D,Division D,40,1,2026-2027-GSEB-HIN-UNI_UG_MED_Y5-MED,Default from active division master; edit division_codes to scope this grade.
2026-2027,GSEB,HIN,UNI_UG_MED_Y5,MED,E,Division E,40,1,2026-2027-GSEB-HIN-UNI_UG_MED_Y5-MED,Default from active division master; edit division_codes to scope this grade.
2026-2027,GSEB,HIN,UNI_UG_MED_Y5,MED,F,Division F,40,1,2026-2027-GSEB-HIN-UNI_UG_MED_Y5-MED,Default from active division master; edit division_codes to scope this grade.
2026-2027,GSEB,HIN,UNI_UG_UX_Y1,DES,A,Division A,40,1,2026-2027-GSEB-HIN-UNI_UG_UX_Y1-DES,Default from active division master; edit division_codes to scope this grade.
2026-2027,GSEB,HIN,UNI_UG_UX_Y1,DES,B,Division B,40,1,2026-2027-GSEB-HIN-UNI_UG_UX_Y1-DES,Default from active division master; edit division_codes to scope this grade.
2026-2027,GSEB,HIN,UNI_UG_UX_Y1,DES,C,Division C,40,1,2026-2027-GSEB-HIN-UNI_UG_UX_Y1-DES,Default from active division master; edit division_codes to scope this grade.
2026-2027,GSEB,HIN,UNI_UG_UX_Y1,DES,D,Division D,40,1,2026-2027-GSEB-HIN-UNI_UG_UX_Y1-DES,Default from active division master; edit division_codes to scope this grade.
2026-2027,GSEB,HIN,UNI_UG_UX_Y1,DES,E,Division E,40,1,2026-2027-GSEB-HIN-UNI_UG_UX_Y1-DES,Default from active division master; edit division_codes to scope this grade.
2026-2027,GSEB,HIN,UNI_UG_UX_Y1,DES,F,Division F,40,1,2026-2027-GSEB-HIN-UNI_UG_UX_Y1-DES,Default from active division master; edit division_codes to scope this grade.
2026-2027,GSEB,HIN,UNI_UG_UX_Y2,DES,A,Division A,40,1,2026-2027-GSEB-HIN-UNI_UG_UX_Y2-DES,Default from active division master; edit division_codes to scope this grade.
2026-2027,GSEB,HIN,UNI_UG_UX_Y2,DES,B,Division B,40,1,2026-2027-GSEB-HIN-UNI_UG_UX_Y2-DES,Default from active division master; edit division_codes to scope this grade.
2026-2027,GSEB,HIN,UNI_UG_UX_Y2,DES,C,Division C,40,1,2026-2027-GSEB-HIN-UNI_UG_UX_Y2-DES,Default from active division master; edit division_codes to scope this grade.
2026-2027,GSEB,HIN,UNI_UG_UX_Y2,DES,D,Division D,40,1,2026-2027-GSEB-HIN-UNI_UG_UX_Y2-DES,Default from active division master; edit division_codes to scope this grade.
2026-2027,GSEB,HIN,UNI_UG_UX_Y2,DES,E,Division E,40,1,2026-2027-GSEB-HIN-UNI_UG_UX_Y2-DES,Default from active division master; edit division_codes to scope this grade.
2026-2027,GSEB,HIN,UNI_UG_UX_Y2,DES,F,Division F,40,1,2026-2027-GSEB-HIN-UNI_UG_UX_Y2-DES,Default from active division master; edit division_codes to scope this grade.
2026-2027,GSEB,HIN,UNI_UG_UX_Y3,DES,A,Division A,40,1,2026-2027-GSEB-HIN-UNI_UG_UX_Y3-DES,Default from active division master; edit division_codes to scope this grade.
2026-2027,GSEB,HIN,UNI_UG_UX_Y3,DES,B,Division B,40,1,2026-2027-GSEB-HIN-UNI_UG_UX_Y3-DES,Default from active division master; edit division_codes to scope this grade.
2026-2027,GSEB,HIN,UNI_UG_UX_Y3,DES,C,Division C,40,1,2026-2027-GSEB-HIN-UNI_UG_UX_Y3-DES,Default from active division master; edit division_codes to scope this grade.
2026-2027,GSEB,HIN,UNI_UG_UX_Y3,DES,D,Division D,40,1,2026-2027-GSEB-HIN-UNI_UG_UX_Y3-DES,Default from active division master; edit division_codes to scope this grade.
2026-2027,GSEB,HIN,UNI_UG_UX_Y3,DES,E,Division E,40,1,2026-2027-GSEB-HIN-UNI_UG_UX_Y3-DES,Default from active division master; edit division_codes to scope this grade.
2026-2027,GSEB,HIN,UNI_UG_UX_Y3,DES,F,Division F,40,1,2026-2027-GSEB-HIN-UNI_UG_UX_Y3-DES,Default from active division master; edit division_codes to scope this grade.
2026-2027,GSEB,HIN,UNI_UG_UX_Y4,DES,A,Division A,40,1,2026-2027-GSEB-HIN-UNI_UG_UX_Y4-DES,Default from active division master; edit division_codes to scope this grade.
2026-2027,GSEB,HIN,UNI_UG_UX_Y4,DES,B,Division B,40,1,2026-2027-GSEB-HIN-UNI_UG_UX_Y4-DES,Default from active division master; edit division_codes to scope this grade.
2026-2027,GSEB,HIN,UNI_UG_UX_Y4,DES,C,Division C,40,1,2026-2027-GSEB-HIN-UNI_UG_UX_Y4-DES,Default from active division master; edit division_codes to scope this grade.
2026-2027,GSEB,HIN,UNI_UG_UX_Y4,DES,D,Division D,40,1,2026-2027-GSEB-HIN-UNI_UG_UX_Y4-DES,Default from active division master; edit division_codes to scope this grade.
2026-2027,GSEB,HIN,UNI_UG_UX_Y4,DES,E,Division E,40,1,2026-2027-GSEB-HIN-UNI_UG_UX_Y4-DES,Default from active division master; edit division_codes to scope this grade.
2026-2027,GSEB,HIN,UNI_UG_UX_Y4,DES,F,Division F,40,1,2026-2027-GSEB-HIN-UNI_UG_UX_Y4-DES,Default from active division master; edit division_codes to scope this grade.
