academic_year,course_code,course_shortname,classwork_weight,practice_quiz_weight,assignment_weight,chapter_gate_weight,term_exam_weight,final_exam_weight,passing_percent
2026-2027,DPS-GSEB-GUJ-PRE01-GEN-ENG-2026,DPS-GSEB-GUJ-PRE01-GEN-ENG-26,20,20,25,15,20,20,40
2026-2027,DPS-GSEB-GUJ-PRE01-GEN-HIN-2026,DPS-GSEB-GUJ-PRE01-GEN-HIN-26,20,20,25,15,20,20,40
2026-2027,DPS-GSEB-GUJ-PRE01-GEN-ART-2026,DPS-GSEB-GUJ-PRE01-GEN-ART-26,20,20,25,15,20,20,40
2026-2027,DPS-GSEB-GUJ-PRE02-GEN-ENG-2026,DPS-GSEB-GUJ-PRE02-GEN-ENG-26,20,20,25,15,20,20,40
2026-2027,DPS-GSEB-GUJ-PRE02-GEN-HIN-2026,DPS-GSEB-GUJ-PRE02-GEN-HIN-26,20,20,25,15,20,20,40
2026-2027,DPS-GSEB-GUJ-PRE02-GEN-ART-2026,DPS-GSEB-GUJ-PRE02-GEN-ART-26,20,20,25,15,20,20,40
2026-2027,DPS-GSEB-GUJ-PRE03-GEN-ENG-2026,DPS-GSEB-GUJ-PRE03-GEN-ENG-26,20,20,25,15,20,20,40
2026-2027,DPS-GSEB-GUJ-PRE03-GEN-HIN-2026,DPS-GSEB-GUJ-PRE03-GEN-HIN-26,20,20,25,15,20,20,40
2026-2027,DPS-GSEB-GUJ-PRE03-GEN-ART-2026,DPS-GSEB-GUJ-PRE03-GEN-ART-26,20,20,25,15,20,20,40
2026-2027,DPS-GSEB-GUJ-PRE04-GEN-ENG-2026,DPS-GSEB-GUJ-PRE04-GEN-ENG-26,20,20,25,15,20,20,40
2026-2027,DPS-GSEB-GUJ-PRE04-GEN-HIN-2026,DPS-GSEB-GUJ-PRE04-GEN-HIN-26,20,20,25,15,20,20,40
2026-2027,DPS-GSEB-GUJ-PRE04-GEN-ART-2026,DPS-GSEB-GUJ-PRE04-GEN-ART-26,20,20,25,15,20,20,40
2026-2027,DPS-GSEB-GUJ-STD01-GEN-ENG-2026,DPS-GSEB-GUJ-STD01-GEN-ENG-26,35,10,30,10,15,15,40
2026-2027,DPS-GSEB-GUJ-STD01-GEN-HIN-2026,DPS-GSEB-GUJ-STD01-GEN-HIN-26,35,10,30,10,15,15,40
2026-2027,DPS-GSEB-GUJ-STD01-GEN-REG_LANG-2026,DPS-GSEB-GUJ-STD01-GEN-REG_LANG-26,35,10,30,10,15,15,40
2026-2027,DPS-GSEB-GUJ-STD01-GEN-MATH-2026,DPS-GSEB-GUJ-STD01-GEN-MATH-26,35,10,30,10,15,15,40
2026-2027,DPS-GSEB-GUJ-STD01-GEN-SCI-2026,DPS-GSEB-GUJ-STD01-GEN-SCI-26,35,10,30,10,15,15,40
2026-2027,DPS-GSEB-GUJ-STD01-GEN-SST-2026,DPS-GSEB-GUJ-STD01-GEN-SST-26,35,10,30,10,15,15,40
2026-2027,DPS-GSEB-GUJ-STD01-GEN-EVS-2026,DPS-GSEB-GUJ-STD01-GEN-EVS-26,35,10,30,10,15,15,40
2026-2027,DPS-GSEB-GUJ-STD01-GEN-COMP-2026,DPS-GSEB-GUJ-STD01-GEN-COMP-26,35,10,30,10,15,15,40
2026-2027,DPS-GSEB-GUJ-STD01-GEN-ART-2026,DPS-GSEB-GUJ-STD01-GEN-ART-26,35,10,30,10,15,15,40
2026-2027,DPS-GSEB-GUJ-STD01-GEN-PE-2026,DPS-GSEB-GUJ-STD01-GEN-PE-26,35,10,30,10,15,15,40
2026-2027,DPS-GSEB-GUJ-STD02-GEN-ENG-2026,DPS-GSEB-GUJ-STD02-GEN-ENG-26,35,10,30,10,15,15,40
2026-2027,DPS-GSEB-GUJ-STD02-GEN-HIN-2026,DPS-GSEB-GUJ-STD02-GEN-HIN-26,35,10,30,10,15,15,40
2026-2027,DPS-GSEB-GUJ-STD02-GEN-REG_LANG-2026,DPS-GSEB-GUJ-STD02-GEN-REG_LANG-26,35,10,30,10,15,15,40
2026-2027,DPS-GSEB-GUJ-STD02-GEN-MATH-2026,DPS-GSEB-GUJ-STD02-GEN-MATH-26,35,10,30,10,15,15,40
2026-2027,DPS-GSEB-GUJ-STD02-GEN-SCI-2026,DPS-GSEB-GUJ-STD02-GEN-SCI-26,35,10,30,10,15,15,40
2026-2027,DPS-GSEB-GUJ-STD02-GEN-SST-2026,DPS-GSEB-GUJ-STD02-GEN-SST-26,35,10,30,10,15,15,40
2026-2027,DPS-GSEB-GUJ-STD02-GEN-EVS-2026,DPS-GSEB-GUJ-STD02-GEN-EVS-26,35,10,30,10,15,15,40
2026-2027,DPS-GSEB-GUJ-STD02-GEN-COMP-2026,DPS-GSEB-GUJ-STD02-GEN-COMP-26,35,10,30,10,15,15,40
2026-2027,DPS-GSEB-GUJ-STD02-GEN-ART-2026,DPS-GSEB-GUJ-STD02-GEN-ART-26,35,10,30,10,15,15,40
2026-2027,DPS-GSEB-GUJ-STD02-GEN-PE-2026,DPS-GSEB-GUJ-STD02-GEN-PE-26,35,10,30,10,15,15,40
2026-2027,DPS-GSEB-GUJ-STD03-GEN-ENG-2026,DPS-GSEB-GUJ-STD03-GEN-ENG-26,30,15,30,10,15,15,40
2026-2027,DPS-GSEB-GUJ-STD03-GEN-HIN-2026,DPS-GSEB-GUJ-STD03-GEN-HIN-26,30,15,30,10,15,15,40
2026-2027,DPS-GSEB-GUJ-STD03-GEN-REG_LANG-2026,DPS-GSEB-GUJ-STD03-GEN-REG_LANG-26,30,15,30,10,15,15,40
2026-2027,DPS-GSEB-GUJ-STD03-GEN-MATH-2026,DPS-GSEB-GUJ-STD03-GEN-MATH-26,30,15,30,10,15,15,40
2026-2027,DPS-GSEB-GUJ-STD03-GEN-SCI-2026,DPS-GSEB-GUJ-STD03-GEN-SCI-26,30,15,30,10,15,15,40
2026-2027,DPS-GSEB-GUJ-STD03-GEN-SST-2026,DPS-GSEB-GUJ-STD03-GEN-SST-26,30,15,30,10,15,15,40
2026-2027,DPS-GSEB-GUJ-STD03-GEN-EVS-2026,DPS-GSEB-GUJ-STD03-GEN-EVS-26,30,15,30,10,15,15,40
2026-2027,DPS-GSEB-GUJ-STD03-GEN-COMP-2026,DPS-GSEB-GUJ-STD03-GEN-COMP-26,30,15,30,10,15,15,40
2026-2027,DPS-GSEB-GUJ-STD03-GEN-ART-2026,DPS-GSEB-GUJ-STD03-GEN-ART-26,30,15,30,10,15,15,40
2026-2027,DPS-GSEB-GUJ-STD03-GEN-PE-2026,DPS-GSEB-GUJ-STD03-GEN-PE-26,30,15,30,10,15,15,40
2026-2027,DPS-GSEB-GUJ-STD04-GEN-ENG-2026,DPS-GSEB-GUJ-STD04-GEN-ENG-26,30,15,30,10,15,15,40
2026-2027,DPS-GSEB-GUJ-STD04-GEN-HIN-2026,DPS-GSEB-GUJ-STD04-GEN-HIN-26,30,15,30,10,15,15,40
2026-2027,DPS-GSEB-GUJ-STD04-GEN-REG_LANG-2026,DPS-GSEB-GUJ-STD04-GEN-REG_LANG-26,30,15,30,10,15,15,40
2026-2027,DPS-GSEB-GUJ-STD04-GEN-MATH-2026,DPS-GSEB-GUJ-STD04-GEN-MATH-26,30,15,30,10,15,15,40
2026-2027,DPS-GSEB-GUJ-STD04-GEN-SCI-2026,DPS-GSEB-GUJ-STD04-GEN-SCI-26,30,15,30,10,15,15,40
2026-2027,DPS-GSEB-GUJ-STD04-GEN-SST-2026,DPS-GSEB-GUJ-STD04-GEN-SST-26,30,15,30,10,15,15,40
2026-2027,DPS-GSEB-GUJ-STD04-GEN-EVS-2026,DPS-GSEB-GUJ-STD04-GEN-EVS-26,30,15,30,10,15,15,40
2026-2027,DPS-GSEB-GUJ-STD04-GEN-COMP-2026,DPS-GSEB-GUJ-STD04-GEN-COMP-26,30,15,30,10,15,15,40
2026-2027,DPS-GSEB-GUJ-STD04-GEN-ART-2026,DPS-GSEB-GUJ-STD04-GEN-ART-26,30,15,30,10,15,15,40
2026-2027,DPS-GSEB-GUJ-STD04-GEN-PE-2026,DPS-GSEB-GUJ-STD04-GEN-PE-26,30,15,30,10,15,15,40
2026-2027,DPS-GSEB-GUJ-STD05-GEN-ENG-2026,DPS-GSEB-GUJ-STD05-GEN-ENG-26,30,15,30,10,15,15,40
2026-2027,DPS-GSEB-GUJ-STD05-GEN-HIN-2026,DPS-GSEB-GUJ-STD05-GEN-HIN-26,30,15,30,10,15,15,40
2026-2027,DPS-GSEB-GUJ-STD05-GEN-REG_LANG-2026,DPS-GSEB-GUJ-STD05-GEN-REG_LANG-26,30,15,30,10,15,15,40
2026-2027,DPS-GSEB-GUJ-STD05-GEN-MATH-2026,DPS-GSEB-GUJ-STD05-GEN-MATH-26,30,15,30,10,15,15,40
2026-2027,DPS-GSEB-GUJ-STD05-GEN-SCI-2026,DPS-GSEB-GUJ-STD05-GEN-SCI-26,30,15,30,10,15,15,40
2026-2027,DPS-GSEB-GUJ-STD05-GEN-SST-2026,DPS-GSEB-GUJ-STD05-GEN-SST-26,30,15,30,10,15,15,40
2026-2027,DPS-GSEB-GUJ-STD05-GEN-EVS-2026,DPS-GSEB-GUJ-STD05-GEN-EVS-26,30,15,30,10,15,15,40
2026-2027,DPS-GSEB-GUJ-STD05-GEN-COMP-2026,DPS-GSEB-GUJ-STD05-GEN-COMP-26,30,15,30,10,15,15,40
2026-2027,DPS-GSEB-GUJ-STD05-GEN-ART-2026,DPS-GSEB-GUJ-STD05-GEN-ART-26,30,15,30,10,15,15,40
2026-2027,DPS-GSEB-GUJ-STD05-GEN-PE-2026,DPS-GSEB-GUJ-STD05-GEN-PE-26,30,15,30,10,15,15,40
2026-2027,DPS-GSEB-GUJ-STD06-GEN-ENG-2026,DPS-GSEB-GUJ-STD06-GEN-ENG-26,20,20,25,15,20,20,40
2026-2027,DPS-GSEB-GUJ-STD06-GEN-HIN-2026,DPS-GSEB-GUJ-STD06-GEN-HIN-26,20,20,25,15,20,20,40
2026-2027,DPS-GSEB-GUJ-STD06-GEN-REG_LANG-2026,DPS-GSEB-GUJ-STD06-GEN-REG_LANG-26,20,20,25,15,20,20,40
2026-2027,DPS-GSEB-GUJ-STD06-GEN-MATH-2026,DPS-GSEB-GUJ-STD06-GEN-MATH-26,20,20,25,15,20,20,40
2026-2027,DPS-GSEB-GUJ-STD06-GEN-SCI-2026,DPS-GSEB-GUJ-STD06-GEN-SCI-26,20,20,25,15,20,20,40
2026-2027,DPS-GSEB-GUJ-STD06-GEN-SST-2026,DPS-GSEB-GUJ-STD06-GEN-SST-26,20,20,25,15,20,20,40
2026-2027,DPS-GSEB-GUJ-STD06-GEN-COMP-2026,DPS-GSEB-GUJ-STD06-GEN-COMP-26,20,20,25,15,20,20,40
2026-2027,DPS-GSEB-GUJ-STD06-GEN-ART-2026,DPS-GSEB-GUJ-STD06-GEN-ART-26,20,20,25,15,20,20,40
2026-2027,DPS-GSEB-GUJ-STD06-GEN-PE-2026,DPS-GSEB-GUJ-STD06-GEN-PE-26,20,20,25,15,20,20,40
2026-2027,DPS-GSEB-GUJ-STD07-GEN-ENG-2026,DPS-GSEB-GUJ-STD07-GEN-ENG-26,20,20,25,15,20,20,40
2026-2027,DPS-GSEB-GUJ-STD07-GEN-HIN-2026,DPS-GSEB-GUJ-STD07-GEN-HIN-26,20,20,25,15,20,20,40
2026-2027,DPS-GSEB-GUJ-STD07-GEN-REG_LANG-2026,DPS-GSEB-GUJ-STD07-GEN-REG_LANG-26,20,20,25,15,20,20,40
2026-2027,DPS-GSEB-GUJ-STD07-GEN-MATH-2026,DPS-GSEB-GUJ-STD07-GEN-MATH-26,20,20,25,15,20,20,40
2026-2027,DPS-GSEB-GUJ-STD07-GEN-SCI-2026,DPS-GSEB-GUJ-STD07-GEN-SCI-26,20,20,25,15,20,20,40
2026-2027,DPS-GSEB-GUJ-STD07-GEN-SST-2026,DPS-GSEB-GUJ-STD07-GEN-SST-26,20,20,25,15,20,20,40
2026-2027,DPS-GSEB-GUJ-STD07-GEN-COMP-2026,DPS-GSEB-GUJ-STD07-GEN-COMP-26,20,20,25,15,20,20,40
2026-2027,DPS-GSEB-GUJ-STD07-GEN-ART-2026,DPS-GSEB-GUJ-STD07-GEN-ART-26,20,20,25,15,20,20,40
2026-2027,DPS-GSEB-GUJ-STD07-GEN-PE-2026,DPS-GSEB-GUJ-STD07-GEN-PE-26,20,20,25,15,20,20,40
2026-2027,DPS-GSEB-GUJ-STD08-GEN-ENG-2026,DPS-GSEB-GUJ-STD08-GEN-ENG-26,20,20,25,15,20,20,40
2026-2027,DPS-GSEB-GUJ-STD08-GEN-HIN-2026,DPS-GSEB-GUJ-STD08-GEN-HIN-26,20,20,25,15,20,20,40
2026-2027,DPS-GSEB-GUJ-STD08-GEN-REG_LANG-2026,DPS-GSEB-GUJ-STD08-GEN-REG_LANG-26,20,20,25,15,20,20,40
2026-2027,DPS-GSEB-GUJ-STD08-GEN-MATH-2026,DPS-GSEB-GUJ-STD08-GEN-MATH-26,20,20,25,15,20,20,40
2026-2027,DPS-GSEB-GUJ-STD08-GEN-SCI-2026,DPS-GSEB-GUJ-STD08-GEN-SCI-26,20,20,25,15,20,20,40
2026-2027,DPS-GSEB-GUJ-STD08-GEN-SST-2026,DPS-GSEB-GUJ-STD08-GEN-SST-26,20,20,25,15,20,20,40
2026-2027,DPS-GSEB-GUJ-STD08-GEN-COMP-2026,DPS-GSEB-GUJ-STD08-GEN-COMP-26,20,20,25,15,20,20,40
2026-2027,DPS-GSEB-GUJ-STD08-GEN-ART-2026,DPS-GSEB-GUJ-STD08-GEN-ART-26,20,20,25,15,20,20,40
2026-2027,DPS-GSEB-GUJ-STD08-GEN-PE-2026,DPS-GSEB-GUJ-STD08-GEN-PE-26,20,20,25,15,20,20,40
2026-2027,DPS-GSEB-GUJ-STD09-GEN-ENG-2026,DPS-GSEB-GUJ-STD09-GEN-ENG-26,15,20,25,20,20,20,40
2026-2027,DPS-GSEB-GUJ-STD09-GEN-HIN-2026,DPS-GSEB-GUJ-STD09-GEN-HIN-26,15,20,25,20,20,20,40
2026-2027,DPS-GSEB-GUJ-STD09-GEN-REG_LANG-2026,DPS-GSEB-GUJ-STD09-GEN-REG_LANG-26,15,20,25,20,20,20,40
2026-2027,DPS-GSEB-GUJ-STD09-GEN-MATH-2026,DPS-GSEB-GUJ-STD09-GEN-MATH-26,15,20,25,20,20,20,40
2026-2027,DPS-GSEB-GUJ-STD09-GEN-SCI-2026,DPS-GSEB-GUJ-STD09-GEN-SCI-26,15,20,25,20,20,20,40
2026-2027,DPS-GSEB-GUJ-STD09-GEN-SST-2026,DPS-GSEB-GUJ-STD09-GEN-SST-26,15,20,25,20,20,20,40
2026-2027,DPS-GSEB-GUJ-STD09-GEN-COMP-2026,DPS-GSEB-GUJ-STD09-GEN-COMP-26,15,20,25,20,20,20,40
2026-2027,DPS-GSEB-GUJ-STD09-GEN-ART-2026,DPS-GSEB-GUJ-STD09-GEN-ART-26,15,20,25,20,20,20,40
2026-2027,DPS-GSEB-GUJ-STD09-GEN-PE-2026,DPS-GSEB-GUJ-STD09-GEN-PE-26,15,20,25,20,20,20,40
2026-2027,DPS-GSEB-GUJ-STD10-GEN-ENG-2026,DPS-GSEB-GUJ-STD10-GEN-ENG-26,15,20,25,20,20,20,40
2026-2027,DPS-GSEB-GUJ-STD10-GEN-HIN-2026,DPS-GSEB-GUJ-STD10-GEN-HIN-26,15,20,25,20,20,20,40
2026-2027,DPS-GSEB-GUJ-STD10-GEN-REG_LANG-2026,DPS-GSEB-GUJ-STD10-GEN-REG_LANG-26,15,20,25,20,20,20,40
2026-2027,DPS-GSEB-GUJ-STD10-GEN-MATH-2026,DPS-GSEB-GUJ-STD10-GEN-MATH-26,15,20,25,20,20,20,40
2026-2027,DPS-GSEB-GUJ-STD10-GEN-SCI-2026,DPS-GSEB-GUJ-STD10-GEN-SCI-26,15,20,25,20,20,20,40
2026-2027,DPS-GSEB-GUJ-STD10-GEN-SST-2026,DPS-GSEB-GUJ-STD10-GEN-SST-26,15,20,25,20,20,20,40
2026-2027,DPS-GSEB-GUJ-STD10-GEN-COMP-2026,DPS-GSEB-GUJ-STD10-GEN-COMP-26,15,20,25,20,20,20,40
2026-2027,DPS-GSEB-GUJ-STD10-GEN-ART-2026,DPS-GSEB-GUJ-STD10-GEN-ART-26,15,20,25,20,20,20,40
2026-2027,DPS-GSEB-GUJ-STD10-GEN-PE-2026,DPS-GSEB-GUJ-STD10-GEN-PE-26,15,20,25,20,20,20,40
2026-2027,DPS-GSEB-GUJ-STD11_SCI-SCI-ENG-2026,DPS-GSEB-GUJ-STD11_SCI-SCI-ENG-26,10,25,25,20,20,20,40
2026-2027,DPS-GSEB-GUJ-STD11_SCI-SCI-PE-2026,DPS-GSEB-GUJ-STD11_SCI-SCI-PE-26,10,25,25,20,20,20,40
2026-2027,DPS-GSEB-GUJ-STD11_SCI-SCI-PHY-2026,DPS-GSEB-GUJ-STD11_SCI-SCI-PHY-26,10,25,25,20,20,20,40
2026-2027,DPS-GSEB-GUJ-STD11_SCI-SCI-CHE-2026,DPS-GSEB-GUJ-STD11_SCI-SCI-CHE-26,10,25,25,20,20,20,40
2026-2027,DPS-GSEB-GUJ-STD11_SCI-SCI-BIO-2026,DPS-GSEB-GUJ-STD11_SCI-SCI-BIO-26,10,25,25,20,20,20,40
2026-2027,DPS-GSEB-GUJ-STD11_SCI-SCI-MATH_ADV-2026,DPS-GSEB-GUJ-STD11_SCI-SCI-MATH_ADV-26,10,25,25,20,20,20,40
2026-2027,DPS-GSEB-GUJ-STD11_SCI-SCI-IP-2026,DPS-GSEB-GUJ-STD11_SCI-SCI-IP-26,10,25,25,20,20,20,40
2026-2027,DPS-GSEB-GUJ-STD11_COM-COM-ENG-2026,DPS-GSEB-GUJ-STD11_COM-COM-ENG-26,10,25,25,20,20,20,40
2026-2027,DPS-GSEB-GUJ-STD11_COM-COM-PE-2026,DPS-GSEB-GUJ-STD11_COM-COM-PE-26,10,25,25,20,20,20,40
2026-2027,DPS-GSEB-GUJ-STD11_COM-COM-MATH_ADV-2026,DPS-GSEB-GUJ-STD11_COM-COM-MATH_ADV-26,10,25,25,20,20,20,40
2026-2027,DPS-GSEB-GUJ-STD11_COM-COM-APP_MATH-2026,DPS-GSEB-GUJ-STD11_COM-COM-APP_MATH-26,10,25,25,20,20,20,40
2026-2027,DPS-GSEB-GUJ-STD11_COM-COM-IP-2026,DPS-GSEB-GUJ-STD11_COM-COM-IP-26,10,25,25,20,20,20,40
2026-2027,DPS-GSEB-GUJ-STD11_COM-COM-ACC-2026,DPS-GSEB-GUJ-STD11_COM-COM-ACC-26,10,25,25,20,20,20,40
2026-2027,DPS-GSEB-GUJ-STD11_COM-COM-BST-2026,DPS-GSEB-GUJ-STD11_COM-COM-BST-26,10,25,25,20,20,20,40
2026-2027,DPS-GSEB-GUJ-STD11_COM-COM-ECO-2026,DPS-GSEB-GUJ-STD11_COM-COM-ECO-26,10,25,25,20,20,20,40
2026-2027,DPS-GSEB-GUJ-STD11_COM-COM-ENT-2026,DPS-GSEB-GUJ-STD11_COM-COM-ENT-26,10,25,25,20,20,20,40
2026-2027,DPS-GSEB-GUJ-STD11_ART-ART-ENG-2026,DPS-GSEB-GUJ-STD11_ART-ART-ENG-26,10,25,25,20,20,20,40
2026-2027,DPS-GSEB-GUJ-STD11_ART-ART-PE-2026,DPS-GSEB-GUJ-STD11_ART-ART-PE-26,10,25,25,20,20,20,40
2026-2027,DPS-GSEB-GUJ-STD11_ART-ART-APP_MATH-2026,DPS-GSEB-GUJ-STD11_ART-ART-APP_MATH-26,10,25,25,20,20,20,40
2026-2027,DPS-GSEB-GUJ-STD11_ART-ART-IP-2026,DPS-GSEB-GUJ-STD11_ART-ART-IP-26,10,25,25,20,20,20,40
2026-2027,DPS-GSEB-GUJ-STD11_ART-ART-HIS-2026,DPS-GSEB-GUJ-STD11_ART-ART-HIS-26,10,25,25,20,20,20,40
2026-2027,DPS-GSEB-GUJ-STD11_ART-ART-GEO-2026,DPS-GSEB-GUJ-STD11_ART-ART-GEO-26,10,25,25,20,20,20,40
2026-2027,DPS-GSEB-GUJ-STD11_ART-ART-POL-2026,DPS-GSEB-GUJ-STD11_ART-ART-POL-26,10,25,25,20,20,20,40
2026-2027,DPS-GSEB-GUJ-STD11_ART-ART-PSY-2026,DPS-GSEB-GUJ-STD11_ART-ART-PSY-26,10,25,25,20,20,20,40
2026-2027,DPS-GSEB-GUJ-STD11_ART-ART-SOC-2026,DPS-GSEB-GUJ-STD11_ART-ART-SOC-26,10,25,25,20,20,20,40
2026-2027,DPS-GSEB-GUJ-STD12_SCI-SCI-ENG-2026,DPS-GSEB-GUJ-STD12_SCI-SCI-ENG-26,10,25,25,20,20,20,40
2026-2027,DPS-GSEB-GUJ-STD12_SCI-SCI-PE-2026,DPS-GSEB-GUJ-STD12_SCI-SCI-PE-26,10,25,25,20,20,20,40
2026-2027,DPS-GSEB-GUJ-STD12_SCI-SCI-PHY-2026,DPS-GSEB-GUJ-STD12_SCI-SCI-PHY-26,10,25,25,20,20,20,40
2026-2027,DPS-GSEB-GUJ-STD12_SCI-SCI-CHE-2026,DPS-GSEB-GUJ-STD12_SCI-SCI-CHE-26,10,25,25,20,20,20,40
2026-2027,DPS-GSEB-GUJ-STD12_SCI-SCI-BIO-2026,DPS-GSEB-GUJ-STD12_SCI-SCI-BIO-26,10,25,25,20,20,20,40
2026-2027,DPS-GSEB-GUJ-STD12_SCI-SCI-MATH_ADV-2026,DPS-GSEB-GUJ-STD12_SCI-SCI-MATH_ADV-26,10,25,25,20,20,20,40
2026-2027,DPS-GSEB-GUJ-STD12_SCI-SCI-IP-2026,DPS-GSEB-GUJ-STD12_SCI-SCI-IP-26,10,25,25,20,20,20,40
2026-2027,DPS-GSEB-GUJ-STD12_COM-COM-ENG-2026,DPS-GSEB-GUJ-STD12_COM-COM-ENG-26,10,25,25,20,20,20,40
2026-2027,DPS-GSEB-GUJ-STD12_COM-COM-PE-2026,DPS-GSEB-GUJ-STD12_COM-COM-PE-26,10,25,25,20,20,20,40
2026-2027,DPS-GSEB-GUJ-STD12_COM-COM-MATH_ADV-2026,DPS-GSEB-GUJ-STD12_COM-COM-MATH_ADV-26,10,25,25,20,20,20,40
2026-2027,DPS-GSEB-GUJ-STD12_COM-COM-APP_MATH-2026,DPS-GSEB-GUJ-STD12_COM-COM-APP_MATH-26,10,25,25,20,20,20,40
2026-2027,DPS-GSEB-GUJ-STD12_COM-COM-IP-2026,DPS-GSEB-GUJ-STD12_COM-COM-IP-26,10,25,25,20,20,20,40
2026-2027,DPS-GSEB-GUJ-STD12_COM-COM-ACC-2026,DPS-GSEB-GUJ-STD12_COM-COM-ACC-26,10,25,25,20,20,20,40
2026-2027,DPS-GSEB-GUJ-STD12_COM-COM-BST-2026,DPS-GSEB-GUJ-STD12_COM-COM-BST-26,10,25,25,20,20,20,40
2026-2027,DPS-GSEB-GUJ-STD12_COM-COM-ECO-2026,DPS-GSEB-GUJ-STD12_COM-COM-ECO-26,10,25,25,20,20,20,40
2026-2027,DPS-GSEB-GUJ-STD12_COM-COM-ENT-2026,DPS-GSEB-GUJ-STD12_COM-COM-ENT-26,10,25,25,20,20,20,40
2026-2027,DPS-GSEB-GUJ-STD12_ART-ART-ENG-2026,DPS-GSEB-GUJ-STD12_ART-ART-ENG-26,10,25,25,20,20,20,40
2026-2027,DPS-GSEB-GUJ-STD12_ART-ART-PE-2026,DPS-GSEB-GUJ-STD12_ART-ART-PE-26,10,25,25,20,20,20,40
2026-2027,DPS-GSEB-GUJ-STD12_ART-ART-APP_MATH-2026,DPS-GSEB-GUJ-STD12_ART-ART-APP_MATH-26,10,25,25,20,20,20,40
2026-2027,DPS-GSEB-GUJ-STD12_ART-ART-IP-2026,DPS-GSEB-GUJ-STD12_ART-ART-IP-26,10,25,25,20,20,20,40
2026-2027,DPS-GSEB-GUJ-STD12_ART-ART-HIS-2026,DPS-GSEB-GUJ-STD12_ART-ART-HIS-26,10,25,25,20,20,20,40
2026-2027,DPS-GSEB-GUJ-STD12_ART-ART-GEO-2026,DPS-GSEB-GUJ-STD12_ART-ART-GEO-26,10,25,25,20,20,20,40
2026-2027,DPS-GSEB-GUJ-STD12_ART-ART-POL-2026,DPS-GSEB-GUJ-STD12_ART-ART-POL-26,10,25,25,20,20,20,40
2026-2027,DPS-GSEB-GUJ-STD12_ART-ART-PSY-2026,DPS-GSEB-GUJ-STD12_ART-ART-PSY-26,10,25,25,20,20,20,40
2026-2027,DPS-GSEB-GUJ-STD12_ART-ART-SOC-2026,DPS-GSEB-GUJ-STD12_ART-ART-SOC-26,10,25,25,20,20,20,40
2026-2027,DPS-GSEB-GUJ-ITI_ELEC-VOC_IND-ENG_DRAW-2026,DPS-GSEB-GUJ-ITI_ELEC-VOC_IND-ENG_DRAW-26,20,20,25,15,20,20,40
2026-2027,DPS-GSEB-GUJ-ITI_ELEC-VOC_IND-WORK_PRAC-2026,DPS-GSEB-GUJ-ITI_ELEC-VOC_IND-WORK_PRAC-26,20,20,25,15,20,20,40
2026-2027,DPS-GSEB-GUJ-ITI_ELEC-VOC_IND-ELEC_THEORY-2026,DPS-GSEB-GUJ-ITI_ELEC-VOC_IND-ELEC_THEORY-26,20,20,25,15,20,20,40
2026-2027,DPS-GSEB-GUJ-ITI_ELEC-VOC_IND-FIT_THEORY-2026,DPS-GSEB-GUJ-ITI_ELEC-VOC_IND-FIT_THEORY-26,20,20,25,15,20,20,40
2026-2027,DPS-GSEB-GUJ-ITI_FIT-VOC_IND-ENG_DRAW-2026,DPS-GSEB-GUJ-ITI_FIT-VOC_IND-ENG_DRAW-26,20,20,25,15,20,20,40
2026-2027,DPS-GSEB-GUJ-ITI_FIT-VOC_IND-WORK_PRAC-2026,DPS-GSEB-GUJ-ITI_FIT-VOC_IND-WORK_PRAC-26,20,20,25,15,20,20,40
2026-2027,DPS-GSEB-GUJ-ITI_FIT-VOC_IND-ELEC_THEORY-2026,DPS-GSEB-GUJ-ITI_FIT-VOC_IND-ELEC_THEORY-26,20,20,25,15,20,20,40
2026-2027,DPS-GSEB-GUJ-ITI_FIT-VOC_IND-FIT_THEORY-2026,DPS-GSEB-GUJ-ITI_FIT-VOC_IND-FIT_THEORY-26,20,20,25,15,20,20,40
2026-2027,DPS-GSEB-GUJ-POLY_ME_Y1-ENG-ENG_DRAW-2026,DPS-GSEB-GUJ-POLY_ME_Y1-ENG-ENG_DRAW-26,20,20,25,15,20,20,40
2026-2027,DPS-GSEB-GUJ-POLY_ME_Y1-ENG-WORK_PRAC-2026,DPS-GSEB-GUJ-POLY_ME_Y1-ENG-WORK_PRAC-26,20,20,25,15,20,20,40
2026-2027,DPS-GSEB-GUJ-POLY_ME_Y2-ENG-ENG_DRAW-2026,DPS-GSEB-GUJ-POLY_ME_Y2-ENG-ENG_DRAW-26,20,20,25,15,20,20,40
2026-2027,DPS-GSEB-GUJ-POLY_ME_Y2-ENG-WORK_PRAC-2026,DPS-GSEB-GUJ-POLY_ME_Y2-ENG-WORK_PRAC-26,20,20,25,15,20,20,40
2026-2027,DPS-GSEB-GUJ-POLY_ME_Y3-ENG-ENG_DRAW-2026,DPS-GSEB-GUJ-POLY_ME_Y3-ENG-ENG_DRAW-26,20,20,25,15,20,20,40
2026-2027,DPS-GSEB-GUJ-POLY_ME_Y3-ENG-WORK_PRAC-2026,DPS-GSEB-GUJ-POLY_ME_Y3-ENG-WORK_PRAC-26,20,20,25,15,20,20,40
2026-2027,DPS-GSEB-GUJ-POLY_CE_Y1-ENG-ENG_DRAW-2026,DPS-GSEB-GUJ-POLY_CE_Y1-ENG-ENG_DRAW-26,20,20,25,15,20,20,40
2026-2027,DPS-GSEB-GUJ-POLY_CE_Y1-ENG-WORK_PRAC-2026,DPS-GSEB-GUJ-POLY_CE_Y1-ENG-WORK_PRAC-26,20,20,25,15,20,20,40
2026-2027,DPS-GSEB-GUJ-POLY_CE_Y2-ENG-ENG_DRAW-2026,DPS-GSEB-GUJ-POLY_CE_Y2-ENG-ENG_DRAW-26,20,20,25,15,20,20,40
2026-2027,DPS-GSEB-GUJ-POLY_CE_Y2-ENG-WORK_PRAC-2026,DPS-GSEB-GUJ-POLY_CE_Y2-ENG-WORK_PRAC-26,20,20,25,15,20,20,40
2026-2027,DPS-GSEB-GUJ-POLY_CE_Y3-ENG-ENG_DRAW-2026,DPS-GSEB-GUJ-POLY_CE_Y3-ENG-ENG_DRAW-26,20,20,25,15,20,20,40
2026-2027,DPS-GSEB-GUJ-POLY_CE_Y3-ENG-WORK_PRAC-2026,DPS-GSEB-GUJ-POLY_CE_Y3-ENG-WORK_PRAC-26,20,20,25,15,20,20,40
2026-2027,DPS-GSEB-GUJ-NUR_GNM_Y1-NUR-NUR_FND-2026,DPS-GSEB-GUJ-NUR_GNM_Y1-NUR-NUR_FND-26,20,20,25,15,20,20,40
2026-2027,DPS-GSEB-GUJ-NUR_GNM_Y2-NUR-NUR_FND-2026,DPS-GSEB-GUJ-NUR_GNM_Y2-NUR-NUR_FND-26,20,20,25,15,20,20,40
2026-2027,DPS-GSEB-GUJ-UNI_UG_CSE_Y1-ENG-DSA-2026,DPS-GSEB-GUJ-UNI_UG_CSE_Y1-ENG-DSA-26,20,20,25,15,20,20,40
2026-2027,DPS-GSEB-GUJ-UNI_UG_CSE_Y1-ENG-DBMS-2026,DPS-GSEB-GUJ-UNI_UG_CSE_Y1-ENG-DBMS-26,20,20,25,15,20,20,40
2026-2027,DPS-GSEB-GUJ-UNI_UG_CSE_Y1-ENG-OS-2026,DPS-GSEB-GUJ-UNI_UG_CSE_Y1-ENG-OS-26,20,20,25,15,20,20,40
2026-2027,DPS-GSEB-GUJ-UNI_UG_CSE_Y1-ENG-CN-2026,DPS-GSEB-GUJ-UNI_UG_CSE_Y1-ENG-CN-26,20,20,25,15,20,20,40
2026-2027,DPS-GSEB-GUJ-UNI_UG_CSE_Y1-ENG-AI_ML-2026,DPS-GSEB-GUJ-UNI_UG_CSE_Y1-ENG-AI_ML-26,20,20,25,15,20,20,40
2026-2027,DPS-GSEB-GUJ-UNI_UG_CSE_Y1-ENG-SWE-2026,DPS-GSEB-GUJ-UNI_UG_CSE_Y1-ENG-SWE-26,20,20,25,15,20,20,40
2026-2027,DPS-GSEB-GUJ-UNI_UG_CSE_Y1-ENG-THERMO-2026,DPS-GSEB-GUJ-UNI_UG_CSE_Y1-ENG-THERMO-26,20,20,25,15,20,20,40
2026-2027,DPS-GSEB-GUJ-UNI_UG_CSE_Y1-ENG-CIRCUITS-2026,DPS-GSEB-GUJ-UNI_UG_CSE_Y1-ENG-CIRCUITS-26,20,20,25,15,20,20,40
2026-2027,DPS-GSEB-GUJ-UNI_UG_CSE_Y1-ENG-ANAT-2026,DPS-GSEB-GUJ-UNI_UG_CSE_Y1-ENG-ANAT-26,20,20,25,15,20,20,40
2026-2027,DPS-GSEB-GUJ-UNI_UG_CSE_Y1-ENG-PHYS-2026,DPS-GSEB-GUJ-UNI_UG_CSE_Y1-ENG-PHYS-26,20,20,25,15,20,20,40
2026-2027,DPS-GSEB-GUJ-UNI_UG_CSE_Y1-ENG-PHARM-2026,DPS-GSEB-GUJ-UNI_UG_CSE_Y1-ENG-PHARM-26,20,20,25,15,20,20,40
2026-2027,DPS-GSEB-GUJ-UNI_UG_CSE_Y1-ENG-PATH-2026,DPS-GSEB-GUJ-UNI_UG_CSE_Y1-ENG-PATH-26,20,20,25,15,20,20,40
2026-2027,DPS-GSEB-GUJ-UNI_UG_CSE_Y1-ENG-COM_MED-2026,DPS-GSEB-GUJ-UNI_UG_CSE_Y1-ENG-COM_MED-26,20,20,25,15,20,20,40
2026-2027,DPS-GSEB-GUJ-UNI_UG_CSE_Y1-ENG-LAW_CON-2026,DPS-GSEB-GUJ-UNI_UG_CSE_Y1-ENG-LAW_CON-26,20,20,25,15,20,20,40
2026-2027,DPS-GSEB-GUJ-UNI_UG_CSE_Y1-ENG-LAW_IPC-2026,DPS-GSEB-GUJ-UNI_UG_CSE_Y1-ENG-LAW_IPC-26,20,20,25,15,20,20,40
2026-2027,DPS-GSEB-GUJ-UNI_UG_CSE_Y1-ENG-LAW_CONTR-2026,DPS-GSEB-GUJ-UNI_UG_CSE_Y1-ENG-LAW_CONTR-26,20,20,25,15,20,20,40
2026-2027,DPS-GSEB-GUJ-UNI_UG_CSE_Y1-ENG-JURIS-2026,DPS-GSEB-GUJ-UNI_UG_CSE_Y1-ENG-JURIS-26,20,20,25,15,20,20,40
2026-2027,DPS-GSEB-GUJ-UNI_UG_CSE_Y1-ENG-CORP_ACC-2026,DPS-GSEB-GUJ-UNI_UG_CSE_Y1-ENG-CORP_ACC-26,20,20,25,15,20,20,40
2026-2027,DPS-GSEB-GUJ-UNI_UG_CSE_Y1-ENG-FIN_MGT-2026,DPS-GSEB-GUJ-UNI_UG_CSE_Y1-ENG-FIN_MGT-26,20,20,25,15,20,20,40
2026-2027,DPS-GSEB-GUJ-UNI_UG_CSE_Y1-ENG-MKT_MGT-2026,DPS-GSEB-GUJ-UNI_UG_CSE_Y1-ENG-MKT_MGT-26,20,20,25,15,20,20,40
2026-2027,DPS-GSEB-GUJ-UNI_UG_CSE_Y1-ENG-OB-2026,DPS-GSEB-GUJ-UNI_UG_CSE_Y1-ENG-OB-26,20,20,25,15,20,20,40
2026-2027,DPS-GSEB-GUJ-UNI_UG_CSE_Y1-ENG-UI_UX-2026,DPS-GSEB-GUJ-UNI_UG_CSE_Y1-ENG-UI_UX-26,20,20,25,15,20,20,40
2026-2027,DPS-GSEB-GUJ-UNI_UG_CSE_Y1-ENG-TYPO-2026,DPS-GSEB-GUJ-UNI_UG_CSE_Y1-ENG-TYPO-26,20,20,25,15,20,20,40
2026-2027,DPS-GSEB-GUJ-UNI_UG_CSE_Y1-ENG-ARCH_DSN-2026,DPS-GSEB-GUJ-UNI_UG_CSE_Y1-ENG-ARCH_DSN-26,20,20,25,15,20,20,40
2026-2027,DPS-GSEB-GUJ-UNI_UG_CSE_Y2-ENG-DSA-2026,DPS-GSEB-GUJ-UNI_UG_CSE_Y2-ENG-DSA-26,20,20,25,15,20,20,40
2026-2027,DPS-GSEB-GUJ-UNI_UG_CSE_Y2-ENG-DBMS-2026,DPS-GSEB-GUJ-UNI_UG_CSE_Y2-ENG-DBMS-26,20,20,25,15,20,20,40
2026-2027,DPS-GSEB-GUJ-UNI_UG_CSE_Y2-ENG-OS-2026,DPS-GSEB-GUJ-UNI_UG_CSE_Y2-ENG-OS-26,20,20,25,15,20,20,40
2026-2027,DPS-GSEB-GUJ-UNI_UG_CSE_Y2-ENG-CN-2026,DPS-GSEB-GUJ-UNI_UG_CSE_Y2-ENG-CN-26,20,20,25,15,20,20,40
2026-2027,DPS-GSEB-GUJ-UNI_UG_CSE_Y2-ENG-AI_ML-2026,DPS-GSEB-GUJ-UNI_UG_CSE_Y2-ENG-AI_ML-26,20,20,25,15,20,20,40
2026-2027,DPS-GSEB-GUJ-UNI_UG_CSE_Y2-ENG-SWE-2026,DPS-GSEB-GUJ-UNI_UG_CSE_Y2-ENG-SWE-26,20,20,25,15,20,20,40
2026-2027,DPS-GSEB-GUJ-UNI_UG_CSE_Y2-ENG-THERMO-2026,DPS-GSEB-GUJ-UNI_UG_CSE_Y2-ENG-THERMO-26,20,20,25,15,20,20,40
2026-2027,DPS-GSEB-GUJ-UNI_UG_CSE_Y2-ENG-CIRCUITS-2026,DPS-GSEB-GUJ-UNI_UG_CSE_Y2-ENG-CIRCUITS-26,20,20,25,15,20,20,40
2026-2027,DPS-GSEB-GUJ-UNI_UG_CSE_Y2-ENG-ANAT-2026,DPS-GSEB-GUJ-UNI_UG_CSE_Y2-ENG-ANAT-26,20,20,25,15,20,20,40
2026-2027,DPS-GSEB-GUJ-UNI_UG_CSE_Y2-ENG-PHYS-2026,DPS-GSEB-GUJ-UNI_UG_CSE_Y2-ENG-PHYS-26,20,20,25,15,20,20,40
2026-2027,DPS-GSEB-GUJ-UNI_UG_CSE_Y2-ENG-PHARM-2026,DPS-GSEB-GUJ-UNI_UG_CSE_Y2-ENG-PHARM-26,20,20,25,15,20,20,40
2026-2027,DPS-GSEB-GUJ-UNI_UG_CSE_Y2-ENG-PATH-2026,DPS-GSEB-GUJ-UNI_UG_CSE_Y2-ENG-PATH-26,20,20,25,15,20,20,40
2026-2027,DPS-GSEB-GUJ-UNI_UG_CSE_Y2-ENG-COM_MED-2026,DPS-GSEB-GUJ-UNI_UG_CSE_Y2-ENG-COM_MED-26,20,20,25,15,20,20,40
2026-2027,DPS-GSEB-GUJ-UNI_UG_CSE_Y2-ENG-LAW_CON-2026,DPS-GSEB-GUJ-UNI_UG_CSE_Y2-ENG-LAW_CON-26,20,20,25,15,20,20,40
2026-2027,DPS-GSEB-GUJ-UNI_UG_CSE_Y2-ENG-LAW_IPC-2026,DPS-GSEB-GUJ-UNI_UG_CSE_Y2-ENG-LAW_IPC-26,20,20,25,15,20,20,40
2026-2027,DPS-GSEB-GUJ-UNI_UG_CSE_Y2-ENG-LAW_CONTR-2026,DPS-GSEB-GUJ-UNI_UG_CSE_Y2-ENG-LAW_CONTR-26,20,20,25,15,20,20,40
2026-2027,DPS-GSEB-GUJ-UNI_UG_CSE_Y2-ENG-JURIS-2026,DPS-GSEB-GUJ-UNI_UG_CSE_Y2-ENG-JURIS-26,20,20,25,15,20,20,40
2026-2027,DPS-GSEB-GUJ-UNI_UG_CSE_Y2-ENG-CORP_ACC-2026,DPS-GSEB-GUJ-UNI_UG_CSE_Y2-ENG-CORP_ACC-26,20,20,25,15,20,20,40
2026-2027,DPS-GSEB-GUJ-UNI_UG_CSE_Y2-ENG-FIN_MGT-2026,DPS-GSEB-GUJ-UNI_UG_CSE_Y2-ENG-FIN_MGT-26,20,20,25,15,20,20,40
2026-2027,DPS-GSEB-GUJ-UNI_UG_CSE_Y2-ENG-MKT_MGT-2026,DPS-GSEB-GUJ-UNI_UG_CSE_Y2-ENG-MKT_MGT-26,20,20,25,15,20,20,40
2026-2027,DPS-GSEB-GUJ-UNI_UG_CSE_Y2-ENG-OB-2026,DPS-GSEB-GUJ-UNI_UG_CSE_Y2-ENG-OB-26,20,20,25,15,20,20,40
2026-2027,DPS-GSEB-GUJ-UNI_UG_CSE_Y2-ENG-UI_UX-2026,DPS-GSEB-GUJ-UNI_UG_CSE_Y2-ENG-UI_UX-26,20,20,25,15,20,20,40
2026-2027,DPS-GSEB-GUJ-UNI_UG_CSE_Y2-ENG-TYPO-2026,DPS-GSEB-GUJ-UNI_UG_CSE_Y2-ENG-TYPO-26,20,20,25,15,20,20,40
2026-2027,DPS-GSEB-GUJ-UNI_UG_CSE_Y2-ENG-ARCH_DSN-2026,DPS-GSEB-GUJ-UNI_UG_CSE_Y2-ENG-ARCH_DSN-26,20,20,25,15,20,20,40
2026-2027,DPS-GSEB-GUJ-UNI_UG_CSE_Y3-ENG-DSA-2026,DPS-GSEB-GUJ-UNI_UG_CSE_Y3-ENG-DSA-26,20,20,25,15,20,20,40
2026-2027,DPS-GSEB-GUJ-UNI_UG_CSE_Y3-ENG-DBMS-2026,DPS-GSEB-GUJ-UNI_UG_CSE_Y3-ENG-DBMS-26,20,20,25,15,20,20,40
2026-2027,DPS-GSEB-GUJ-UNI_UG_CSE_Y3-ENG-OS-2026,DPS-GSEB-GUJ-UNI_UG_CSE_Y3-ENG-OS-26,20,20,25,15,20,20,40
2026-2027,DPS-GSEB-GUJ-UNI_UG_CSE_Y3-ENG-CN-2026,DPS-GSEB-GUJ-UNI_UG_CSE_Y3-ENG-CN-26,20,20,25,15,20,20,40
2026-2027,DPS-GSEB-GUJ-UNI_UG_CSE_Y3-ENG-AI_ML-2026,DPS-GSEB-GUJ-UNI_UG_CSE_Y3-ENG-AI_ML-26,20,20,25,15,20,20,40
2026-2027,DPS-GSEB-GUJ-UNI_UG_CSE_Y3-ENG-SWE-2026,DPS-GSEB-GUJ-UNI_UG_CSE_Y3-ENG-SWE-26,20,20,25,15,20,20,40
2026-2027,DPS-GSEB-GUJ-UNI_UG_CSE_Y3-ENG-THERMO-2026,DPS-GSEB-GUJ-UNI_UG_CSE_Y3-ENG-THERMO-26,20,20,25,15,20,20,40
2026-2027,DPS-GSEB-GUJ-UNI_UG_CSE_Y3-ENG-CIRCUITS-2026,DPS-GSEB-GUJ-UNI_UG_CSE_Y3-ENG-CIRCUITS-26,20,20,25,15,20,20,40
2026-2027,DPS-GSEB-GUJ-UNI_UG_CSE_Y3-ENG-ANAT-2026,DPS-GSEB-GUJ-UNI_UG_CSE_Y3-ENG-ANAT-26,20,20,25,15,20,20,40
2026-2027,DPS-GSEB-GUJ-UNI_UG_CSE_Y3-ENG-PHYS-2026,DPS-GSEB-GUJ-UNI_UG_CSE_Y3-ENG-PHYS-26,20,20,25,15,20,20,40
2026-2027,DPS-GSEB-GUJ-UNI_UG_CSE_Y3-ENG-PHARM-2026,DPS-GSEB-GUJ-UNI_UG_CSE_Y3-ENG-PHARM-26,20,20,25,15,20,20,40
2026-2027,DPS-GSEB-GUJ-UNI_UG_CSE_Y3-ENG-PATH-2026,DPS-GSEB-GUJ-UNI_UG_CSE_Y3-ENG-PATH-26,20,20,25,15,20,20,40
2026-2027,DPS-GSEB-GUJ-UNI_UG_CSE_Y3-ENG-COM_MED-2026,DPS-GSEB-GUJ-UNI_UG_CSE_Y3-ENG-COM_MED-26,20,20,25,15,20,20,40
2026-2027,DPS-GSEB-GUJ-UNI_UG_CSE_Y3-ENG-LAW_CON-2026,DPS-GSEB-GUJ-UNI_UG_CSE_Y3-ENG-LAW_CON-26,20,20,25,15,20,20,40
2026-2027,DPS-GSEB-GUJ-UNI_UG_CSE_Y3-ENG-LAW_IPC-2026,DPS-GSEB-GUJ-UNI_UG_CSE_Y3-ENG-LAW_IPC-26,20,20,25,15,20,20,40
2026-2027,DPS-GSEB-GUJ-UNI_UG_CSE_Y3-ENG-LAW_CONTR-2026,DPS-GSEB-GUJ-UNI_UG_CSE_Y3-ENG-LAW_CONTR-26,20,20,25,15,20,20,40
2026-2027,DPS-GSEB-GUJ-UNI_UG_CSE_Y3-ENG-JURIS-2026,DPS-GSEB-GUJ-UNI_UG_CSE_Y3-ENG-JURIS-26,20,20,25,15,20,20,40
2026-2027,DPS-GSEB-GUJ-UNI_UG_CSE_Y3-ENG-CORP_ACC-2026,DPS-GSEB-GUJ-UNI_UG_CSE_Y3-ENG-CORP_ACC-26,20,20,25,15,20,20,40
2026-2027,DPS-GSEB-GUJ-UNI_UG_CSE_Y3-ENG-FIN_MGT-2026,DPS-GSEB-GUJ-UNI_UG_CSE_Y3-ENG-FIN_MGT-26,20,20,25,15,20,20,40
2026-2027,DPS-GSEB-GUJ-UNI_UG_CSE_Y3-ENG-MKT_MGT-2026,DPS-GSEB-GUJ-UNI_UG_CSE_Y3-ENG-MKT_MGT-26,20,20,25,15,20,20,40
2026-2027,DPS-GSEB-GUJ-UNI_UG_CSE_Y3-ENG-OB-2026,DPS-GSEB-GUJ-UNI_UG_CSE_Y3-ENG-OB-26,20,20,25,15,20,20,40
2026-2027,DPS-GSEB-GUJ-UNI_UG_CSE_Y3-ENG-UI_UX-2026,DPS-GSEB-GUJ-UNI_UG_CSE_Y3-ENG-UI_UX-26,20,20,25,15,20,20,40
2026-2027,DPS-GSEB-GUJ-UNI_UG_CSE_Y3-ENG-TYPO-2026,DPS-GSEB-GUJ-UNI_UG_CSE_Y3-ENG-TYPO-26,20,20,25,15,20,20,40
2026-2027,DPS-GSEB-GUJ-UNI_UG_CSE_Y3-ENG-ARCH_DSN-2026,DPS-GSEB-GUJ-UNI_UG_CSE_Y3-ENG-ARCH_DSN-26,20,20,25,15,20,20,40
2026-2027,DPS-GSEB-GUJ-UNI_UG_CSE_Y4-ENG-DSA-2026,DPS-GSEB-GUJ-UNI_UG_CSE_Y4-ENG-DSA-26,20,20,25,15,20,20,40
2026-2027,DPS-GSEB-GUJ-UNI_UG_CSE_Y4-ENG-DBMS-2026,DPS-GSEB-GUJ-UNI_UG_CSE_Y4-ENG-DBMS-26,20,20,25,15,20,20,40
2026-2027,DPS-GSEB-GUJ-UNI_UG_CSE_Y4-ENG-OS-2026,DPS-GSEB-GUJ-UNI_UG_CSE_Y4-ENG-OS-26,20,20,25,15,20,20,40
2026-2027,DPS-GSEB-GUJ-UNI_UG_CSE_Y4-ENG-CN-2026,DPS-GSEB-GUJ-UNI_UG_CSE_Y4-ENG-CN-26,20,20,25,15,20,20,40
2026-2027,DPS-GSEB-GUJ-UNI_UG_CSE_Y4-ENG-AI_ML-2026,DPS-GSEB-GUJ-UNI_UG_CSE_Y4-ENG-AI_ML-26,20,20,25,15,20,20,40
2026-2027,DPS-GSEB-GUJ-UNI_UG_CSE_Y4-ENG-SWE-2026,DPS-GSEB-GUJ-UNI_UG_CSE_Y4-ENG-SWE-26,20,20,25,15,20,20,40
2026-2027,DPS-GSEB-GUJ-UNI_UG_CSE_Y4-ENG-THERMO-2026,DPS-GSEB-GUJ-UNI_UG_CSE_Y4-ENG-THERMO-26,20,20,25,15,20,20,40
2026-2027,DPS-GSEB-GUJ-UNI_UG_CSE_Y4-ENG-CIRCUITS-2026,DPS-GSEB-GUJ-UNI_UG_CSE_Y4-ENG-CIRCUITS-26,20,20,25,15,20,20,40
2026-2027,DPS-GSEB-GUJ-UNI_UG_CSE_Y4-ENG-ANAT-2026,DPS-GSEB-GUJ-UNI_UG_CSE_Y4-ENG-ANAT-26,20,20,25,15,20,20,40
2026-2027,DPS-GSEB-GUJ-UNI_UG_CSE_Y4-ENG-PHYS-2026,DPS-GSEB-GUJ-UNI_UG_CSE_Y4-ENG-PHYS-26,20,20,25,15,20,20,40
2026-2027,DPS-GSEB-GUJ-UNI_UG_CSE_Y4-ENG-PHARM-2026,DPS-GSEB-GUJ-UNI_UG_CSE_Y4-ENG-PHARM-26,20,20,25,15,20,20,40
2026-2027,DPS-GSEB-GUJ-UNI_UG_CSE_Y4-ENG-PATH-2026,DPS-GSEB-GUJ-UNI_UG_CSE_Y4-ENG-PATH-26,20,20,25,15,20,20,40
2026-2027,DPS-GSEB-GUJ-UNI_UG_CSE_Y4-ENG-COM_MED-2026,DPS-GSEB-GUJ-UNI_UG_CSE_Y4-ENG-COM_MED-26,20,20,25,15,20,20,40
2026-2027,DPS-GSEB-GUJ-UNI_UG_CSE_Y4-ENG-LAW_CON-2026,DPS-GSEB-GUJ-UNI_UG_CSE_Y4-ENG-LAW_CON-26,20,20,25,15,20,20,40
2026-2027,DPS-GSEB-GUJ-UNI_UG_CSE_Y4-ENG-LAW_IPC-2026,DPS-GSEB-GUJ-UNI_UG_CSE_Y4-ENG-LAW_IPC-26,20,20,25,15,20,20,40
2026-2027,DPS-GSEB-GUJ-UNI_UG_CSE_Y4-ENG-LAW_CONTR-2026,DPS-GSEB-GUJ-UNI_UG_CSE_Y4-ENG-LAW_CONTR-26,20,20,25,15,20,20,40
2026-2027,DPS-GSEB-GUJ-UNI_UG_CSE_Y4-ENG-JURIS-2026,DPS-GSEB-GUJ-UNI_UG_CSE_Y4-ENG-JURIS-26,20,20,25,15,20,20,40
2026-2027,DPS-GSEB-GUJ-UNI_UG_CSE_Y4-ENG-CORP_ACC-2026,DPS-GSEB-GUJ-UNI_UG_CSE_Y4-ENG-CORP_ACC-26,20,20,25,15,20,20,40
2026-2027,DPS-GSEB-GUJ-UNI_UG_CSE_Y4-ENG-FIN_MGT-2026,DPS-GSEB-GUJ-UNI_UG_CSE_Y4-ENG-FIN_MGT-26,20,20,25,15,20,20,40
2026-2027,DPS-GSEB-GUJ-UNI_UG_CSE_Y4-ENG-MKT_MGT-2026,DPS-GSEB-GUJ-UNI_UG_CSE_Y4-ENG-MKT_MGT-26,20,20,25,15,20,20,40
2026-2027,DPS-GSEB-GUJ-UNI_UG_CSE_Y4-ENG-OB-2026,DPS-GSEB-GUJ-UNI_UG_CSE_Y4-ENG-OB-26,20,20,25,15,20,20,40
2026-2027,DPS-GSEB-GUJ-UNI_UG_CSE_Y4-ENG-UI_UX-2026,DPS-GSEB-GUJ-UNI_UG_CSE_Y4-ENG-UI_UX-26,20,20,25,15,20,20,40
2026-2027,DPS-GSEB-GUJ-UNI_UG_CSE_Y4-ENG-TYPO-2026,DPS-GSEB-GUJ-UNI_UG_CSE_Y4-ENG-TYPO-26,20,20,25,15,20,20,40
2026-2027,DPS-GSEB-GUJ-UNI_UG_CSE_Y4-ENG-ARCH_DSN-2026,DPS-GSEB-GUJ-UNI_UG_CSE_Y4-ENG-ARCH_DSN-26,20,20,25,15,20,20,40
2026-2027,DPS-GSEB-GUJ-UNI_UG_DS_Y1-SCI-DSA-2026,DPS-GSEB-GUJ-UNI_UG_DS_Y1-SCI-DSA-26,20,20,25,15,20,20,40
2026-2027,DPS-GSEB-GUJ-UNI_UG_DS_Y1-SCI-DBMS-2026,DPS-GSEB-GUJ-UNI_UG_DS_Y1-SCI-DBMS-26,20,20,25,15,20,20,40
2026-2027,DPS-GSEB-GUJ-UNI_UG_DS_Y1-SCI-OS-2026,DPS-GSEB-GUJ-UNI_UG_DS_Y1-SCI-OS-26,20,20,25,15,20,20,40
2026-2027,DPS-GSEB-GUJ-UNI_UG_DS_Y1-SCI-CN-2026,DPS-GSEB-GUJ-UNI_UG_DS_Y1-SCI-CN-26,20,20,25,15,20,20,40
2026-2027,DPS-GSEB-GUJ-UNI_UG_DS_Y1-SCI-AI_ML-2026,DPS-GSEB-GUJ-UNI_UG_DS_Y1-SCI-AI_ML-26,20,20,25,15,20,20,40
2026-2027,DPS-GSEB-GUJ-UNI_UG_DS_Y1-SCI-SWE-2026,DPS-GSEB-GUJ-UNI_UG_DS_Y1-SCI-SWE-26,20,20,25,15,20,20,40
2026-2027,DPS-GSEB-GUJ-UNI_UG_DS_Y1-SCI-THERMO-2026,DPS-GSEB-GUJ-UNI_UG_DS_Y1-SCI-THERMO-26,20,20,25,15,20,20,40
2026-2027,DPS-GSEB-GUJ-UNI_UG_DS_Y1-SCI-CIRCUITS-2026,DPS-GSEB-GUJ-UNI_UG_DS_Y1-SCI-CIRCUITS-26,20,20,25,15,20,20,40
2026-2027,DPS-GSEB-GUJ-UNI_UG_DS_Y1-SCI-ANAT-2026,DPS-GSEB-GUJ-UNI_UG_DS_Y1-SCI-ANAT-26,20,20,25,15,20,20,40
2026-2027,DPS-GSEB-GUJ-UNI_UG_DS_Y1-SCI-PHYS-2026,DPS-GSEB-GUJ-UNI_UG_DS_Y1-SCI-PHYS-26,20,20,25,15,20,20,40
2026-2027,DPS-GSEB-GUJ-UNI_UG_DS_Y1-SCI-PHARM-2026,DPS-GSEB-GUJ-UNI_UG_DS_Y1-SCI-PHARM-26,20,20,25,15,20,20,40
2026-2027,DPS-GSEB-GUJ-UNI_UG_DS_Y1-SCI-PATH-2026,DPS-GSEB-GUJ-UNI_UG_DS_Y1-SCI-PATH-26,20,20,25,15,20,20,40
2026-2027,DPS-GSEB-GUJ-UNI_UG_DS_Y1-SCI-COM_MED-2026,DPS-GSEB-GUJ-UNI_UG_DS_Y1-SCI-COM_MED-26,20,20,25,15,20,20,40
2026-2027,DPS-GSEB-GUJ-UNI_UG_DS_Y1-SCI-LAW_CON-2026,DPS-GSEB-GUJ-UNI_UG_DS_Y1-SCI-LAW_CON-26,20,20,25,15,20,20,40
2026-2027,DPS-GSEB-GUJ-UNI_UG_DS_Y1-SCI-LAW_IPC-2026,DPS-GSEB-GUJ-UNI_UG_DS_Y1-SCI-LAW_IPC-26,20,20,25,15,20,20,40
2026-2027,DPS-GSEB-GUJ-UNI_UG_DS_Y1-SCI-LAW_CONTR-2026,DPS-GSEB-GUJ-UNI_UG_DS_Y1-SCI-LAW_CONTR-26,20,20,25,15,20,20,40
2026-2027,DPS-GSEB-GUJ-UNI_UG_DS_Y1-SCI-JURIS-2026,DPS-GSEB-GUJ-UNI_UG_DS_Y1-SCI-JURIS-26,20,20,25,15,20,20,40
2026-2027,DPS-GSEB-GUJ-UNI_UG_DS_Y1-SCI-CORP_ACC-2026,DPS-GSEB-GUJ-UNI_UG_DS_Y1-SCI-CORP_ACC-26,20,20,25,15,20,20,40
2026-2027,DPS-GSEB-GUJ-UNI_UG_DS_Y1-SCI-FIN_MGT-2026,DPS-GSEB-GUJ-UNI_UG_DS_Y1-SCI-FIN_MGT-26,20,20,25,15,20,20,40
2026-2027,DPS-GSEB-GUJ-UNI_UG_DS_Y1-SCI-MKT_MGT-2026,DPS-GSEB-GUJ-UNI_UG_DS_Y1-SCI-MKT_MGT-26,20,20,25,15,20,20,40
2026-2027,DPS-GSEB-GUJ-UNI_UG_DS_Y1-SCI-OB-2026,DPS-GSEB-GUJ-UNI_UG_DS_Y1-SCI-OB-26,20,20,25,15,20,20,40
2026-2027,DPS-GSEB-GUJ-UNI_UG_DS_Y1-SCI-UI_UX-2026,DPS-GSEB-GUJ-UNI_UG_DS_Y1-SCI-UI_UX-26,20,20,25,15,20,20,40
2026-2027,DPS-GSEB-GUJ-UNI_UG_DS_Y1-SCI-TYPO-2026,DPS-GSEB-GUJ-UNI_UG_DS_Y1-SCI-TYPO-26,20,20,25,15,20,20,40
2026-2027,DPS-GSEB-GUJ-UNI_UG_DS_Y1-SCI-ARCH_DSN-2026,DPS-GSEB-GUJ-UNI_UG_DS_Y1-SCI-ARCH_DSN-26,20,20,25,15,20,20,40
2026-2027,DPS-GSEB-GUJ-UNI_UG_DS_Y2-SCI-DSA-2026,DPS-GSEB-GUJ-UNI_UG_DS_Y2-SCI-DSA-26,20,20,25,15,20,20,40
2026-2027,DPS-GSEB-GUJ-UNI_UG_DS_Y2-SCI-DBMS-2026,DPS-GSEB-GUJ-UNI_UG_DS_Y2-SCI-DBMS-26,20,20,25,15,20,20,40
2026-2027,DPS-GSEB-GUJ-UNI_UG_DS_Y2-SCI-OS-2026,DPS-GSEB-GUJ-UNI_UG_DS_Y2-SCI-OS-26,20,20,25,15,20,20,40
2026-2027,DPS-GSEB-GUJ-UNI_UG_DS_Y2-SCI-CN-2026,DPS-GSEB-GUJ-UNI_UG_DS_Y2-SCI-CN-26,20,20,25,15,20,20,40
2026-2027,DPS-GSEB-GUJ-UNI_UG_DS_Y2-SCI-AI_ML-2026,DPS-GSEB-GUJ-UNI_UG_DS_Y2-SCI-AI_ML-26,20,20,25,15,20,20,40
2026-2027,DPS-GSEB-GUJ-UNI_UG_DS_Y2-SCI-SWE-2026,DPS-GSEB-GUJ-UNI_UG_DS_Y2-SCI-SWE-26,20,20,25,15,20,20,40
2026-2027,DPS-GSEB-GUJ-UNI_UG_DS_Y2-SCI-THERMO-2026,DPS-GSEB-GUJ-UNI_UG_DS_Y2-SCI-THERMO-26,20,20,25,15,20,20,40
2026-2027,DPS-GSEB-GUJ-UNI_UG_DS_Y2-SCI-CIRCUITS-2026,DPS-GSEB-GUJ-UNI_UG_DS_Y2-SCI-CIRCUITS-26,20,20,25,15,20,20,40
2026-2027,DPS-GSEB-GUJ-UNI_UG_DS_Y2-SCI-ANAT-2026,DPS-GSEB-GUJ-UNI_UG_DS_Y2-SCI-ANAT-26,20,20,25,15,20,20,40
2026-2027,DPS-GSEB-GUJ-UNI_UG_DS_Y2-SCI-PHYS-2026,DPS-GSEB-GUJ-UNI_UG_DS_Y2-SCI-PHYS-26,20,20,25,15,20,20,40
2026-2027,DPS-GSEB-GUJ-UNI_UG_DS_Y2-SCI-PHARM-2026,DPS-GSEB-GUJ-UNI_UG_DS_Y2-SCI-PHARM-26,20,20,25,15,20,20,40
2026-2027,DPS-GSEB-GUJ-UNI_UG_DS_Y2-SCI-PATH-2026,DPS-GSEB-GUJ-UNI_UG_DS_Y2-SCI-PATH-26,20,20,25,15,20,20,40
2026-2027,DPS-GSEB-GUJ-UNI_UG_DS_Y2-SCI-COM_MED-2026,DPS-GSEB-GUJ-UNI_UG_DS_Y2-SCI-COM_MED-26,20,20,25,15,20,20,40
2026-2027,DPS-GSEB-GUJ-UNI_UG_DS_Y2-SCI-LAW_CON-2026,DPS-GSEB-GUJ-UNI_UG_DS_Y2-SCI-LAW_CON-26,20,20,25,15,20,20,40
2026-2027,DPS-GSEB-GUJ-UNI_UG_DS_Y2-SCI-LAW_IPC-2026,DPS-GSEB-GUJ-UNI_UG_DS_Y2-SCI-LAW_IPC-26,20,20,25,15,20,20,40
2026-2027,DPS-GSEB-GUJ-UNI_UG_DS_Y2-SCI-LAW_CONTR-2026,DPS-GSEB-GUJ-UNI_UG_DS_Y2-SCI-LAW_CONTR-26,20,20,25,15,20,20,40
2026-2027,DPS-GSEB-GUJ-UNI_UG_DS_Y2-SCI-JURIS-2026,DPS-GSEB-GUJ-UNI_UG_DS_Y2-SCI-JURIS-26,20,20,25,15,20,20,40
2026-2027,DPS-GSEB-GUJ-UNI_UG_DS_Y2-SCI-CORP_ACC-2026,DPS-GSEB-GUJ-UNI_UG_DS_Y2-SCI-CORP_ACC-26,20,20,25,15,20,20,40
2026-2027,DPS-GSEB-GUJ-UNI_UG_DS_Y2-SCI-FIN_MGT-2026,DPS-GSEB-GUJ-UNI_UG_DS_Y2-SCI-FIN_MGT-26,20,20,25,15,20,20,40
2026-2027,DPS-GSEB-GUJ-UNI_UG_DS_Y2-SCI-MKT_MGT-2026,DPS-GSEB-GUJ-UNI_UG_DS_Y2-SCI-MKT_MGT-26,20,20,25,15,20,20,40
2026-2027,DPS-GSEB-GUJ-UNI_UG_DS_Y2-SCI-OB-2026,DPS-GSEB-GUJ-UNI_UG_DS_Y2-SCI-OB-26,20,20,25,15,20,20,40
2026-2027,DPS-GSEB-GUJ-UNI_UG_DS_Y2-SCI-UI_UX-2026,DPS-GSEB-GUJ-UNI_UG_DS_Y2-SCI-UI_UX-26,20,20,25,15,20,20,40
2026-2027,DPS-GSEB-GUJ-UNI_UG_DS_Y2-SCI-TYPO-2026,DPS-GSEB-GUJ-UNI_UG_DS_Y2-SCI-TYPO-26,20,20,25,15,20,20,40
2026-2027,DPS-GSEB-GUJ-UNI_UG_DS_Y2-SCI-ARCH_DSN-2026,DPS-GSEB-GUJ-UNI_UG_DS_Y2-SCI-ARCH_DSN-26,20,20,25,15,20,20,40
2026-2027,DPS-GSEB-GUJ-UNI_UG_DS_Y3-SCI-DSA-2026,DPS-GSEB-GUJ-UNI_UG_DS_Y3-SCI-DSA-26,20,20,25,15,20,20,40
2026-2027,DPS-GSEB-GUJ-UNI_UG_DS_Y3-SCI-DBMS-2026,DPS-GSEB-GUJ-UNI_UG_DS_Y3-SCI-DBMS-26,20,20,25,15,20,20,40
2026-2027,DPS-GSEB-GUJ-UNI_UG_DS_Y3-SCI-OS-2026,DPS-GSEB-GUJ-UNI_UG_DS_Y3-SCI-OS-26,20,20,25,15,20,20,40
2026-2027,DPS-GSEB-GUJ-UNI_UG_DS_Y3-SCI-CN-2026,DPS-GSEB-GUJ-UNI_UG_DS_Y3-SCI-CN-26,20,20,25,15,20,20,40
2026-2027,DPS-GSEB-GUJ-UNI_UG_DS_Y3-SCI-AI_ML-2026,DPS-GSEB-GUJ-UNI_UG_DS_Y3-SCI-AI_ML-26,20,20,25,15,20,20,40
2026-2027,DPS-GSEB-GUJ-UNI_UG_DS_Y3-SCI-SWE-2026,DPS-GSEB-GUJ-UNI_UG_DS_Y3-SCI-SWE-26,20,20,25,15,20,20,40
2026-2027,DPS-GSEB-GUJ-UNI_UG_DS_Y3-SCI-THERMO-2026,DPS-GSEB-GUJ-UNI_UG_DS_Y3-SCI-THERMO-26,20,20,25,15,20,20,40
2026-2027,DPS-GSEB-GUJ-UNI_UG_DS_Y3-SCI-CIRCUITS-2026,DPS-GSEB-GUJ-UNI_UG_DS_Y3-SCI-CIRCUITS-26,20,20,25,15,20,20,40
2026-2027,DPS-GSEB-GUJ-UNI_UG_DS_Y3-SCI-ANAT-2026,DPS-GSEB-GUJ-UNI_UG_DS_Y3-SCI-ANAT-26,20,20,25,15,20,20,40
2026-2027,DPS-GSEB-GUJ-UNI_UG_DS_Y3-SCI-PHYS-2026,DPS-GSEB-GUJ-UNI_UG_DS_Y3-SCI-PHYS-26,20,20,25,15,20,20,40
2026-2027,DPS-GSEB-GUJ-UNI_UG_DS_Y3-SCI-PHARM-2026,DPS-GSEB-GUJ-UNI_UG_DS_Y3-SCI-PHARM-26,20,20,25,15,20,20,40
2026-2027,DPS-GSEB-GUJ-UNI_UG_DS_Y3-SCI-PATH-2026,DPS-GSEB-GUJ-UNI_UG_DS_Y3-SCI-PATH-26,20,20,25,15,20,20,40
2026-2027,DPS-GSEB-GUJ-UNI_UG_DS_Y3-SCI-COM_MED-2026,DPS-GSEB-GUJ-UNI_UG_DS_Y3-SCI-COM_MED-26,20,20,25,15,20,20,40
2026-2027,DPS-GSEB-GUJ-UNI_UG_DS_Y3-SCI-LAW_CON-2026,DPS-GSEB-GUJ-UNI_UG_DS_Y3-SCI-LAW_CON-26,20,20,25,15,20,20,40
2026-2027,DPS-GSEB-GUJ-UNI_UG_DS_Y3-SCI-LAW_IPC-2026,DPS-GSEB-GUJ-UNI_UG_DS_Y3-SCI-LAW_IPC-26,20,20,25,15,20,20,40
2026-2027,DPS-GSEB-GUJ-UNI_UG_DS_Y3-SCI-LAW_CONTR-2026,DPS-GSEB-GUJ-UNI_UG_DS_Y3-SCI-LAW_CONTR-26,20,20,25,15,20,20,40
2026-2027,DPS-GSEB-GUJ-UNI_UG_DS_Y3-SCI-JURIS-2026,DPS-GSEB-GUJ-UNI_UG_DS_Y3-SCI-JURIS-26,20,20,25,15,20,20,40
2026-2027,DPS-GSEB-GUJ-UNI_UG_DS_Y3-SCI-CORP_ACC-2026,DPS-GSEB-GUJ-UNI_UG_DS_Y3-SCI-CORP_ACC-26,20,20,25,15,20,20,40
2026-2027,DPS-GSEB-GUJ-UNI_UG_DS_Y3-SCI-FIN_MGT-2026,DPS-GSEB-GUJ-UNI_UG_DS_Y3-SCI-FIN_MGT-26,20,20,25,15,20,20,40
2026-2027,DPS-GSEB-GUJ-UNI_UG_DS_Y3-SCI-MKT_MGT-2026,DPS-GSEB-GUJ-UNI_UG_DS_Y3-SCI-MKT_MGT-26,20,20,25,15,20,20,40
2026-2027,DPS-GSEB-GUJ-UNI_UG_DS_Y3-SCI-OB-2026,DPS-GSEB-GUJ-UNI_UG_DS_Y3-SCI-OB-26,20,20,25,15,20,20,40
2026-2027,DPS-GSEB-GUJ-UNI_UG_DS_Y3-SCI-UI_UX-2026,DPS-GSEB-GUJ-UNI_UG_DS_Y3-SCI-UI_UX-26,20,20,25,15,20,20,40
2026-2027,DPS-GSEB-GUJ-UNI_UG_DS_Y3-SCI-TYPO-2026,DPS-GSEB-GUJ-UNI_UG_DS_Y3-SCI-TYPO-26,20,20,25,15,20,20,40
2026-2027,DPS-GSEB-GUJ-UNI_UG_DS_Y3-SCI-ARCH_DSN-2026,DPS-GSEB-GUJ-UNI_UG_DS_Y3-SCI-ARCH_DSN-26,20,20,25,15,20,20,40
2026-2027,DPS-GSEB-GUJ-UNI_UG_UX_Y1-DES-DSA-2026,DPS-GSEB-GUJ-UNI_UG_UX_Y1-DES-DSA-26,20,20,25,15,20,20,40
2026-2027,DPS-GSEB-GUJ-UNI_UG_UX_Y1-DES-DBMS-2026,DPS-GSEB-GUJ-UNI_UG_UX_Y1-DES-DBMS-26,20,20,25,15,20,20,40
2026-2027,DPS-GSEB-GUJ-UNI_UG_UX_Y1-DES-OS-2026,DPS-GSEB-GUJ-UNI_UG_UX_Y1-DES-OS-26,20,20,25,15,20,20,40
2026-2027,DPS-GSEB-GUJ-UNI_UG_UX_Y1-DES-CN-2026,DPS-GSEB-GUJ-UNI_UG_UX_Y1-DES-CN-26,20,20,25,15,20,20,40
2026-2027,DPS-GSEB-GUJ-UNI_UG_UX_Y1-DES-AI_ML-2026,DPS-GSEB-GUJ-UNI_UG_UX_Y1-DES-AI_ML-26,20,20,25,15,20,20,40
2026-2027,DPS-GSEB-GUJ-UNI_UG_UX_Y1-DES-SWE-2026,DPS-GSEB-GUJ-UNI_UG_UX_Y1-DES-SWE-26,20,20,25,15,20,20,40
2026-2027,DPS-GSEB-GUJ-UNI_UG_UX_Y1-DES-THERMO-2026,DPS-GSEB-GUJ-UNI_UG_UX_Y1-DES-THERMO-26,20,20,25,15,20,20,40
2026-2027,DPS-GSEB-GUJ-UNI_UG_UX_Y1-DES-CIRCUITS-2026,DPS-GSEB-GUJ-UNI_UG_UX_Y1-DES-CIRCUITS-26,20,20,25,15,20,20,40
2026-2027,DPS-GSEB-GUJ-UNI_UG_UX_Y1-DES-ANAT-2026,DPS-GSEB-GUJ-UNI_UG_UX_Y1-DES-ANAT-26,20,20,25,15,20,20,40
2026-2027,DPS-GSEB-GUJ-UNI_UG_UX_Y1-DES-PHYS-2026,DPS-GSEB-GUJ-UNI_UG_UX_Y1-DES-PHYS-26,20,20,25,15,20,20,40
2026-2027,DPS-GSEB-GUJ-UNI_UG_UX_Y1-DES-PHARM-2026,DPS-GSEB-GUJ-UNI_UG_UX_Y1-DES-PHARM-26,20,20,25,15,20,20,40
2026-2027,DPS-GSEB-GUJ-UNI_UG_UX_Y1-DES-PATH-2026,DPS-GSEB-GUJ-UNI_UG_UX_Y1-DES-PATH-26,20,20,25,15,20,20,40
2026-2027,DPS-GSEB-GUJ-UNI_UG_UX_Y1-DES-COM_MED-2026,DPS-GSEB-GUJ-UNI_UG_UX_Y1-DES-COM_MED-26,20,20,25,15,20,20,40
2026-2027,DPS-GSEB-GUJ-UNI_UG_UX_Y1-DES-LAW_CON-2026,DPS-GSEB-GUJ-UNI_UG_UX_Y1-DES-LAW_CON-26,20,20,25,15,20,20,40
2026-2027,DPS-GSEB-GUJ-UNI_UG_UX_Y1-DES-LAW_IPC-2026,DPS-GSEB-GUJ-UNI_UG_UX_Y1-DES-LAW_IPC-26,20,20,25,15,20,20,40
2026-2027,DPS-GSEB-GUJ-UNI_UG_UX_Y1-DES-LAW_CONTR-2026,DPS-GSEB-GUJ-UNI_UG_UX_Y1-DES-LAW_CONTR-26,20,20,25,15,20,20,40
2026-2027,DPS-GSEB-GUJ-UNI_UG_UX_Y1-DES-JURIS-2026,DPS-GSEB-GUJ-UNI_UG_UX_Y1-DES-JURIS-26,20,20,25,15,20,20,40
2026-2027,DPS-GSEB-GUJ-UNI_UG_UX_Y1-DES-CORP_ACC-2026,DPS-GSEB-GUJ-UNI_UG_UX_Y1-DES-CORP_ACC-26,20,20,25,15,20,20,40
2026-2027,DPS-GSEB-GUJ-UNI_UG_UX_Y1-DES-FIN_MGT-2026,DPS-GSEB-GUJ-UNI_UG_UX_Y1-DES-FIN_MGT-26,20,20,25,15,20,20,40
2026-2027,DPS-GSEB-GUJ-UNI_UG_UX_Y1-DES-MKT_MGT-2026,DPS-GSEB-GUJ-UNI_UG_UX_Y1-DES-MKT_MGT-26,20,20,25,15,20,20,40
2026-2027,DPS-GSEB-GUJ-UNI_UG_UX_Y1-DES-OB-2026,DPS-GSEB-GUJ-UNI_UG_UX_Y1-DES-OB-26,20,20,25,15,20,20,40
2026-2027,DPS-GSEB-GUJ-UNI_UG_UX_Y1-DES-UI_UX-2026,DPS-GSEB-GUJ-UNI_UG_UX_Y1-DES-UI_UX-26,20,20,25,15,20,20,40
2026-2027,DPS-GSEB-GUJ-UNI_UG_UX_Y1-DES-TYPO-2026,DPS-GSEB-GUJ-UNI_UG_UX_Y1-DES-TYPO-26,20,20,25,15,20,20,40
2026-2027,DPS-GSEB-GUJ-UNI_UG_UX_Y1-DES-ARCH_DSN-2026,DPS-GSEB-GUJ-UNI_UG_UX_Y1-DES-ARCH_DSN-26,20,20,25,15,20,20,40
2026-2027,DPS-GSEB-GUJ-UNI_UG_UX_Y2-DES-DSA-2026,DPS-GSEB-GUJ-UNI_UG_UX_Y2-DES-DSA-26,20,20,25,15,20,20,40
2026-2027,DPS-GSEB-GUJ-UNI_UG_UX_Y2-DES-DBMS-2026,DPS-GSEB-GUJ-UNI_UG_UX_Y2-DES-DBMS-26,20,20,25,15,20,20,40
2026-2027,DPS-GSEB-GUJ-UNI_UG_UX_Y2-DES-OS-2026,DPS-GSEB-GUJ-UNI_UG_UX_Y2-DES-OS-26,20,20,25,15,20,20,40
2026-2027,DPS-GSEB-GUJ-UNI_UG_UX_Y2-DES-CN-2026,DPS-GSEB-GUJ-UNI_UG_UX_Y2-DES-CN-26,20,20,25,15,20,20,40
2026-2027,DPS-GSEB-GUJ-UNI_UG_UX_Y2-DES-AI_ML-2026,DPS-GSEB-GUJ-UNI_UG_UX_Y2-DES-AI_ML-26,20,20,25,15,20,20,40
2026-2027,DPS-GSEB-GUJ-UNI_UG_UX_Y2-DES-SWE-2026,DPS-GSEB-GUJ-UNI_UG_UX_Y2-DES-SWE-26,20,20,25,15,20,20,40
2026-2027,DPS-GSEB-GUJ-UNI_UG_UX_Y2-DES-THERMO-2026,DPS-GSEB-GUJ-UNI_UG_UX_Y2-DES-THERMO-26,20,20,25,15,20,20,40
2026-2027,DPS-GSEB-GUJ-UNI_UG_UX_Y2-DES-CIRCUITS-2026,DPS-GSEB-GUJ-UNI_UG_UX_Y2-DES-CIRCUITS-26,20,20,25,15,20,20,40
2026-2027,DPS-GSEB-GUJ-UNI_UG_UX_Y2-DES-ANAT-2026,DPS-GSEB-GUJ-UNI_UG_UX_Y2-DES-ANAT-26,20,20,25,15,20,20,40
2026-2027,DPS-GSEB-GUJ-UNI_UG_UX_Y2-DES-PHYS-2026,DPS-GSEB-GUJ-UNI_UG_UX_Y2-DES-PHYS-26,20,20,25,15,20,20,40
2026-2027,DPS-GSEB-GUJ-UNI_UG_UX_Y2-DES-PHARM-2026,DPS-GSEB-GUJ-UNI_UG_UX_Y2-DES-PHARM-26,20,20,25,15,20,20,40
2026-2027,DPS-GSEB-GUJ-UNI_UG_UX_Y2-DES-PATH-2026,DPS-GSEB-GUJ-UNI_UG_UX_Y2-DES-PATH-26,20,20,25,15,20,20,40
2026-2027,DPS-GSEB-GUJ-UNI_UG_UX_Y2-DES-COM_MED-2026,DPS-GSEB-GUJ-UNI_UG_UX_Y2-DES-COM_MED-26,20,20,25,15,20,20,40
2026-2027,DPS-GSEB-GUJ-UNI_UG_UX_Y2-DES-LAW_CON-2026,DPS-GSEB-GUJ-UNI_UG_UX_Y2-DES-LAW_CON-26,20,20,25,15,20,20,40
2026-2027,DPS-GSEB-GUJ-UNI_UG_UX_Y2-DES-LAW_IPC-2026,DPS-GSEB-GUJ-UNI_UG_UX_Y2-DES-LAW_IPC-26,20,20,25,15,20,20,40
2026-2027,DPS-GSEB-GUJ-UNI_UG_UX_Y2-DES-LAW_CONTR-2026,DPS-GSEB-GUJ-UNI_UG_UX_Y2-DES-LAW_CONTR-26,20,20,25,15,20,20,40
2026-2027,DPS-GSEB-GUJ-UNI_UG_UX_Y2-DES-JURIS-2026,DPS-GSEB-GUJ-UNI_UG_UX_Y2-DES-JURIS-26,20,20,25,15,20,20,40
2026-2027,DPS-GSEB-GUJ-UNI_UG_UX_Y2-DES-CORP_ACC-2026,DPS-GSEB-GUJ-UNI_UG_UX_Y2-DES-CORP_ACC-26,20,20,25,15,20,20,40
2026-2027,DPS-GSEB-GUJ-UNI_UG_UX_Y2-DES-FIN_MGT-2026,DPS-GSEB-GUJ-UNI_UG_UX_Y2-DES-FIN_MGT-26,20,20,25,15,20,20,40
2026-2027,DPS-GSEB-GUJ-UNI_UG_UX_Y2-DES-MKT_MGT-2026,DPS-GSEB-GUJ-UNI_UG_UX_Y2-DES-MKT_MGT-26,20,20,25,15,20,20,40
2026-2027,DPS-GSEB-GUJ-UNI_UG_UX_Y2-DES-OB-2026,DPS-GSEB-GUJ-UNI_UG_UX_Y2-DES-OB-26,20,20,25,15,20,20,40
2026-2027,DPS-GSEB-GUJ-UNI_UG_UX_Y2-DES-UI_UX-2026,DPS-GSEB-GUJ-UNI_UG_UX_Y2-DES-UI_UX-26,20,20,25,15,20,20,40
2026-2027,DPS-GSEB-GUJ-UNI_UG_UX_Y2-DES-TYPO-2026,DPS-GSEB-GUJ-UNI_UG_UX_Y2-DES-TYPO-26,20,20,25,15,20,20,40
2026-2027,DPS-GSEB-GUJ-UNI_UG_UX_Y2-DES-ARCH_DSN-2026,DPS-GSEB-GUJ-UNI_UG_UX_Y2-DES-ARCH_DSN-26,20,20,25,15,20,20,40
2026-2027,DPS-GSEB-GUJ-UNI_UG_UX_Y3-DES-DSA-2026,DPS-GSEB-GUJ-UNI_UG_UX_Y3-DES-DSA-26,20,20,25,15,20,20,40
2026-2027,DPS-GSEB-GUJ-UNI_UG_UX_Y3-DES-DBMS-2026,DPS-GSEB-GUJ-UNI_UG_UX_Y3-DES-DBMS-26,20,20,25,15,20,20,40
2026-2027,DPS-GSEB-GUJ-UNI_UG_UX_Y3-DES-OS-2026,DPS-GSEB-GUJ-UNI_UG_UX_Y3-DES-OS-26,20,20,25,15,20,20,40
2026-2027,DPS-GSEB-GUJ-UNI_UG_UX_Y3-DES-CN-2026,DPS-GSEB-GUJ-UNI_UG_UX_Y3-DES-CN-26,20,20,25,15,20,20,40
2026-2027,DPS-GSEB-GUJ-UNI_UG_UX_Y3-DES-AI_ML-2026,DPS-GSEB-GUJ-UNI_UG_UX_Y3-DES-AI_ML-26,20,20,25,15,20,20,40
2026-2027,DPS-GSEB-GUJ-UNI_UG_UX_Y3-DES-SWE-2026,DPS-GSEB-GUJ-UNI_UG_UX_Y3-DES-SWE-26,20,20,25,15,20,20,40
2026-2027,DPS-GSEB-GUJ-UNI_UG_UX_Y3-DES-THERMO-2026,DPS-GSEB-GUJ-UNI_UG_UX_Y3-DES-THERMO-26,20,20,25,15,20,20,40
2026-2027,DPS-GSEB-GUJ-UNI_UG_UX_Y3-DES-CIRCUITS-2026,DPS-GSEB-GUJ-UNI_UG_UX_Y3-DES-CIRCUITS-26,20,20,25,15,20,20,40
2026-2027,DPS-GSEB-GUJ-UNI_UG_UX_Y3-DES-ANAT-2026,DPS-GSEB-GUJ-UNI_UG_UX_Y3-DES-ANAT-26,20,20,25,15,20,20,40
2026-2027,DPS-GSEB-GUJ-UNI_UG_UX_Y3-DES-PHYS-2026,DPS-GSEB-GUJ-UNI_UG_UX_Y3-DES-PHYS-26,20,20,25,15,20,20,40
2026-2027,DPS-GSEB-GUJ-UNI_UG_UX_Y3-DES-PHARM-2026,DPS-GSEB-GUJ-UNI_UG_UX_Y3-DES-PHARM-26,20,20,25,15,20,20,40
2026-2027,DPS-GSEB-GUJ-UNI_UG_UX_Y3-DES-PATH-2026,DPS-GSEB-GUJ-UNI_UG_UX_Y3-DES-PATH-26,20,20,25,15,20,20,40
2026-2027,DPS-GSEB-GUJ-UNI_UG_UX_Y3-DES-COM_MED-2026,DPS-GSEB-GUJ-UNI_UG_UX_Y3-DES-COM_MED-26,20,20,25,15,20,20,40
2026-2027,DPS-GSEB-GUJ-UNI_UG_UX_Y3-DES-LAW_CON-2026,DPS-GSEB-GUJ-UNI_UG_UX_Y3-DES-LAW_CON-26,20,20,25,15,20,20,40
2026-2027,DPS-GSEB-GUJ-UNI_UG_UX_Y3-DES-LAW_IPC-2026,DPS-GSEB-GUJ-UNI_UG_UX_Y3-DES-LAW_IPC-26,20,20,25,15,20,20,40
2026-2027,DPS-GSEB-GUJ-UNI_UG_UX_Y3-DES-LAW_CONTR-2026,DPS-GSEB-GUJ-UNI_UG_UX_Y3-DES-LAW_CONTR-26,20,20,25,15,20,20,40
2026-2027,DPS-GSEB-GUJ-UNI_UG_UX_Y3-DES-JURIS-2026,DPS-GSEB-GUJ-UNI_UG_UX_Y3-DES-JURIS-26,20,20,25,15,20,20,40
2026-2027,DPS-GSEB-GUJ-UNI_UG_UX_Y3-DES-CORP_ACC-2026,DPS-GSEB-GUJ-UNI_UG_UX_Y3-DES-CORP_ACC-26,20,20,25,15,20,20,40
2026-2027,DPS-GSEB-GUJ-UNI_UG_UX_Y3-DES-FIN_MGT-2026,DPS-GSEB-GUJ-UNI_UG_UX_Y3-DES-FIN_MGT-26,20,20,25,15,20,20,40
2026-2027,DPS-GSEB-GUJ-UNI_UG_UX_Y3-DES-MKT_MGT-2026,DPS-GSEB-GUJ-UNI_UG_UX_Y3-DES-MKT_MGT-26,20,20,25,15,20,20,40
2026-2027,DPS-GSEB-GUJ-UNI_UG_UX_Y3-DES-OB-2026,DPS-GSEB-GUJ-UNI_UG_UX_Y3-DES-OB-26,20,20,25,15,20,20,40
2026-2027,DPS-GSEB-GUJ-UNI_UG_UX_Y3-DES-UI_UX-2026,DPS-GSEB-GUJ-UNI_UG_UX_Y3-DES-UI_UX-26,20,20,25,15,20,20,40
2026-2027,DPS-GSEB-GUJ-UNI_UG_UX_Y3-DES-TYPO-2026,DPS-GSEB-GUJ-UNI_UG_UX_Y3-DES-TYPO-26,20,20,25,15,20,20,40
2026-2027,DPS-GSEB-GUJ-UNI_UG_UX_Y3-DES-ARCH_DSN-2026,DPS-GSEB-GUJ-UNI_UG_UX_Y3-DES-ARCH_DSN-26,20,20,25,15,20,20,40
2026-2027,DPS-GSEB-GUJ-UNI_UG_UX_Y4-DES-DSA-2026,DPS-GSEB-GUJ-UNI_UG_UX_Y4-DES-DSA-26,20,20,25,15,20,20,40
2026-2027,DPS-GSEB-GUJ-UNI_UG_UX_Y4-DES-DBMS-2026,DPS-GSEB-GUJ-UNI_UG_UX_Y4-DES-DBMS-26,20,20,25,15,20,20,40
2026-2027,DPS-GSEB-GUJ-UNI_UG_UX_Y4-DES-OS-2026,DPS-GSEB-GUJ-UNI_UG_UX_Y4-DES-OS-26,20,20,25,15,20,20,40
2026-2027,DPS-GSEB-GUJ-UNI_UG_UX_Y4-DES-CN-2026,DPS-GSEB-GUJ-UNI_UG_UX_Y4-DES-CN-26,20,20,25,15,20,20,40
2026-2027,DPS-GSEB-GUJ-UNI_UG_UX_Y4-DES-AI_ML-2026,DPS-GSEB-GUJ-UNI_UG_UX_Y4-DES-AI_ML-26,20,20,25,15,20,20,40
2026-2027,DPS-GSEB-GUJ-UNI_UG_UX_Y4-DES-SWE-2026,DPS-GSEB-GUJ-UNI_UG_UX_Y4-DES-SWE-26,20,20,25,15,20,20,40
2026-2027,DPS-GSEB-GUJ-UNI_UG_UX_Y4-DES-THERMO-2026,DPS-GSEB-GUJ-UNI_UG_UX_Y4-DES-THERMO-26,20,20,25,15,20,20,40
2026-2027,DPS-GSEB-GUJ-UNI_UG_UX_Y4-DES-CIRCUITS-2026,DPS-GSEB-GUJ-UNI_UG_UX_Y4-DES-CIRCUITS-26,20,20,25,15,20,20,40
2026-2027,DPS-GSEB-GUJ-UNI_UG_UX_Y4-DES-ANAT-2026,DPS-GSEB-GUJ-UNI_UG_UX_Y4-DES-ANAT-26,20,20,25,15,20,20,40
2026-2027,DPS-GSEB-GUJ-UNI_UG_UX_Y4-DES-PHYS-2026,DPS-GSEB-GUJ-UNI_UG_UX_Y4-DES-PHYS-26,20,20,25,15,20,20,40
2026-2027,DPS-GSEB-GUJ-UNI_UG_UX_Y4-DES-PHARM-2026,DPS-GSEB-GUJ-UNI_UG_UX_Y4-DES-PHARM-26,20,20,25,15,20,20,40
2026-2027,DPS-GSEB-GUJ-UNI_UG_UX_Y4-DES-PATH-2026,DPS-GSEB-GUJ-UNI_UG_UX_Y4-DES-PATH-26,20,20,25,15,20,20,40
2026-2027,DPS-GSEB-GUJ-UNI_UG_UX_Y4-DES-COM_MED-2026,DPS-GSEB-GUJ-UNI_UG_UX_Y4-DES-COM_MED-26,20,20,25,15,20,20,40
2026-2027,DPS-GSEB-GUJ-UNI_UG_UX_Y4-DES-LAW_CON-2026,DPS-GSEB-GUJ-UNI_UG_UX_Y4-DES-LAW_CON-26,20,20,25,15,20,20,40
2026-2027,DPS-GSEB-GUJ-UNI_UG_UX_Y4-DES-LAW_IPC-2026,DPS-GSEB-GUJ-UNI_UG_UX_Y4-DES-LAW_IPC-26,20,20,25,15,20,20,40
2026-2027,DPS-GSEB-GUJ-UNI_UG_UX_Y4-DES-LAW_CONTR-2026,DPS-GSEB-GUJ-UNI_UG_UX_Y4-DES-LAW_CONTR-26,20,20,25,15,20,20,40
2026-2027,DPS-GSEB-GUJ-UNI_UG_UX_Y4-DES-JURIS-2026,DPS-GSEB-GUJ-UNI_UG_UX_Y4-DES-JURIS-26,20,20,25,15,20,20,40
2026-2027,DPS-GSEB-GUJ-UNI_UG_UX_Y4-DES-CORP_ACC-2026,DPS-GSEB-GUJ-UNI_UG_UX_Y4-DES-CORP_ACC-26,20,20,25,15,20,20,40
2026-2027,DPS-GSEB-GUJ-UNI_UG_UX_Y4-DES-FIN_MGT-2026,DPS-GSEB-GUJ-UNI_UG_UX_Y4-DES-FIN_MGT-26,20,20,25,15,20,20,40
2026-2027,DPS-GSEB-GUJ-UNI_UG_UX_Y4-DES-MKT_MGT-2026,DPS-GSEB-GUJ-UNI_UG_UX_Y4-DES-MKT_MGT-26,20,20,25,15,20,20,40
2026-2027,DPS-GSEB-GUJ-UNI_UG_UX_Y4-DES-OB-2026,DPS-GSEB-GUJ-UNI_UG_UX_Y4-DES-OB-26,20,20,25,15,20,20,40
2026-2027,DPS-GSEB-GUJ-UNI_UG_UX_Y4-DES-UI_UX-2026,DPS-GSEB-GUJ-UNI_UG_UX_Y4-DES-UI_UX-26,20,20,25,15,20,20,40
2026-2027,DPS-GSEB-GUJ-UNI_UG_UX_Y4-DES-TYPO-2026,DPS-GSEB-GUJ-UNI_UG_UX_Y4-DES-TYPO-26,20,20,25,15,20,20,40
2026-2027,DPS-GSEB-GUJ-UNI_UG_UX_Y4-DES-ARCH_DSN-2026,DPS-GSEB-GUJ-UNI_UG_UX_Y4-DES-ARCH_DSN-26,20,20,25,15,20,20,40
2026-2027,DPS-GSEB-GUJ-UNI_UG_LAW_Y1-LAW-DSA-2026,DPS-GSEB-GUJ-UNI_UG_LAW_Y1-LAW-DSA-26,20,20,25,15,20,20,40
2026-2027,DPS-GSEB-GUJ-UNI_UG_LAW_Y1-LAW-DBMS-2026,DPS-GSEB-GUJ-UNI_UG_LAW_Y1-LAW-DBMS-26,20,20,25,15,20,20,40
2026-2027,DPS-GSEB-GUJ-UNI_UG_LAW_Y1-LAW-OS-2026,DPS-GSEB-GUJ-UNI_UG_LAW_Y1-LAW-OS-26,20,20,25,15,20,20,40
2026-2027,DPS-GSEB-GUJ-UNI_UG_LAW_Y1-LAW-CN-2026,DPS-GSEB-GUJ-UNI_UG_LAW_Y1-LAW-CN-26,20,20,25,15,20,20,40
2026-2027,DPS-GSEB-GUJ-UNI_UG_LAW_Y1-LAW-AI_ML-2026,DPS-GSEB-GUJ-UNI_UG_LAW_Y1-LAW-AI_ML-26,20,20,25,15,20,20,40
2026-2027,DPS-GSEB-GUJ-UNI_UG_LAW_Y1-LAW-SWE-2026,DPS-GSEB-GUJ-UNI_UG_LAW_Y1-LAW-SWE-26,20,20,25,15,20,20,40
2026-2027,DPS-GSEB-GUJ-UNI_UG_LAW_Y1-LAW-THERMO-2026,DPS-GSEB-GUJ-UNI_UG_LAW_Y1-LAW-THERMO-26,20,20,25,15,20,20,40
2026-2027,DPS-GSEB-GUJ-UNI_UG_LAW_Y1-LAW-CIRCUITS-2026,DPS-GSEB-GUJ-UNI_UG_LAW_Y1-LAW-CIRCUITS-26,20,20,25,15,20,20,40
2026-2027,DPS-GSEB-GUJ-UNI_UG_LAW_Y1-LAW-ANAT-2026,DPS-GSEB-GUJ-UNI_UG_LAW_Y1-LAW-ANAT-26,20,20,25,15,20,20,40
2026-2027,DPS-GSEB-GUJ-UNI_UG_LAW_Y1-LAW-PHYS-2026,DPS-GSEB-GUJ-UNI_UG_LAW_Y1-LAW-PHYS-26,20,20,25,15,20,20,40
2026-2027,DPS-GSEB-GUJ-UNI_UG_LAW_Y1-LAW-PHARM-2026,DPS-GSEB-GUJ-UNI_UG_LAW_Y1-LAW-PHARM-26,20,20,25,15,20,20,40
2026-2027,DPS-GSEB-GUJ-UNI_UG_LAW_Y1-LAW-PATH-2026,DPS-GSEB-GUJ-UNI_UG_LAW_Y1-LAW-PATH-26,20,20,25,15,20,20,40
2026-2027,DPS-GSEB-GUJ-UNI_UG_LAW_Y1-LAW-COM_MED-2026,DPS-GSEB-GUJ-UNI_UG_LAW_Y1-LAW-COM_MED-26,20,20,25,15,20,20,40
2026-2027,DPS-GSEB-GUJ-UNI_UG_LAW_Y1-LAW-LAW_CON-2026,DPS-GSEB-GUJ-UNI_UG_LAW_Y1-LAW-LAW_CON-26,20,20,25,15,20,20,40
2026-2027,DPS-GSEB-GUJ-UNI_UG_LAW_Y1-LAW-LAW_IPC-2026,DPS-GSEB-GUJ-UNI_UG_LAW_Y1-LAW-LAW_IPC-26,20,20,25,15,20,20,40
2026-2027,DPS-GSEB-GUJ-UNI_UG_LAW_Y1-LAW-LAW_CONTR-2026,DPS-GSEB-GUJ-UNI_UG_LAW_Y1-LAW-LAW_CONTR-26,20,20,25,15,20,20,40
2026-2027,DPS-GSEB-GUJ-UNI_UG_LAW_Y1-LAW-JURIS-2026,DPS-GSEB-GUJ-UNI_UG_LAW_Y1-LAW-JURIS-26,20,20,25,15,20,20,40
2026-2027,DPS-GSEB-GUJ-UNI_UG_LAW_Y1-LAW-CORP_ACC-2026,DPS-GSEB-GUJ-UNI_UG_LAW_Y1-LAW-CORP_ACC-26,20,20,25,15,20,20,40
2026-2027,DPS-GSEB-GUJ-UNI_UG_LAW_Y1-LAW-FIN_MGT-2026,DPS-GSEB-GUJ-UNI_UG_LAW_Y1-LAW-FIN_MGT-26,20,20,25,15,20,20,40
2026-2027,DPS-GSEB-GUJ-UNI_UG_LAW_Y1-LAW-MKT_MGT-2026,DPS-GSEB-GUJ-UNI_UG_LAW_Y1-LAW-MKT_MGT-26,20,20,25,15,20,20,40
2026-2027,DPS-GSEB-GUJ-UNI_UG_LAW_Y1-LAW-OB-2026,DPS-GSEB-GUJ-UNI_UG_LAW_Y1-LAW-OB-26,20,20,25,15,20,20,40
2026-2027,DPS-GSEB-GUJ-UNI_UG_LAW_Y1-LAW-UI_UX-2026,DPS-GSEB-GUJ-UNI_UG_LAW_Y1-LAW-UI_UX-26,20,20,25,15,20,20,40
2026-2027,DPS-GSEB-GUJ-UNI_UG_LAW_Y1-LAW-TYPO-2026,DPS-GSEB-GUJ-UNI_UG_LAW_Y1-LAW-TYPO-26,20,20,25,15,20,20,40
2026-2027,DPS-GSEB-GUJ-UNI_UG_LAW_Y1-LAW-ARCH_DSN-2026,DPS-GSEB-GUJ-UNI_UG_LAW_Y1-LAW-ARCH_DSN-26,20,20,25,15,20,20,40
2026-2027,DPS-GSEB-GUJ-UNI_UG_LAW_Y5-LAW-DSA-2026,DPS-GSEB-GUJ-UNI_UG_LAW_Y5-LAW-DSA-26,20,20,25,15,20,20,40
2026-2027,DPS-GSEB-GUJ-UNI_UG_LAW_Y5-LAW-DBMS-2026,DPS-GSEB-GUJ-UNI_UG_LAW_Y5-LAW-DBMS-26,20,20,25,15,20,20,40
2026-2027,DPS-GSEB-GUJ-UNI_UG_LAW_Y5-LAW-OS-2026,DPS-GSEB-GUJ-UNI_UG_LAW_Y5-LAW-OS-26,20,20,25,15,20,20,40
2026-2027,DPS-GSEB-GUJ-UNI_UG_LAW_Y5-LAW-CN-2026,DPS-GSEB-GUJ-UNI_UG_LAW_Y5-LAW-CN-26,20,20,25,15,20,20,40
2026-2027,DPS-GSEB-GUJ-UNI_UG_LAW_Y5-LAW-AI_ML-2026,DPS-GSEB-GUJ-UNI_UG_LAW_Y5-LAW-AI_ML-26,20,20,25,15,20,20,40
2026-2027,DPS-GSEB-GUJ-UNI_UG_LAW_Y5-LAW-SWE-2026,DPS-GSEB-GUJ-UNI_UG_LAW_Y5-LAW-SWE-26,20,20,25,15,20,20,40
2026-2027,DPS-GSEB-GUJ-UNI_UG_LAW_Y5-LAW-THERMO-2026,DPS-GSEB-GUJ-UNI_UG_LAW_Y5-LAW-THERMO-26,20,20,25,15,20,20,40
2026-2027,DPS-GSEB-GUJ-UNI_UG_LAW_Y5-LAW-CIRCUITS-2026,DPS-GSEB-GUJ-UNI_UG_LAW_Y5-LAW-CIRCUITS-26,20,20,25,15,20,20,40
2026-2027,DPS-GSEB-GUJ-UNI_UG_LAW_Y5-LAW-ANAT-2026,DPS-GSEB-GUJ-UNI_UG_LAW_Y5-LAW-ANAT-26,20,20,25,15,20,20,40
2026-2027,DPS-GSEB-GUJ-UNI_UG_LAW_Y5-LAW-PHYS-2026,DPS-GSEB-GUJ-UNI_UG_LAW_Y5-LAW-PHYS-26,20,20,25,15,20,20,40
2026-2027,DPS-GSEB-GUJ-UNI_UG_LAW_Y5-LAW-PHARM-2026,DPS-GSEB-GUJ-UNI_UG_LAW_Y5-LAW-PHARM-26,20,20,25,15,20,20,40
2026-2027,DPS-GSEB-GUJ-UNI_UG_LAW_Y5-LAW-PATH-2026,DPS-GSEB-GUJ-UNI_UG_LAW_Y5-LAW-PATH-26,20,20,25,15,20,20,40
2026-2027,DPS-GSEB-GUJ-UNI_UG_LAW_Y5-LAW-COM_MED-2026,DPS-GSEB-GUJ-UNI_UG_LAW_Y5-LAW-COM_MED-26,20,20,25,15,20,20,40
2026-2027,DPS-GSEB-GUJ-UNI_UG_LAW_Y5-LAW-LAW_CON-2026,DPS-GSEB-GUJ-UNI_UG_LAW_Y5-LAW-LAW_CON-26,20,20,25,15,20,20,40
2026-2027,DPS-GSEB-GUJ-UNI_UG_LAW_Y5-LAW-LAW_IPC-2026,DPS-GSEB-GUJ-UNI_UG_LAW_Y5-LAW-LAW_IPC-26,20,20,25,15,20,20,40
2026-2027,DPS-GSEB-GUJ-UNI_UG_LAW_Y5-LAW-LAW_CONTR-2026,DPS-GSEB-GUJ-UNI_UG_LAW_Y5-LAW-LAW_CONTR-26,20,20,25,15,20,20,40
2026-2027,DPS-GSEB-GUJ-UNI_UG_LAW_Y5-LAW-JURIS-2026,DPS-GSEB-GUJ-UNI_UG_LAW_Y5-LAW-JURIS-26,20,20,25,15,20,20,40
2026-2027,DPS-GSEB-GUJ-UNI_UG_LAW_Y5-LAW-CORP_ACC-2026,DPS-GSEB-GUJ-UNI_UG_LAW_Y5-LAW-CORP_ACC-26,20,20,25,15,20,20,40
2026-2027,DPS-GSEB-GUJ-UNI_UG_LAW_Y5-LAW-FIN_MGT-2026,DPS-GSEB-GUJ-UNI_UG_LAW_Y5-LAW-FIN_MGT-26,20,20,25,15,20,20,40
2026-2027,DPS-GSEB-GUJ-UNI_UG_LAW_Y5-LAW-MKT_MGT-2026,DPS-GSEB-GUJ-UNI_UG_LAW_Y5-LAW-MKT_MGT-26,20,20,25,15,20,20,40
2026-2027,DPS-GSEB-GUJ-UNI_UG_LAW_Y5-LAW-OB-2026,DPS-GSEB-GUJ-UNI_UG_LAW_Y5-LAW-OB-26,20,20,25,15,20,20,40
2026-2027,DPS-GSEB-GUJ-UNI_UG_LAW_Y5-LAW-UI_UX-2026,DPS-GSEB-GUJ-UNI_UG_LAW_Y5-LAW-UI_UX-26,20,20,25,15,20,20,40
2026-2027,DPS-GSEB-GUJ-UNI_UG_LAW_Y5-LAW-TYPO-2026,DPS-GSEB-GUJ-UNI_UG_LAW_Y5-LAW-TYPO-26,20,20,25,15,20,20,40
2026-2027,DPS-GSEB-GUJ-UNI_UG_LAW_Y5-LAW-ARCH_DSN-2026,DPS-GSEB-GUJ-UNI_UG_LAW_Y5-LAW-ARCH_DSN-26,20,20,25,15,20,20,40
2026-2027,DPS-GSEB-GUJ-UNI_UG_MED_Y1-MED-DSA-2026,DPS-GSEB-GUJ-UNI_UG_MED_Y1-MED-DSA-26,20,20,25,15,20,20,40
2026-2027,DPS-GSEB-GUJ-UNI_UG_MED_Y1-MED-DBMS-2026,DPS-GSEB-GUJ-UNI_UG_MED_Y1-MED-DBMS-26,20,20,25,15,20,20,40
2026-2027,DPS-GSEB-GUJ-UNI_UG_MED_Y1-MED-OS-2026,DPS-GSEB-GUJ-UNI_UG_MED_Y1-MED-OS-26,20,20,25,15,20,20,40
2026-2027,DPS-GSEB-GUJ-UNI_UG_MED_Y1-MED-CN-2026,DPS-GSEB-GUJ-UNI_UG_MED_Y1-MED-CN-26,20,20,25,15,20,20,40
2026-2027,DPS-GSEB-GUJ-UNI_UG_MED_Y1-MED-AI_ML-2026,DPS-GSEB-GUJ-UNI_UG_MED_Y1-MED-AI_ML-26,20,20,25,15,20,20,40
2026-2027,DPS-GSEB-GUJ-UNI_UG_MED_Y1-MED-SWE-2026,DPS-GSEB-GUJ-UNI_UG_MED_Y1-MED-SWE-26,20,20,25,15,20,20,40
2026-2027,DPS-GSEB-GUJ-UNI_UG_MED_Y1-MED-THERMO-2026,DPS-GSEB-GUJ-UNI_UG_MED_Y1-MED-THERMO-26,20,20,25,15,20,20,40
2026-2027,DPS-GSEB-GUJ-UNI_UG_MED_Y1-MED-CIRCUITS-2026,DPS-GSEB-GUJ-UNI_UG_MED_Y1-MED-CIRCUITS-26,20,20,25,15,20,20,40
2026-2027,DPS-GSEB-GUJ-UNI_UG_MED_Y1-MED-ANAT-2026,DPS-GSEB-GUJ-UNI_UG_MED_Y1-MED-ANAT-26,20,20,25,15,20,20,40
2026-2027,DPS-GSEB-GUJ-UNI_UG_MED_Y1-MED-PHYS-2026,DPS-GSEB-GUJ-UNI_UG_MED_Y1-MED-PHYS-26,20,20,25,15,20,20,40
2026-2027,DPS-GSEB-GUJ-UNI_UG_MED_Y1-MED-PHARM-2026,DPS-GSEB-GUJ-UNI_UG_MED_Y1-MED-PHARM-26,20,20,25,15,20,20,40
2026-2027,DPS-GSEB-GUJ-UNI_UG_MED_Y1-MED-PATH-2026,DPS-GSEB-GUJ-UNI_UG_MED_Y1-MED-PATH-26,20,20,25,15,20,20,40
2026-2027,DPS-GSEB-GUJ-UNI_UG_MED_Y1-MED-COM_MED-2026,DPS-GSEB-GUJ-UNI_UG_MED_Y1-MED-COM_MED-26,20,20,25,15,20,20,40
2026-2027,DPS-GSEB-GUJ-UNI_UG_MED_Y1-MED-LAW_CON-2026,DPS-GSEB-GUJ-UNI_UG_MED_Y1-MED-LAW_CON-26,20,20,25,15,20,20,40
2026-2027,DPS-GSEB-GUJ-UNI_UG_MED_Y1-MED-LAW_IPC-2026,DPS-GSEB-GUJ-UNI_UG_MED_Y1-MED-LAW_IPC-26,20,20,25,15,20,20,40
2026-2027,DPS-GSEB-GUJ-UNI_UG_MED_Y1-MED-LAW_CONTR-2026,DPS-GSEB-GUJ-UNI_UG_MED_Y1-MED-LAW_CONTR-26,20,20,25,15,20,20,40
2026-2027,DPS-GSEB-GUJ-UNI_UG_MED_Y1-MED-JURIS-2026,DPS-GSEB-GUJ-UNI_UG_MED_Y1-MED-JURIS-26,20,20,25,15,20,20,40
2026-2027,DPS-GSEB-GUJ-UNI_UG_MED_Y1-MED-CORP_ACC-2026,DPS-GSEB-GUJ-UNI_UG_MED_Y1-MED-CORP_ACC-26,20,20,25,15,20,20,40
2026-2027,DPS-GSEB-GUJ-UNI_UG_MED_Y1-MED-FIN_MGT-2026,DPS-GSEB-GUJ-UNI_UG_MED_Y1-MED-FIN_MGT-26,20,20,25,15,20,20,40
2026-2027,DPS-GSEB-GUJ-UNI_UG_MED_Y1-MED-MKT_MGT-2026,DPS-GSEB-GUJ-UNI_UG_MED_Y1-MED-MKT_MGT-26,20,20,25,15,20,20,40
2026-2027,DPS-GSEB-GUJ-UNI_UG_MED_Y1-MED-OB-2026,DPS-GSEB-GUJ-UNI_UG_MED_Y1-MED-OB-26,20,20,25,15,20,20,40
2026-2027,DPS-GSEB-GUJ-UNI_UG_MED_Y1-MED-UI_UX-2026,DPS-GSEB-GUJ-UNI_UG_MED_Y1-MED-UI_UX-26,20,20,25,15,20,20,40
2026-2027,DPS-GSEB-GUJ-UNI_UG_MED_Y1-MED-TYPO-2026,DPS-GSEB-GUJ-UNI_UG_MED_Y1-MED-TYPO-26,20,20,25,15,20,20,40
2026-2027,DPS-GSEB-GUJ-UNI_UG_MED_Y1-MED-ARCH_DSN-2026,DPS-GSEB-GUJ-UNI_UG_MED_Y1-MED-ARCH_DSN-26,20,20,25,15,20,20,40
2026-2027,DPS-GSEB-GUJ-UNI_UG_MED_Y2-MED-DSA-2026,DPS-GSEB-GUJ-UNI_UG_MED_Y2-MED-DSA-26,20,20,25,15,20,20,40
2026-2027,DPS-GSEB-GUJ-UNI_UG_MED_Y2-MED-DBMS-2026,DPS-GSEB-GUJ-UNI_UG_MED_Y2-MED-DBMS-26,20,20,25,15,20,20,40
2026-2027,DPS-GSEB-GUJ-UNI_UG_MED_Y2-MED-OS-2026,DPS-GSEB-GUJ-UNI_UG_MED_Y2-MED-OS-26,20,20,25,15,20,20,40
2026-2027,DPS-GSEB-GUJ-UNI_UG_MED_Y2-MED-CN-2026,DPS-GSEB-GUJ-UNI_UG_MED_Y2-MED-CN-26,20,20,25,15,20,20,40
2026-2027,DPS-GSEB-GUJ-UNI_UG_MED_Y2-MED-AI_ML-2026,DPS-GSEB-GUJ-UNI_UG_MED_Y2-MED-AI_ML-26,20,20,25,15,20,20,40
2026-2027,DPS-GSEB-GUJ-UNI_UG_MED_Y2-MED-SWE-2026,DPS-GSEB-GUJ-UNI_UG_MED_Y2-MED-SWE-26,20,20,25,15,20,20,40
2026-2027,DPS-GSEB-GUJ-UNI_UG_MED_Y2-MED-THERMO-2026,DPS-GSEB-GUJ-UNI_UG_MED_Y2-MED-THERMO-26,20,20,25,15,20,20,40
2026-2027,DPS-GSEB-GUJ-UNI_UG_MED_Y2-MED-CIRCUITS-2026,DPS-GSEB-GUJ-UNI_UG_MED_Y2-MED-CIRCUITS-26,20,20,25,15,20,20,40
2026-2027,DPS-GSEB-GUJ-UNI_UG_MED_Y2-MED-ANAT-2026,DPS-GSEB-GUJ-UNI_UG_MED_Y2-MED-ANAT-26,20,20,25,15,20,20,40
2026-2027,DPS-GSEB-GUJ-UNI_UG_MED_Y2-MED-PHYS-2026,DPS-GSEB-GUJ-UNI_UG_MED_Y2-MED-PHYS-26,20,20,25,15,20,20,40
2026-2027,DPS-GSEB-GUJ-UNI_UG_MED_Y2-MED-PHARM-2026,DPS-GSEB-GUJ-UNI_UG_MED_Y2-MED-PHARM-26,20,20,25,15,20,20,40
2026-2027,DPS-GSEB-GUJ-UNI_UG_MED_Y2-MED-PATH-2026,DPS-GSEB-GUJ-UNI_UG_MED_Y2-MED-PATH-26,20,20,25,15,20,20,40
2026-2027,DPS-GSEB-GUJ-UNI_UG_MED_Y2-MED-COM_MED-2026,DPS-GSEB-GUJ-UNI_UG_MED_Y2-MED-COM_MED-26,20,20,25,15,20,20,40
2026-2027,DPS-GSEB-GUJ-UNI_UG_MED_Y2-MED-LAW_CON-2026,DPS-GSEB-GUJ-UNI_UG_MED_Y2-MED-LAW_CON-26,20,20,25,15,20,20,40
2026-2027,DPS-GSEB-GUJ-UNI_UG_MED_Y2-MED-LAW_IPC-2026,DPS-GSEB-GUJ-UNI_UG_MED_Y2-MED-LAW_IPC-26,20,20,25,15,20,20,40
2026-2027,DPS-GSEB-GUJ-UNI_UG_MED_Y2-MED-LAW_CONTR-2026,DPS-GSEB-GUJ-UNI_UG_MED_Y2-MED-LAW_CONTR-26,20,20,25,15,20,20,40
2026-2027,DPS-GSEB-GUJ-UNI_UG_MED_Y2-MED-JURIS-2026,DPS-GSEB-GUJ-UNI_UG_MED_Y2-MED-JURIS-26,20,20,25,15,20,20,40
2026-2027,DPS-GSEB-GUJ-UNI_UG_MED_Y2-MED-CORP_ACC-2026,DPS-GSEB-GUJ-UNI_UG_MED_Y2-MED-CORP_ACC-26,20,20,25,15,20,20,40
2026-2027,DPS-GSEB-GUJ-UNI_UG_MED_Y2-MED-FIN_MGT-2026,DPS-GSEB-GUJ-UNI_UG_MED_Y2-MED-FIN_MGT-26,20,20,25,15,20,20,40
2026-2027,DPS-GSEB-GUJ-UNI_UG_MED_Y2-MED-MKT_MGT-2026,DPS-GSEB-GUJ-UNI_UG_MED_Y2-MED-MKT_MGT-26,20,20,25,15,20,20,40
2026-2027,DPS-GSEB-GUJ-UNI_UG_MED_Y2-MED-OB-2026,DPS-GSEB-GUJ-UNI_UG_MED_Y2-MED-OB-26,20,20,25,15,20,20,40
2026-2027,DPS-GSEB-GUJ-UNI_UG_MED_Y2-MED-UI_UX-2026,DPS-GSEB-GUJ-UNI_UG_MED_Y2-MED-UI_UX-26,20,20,25,15,20,20,40
2026-2027,DPS-GSEB-GUJ-UNI_UG_MED_Y2-MED-TYPO-2026,DPS-GSEB-GUJ-UNI_UG_MED_Y2-MED-TYPO-26,20,20,25,15,20,20,40
2026-2027,DPS-GSEB-GUJ-UNI_UG_MED_Y2-MED-ARCH_DSN-2026,DPS-GSEB-GUJ-UNI_UG_MED_Y2-MED-ARCH_DSN-26,20,20,25,15,20,20,40
2026-2027,DPS-GSEB-GUJ-UNI_UG_MED_Y3-MED-DSA-2026,DPS-GSEB-GUJ-UNI_UG_MED_Y3-MED-DSA-26,20,20,25,15,20,20,40
2026-2027,DPS-GSEB-GUJ-UNI_UG_MED_Y3-MED-DBMS-2026,DPS-GSEB-GUJ-UNI_UG_MED_Y3-MED-DBMS-26,20,20,25,15,20,20,40
2026-2027,DPS-GSEB-GUJ-UNI_UG_MED_Y3-MED-OS-2026,DPS-GSEB-GUJ-UNI_UG_MED_Y3-MED-OS-26,20,20,25,15,20,20,40
2026-2027,DPS-GSEB-GUJ-UNI_UG_MED_Y3-MED-CN-2026,DPS-GSEB-GUJ-UNI_UG_MED_Y3-MED-CN-26,20,20,25,15,20,20,40
2026-2027,DPS-GSEB-GUJ-UNI_UG_MED_Y3-MED-AI_ML-2026,DPS-GSEB-GUJ-UNI_UG_MED_Y3-MED-AI_ML-26,20,20,25,15,20,20,40
2026-2027,DPS-GSEB-GUJ-UNI_UG_MED_Y3-MED-SWE-2026,DPS-GSEB-GUJ-UNI_UG_MED_Y3-MED-SWE-26,20,20,25,15,20,20,40
2026-2027,DPS-GSEB-GUJ-UNI_UG_MED_Y3-MED-THERMO-2026,DPS-GSEB-GUJ-UNI_UG_MED_Y3-MED-THERMO-26,20,20,25,15,20,20,40
2026-2027,DPS-GSEB-GUJ-UNI_UG_MED_Y3-MED-CIRCUITS-2026,DPS-GSEB-GUJ-UNI_UG_MED_Y3-MED-CIRCUITS-26,20,20,25,15,20,20,40
2026-2027,DPS-GSEB-GUJ-UNI_UG_MED_Y3-MED-ANAT-2026,DPS-GSEB-GUJ-UNI_UG_MED_Y3-MED-ANAT-26,20,20,25,15,20,20,40
2026-2027,DPS-GSEB-GUJ-UNI_UG_MED_Y3-MED-PHYS-2026,DPS-GSEB-GUJ-UNI_UG_MED_Y3-MED-PHYS-26,20,20,25,15,20,20,40
2026-2027,DPS-GSEB-GUJ-UNI_UG_MED_Y3-MED-PHARM-2026,DPS-GSEB-GUJ-UNI_UG_MED_Y3-MED-PHARM-26,20,20,25,15,20,20,40
2026-2027,DPS-GSEB-GUJ-UNI_UG_MED_Y3-MED-PATH-2026,DPS-GSEB-GUJ-UNI_UG_MED_Y3-MED-PATH-26,20,20,25,15,20,20,40
2026-2027,DPS-GSEB-GUJ-UNI_UG_MED_Y3-MED-COM_MED-2026,DPS-GSEB-GUJ-UNI_UG_MED_Y3-MED-COM_MED-26,20,20,25,15,20,20,40
2026-2027,DPS-GSEB-GUJ-UNI_UG_MED_Y3-MED-LAW_CON-2026,DPS-GSEB-GUJ-UNI_UG_MED_Y3-MED-LAW_CON-26,20,20,25,15,20,20,40
2026-2027,DPS-GSEB-GUJ-UNI_UG_MED_Y3-MED-LAW_IPC-2026,DPS-GSEB-GUJ-UNI_UG_MED_Y3-MED-LAW_IPC-26,20,20,25,15,20,20,40
2026-2027,DPS-GSEB-GUJ-UNI_UG_MED_Y3-MED-LAW_CONTR-2026,DPS-GSEB-GUJ-UNI_UG_MED_Y3-MED-LAW_CONTR-26,20,20,25,15,20,20,40
2026-2027,DPS-GSEB-GUJ-UNI_UG_MED_Y3-MED-JURIS-2026,DPS-GSEB-GUJ-UNI_UG_MED_Y3-MED-JURIS-26,20,20,25,15,20,20,40
2026-2027,DPS-GSEB-GUJ-UNI_UG_MED_Y3-MED-CORP_ACC-2026,DPS-GSEB-GUJ-UNI_UG_MED_Y3-MED-CORP_ACC-26,20,20,25,15,20,20,40
2026-2027,DPS-GSEB-GUJ-UNI_UG_MED_Y3-MED-FIN_MGT-2026,DPS-GSEB-GUJ-UNI_UG_MED_Y3-MED-FIN_MGT-26,20,20,25,15,20,20,40
2026-2027,DPS-GSEB-GUJ-UNI_UG_MED_Y3-MED-MKT_MGT-2026,DPS-GSEB-GUJ-UNI_UG_MED_Y3-MED-MKT_MGT-26,20,20,25,15,20,20,40
2026-2027,DPS-GSEB-GUJ-UNI_UG_MED_Y3-MED-OB-2026,DPS-GSEB-GUJ-UNI_UG_MED_Y3-MED-OB-26,20,20,25,15,20,20,40
2026-2027,DPS-GSEB-GUJ-UNI_UG_MED_Y3-MED-UI_UX-2026,DPS-GSEB-GUJ-UNI_UG_MED_Y3-MED-UI_UX-26,20,20,25,15,20,20,40
2026-2027,DPS-GSEB-GUJ-UNI_UG_MED_Y3-MED-TYPO-2026,DPS-GSEB-GUJ-UNI_UG_MED_Y3-MED-TYPO-26,20,20,25,15,20,20,40
2026-2027,DPS-GSEB-GUJ-UNI_UG_MED_Y3-MED-ARCH_DSN-2026,DPS-GSEB-GUJ-UNI_UG_MED_Y3-MED-ARCH_DSN-26,20,20,25,15,20,20,40
2026-2027,DPS-GSEB-GUJ-UNI_UG_MED_Y4-MED-DSA-2026,DPS-GSEB-GUJ-UNI_UG_MED_Y4-MED-DSA-26,20,20,25,15,20,20,40
2026-2027,DPS-GSEB-GUJ-UNI_UG_MED_Y4-MED-DBMS-2026,DPS-GSEB-GUJ-UNI_UG_MED_Y4-MED-DBMS-26,20,20,25,15,20,20,40
2026-2027,DPS-GSEB-GUJ-UNI_UG_MED_Y4-MED-OS-2026,DPS-GSEB-GUJ-UNI_UG_MED_Y4-MED-OS-26,20,20,25,15,20,20,40
2026-2027,DPS-GSEB-GUJ-UNI_UG_MED_Y4-MED-CN-2026,DPS-GSEB-GUJ-UNI_UG_MED_Y4-MED-CN-26,20,20,25,15,20,20,40
2026-2027,DPS-GSEB-GUJ-UNI_UG_MED_Y4-MED-AI_ML-2026,DPS-GSEB-GUJ-UNI_UG_MED_Y4-MED-AI_ML-26,20,20,25,15,20,20,40
2026-2027,DPS-GSEB-GUJ-UNI_UG_MED_Y4-MED-SWE-2026,DPS-GSEB-GUJ-UNI_UG_MED_Y4-MED-SWE-26,20,20,25,15,20,20,40
2026-2027,DPS-GSEB-GUJ-UNI_UG_MED_Y4-MED-THERMO-2026,DPS-GSEB-GUJ-UNI_UG_MED_Y4-MED-THERMO-26,20,20,25,15,20,20,40
2026-2027,DPS-GSEB-GUJ-UNI_UG_MED_Y4-MED-CIRCUITS-2026,DPS-GSEB-GUJ-UNI_UG_MED_Y4-MED-CIRCUITS-26,20,20,25,15,20,20,40
2026-2027,DPS-GSEB-GUJ-UNI_UG_MED_Y4-MED-ANAT-2026,DPS-GSEB-GUJ-UNI_UG_MED_Y4-MED-ANAT-26,20,20,25,15,20,20,40
2026-2027,DPS-GSEB-GUJ-UNI_UG_MED_Y4-MED-PHYS-2026,DPS-GSEB-GUJ-UNI_UG_MED_Y4-MED-PHYS-26,20,20,25,15,20,20,40
2026-2027,DPS-GSEB-GUJ-UNI_UG_MED_Y4-MED-PHARM-2026,DPS-GSEB-GUJ-UNI_UG_MED_Y4-MED-PHARM-26,20,20,25,15,20,20,40
2026-2027,DPS-GSEB-GUJ-UNI_UG_MED_Y4-MED-PATH-2026,DPS-GSEB-GUJ-UNI_UG_MED_Y4-MED-PATH-26,20,20,25,15,20,20,40
2026-2027,DPS-GSEB-GUJ-UNI_UG_MED_Y4-MED-COM_MED-2026,DPS-GSEB-GUJ-UNI_UG_MED_Y4-MED-COM_MED-26,20,20,25,15,20,20,40
2026-2027,DPS-GSEB-GUJ-UNI_UG_MED_Y4-MED-LAW_CON-2026,DPS-GSEB-GUJ-UNI_UG_MED_Y4-MED-LAW_CON-26,20,20,25,15,20,20,40
2026-2027,DPS-GSEB-GUJ-UNI_UG_MED_Y4-MED-LAW_IPC-2026,DPS-GSEB-GUJ-UNI_UG_MED_Y4-MED-LAW_IPC-26,20,20,25,15,20,20,40
2026-2027,DPS-GSEB-GUJ-UNI_UG_MED_Y4-MED-LAW_CONTR-2026,DPS-GSEB-GUJ-UNI_UG_MED_Y4-MED-LAW_CONTR-26,20,20,25,15,20,20,40
2026-2027,DPS-GSEB-GUJ-UNI_UG_MED_Y4-MED-JURIS-2026,DPS-GSEB-GUJ-UNI_UG_MED_Y4-MED-JURIS-26,20,20,25,15,20,20,40
2026-2027,DPS-GSEB-GUJ-UNI_UG_MED_Y4-MED-CORP_ACC-2026,DPS-GSEB-GUJ-UNI_UG_MED_Y4-MED-CORP_ACC-26,20,20,25,15,20,20,40
2026-2027,DPS-GSEB-GUJ-UNI_UG_MED_Y4-MED-FIN_MGT-2026,DPS-GSEB-GUJ-UNI_UG_MED_Y4-MED-FIN_MGT-26,20,20,25,15,20,20,40
2026-2027,DPS-GSEB-GUJ-UNI_UG_MED_Y4-MED-MKT_MGT-2026,DPS-GSEB-GUJ-UNI_UG_MED_Y4-MED-MKT_MGT-26,20,20,25,15,20,20,40
2026-2027,DPS-GSEB-GUJ-UNI_UG_MED_Y4-MED-OB-2026,DPS-GSEB-GUJ-UNI_UG_MED_Y4-MED-OB-26,20,20,25,15,20,20,40
2026-2027,DPS-GSEB-GUJ-UNI_UG_MED_Y4-MED-UI_UX-2026,DPS-GSEB-GUJ-UNI_UG_MED_Y4-MED-UI_UX-26,20,20,25,15,20,20,40
2026-2027,DPS-GSEB-GUJ-UNI_UG_MED_Y4-MED-TYPO-2026,DPS-GSEB-GUJ-UNI_UG_MED_Y4-MED-TYPO-26,20,20,25,15,20,20,40
2026-2027,DPS-GSEB-GUJ-UNI_UG_MED_Y4-MED-ARCH_DSN-2026,DPS-GSEB-GUJ-UNI_UG_MED_Y4-MED-ARCH_DSN-26,20,20,25,15,20,20,40
2026-2027,DPS-GSEB-GUJ-UNI_UG_MED_Y5-MED-DSA-2026,DPS-GSEB-GUJ-UNI_UG_MED_Y5-MED-DSA-26,20,20,25,15,20,20,40
2026-2027,DPS-GSEB-GUJ-UNI_UG_MED_Y5-MED-DBMS-2026,DPS-GSEB-GUJ-UNI_UG_MED_Y5-MED-DBMS-26,20,20,25,15,20,20,40
2026-2027,DPS-GSEB-GUJ-UNI_UG_MED_Y5-MED-OS-2026,DPS-GSEB-GUJ-UNI_UG_MED_Y5-MED-OS-26,20,20,25,15,20,20,40
2026-2027,DPS-GSEB-GUJ-UNI_UG_MED_Y5-MED-CN-2026,DPS-GSEB-GUJ-UNI_UG_MED_Y5-MED-CN-26,20,20,25,15,20,20,40
2026-2027,DPS-GSEB-GUJ-UNI_UG_MED_Y5-MED-AI_ML-2026,DPS-GSEB-GUJ-UNI_UG_MED_Y5-MED-AI_ML-26,20,20,25,15,20,20,40
2026-2027,DPS-GSEB-GUJ-UNI_UG_MED_Y5-MED-SWE-2026,DPS-GSEB-GUJ-UNI_UG_MED_Y5-MED-SWE-26,20,20,25,15,20,20,40
2026-2027,DPS-GSEB-GUJ-UNI_UG_MED_Y5-MED-THERMO-2026,DPS-GSEB-GUJ-UNI_UG_MED_Y5-MED-THERMO-26,20,20,25,15,20,20,40
2026-2027,DPS-GSEB-GUJ-UNI_UG_MED_Y5-MED-CIRCUITS-2026,DPS-GSEB-GUJ-UNI_UG_MED_Y5-MED-CIRCUITS-26,20,20,25,15,20,20,40
2026-2027,DPS-GSEB-GUJ-UNI_UG_MED_Y5-MED-ANAT-2026,DPS-GSEB-GUJ-UNI_UG_MED_Y5-MED-ANAT-26,20,20,25,15,20,20,40
2026-2027,DPS-GSEB-GUJ-UNI_UG_MED_Y5-MED-PHYS-2026,DPS-GSEB-GUJ-UNI_UG_MED_Y5-MED-PHYS-26,20,20,25,15,20,20,40
2026-2027,DPS-GSEB-GUJ-UNI_UG_MED_Y5-MED-PHARM-2026,DPS-GSEB-GUJ-UNI_UG_MED_Y5-MED-PHARM-26,20,20,25,15,20,20,40
2026-2027,DPS-GSEB-GUJ-UNI_UG_MED_Y5-MED-PATH-2026,DPS-GSEB-GUJ-UNI_UG_MED_Y5-MED-PATH-26,20,20,25,15,20,20,40
2026-2027,DPS-GSEB-GUJ-UNI_UG_MED_Y5-MED-COM_MED-2026,DPS-GSEB-GUJ-UNI_UG_MED_Y5-MED-COM_MED-26,20,20,25,15,20,20,40
2026-2027,DPS-GSEB-GUJ-UNI_UG_MED_Y5-MED-LAW_CON-2026,DPS-GSEB-GUJ-UNI_UG_MED_Y5-MED-LAW_CON-26,20,20,25,15,20,20,40
2026-2027,DPS-GSEB-GUJ-UNI_UG_MED_Y5-MED-LAW_IPC-2026,DPS-GSEB-GUJ-UNI_UG_MED_Y5-MED-LAW_IPC-26,20,20,25,15,20,20,40
2026-2027,DPS-GSEB-GUJ-UNI_UG_MED_Y5-MED-LAW_CONTR-2026,DPS-GSEB-GUJ-UNI_UG_MED_Y5-MED-LAW_CONTR-26,20,20,25,15,20,20,40
2026-2027,DPS-GSEB-GUJ-UNI_UG_MED_Y5-MED-JURIS-2026,DPS-GSEB-GUJ-UNI_UG_MED_Y5-MED-JURIS-26,20,20,25,15,20,20,40
2026-2027,DPS-GSEB-GUJ-UNI_UG_MED_Y5-MED-CORP_ACC-2026,DPS-GSEB-GUJ-UNI_UG_MED_Y5-MED-CORP_ACC-26,20,20,25,15,20,20,40
2026-2027,DPS-GSEB-GUJ-UNI_UG_MED_Y5-MED-FIN_MGT-2026,DPS-GSEB-GUJ-UNI_UG_MED_Y5-MED-FIN_MGT-26,20,20,25,15,20,20,40
2026-2027,DPS-GSEB-GUJ-UNI_UG_MED_Y5-MED-MKT_MGT-2026,DPS-GSEB-GUJ-UNI_UG_MED_Y5-MED-MKT_MGT-26,20,20,25,15,20,20,40
2026-2027,DPS-GSEB-GUJ-UNI_UG_MED_Y5-MED-OB-2026,DPS-GSEB-GUJ-UNI_UG_MED_Y5-MED-OB-26,20,20,25,15,20,20,40
2026-2027,DPS-GSEB-GUJ-UNI_UG_MED_Y5-MED-UI_UX-2026,DPS-GSEB-GUJ-UNI_UG_MED_Y5-MED-UI_UX-26,20,20,25,15,20,20,40
2026-2027,DPS-GSEB-GUJ-UNI_UG_MED_Y5-MED-TYPO-2026,DPS-GSEB-GUJ-UNI_UG_MED_Y5-MED-TYPO-26,20,20,25,15,20,20,40
2026-2027,DPS-GSEB-GUJ-UNI_UG_MED_Y5-MED-ARCH_DSN-2026,DPS-GSEB-GUJ-UNI_UG_MED_Y5-MED-ARCH_DSN-26,20,20,25,15,20,20,40
2026-2027,DPS-GSEB-GUJ-NUR_BSC_Y1-NUR-NUR_FND-2026,DPS-GSEB-GUJ-NUR_BSC_Y1-NUR-NUR_FND-26,20,20,25,15,20,20,40
2026-2027,DPS-GSEB-GUJ-PRO_CA_FND-PRO_FIN-TAX-2026,DPS-GSEB-GUJ-PRO_CA_FND-PRO_FIN-TAX-26,20,20,25,15,20,20,40
2026-2027,DPS-GSEB-GUJ-PRO_CA_FND-PRO_FIN-AUDIT-2026,DPS-GSEB-GUJ-PRO_CA_FND-PRO_FIN-AUDIT-26,20,20,25,15,20,20,40
2026-2027,DPS-GSEB-GUJ-PRO_CA_FND-PRO_FIN-APT_REAS-2026,DPS-GSEB-GUJ-PRO_CA_FND-PRO_FIN-APT_REAS-26,20,20,25,15,20,20,40
2026-2027,DPS-GSEB-GUJ-PRO_CA_INT-PRO_FIN-TAX-2026,DPS-GSEB-GUJ-PRO_CA_INT-PRO_FIN-TAX-26,20,20,25,15,20,20,40
2026-2027,DPS-GSEB-GUJ-PRO_CA_INT-PRO_FIN-AUDIT-2026,DPS-GSEB-GUJ-PRO_CA_INT-PRO_FIN-AUDIT-26,20,20,25,15,20,20,40
2026-2027,DPS-GSEB-GUJ-PRO_CA_INT-PRO_FIN-APT_REAS-2026,DPS-GSEB-GUJ-PRO_CA_INT-PRO_FIN-APT_REAS-26,20,20,25,15,20,20,40
2026-2027,DPS-GSEB-GUJ-PRO_CA_FIN-PRO_FIN-TAX-2026,DPS-GSEB-GUJ-PRO_CA_FIN-PRO_FIN-TAX-26,20,20,25,15,20,20,40
2026-2027,DPS-GSEB-GUJ-PRO_CA_FIN-PRO_FIN-AUDIT-2026,DPS-GSEB-GUJ-PRO_CA_FIN-PRO_FIN-AUDIT-26,20,20,25,15,20,20,40
2026-2027,DPS-GSEB-GUJ-PRO_CA_FIN-PRO_FIN-APT_REAS-2026,DPS-GSEB-GUJ-PRO_CA_FIN-PRO_FIN-APT_REAS-26,20,20,25,15,20,20,40
2026-2027,DPS-GSEB-GUJ-PRO_CS_EXE-LAW-TAX-2026,DPS-GSEB-GUJ-PRO_CS_EXE-LAW-TAX-26,20,20,25,15,20,20,40
2026-2027,DPS-GSEB-GUJ-PRO_CS_EXE-LAW-AUDIT-2026,DPS-GSEB-GUJ-PRO_CS_EXE-LAW-AUDIT-26,20,20,25,15,20,20,40
2026-2027,DPS-GSEB-GUJ-PRO_CS_EXE-LAW-APT_REAS-2026,DPS-GSEB-GUJ-PRO_CS_EXE-LAW-APT_REAS-26,20,20,25,15,20,20,40
2026-2027,DPS-GSEB-GUJ-UNI_PG_AI_Y1-AIE-DSA-2026,DPS-GSEB-GUJ-UNI_PG_AI_Y1-AIE-DSA-26,20,20,25,15,20,20,40
2026-2027,DPS-GSEB-GUJ-UNI_PG_AI_Y1-AIE-DBMS-2026,DPS-GSEB-GUJ-UNI_PG_AI_Y1-AIE-DBMS-26,20,20,25,15,20,20,40
2026-2027,DPS-GSEB-GUJ-UNI_PG_AI_Y1-AIE-OS-2026,DPS-GSEB-GUJ-UNI_PG_AI_Y1-AIE-OS-26,20,20,25,15,20,20,40
2026-2027,DPS-GSEB-GUJ-UNI_PG_AI_Y1-AIE-CN-2026,DPS-GSEB-GUJ-UNI_PG_AI_Y1-AIE-CN-26,20,20,25,15,20,20,40
2026-2027,DPS-GSEB-GUJ-UNI_PG_AI_Y1-AIE-AI_ML-2026,DPS-GSEB-GUJ-UNI_PG_AI_Y1-AIE-AI_ML-26,20,20,25,15,20,20,40
2026-2027,DPS-GSEB-GUJ-UNI_PG_AI_Y1-AIE-SWE-2026,DPS-GSEB-GUJ-UNI_PG_AI_Y1-AIE-SWE-26,20,20,25,15,20,20,40
2026-2027,DPS-GSEB-GUJ-UNI_PG_AI_Y1-AIE-FIN_MGT-2026,DPS-GSEB-GUJ-UNI_PG_AI_Y1-AIE-FIN_MGT-26,20,20,25,15,20,20,40
2026-2027,DPS-GSEB-GUJ-UNI_PG_AI_Y1-AIE-MKT_MGT-2026,DPS-GSEB-GUJ-UNI_PG_AI_Y1-AIE-MKT_MGT-26,20,20,25,15,20,20,40
2026-2027,DPS-GSEB-GUJ-UNI_PG_AI_Y1-AIE-OB-2026,DPS-GSEB-GUJ-UNI_PG_AI_Y1-AIE-OB-26,20,20,25,15,20,20,40
2026-2027,DPS-GSEB-GUJ-UNI_PG_AI_Y2-AIE-DSA-2026,DPS-GSEB-GUJ-UNI_PG_AI_Y2-AIE-DSA-26,20,20,25,15,20,20,40
2026-2027,DPS-GSEB-GUJ-UNI_PG_AI_Y2-AIE-DBMS-2026,DPS-GSEB-GUJ-UNI_PG_AI_Y2-AIE-DBMS-26,20,20,25,15,20,20,40
2026-2027,DPS-GSEB-GUJ-UNI_PG_AI_Y2-AIE-OS-2026,DPS-GSEB-GUJ-UNI_PG_AI_Y2-AIE-OS-26,20,20,25,15,20,20,40
2026-2027,DPS-GSEB-GUJ-UNI_PG_AI_Y2-AIE-CN-2026,DPS-GSEB-GUJ-UNI_PG_AI_Y2-AIE-CN-26,20,20,25,15,20,20,40
2026-2027,DPS-GSEB-GUJ-UNI_PG_AI_Y2-AIE-AI_ML-2026,DPS-GSEB-GUJ-UNI_PG_AI_Y2-AIE-AI_ML-26,20,20,25,15,20,20,40
2026-2027,DPS-GSEB-GUJ-UNI_PG_AI_Y2-AIE-SWE-2026,DPS-GSEB-GUJ-UNI_PG_AI_Y2-AIE-SWE-26,20,20,25,15,20,20,40
2026-2027,DPS-GSEB-GUJ-UNI_PG_AI_Y2-AIE-FIN_MGT-2026,DPS-GSEB-GUJ-UNI_PG_AI_Y2-AIE-FIN_MGT-26,20,20,25,15,20,20,40
2026-2027,DPS-GSEB-GUJ-UNI_PG_AI_Y2-AIE-MKT_MGT-2026,DPS-GSEB-GUJ-UNI_PG_AI_Y2-AIE-MKT_MGT-26,20,20,25,15,20,20,40
2026-2027,DPS-GSEB-GUJ-UNI_PG_AI_Y2-AIE-OB-2026,DPS-GSEB-GUJ-UNI_PG_AI_Y2-AIE-OB-26,20,20,25,15,20,20,40
2026-2027,DPS-GSEB-GUJ-UNI_PG_MBA_Y1-MGT-DSA-2026,DPS-GSEB-GUJ-UNI_PG_MBA_Y1-MGT-DSA-26,20,20,25,15,20,20,40
2026-2027,DPS-GSEB-GUJ-UNI_PG_MBA_Y1-MGT-DBMS-2026,DPS-GSEB-GUJ-UNI_PG_MBA_Y1-MGT-DBMS-26,20,20,25,15,20,20,40
2026-2027,DPS-GSEB-GUJ-UNI_PG_MBA_Y1-MGT-OS-2026,DPS-GSEB-GUJ-UNI_PG_MBA_Y1-MGT-OS-26,20,20,25,15,20,20,40
2026-2027,DPS-GSEB-GUJ-UNI_PG_MBA_Y1-MGT-CN-2026,DPS-GSEB-GUJ-UNI_PG_MBA_Y1-MGT-CN-26,20,20,25,15,20,20,40
2026-2027,DPS-GSEB-GUJ-UNI_PG_MBA_Y1-MGT-AI_ML-2026,DPS-GSEB-GUJ-UNI_PG_MBA_Y1-MGT-AI_ML-26,20,20,25,15,20,20,40
2026-2027,DPS-GSEB-GUJ-UNI_PG_MBA_Y1-MGT-SWE-2026,DPS-GSEB-GUJ-UNI_PG_MBA_Y1-MGT-SWE-26,20,20,25,15,20,20,40
2026-2027,DPS-GSEB-GUJ-UNI_PG_MBA_Y1-MGT-FIN_MGT-2026,DPS-GSEB-GUJ-UNI_PG_MBA_Y1-MGT-FIN_MGT-26,20,20,25,15,20,20,40
2026-2027,DPS-GSEB-GUJ-UNI_PG_MBA_Y1-MGT-MKT_MGT-2026,DPS-GSEB-GUJ-UNI_PG_MBA_Y1-MGT-MKT_MGT-26,20,20,25,15,20,20,40
2026-2027,DPS-GSEB-GUJ-UNI_PG_MBA_Y1-MGT-OB-2026,DPS-GSEB-GUJ-UNI_PG_MBA_Y1-MGT-OB-26,20,20,25,15,20,20,40
2026-2027,DPS-GSEB-GUJ-UNI_PG_MBA_Y2-MGT-DSA-2026,DPS-GSEB-GUJ-UNI_PG_MBA_Y2-MGT-DSA-26,20,20,25,15,20,20,40
2026-2027,DPS-GSEB-GUJ-UNI_PG_MBA_Y2-MGT-DBMS-2026,DPS-GSEB-GUJ-UNI_PG_MBA_Y2-MGT-DBMS-26,20,20,25,15,20,20,40
2026-2027,DPS-GSEB-GUJ-UNI_PG_MBA_Y2-MGT-OS-2026,DPS-GSEB-GUJ-UNI_PG_MBA_Y2-MGT-OS-26,20,20,25,15,20,20,40
2026-2027,DPS-GSEB-GUJ-UNI_PG_MBA_Y2-MGT-CN-2026,DPS-GSEB-GUJ-UNI_PG_MBA_Y2-MGT-CN-26,20,20,25,15,20,20,40
2026-2027,DPS-GSEB-GUJ-UNI_PG_MBA_Y2-MGT-AI_ML-2026,DPS-GSEB-GUJ-UNI_PG_MBA_Y2-MGT-AI_ML-26,20,20,25,15,20,20,40
2026-2027,DPS-GSEB-GUJ-UNI_PG_MBA_Y2-MGT-SWE-2026,DPS-GSEB-GUJ-UNI_PG_MBA_Y2-MGT-SWE-26,20,20,25,15,20,20,40
2026-2027,DPS-GSEB-GUJ-UNI_PG_MBA_Y2-MGT-FIN_MGT-2026,DPS-GSEB-GUJ-UNI_PG_MBA_Y2-MGT-FIN_MGT-26,20,20,25,15,20,20,40
2026-2027,DPS-GSEB-GUJ-UNI_PG_MBA_Y2-MGT-MKT_MGT-2026,DPS-GSEB-GUJ-UNI_PG_MBA_Y2-MGT-MKT_MGT-26,20,20,25,15,20,20,40
2026-2027,DPS-GSEB-GUJ-UNI_PG_MBA_Y2-MGT-OB-2026,DPS-GSEB-GUJ-UNI_PG_MBA_Y2-MGT-OB-26,20,20,25,15,20,20,40
2026-2027,DPS-GSEB-GUJ-UNI_PG_LAW_Y1-LAW-DSA-2026,DPS-GSEB-GUJ-UNI_PG_LAW_Y1-LAW-DSA-26,20,20,25,15,20,20,40
2026-2027,DPS-GSEB-GUJ-UNI_PG_LAW_Y1-LAW-DBMS-2026,DPS-GSEB-GUJ-UNI_PG_LAW_Y1-LAW-DBMS-26,20,20,25,15,20,20,40
2026-2027,DPS-GSEB-GUJ-UNI_PG_LAW_Y1-LAW-OS-2026,DPS-GSEB-GUJ-UNI_PG_LAW_Y1-LAW-OS-26,20,20,25,15,20,20,40
2026-2027,DPS-GSEB-GUJ-UNI_PG_LAW_Y1-LAW-CN-2026,DPS-GSEB-GUJ-UNI_PG_LAW_Y1-LAW-CN-26,20,20,25,15,20,20,40
2026-2027,DPS-GSEB-GUJ-UNI_PG_LAW_Y1-LAW-AI_ML-2026,DPS-GSEB-GUJ-UNI_PG_LAW_Y1-LAW-AI_ML-26,20,20,25,15,20,20,40
2026-2027,DPS-GSEB-GUJ-UNI_PG_LAW_Y1-LAW-SWE-2026,DPS-GSEB-GUJ-UNI_PG_LAW_Y1-LAW-SWE-26,20,20,25,15,20,20,40
2026-2027,DPS-GSEB-GUJ-UNI_PG_LAW_Y1-LAW-FIN_MGT-2026,DPS-GSEB-GUJ-UNI_PG_LAW_Y1-LAW-FIN_MGT-26,20,20,25,15,20,20,40
2026-2027,DPS-GSEB-GUJ-UNI_PG_LAW_Y1-LAW-MKT_MGT-2026,DPS-GSEB-GUJ-UNI_PG_LAW_Y1-LAW-MKT_MGT-26,20,20,25,15,20,20,40
2026-2027,DPS-GSEB-GUJ-UNI_PG_LAW_Y1-LAW-OB-2026,DPS-GSEB-GUJ-UNI_PG_LAW_Y1-LAW-OB-26,20,20,25,15,20,20,40
2026-2027,DPS-GSEB-GUJ-UNI_PG_LAW_Y2-LAW-DSA-2026,DPS-GSEB-GUJ-UNI_PG_LAW_Y2-LAW-DSA-26,20,20,25,15,20,20,40
2026-2027,DPS-GSEB-GUJ-UNI_PG_LAW_Y2-LAW-DBMS-2026,DPS-GSEB-GUJ-UNI_PG_LAW_Y2-LAW-DBMS-26,20,20,25,15,20,20,40
2026-2027,DPS-GSEB-GUJ-UNI_PG_LAW_Y2-LAW-OS-2026,DPS-GSEB-GUJ-UNI_PG_LAW_Y2-LAW-OS-26,20,20,25,15,20,20,40
2026-2027,DPS-GSEB-GUJ-UNI_PG_LAW_Y2-LAW-CN-2026,DPS-GSEB-GUJ-UNI_PG_LAW_Y2-LAW-CN-26,20,20,25,15,20,20,40
2026-2027,DPS-GSEB-GUJ-UNI_PG_LAW_Y2-LAW-AI_ML-2026,DPS-GSEB-GUJ-UNI_PG_LAW_Y2-LAW-AI_ML-26,20,20,25,15,20,20,40
2026-2027,DPS-GSEB-GUJ-UNI_PG_LAW_Y2-LAW-SWE-2026,DPS-GSEB-GUJ-UNI_PG_LAW_Y2-LAW-SWE-26,20,20,25,15,20,20,40
2026-2027,DPS-GSEB-GUJ-UNI_PG_LAW_Y2-LAW-FIN_MGT-2026,DPS-GSEB-GUJ-UNI_PG_LAW_Y2-LAW-FIN_MGT-26,20,20,25,15,20,20,40
2026-2027,DPS-GSEB-GUJ-UNI_PG_LAW_Y2-LAW-MKT_MGT-2026,DPS-GSEB-GUJ-UNI_PG_LAW_Y2-LAW-MKT_MGT-26,20,20,25,15,20,20,40
2026-2027,DPS-GSEB-GUJ-UNI_PG_LAW_Y2-LAW-OB-2026,DPS-GSEB-GUJ-UNI_PG_LAW_Y2-LAW-OB-26,20,20,25,15,20,20,40
2026-2027,DPS-GSEB-GUJ-UNI_PHD_AI-RES-AI_ML-2026,DPS-GSEB-GUJ-UNI_PHD_AI-RES-AI_ML-26,20,20,25,15,20,20,40
2026-2027,DPS-GSEB-GUJ-UNI_PHD_DS-RES-AI_ML-2026,DPS-GSEB-GUJ-UNI_PHD_DS-RES-AI_ML-26,20,20,25,15,20,20,40
2026-2027,DPS-GSEB-GUJ-UNI_PHD_RE-RES-AI_ML-2026,DPS-GSEB-GUJ-UNI_PHD_RE-RES-AI_ML-26,20,20,25,15,20,20,40
2026-2027,DPS-GSEB-GUJ-UNI_UG_BCA_Y1-CSA-DSA-2026,DPS-GSEB-GUJ-UNI_UG_BCA_Y1-CSA-DSA-26,20,20,25,15,20,20,40
2026-2027,DPS-GSEB-GUJ-UNI_UG_BCA_Y1-CSA-DBMS-2026,DPS-GSEB-GUJ-UNI_UG_BCA_Y1-CSA-DBMS-26,20,20,25,15,20,20,40
2026-2027,DPS-GSEB-GUJ-UNI_UG_BCA_Y1-CSA-OS-2026,DPS-GSEB-GUJ-UNI_UG_BCA_Y1-CSA-OS-26,20,20,25,15,20,20,40
2026-2027,DPS-GSEB-GUJ-UNI_UG_BCA_Y1-CSA-CN-2026,DPS-GSEB-GUJ-UNI_UG_BCA_Y1-CSA-CN-26,20,20,25,15,20,20,40
2026-2027,DPS-GSEB-GUJ-UNI_UG_BCA_Y1-CSA-AI_ML-2026,DPS-GSEB-GUJ-UNI_UG_BCA_Y1-CSA-AI_ML-26,20,20,25,15,20,20,40
2026-2027,DPS-GSEB-GUJ-UNI_UG_BCA_Y1-CSA-SWE-2026,DPS-GSEB-GUJ-UNI_UG_BCA_Y1-CSA-SWE-26,20,20,25,15,20,20,40
2026-2027,DPS-GSEB-GUJ-UNI_UG_BCA_Y1-CSA-THERMO-2026,DPS-GSEB-GUJ-UNI_UG_BCA_Y1-CSA-THERMO-26,20,20,25,15,20,20,40
2026-2027,DPS-GSEB-GUJ-UNI_UG_BCA_Y1-CSA-CIRCUITS-2026,DPS-GSEB-GUJ-UNI_UG_BCA_Y1-CSA-CIRCUITS-26,20,20,25,15,20,20,40
2026-2027,DPS-GSEB-GUJ-UNI_UG_BCA_Y1-CSA-ANAT-2026,DPS-GSEB-GUJ-UNI_UG_BCA_Y1-CSA-ANAT-26,20,20,25,15,20,20,40
2026-2027,DPS-GSEB-GUJ-UNI_UG_BCA_Y1-CSA-PHYS-2026,DPS-GSEB-GUJ-UNI_UG_BCA_Y1-CSA-PHYS-26,20,20,25,15,20,20,40
2026-2027,DPS-GSEB-GUJ-UNI_UG_BCA_Y1-CSA-PHARM-2026,DPS-GSEB-GUJ-UNI_UG_BCA_Y1-CSA-PHARM-26,20,20,25,15,20,20,40
2026-2027,DPS-GSEB-GUJ-UNI_UG_BCA_Y1-CSA-PATH-2026,DPS-GSEB-GUJ-UNI_UG_BCA_Y1-CSA-PATH-26,20,20,25,15,20,20,40
2026-2027,DPS-GSEB-GUJ-UNI_UG_BCA_Y1-CSA-COM_MED-2026,DPS-GSEB-GUJ-UNI_UG_BCA_Y1-CSA-COM_MED-26,20,20,25,15,20,20,40
2026-2027,DPS-GSEB-GUJ-UNI_UG_BCA_Y1-CSA-LAW_CON-2026,DPS-GSEB-GUJ-UNI_UG_BCA_Y1-CSA-LAW_CON-26,20,20,25,15,20,20,40
2026-2027,DPS-GSEB-GUJ-UNI_UG_BCA_Y1-CSA-LAW_IPC-2026,DPS-GSEB-GUJ-UNI_UG_BCA_Y1-CSA-LAW_IPC-26,20,20,25,15,20,20,40
2026-2027,DPS-GSEB-GUJ-UNI_UG_BCA_Y1-CSA-LAW_CONTR-2026,DPS-GSEB-GUJ-UNI_UG_BCA_Y1-CSA-LAW_CONTR-26,20,20,25,15,20,20,40
2026-2027,DPS-GSEB-GUJ-UNI_UG_BCA_Y1-CSA-JURIS-2026,DPS-GSEB-GUJ-UNI_UG_BCA_Y1-CSA-JURIS-26,20,20,25,15,20,20,40
2026-2027,DPS-GSEB-GUJ-UNI_UG_BCA_Y1-CSA-CORP_ACC-2026,DPS-GSEB-GUJ-UNI_UG_BCA_Y1-CSA-CORP_ACC-26,20,20,25,15,20,20,40
2026-2027,DPS-GSEB-GUJ-UNI_UG_BCA_Y1-CSA-FIN_MGT-2026,DPS-GSEB-GUJ-UNI_UG_BCA_Y1-CSA-FIN_MGT-26,20,20,25,15,20,20,40
2026-2027,DPS-GSEB-GUJ-UNI_UG_BCA_Y1-CSA-MKT_MGT-2026,DPS-GSEB-GUJ-UNI_UG_BCA_Y1-CSA-MKT_MGT-26,20,20,25,15,20,20,40
2026-2027,DPS-GSEB-GUJ-UNI_UG_BCA_Y1-CSA-OB-2026,DPS-GSEB-GUJ-UNI_UG_BCA_Y1-CSA-OB-26,20,20,25,15,20,20,40
2026-2027,DPS-GSEB-GUJ-UNI_UG_BCA_Y1-CSA-UI_UX-2026,DPS-GSEB-GUJ-UNI_UG_BCA_Y1-CSA-UI_UX-26,20,20,25,15,20,20,40
2026-2027,DPS-GSEB-GUJ-UNI_UG_BCA_Y1-CSA-TYPO-2026,DPS-GSEB-GUJ-UNI_UG_BCA_Y1-CSA-TYPO-26,20,20,25,15,20,20,40
2026-2027,DPS-GSEB-GUJ-UNI_UG_BCA_Y1-CSA-ARCH_DSN-2026,DPS-GSEB-GUJ-UNI_UG_BCA_Y1-CSA-ARCH_DSN-26,20,20,25,15,20,20,40
2026-2027,DPS-GSEB-GUJ-UNI_UG_BCA_Y2-CSA-DSA-2026,DPS-GSEB-GUJ-UNI_UG_BCA_Y2-CSA-DSA-26,20,20,25,15,20,20,40
2026-2027,DPS-GSEB-GUJ-UNI_UG_BCA_Y2-CSA-DBMS-2026,DPS-GSEB-GUJ-UNI_UG_BCA_Y2-CSA-DBMS-26,20,20,25,15,20,20,40
2026-2027,DPS-GSEB-GUJ-UNI_UG_BCA_Y2-CSA-OS-2026,DPS-GSEB-GUJ-UNI_UG_BCA_Y2-CSA-OS-26,20,20,25,15,20,20,40
2026-2027,DPS-GSEB-GUJ-UNI_UG_BCA_Y2-CSA-CN-2026,DPS-GSEB-GUJ-UNI_UG_BCA_Y2-CSA-CN-26,20,20,25,15,20,20,40
2026-2027,DPS-GSEB-GUJ-UNI_UG_BCA_Y2-CSA-AI_ML-2026,DPS-GSEB-GUJ-UNI_UG_BCA_Y2-CSA-AI_ML-26,20,20,25,15,20,20,40
2026-2027,DPS-GSEB-GUJ-UNI_UG_BCA_Y2-CSA-SWE-2026,DPS-GSEB-GUJ-UNI_UG_BCA_Y2-CSA-SWE-26,20,20,25,15,20,20,40
2026-2027,DPS-GSEB-GUJ-UNI_UG_BCA_Y2-CSA-THERMO-2026,DPS-GSEB-GUJ-UNI_UG_BCA_Y2-CSA-THERMO-26,20,20,25,15,20,20,40
2026-2027,DPS-GSEB-GUJ-UNI_UG_BCA_Y2-CSA-CIRCUITS-2026,DPS-GSEB-GUJ-UNI_UG_BCA_Y2-CSA-CIRCUITS-26,20,20,25,15,20,20,40
2026-2027,DPS-GSEB-GUJ-UNI_UG_BCA_Y2-CSA-ANAT-2026,DPS-GSEB-GUJ-UNI_UG_BCA_Y2-CSA-ANAT-26,20,20,25,15,20,20,40
2026-2027,DPS-GSEB-GUJ-UNI_UG_BCA_Y2-CSA-PHYS-2026,DPS-GSEB-GUJ-UNI_UG_BCA_Y2-CSA-PHYS-26,20,20,25,15,20,20,40
2026-2027,DPS-GSEB-GUJ-UNI_UG_BCA_Y2-CSA-PHARM-2026,DPS-GSEB-GUJ-UNI_UG_BCA_Y2-CSA-PHARM-26,20,20,25,15,20,20,40
2026-2027,DPS-GSEB-GUJ-UNI_UG_BCA_Y2-CSA-PATH-2026,DPS-GSEB-GUJ-UNI_UG_BCA_Y2-CSA-PATH-26,20,20,25,15,20,20,40
2026-2027,DPS-GSEB-GUJ-UNI_UG_BCA_Y2-CSA-COM_MED-2026,DPS-GSEB-GUJ-UNI_UG_BCA_Y2-CSA-COM_MED-26,20,20,25,15,20,20,40
2026-2027,DPS-GSEB-GUJ-UNI_UG_BCA_Y2-CSA-LAW_CON-2026,DPS-GSEB-GUJ-UNI_UG_BCA_Y2-CSA-LAW_CON-26,20,20,25,15,20,20,40
2026-2027,DPS-GSEB-GUJ-UNI_UG_BCA_Y2-CSA-LAW_IPC-2026,DPS-GSEB-GUJ-UNI_UG_BCA_Y2-CSA-LAW_IPC-26,20,20,25,15,20,20,40
2026-2027,DPS-GSEB-GUJ-UNI_UG_BCA_Y2-CSA-LAW_CONTR-2026,DPS-GSEB-GUJ-UNI_UG_BCA_Y2-CSA-LAW_CONTR-26,20,20,25,15,20,20,40
2026-2027,DPS-GSEB-GUJ-UNI_UG_BCA_Y2-CSA-JURIS-2026,DPS-GSEB-GUJ-UNI_UG_BCA_Y2-CSA-JURIS-26,20,20,25,15,20,20,40
2026-2027,DPS-GSEB-GUJ-UNI_UG_BCA_Y2-CSA-CORP_ACC-2026,DPS-GSEB-GUJ-UNI_UG_BCA_Y2-CSA-CORP_ACC-26,20,20,25,15,20,20,40
2026-2027,DPS-GSEB-GUJ-UNI_UG_BCA_Y2-CSA-FIN_MGT-2026,DPS-GSEB-GUJ-UNI_UG_BCA_Y2-CSA-FIN_MGT-26,20,20,25,15,20,20,40
2026-2027,DPS-GSEB-GUJ-UNI_UG_BCA_Y2-CSA-MKT_MGT-2026,DPS-GSEB-GUJ-UNI_UG_BCA_Y2-CSA-MKT_MGT-26,20,20,25,15,20,20,40
2026-2027,DPS-GSEB-GUJ-UNI_UG_BCA_Y2-CSA-OB-2026,DPS-GSEB-GUJ-UNI_UG_BCA_Y2-CSA-OB-26,20,20,25,15,20,20,40
2026-2027,DPS-GSEB-GUJ-UNI_UG_BCA_Y2-CSA-UI_UX-2026,DPS-GSEB-GUJ-UNI_UG_BCA_Y2-CSA-UI_UX-26,20,20,25,15,20,20,40
2026-2027,DPS-GSEB-GUJ-UNI_UG_BCA_Y2-CSA-TYPO-2026,DPS-GSEB-GUJ-UNI_UG_BCA_Y2-CSA-TYPO-26,20,20,25,15,20,20,40
2026-2027,DPS-GSEB-GUJ-UNI_UG_BCA_Y2-CSA-ARCH_DSN-2026,DPS-GSEB-GUJ-UNI_UG_BCA_Y2-CSA-ARCH_DSN-26,20,20,25,15,20,20,40
2026-2027,DPS-GSEB-GUJ-UNI_UG_BCA_Y3-CSA-DSA-2026,DPS-GSEB-GUJ-UNI_UG_BCA_Y3-CSA-DSA-26,20,20,25,15,20,20,40
2026-2027,DPS-GSEB-GUJ-UNI_UG_BCA_Y3-CSA-DBMS-2026,DPS-GSEB-GUJ-UNI_UG_BCA_Y3-CSA-DBMS-26,20,20,25,15,20,20,40
2026-2027,DPS-GSEB-GUJ-UNI_UG_BCA_Y3-CSA-OS-2026,DPS-GSEB-GUJ-UNI_UG_BCA_Y3-CSA-OS-26,20,20,25,15,20,20,40
2026-2027,DPS-GSEB-GUJ-UNI_UG_BCA_Y3-CSA-CN-2026,DPS-GSEB-GUJ-UNI_UG_BCA_Y3-CSA-CN-26,20,20,25,15,20,20,40
2026-2027,DPS-GSEB-GUJ-UNI_UG_BCA_Y3-CSA-AI_ML-2026,DPS-GSEB-GUJ-UNI_UG_BCA_Y3-CSA-AI_ML-26,20,20,25,15,20,20,40
2026-2027,DPS-GSEB-GUJ-UNI_UG_BCA_Y3-CSA-SWE-2026,DPS-GSEB-GUJ-UNI_UG_BCA_Y3-CSA-SWE-26,20,20,25,15,20,20,40
2026-2027,DPS-GSEB-GUJ-UNI_UG_BCA_Y3-CSA-THERMO-2026,DPS-GSEB-GUJ-UNI_UG_BCA_Y3-CSA-THERMO-26,20,20,25,15,20,20,40
2026-2027,DPS-GSEB-GUJ-UNI_UG_BCA_Y3-CSA-CIRCUITS-2026,DPS-GSEB-GUJ-UNI_UG_BCA_Y3-CSA-CIRCUITS-26,20,20,25,15,20,20,40
2026-2027,DPS-GSEB-GUJ-UNI_UG_BCA_Y3-CSA-ANAT-2026,DPS-GSEB-GUJ-UNI_UG_BCA_Y3-CSA-ANAT-26,20,20,25,15,20,20,40
2026-2027,DPS-GSEB-GUJ-UNI_UG_BCA_Y3-CSA-PHYS-2026,DPS-GSEB-GUJ-UNI_UG_BCA_Y3-CSA-PHYS-26,20,20,25,15,20,20,40
2026-2027,DPS-GSEB-GUJ-UNI_UG_BCA_Y3-CSA-PHARM-2026,DPS-GSEB-GUJ-UNI_UG_BCA_Y3-CSA-PHARM-26,20,20,25,15,20,20,40
2026-2027,DPS-GSEB-GUJ-UNI_UG_BCA_Y3-CSA-PATH-2026,DPS-GSEB-GUJ-UNI_UG_BCA_Y3-CSA-PATH-26,20,20,25,15,20,20,40
2026-2027,DPS-GSEB-GUJ-UNI_UG_BCA_Y3-CSA-COM_MED-2026,DPS-GSEB-GUJ-UNI_UG_BCA_Y3-CSA-COM_MED-26,20,20,25,15,20,20,40
2026-2027,DPS-GSEB-GUJ-UNI_UG_BCA_Y3-CSA-LAW_CON-2026,DPS-GSEB-GUJ-UNI_UG_BCA_Y3-CSA-LAW_CON-26,20,20,25,15,20,20,40
2026-2027,DPS-GSEB-GUJ-UNI_UG_BCA_Y3-CSA-LAW_IPC-2026,DPS-GSEB-GUJ-UNI_UG_BCA_Y3-CSA-LAW_IPC-26,20,20,25,15,20,20,40
2026-2027,DPS-GSEB-GUJ-UNI_UG_BCA_Y3-CSA-LAW_CONTR-2026,DPS-GSEB-GUJ-UNI_UG_BCA_Y3-CSA-LAW_CONTR-26,20,20,25,15,20,20,40
2026-2027,DPS-GSEB-GUJ-UNI_UG_BCA_Y3-CSA-JURIS-2026,DPS-GSEB-GUJ-UNI_UG_BCA_Y3-CSA-JURIS-26,20,20,25,15,20,20,40
2026-2027,DPS-GSEB-GUJ-UNI_UG_BCA_Y3-CSA-CORP_ACC-2026,DPS-GSEB-GUJ-UNI_UG_BCA_Y3-CSA-CORP_ACC-26,20,20,25,15,20,20,40
2026-2027,DPS-GSEB-GUJ-UNI_UG_BCA_Y3-CSA-FIN_MGT-2026,DPS-GSEB-GUJ-UNI_UG_BCA_Y3-CSA-FIN_MGT-26,20,20,25,15,20,20,40
2026-2027,DPS-GSEB-GUJ-UNI_UG_BCA_Y3-CSA-MKT_MGT-2026,DPS-GSEB-GUJ-UNI_UG_BCA_Y3-CSA-MKT_MGT-26,20,20,25,15,20,20,40
2026-2027,DPS-GSEB-GUJ-UNI_UG_BCA_Y3-CSA-OB-2026,DPS-GSEB-GUJ-UNI_UG_BCA_Y3-CSA-OB-26,20,20,25,15,20,20,40
2026-2027,DPS-GSEB-GUJ-UNI_UG_BCA_Y3-CSA-UI_UX-2026,DPS-GSEB-GUJ-UNI_UG_BCA_Y3-CSA-UI_UX-26,20,20,25,15,20,20,40
2026-2027,DPS-GSEB-GUJ-UNI_UG_BCA_Y3-CSA-TYPO-2026,DPS-GSEB-GUJ-UNI_UG_BCA_Y3-CSA-TYPO-26,20,20,25,15,20,20,40
2026-2027,DPS-GSEB-GUJ-UNI_UG_BCA_Y3-CSA-ARCH_DSN-2026,DPS-GSEB-GUJ-UNI_UG_BCA_Y3-CSA-ARCH_DSN-26,20,20,25,15,20,20,40
2026-2027,DPS-GSEB-GUJ-UNI_UG_BBA_Y1-MGT-DSA-2026,DPS-GSEB-GUJ-UNI_UG_BBA_Y1-MGT-DSA-26,20,20,25,15,20,20,40
2026-2027,DPS-GSEB-GUJ-UNI_UG_BBA_Y1-MGT-DBMS-2026,DPS-GSEB-GUJ-UNI_UG_BBA_Y1-MGT-DBMS-26,20,20,25,15,20,20,40
2026-2027,DPS-GSEB-GUJ-UNI_UG_BBA_Y1-MGT-OS-2026,DPS-GSEB-GUJ-UNI_UG_BBA_Y1-MGT-OS-26,20,20,25,15,20,20,40
2026-2027,DPS-GSEB-GUJ-UNI_UG_BBA_Y1-MGT-CN-2026,DPS-GSEB-GUJ-UNI_UG_BBA_Y1-MGT-CN-26,20,20,25,15,20,20,40
2026-2027,DPS-GSEB-GUJ-UNI_UG_BBA_Y1-MGT-AI_ML-2026,DPS-GSEB-GUJ-UNI_UG_BBA_Y1-MGT-AI_ML-26,20,20,25,15,20,20,40
2026-2027,DPS-GSEB-GUJ-UNI_UG_BBA_Y1-MGT-SWE-2026,DPS-GSEB-GUJ-UNI_UG_BBA_Y1-MGT-SWE-26,20,20,25,15,20,20,40
2026-2027,DPS-GSEB-GUJ-UNI_UG_BBA_Y1-MGT-THERMO-2026,DPS-GSEB-GUJ-UNI_UG_BBA_Y1-MGT-THERMO-26,20,20,25,15,20,20,40
2026-2027,DPS-GSEB-GUJ-UNI_UG_BBA_Y1-MGT-CIRCUITS-2026,DPS-GSEB-GUJ-UNI_UG_BBA_Y1-MGT-CIRCUITS-26,20,20,25,15,20,20,40
2026-2027,DPS-GSEB-GUJ-UNI_UG_BBA_Y1-MGT-ANAT-2026,DPS-GSEB-GUJ-UNI_UG_BBA_Y1-MGT-ANAT-26,20,20,25,15,20,20,40
2026-2027,DPS-GSEB-GUJ-UNI_UG_BBA_Y1-MGT-PHYS-2026,DPS-GSEB-GUJ-UNI_UG_BBA_Y1-MGT-PHYS-26,20,20,25,15,20,20,40
2026-2027,DPS-GSEB-GUJ-UNI_UG_BBA_Y1-MGT-PHARM-2026,DPS-GSEB-GUJ-UNI_UG_BBA_Y1-MGT-PHARM-26,20,20,25,15,20,20,40
2026-2027,DPS-GSEB-GUJ-UNI_UG_BBA_Y1-MGT-PATH-2026,DPS-GSEB-GUJ-UNI_UG_BBA_Y1-MGT-PATH-26,20,20,25,15,20,20,40
2026-2027,DPS-GSEB-GUJ-UNI_UG_BBA_Y1-MGT-COM_MED-2026,DPS-GSEB-GUJ-UNI_UG_BBA_Y1-MGT-COM_MED-26,20,20,25,15,20,20,40
2026-2027,DPS-GSEB-GUJ-UNI_UG_BBA_Y1-MGT-LAW_CON-2026,DPS-GSEB-GUJ-UNI_UG_BBA_Y1-MGT-LAW_CON-26,20,20,25,15,20,20,40
2026-2027,DPS-GSEB-GUJ-UNI_UG_BBA_Y1-MGT-LAW_IPC-2026,DPS-GSEB-GUJ-UNI_UG_BBA_Y1-MGT-LAW_IPC-26,20,20,25,15,20,20,40
2026-2027,DPS-GSEB-GUJ-UNI_UG_BBA_Y1-MGT-LAW_CONTR-2026,DPS-GSEB-GUJ-UNI_UG_BBA_Y1-MGT-LAW_CONTR-26,20,20,25,15,20,20,40
2026-2027,DPS-GSEB-GUJ-UNI_UG_BBA_Y1-MGT-JURIS-2026,DPS-GSEB-GUJ-UNI_UG_BBA_Y1-MGT-JURIS-26,20,20,25,15,20,20,40
2026-2027,DPS-GSEB-GUJ-UNI_UG_BBA_Y1-MGT-CORP_ACC-2026,DPS-GSEB-GUJ-UNI_UG_BBA_Y1-MGT-CORP_ACC-26,20,20,25,15,20,20,40
2026-2027,DPS-GSEB-GUJ-UNI_UG_BBA_Y1-MGT-FIN_MGT-2026,DPS-GSEB-GUJ-UNI_UG_BBA_Y1-MGT-FIN_MGT-26,20,20,25,15,20,20,40
2026-2027,DPS-GSEB-GUJ-UNI_UG_BBA_Y1-MGT-MKT_MGT-2026,DPS-GSEB-GUJ-UNI_UG_BBA_Y1-MGT-MKT_MGT-26,20,20,25,15,20,20,40
2026-2027,DPS-GSEB-GUJ-UNI_UG_BBA_Y1-MGT-OB-2026,DPS-GSEB-GUJ-UNI_UG_BBA_Y1-MGT-OB-26,20,20,25,15,20,20,40
2026-2027,DPS-GSEB-GUJ-UNI_UG_BBA_Y1-MGT-UI_UX-2026,DPS-GSEB-GUJ-UNI_UG_BBA_Y1-MGT-UI_UX-26,20,20,25,15,20,20,40
2026-2027,DPS-GSEB-GUJ-UNI_UG_BBA_Y1-MGT-TYPO-2026,DPS-GSEB-GUJ-UNI_UG_BBA_Y1-MGT-TYPO-26,20,20,25,15,20,20,40
2026-2027,DPS-GSEB-GUJ-UNI_UG_BBA_Y1-MGT-ARCH_DSN-2026,DPS-GSEB-GUJ-UNI_UG_BBA_Y1-MGT-ARCH_DSN-26,20,20,25,15,20,20,40
2026-2027,DPS-GSEB-GUJ-UNI_UG_BBA_Y2-MGT-DSA-2026,DPS-GSEB-GUJ-UNI_UG_BBA_Y2-MGT-DSA-26,20,20,25,15,20,20,40
2026-2027,DPS-GSEB-GUJ-UNI_UG_BBA_Y2-MGT-DBMS-2026,DPS-GSEB-GUJ-UNI_UG_BBA_Y2-MGT-DBMS-26,20,20,25,15,20,20,40
2026-2027,DPS-GSEB-GUJ-UNI_UG_BBA_Y2-MGT-OS-2026,DPS-GSEB-GUJ-UNI_UG_BBA_Y2-MGT-OS-26,20,20,25,15,20,20,40
2026-2027,DPS-GSEB-GUJ-UNI_UG_BBA_Y2-MGT-CN-2026,DPS-GSEB-GUJ-UNI_UG_BBA_Y2-MGT-CN-26,20,20,25,15,20,20,40
2026-2027,DPS-GSEB-GUJ-UNI_UG_BBA_Y2-MGT-AI_ML-2026,DPS-GSEB-GUJ-UNI_UG_BBA_Y2-MGT-AI_ML-26,20,20,25,15,20,20,40
2026-2027,DPS-GSEB-GUJ-UNI_UG_BBA_Y2-MGT-SWE-2026,DPS-GSEB-GUJ-UNI_UG_BBA_Y2-MGT-SWE-26,20,20,25,15,20,20,40
2026-2027,DPS-GSEB-GUJ-UNI_UG_BBA_Y2-MGT-THERMO-2026,DPS-GSEB-GUJ-UNI_UG_BBA_Y2-MGT-THERMO-26,20,20,25,15,20,20,40
2026-2027,DPS-GSEB-GUJ-UNI_UG_BBA_Y2-MGT-CIRCUITS-2026,DPS-GSEB-GUJ-UNI_UG_BBA_Y2-MGT-CIRCUITS-26,20,20,25,15,20,20,40
2026-2027,DPS-GSEB-GUJ-UNI_UG_BBA_Y2-MGT-ANAT-2026,DPS-GSEB-GUJ-UNI_UG_BBA_Y2-MGT-ANAT-26,20,20,25,15,20,20,40
2026-2027,DPS-GSEB-GUJ-UNI_UG_BBA_Y2-MGT-PHYS-2026,DPS-GSEB-GUJ-UNI_UG_BBA_Y2-MGT-PHYS-26,20,20,25,15,20,20,40
2026-2027,DPS-GSEB-GUJ-UNI_UG_BBA_Y2-MGT-PHARM-2026,DPS-GSEB-GUJ-UNI_UG_BBA_Y2-MGT-PHARM-26,20,20,25,15,20,20,40
2026-2027,DPS-GSEB-GUJ-UNI_UG_BBA_Y2-MGT-PATH-2026,DPS-GSEB-GUJ-UNI_UG_BBA_Y2-MGT-PATH-26,20,20,25,15,20,20,40
2026-2027,DPS-GSEB-GUJ-UNI_UG_BBA_Y2-MGT-COM_MED-2026,DPS-GSEB-GUJ-UNI_UG_BBA_Y2-MGT-COM_MED-26,20,20,25,15,20,20,40
2026-2027,DPS-GSEB-GUJ-UNI_UG_BBA_Y2-MGT-LAW_CON-2026,DPS-GSEB-GUJ-UNI_UG_BBA_Y2-MGT-LAW_CON-26,20,20,25,15,20,20,40
2026-2027,DPS-GSEB-GUJ-UNI_UG_BBA_Y2-MGT-LAW_IPC-2026,DPS-GSEB-GUJ-UNI_UG_BBA_Y2-MGT-LAW_IPC-26,20,20,25,15,20,20,40
2026-2027,DPS-GSEB-GUJ-UNI_UG_BBA_Y2-MGT-LAW_CONTR-2026,DPS-GSEB-GUJ-UNI_UG_BBA_Y2-MGT-LAW_CONTR-26,20,20,25,15,20,20,40
2026-2027,DPS-GSEB-GUJ-UNI_UG_BBA_Y2-MGT-JURIS-2026,DPS-GSEB-GUJ-UNI_UG_BBA_Y2-MGT-JURIS-26,20,20,25,15,20,20,40
2026-2027,DPS-GSEB-GUJ-UNI_UG_BBA_Y2-MGT-CORP_ACC-2026,DPS-GSEB-GUJ-UNI_UG_BBA_Y2-MGT-CORP_ACC-26,20,20,25,15,20,20,40
2026-2027,DPS-GSEB-GUJ-UNI_UG_BBA_Y2-MGT-FIN_MGT-2026,DPS-GSEB-GUJ-UNI_UG_BBA_Y2-MGT-FIN_MGT-26,20,20,25,15,20,20,40
2026-2027,DPS-GSEB-GUJ-UNI_UG_BBA_Y2-MGT-MKT_MGT-2026,DPS-GSEB-GUJ-UNI_UG_BBA_Y2-MGT-MKT_MGT-26,20,20,25,15,20,20,40
2026-2027,DPS-GSEB-GUJ-UNI_UG_BBA_Y2-MGT-OB-2026,DPS-GSEB-GUJ-UNI_UG_BBA_Y2-MGT-OB-26,20,20,25,15,20,20,40
2026-2027,DPS-GSEB-GUJ-UNI_UG_BBA_Y2-MGT-UI_UX-2026,DPS-GSEB-GUJ-UNI_UG_BBA_Y2-MGT-UI_UX-26,20,20,25,15,20,20,40
2026-2027,DPS-GSEB-GUJ-UNI_UG_BBA_Y2-MGT-TYPO-2026,DPS-GSEB-GUJ-UNI_UG_BBA_Y2-MGT-TYPO-26,20,20,25,15,20,20,40
2026-2027,DPS-GSEB-GUJ-UNI_UG_BBA_Y2-MGT-ARCH_DSN-2026,DPS-GSEB-GUJ-UNI_UG_BBA_Y2-MGT-ARCH_DSN-26,20,20,25,15,20,20,40
2026-2027,DPS-GSEB-GUJ-UNI_UG_BBA_Y3-MGT-DSA-2026,DPS-GSEB-GUJ-UNI_UG_BBA_Y3-MGT-DSA-26,20,20,25,15,20,20,40
2026-2027,DPS-GSEB-GUJ-UNI_UG_BBA_Y3-MGT-DBMS-2026,DPS-GSEB-GUJ-UNI_UG_BBA_Y3-MGT-DBMS-26,20,20,25,15,20,20,40
2026-2027,DPS-GSEB-GUJ-UNI_UG_BBA_Y3-MGT-OS-2026,DPS-GSEB-GUJ-UNI_UG_BBA_Y3-MGT-OS-26,20,20,25,15,20,20,40
2026-2027,DPS-GSEB-GUJ-UNI_UG_BBA_Y3-MGT-CN-2026,DPS-GSEB-GUJ-UNI_UG_BBA_Y3-MGT-CN-26,20,20,25,15,20,20,40
2026-2027,DPS-GSEB-GUJ-UNI_UG_BBA_Y3-MGT-AI_ML-2026,DPS-GSEB-GUJ-UNI_UG_BBA_Y3-MGT-AI_ML-26,20,20,25,15,20,20,40
2026-2027,DPS-GSEB-GUJ-UNI_UG_BBA_Y3-MGT-SWE-2026,DPS-GSEB-GUJ-UNI_UG_BBA_Y3-MGT-SWE-26,20,20,25,15,20,20,40
2026-2027,DPS-GSEB-GUJ-UNI_UG_BBA_Y3-MGT-THERMO-2026,DPS-GSEB-GUJ-UNI_UG_BBA_Y3-MGT-THERMO-26,20,20,25,15,20,20,40
2026-2027,DPS-GSEB-GUJ-UNI_UG_BBA_Y3-MGT-CIRCUITS-2026,DPS-GSEB-GUJ-UNI_UG_BBA_Y3-MGT-CIRCUITS-26,20,20,25,15,20,20,40
2026-2027,DPS-GSEB-GUJ-UNI_UG_BBA_Y3-MGT-ANAT-2026,DPS-GSEB-GUJ-UNI_UG_BBA_Y3-MGT-ANAT-26,20,20,25,15,20,20,40
2026-2027,DPS-GSEB-GUJ-UNI_UG_BBA_Y3-MGT-PHYS-2026,DPS-GSEB-GUJ-UNI_UG_BBA_Y3-MGT-PHYS-26,20,20,25,15,20,20,40
2026-2027,DPS-GSEB-GUJ-UNI_UG_BBA_Y3-MGT-PHARM-2026,DPS-GSEB-GUJ-UNI_UG_BBA_Y3-MGT-PHARM-26,20,20,25,15,20,20,40
2026-2027,DPS-GSEB-GUJ-UNI_UG_BBA_Y3-MGT-PATH-2026,DPS-GSEB-GUJ-UNI_UG_BBA_Y3-MGT-PATH-26,20,20,25,15,20,20,40
2026-2027,DPS-GSEB-GUJ-UNI_UG_BBA_Y3-MGT-COM_MED-2026,DPS-GSEB-GUJ-UNI_UG_BBA_Y3-MGT-COM_MED-26,20,20,25,15,20,20,40
2026-2027,DPS-GSEB-GUJ-UNI_UG_BBA_Y3-MGT-LAW_CON-2026,DPS-GSEB-GUJ-UNI_UG_BBA_Y3-MGT-LAW_CON-26,20,20,25,15,20,20,40
2026-2027,DPS-GSEB-GUJ-UNI_UG_BBA_Y3-MGT-LAW_IPC-2026,DPS-GSEB-GUJ-UNI_UG_BBA_Y3-MGT-LAW_IPC-26,20,20,25,15,20,20,40
2026-2027,DPS-GSEB-GUJ-UNI_UG_BBA_Y3-MGT-LAW_CONTR-2026,DPS-GSEB-GUJ-UNI_UG_BBA_Y3-MGT-LAW_CONTR-26,20,20,25,15,20,20,40
2026-2027,DPS-GSEB-GUJ-UNI_UG_BBA_Y3-MGT-JURIS-2026,DPS-GSEB-GUJ-UNI_UG_BBA_Y3-MGT-JURIS-26,20,20,25,15,20,20,40
2026-2027,DPS-GSEB-GUJ-UNI_UG_BBA_Y3-MGT-CORP_ACC-2026,DPS-GSEB-GUJ-UNI_UG_BBA_Y3-MGT-CORP_ACC-26,20,20,25,15,20,20,40
2026-2027,DPS-GSEB-GUJ-UNI_UG_BBA_Y3-MGT-FIN_MGT-2026,DPS-GSEB-GUJ-UNI_UG_BBA_Y3-MGT-FIN_MGT-26,20,20,25,15,20,20,40
2026-2027,DPS-GSEB-GUJ-UNI_UG_BBA_Y3-MGT-MKT_MGT-2026,DPS-GSEB-GUJ-UNI_UG_BBA_Y3-MGT-MKT_MGT-26,20,20,25,15,20,20,40
2026-2027,DPS-GSEB-GUJ-UNI_UG_BBA_Y3-MGT-OB-2026,DPS-GSEB-GUJ-UNI_UG_BBA_Y3-MGT-OB-26,20,20,25,15,20,20,40
2026-2027,DPS-GSEB-GUJ-UNI_UG_BBA_Y3-MGT-UI_UX-2026,DPS-GSEB-GUJ-UNI_UG_BBA_Y3-MGT-UI_UX-26,20,20,25,15,20,20,40
2026-2027,DPS-GSEB-GUJ-UNI_UG_BBA_Y3-MGT-TYPO-2026,DPS-GSEB-GUJ-UNI_UG_BBA_Y3-MGT-TYPO-26,20,20,25,15,20,20,40
2026-2027,DPS-GSEB-GUJ-UNI_UG_BBA_Y3-MGT-ARCH_DSN-2026,DPS-GSEB-GUJ-UNI_UG_BBA_Y3-MGT-ARCH_DSN-26,20,20,25,15,20,20,40
2026-2027,DPS-GSEB-GUJ-UNI_UG_BARCH_Y1-ARC-DSA-2026,DPS-GSEB-GUJ-UNI_UG_BARCH_Y1-ARC-DSA-26,20,20,25,15,20,20,40
2026-2027,DPS-GSEB-GUJ-UNI_UG_BARCH_Y1-ARC-DBMS-2026,DPS-GSEB-GUJ-UNI_UG_BARCH_Y1-ARC-DBMS-26,20,20,25,15,20,20,40
2026-2027,DPS-GSEB-GUJ-UNI_UG_BARCH_Y1-ARC-OS-2026,DPS-GSEB-GUJ-UNI_UG_BARCH_Y1-ARC-OS-26,20,20,25,15,20,20,40
2026-2027,DPS-GSEB-GUJ-UNI_UG_BARCH_Y1-ARC-CN-2026,DPS-GSEB-GUJ-UNI_UG_BARCH_Y1-ARC-CN-26,20,20,25,15,20,20,40
2026-2027,DPS-GSEB-GUJ-UNI_UG_BARCH_Y1-ARC-AI_ML-2026,DPS-GSEB-GUJ-UNI_UG_BARCH_Y1-ARC-AI_ML-26,20,20,25,15,20,20,40
2026-2027,DPS-GSEB-GUJ-UNI_UG_BARCH_Y1-ARC-SWE-2026,DPS-GSEB-GUJ-UNI_UG_BARCH_Y1-ARC-SWE-26,20,20,25,15,20,20,40
2026-2027,DPS-GSEB-GUJ-UNI_UG_BARCH_Y1-ARC-THERMO-2026,DPS-GSEB-GUJ-UNI_UG_BARCH_Y1-ARC-THERMO-26,20,20,25,15,20,20,40
2026-2027,DPS-GSEB-GUJ-UNI_UG_BARCH_Y1-ARC-CIRCUITS-2026,DPS-GSEB-GUJ-UNI_UG_BARCH_Y1-ARC-CIRCUITS-26,20,20,25,15,20,20,40
2026-2027,DPS-GSEB-GUJ-UNI_UG_BARCH_Y1-ARC-ANAT-2026,DPS-GSEB-GUJ-UNI_UG_BARCH_Y1-ARC-ANAT-26,20,20,25,15,20,20,40
2026-2027,DPS-GSEB-GUJ-UNI_UG_BARCH_Y1-ARC-PHYS-2026,DPS-GSEB-GUJ-UNI_UG_BARCH_Y1-ARC-PHYS-26,20,20,25,15,20,20,40
2026-2027,DPS-GSEB-GUJ-UNI_UG_BARCH_Y1-ARC-PHARM-2026,DPS-GSEB-GUJ-UNI_UG_BARCH_Y1-ARC-PHARM-26,20,20,25,15,20,20,40
2026-2027,DPS-GSEB-GUJ-UNI_UG_BARCH_Y1-ARC-PATH-2026,DPS-GSEB-GUJ-UNI_UG_BARCH_Y1-ARC-PATH-26,20,20,25,15,20,20,40
2026-2027,DPS-GSEB-GUJ-UNI_UG_BARCH_Y1-ARC-COM_MED-2026,DPS-GSEB-GUJ-UNI_UG_BARCH_Y1-ARC-COM_MED-26,20,20,25,15,20,20,40
2026-2027,DPS-GSEB-GUJ-UNI_UG_BARCH_Y1-ARC-LAW_CON-2026,DPS-GSEB-GUJ-UNI_UG_BARCH_Y1-ARC-LAW_CON-26,20,20,25,15,20,20,40
2026-2027,DPS-GSEB-GUJ-UNI_UG_BARCH_Y1-ARC-LAW_IPC-2026,DPS-GSEB-GUJ-UNI_UG_BARCH_Y1-ARC-LAW_IPC-26,20,20,25,15,20,20,40
2026-2027,DPS-GSEB-GUJ-UNI_UG_BARCH_Y1-ARC-LAW_CONTR-2026,DPS-GSEB-GUJ-UNI_UG_BARCH_Y1-ARC-LAW_CONTR-26,20,20,25,15,20,20,40
2026-2027,DPS-GSEB-GUJ-UNI_UG_BARCH_Y1-ARC-JURIS-2026,DPS-GSEB-GUJ-UNI_UG_BARCH_Y1-ARC-JURIS-26,20,20,25,15,20,20,40
2026-2027,DPS-GSEB-GUJ-UNI_UG_BARCH_Y1-ARC-CORP_ACC-2026,DPS-GSEB-GUJ-UNI_UG_BARCH_Y1-ARC-CORP_ACC-26,20,20,25,15,20,20,40
2026-2027,DPS-GSEB-GUJ-UNI_UG_BARCH_Y1-ARC-FIN_MGT-2026,DPS-GSEB-GUJ-UNI_UG_BARCH_Y1-ARC-FIN_MGT-26,20,20,25,15,20,20,40
2026-2027,DPS-GSEB-GUJ-UNI_UG_BARCH_Y1-ARC-MKT_MGT-2026,DPS-GSEB-GUJ-UNI_UG_BARCH_Y1-ARC-MKT_MGT-26,20,20,25,15,20,20,40
2026-2027,DPS-GSEB-GUJ-UNI_UG_BARCH_Y1-ARC-OB-2026,DPS-GSEB-GUJ-UNI_UG_BARCH_Y1-ARC-OB-26,20,20,25,15,20,20,40
2026-2027,DPS-GSEB-GUJ-UNI_UG_BARCH_Y1-ARC-UI_UX-2026,DPS-GSEB-GUJ-UNI_UG_BARCH_Y1-ARC-UI_UX-26,20,20,25,15,20,20,40
2026-2027,DPS-GSEB-GUJ-UNI_UG_BARCH_Y1-ARC-TYPO-2026,DPS-GSEB-GUJ-UNI_UG_BARCH_Y1-ARC-TYPO-26,20,20,25,15,20,20,40
2026-2027,DPS-GSEB-GUJ-UNI_UG_BARCH_Y1-ARC-ARCH_DSN-2026,DPS-GSEB-GUJ-UNI_UG_BARCH_Y1-ARC-ARCH_DSN-26,20,20,25,15,20,20,40
2026-2027,DPS-GSEB-GUJ-UNI_UG_BARCH_Y5-ARC-DSA-2026,DPS-GSEB-GUJ-UNI_UG_BARCH_Y5-ARC-DSA-26,20,20,25,15,20,20,40
2026-2027,DPS-GSEB-GUJ-UNI_UG_BARCH_Y5-ARC-DBMS-2026,DPS-GSEB-GUJ-UNI_UG_BARCH_Y5-ARC-DBMS-26,20,20,25,15,20,20,40
2026-2027,DPS-GSEB-GUJ-UNI_UG_BARCH_Y5-ARC-OS-2026,DPS-GSEB-GUJ-UNI_UG_BARCH_Y5-ARC-OS-26,20,20,25,15,20,20,40
2026-2027,DPS-GSEB-GUJ-UNI_UG_BARCH_Y5-ARC-CN-2026,DPS-GSEB-GUJ-UNI_UG_BARCH_Y5-ARC-CN-26,20,20,25,15,20,20,40
2026-2027,DPS-GSEB-GUJ-UNI_UG_BARCH_Y5-ARC-AI_ML-2026,DPS-GSEB-GUJ-UNI_UG_BARCH_Y5-ARC-AI_ML-26,20,20,25,15,20,20,40
2026-2027,DPS-GSEB-GUJ-UNI_UG_BARCH_Y5-ARC-SWE-2026,DPS-GSEB-GUJ-UNI_UG_BARCH_Y5-ARC-SWE-26,20,20,25,15,20,20,40
2026-2027,DPS-GSEB-GUJ-UNI_UG_BARCH_Y5-ARC-THERMO-2026,DPS-GSEB-GUJ-UNI_UG_BARCH_Y5-ARC-THERMO-26,20,20,25,15,20,20,40
2026-2027,DPS-GSEB-GUJ-UNI_UG_BARCH_Y5-ARC-CIRCUITS-2026,DPS-GSEB-GUJ-UNI_UG_BARCH_Y5-ARC-CIRCUITS-26,20,20,25,15,20,20,40
2026-2027,DPS-GSEB-GUJ-UNI_UG_BARCH_Y5-ARC-ANAT-2026,DPS-GSEB-GUJ-UNI_UG_BARCH_Y5-ARC-ANAT-26,20,20,25,15,20,20,40
2026-2027,DPS-GSEB-GUJ-UNI_UG_BARCH_Y5-ARC-PHYS-2026,DPS-GSEB-GUJ-UNI_UG_BARCH_Y5-ARC-PHYS-26,20,20,25,15,20,20,40
2026-2027,DPS-GSEB-GUJ-UNI_UG_BARCH_Y5-ARC-PHARM-2026,DPS-GSEB-GUJ-UNI_UG_BARCH_Y5-ARC-PHARM-26,20,20,25,15,20,20,40
2026-2027,DPS-GSEB-GUJ-UNI_UG_BARCH_Y5-ARC-PATH-2026,DPS-GSEB-GUJ-UNI_UG_BARCH_Y5-ARC-PATH-26,20,20,25,15,20,20,40
2026-2027,DPS-GSEB-GUJ-UNI_UG_BARCH_Y5-ARC-COM_MED-2026,DPS-GSEB-GUJ-UNI_UG_BARCH_Y5-ARC-COM_MED-26,20,20,25,15,20,20,40
2026-2027,DPS-GSEB-GUJ-UNI_UG_BARCH_Y5-ARC-LAW_CON-2026,DPS-GSEB-GUJ-UNI_UG_BARCH_Y5-ARC-LAW_CON-26,20,20,25,15,20,20,40
2026-2027,DPS-GSEB-GUJ-UNI_UG_BARCH_Y5-ARC-LAW_IPC-2026,DPS-GSEB-GUJ-UNI_UG_BARCH_Y5-ARC-LAW_IPC-26,20,20,25,15,20,20,40
2026-2027,DPS-GSEB-GUJ-UNI_UG_BARCH_Y5-ARC-LAW_CONTR-2026,DPS-GSEB-GUJ-UNI_UG_BARCH_Y5-ARC-LAW_CONTR-26,20,20,25,15,20,20,40
2026-2027,DPS-GSEB-GUJ-UNI_UG_BARCH_Y5-ARC-JURIS-2026,DPS-GSEB-GUJ-UNI_UG_BARCH_Y5-ARC-JURIS-26,20,20,25,15,20,20,40
2026-2027,DPS-GSEB-GUJ-UNI_UG_BARCH_Y5-ARC-CORP_ACC-2026,DPS-GSEB-GUJ-UNI_UG_BARCH_Y5-ARC-CORP_ACC-26,20,20,25,15,20,20,40
2026-2027,DPS-GSEB-GUJ-UNI_UG_BARCH_Y5-ARC-FIN_MGT-2026,DPS-GSEB-GUJ-UNI_UG_BARCH_Y5-ARC-FIN_MGT-26,20,20,25,15,20,20,40
2026-2027,DPS-GSEB-GUJ-UNI_UG_BARCH_Y5-ARC-MKT_MGT-2026,DPS-GSEB-GUJ-UNI_UG_BARCH_Y5-ARC-MKT_MGT-26,20,20,25,15,20,20,40
2026-2027,DPS-GSEB-GUJ-UNI_UG_BARCH_Y5-ARC-OB-2026,DPS-GSEB-GUJ-UNI_UG_BARCH_Y5-ARC-OB-26,20,20,25,15,20,20,40
2026-2027,DPS-GSEB-GUJ-UNI_UG_BARCH_Y5-ARC-UI_UX-2026,DPS-GSEB-GUJ-UNI_UG_BARCH_Y5-ARC-UI_UX-26,20,20,25,15,20,20,40
2026-2027,DPS-GSEB-GUJ-UNI_UG_BARCH_Y5-ARC-TYPO-2026,DPS-GSEB-GUJ-UNI_UG_BARCH_Y5-ARC-TYPO-26,20,20,25,15,20,20,40
2026-2027,DPS-GSEB-GUJ-UNI_UG_BARCH_Y5-ARC-ARCH_DSN-2026,DPS-GSEB-GUJ-UNI_UG_BARCH_Y5-ARC-ARCH_DSN-26,20,20,25,15,20,20,40
2026-2027,DPS-GSEB-GUJ-UNI_UG_BPT_Y1-AHS-DSA-2026,DPS-GSEB-GUJ-UNI_UG_BPT_Y1-AHS-DSA-26,20,20,25,15,20,20,40
2026-2027,DPS-GSEB-GUJ-UNI_UG_BPT_Y1-AHS-DBMS-2026,DPS-GSEB-GUJ-UNI_UG_BPT_Y1-AHS-DBMS-26,20,20,25,15,20,20,40
2026-2027,DPS-GSEB-GUJ-UNI_UG_BPT_Y1-AHS-OS-2026,DPS-GSEB-GUJ-UNI_UG_BPT_Y1-AHS-OS-26,20,20,25,15,20,20,40
2026-2027,DPS-GSEB-GUJ-UNI_UG_BPT_Y1-AHS-CN-2026,DPS-GSEB-GUJ-UNI_UG_BPT_Y1-AHS-CN-26,20,20,25,15,20,20,40
2026-2027,DPS-GSEB-GUJ-UNI_UG_BPT_Y1-AHS-AI_ML-2026,DPS-GSEB-GUJ-UNI_UG_BPT_Y1-AHS-AI_ML-26,20,20,25,15,20,20,40
2026-2027,DPS-GSEB-GUJ-UNI_UG_BPT_Y1-AHS-SWE-2026,DPS-GSEB-GUJ-UNI_UG_BPT_Y1-AHS-SWE-26,20,20,25,15,20,20,40
2026-2027,DPS-GSEB-GUJ-UNI_UG_BPT_Y1-AHS-THERMO-2026,DPS-GSEB-GUJ-UNI_UG_BPT_Y1-AHS-THERMO-26,20,20,25,15,20,20,40
2026-2027,DPS-GSEB-GUJ-UNI_UG_BPT_Y1-AHS-CIRCUITS-2026,DPS-GSEB-GUJ-UNI_UG_BPT_Y1-AHS-CIRCUITS-26,20,20,25,15,20,20,40
2026-2027,DPS-GSEB-GUJ-UNI_UG_BPT_Y1-AHS-ANAT-2026,DPS-GSEB-GUJ-UNI_UG_BPT_Y1-AHS-ANAT-26,20,20,25,15,20,20,40
2026-2027,DPS-GSEB-GUJ-UNI_UG_BPT_Y1-AHS-PHYS-2026,DPS-GSEB-GUJ-UNI_UG_BPT_Y1-AHS-PHYS-26,20,20,25,15,20,20,40
2026-2027,DPS-GSEB-GUJ-UNI_UG_BPT_Y1-AHS-PHARM-2026,DPS-GSEB-GUJ-UNI_UG_BPT_Y1-AHS-PHARM-26,20,20,25,15,20,20,40
2026-2027,DPS-GSEB-GUJ-UNI_UG_BPT_Y1-AHS-PATH-2026,DPS-GSEB-GUJ-UNI_UG_BPT_Y1-AHS-PATH-26,20,20,25,15,20,20,40
2026-2027,DPS-GSEB-GUJ-UNI_UG_BPT_Y1-AHS-COM_MED-2026,DPS-GSEB-GUJ-UNI_UG_BPT_Y1-AHS-COM_MED-26,20,20,25,15,20,20,40
2026-2027,DPS-GSEB-GUJ-UNI_UG_BPT_Y1-AHS-LAW_CON-2026,DPS-GSEB-GUJ-UNI_UG_BPT_Y1-AHS-LAW_CON-26,20,20,25,15,20,20,40
2026-2027,DPS-GSEB-GUJ-UNI_UG_BPT_Y1-AHS-LAW_IPC-2026,DPS-GSEB-GUJ-UNI_UG_BPT_Y1-AHS-LAW_IPC-26,20,20,25,15,20,20,40
2026-2027,DPS-GSEB-GUJ-UNI_UG_BPT_Y1-AHS-LAW_CONTR-2026,DPS-GSEB-GUJ-UNI_UG_BPT_Y1-AHS-LAW_CONTR-26,20,20,25,15,20,20,40
2026-2027,DPS-GSEB-GUJ-UNI_UG_BPT_Y1-AHS-JURIS-2026,DPS-GSEB-GUJ-UNI_UG_BPT_Y1-AHS-JURIS-26,20,20,25,15,20,20,40
2026-2027,DPS-GSEB-GUJ-UNI_UG_BPT_Y1-AHS-CORP_ACC-2026,DPS-GSEB-GUJ-UNI_UG_BPT_Y1-AHS-CORP_ACC-26,20,20,25,15,20,20,40
2026-2027,DPS-GSEB-GUJ-UNI_UG_BPT_Y1-AHS-FIN_MGT-2026,DPS-GSEB-GUJ-UNI_UG_BPT_Y1-AHS-FIN_MGT-26,20,20,25,15,20,20,40
2026-2027,DPS-GSEB-GUJ-UNI_UG_BPT_Y1-AHS-MKT_MGT-2026,DPS-GSEB-GUJ-UNI_UG_BPT_Y1-AHS-MKT_MGT-26,20,20,25,15,20,20,40
2026-2027,DPS-GSEB-GUJ-UNI_UG_BPT_Y1-AHS-OB-2026,DPS-GSEB-GUJ-UNI_UG_BPT_Y1-AHS-OB-26,20,20,25,15,20,20,40
2026-2027,DPS-GSEB-GUJ-UNI_UG_BPT_Y1-AHS-UI_UX-2026,DPS-GSEB-GUJ-UNI_UG_BPT_Y1-AHS-UI_UX-26,20,20,25,15,20,20,40
2026-2027,DPS-GSEB-GUJ-UNI_UG_BPT_Y1-AHS-TYPO-2026,DPS-GSEB-GUJ-UNI_UG_BPT_Y1-AHS-TYPO-26,20,20,25,15,20,20,40
2026-2027,DPS-GSEB-GUJ-UNI_UG_BPT_Y1-AHS-ARCH_DSN-2026,DPS-GSEB-GUJ-UNI_UG_BPT_Y1-AHS-ARCH_DSN-26,20,20,25,15,20,20,40
2026-2027,DPS-GSEB-GUJ-UNI_UG_BPT_Y4-AHS-DSA-2026,DPS-GSEB-GUJ-UNI_UG_BPT_Y4-AHS-DSA-26,20,20,25,15,20,20,40
2026-2027,DPS-GSEB-GUJ-UNI_UG_BPT_Y4-AHS-DBMS-2026,DPS-GSEB-GUJ-UNI_UG_BPT_Y4-AHS-DBMS-26,20,20,25,15,20,20,40
2026-2027,DPS-GSEB-GUJ-UNI_UG_BPT_Y4-AHS-OS-2026,DPS-GSEB-GUJ-UNI_UG_BPT_Y4-AHS-OS-26,20,20,25,15,20,20,40
2026-2027,DPS-GSEB-GUJ-UNI_UG_BPT_Y4-AHS-CN-2026,DPS-GSEB-GUJ-UNI_UG_BPT_Y4-AHS-CN-26,20,20,25,15,20,20,40
2026-2027,DPS-GSEB-GUJ-UNI_UG_BPT_Y4-AHS-AI_ML-2026,DPS-GSEB-GUJ-UNI_UG_BPT_Y4-AHS-AI_ML-26,20,20,25,15,20,20,40
2026-2027,DPS-GSEB-GUJ-UNI_UG_BPT_Y4-AHS-SWE-2026,DPS-GSEB-GUJ-UNI_UG_BPT_Y4-AHS-SWE-26,20,20,25,15,20,20,40
2026-2027,DPS-GSEB-GUJ-UNI_UG_BPT_Y4-AHS-THERMO-2026,DPS-GSEB-GUJ-UNI_UG_BPT_Y4-AHS-THERMO-26,20,20,25,15,20,20,40
2026-2027,DPS-GSEB-GUJ-UNI_UG_BPT_Y4-AHS-CIRCUITS-2026,DPS-GSEB-GUJ-UNI_UG_BPT_Y4-AHS-CIRCUITS-26,20,20,25,15,20,20,40
2026-2027,DPS-GSEB-GUJ-UNI_UG_BPT_Y4-AHS-ANAT-2026,DPS-GSEB-GUJ-UNI_UG_BPT_Y4-AHS-ANAT-26,20,20,25,15,20,20,40
2026-2027,DPS-GSEB-GUJ-UNI_UG_BPT_Y4-AHS-PHYS-2026,DPS-GSEB-GUJ-UNI_UG_BPT_Y4-AHS-PHYS-26,20,20,25,15,20,20,40
2026-2027,DPS-GSEB-GUJ-UNI_UG_BPT_Y4-AHS-PHARM-2026,DPS-GSEB-GUJ-UNI_UG_BPT_Y4-AHS-PHARM-26,20,20,25,15,20,20,40
2026-2027,DPS-GSEB-GUJ-UNI_UG_BPT_Y4-AHS-PATH-2026,DPS-GSEB-GUJ-UNI_UG_BPT_Y4-AHS-PATH-26,20,20,25,15,20,20,40
2026-2027,DPS-GSEB-GUJ-UNI_UG_BPT_Y4-AHS-COM_MED-2026,DPS-GSEB-GUJ-UNI_UG_BPT_Y4-AHS-COM_MED-26,20,20,25,15,20,20,40
2026-2027,DPS-GSEB-GUJ-UNI_UG_BPT_Y4-AHS-LAW_CON-2026,DPS-GSEB-GUJ-UNI_UG_BPT_Y4-AHS-LAW_CON-26,20,20,25,15,20,20,40
2026-2027,DPS-GSEB-GUJ-UNI_UG_BPT_Y4-AHS-LAW_IPC-2026,DPS-GSEB-GUJ-UNI_UG_BPT_Y4-AHS-LAW_IPC-26,20,20,25,15,20,20,40
2026-2027,DPS-GSEB-GUJ-UNI_UG_BPT_Y4-AHS-LAW_CONTR-2026,DPS-GSEB-GUJ-UNI_UG_BPT_Y4-AHS-LAW_CONTR-26,20,20,25,15,20,20,40
2026-2027,DPS-GSEB-GUJ-UNI_UG_BPT_Y4-AHS-JURIS-2026,DPS-GSEB-GUJ-UNI_UG_BPT_Y4-AHS-JURIS-26,20,20,25,15,20,20,40
2026-2027,DPS-GSEB-GUJ-UNI_UG_BPT_Y4-AHS-CORP_ACC-2026,DPS-GSEB-GUJ-UNI_UG_BPT_Y4-AHS-CORP_ACC-26,20,20,25,15,20,20,40
2026-2027,DPS-GSEB-GUJ-UNI_UG_BPT_Y4-AHS-FIN_MGT-2026,DPS-GSEB-GUJ-UNI_UG_BPT_Y4-AHS-FIN_MGT-26,20,20,25,15,20,20,40
2026-2027,DPS-GSEB-GUJ-UNI_UG_BPT_Y4-AHS-MKT_MGT-2026,DPS-GSEB-GUJ-UNI_UG_BPT_Y4-AHS-MKT_MGT-26,20,20,25,15,20,20,40
2026-2027,DPS-GSEB-GUJ-UNI_UG_BPT_Y4-AHS-OB-2026,DPS-GSEB-GUJ-UNI_UG_BPT_Y4-AHS-OB-26,20,20,25,15,20,20,40
2026-2027,DPS-GSEB-GUJ-UNI_UG_BPT_Y4-AHS-UI_UX-2026,DPS-GSEB-GUJ-UNI_UG_BPT_Y4-AHS-UI_UX-26,20,20,25,15,20,20,40
2026-2027,DPS-GSEB-GUJ-UNI_UG_BPT_Y4-AHS-TYPO-2026,DPS-GSEB-GUJ-UNI_UG_BPT_Y4-AHS-TYPO-26,20,20,25,15,20,20,40
2026-2027,DPS-GSEB-GUJ-UNI_UG_BPT_Y4-AHS-ARCH_DSN-2026,DPS-GSEB-GUJ-UNI_UG_BPT_Y4-AHS-ARCH_DSN-26,20,20,25,15,20,20,40
2026-2027,DPS-GSEB-GUJ-UNI_UG_BSW_Y1-ART-DSA-2026,DPS-GSEB-GUJ-UNI_UG_BSW_Y1-ART-DSA-26,20,20,25,15,20,20,40
2026-2027,DPS-GSEB-GUJ-UNI_UG_BSW_Y1-ART-DBMS-2026,DPS-GSEB-GUJ-UNI_UG_BSW_Y1-ART-DBMS-26,20,20,25,15,20,20,40
2026-2027,DPS-GSEB-GUJ-UNI_UG_BSW_Y1-ART-OS-2026,DPS-GSEB-GUJ-UNI_UG_BSW_Y1-ART-OS-26,20,20,25,15,20,20,40
2026-2027,DPS-GSEB-GUJ-UNI_UG_BSW_Y1-ART-CN-2026,DPS-GSEB-GUJ-UNI_UG_BSW_Y1-ART-CN-26,20,20,25,15,20,20,40
2026-2027,DPS-GSEB-GUJ-UNI_UG_BSW_Y1-ART-AI_ML-2026,DPS-GSEB-GUJ-UNI_UG_BSW_Y1-ART-AI_ML-26,20,20,25,15,20,20,40
2026-2027,DPS-GSEB-GUJ-UNI_UG_BSW_Y1-ART-SWE-2026,DPS-GSEB-GUJ-UNI_UG_BSW_Y1-ART-SWE-26,20,20,25,15,20,20,40
2026-2027,DPS-GSEB-GUJ-UNI_UG_BSW_Y1-ART-THERMO-2026,DPS-GSEB-GUJ-UNI_UG_BSW_Y1-ART-THERMO-26,20,20,25,15,20,20,40
2026-2027,DPS-GSEB-GUJ-UNI_UG_BSW_Y1-ART-CIRCUITS-2026,DPS-GSEB-GUJ-UNI_UG_BSW_Y1-ART-CIRCUITS-26,20,20,25,15,20,20,40
2026-2027,DPS-GSEB-GUJ-UNI_UG_BSW_Y1-ART-ANAT-2026,DPS-GSEB-GUJ-UNI_UG_BSW_Y1-ART-ANAT-26,20,20,25,15,20,20,40
2026-2027,DPS-GSEB-GUJ-UNI_UG_BSW_Y1-ART-PHYS-2026,DPS-GSEB-GUJ-UNI_UG_BSW_Y1-ART-PHYS-26,20,20,25,15,20,20,40
2026-2027,DPS-GSEB-GUJ-UNI_UG_BSW_Y1-ART-PHARM-2026,DPS-GSEB-GUJ-UNI_UG_BSW_Y1-ART-PHARM-26,20,20,25,15,20,20,40
2026-2027,DPS-GSEB-GUJ-UNI_UG_BSW_Y1-ART-PATH-2026,DPS-GSEB-GUJ-UNI_UG_BSW_Y1-ART-PATH-26,20,20,25,15,20,20,40
2026-2027,DPS-GSEB-GUJ-UNI_UG_BSW_Y1-ART-COM_MED-2026,DPS-GSEB-GUJ-UNI_UG_BSW_Y1-ART-COM_MED-26,20,20,25,15,20,20,40
2026-2027,DPS-GSEB-GUJ-UNI_UG_BSW_Y1-ART-LAW_CON-2026,DPS-GSEB-GUJ-UNI_UG_BSW_Y1-ART-LAW_CON-26,20,20,25,15,20,20,40
2026-2027,DPS-GSEB-GUJ-UNI_UG_BSW_Y1-ART-LAW_IPC-2026,DPS-GSEB-GUJ-UNI_UG_BSW_Y1-ART-LAW_IPC-26,20,20,25,15,20,20,40
2026-2027,DPS-GSEB-GUJ-UNI_UG_BSW_Y1-ART-LAW_CONTR-2026,DPS-GSEB-GUJ-UNI_UG_BSW_Y1-ART-LAW_CONTR-26,20,20,25,15,20,20,40
2026-2027,DPS-GSEB-GUJ-UNI_UG_BSW_Y1-ART-JURIS-2026,DPS-GSEB-GUJ-UNI_UG_BSW_Y1-ART-JURIS-26,20,20,25,15,20,20,40
2026-2027,DPS-GSEB-GUJ-UNI_UG_BSW_Y1-ART-CORP_ACC-2026,DPS-GSEB-GUJ-UNI_UG_BSW_Y1-ART-CORP_ACC-26,20,20,25,15,20,20,40
2026-2027,DPS-GSEB-GUJ-UNI_UG_BSW_Y1-ART-FIN_MGT-2026,DPS-GSEB-GUJ-UNI_UG_BSW_Y1-ART-FIN_MGT-26,20,20,25,15,20,20,40
2026-2027,DPS-GSEB-GUJ-UNI_UG_BSW_Y1-ART-MKT_MGT-2026,DPS-GSEB-GUJ-UNI_UG_BSW_Y1-ART-MKT_MGT-26,20,20,25,15,20,20,40
2026-2027,DPS-GSEB-GUJ-UNI_UG_BSW_Y1-ART-OB-2026,DPS-GSEB-GUJ-UNI_UG_BSW_Y1-ART-OB-26,20,20,25,15,20,20,40
2026-2027,DPS-GSEB-GUJ-UNI_UG_BSW_Y1-ART-UI_UX-2026,DPS-GSEB-GUJ-UNI_UG_BSW_Y1-ART-UI_UX-26,20,20,25,15,20,20,40
2026-2027,DPS-GSEB-GUJ-UNI_UG_BSW_Y1-ART-TYPO-2026,DPS-GSEB-GUJ-UNI_UG_BSW_Y1-ART-TYPO-26,20,20,25,15,20,20,40
2026-2027,DPS-GSEB-GUJ-UNI_UG_BSW_Y1-ART-ARCH_DSN-2026,DPS-GSEB-GUJ-UNI_UG_BSW_Y1-ART-ARCH_DSN-26,20,20,25,15,20,20,40
2026-2027,DPS-GSEB-GUJ-UNI_UG_BFA_Y1-ART-DSA-2026,DPS-GSEB-GUJ-UNI_UG_BFA_Y1-ART-DSA-26,20,20,25,15,20,20,40
2026-2027,DPS-GSEB-GUJ-UNI_UG_BFA_Y1-ART-DBMS-2026,DPS-GSEB-GUJ-UNI_UG_BFA_Y1-ART-DBMS-26,20,20,25,15,20,20,40
2026-2027,DPS-GSEB-GUJ-UNI_UG_BFA_Y1-ART-OS-2026,DPS-GSEB-GUJ-UNI_UG_BFA_Y1-ART-OS-26,20,20,25,15,20,20,40
2026-2027,DPS-GSEB-GUJ-UNI_UG_BFA_Y1-ART-CN-2026,DPS-GSEB-GUJ-UNI_UG_BFA_Y1-ART-CN-26,20,20,25,15,20,20,40
2026-2027,DPS-GSEB-GUJ-UNI_UG_BFA_Y1-ART-AI_ML-2026,DPS-GSEB-GUJ-UNI_UG_BFA_Y1-ART-AI_ML-26,20,20,25,15,20,20,40
2026-2027,DPS-GSEB-GUJ-UNI_UG_BFA_Y1-ART-SWE-2026,DPS-GSEB-GUJ-UNI_UG_BFA_Y1-ART-SWE-26,20,20,25,15,20,20,40
2026-2027,DPS-GSEB-GUJ-UNI_UG_BFA_Y1-ART-THERMO-2026,DPS-GSEB-GUJ-UNI_UG_BFA_Y1-ART-THERMO-26,20,20,25,15,20,20,40
2026-2027,DPS-GSEB-GUJ-UNI_UG_BFA_Y1-ART-CIRCUITS-2026,DPS-GSEB-GUJ-UNI_UG_BFA_Y1-ART-CIRCUITS-26,20,20,25,15,20,20,40
2026-2027,DPS-GSEB-GUJ-UNI_UG_BFA_Y1-ART-ANAT-2026,DPS-GSEB-GUJ-UNI_UG_BFA_Y1-ART-ANAT-26,20,20,25,15,20,20,40
2026-2027,DPS-GSEB-GUJ-UNI_UG_BFA_Y1-ART-PHYS-2026,DPS-GSEB-GUJ-UNI_UG_BFA_Y1-ART-PHYS-26,20,20,25,15,20,20,40
2026-2027,DPS-GSEB-GUJ-UNI_UG_BFA_Y1-ART-PHARM-2026,DPS-GSEB-GUJ-UNI_UG_BFA_Y1-ART-PHARM-26,20,20,25,15,20,20,40
2026-2027,DPS-GSEB-GUJ-UNI_UG_BFA_Y1-ART-PATH-2026,DPS-GSEB-GUJ-UNI_UG_BFA_Y1-ART-PATH-26,20,20,25,15,20,20,40
2026-2027,DPS-GSEB-GUJ-UNI_UG_BFA_Y1-ART-COM_MED-2026,DPS-GSEB-GUJ-UNI_UG_BFA_Y1-ART-COM_MED-26,20,20,25,15,20,20,40
2026-2027,DPS-GSEB-GUJ-UNI_UG_BFA_Y1-ART-LAW_CON-2026,DPS-GSEB-GUJ-UNI_UG_BFA_Y1-ART-LAW_CON-26,20,20,25,15,20,20,40
2026-2027,DPS-GSEB-GUJ-UNI_UG_BFA_Y1-ART-LAW_IPC-2026,DPS-GSEB-GUJ-UNI_UG_BFA_Y1-ART-LAW_IPC-26,20,20,25,15,20,20,40
2026-2027,DPS-GSEB-GUJ-UNI_UG_BFA_Y1-ART-LAW_CONTR-2026,DPS-GSEB-GUJ-UNI_UG_BFA_Y1-ART-LAW_CONTR-26,20,20,25,15,20,20,40
2026-2027,DPS-GSEB-GUJ-UNI_UG_BFA_Y1-ART-JURIS-2026,DPS-GSEB-GUJ-UNI_UG_BFA_Y1-ART-JURIS-26,20,20,25,15,20,20,40
2026-2027,DPS-GSEB-GUJ-UNI_UG_BFA_Y1-ART-CORP_ACC-2026,DPS-GSEB-GUJ-UNI_UG_BFA_Y1-ART-CORP_ACC-26,20,20,25,15,20,20,40
2026-2027,DPS-GSEB-GUJ-UNI_UG_BFA_Y1-ART-FIN_MGT-2026,DPS-GSEB-GUJ-UNI_UG_BFA_Y1-ART-FIN_MGT-26,20,20,25,15,20,20,40
2026-2027,DPS-GSEB-GUJ-UNI_UG_BFA_Y1-ART-MKT_MGT-2026,DPS-GSEB-GUJ-UNI_UG_BFA_Y1-ART-MKT_MGT-26,20,20,25,15,20,20,40
2026-2027,DPS-GSEB-GUJ-UNI_UG_BFA_Y1-ART-OB-2026,DPS-GSEB-GUJ-UNI_UG_BFA_Y1-ART-OB-26,20,20,25,15,20,20,40
2026-2027,DPS-GSEB-GUJ-UNI_UG_BFA_Y1-ART-UI_UX-2026,DPS-GSEB-GUJ-UNI_UG_BFA_Y1-ART-UI_UX-26,20,20,25,15,20,20,40
2026-2027,DPS-GSEB-GUJ-UNI_UG_BFA_Y1-ART-TYPO-2026,DPS-GSEB-GUJ-UNI_UG_BFA_Y1-ART-TYPO-26,20,20,25,15,20,20,40
2026-2027,DPS-GSEB-GUJ-UNI_UG_BFA_Y1-ART-ARCH_DSN-2026,DPS-GSEB-GUJ-UNI_UG_BFA_Y1-ART-ARCH_DSN-26,20,20,25,15,20,20,40
2026-2027,DPS-GSEB-GUJ-UNI_UG_BHM_Y1-HOS-DSA-2026,DPS-GSEB-GUJ-UNI_UG_BHM_Y1-HOS-DSA-26,20,20,25,15,20,20,40
2026-2027,DPS-GSEB-GUJ-UNI_UG_BHM_Y1-HOS-DBMS-2026,DPS-GSEB-GUJ-UNI_UG_BHM_Y1-HOS-DBMS-26,20,20,25,15,20,20,40
2026-2027,DPS-GSEB-GUJ-UNI_UG_BHM_Y1-HOS-OS-2026,DPS-GSEB-GUJ-UNI_UG_BHM_Y1-HOS-OS-26,20,20,25,15,20,20,40
2026-2027,DPS-GSEB-GUJ-UNI_UG_BHM_Y1-HOS-CN-2026,DPS-GSEB-GUJ-UNI_UG_BHM_Y1-HOS-CN-26,20,20,25,15,20,20,40
2026-2027,DPS-GSEB-GUJ-UNI_UG_BHM_Y1-HOS-AI_ML-2026,DPS-GSEB-GUJ-UNI_UG_BHM_Y1-HOS-AI_ML-26,20,20,25,15,20,20,40
2026-2027,DPS-GSEB-GUJ-UNI_UG_BHM_Y1-HOS-SWE-2026,DPS-GSEB-GUJ-UNI_UG_BHM_Y1-HOS-SWE-26,20,20,25,15,20,20,40
2026-2027,DPS-GSEB-GUJ-UNI_UG_BHM_Y1-HOS-THERMO-2026,DPS-GSEB-GUJ-UNI_UG_BHM_Y1-HOS-THERMO-26,20,20,25,15,20,20,40
2026-2027,DPS-GSEB-GUJ-UNI_UG_BHM_Y1-HOS-CIRCUITS-2026,DPS-GSEB-GUJ-UNI_UG_BHM_Y1-HOS-CIRCUITS-26,20,20,25,15,20,20,40
2026-2027,DPS-GSEB-GUJ-UNI_UG_BHM_Y1-HOS-ANAT-2026,DPS-GSEB-GUJ-UNI_UG_BHM_Y1-HOS-ANAT-26,20,20,25,15,20,20,40
2026-2027,DPS-GSEB-GUJ-UNI_UG_BHM_Y1-HOS-PHYS-2026,DPS-GSEB-GUJ-UNI_UG_BHM_Y1-HOS-PHYS-26,20,20,25,15,20,20,40
2026-2027,DPS-GSEB-GUJ-UNI_UG_BHM_Y1-HOS-PHARM-2026,DPS-GSEB-GUJ-UNI_UG_BHM_Y1-HOS-PHARM-26,20,20,25,15,20,20,40
2026-2027,DPS-GSEB-GUJ-UNI_UG_BHM_Y1-HOS-PATH-2026,DPS-GSEB-GUJ-UNI_UG_BHM_Y1-HOS-PATH-26,20,20,25,15,20,20,40
2026-2027,DPS-GSEB-GUJ-UNI_UG_BHM_Y1-HOS-COM_MED-2026,DPS-GSEB-GUJ-UNI_UG_BHM_Y1-HOS-COM_MED-26,20,20,25,15,20,20,40
2026-2027,DPS-GSEB-GUJ-UNI_UG_BHM_Y1-HOS-LAW_CON-2026,DPS-GSEB-GUJ-UNI_UG_BHM_Y1-HOS-LAW_CON-26,20,20,25,15,20,20,40
2026-2027,DPS-GSEB-GUJ-UNI_UG_BHM_Y1-HOS-LAW_IPC-2026,DPS-GSEB-GUJ-UNI_UG_BHM_Y1-HOS-LAW_IPC-26,20,20,25,15,20,20,40
2026-2027,DPS-GSEB-GUJ-UNI_UG_BHM_Y1-HOS-LAW_CONTR-2026,DPS-GSEB-GUJ-UNI_UG_BHM_Y1-HOS-LAW_CONTR-26,20,20,25,15,20,20,40
2026-2027,DPS-GSEB-GUJ-UNI_UG_BHM_Y1-HOS-JURIS-2026,DPS-GSEB-GUJ-UNI_UG_BHM_Y1-HOS-JURIS-26,20,20,25,15,20,20,40
2026-2027,DPS-GSEB-GUJ-UNI_UG_BHM_Y1-HOS-CORP_ACC-2026,DPS-GSEB-GUJ-UNI_UG_BHM_Y1-HOS-CORP_ACC-26,20,20,25,15,20,20,40
2026-2027,DPS-GSEB-GUJ-UNI_UG_BHM_Y1-HOS-FIN_MGT-2026,DPS-GSEB-GUJ-UNI_UG_BHM_Y1-HOS-FIN_MGT-26,20,20,25,15,20,20,40
2026-2027,DPS-GSEB-GUJ-UNI_UG_BHM_Y1-HOS-MKT_MGT-2026,DPS-GSEB-GUJ-UNI_UG_BHM_Y1-HOS-MKT_MGT-26,20,20,25,15,20,20,40
2026-2027,DPS-GSEB-GUJ-UNI_UG_BHM_Y1-HOS-OB-2026,DPS-GSEB-GUJ-UNI_UG_BHM_Y1-HOS-OB-26,20,20,25,15,20,20,40
2026-2027,DPS-GSEB-GUJ-UNI_UG_BHM_Y1-HOS-UI_UX-2026,DPS-GSEB-GUJ-UNI_UG_BHM_Y1-HOS-UI_UX-26,20,20,25,15,20,20,40
2026-2027,DPS-GSEB-GUJ-UNI_UG_BHM_Y1-HOS-TYPO-2026,DPS-GSEB-GUJ-UNI_UG_BHM_Y1-HOS-TYPO-26,20,20,25,15,20,20,40
2026-2027,DPS-GSEB-GUJ-UNI_UG_BHM_Y1-HOS-ARCH_DSN-2026,DPS-GSEB-GUJ-UNI_UG_BHM_Y1-HOS-ARCH_DSN-26,20,20,25,15,20,20,40
2026-2027,DPS-GSEB-GUJ-UNI_PG_MCA_Y1-CSA-DSA-2026,DPS-GSEB-GUJ-UNI_PG_MCA_Y1-CSA-DSA-26,20,20,25,15,20,20,40
2026-2027,DPS-GSEB-GUJ-UNI_PG_MCA_Y1-CSA-DBMS-2026,DPS-GSEB-GUJ-UNI_PG_MCA_Y1-CSA-DBMS-26,20,20,25,15,20,20,40
2026-2027,DPS-GSEB-GUJ-UNI_PG_MCA_Y1-CSA-OS-2026,DPS-GSEB-GUJ-UNI_PG_MCA_Y1-CSA-OS-26,20,20,25,15,20,20,40
2026-2027,DPS-GSEB-GUJ-UNI_PG_MCA_Y1-CSA-CN-2026,DPS-GSEB-GUJ-UNI_PG_MCA_Y1-CSA-CN-26,20,20,25,15,20,20,40
2026-2027,DPS-GSEB-GUJ-UNI_PG_MCA_Y1-CSA-AI_ML-2026,DPS-GSEB-GUJ-UNI_PG_MCA_Y1-CSA-AI_ML-26,20,20,25,15,20,20,40
2026-2027,DPS-GSEB-GUJ-UNI_PG_MCA_Y1-CSA-SWE-2026,DPS-GSEB-GUJ-UNI_PG_MCA_Y1-CSA-SWE-26,20,20,25,15,20,20,40
2026-2027,DPS-GSEB-GUJ-UNI_PG_MCA_Y1-CSA-FIN_MGT-2026,DPS-GSEB-GUJ-UNI_PG_MCA_Y1-CSA-FIN_MGT-26,20,20,25,15,20,20,40
2026-2027,DPS-GSEB-GUJ-UNI_PG_MCA_Y1-CSA-MKT_MGT-2026,DPS-GSEB-GUJ-UNI_PG_MCA_Y1-CSA-MKT_MGT-26,20,20,25,15,20,20,40
2026-2027,DPS-GSEB-GUJ-UNI_PG_MCA_Y1-CSA-OB-2026,DPS-GSEB-GUJ-UNI_PG_MCA_Y1-CSA-OB-26,20,20,25,15,20,20,40
2026-2027,DPS-GSEB-GUJ-UNI_PG_MCA_Y2-CSA-DSA-2026,DPS-GSEB-GUJ-UNI_PG_MCA_Y2-CSA-DSA-26,20,20,25,15,20,20,40
2026-2027,DPS-GSEB-GUJ-UNI_PG_MCA_Y2-CSA-DBMS-2026,DPS-GSEB-GUJ-UNI_PG_MCA_Y2-CSA-DBMS-26,20,20,25,15,20,20,40
2026-2027,DPS-GSEB-GUJ-UNI_PG_MCA_Y2-CSA-OS-2026,DPS-GSEB-GUJ-UNI_PG_MCA_Y2-CSA-OS-26,20,20,25,15,20,20,40
2026-2027,DPS-GSEB-GUJ-UNI_PG_MCA_Y2-CSA-CN-2026,DPS-GSEB-GUJ-UNI_PG_MCA_Y2-CSA-CN-26,20,20,25,15,20,20,40
2026-2027,DPS-GSEB-GUJ-UNI_PG_MCA_Y2-CSA-AI_ML-2026,DPS-GSEB-GUJ-UNI_PG_MCA_Y2-CSA-AI_ML-26,20,20,25,15,20,20,40
2026-2027,DPS-GSEB-GUJ-UNI_PG_MCA_Y2-CSA-SWE-2026,DPS-GSEB-GUJ-UNI_PG_MCA_Y2-CSA-SWE-26,20,20,25,15,20,20,40
2026-2027,DPS-GSEB-GUJ-UNI_PG_MCA_Y2-CSA-FIN_MGT-2026,DPS-GSEB-GUJ-UNI_PG_MCA_Y2-CSA-FIN_MGT-26,20,20,25,15,20,20,40
2026-2027,DPS-GSEB-GUJ-UNI_PG_MCA_Y2-CSA-MKT_MGT-2026,DPS-GSEB-GUJ-UNI_PG_MCA_Y2-CSA-MKT_MGT-26,20,20,25,15,20,20,40
2026-2027,DPS-GSEB-GUJ-UNI_PG_MCA_Y2-CSA-OB-2026,DPS-GSEB-GUJ-UNI_PG_MCA_Y2-CSA-OB-26,20,20,25,15,20,20,40
2026-2027,DPS-GSEB-GUJ-UNI_PG_MARCH_Y1-ARC-DSA-2026,DPS-GSEB-GUJ-UNI_PG_MARCH_Y1-ARC-DSA-26,20,20,25,15,20,20,40
2026-2027,DPS-GSEB-GUJ-UNI_PG_MARCH_Y1-ARC-DBMS-2026,DPS-GSEB-GUJ-UNI_PG_MARCH_Y1-ARC-DBMS-26,20,20,25,15,20,20,40
2026-2027,DPS-GSEB-GUJ-UNI_PG_MARCH_Y1-ARC-OS-2026,DPS-GSEB-GUJ-UNI_PG_MARCH_Y1-ARC-OS-26,20,20,25,15,20,20,40
2026-2027,DPS-GSEB-GUJ-UNI_PG_MARCH_Y1-ARC-CN-2026,DPS-GSEB-GUJ-UNI_PG_MARCH_Y1-ARC-CN-26,20,20,25,15,20,20,40
2026-2027,DPS-GSEB-GUJ-UNI_PG_MARCH_Y1-ARC-AI_ML-2026,DPS-GSEB-GUJ-UNI_PG_MARCH_Y1-ARC-AI_ML-26,20,20,25,15,20,20,40
2026-2027,DPS-GSEB-GUJ-UNI_PG_MARCH_Y1-ARC-SWE-2026,DPS-GSEB-GUJ-UNI_PG_MARCH_Y1-ARC-SWE-26,20,20,25,15,20,20,40
2026-2027,DPS-GSEB-GUJ-UNI_PG_MARCH_Y1-ARC-FIN_MGT-2026,DPS-GSEB-GUJ-UNI_PG_MARCH_Y1-ARC-FIN_MGT-26,20,20,25,15,20,20,40
2026-2027,DPS-GSEB-GUJ-UNI_PG_MARCH_Y1-ARC-MKT_MGT-2026,DPS-GSEB-GUJ-UNI_PG_MARCH_Y1-ARC-MKT_MGT-26,20,20,25,15,20,20,40
2026-2027,DPS-GSEB-GUJ-UNI_PG_MARCH_Y1-ARC-OB-2026,DPS-GSEB-GUJ-UNI_PG_MARCH_Y1-ARC-OB-26,20,20,25,15,20,20,40
2026-2027,DPS-GSEB-GUJ-UNI_PG_MPT_Y1-AHS-DSA-2026,DPS-GSEB-GUJ-UNI_PG_MPT_Y1-AHS-DSA-26,20,20,25,15,20,20,40
2026-2027,DPS-GSEB-GUJ-UNI_PG_MPT_Y1-AHS-DBMS-2026,DPS-GSEB-GUJ-UNI_PG_MPT_Y1-AHS-DBMS-26,20,20,25,15,20,20,40
2026-2027,DPS-GSEB-GUJ-UNI_PG_MPT_Y1-AHS-OS-2026,DPS-GSEB-GUJ-UNI_PG_MPT_Y1-AHS-OS-26,20,20,25,15,20,20,40
2026-2027,DPS-GSEB-GUJ-UNI_PG_MPT_Y1-AHS-CN-2026,DPS-GSEB-GUJ-UNI_PG_MPT_Y1-AHS-CN-26,20,20,25,15,20,20,40
2026-2027,DPS-GSEB-GUJ-UNI_PG_MPT_Y1-AHS-AI_ML-2026,DPS-GSEB-GUJ-UNI_PG_MPT_Y1-AHS-AI_ML-26,20,20,25,15,20,20,40
2026-2027,DPS-GSEB-GUJ-UNI_PG_MPT_Y1-AHS-SWE-2026,DPS-GSEB-GUJ-UNI_PG_MPT_Y1-AHS-SWE-26,20,20,25,15,20,20,40
2026-2027,DPS-GSEB-GUJ-UNI_PG_MPT_Y1-AHS-FIN_MGT-2026,DPS-GSEB-GUJ-UNI_PG_MPT_Y1-AHS-FIN_MGT-26,20,20,25,15,20,20,40
2026-2027,DPS-GSEB-GUJ-UNI_PG_MPT_Y1-AHS-MKT_MGT-2026,DPS-GSEB-GUJ-UNI_PG_MPT_Y1-AHS-MKT_MGT-26,20,20,25,15,20,20,40
2026-2027,DPS-GSEB-GUJ-UNI_PG_MPT_Y1-AHS-OB-2026,DPS-GSEB-GUJ-UNI_PG_MPT_Y1-AHS-OB-26,20,20,25,15,20,20,40
2026-2027,DPS-GSEB-GUJ-UNI_PG_MSW_Y1-ART-DSA-2026,DPS-GSEB-GUJ-UNI_PG_MSW_Y1-ART-DSA-26,20,20,25,15,20,20,40
2026-2027,DPS-GSEB-GUJ-UNI_PG_MSW_Y1-ART-DBMS-2026,DPS-GSEB-GUJ-UNI_PG_MSW_Y1-ART-DBMS-26,20,20,25,15,20,20,40
2026-2027,DPS-GSEB-GUJ-UNI_PG_MSW_Y1-ART-OS-2026,DPS-GSEB-GUJ-UNI_PG_MSW_Y1-ART-OS-26,20,20,25,15,20,20,40
2026-2027,DPS-GSEB-GUJ-UNI_PG_MSW_Y1-ART-CN-2026,DPS-GSEB-GUJ-UNI_PG_MSW_Y1-ART-CN-26,20,20,25,15,20,20,40
2026-2027,DPS-GSEB-GUJ-UNI_PG_MSW_Y1-ART-AI_ML-2026,DPS-GSEB-GUJ-UNI_PG_MSW_Y1-ART-AI_ML-26,20,20,25,15,20,20,40
2026-2027,DPS-GSEB-GUJ-UNI_PG_MSW_Y1-ART-SWE-2026,DPS-GSEB-GUJ-UNI_PG_MSW_Y1-ART-SWE-26,20,20,25,15,20,20,40
2026-2027,DPS-GSEB-GUJ-UNI_PG_MSW_Y1-ART-FIN_MGT-2026,DPS-GSEB-GUJ-UNI_PG_MSW_Y1-ART-FIN_MGT-26,20,20,25,15,20,20,40
2026-2027,DPS-GSEB-GUJ-UNI_PG_MSW_Y1-ART-MKT_MGT-2026,DPS-GSEB-GUJ-UNI_PG_MSW_Y1-ART-MKT_MGT-26,20,20,25,15,20,20,40
2026-2027,DPS-GSEB-GUJ-UNI_PG_MSW_Y1-ART-OB-2026,DPS-GSEB-GUJ-UNI_PG_MSW_Y1-ART-OB-26,20,20,25,15,20,20,40
2026-2027,DPS-GSEB-GUJ-UNI_PG_MFA_Y1-ART-DSA-2026,DPS-GSEB-GUJ-UNI_PG_MFA_Y1-ART-DSA-26,20,20,25,15,20,20,40
2026-2027,DPS-GSEB-GUJ-UNI_PG_MFA_Y1-ART-DBMS-2026,DPS-GSEB-GUJ-UNI_PG_MFA_Y1-ART-DBMS-26,20,20,25,15,20,20,40
2026-2027,DPS-GSEB-GUJ-UNI_PG_MFA_Y1-ART-OS-2026,DPS-GSEB-GUJ-UNI_PG_MFA_Y1-ART-OS-26,20,20,25,15,20,20,40
2026-2027,DPS-GSEB-GUJ-UNI_PG_MFA_Y1-ART-CN-2026,DPS-GSEB-GUJ-UNI_PG_MFA_Y1-ART-CN-26,20,20,25,15,20,20,40
2026-2027,DPS-GSEB-GUJ-UNI_PG_MFA_Y1-ART-AI_ML-2026,DPS-GSEB-GUJ-UNI_PG_MFA_Y1-ART-AI_ML-26,20,20,25,15,20,20,40
2026-2027,DPS-GSEB-GUJ-UNI_PG_MFA_Y1-ART-SWE-2026,DPS-GSEB-GUJ-UNI_PG_MFA_Y1-ART-SWE-26,20,20,25,15,20,20,40
2026-2027,DPS-GSEB-GUJ-UNI_PG_MFA_Y1-ART-FIN_MGT-2026,DPS-GSEB-GUJ-UNI_PG_MFA_Y1-ART-FIN_MGT-26,20,20,25,15,20,20,40
2026-2027,DPS-GSEB-GUJ-UNI_PG_MFA_Y1-ART-MKT_MGT-2026,DPS-GSEB-GUJ-UNI_PG_MFA_Y1-ART-MKT_MGT-26,20,20,25,15,20,20,40
2026-2027,DPS-GSEB-GUJ-UNI_PG_MFA_Y1-ART-OB-2026,DPS-GSEB-GUJ-UNI_PG_MFA_Y1-ART-OB-26,20,20,25,15,20,20,40
2026-2027,DPS-GSEB-GUJ-UNI_PG_MCOM_Y1-PRO_FIN-DSA-2026,DPS-GSEB-GUJ-UNI_PG_MCOM_Y1-PRO_FIN-DSA-26,20,20,25,15,20,20,40
2026-2027,DPS-GSEB-GUJ-UNI_PG_MCOM_Y1-PRO_FIN-DBMS-2026,DPS-GSEB-GUJ-UNI_PG_MCOM_Y1-PRO_FIN-DBMS-26,20,20,25,15,20,20,40
2026-2027,DPS-GSEB-GUJ-UNI_PG_MCOM_Y1-PRO_FIN-OS-2026,DPS-GSEB-GUJ-UNI_PG_MCOM_Y1-PRO_FIN-OS-26,20,20,25,15,20,20,40
2026-2027,DPS-GSEB-GUJ-UNI_PG_MCOM_Y1-PRO_FIN-CN-2026,DPS-GSEB-GUJ-UNI_PG_MCOM_Y1-PRO_FIN-CN-26,20,20,25,15,20,20,40
2026-2027,DPS-GSEB-GUJ-UNI_PG_MCOM_Y1-PRO_FIN-AI_ML-2026,DPS-GSEB-GUJ-UNI_PG_MCOM_Y1-PRO_FIN-AI_ML-26,20,20,25,15,20,20,40
2026-2027,DPS-GSEB-GUJ-UNI_PG_MCOM_Y1-PRO_FIN-SWE-2026,DPS-GSEB-GUJ-UNI_PG_MCOM_Y1-PRO_FIN-SWE-26,20,20,25,15,20,20,40
2026-2027,DPS-GSEB-GUJ-UNI_PG_MCOM_Y1-PRO_FIN-FIN_MGT-2026,DPS-GSEB-GUJ-UNI_PG_MCOM_Y1-PRO_FIN-FIN_MGT-26,20,20,25,15,20,20,40
2026-2027,DPS-GSEB-GUJ-UNI_PG_MCOM_Y1-PRO_FIN-MKT_MGT-2026,DPS-GSEB-GUJ-UNI_PG_MCOM_Y1-PRO_FIN-MKT_MGT-26,20,20,25,15,20,20,40
2026-2027,DPS-GSEB-GUJ-UNI_PG_MCOM_Y1-PRO_FIN-OB-2026,DPS-GSEB-GUJ-UNI_PG_MCOM_Y1-PRO_FIN-OB-26,20,20,25,15,20,20,40
2026-2027,DPS-GSEB-GUJ-LMS_CERT_FSD-CSA-UI_UX-2026,DPS-GSEB-GUJ-LMS_CERT_FSD-CSA-UI_UX-26,20,20,25,15,20,20,40
2026-2027,DPS-GSEB-GUJ-LMS_CERT_FSD-CSA-APT_REAS-2026,DPS-GSEB-GUJ-LMS_CERT_FSD-CSA-APT_REAS-26,20,20,25,15,20,20,40
2026-2027,DPS-GSEB-GUJ-LMS_CERT_DATA-AIE-UI_UX-2026,DPS-GSEB-GUJ-LMS_CERT_DATA-AIE-UI_UX-26,20,20,25,15,20,20,40
2026-2027,DPS-GSEB-GUJ-LMS_CERT_DATA-AIE-APT_REAS-2026,DPS-GSEB-GUJ-LMS_CERT_DATA-AIE-APT_REAS-26,20,20,25,15,20,20,40
2026-2027,DPS-GSEB-GUJ-LMS_CERT_CLOUD-ENG-UI_UX-2026,DPS-GSEB-GUJ-LMS_CERT_CLOUD-ENG-UI_UX-26,20,20,25,15,20,20,40
2026-2027,DPS-GSEB-GUJ-LMS_CERT_CLOUD-ENG-APT_REAS-2026,DPS-GSEB-GUJ-LMS_CERT_CLOUD-ENG-APT_REAS-26,20,20,25,15,20,20,40
2026-2027,DPS-GSEB-GUJ-LMS_CERT_MLOPS-AIE-UI_UX-2026,DPS-GSEB-GUJ-LMS_CERT_MLOPS-AIE-UI_UX-26,20,20,25,15,20,20,40
2026-2027,DPS-GSEB-GUJ-LMS_CERT_MLOPS-AIE-APT_REAS-2026,DPS-GSEB-GUJ-LMS_CERT_MLOPS-AIE-APT_REAS-26,20,20,25,15,20,20,40
2026-2027,DPS-GSEB-GUJ-LMS_CERT_PM-MGT-UI_UX-2026,DPS-GSEB-GUJ-LMS_CERT_PM-MGT-UI_UX-26,20,20,25,15,20,20,40
2026-2027,DPS-GSEB-GUJ-LMS_CERT_PM-MGT-APT_REAS-2026,DPS-GSEB-GUJ-LMS_CERT_PM-MGT-APT_REAS-26,20,20,25,15,20,20,40
2026-2027,DPS-GSEB-GUJ-LMS_CERT_AGILE-MGT-UI_UX-2026,DPS-GSEB-GUJ-LMS_CERT_AGILE-MGT-UI_UX-26,20,20,25,15,20,20,40
2026-2027,DPS-GSEB-GUJ-LMS_CERT_AGILE-MGT-APT_REAS-2026,DPS-GSEB-GUJ-LMS_CERT_AGILE-MGT-APT_REAS-26,20,20,25,15,20,20,40
2026-2027,DPS-GSEB-GUJ-LMS_CERT_CYBER-CSA-UI_UX-2026,DPS-GSEB-GUJ-LMS_CERT_CYBER-CSA-UI_UX-26,20,20,25,15,20,20,40
2026-2027,DPS-GSEB-GUJ-LMS_CERT_CYBER-CSA-APT_REAS-2026,DPS-GSEB-GUJ-LMS_CERT_CYBER-CSA-APT_REAS-26,20,20,25,15,20,20,40
2026-2027,DPS-GSEB-GUJ-LMS_CERT_WEB3-EMG-UI_UX-2026,DPS-GSEB-GUJ-LMS_CERT_WEB3-EMG-UI_UX-26,20,20,25,15,20,20,40
2026-2027,DPS-GSEB-GUJ-LMS_CERT_WEB3-EMG-APT_REAS-2026,DPS-GSEB-GUJ-LMS_CERT_WEB3-EMG-APT_REAS-26,20,20,25,15,20,20,40
2026-2027,DPS-GSEB-GUJ-LMS_CERT_DIGMKT-MKT-UI_UX-2026,DPS-GSEB-GUJ-LMS_CERT_DIGMKT-MKT-UI_UX-26,20,20,25,15,20,20,40
2026-2027,DPS-GSEB-GUJ-LMS_CERT_DIGMKT-MKT-APT_REAS-2026,DPS-GSEB-GUJ-LMS_CERT_DIGMKT-MKT-APT_REAS-26,20,20,25,15,20,20,40
2026-2027,DPS-GSEB-ENG-PRE01-GEN-ENG-2026,DPS-GSEB-ENG-PRE01-GEN-ENG-26,20,20,25,15,20,20,40
2026-2027,DPS-GSEB-ENG-PRE01-GEN-HIN-2026,DPS-GSEB-ENG-PRE01-GEN-HIN-26,20,20,25,15,20,20,40
2026-2027,DPS-GSEB-ENG-PRE01-GEN-ART-2026,DPS-GSEB-ENG-PRE01-GEN-ART-26,20,20,25,15,20,20,40
2026-2027,DPS-GSEB-ENG-PRE02-GEN-ENG-2026,DPS-GSEB-ENG-PRE02-GEN-ENG-26,20,20,25,15,20,20,40
2026-2027,DPS-GSEB-ENG-PRE02-GEN-HIN-2026,DPS-GSEB-ENG-PRE02-GEN-HIN-26,20,20,25,15,20,20,40
2026-2027,DPS-GSEB-ENG-PRE02-GEN-ART-2026,DPS-GSEB-ENG-PRE02-GEN-ART-26,20,20,25,15,20,20,40
2026-2027,DPS-GSEB-ENG-PRE03-GEN-ENG-2026,DPS-GSEB-ENG-PRE03-GEN-ENG-26,20,20,25,15,20,20,40
2026-2027,DPS-GSEB-ENG-PRE03-GEN-HIN-2026,DPS-GSEB-ENG-PRE03-GEN-HIN-26,20,20,25,15,20,20,40
2026-2027,DPS-GSEB-ENG-PRE03-GEN-ART-2026,DPS-GSEB-ENG-PRE03-GEN-ART-26,20,20,25,15,20,20,40
2026-2027,DPS-GSEB-ENG-PRE04-GEN-ENG-2026,DPS-GSEB-ENG-PRE04-GEN-ENG-26,20,20,25,15,20,20,40
2026-2027,DPS-GSEB-ENG-PRE04-GEN-HIN-2026,DPS-GSEB-ENG-PRE04-GEN-HIN-26,20,20,25,15,20,20,40
2026-2027,DPS-GSEB-ENG-PRE04-GEN-ART-2026,DPS-GSEB-ENG-PRE04-GEN-ART-26,20,20,25,15,20,20,40
2026-2027,DPS-GSEB-ENG-STD01-GEN-ENG-2026,DPS-GSEB-ENG-STD01-GEN-ENG-26,35,10,30,10,15,15,40
2026-2027,DPS-GSEB-ENG-STD01-GEN-HIN-2026,DPS-GSEB-ENG-STD01-GEN-HIN-26,35,10,30,10,15,15,40
2026-2027,DPS-GSEB-ENG-STD01-GEN-REG_LANG-2026,DPS-GSEB-ENG-STD01-GEN-REG_LANG-26,35,10,30,10,15,15,40
2026-2027,DPS-GSEB-ENG-STD01-GEN-MATH-2026,DPS-GSEB-ENG-STD01-GEN-MATH-26,35,10,30,10,15,15,40
2026-2027,DPS-GSEB-ENG-STD01-GEN-SCI-2026,DPS-GSEB-ENG-STD01-GEN-SCI-26,35,10,30,10,15,15,40
2026-2027,DPS-GSEB-ENG-STD01-GEN-SST-2026,DPS-GSEB-ENG-STD01-GEN-SST-26,35,10,30,10,15,15,40
2026-2027,DPS-GSEB-ENG-STD01-GEN-EVS-2026,DPS-GSEB-ENG-STD01-GEN-EVS-26,35,10,30,10,15,15,40
2026-2027,DPS-GSEB-ENG-STD01-GEN-COMP-2026,DPS-GSEB-ENG-STD01-GEN-COMP-26,35,10,30,10,15,15,40
2026-2027,DPS-GSEB-ENG-STD01-GEN-ART-2026,DPS-GSEB-ENG-STD01-GEN-ART-26,35,10,30,10,15,15,40
2026-2027,DPS-GSEB-ENG-STD01-GEN-PE-2026,DPS-GSEB-ENG-STD01-GEN-PE-26,35,10,30,10,15,15,40
2026-2027,DPS-GSEB-ENG-STD02-GEN-ENG-2026,DPS-GSEB-ENG-STD02-GEN-ENG-26,35,10,30,10,15,15,40
2026-2027,DPS-GSEB-ENG-STD02-GEN-HIN-2026,DPS-GSEB-ENG-STD02-GEN-HIN-26,35,10,30,10,15,15,40
2026-2027,DPS-GSEB-ENG-STD02-GEN-REG_LANG-2026,DPS-GSEB-ENG-STD02-GEN-REG_LANG-26,35,10,30,10,15,15,40
2026-2027,DPS-GSEB-ENG-STD02-GEN-MATH-2026,DPS-GSEB-ENG-STD02-GEN-MATH-26,35,10,30,10,15,15,40
2026-2027,DPS-GSEB-ENG-STD02-GEN-SCI-2026,DPS-GSEB-ENG-STD02-GEN-SCI-26,35,10,30,10,15,15,40
2026-2027,DPS-GSEB-ENG-STD02-GEN-SST-2026,DPS-GSEB-ENG-STD02-GEN-SST-26,35,10,30,10,15,15,40
2026-2027,DPS-GSEB-ENG-STD02-GEN-EVS-2026,DPS-GSEB-ENG-STD02-GEN-EVS-26,35,10,30,10,15,15,40
2026-2027,DPS-GSEB-ENG-STD02-GEN-COMP-2026,DPS-GSEB-ENG-STD02-GEN-COMP-26,35,10,30,10,15,15,40
2026-2027,DPS-GSEB-ENG-STD02-GEN-ART-2026,DPS-GSEB-ENG-STD02-GEN-ART-26,35,10,30,10,15,15,40
2026-2027,DPS-GSEB-ENG-STD02-GEN-PE-2026,DPS-GSEB-ENG-STD02-GEN-PE-26,35,10,30,10,15,15,40
2026-2027,DPS-GSEB-ENG-STD03-GEN-ENG-2026,DPS-GSEB-ENG-STD03-GEN-ENG-26,30,15,30,10,15,15,40
2026-2027,DPS-GSEB-ENG-STD03-GEN-HIN-2026,DPS-GSEB-ENG-STD03-GEN-HIN-26,30,15,30,10,15,15,40
2026-2027,DPS-GSEB-ENG-STD03-GEN-REG_LANG-2026,DPS-GSEB-ENG-STD03-GEN-REG_LANG-26,30,15,30,10,15,15,40
2026-2027,DPS-GSEB-ENG-STD03-GEN-MATH-2026,DPS-GSEB-ENG-STD03-GEN-MATH-26,30,15,30,10,15,15,40
2026-2027,DPS-GSEB-ENG-STD03-GEN-SCI-2026,DPS-GSEB-ENG-STD03-GEN-SCI-26,30,15,30,10,15,15,40
2026-2027,DPS-GSEB-ENG-STD03-GEN-SST-2026,DPS-GSEB-ENG-STD03-GEN-SST-26,30,15,30,10,15,15,40
2026-2027,DPS-GSEB-ENG-STD03-GEN-EVS-2026,DPS-GSEB-ENG-STD03-GEN-EVS-26,30,15,30,10,15,15,40
2026-2027,DPS-GSEB-ENG-STD03-GEN-COMP-2026,DPS-GSEB-ENG-STD03-GEN-COMP-26,30,15,30,10,15,15,40
2026-2027,DPS-GSEB-ENG-STD03-GEN-ART-2026,DPS-GSEB-ENG-STD03-GEN-ART-26,30,15,30,10,15,15,40
2026-2027,DPS-GSEB-ENG-STD03-GEN-PE-2026,DPS-GSEB-ENG-STD03-GEN-PE-26,30,15,30,10,15,15,40
2026-2027,DPS-GSEB-ENG-STD04-GEN-ENG-2026,DPS-GSEB-ENG-STD04-GEN-ENG-26,30,15,30,10,15,15,40
2026-2027,DPS-GSEB-ENG-STD04-GEN-HIN-2026,DPS-GSEB-ENG-STD04-GEN-HIN-26,30,15,30,10,15,15,40
2026-2027,DPS-GSEB-ENG-STD04-GEN-REG_LANG-2026,DPS-GSEB-ENG-STD04-GEN-REG_LANG-26,30,15,30,10,15,15,40
2026-2027,DPS-GSEB-ENG-STD04-GEN-MATH-2026,DPS-GSEB-ENG-STD04-GEN-MATH-26,30,15,30,10,15,15,40
2026-2027,DPS-GSEB-ENG-STD04-GEN-SCI-2026,DPS-GSEB-ENG-STD04-GEN-SCI-26,30,15,30,10,15,15,40
2026-2027,DPS-GSEB-ENG-STD04-GEN-SST-2026,DPS-GSEB-ENG-STD04-GEN-SST-26,30,15,30,10,15,15,40
2026-2027,DPS-GSEB-ENG-STD04-GEN-EVS-2026,DPS-GSEB-ENG-STD04-GEN-EVS-26,30,15,30,10,15,15,40
2026-2027,DPS-GSEB-ENG-STD04-GEN-COMP-2026,DPS-GSEB-ENG-STD04-GEN-COMP-26,30,15,30,10,15,15,40
2026-2027,DPS-GSEB-ENG-STD04-GEN-ART-2026,DPS-GSEB-ENG-STD04-GEN-ART-26,30,15,30,10,15,15,40
2026-2027,DPS-GSEB-ENG-STD04-GEN-PE-2026,DPS-GSEB-ENG-STD04-GEN-PE-26,30,15,30,10,15,15,40
2026-2027,DPS-GSEB-ENG-STD05-GEN-ENG-2026,DPS-GSEB-ENG-STD05-GEN-ENG-26,30,15,30,10,15,15,40
2026-2027,DPS-GSEB-ENG-STD05-GEN-HIN-2026,DPS-GSEB-ENG-STD05-GEN-HIN-26,30,15,30,10,15,15,40
2026-2027,DPS-GSEB-ENG-STD05-GEN-REG_LANG-2026,DPS-GSEB-ENG-STD05-GEN-REG_LANG-26,30,15,30,10,15,15,40
2026-2027,DPS-GSEB-ENG-STD05-GEN-MATH-2026,DPS-GSEB-ENG-STD05-GEN-MATH-26,30,15,30,10,15,15,40
2026-2027,DPS-GSEB-ENG-STD05-GEN-SCI-2026,DPS-GSEB-ENG-STD05-GEN-SCI-26,30,15,30,10,15,15,40
2026-2027,DPS-GSEB-ENG-STD05-GEN-SST-2026,DPS-GSEB-ENG-STD05-GEN-SST-26,30,15,30,10,15,15,40
2026-2027,DPS-GSEB-ENG-STD05-GEN-EVS-2026,DPS-GSEB-ENG-STD05-GEN-EVS-26,30,15,30,10,15,15,40
2026-2027,DPS-GSEB-ENG-STD05-GEN-COMP-2026,DPS-GSEB-ENG-STD05-GEN-COMP-26,30,15,30,10,15,15,40
2026-2027,DPS-GSEB-ENG-STD05-GEN-ART-2026,DPS-GSEB-ENG-STD05-GEN-ART-26,30,15,30,10,15,15,40
2026-2027,DPS-GSEB-ENG-STD05-GEN-PE-2026,DPS-GSEB-ENG-STD05-GEN-PE-26,30,15,30,10,15,15,40
2026-2027,DPS-GSEB-ENG-STD06-GEN-ENG-2026,DPS-GSEB-ENG-STD06-GEN-ENG-26,20,20,25,15,20,20,40
2026-2027,DPS-GSEB-ENG-STD06-GEN-HIN-2026,DPS-GSEB-ENG-STD06-GEN-HIN-26,20,20,25,15,20,20,40
2026-2027,DPS-GSEB-ENG-STD06-GEN-REG_LANG-2026,DPS-GSEB-ENG-STD06-GEN-REG_LANG-26,20,20,25,15,20,20,40
2026-2027,DPS-GSEB-ENG-STD06-GEN-MATH-2026,DPS-GSEB-ENG-STD06-GEN-MATH-26,20,20,25,15,20,20,40
2026-2027,DPS-GSEB-ENG-STD06-GEN-SCI-2026,DPS-GSEB-ENG-STD06-GEN-SCI-26,20,20,25,15,20,20,40
2026-2027,DPS-GSEB-ENG-STD06-GEN-SST-2026,DPS-GSEB-ENG-STD06-GEN-SST-26,20,20,25,15,20,20,40
2026-2027,DPS-GSEB-ENG-STD06-GEN-COMP-2026,DPS-GSEB-ENG-STD06-GEN-COMP-26,20,20,25,15,20,20,40
2026-2027,DPS-GSEB-ENG-STD06-GEN-ART-2026,DPS-GSEB-ENG-STD06-GEN-ART-26,20,20,25,15,20,20,40
2026-2027,DPS-GSEB-ENG-STD06-GEN-PE-2026,DPS-GSEB-ENG-STD06-GEN-PE-26,20,20,25,15,20,20,40
2026-2027,DPS-GSEB-ENG-STD07-GEN-ENG-2026,DPS-GSEB-ENG-STD07-GEN-ENG-26,20,20,25,15,20,20,40
2026-2027,DPS-GSEB-ENG-STD07-GEN-HIN-2026,DPS-GSEB-ENG-STD07-GEN-HIN-26,20,20,25,15,20,20,40
2026-2027,DPS-GSEB-ENG-STD07-GEN-REG_LANG-2026,DPS-GSEB-ENG-STD07-GEN-REG_LANG-26,20,20,25,15,20,20,40
2026-2027,DPS-GSEB-ENG-STD07-GEN-MATH-2026,DPS-GSEB-ENG-STD07-GEN-MATH-26,20,20,25,15,20,20,40
2026-2027,DPS-GSEB-ENG-STD07-GEN-SCI-2026,DPS-GSEB-ENG-STD07-GEN-SCI-26,20,20,25,15,20,20,40
2026-2027,DPS-GSEB-ENG-STD07-GEN-SST-2026,DPS-GSEB-ENG-STD07-GEN-SST-26,20,20,25,15,20,20,40
2026-2027,DPS-GSEB-ENG-STD07-GEN-COMP-2026,DPS-GSEB-ENG-STD07-GEN-COMP-26,20,20,25,15,20,20,40
2026-2027,DPS-GSEB-ENG-STD07-GEN-ART-2026,DPS-GSEB-ENG-STD07-GEN-ART-26,20,20,25,15,20,20,40
2026-2027,DPS-GSEB-ENG-STD07-GEN-PE-2026,DPS-GSEB-ENG-STD07-GEN-PE-26,20,20,25,15,20,20,40
2026-2027,DPS-GSEB-ENG-STD08-GEN-ENG-2026,DPS-GSEB-ENG-STD08-GEN-ENG-26,20,20,25,15,20,20,40
2026-2027,DPS-GSEB-ENG-STD08-GEN-HIN-2026,DPS-GSEB-ENG-STD08-GEN-HIN-26,20,20,25,15,20,20,40
2026-2027,DPS-GSEB-ENG-STD08-GEN-REG_LANG-2026,DPS-GSEB-ENG-STD08-GEN-REG_LANG-26,20,20,25,15,20,20,40
2026-2027,DPS-GSEB-ENG-STD08-GEN-MATH-2026,DPS-GSEB-ENG-STD08-GEN-MATH-26,20,20,25,15,20,20,40
2026-2027,DPS-GSEB-ENG-STD08-GEN-SCI-2026,DPS-GSEB-ENG-STD08-GEN-SCI-26,20,20,25,15,20,20,40
2026-2027,DPS-GSEB-ENG-STD08-GEN-SST-2026,DPS-GSEB-ENG-STD08-GEN-SST-26,20,20,25,15,20,20,40
2026-2027,DPS-GSEB-ENG-STD08-GEN-COMP-2026,DPS-GSEB-ENG-STD08-GEN-COMP-26,20,20,25,15,20,20,40
2026-2027,DPS-GSEB-ENG-STD08-GEN-ART-2026,DPS-GSEB-ENG-STD08-GEN-ART-26,20,20,25,15,20,20,40
2026-2027,DPS-GSEB-ENG-STD08-GEN-PE-2026,DPS-GSEB-ENG-STD08-GEN-PE-26,20,20,25,15,20,20,40
2026-2027,DPS-GSEB-ENG-STD09-GEN-ENG-2026,DPS-GSEB-ENG-STD09-GEN-ENG-26,15,20,25,20,20,20,40
2026-2027,DPS-GSEB-ENG-STD09-GEN-HIN-2026,DPS-GSEB-ENG-STD09-GEN-HIN-26,15,20,25,20,20,20,40
2026-2027,DPS-GSEB-ENG-STD09-GEN-REG_LANG-2026,DPS-GSEB-ENG-STD09-GEN-REG_LANG-26,15,20,25,20,20,20,40
2026-2027,DPS-GSEB-ENG-STD09-GEN-MATH-2026,DPS-GSEB-ENG-STD09-GEN-MATH-26,15,20,25,20,20,20,40
2026-2027,DPS-GSEB-ENG-STD09-GEN-SCI-2026,DPS-GSEB-ENG-STD09-GEN-SCI-26,15,20,25,20,20,20,40
2026-2027,DPS-GSEB-ENG-STD09-GEN-SST-2026,DPS-GSEB-ENG-STD09-GEN-SST-26,15,20,25,20,20,20,40
2026-2027,DPS-GSEB-ENG-STD09-GEN-COMP-2026,DPS-GSEB-ENG-STD09-GEN-COMP-26,15,20,25,20,20,20,40
2026-2027,DPS-GSEB-ENG-STD09-GEN-ART-2026,DPS-GSEB-ENG-STD09-GEN-ART-26,15,20,25,20,20,20,40
2026-2027,DPS-GSEB-ENG-STD09-GEN-PE-2026,DPS-GSEB-ENG-STD09-GEN-PE-26,15,20,25,20,20,20,40
2026-2027,DPS-GSEB-ENG-STD10-GEN-ENG-2026,DPS-GSEB-ENG-STD10-GEN-ENG-26,15,20,25,20,20,20,40
2026-2027,DPS-GSEB-ENG-STD10-GEN-HIN-2026,DPS-GSEB-ENG-STD10-GEN-HIN-26,15,20,25,20,20,20,40
2026-2027,DPS-GSEB-ENG-STD10-GEN-REG_LANG-2026,DPS-GSEB-ENG-STD10-GEN-REG_LANG-26,15,20,25,20,20,20,40
2026-2027,DPS-GSEB-ENG-STD10-GEN-MATH-2026,DPS-GSEB-ENG-STD10-GEN-MATH-26,15,20,25,20,20,20,40
2026-2027,DPS-GSEB-ENG-STD10-GEN-SCI-2026,DPS-GSEB-ENG-STD10-GEN-SCI-26,15,20,25,20,20,20,40
2026-2027,DPS-GSEB-ENG-STD10-GEN-SST-2026,DPS-GSEB-ENG-STD10-GEN-SST-26,15,20,25,20,20,20,40
2026-2027,DPS-GSEB-ENG-STD10-GEN-COMP-2026,DPS-GSEB-ENG-STD10-GEN-COMP-26,15,20,25,20,20,20,40
2026-2027,DPS-GSEB-ENG-STD10-GEN-ART-2026,DPS-GSEB-ENG-STD10-GEN-ART-26,15,20,25,20,20,20,40
2026-2027,DPS-GSEB-ENG-STD10-GEN-PE-2026,DPS-GSEB-ENG-STD10-GEN-PE-26,15,20,25,20,20,20,40
2026-2027,DPS-GSEB-ENG-STD11_SCI-SCI-ENG-2026,DPS-GSEB-ENG-STD11_SCI-SCI-ENG-26,10,25,25,20,20,20,40
2026-2027,DPS-GSEB-ENG-STD11_SCI-SCI-PE-2026,DPS-GSEB-ENG-STD11_SCI-SCI-PE-26,10,25,25,20,20,20,40
2026-2027,DPS-GSEB-ENG-STD11_SCI-SCI-PHY-2026,DPS-GSEB-ENG-STD11_SCI-SCI-PHY-26,10,25,25,20,20,20,40
2026-2027,DPS-GSEB-ENG-STD11_SCI-SCI-CHE-2026,DPS-GSEB-ENG-STD11_SCI-SCI-CHE-26,10,25,25,20,20,20,40
2026-2027,DPS-GSEB-ENG-STD11_SCI-SCI-BIO-2026,DPS-GSEB-ENG-STD11_SCI-SCI-BIO-26,10,25,25,20,20,20,40
2026-2027,DPS-GSEB-ENG-STD11_SCI-SCI-MATH_ADV-2026,DPS-GSEB-ENG-STD11_SCI-SCI-MATH_ADV-26,10,25,25,20,20,20,40
2026-2027,DPS-GSEB-ENG-STD11_SCI-SCI-IP-2026,DPS-GSEB-ENG-STD11_SCI-SCI-IP-26,10,25,25,20,20,20,40
2026-2027,DPS-GSEB-ENG-STD11_COM-COM-ENG-2026,DPS-GSEB-ENG-STD11_COM-COM-ENG-26,10,25,25,20,20,20,40
2026-2027,DPS-GSEB-ENG-STD11_COM-COM-PE-2026,DPS-GSEB-ENG-STD11_COM-COM-PE-26,10,25,25,20,20,20,40
2026-2027,DPS-GSEB-ENG-STD11_COM-COM-MATH_ADV-2026,DPS-GSEB-ENG-STD11_COM-COM-MATH_ADV-26,10,25,25,20,20,20,40
2026-2027,DPS-GSEB-ENG-STD11_COM-COM-APP_MATH-2026,DPS-GSEB-ENG-STD11_COM-COM-APP_MATH-26,10,25,25,20,20,20,40
2026-2027,DPS-GSEB-ENG-STD11_COM-COM-IP-2026,DPS-GSEB-ENG-STD11_COM-COM-IP-26,10,25,25,20,20,20,40
2026-2027,DPS-GSEB-ENG-STD11_COM-COM-ACC-2026,DPS-GSEB-ENG-STD11_COM-COM-ACC-26,10,25,25,20,20,20,40
2026-2027,DPS-GSEB-ENG-STD11_COM-COM-BST-2026,DPS-GSEB-ENG-STD11_COM-COM-BST-26,10,25,25,20,20,20,40
2026-2027,DPS-GSEB-ENG-STD11_COM-COM-ECO-2026,DPS-GSEB-ENG-STD11_COM-COM-ECO-26,10,25,25,20,20,20,40
2026-2027,DPS-GSEB-ENG-STD11_COM-COM-ENT-2026,DPS-GSEB-ENG-STD11_COM-COM-ENT-26,10,25,25,20,20,20,40
2026-2027,DPS-GSEB-ENG-STD11_ART-ART-ENG-2026,DPS-GSEB-ENG-STD11_ART-ART-ENG-26,10,25,25,20,20,20,40
2026-2027,DPS-GSEB-ENG-STD11_ART-ART-PE-2026,DPS-GSEB-ENG-STD11_ART-ART-PE-26,10,25,25,20,20,20,40
2026-2027,DPS-GSEB-ENG-STD11_ART-ART-APP_MATH-2026,DPS-GSEB-ENG-STD11_ART-ART-APP_MATH-26,10,25,25,20,20,20,40
2026-2027,DPS-GSEB-ENG-STD11_ART-ART-IP-2026,DPS-GSEB-ENG-STD11_ART-ART-IP-26,10,25,25,20,20,20,40
2026-2027,DPS-GSEB-ENG-STD11_ART-ART-HIS-2026,DPS-GSEB-ENG-STD11_ART-ART-HIS-26,10,25,25,20,20,20,40
2026-2027,DPS-GSEB-ENG-STD11_ART-ART-GEO-2026,DPS-GSEB-ENG-STD11_ART-ART-GEO-26,10,25,25,20,20,20,40
2026-2027,DPS-GSEB-ENG-STD11_ART-ART-POL-2026,DPS-GSEB-ENG-STD11_ART-ART-POL-26,10,25,25,20,20,20,40
2026-2027,DPS-GSEB-ENG-STD11_ART-ART-PSY-2026,DPS-GSEB-ENG-STD11_ART-ART-PSY-26,10,25,25,20,20,20,40
2026-2027,DPS-GSEB-ENG-STD11_ART-ART-SOC-2026,DPS-GSEB-ENG-STD11_ART-ART-SOC-26,10,25,25,20,20,20,40
2026-2027,DPS-GSEB-ENG-STD12_SCI-SCI-ENG-2026,DPS-GSEB-ENG-STD12_SCI-SCI-ENG-26,10,25,25,20,20,20,40
2026-2027,DPS-GSEB-ENG-STD12_SCI-SCI-PE-2026,DPS-GSEB-ENG-STD12_SCI-SCI-PE-26,10,25,25,20,20,20,40
2026-2027,DPS-GSEB-ENG-STD12_SCI-SCI-PHY-2026,DPS-GSEB-ENG-STD12_SCI-SCI-PHY-26,10,25,25,20,20,20,40
2026-2027,DPS-GSEB-ENG-STD12_SCI-SCI-CHE-2026,DPS-GSEB-ENG-STD12_SCI-SCI-CHE-26,10,25,25,20,20,20,40
2026-2027,DPS-GSEB-ENG-STD12_SCI-SCI-BIO-2026,DPS-GSEB-ENG-STD12_SCI-SCI-BIO-26,10,25,25,20,20,20,40
2026-2027,DPS-GSEB-ENG-STD12_SCI-SCI-MATH_ADV-2026,DPS-GSEB-ENG-STD12_SCI-SCI-MATH_ADV-26,10,25,25,20,20,20,40
2026-2027,DPS-GSEB-ENG-STD12_SCI-SCI-IP-2026,DPS-GSEB-ENG-STD12_SCI-SCI-IP-26,10,25,25,20,20,20,40
2026-2027,DPS-GSEB-ENG-STD12_COM-COM-ENG-2026,DPS-GSEB-ENG-STD12_COM-COM-ENG-26,10,25,25,20,20,20,40
2026-2027,DPS-GSEB-ENG-STD12_COM-COM-PE-2026,DPS-GSEB-ENG-STD12_COM-COM-PE-26,10,25,25,20,20,20,40
2026-2027,DPS-GSEB-ENG-STD12_COM-COM-MATH_ADV-2026,DPS-GSEB-ENG-STD12_COM-COM-MATH_ADV-26,10,25,25,20,20,20,40
2026-2027,DPS-GSEB-ENG-STD12_COM-COM-APP_MATH-2026,DPS-GSEB-ENG-STD12_COM-COM-APP_MATH-26,10,25,25,20,20,20,40
2026-2027,DPS-GSEB-ENG-STD12_COM-COM-IP-2026,DPS-GSEB-ENG-STD12_COM-COM-IP-26,10,25,25,20,20,20,40
2026-2027,DPS-GSEB-ENG-STD12_COM-COM-ACC-2026,DPS-GSEB-ENG-STD12_COM-COM-ACC-26,10,25,25,20,20,20,40
2026-2027,DPS-GSEB-ENG-STD12_COM-COM-BST-2026,DPS-GSEB-ENG-STD12_COM-COM-BST-26,10,25,25,20,20,20,40
2026-2027,DPS-GSEB-ENG-STD12_COM-COM-ECO-2026,DPS-GSEB-ENG-STD12_COM-COM-ECO-26,10,25,25,20,20,20,40
2026-2027,DPS-GSEB-ENG-STD12_COM-COM-ENT-2026,DPS-GSEB-ENG-STD12_COM-COM-ENT-26,10,25,25,20,20,20,40
2026-2027,DPS-GSEB-ENG-STD12_ART-ART-ENG-2026,DPS-GSEB-ENG-STD12_ART-ART-ENG-26,10,25,25,20,20,20,40
2026-2027,DPS-GSEB-ENG-STD12_ART-ART-PE-2026,DPS-GSEB-ENG-STD12_ART-ART-PE-26,10,25,25,20,20,20,40
2026-2027,DPS-GSEB-ENG-STD12_ART-ART-APP_MATH-2026,DPS-GSEB-ENG-STD12_ART-ART-APP_MATH-26,10,25,25,20,20,20,40
2026-2027,DPS-GSEB-ENG-STD12_ART-ART-IP-2026,DPS-GSEB-ENG-STD12_ART-ART-IP-26,10,25,25,20,20,20,40
2026-2027,DPS-GSEB-ENG-STD12_ART-ART-HIS-2026,DPS-GSEB-ENG-STD12_ART-ART-HIS-26,10,25,25,20,20,20,40
2026-2027,DPS-GSEB-ENG-STD12_ART-ART-GEO-2026,DPS-GSEB-ENG-STD12_ART-ART-GEO-26,10,25,25,20,20,20,40
2026-2027,DPS-GSEB-ENG-STD12_ART-ART-POL-2026,DPS-GSEB-ENG-STD12_ART-ART-POL-26,10,25,25,20,20,20,40
2026-2027,DPS-GSEB-ENG-STD12_ART-ART-PSY-2026,DPS-GSEB-ENG-STD12_ART-ART-PSY-26,10,25,25,20,20,20,40
2026-2027,DPS-GSEB-ENG-STD12_ART-ART-SOC-2026,DPS-GSEB-ENG-STD12_ART-ART-SOC-26,10,25,25,20,20,20,40
2026-2027,DPS-GSEB-ENG-ITI_ELEC-VOC_IND-ENG_DRAW-2026,DPS-GSEB-ENG-ITI_ELEC-VOC_IND-ENG_DRAW-26,20,20,25,15,20,20,40
2026-2027,DPS-GSEB-ENG-ITI_ELEC-VOC_IND-WORK_PRAC-2026,DPS-GSEB-ENG-ITI_ELEC-VOC_IND-WORK_PRAC-26,20,20,25,15,20,20,40
2026-2027,DPS-GSEB-ENG-ITI_ELEC-VOC_IND-ELEC_THEORY-2026,DPS-GSEB-ENG-ITI_ELEC-VOC_IND-ELEC_THEORY-26,20,20,25,15,20,20,40
2026-2027,DPS-GSEB-ENG-ITI_ELEC-VOC_IND-FIT_THEORY-2026,DPS-GSEB-ENG-ITI_ELEC-VOC_IND-FIT_THEORY-26,20,20,25,15,20,20,40
2026-2027,DPS-GSEB-ENG-ITI_FIT-VOC_IND-ENG_DRAW-2026,DPS-GSEB-ENG-ITI_FIT-VOC_IND-ENG_DRAW-26,20,20,25,15,20,20,40
2026-2027,DPS-GSEB-ENG-ITI_FIT-VOC_IND-WORK_PRAC-2026,DPS-GSEB-ENG-ITI_FIT-VOC_IND-WORK_PRAC-26,20,20,25,15,20,20,40
2026-2027,DPS-GSEB-ENG-ITI_FIT-VOC_IND-ELEC_THEORY-2026,DPS-GSEB-ENG-ITI_FIT-VOC_IND-ELEC_THEORY-26,20,20,25,15,20,20,40
2026-2027,DPS-GSEB-ENG-ITI_FIT-VOC_IND-FIT_THEORY-2026,DPS-GSEB-ENG-ITI_FIT-VOC_IND-FIT_THEORY-26,20,20,25,15,20,20,40
2026-2027,DPS-GSEB-ENG-POLY_ME_Y1-ENG-ENG_DRAW-2026,DPS-GSEB-ENG-POLY_ME_Y1-ENG-ENG_DRAW-26,20,20,25,15,20,20,40
2026-2027,DPS-GSEB-ENG-POLY_ME_Y1-ENG-WORK_PRAC-2026,DPS-GSEB-ENG-POLY_ME_Y1-ENG-WORK_PRAC-26,20,20,25,15,20,20,40
2026-2027,DPS-GSEB-ENG-POLY_ME_Y2-ENG-ENG_DRAW-2026,DPS-GSEB-ENG-POLY_ME_Y2-ENG-ENG_DRAW-26,20,20,25,15,20,20,40
2026-2027,DPS-GSEB-ENG-POLY_ME_Y2-ENG-WORK_PRAC-2026,DPS-GSEB-ENG-POLY_ME_Y2-ENG-WORK_PRAC-26,20,20,25,15,20,20,40
2026-2027,DPS-GSEB-ENG-POLY_ME_Y3-ENG-ENG_DRAW-2026,DPS-GSEB-ENG-POLY_ME_Y3-ENG-ENG_DRAW-26,20,20,25,15,20,20,40
2026-2027,DPS-GSEB-ENG-POLY_ME_Y3-ENG-WORK_PRAC-2026,DPS-GSEB-ENG-POLY_ME_Y3-ENG-WORK_PRAC-26,20,20,25,15,20,20,40
2026-2027,DPS-GSEB-ENG-POLY_CE_Y1-ENG-ENG_DRAW-2026,DPS-GSEB-ENG-POLY_CE_Y1-ENG-ENG_DRAW-26,20,20,25,15,20,20,40
2026-2027,DPS-GSEB-ENG-POLY_CE_Y1-ENG-WORK_PRAC-2026,DPS-GSEB-ENG-POLY_CE_Y1-ENG-WORK_PRAC-26,20,20,25,15,20,20,40
2026-2027,DPS-GSEB-ENG-POLY_CE_Y2-ENG-ENG_DRAW-2026,DPS-GSEB-ENG-POLY_CE_Y2-ENG-ENG_DRAW-26,20,20,25,15,20,20,40
2026-2027,DPS-GSEB-ENG-POLY_CE_Y2-ENG-WORK_PRAC-2026,DPS-GSEB-ENG-POLY_CE_Y2-ENG-WORK_PRAC-26,20,20,25,15,20,20,40
2026-2027,DPS-GSEB-ENG-POLY_CE_Y3-ENG-ENG_DRAW-2026,DPS-GSEB-ENG-POLY_CE_Y3-ENG-ENG_DRAW-26,20,20,25,15,20,20,40
2026-2027,DPS-GSEB-ENG-POLY_CE_Y3-ENG-WORK_PRAC-2026,DPS-GSEB-ENG-POLY_CE_Y3-ENG-WORK_PRAC-26,20,20,25,15,20,20,40
2026-2027,DPS-GSEB-ENG-NUR_GNM_Y1-NUR-NUR_FND-2026,DPS-GSEB-ENG-NUR_GNM_Y1-NUR-NUR_FND-26,20,20,25,15,20,20,40
2026-2027,DPS-GSEB-ENG-NUR_GNM_Y2-NUR-NUR_FND-2026,DPS-GSEB-ENG-NUR_GNM_Y2-NUR-NUR_FND-26,20,20,25,15,20,20,40
2026-2027,DPS-GSEB-ENG-UNI_UG_CSE_Y1-ENG-DSA-2026,DPS-GSEB-ENG-UNI_UG_CSE_Y1-ENG-DSA-26,20,20,25,15,20,20,40
2026-2027,DPS-GSEB-ENG-UNI_UG_CSE_Y1-ENG-DBMS-2026,DPS-GSEB-ENG-UNI_UG_CSE_Y1-ENG-DBMS-26,20,20,25,15,20,20,40
2026-2027,DPS-GSEB-ENG-UNI_UG_CSE_Y1-ENG-OS-2026,DPS-GSEB-ENG-UNI_UG_CSE_Y1-ENG-OS-26,20,20,25,15,20,20,40
2026-2027,DPS-GSEB-ENG-UNI_UG_CSE_Y1-ENG-CN-2026,DPS-GSEB-ENG-UNI_UG_CSE_Y1-ENG-CN-26,20,20,25,15,20,20,40
2026-2027,DPS-GSEB-ENG-UNI_UG_CSE_Y1-ENG-AI_ML-2026,DPS-GSEB-ENG-UNI_UG_CSE_Y1-ENG-AI_ML-26,20,20,25,15,20,20,40
2026-2027,DPS-GSEB-ENG-UNI_UG_CSE_Y1-ENG-SWE-2026,DPS-GSEB-ENG-UNI_UG_CSE_Y1-ENG-SWE-26,20,20,25,15,20,20,40
2026-2027,DPS-GSEB-ENG-UNI_UG_CSE_Y1-ENG-THERMO-2026,DPS-GSEB-ENG-UNI_UG_CSE_Y1-ENG-THERMO-26,20,20,25,15,20,20,40
2026-2027,DPS-GSEB-ENG-UNI_UG_CSE_Y1-ENG-CIRCUITS-2026,DPS-GSEB-ENG-UNI_UG_CSE_Y1-ENG-CIRCUITS-26,20,20,25,15,20,20,40
2026-2027,DPS-GSEB-ENG-UNI_UG_CSE_Y1-ENG-ANAT-2026,DPS-GSEB-ENG-UNI_UG_CSE_Y1-ENG-ANAT-26,20,20,25,15,20,20,40
2026-2027,DPS-GSEB-ENG-UNI_UG_CSE_Y1-ENG-PHYS-2026,DPS-GSEB-ENG-UNI_UG_CSE_Y1-ENG-PHYS-26,20,20,25,15,20,20,40
2026-2027,DPS-GSEB-ENG-UNI_UG_CSE_Y1-ENG-PHARM-2026,DPS-GSEB-ENG-UNI_UG_CSE_Y1-ENG-PHARM-26,20,20,25,15,20,20,40
2026-2027,DPS-GSEB-ENG-UNI_UG_CSE_Y1-ENG-PATH-2026,DPS-GSEB-ENG-UNI_UG_CSE_Y1-ENG-PATH-26,20,20,25,15,20,20,40
2026-2027,DPS-GSEB-ENG-UNI_UG_CSE_Y1-ENG-COM_MED-2026,DPS-GSEB-ENG-UNI_UG_CSE_Y1-ENG-COM_MED-26,20,20,25,15,20,20,40
2026-2027,DPS-GSEB-ENG-UNI_UG_CSE_Y1-ENG-LAW_CON-2026,DPS-GSEB-ENG-UNI_UG_CSE_Y1-ENG-LAW_CON-26,20,20,25,15,20,20,40
2026-2027,DPS-GSEB-ENG-UNI_UG_CSE_Y1-ENG-LAW_IPC-2026,DPS-GSEB-ENG-UNI_UG_CSE_Y1-ENG-LAW_IPC-26,20,20,25,15,20,20,40
2026-2027,DPS-GSEB-ENG-UNI_UG_CSE_Y1-ENG-LAW_CONTR-2026,DPS-GSEB-ENG-UNI_UG_CSE_Y1-ENG-LAW_CONTR-26,20,20,25,15,20,20,40
2026-2027,DPS-GSEB-ENG-UNI_UG_CSE_Y1-ENG-JURIS-2026,DPS-GSEB-ENG-UNI_UG_CSE_Y1-ENG-JURIS-26,20,20,25,15,20,20,40
2026-2027,DPS-GSEB-ENG-UNI_UG_CSE_Y1-ENG-CORP_ACC-2026,DPS-GSEB-ENG-UNI_UG_CSE_Y1-ENG-CORP_ACC-26,20,20,25,15,20,20,40
2026-2027,DPS-GSEB-ENG-UNI_UG_CSE_Y1-ENG-FIN_MGT-2026,DPS-GSEB-ENG-UNI_UG_CSE_Y1-ENG-FIN_MGT-26,20,20,25,15,20,20,40
2026-2027,DPS-GSEB-ENG-UNI_UG_CSE_Y1-ENG-MKT_MGT-2026,DPS-GSEB-ENG-UNI_UG_CSE_Y1-ENG-MKT_MGT-26,20,20,25,15,20,20,40
2026-2027,DPS-GSEB-ENG-UNI_UG_CSE_Y1-ENG-OB-2026,DPS-GSEB-ENG-UNI_UG_CSE_Y1-ENG-OB-26,20,20,25,15,20,20,40
2026-2027,DPS-GSEB-ENG-UNI_UG_CSE_Y1-ENG-UI_UX-2026,DPS-GSEB-ENG-UNI_UG_CSE_Y1-ENG-UI_UX-26,20,20,25,15,20,20,40
2026-2027,DPS-GSEB-ENG-UNI_UG_CSE_Y1-ENG-TYPO-2026,DPS-GSEB-ENG-UNI_UG_CSE_Y1-ENG-TYPO-26,20,20,25,15,20,20,40
2026-2027,DPS-GSEB-ENG-UNI_UG_CSE_Y1-ENG-ARCH_DSN-2026,DPS-GSEB-ENG-UNI_UG_CSE_Y1-ENG-ARCH_DSN-26,20,20,25,15,20,20,40
2026-2027,DPS-GSEB-ENG-UNI_UG_CSE_Y2-ENG-DSA-2026,DPS-GSEB-ENG-UNI_UG_CSE_Y2-ENG-DSA-26,20,20,25,15,20,20,40
2026-2027,DPS-GSEB-ENG-UNI_UG_CSE_Y2-ENG-DBMS-2026,DPS-GSEB-ENG-UNI_UG_CSE_Y2-ENG-DBMS-26,20,20,25,15,20,20,40
2026-2027,DPS-GSEB-ENG-UNI_UG_CSE_Y2-ENG-OS-2026,DPS-GSEB-ENG-UNI_UG_CSE_Y2-ENG-OS-26,20,20,25,15,20,20,40
2026-2027,DPS-GSEB-ENG-UNI_UG_CSE_Y2-ENG-CN-2026,DPS-GSEB-ENG-UNI_UG_CSE_Y2-ENG-CN-26,20,20,25,15,20,20,40
2026-2027,DPS-GSEB-ENG-UNI_UG_CSE_Y2-ENG-AI_ML-2026,DPS-GSEB-ENG-UNI_UG_CSE_Y2-ENG-AI_ML-26,20,20,25,15,20,20,40
2026-2027,DPS-GSEB-ENG-UNI_UG_CSE_Y2-ENG-SWE-2026,DPS-GSEB-ENG-UNI_UG_CSE_Y2-ENG-SWE-26,20,20,25,15,20,20,40
2026-2027,DPS-GSEB-ENG-UNI_UG_CSE_Y2-ENG-THERMO-2026,DPS-GSEB-ENG-UNI_UG_CSE_Y2-ENG-THERMO-26,20,20,25,15,20,20,40
2026-2027,DPS-GSEB-ENG-UNI_UG_CSE_Y2-ENG-CIRCUITS-2026,DPS-GSEB-ENG-UNI_UG_CSE_Y2-ENG-CIRCUITS-26,20,20,25,15,20,20,40
2026-2027,DPS-GSEB-ENG-UNI_UG_CSE_Y2-ENG-ANAT-2026,DPS-GSEB-ENG-UNI_UG_CSE_Y2-ENG-ANAT-26,20,20,25,15,20,20,40
2026-2027,DPS-GSEB-ENG-UNI_UG_CSE_Y2-ENG-PHYS-2026,DPS-GSEB-ENG-UNI_UG_CSE_Y2-ENG-PHYS-26,20,20,25,15,20,20,40
2026-2027,DPS-GSEB-ENG-UNI_UG_CSE_Y2-ENG-PHARM-2026,DPS-GSEB-ENG-UNI_UG_CSE_Y2-ENG-PHARM-26,20,20,25,15,20,20,40
2026-2027,DPS-GSEB-ENG-UNI_UG_CSE_Y2-ENG-PATH-2026,DPS-GSEB-ENG-UNI_UG_CSE_Y2-ENG-PATH-26,20,20,25,15,20,20,40
2026-2027,DPS-GSEB-ENG-UNI_UG_CSE_Y2-ENG-COM_MED-2026,DPS-GSEB-ENG-UNI_UG_CSE_Y2-ENG-COM_MED-26,20,20,25,15,20,20,40
2026-2027,DPS-GSEB-ENG-UNI_UG_CSE_Y2-ENG-LAW_CON-2026,DPS-GSEB-ENG-UNI_UG_CSE_Y2-ENG-LAW_CON-26,20,20,25,15,20,20,40
2026-2027,DPS-GSEB-ENG-UNI_UG_CSE_Y2-ENG-LAW_IPC-2026,DPS-GSEB-ENG-UNI_UG_CSE_Y2-ENG-LAW_IPC-26,20,20,25,15,20,20,40
2026-2027,DPS-GSEB-ENG-UNI_UG_CSE_Y2-ENG-LAW_CONTR-2026,DPS-GSEB-ENG-UNI_UG_CSE_Y2-ENG-LAW_CONTR-26,20,20,25,15,20,20,40
2026-2027,DPS-GSEB-ENG-UNI_UG_CSE_Y2-ENG-JURIS-2026,DPS-GSEB-ENG-UNI_UG_CSE_Y2-ENG-JURIS-26,20,20,25,15,20,20,40
2026-2027,DPS-GSEB-ENG-UNI_UG_CSE_Y2-ENG-CORP_ACC-2026,DPS-GSEB-ENG-UNI_UG_CSE_Y2-ENG-CORP_ACC-26,20,20,25,15,20,20,40
2026-2027,DPS-GSEB-ENG-UNI_UG_CSE_Y2-ENG-FIN_MGT-2026,DPS-GSEB-ENG-UNI_UG_CSE_Y2-ENG-FIN_MGT-26,20,20,25,15,20,20,40
2026-2027,DPS-GSEB-ENG-UNI_UG_CSE_Y2-ENG-MKT_MGT-2026,DPS-GSEB-ENG-UNI_UG_CSE_Y2-ENG-MKT_MGT-26,20,20,25,15,20,20,40
2026-2027,DPS-GSEB-ENG-UNI_UG_CSE_Y2-ENG-OB-2026,DPS-GSEB-ENG-UNI_UG_CSE_Y2-ENG-OB-26,20,20,25,15,20,20,40
2026-2027,DPS-GSEB-ENG-UNI_UG_CSE_Y2-ENG-UI_UX-2026,DPS-GSEB-ENG-UNI_UG_CSE_Y2-ENG-UI_UX-26,20,20,25,15,20,20,40
2026-2027,DPS-GSEB-ENG-UNI_UG_CSE_Y2-ENG-TYPO-2026,DPS-GSEB-ENG-UNI_UG_CSE_Y2-ENG-TYPO-26,20,20,25,15,20,20,40
2026-2027,DPS-GSEB-ENG-UNI_UG_CSE_Y2-ENG-ARCH_DSN-2026,DPS-GSEB-ENG-UNI_UG_CSE_Y2-ENG-ARCH_DSN-26,20,20,25,15,20,20,40
2026-2027,DPS-GSEB-ENG-UNI_UG_CSE_Y3-ENG-DSA-2026,DPS-GSEB-ENG-UNI_UG_CSE_Y3-ENG-DSA-26,20,20,25,15,20,20,40
2026-2027,DPS-GSEB-ENG-UNI_UG_CSE_Y3-ENG-DBMS-2026,DPS-GSEB-ENG-UNI_UG_CSE_Y3-ENG-DBMS-26,20,20,25,15,20,20,40
2026-2027,DPS-GSEB-ENG-UNI_UG_CSE_Y3-ENG-OS-2026,DPS-GSEB-ENG-UNI_UG_CSE_Y3-ENG-OS-26,20,20,25,15,20,20,40
2026-2027,DPS-GSEB-ENG-UNI_UG_CSE_Y3-ENG-CN-2026,DPS-GSEB-ENG-UNI_UG_CSE_Y3-ENG-CN-26,20,20,25,15,20,20,40
2026-2027,DPS-GSEB-ENG-UNI_UG_CSE_Y3-ENG-AI_ML-2026,DPS-GSEB-ENG-UNI_UG_CSE_Y3-ENG-AI_ML-26,20,20,25,15,20,20,40
2026-2027,DPS-GSEB-ENG-UNI_UG_CSE_Y3-ENG-SWE-2026,DPS-GSEB-ENG-UNI_UG_CSE_Y3-ENG-SWE-26,20,20,25,15,20,20,40
2026-2027,DPS-GSEB-ENG-UNI_UG_CSE_Y3-ENG-THERMO-2026,DPS-GSEB-ENG-UNI_UG_CSE_Y3-ENG-THERMO-26,20,20,25,15,20,20,40
2026-2027,DPS-GSEB-ENG-UNI_UG_CSE_Y3-ENG-CIRCUITS-2026,DPS-GSEB-ENG-UNI_UG_CSE_Y3-ENG-CIRCUITS-26,20,20,25,15,20,20,40
2026-2027,DPS-GSEB-ENG-UNI_UG_CSE_Y3-ENG-ANAT-2026,DPS-GSEB-ENG-UNI_UG_CSE_Y3-ENG-ANAT-26,20,20,25,15,20,20,40
2026-2027,DPS-GSEB-ENG-UNI_UG_CSE_Y3-ENG-PHYS-2026,DPS-GSEB-ENG-UNI_UG_CSE_Y3-ENG-PHYS-26,20,20,25,15,20,20,40
2026-2027,DPS-GSEB-ENG-UNI_UG_CSE_Y3-ENG-PHARM-2026,DPS-GSEB-ENG-UNI_UG_CSE_Y3-ENG-PHARM-26,20,20,25,15,20,20,40
2026-2027,DPS-GSEB-ENG-UNI_UG_CSE_Y3-ENG-PATH-2026,DPS-GSEB-ENG-UNI_UG_CSE_Y3-ENG-PATH-26,20,20,25,15,20,20,40
2026-2027,DPS-GSEB-ENG-UNI_UG_CSE_Y3-ENG-COM_MED-2026,DPS-GSEB-ENG-UNI_UG_CSE_Y3-ENG-COM_MED-26,20,20,25,15,20,20,40
2026-2027,DPS-GSEB-ENG-UNI_UG_CSE_Y3-ENG-LAW_CON-2026,DPS-GSEB-ENG-UNI_UG_CSE_Y3-ENG-LAW_CON-26,20,20,25,15,20,20,40
2026-2027,DPS-GSEB-ENG-UNI_UG_CSE_Y3-ENG-LAW_IPC-2026,DPS-GSEB-ENG-UNI_UG_CSE_Y3-ENG-LAW_IPC-26,20,20,25,15,20,20,40
2026-2027,DPS-GSEB-ENG-UNI_UG_CSE_Y3-ENG-LAW_CONTR-2026,DPS-GSEB-ENG-UNI_UG_CSE_Y3-ENG-LAW_CONTR-26,20,20,25,15,20,20,40
2026-2027,DPS-GSEB-ENG-UNI_UG_CSE_Y3-ENG-JURIS-2026,DPS-GSEB-ENG-UNI_UG_CSE_Y3-ENG-JURIS-26,20,20,25,15,20,20,40
2026-2027,DPS-GSEB-ENG-UNI_UG_CSE_Y3-ENG-CORP_ACC-2026,DPS-GSEB-ENG-UNI_UG_CSE_Y3-ENG-CORP_ACC-26,20,20,25,15,20,20,40
2026-2027,DPS-GSEB-ENG-UNI_UG_CSE_Y3-ENG-FIN_MGT-2026,DPS-GSEB-ENG-UNI_UG_CSE_Y3-ENG-FIN_MGT-26,20,20,25,15,20,20,40
2026-2027,DPS-GSEB-ENG-UNI_UG_CSE_Y3-ENG-MKT_MGT-2026,DPS-GSEB-ENG-UNI_UG_CSE_Y3-ENG-MKT_MGT-26,20,20,25,15,20,20,40
2026-2027,DPS-GSEB-ENG-UNI_UG_CSE_Y3-ENG-OB-2026,DPS-GSEB-ENG-UNI_UG_CSE_Y3-ENG-OB-26,20,20,25,15,20,20,40
2026-2027,DPS-GSEB-ENG-UNI_UG_CSE_Y3-ENG-UI_UX-2026,DPS-GSEB-ENG-UNI_UG_CSE_Y3-ENG-UI_UX-26,20,20,25,15,20,20,40
2026-2027,DPS-GSEB-ENG-UNI_UG_CSE_Y3-ENG-TYPO-2026,DPS-GSEB-ENG-UNI_UG_CSE_Y3-ENG-TYPO-26,20,20,25,15,20,20,40
2026-2027,DPS-GSEB-ENG-UNI_UG_CSE_Y3-ENG-ARCH_DSN-2026,DPS-GSEB-ENG-UNI_UG_CSE_Y3-ENG-ARCH_DSN-26,20,20,25,15,20,20,40
2026-2027,DPS-GSEB-ENG-UNI_UG_CSE_Y4-ENG-DSA-2026,DPS-GSEB-ENG-UNI_UG_CSE_Y4-ENG-DSA-26,20,20,25,15,20,20,40
2026-2027,DPS-GSEB-ENG-UNI_UG_CSE_Y4-ENG-DBMS-2026,DPS-GSEB-ENG-UNI_UG_CSE_Y4-ENG-DBMS-26,20,20,25,15,20,20,40
2026-2027,DPS-GSEB-ENG-UNI_UG_CSE_Y4-ENG-OS-2026,DPS-GSEB-ENG-UNI_UG_CSE_Y4-ENG-OS-26,20,20,25,15,20,20,40
2026-2027,DPS-GSEB-ENG-UNI_UG_CSE_Y4-ENG-CN-2026,DPS-GSEB-ENG-UNI_UG_CSE_Y4-ENG-CN-26,20,20,25,15,20,20,40
2026-2027,DPS-GSEB-ENG-UNI_UG_CSE_Y4-ENG-AI_ML-2026,DPS-GSEB-ENG-UNI_UG_CSE_Y4-ENG-AI_ML-26,20,20,25,15,20,20,40
2026-2027,DPS-GSEB-ENG-UNI_UG_CSE_Y4-ENG-SWE-2026,DPS-GSEB-ENG-UNI_UG_CSE_Y4-ENG-SWE-26,20,20,25,15,20,20,40
2026-2027,DPS-GSEB-ENG-UNI_UG_CSE_Y4-ENG-THERMO-2026,DPS-GSEB-ENG-UNI_UG_CSE_Y4-ENG-THERMO-26,20,20,25,15,20,20,40
2026-2027,DPS-GSEB-ENG-UNI_UG_CSE_Y4-ENG-CIRCUITS-2026,DPS-GSEB-ENG-UNI_UG_CSE_Y4-ENG-CIRCUITS-26,20,20,25,15,20,20,40
2026-2027,DPS-GSEB-ENG-UNI_UG_CSE_Y4-ENG-ANAT-2026,DPS-GSEB-ENG-UNI_UG_CSE_Y4-ENG-ANAT-26,20,20,25,15,20,20,40
2026-2027,DPS-GSEB-ENG-UNI_UG_CSE_Y4-ENG-PHYS-2026,DPS-GSEB-ENG-UNI_UG_CSE_Y4-ENG-PHYS-26,20,20,25,15,20,20,40
2026-2027,DPS-GSEB-ENG-UNI_UG_CSE_Y4-ENG-PHARM-2026,DPS-GSEB-ENG-UNI_UG_CSE_Y4-ENG-PHARM-26,20,20,25,15,20,20,40
2026-2027,DPS-GSEB-ENG-UNI_UG_CSE_Y4-ENG-PATH-2026,DPS-GSEB-ENG-UNI_UG_CSE_Y4-ENG-PATH-26,20,20,25,15,20,20,40
2026-2027,DPS-GSEB-ENG-UNI_UG_CSE_Y4-ENG-COM_MED-2026,DPS-GSEB-ENG-UNI_UG_CSE_Y4-ENG-COM_MED-26,20,20,25,15,20,20,40
2026-2027,DPS-GSEB-ENG-UNI_UG_CSE_Y4-ENG-LAW_CON-2026,DPS-GSEB-ENG-UNI_UG_CSE_Y4-ENG-LAW_CON-26,20,20,25,15,20,20,40
2026-2027,DPS-GSEB-ENG-UNI_UG_CSE_Y4-ENG-LAW_IPC-2026,DPS-GSEB-ENG-UNI_UG_CSE_Y4-ENG-LAW_IPC-26,20,20,25,15,20,20,40
2026-2027,DPS-GSEB-ENG-UNI_UG_CSE_Y4-ENG-LAW_CONTR-2026,DPS-GSEB-ENG-UNI_UG_CSE_Y4-ENG-LAW_CONTR-26,20,20,25,15,20,20,40
2026-2027,DPS-GSEB-ENG-UNI_UG_CSE_Y4-ENG-JURIS-2026,DPS-GSEB-ENG-UNI_UG_CSE_Y4-ENG-JURIS-26,20,20,25,15,20,20,40
2026-2027,DPS-GSEB-ENG-UNI_UG_CSE_Y4-ENG-CORP_ACC-2026,DPS-GSEB-ENG-UNI_UG_CSE_Y4-ENG-CORP_ACC-26,20,20,25,15,20,20,40
2026-2027,DPS-GSEB-ENG-UNI_UG_CSE_Y4-ENG-FIN_MGT-2026,DPS-GSEB-ENG-UNI_UG_CSE_Y4-ENG-FIN_MGT-26,20,20,25,15,20,20,40
2026-2027,DPS-GSEB-ENG-UNI_UG_CSE_Y4-ENG-MKT_MGT-2026,DPS-GSEB-ENG-UNI_UG_CSE_Y4-ENG-MKT_MGT-26,20,20,25,15,20,20,40
2026-2027,DPS-GSEB-ENG-UNI_UG_CSE_Y4-ENG-OB-2026,DPS-GSEB-ENG-UNI_UG_CSE_Y4-ENG-OB-26,20,20,25,15,20,20,40
2026-2027,DPS-GSEB-ENG-UNI_UG_CSE_Y4-ENG-UI_UX-2026,DPS-GSEB-ENG-UNI_UG_CSE_Y4-ENG-UI_UX-26,20,20,25,15,20,20,40
2026-2027,DPS-GSEB-ENG-UNI_UG_CSE_Y4-ENG-TYPO-2026,DPS-GSEB-ENG-UNI_UG_CSE_Y4-ENG-TYPO-26,20,20,25,15,20,20,40
2026-2027,DPS-GSEB-ENG-UNI_UG_CSE_Y4-ENG-ARCH_DSN-2026,DPS-GSEB-ENG-UNI_UG_CSE_Y4-ENG-ARCH_DSN-26,20,20,25,15,20,20,40
2026-2027,DPS-GSEB-ENG-UNI_UG_DS_Y1-SCI-DSA-2026,DPS-GSEB-ENG-UNI_UG_DS_Y1-SCI-DSA-26,20,20,25,15,20,20,40
2026-2027,DPS-GSEB-ENG-UNI_UG_DS_Y1-SCI-DBMS-2026,DPS-GSEB-ENG-UNI_UG_DS_Y1-SCI-DBMS-26,20,20,25,15,20,20,40
2026-2027,DPS-GSEB-ENG-UNI_UG_DS_Y1-SCI-OS-2026,DPS-GSEB-ENG-UNI_UG_DS_Y1-SCI-OS-26,20,20,25,15,20,20,40
2026-2027,DPS-GSEB-ENG-UNI_UG_DS_Y1-SCI-CN-2026,DPS-GSEB-ENG-UNI_UG_DS_Y1-SCI-CN-26,20,20,25,15,20,20,40
2026-2027,DPS-GSEB-ENG-UNI_UG_DS_Y1-SCI-AI_ML-2026,DPS-GSEB-ENG-UNI_UG_DS_Y1-SCI-AI_ML-26,20,20,25,15,20,20,40
2026-2027,DPS-GSEB-ENG-UNI_UG_DS_Y1-SCI-SWE-2026,DPS-GSEB-ENG-UNI_UG_DS_Y1-SCI-SWE-26,20,20,25,15,20,20,40
2026-2027,DPS-GSEB-ENG-UNI_UG_DS_Y1-SCI-THERMO-2026,DPS-GSEB-ENG-UNI_UG_DS_Y1-SCI-THERMO-26,20,20,25,15,20,20,40
2026-2027,DPS-GSEB-ENG-UNI_UG_DS_Y1-SCI-CIRCUITS-2026,DPS-GSEB-ENG-UNI_UG_DS_Y1-SCI-CIRCUITS-26,20,20,25,15,20,20,40
2026-2027,DPS-GSEB-ENG-UNI_UG_DS_Y1-SCI-ANAT-2026,DPS-GSEB-ENG-UNI_UG_DS_Y1-SCI-ANAT-26,20,20,25,15,20,20,40
2026-2027,DPS-GSEB-ENG-UNI_UG_DS_Y1-SCI-PHYS-2026,DPS-GSEB-ENG-UNI_UG_DS_Y1-SCI-PHYS-26,20,20,25,15,20,20,40
2026-2027,DPS-GSEB-ENG-UNI_UG_DS_Y1-SCI-PHARM-2026,DPS-GSEB-ENG-UNI_UG_DS_Y1-SCI-PHARM-26,20,20,25,15,20,20,40
2026-2027,DPS-GSEB-ENG-UNI_UG_DS_Y1-SCI-PATH-2026,DPS-GSEB-ENG-UNI_UG_DS_Y1-SCI-PATH-26,20,20,25,15,20,20,40
2026-2027,DPS-GSEB-ENG-UNI_UG_DS_Y1-SCI-COM_MED-2026,DPS-GSEB-ENG-UNI_UG_DS_Y1-SCI-COM_MED-26,20,20,25,15,20,20,40
2026-2027,DPS-GSEB-ENG-UNI_UG_DS_Y1-SCI-LAW_CON-2026,DPS-GSEB-ENG-UNI_UG_DS_Y1-SCI-LAW_CON-26,20,20,25,15,20,20,40
2026-2027,DPS-GSEB-ENG-UNI_UG_DS_Y1-SCI-LAW_IPC-2026,DPS-GSEB-ENG-UNI_UG_DS_Y1-SCI-LAW_IPC-26,20,20,25,15,20,20,40
2026-2027,DPS-GSEB-ENG-UNI_UG_DS_Y1-SCI-LAW_CONTR-2026,DPS-GSEB-ENG-UNI_UG_DS_Y1-SCI-LAW_CONTR-26,20,20,25,15,20,20,40
2026-2027,DPS-GSEB-ENG-UNI_UG_DS_Y1-SCI-JURIS-2026,DPS-GSEB-ENG-UNI_UG_DS_Y1-SCI-JURIS-26,20,20,25,15,20,20,40
2026-2027,DPS-GSEB-ENG-UNI_UG_DS_Y1-SCI-CORP_ACC-2026,DPS-GSEB-ENG-UNI_UG_DS_Y1-SCI-CORP_ACC-26,20,20,25,15,20,20,40
2026-2027,DPS-GSEB-ENG-UNI_UG_DS_Y1-SCI-FIN_MGT-2026,DPS-GSEB-ENG-UNI_UG_DS_Y1-SCI-FIN_MGT-26,20,20,25,15,20,20,40
2026-2027,DPS-GSEB-ENG-UNI_UG_DS_Y1-SCI-MKT_MGT-2026,DPS-GSEB-ENG-UNI_UG_DS_Y1-SCI-MKT_MGT-26,20,20,25,15,20,20,40
2026-2027,DPS-GSEB-ENG-UNI_UG_DS_Y1-SCI-OB-2026,DPS-GSEB-ENG-UNI_UG_DS_Y1-SCI-OB-26,20,20,25,15,20,20,40
2026-2027,DPS-GSEB-ENG-UNI_UG_DS_Y1-SCI-UI_UX-2026,DPS-GSEB-ENG-UNI_UG_DS_Y1-SCI-UI_UX-26,20,20,25,15,20,20,40
2026-2027,DPS-GSEB-ENG-UNI_UG_DS_Y1-SCI-TYPO-2026,DPS-GSEB-ENG-UNI_UG_DS_Y1-SCI-TYPO-26,20,20,25,15,20,20,40
2026-2027,DPS-GSEB-ENG-UNI_UG_DS_Y1-SCI-ARCH_DSN-2026,DPS-GSEB-ENG-UNI_UG_DS_Y1-SCI-ARCH_DSN-26,20,20,25,15,20,20,40
2026-2027,DPS-GSEB-ENG-UNI_UG_DS_Y2-SCI-DSA-2026,DPS-GSEB-ENG-UNI_UG_DS_Y2-SCI-DSA-26,20,20,25,15,20,20,40
2026-2027,DPS-GSEB-ENG-UNI_UG_DS_Y2-SCI-DBMS-2026,DPS-GSEB-ENG-UNI_UG_DS_Y2-SCI-DBMS-26,20,20,25,15,20,20,40
2026-2027,DPS-GSEB-ENG-UNI_UG_DS_Y2-SCI-OS-2026,DPS-GSEB-ENG-UNI_UG_DS_Y2-SCI-OS-26,20,20,25,15,20,20,40
2026-2027,DPS-GSEB-ENG-UNI_UG_DS_Y2-SCI-CN-2026,DPS-GSEB-ENG-UNI_UG_DS_Y2-SCI-CN-26,20,20,25,15,20,20,40
2026-2027,DPS-GSEB-ENG-UNI_UG_DS_Y2-SCI-AI_ML-2026,DPS-GSEB-ENG-UNI_UG_DS_Y2-SCI-AI_ML-26,20,20,25,15,20,20,40
2026-2027,DPS-GSEB-ENG-UNI_UG_DS_Y2-SCI-SWE-2026,DPS-GSEB-ENG-UNI_UG_DS_Y2-SCI-SWE-26,20,20,25,15,20,20,40
2026-2027,DPS-GSEB-ENG-UNI_UG_DS_Y2-SCI-THERMO-2026,DPS-GSEB-ENG-UNI_UG_DS_Y2-SCI-THERMO-26,20,20,25,15,20,20,40
2026-2027,DPS-GSEB-ENG-UNI_UG_DS_Y2-SCI-CIRCUITS-2026,DPS-GSEB-ENG-UNI_UG_DS_Y2-SCI-CIRCUITS-26,20,20,25,15,20,20,40
2026-2027,DPS-GSEB-ENG-UNI_UG_DS_Y2-SCI-ANAT-2026,DPS-GSEB-ENG-UNI_UG_DS_Y2-SCI-ANAT-26,20,20,25,15,20,20,40
2026-2027,DPS-GSEB-ENG-UNI_UG_DS_Y2-SCI-PHYS-2026,DPS-GSEB-ENG-UNI_UG_DS_Y2-SCI-PHYS-26,20,20,25,15,20,20,40
2026-2027,DPS-GSEB-ENG-UNI_UG_DS_Y2-SCI-PHARM-2026,DPS-GSEB-ENG-UNI_UG_DS_Y2-SCI-PHARM-26,20,20,25,15,20,20,40
2026-2027,DPS-GSEB-ENG-UNI_UG_DS_Y2-SCI-PATH-2026,DPS-GSEB-ENG-UNI_UG_DS_Y2-SCI-PATH-26,20,20,25,15,20,20,40
2026-2027,DPS-GSEB-ENG-UNI_UG_DS_Y2-SCI-COM_MED-2026,DPS-GSEB-ENG-UNI_UG_DS_Y2-SCI-COM_MED-26,20,20,25,15,20,20,40
2026-2027,DPS-GSEB-ENG-UNI_UG_DS_Y2-SCI-LAW_CON-2026,DPS-GSEB-ENG-UNI_UG_DS_Y2-SCI-LAW_CON-26,20,20,25,15,20,20,40
2026-2027,DPS-GSEB-ENG-UNI_UG_DS_Y2-SCI-LAW_IPC-2026,DPS-GSEB-ENG-UNI_UG_DS_Y2-SCI-LAW_IPC-26,20,20,25,15,20,20,40
2026-2027,DPS-GSEB-ENG-UNI_UG_DS_Y2-SCI-LAW_CONTR-2026,DPS-GSEB-ENG-UNI_UG_DS_Y2-SCI-LAW_CONTR-26,20,20,25,15,20,20,40
2026-2027,DPS-GSEB-ENG-UNI_UG_DS_Y2-SCI-JURIS-2026,DPS-GSEB-ENG-UNI_UG_DS_Y2-SCI-JURIS-26,20,20,25,15,20,20,40
2026-2027,DPS-GSEB-ENG-UNI_UG_DS_Y2-SCI-CORP_ACC-2026,DPS-GSEB-ENG-UNI_UG_DS_Y2-SCI-CORP_ACC-26,20,20,25,15,20,20,40
2026-2027,DPS-GSEB-ENG-UNI_UG_DS_Y2-SCI-FIN_MGT-2026,DPS-GSEB-ENG-UNI_UG_DS_Y2-SCI-FIN_MGT-26,20,20,25,15,20,20,40
2026-2027,DPS-GSEB-ENG-UNI_UG_DS_Y2-SCI-MKT_MGT-2026,DPS-GSEB-ENG-UNI_UG_DS_Y2-SCI-MKT_MGT-26,20,20,25,15,20,20,40
2026-2027,DPS-GSEB-ENG-UNI_UG_DS_Y2-SCI-OB-2026,DPS-GSEB-ENG-UNI_UG_DS_Y2-SCI-OB-26,20,20,25,15,20,20,40
2026-2027,DPS-GSEB-ENG-UNI_UG_DS_Y2-SCI-UI_UX-2026,DPS-GSEB-ENG-UNI_UG_DS_Y2-SCI-UI_UX-26,20,20,25,15,20,20,40
2026-2027,DPS-GSEB-ENG-UNI_UG_DS_Y2-SCI-TYPO-2026,DPS-GSEB-ENG-UNI_UG_DS_Y2-SCI-TYPO-26,20,20,25,15,20,20,40
2026-2027,DPS-GSEB-ENG-UNI_UG_DS_Y2-SCI-ARCH_DSN-2026,DPS-GSEB-ENG-UNI_UG_DS_Y2-SCI-ARCH_DSN-26,20,20,25,15,20,20,40
2026-2027,DPS-GSEB-ENG-UNI_UG_DS_Y3-SCI-DSA-2026,DPS-GSEB-ENG-UNI_UG_DS_Y3-SCI-DSA-26,20,20,25,15,20,20,40
2026-2027,DPS-GSEB-ENG-UNI_UG_DS_Y3-SCI-DBMS-2026,DPS-GSEB-ENG-UNI_UG_DS_Y3-SCI-DBMS-26,20,20,25,15,20,20,40
2026-2027,DPS-GSEB-ENG-UNI_UG_DS_Y3-SCI-OS-2026,DPS-GSEB-ENG-UNI_UG_DS_Y3-SCI-OS-26,20,20,25,15,20,20,40
2026-2027,DPS-GSEB-ENG-UNI_UG_DS_Y3-SCI-CN-2026,DPS-GSEB-ENG-UNI_UG_DS_Y3-SCI-CN-26,20,20,25,15,20,20,40
2026-2027,DPS-GSEB-ENG-UNI_UG_DS_Y3-SCI-AI_ML-2026,DPS-GSEB-ENG-UNI_UG_DS_Y3-SCI-AI_ML-26,20,20,25,15,20,20,40
2026-2027,DPS-GSEB-ENG-UNI_UG_DS_Y3-SCI-SWE-2026,DPS-GSEB-ENG-UNI_UG_DS_Y3-SCI-SWE-26,20,20,25,15,20,20,40
2026-2027,DPS-GSEB-ENG-UNI_UG_DS_Y3-SCI-THERMO-2026,DPS-GSEB-ENG-UNI_UG_DS_Y3-SCI-THERMO-26,20,20,25,15,20,20,40
2026-2027,DPS-GSEB-ENG-UNI_UG_DS_Y3-SCI-CIRCUITS-2026,DPS-GSEB-ENG-UNI_UG_DS_Y3-SCI-CIRCUITS-26,20,20,25,15,20,20,40
2026-2027,DPS-GSEB-ENG-UNI_UG_DS_Y3-SCI-ANAT-2026,DPS-GSEB-ENG-UNI_UG_DS_Y3-SCI-ANAT-26,20,20,25,15,20,20,40
2026-2027,DPS-GSEB-ENG-UNI_UG_DS_Y3-SCI-PHYS-2026,DPS-GSEB-ENG-UNI_UG_DS_Y3-SCI-PHYS-26,20,20,25,15,20,20,40
2026-2027,DPS-GSEB-ENG-UNI_UG_DS_Y3-SCI-PHARM-2026,DPS-GSEB-ENG-UNI_UG_DS_Y3-SCI-PHARM-26,20,20,25,15,20,20,40
2026-2027,DPS-GSEB-ENG-UNI_UG_DS_Y3-SCI-PATH-2026,DPS-GSEB-ENG-UNI_UG_DS_Y3-SCI-PATH-26,20,20,25,15,20,20,40
2026-2027,DPS-GSEB-ENG-UNI_UG_DS_Y3-SCI-COM_MED-2026,DPS-GSEB-ENG-UNI_UG_DS_Y3-SCI-COM_MED-26,20,20,25,15,20,20,40
2026-2027,DPS-GSEB-ENG-UNI_UG_DS_Y3-SCI-LAW_CON-2026,DPS-GSEB-ENG-UNI_UG_DS_Y3-SCI-LAW_CON-26,20,20,25,15,20,20,40
2026-2027,DPS-GSEB-ENG-UNI_UG_DS_Y3-SCI-LAW_IPC-2026,DPS-GSEB-ENG-UNI_UG_DS_Y3-SCI-LAW_IPC-26,20,20,25,15,20,20,40
2026-2027,DPS-GSEB-ENG-UNI_UG_DS_Y3-SCI-LAW_CONTR-2026,DPS-GSEB-ENG-UNI_UG_DS_Y3-SCI-LAW_CONTR-26,20,20,25,15,20,20,40
2026-2027,DPS-GSEB-ENG-UNI_UG_DS_Y3-SCI-JURIS-2026,DPS-GSEB-ENG-UNI_UG_DS_Y3-SCI-JURIS-26,20,20,25,15,20,20,40
2026-2027,DPS-GSEB-ENG-UNI_UG_DS_Y3-SCI-CORP_ACC-2026,DPS-GSEB-ENG-UNI_UG_DS_Y3-SCI-CORP_ACC-26,20,20,25,15,20,20,40
2026-2027,DPS-GSEB-ENG-UNI_UG_DS_Y3-SCI-FIN_MGT-2026,DPS-GSEB-ENG-UNI_UG_DS_Y3-SCI-FIN_MGT-26,20,20,25,15,20,20,40
2026-2027,DPS-GSEB-ENG-UNI_UG_DS_Y3-SCI-MKT_MGT-2026,DPS-GSEB-ENG-UNI_UG_DS_Y3-SCI-MKT_MGT-26,20,20,25,15,20,20,40
2026-2027,DPS-GSEB-ENG-UNI_UG_DS_Y3-SCI-OB-2026,DPS-GSEB-ENG-UNI_UG_DS_Y3-SCI-OB-26,20,20,25,15,20,20,40
2026-2027,DPS-GSEB-ENG-UNI_UG_DS_Y3-SCI-UI_UX-2026,DPS-GSEB-ENG-UNI_UG_DS_Y3-SCI-UI_UX-26,20,20,25,15,20,20,40
2026-2027,DPS-GSEB-ENG-UNI_UG_DS_Y3-SCI-TYPO-2026,DPS-GSEB-ENG-UNI_UG_DS_Y3-SCI-TYPO-26,20,20,25,15,20,20,40
2026-2027,DPS-GSEB-ENG-UNI_UG_DS_Y3-SCI-ARCH_DSN-2026,DPS-GSEB-ENG-UNI_UG_DS_Y3-SCI-ARCH_DSN-26,20,20,25,15,20,20,40
2026-2027,DPS-GSEB-ENG-UNI_UG_UX_Y1-DES-DSA-2026,DPS-GSEB-ENG-UNI_UG_UX_Y1-DES-DSA-26,20,20,25,15,20,20,40
2026-2027,DPS-GSEB-ENG-UNI_UG_UX_Y1-DES-DBMS-2026,DPS-GSEB-ENG-UNI_UG_UX_Y1-DES-DBMS-26,20,20,25,15,20,20,40
2026-2027,DPS-GSEB-ENG-UNI_UG_UX_Y1-DES-OS-2026,DPS-GSEB-ENG-UNI_UG_UX_Y1-DES-OS-26,20,20,25,15,20,20,40
2026-2027,DPS-GSEB-ENG-UNI_UG_UX_Y1-DES-CN-2026,DPS-GSEB-ENG-UNI_UG_UX_Y1-DES-CN-26,20,20,25,15,20,20,40
2026-2027,DPS-GSEB-ENG-UNI_UG_UX_Y1-DES-AI_ML-2026,DPS-GSEB-ENG-UNI_UG_UX_Y1-DES-AI_ML-26,20,20,25,15,20,20,40
2026-2027,DPS-GSEB-ENG-UNI_UG_UX_Y1-DES-SWE-2026,DPS-GSEB-ENG-UNI_UG_UX_Y1-DES-SWE-26,20,20,25,15,20,20,40
2026-2027,DPS-GSEB-ENG-UNI_UG_UX_Y1-DES-THERMO-2026,DPS-GSEB-ENG-UNI_UG_UX_Y1-DES-THERMO-26,20,20,25,15,20,20,40
2026-2027,DPS-GSEB-ENG-UNI_UG_UX_Y1-DES-CIRCUITS-2026,DPS-GSEB-ENG-UNI_UG_UX_Y1-DES-CIRCUITS-26,20,20,25,15,20,20,40
2026-2027,DPS-GSEB-ENG-UNI_UG_UX_Y1-DES-ANAT-2026,DPS-GSEB-ENG-UNI_UG_UX_Y1-DES-ANAT-26,20,20,25,15,20,20,40
2026-2027,DPS-GSEB-ENG-UNI_UG_UX_Y1-DES-PHYS-2026,DPS-GSEB-ENG-UNI_UG_UX_Y1-DES-PHYS-26,20,20,25,15,20,20,40
2026-2027,DPS-GSEB-ENG-UNI_UG_UX_Y1-DES-PHARM-2026,DPS-GSEB-ENG-UNI_UG_UX_Y1-DES-PHARM-26,20,20,25,15,20,20,40
2026-2027,DPS-GSEB-ENG-UNI_UG_UX_Y1-DES-PATH-2026,DPS-GSEB-ENG-UNI_UG_UX_Y1-DES-PATH-26,20,20,25,15,20,20,40
2026-2027,DPS-GSEB-ENG-UNI_UG_UX_Y1-DES-COM_MED-2026,DPS-GSEB-ENG-UNI_UG_UX_Y1-DES-COM_MED-26,20,20,25,15,20,20,40
2026-2027,DPS-GSEB-ENG-UNI_UG_UX_Y1-DES-LAW_CON-2026,DPS-GSEB-ENG-UNI_UG_UX_Y1-DES-LAW_CON-26,20,20,25,15,20,20,40
2026-2027,DPS-GSEB-ENG-UNI_UG_UX_Y1-DES-LAW_IPC-2026,DPS-GSEB-ENG-UNI_UG_UX_Y1-DES-LAW_IPC-26,20,20,25,15,20,20,40
2026-2027,DPS-GSEB-ENG-UNI_UG_UX_Y1-DES-LAW_CONTR-2026,DPS-GSEB-ENG-UNI_UG_UX_Y1-DES-LAW_CONTR-26,20,20,25,15,20,20,40
2026-2027,DPS-GSEB-ENG-UNI_UG_UX_Y1-DES-JURIS-2026,DPS-GSEB-ENG-UNI_UG_UX_Y1-DES-JURIS-26,20,20,25,15,20,20,40
2026-2027,DPS-GSEB-ENG-UNI_UG_UX_Y1-DES-CORP_ACC-2026,DPS-GSEB-ENG-UNI_UG_UX_Y1-DES-CORP_ACC-26,20,20,25,15,20,20,40
2026-2027,DPS-GSEB-ENG-UNI_UG_UX_Y1-DES-FIN_MGT-2026,DPS-GSEB-ENG-UNI_UG_UX_Y1-DES-FIN_MGT-26,20,20,25,15,20,20,40
2026-2027,DPS-GSEB-ENG-UNI_UG_UX_Y1-DES-MKT_MGT-2026,DPS-GSEB-ENG-UNI_UG_UX_Y1-DES-MKT_MGT-26,20,20,25,15,20,20,40
2026-2027,DPS-GSEB-ENG-UNI_UG_UX_Y1-DES-OB-2026,DPS-GSEB-ENG-UNI_UG_UX_Y1-DES-OB-26,20,20,25,15,20,20,40
2026-2027,DPS-GSEB-ENG-UNI_UG_UX_Y1-DES-UI_UX-2026,DPS-GSEB-ENG-UNI_UG_UX_Y1-DES-UI_UX-26,20,20,25,15,20,20,40
2026-2027,DPS-GSEB-ENG-UNI_UG_UX_Y1-DES-TYPO-2026,DPS-GSEB-ENG-UNI_UG_UX_Y1-DES-TYPO-26,20,20,25,15,20,20,40
2026-2027,DPS-GSEB-ENG-UNI_UG_UX_Y1-DES-ARCH_DSN-2026,DPS-GSEB-ENG-UNI_UG_UX_Y1-DES-ARCH_DSN-26,20,20,25,15,20,20,40
2026-2027,DPS-GSEB-ENG-UNI_UG_UX_Y2-DES-DSA-2026,DPS-GSEB-ENG-UNI_UG_UX_Y2-DES-DSA-26,20,20,25,15,20,20,40
2026-2027,DPS-GSEB-ENG-UNI_UG_UX_Y2-DES-DBMS-2026,DPS-GSEB-ENG-UNI_UG_UX_Y2-DES-DBMS-26,20,20,25,15,20,20,40
2026-2027,DPS-GSEB-ENG-UNI_UG_UX_Y2-DES-OS-2026,DPS-GSEB-ENG-UNI_UG_UX_Y2-DES-OS-26,20,20,25,15,20,20,40
2026-2027,DPS-GSEB-ENG-UNI_UG_UX_Y2-DES-CN-2026,DPS-GSEB-ENG-UNI_UG_UX_Y2-DES-CN-26,20,20,25,15,20,20,40
2026-2027,DPS-GSEB-ENG-UNI_UG_UX_Y2-DES-AI_ML-2026,DPS-GSEB-ENG-UNI_UG_UX_Y2-DES-AI_ML-26,20,20,25,15,20,20,40
2026-2027,DPS-GSEB-ENG-UNI_UG_UX_Y2-DES-SWE-2026,DPS-GSEB-ENG-UNI_UG_UX_Y2-DES-SWE-26,20,20,25,15,20,20,40
2026-2027,DPS-GSEB-ENG-UNI_UG_UX_Y2-DES-THERMO-2026,DPS-GSEB-ENG-UNI_UG_UX_Y2-DES-THERMO-26,20,20,25,15,20,20,40
2026-2027,DPS-GSEB-ENG-UNI_UG_UX_Y2-DES-CIRCUITS-2026,DPS-GSEB-ENG-UNI_UG_UX_Y2-DES-CIRCUITS-26,20,20,25,15,20,20,40
2026-2027,DPS-GSEB-ENG-UNI_UG_UX_Y2-DES-ANAT-2026,DPS-GSEB-ENG-UNI_UG_UX_Y2-DES-ANAT-26,20,20,25,15,20,20,40
2026-2027,DPS-GSEB-ENG-UNI_UG_UX_Y2-DES-PHYS-2026,DPS-GSEB-ENG-UNI_UG_UX_Y2-DES-PHYS-26,20,20,25,15,20,20,40
2026-2027,DPS-GSEB-ENG-UNI_UG_UX_Y2-DES-PHARM-2026,DPS-GSEB-ENG-UNI_UG_UX_Y2-DES-PHARM-26,20,20,25,15,20,20,40
2026-2027,DPS-GSEB-ENG-UNI_UG_UX_Y2-DES-PATH-2026,DPS-GSEB-ENG-UNI_UG_UX_Y2-DES-PATH-26,20,20,25,15,20,20,40
2026-2027,DPS-GSEB-ENG-UNI_UG_UX_Y2-DES-COM_MED-2026,DPS-GSEB-ENG-UNI_UG_UX_Y2-DES-COM_MED-26,20,20,25,15,20,20,40
2026-2027,DPS-GSEB-ENG-UNI_UG_UX_Y2-DES-LAW_CON-2026,DPS-GSEB-ENG-UNI_UG_UX_Y2-DES-LAW_CON-26,20,20,25,15,20,20,40
2026-2027,DPS-GSEB-ENG-UNI_UG_UX_Y2-DES-LAW_IPC-2026,DPS-GSEB-ENG-UNI_UG_UX_Y2-DES-LAW_IPC-26,20,20,25,15,20,20,40
2026-2027,DPS-GSEB-ENG-UNI_UG_UX_Y2-DES-LAW_CONTR-2026,DPS-GSEB-ENG-UNI_UG_UX_Y2-DES-LAW_CONTR-26,20,20,25,15,20,20,40
2026-2027,DPS-GSEB-ENG-UNI_UG_UX_Y2-DES-JURIS-2026,DPS-GSEB-ENG-UNI_UG_UX_Y2-DES-JURIS-26,20,20,25,15,20,20,40
2026-2027,DPS-GSEB-ENG-UNI_UG_UX_Y2-DES-CORP_ACC-2026,DPS-GSEB-ENG-UNI_UG_UX_Y2-DES-CORP_ACC-26,20,20,25,15,20,20,40
2026-2027,DPS-GSEB-ENG-UNI_UG_UX_Y2-DES-FIN_MGT-2026,DPS-GSEB-ENG-UNI_UG_UX_Y2-DES-FIN_MGT-26,20,20,25,15,20,20,40
2026-2027,DPS-GSEB-ENG-UNI_UG_UX_Y2-DES-MKT_MGT-2026,DPS-GSEB-ENG-UNI_UG_UX_Y2-DES-MKT_MGT-26,20,20,25,15,20,20,40
2026-2027,DPS-GSEB-ENG-UNI_UG_UX_Y2-DES-OB-2026,DPS-GSEB-ENG-UNI_UG_UX_Y2-DES-OB-26,20,20,25,15,20,20,40
2026-2027,DPS-GSEB-ENG-UNI_UG_UX_Y2-DES-UI_UX-2026,DPS-GSEB-ENG-UNI_UG_UX_Y2-DES-UI_UX-26,20,20,25,15,20,20,40
2026-2027,DPS-GSEB-ENG-UNI_UG_UX_Y2-DES-TYPO-2026,DPS-GSEB-ENG-UNI_UG_UX_Y2-DES-TYPO-26,20,20,25,15,20,20,40
2026-2027,DPS-GSEB-ENG-UNI_UG_UX_Y2-DES-ARCH_DSN-2026,DPS-GSEB-ENG-UNI_UG_UX_Y2-DES-ARCH_DSN-26,20,20,25,15,20,20,40
2026-2027,DPS-GSEB-ENG-UNI_UG_UX_Y3-DES-DSA-2026,DPS-GSEB-ENG-UNI_UG_UX_Y3-DES-DSA-26,20,20,25,15,20,20,40
2026-2027,DPS-GSEB-ENG-UNI_UG_UX_Y3-DES-DBMS-2026,DPS-GSEB-ENG-UNI_UG_UX_Y3-DES-DBMS-26,20,20,25,15,20,20,40
2026-2027,DPS-GSEB-ENG-UNI_UG_UX_Y3-DES-OS-2026,DPS-GSEB-ENG-UNI_UG_UX_Y3-DES-OS-26,20,20,25,15,20,20,40
2026-2027,DPS-GSEB-ENG-UNI_UG_UX_Y3-DES-CN-2026,DPS-GSEB-ENG-UNI_UG_UX_Y3-DES-CN-26,20,20,25,15,20,20,40
2026-2027,DPS-GSEB-ENG-UNI_UG_UX_Y3-DES-AI_ML-2026,DPS-GSEB-ENG-UNI_UG_UX_Y3-DES-AI_ML-26,20,20,25,15,20,20,40
2026-2027,DPS-GSEB-ENG-UNI_UG_UX_Y3-DES-SWE-2026,DPS-GSEB-ENG-UNI_UG_UX_Y3-DES-SWE-26,20,20,25,15,20,20,40
2026-2027,DPS-GSEB-ENG-UNI_UG_UX_Y3-DES-THERMO-2026,DPS-GSEB-ENG-UNI_UG_UX_Y3-DES-THERMO-26,20,20,25,15,20,20,40
2026-2027,DPS-GSEB-ENG-UNI_UG_UX_Y3-DES-CIRCUITS-2026,DPS-GSEB-ENG-UNI_UG_UX_Y3-DES-CIRCUITS-26,20,20,25,15,20,20,40
2026-2027,DPS-GSEB-ENG-UNI_UG_UX_Y3-DES-ANAT-2026,DPS-GSEB-ENG-UNI_UG_UX_Y3-DES-ANAT-26,20,20,25,15,20,20,40
2026-2027,DPS-GSEB-ENG-UNI_UG_UX_Y3-DES-PHYS-2026,DPS-GSEB-ENG-UNI_UG_UX_Y3-DES-PHYS-26,20,20,25,15,20,20,40
2026-2027,DPS-GSEB-ENG-UNI_UG_UX_Y3-DES-PHARM-2026,DPS-GSEB-ENG-UNI_UG_UX_Y3-DES-PHARM-26,20,20,25,15,20,20,40
2026-2027,DPS-GSEB-ENG-UNI_UG_UX_Y3-DES-PATH-2026,DPS-GSEB-ENG-UNI_UG_UX_Y3-DES-PATH-26,20,20,25,15,20,20,40
2026-2027,DPS-GSEB-ENG-UNI_UG_UX_Y3-DES-COM_MED-2026,DPS-GSEB-ENG-UNI_UG_UX_Y3-DES-COM_MED-26,20,20,25,15,20,20,40
2026-2027,DPS-GSEB-ENG-UNI_UG_UX_Y3-DES-LAW_CON-2026,DPS-GSEB-ENG-UNI_UG_UX_Y3-DES-LAW_CON-26,20,20,25,15,20,20,40
2026-2027,DPS-GSEB-ENG-UNI_UG_UX_Y3-DES-LAW_IPC-2026,DPS-GSEB-ENG-UNI_UG_UX_Y3-DES-LAW_IPC-26,20,20,25,15,20,20,40
2026-2027,DPS-GSEB-ENG-UNI_UG_UX_Y3-DES-LAW_CONTR-2026,DPS-GSEB-ENG-UNI_UG_UX_Y3-DES-LAW_CONTR-26,20,20,25,15,20,20,40
2026-2027,DPS-GSEB-ENG-UNI_UG_UX_Y3-DES-JURIS-2026,DPS-GSEB-ENG-UNI_UG_UX_Y3-DES-JURIS-26,20,20,25,15,20,20,40
2026-2027,DPS-GSEB-ENG-UNI_UG_UX_Y3-DES-CORP_ACC-2026,DPS-GSEB-ENG-UNI_UG_UX_Y3-DES-CORP_ACC-26,20,20,25,15,20,20,40
2026-2027,DPS-GSEB-ENG-UNI_UG_UX_Y3-DES-FIN_MGT-2026,DPS-GSEB-ENG-UNI_UG_UX_Y3-DES-FIN_MGT-26,20,20,25,15,20,20,40
2026-2027,DPS-GSEB-ENG-UNI_UG_UX_Y3-DES-MKT_MGT-2026,DPS-GSEB-ENG-UNI_UG_UX_Y3-DES-MKT_MGT-26,20,20,25,15,20,20,40
2026-2027,DPS-GSEB-ENG-UNI_UG_UX_Y3-DES-OB-2026,DPS-GSEB-ENG-UNI_UG_UX_Y3-DES-OB-26,20,20,25,15,20,20,40
2026-2027,DPS-GSEB-ENG-UNI_UG_UX_Y3-DES-UI_UX-2026,DPS-GSEB-ENG-UNI_UG_UX_Y3-DES-UI_UX-26,20,20,25,15,20,20,40
2026-2027,DPS-GSEB-ENG-UNI_UG_UX_Y3-DES-TYPO-2026,DPS-GSEB-ENG-UNI_UG_UX_Y3-DES-TYPO-26,20,20,25,15,20,20,40
2026-2027,DPS-GSEB-ENG-UNI_UG_UX_Y3-DES-ARCH_DSN-2026,DPS-GSEB-ENG-UNI_UG_UX_Y3-DES-ARCH_DSN-26,20,20,25,15,20,20,40
2026-2027,DPS-GSEB-ENG-UNI_UG_UX_Y4-DES-DSA-2026,DPS-GSEB-ENG-UNI_UG_UX_Y4-DES-DSA-26,20,20,25,15,20,20,40
2026-2027,DPS-GSEB-ENG-UNI_UG_UX_Y4-DES-DBMS-2026,DPS-GSEB-ENG-UNI_UG_UX_Y4-DES-DBMS-26,20,20,25,15,20,20,40
2026-2027,DPS-GSEB-ENG-UNI_UG_UX_Y4-DES-OS-2026,DPS-GSEB-ENG-UNI_UG_UX_Y4-DES-OS-26,20,20,25,15,20,20,40
2026-2027,DPS-GSEB-ENG-UNI_UG_UX_Y4-DES-CN-2026,DPS-GSEB-ENG-UNI_UG_UX_Y4-DES-CN-26,20,20,25,15,20,20,40
2026-2027,DPS-GSEB-ENG-UNI_UG_UX_Y4-DES-AI_ML-2026,DPS-GSEB-ENG-UNI_UG_UX_Y4-DES-AI_ML-26,20,20,25,15,20,20,40
2026-2027,DPS-GSEB-ENG-UNI_UG_UX_Y4-DES-SWE-2026,DPS-GSEB-ENG-UNI_UG_UX_Y4-DES-SWE-26,20,20,25,15,20,20,40
2026-2027,DPS-GSEB-ENG-UNI_UG_UX_Y4-DES-THERMO-2026,DPS-GSEB-ENG-UNI_UG_UX_Y4-DES-THERMO-26,20,20,25,15,20,20,40
2026-2027,DPS-GSEB-ENG-UNI_UG_UX_Y4-DES-CIRCUITS-2026,DPS-GSEB-ENG-UNI_UG_UX_Y4-DES-CIRCUITS-26,20,20,25,15,20,20,40
2026-2027,DPS-GSEB-ENG-UNI_UG_UX_Y4-DES-ANAT-2026,DPS-GSEB-ENG-UNI_UG_UX_Y4-DES-ANAT-26,20,20,25,15,20,20,40
2026-2027,DPS-GSEB-ENG-UNI_UG_UX_Y4-DES-PHYS-2026,DPS-GSEB-ENG-UNI_UG_UX_Y4-DES-PHYS-26,20,20,25,15,20,20,40
2026-2027,DPS-GSEB-ENG-UNI_UG_UX_Y4-DES-PHARM-2026,DPS-GSEB-ENG-UNI_UG_UX_Y4-DES-PHARM-26,20,20,25,15,20,20,40
2026-2027,DPS-GSEB-ENG-UNI_UG_UX_Y4-DES-PATH-2026,DPS-GSEB-ENG-UNI_UG_UX_Y4-DES-PATH-26,20,20,25,15,20,20,40
2026-2027,DPS-GSEB-ENG-UNI_UG_UX_Y4-DES-COM_MED-2026,DPS-GSEB-ENG-UNI_UG_UX_Y4-DES-COM_MED-26,20,20,25,15,20,20,40
2026-2027,DPS-GSEB-ENG-UNI_UG_UX_Y4-DES-LAW_CON-2026,DPS-GSEB-ENG-UNI_UG_UX_Y4-DES-LAW_CON-26,20,20,25,15,20,20,40
2026-2027,DPS-GSEB-ENG-UNI_UG_UX_Y4-DES-LAW_IPC-2026,DPS-GSEB-ENG-UNI_UG_UX_Y4-DES-LAW_IPC-26,20,20,25,15,20,20,40
2026-2027,DPS-GSEB-ENG-UNI_UG_UX_Y4-DES-LAW_CONTR-2026,DPS-GSEB-ENG-UNI_UG_UX_Y4-DES-LAW_CONTR-26,20,20,25,15,20,20,40
2026-2027,DPS-GSEB-ENG-UNI_UG_UX_Y4-DES-JURIS-2026,DPS-GSEB-ENG-UNI_UG_UX_Y4-DES-JURIS-26,20,20,25,15,20,20,40
2026-2027,DPS-GSEB-ENG-UNI_UG_UX_Y4-DES-CORP_ACC-2026,DPS-GSEB-ENG-UNI_UG_UX_Y4-DES-CORP_ACC-26,20,20,25,15,20,20,40
2026-2027,DPS-GSEB-ENG-UNI_UG_UX_Y4-DES-FIN_MGT-2026,DPS-GSEB-ENG-UNI_UG_UX_Y4-DES-FIN_MGT-26,20,20,25,15,20,20,40
2026-2027,DPS-GSEB-ENG-UNI_UG_UX_Y4-DES-MKT_MGT-2026,DPS-GSEB-ENG-UNI_UG_UX_Y4-DES-MKT_MGT-26,20,20,25,15,20,20,40
2026-2027,DPS-GSEB-ENG-UNI_UG_UX_Y4-DES-OB-2026,DPS-GSEB-ENG-UNI_UG_UX_Y4-DES-OB-26,20,20,25,15,20,20,40
2026-2027,DPS-GSEB-ENG-UNI_UG_UX_Y4-DES-UI_UX-2026,DPS-GSEB-ENG-UNI_UG_UX_Y4-DES-UI_UX-26,20,20,25,15,20,20,40
2026-2027,DPS-GSEB-ENG-UNI_UG_UX_Y4-DES-TYPO-2026,DPS-GSEB-ENG-UNI_UG_UX_Y4-DES-TYPO-26,20,20,25,15,20,20,40
2026-2027,DPS-GSEB-ENG-UNI_UG_UX_Y4-DES-ARCH_DSN-2026,DPS-GSEB-ENG-UNI_UG_UX_Y4-DES-ARCH_DSN-26,20,20,25,15,20,20,40
2026-2027,DPS-GSEB-ENG-UNI_UG_LAW_Y1-LAW-DSA-2026,DPS-GSEB-ENG-UNI_UG_LAW_Y1-LAW-DSA-26,20,20,25,15,20,20,40
2026-2027,DPS-GSEB-ENG-UNI_UG_LAW_Y1-LAW-DBMS-2026,DPS-GSEB-ENG-UNI_UG_LAW_Y1-LAW-DBMS-26,20,20,25,15,20,20,40
2026-2027,DPS-GSEB-ENG-UNI_UG_LAW_Y1-LAW-OS-2026,DPS-GSEB-ENG-UNI_UG_LAW_Y1-LAW-OS-26,20,20,25,15,20,20,40
2026-2027,DPS-GSEB-ENG-UNI_UG_LAW_Y1-LAW-CN-2026,DPS-GSEB-ENG-UNI_UG_LAW_Y1-LAW-CN-26,20,20,25,15,20,20,40
2026-2027,DPS-GSEB-ENG-UNI_UG_LAW_Y1-LAW-AI_ML-2026,DPS-GSEB-ENG-UNI_UG_LAW_Y1-LAW-AI_ML-26,20,20,25,15,20,20,40
2026-2027,DPS-GSEB-ENG-UNI_UG_LAW_Y1-LAW-SWE-2026,DPS-GSEB-ENG-UNI_UG_LAW_Y1-LAW-SWE-26,20,20,25,15,20,20,40
2026-2027,DPS-GSEB-ENG-UNI_UG_LAW_Y1-LAW-THERMO-2026,DPS-GSEB-ENG-UNI_UG_LAW_Y1-LAW-THERMO-26,20,20,25,15,20,20,40
2026-2027,DPS-GSEB-ENG-UNI_UG_LAW_Y1-LAW-CIRCUITS-2026,DPS-GSEB-ENG-UNI_UG_LAW_Y1-LAW-CIRCUITS-26,20,20,25,15,20,20,40
2026-2027,DPS-GSEB-ENG-UNI_UG_LAW_Y1-LAW-ANAT-2026,DPS-GSEB-ENG-UNI_UG_LAW_Y1-LAW-ANAT-26,20,20,25,15,20,20,40
2026-2027,DPS-GSEB-ENG-UNI_UG_LAW_Y1-LAW-PHYS-2026,DPS-GSEB-ENG-UNI_UG_LAW_Y1-LAW-PHYS-26,20,20,25,15,20,20,40
2026-2027,DPS-GSEB-ENG-UNI_UG_LAW_Y1-LAW-PHARM-2026,DPS-GSEB-ENG-UNI_UG_LAW_Y1-LAW-PHARM-26,20,20,25,15,20,20,40
2026-2027,DPS-GSEB-ENG-UNI_UG_LAW_Y1-LAW-PATH-2026,DPS-GSEB-ENG-UNI_UG_LAW_Y1-LAW-PATH-26,20,20,25,15,20,20,40
2026-2027,DPS-GSEB-ENG-UNI_UG_LAW_Y1-LAW-COM_MED-2026,DPS-GSEB-ENG-UNI_UG_LAW_Y1-LAW-COM_MED-26,20,20,25,15,20,20,40
2026-2027,DPS-GSEB-ENG-UNI_UG_LAW_Y1-LAW-LAW_CON-2026,DPS-GSEB-ENG-UNI_UG_LAW_Y1-LAW-LAW_CON-26,20,20,25,15,20,20,40
2026-2027,DPS-GSEB-ENG-UNI_UG_LAW_Y1-LAW-LAW_IPC-2026,DPS-GSEB-ENG-UNI_UG_LAW_Y1-LAW-LAW_IPC-26,20,20,25,15,20,20,40
2026-2027,DPS-GSEB-ENG-UNI_UG_LAW_Y1-LAW-LAW_CONTR-2026,DPS-GSEB-ENG-UNI_UG_LAW_Y1-LAW-LAW_CONTR-26,20,20,25,15,20,20,40
2026-2027,DPS-GSEB-ENG-UNI_UG_LAW_Y1-LAW-JURIS-2026,DPS-GSEB-ENG-UNI_UG_LAW_Y1-LAW-JURIS-26,20,20,25,15,20,20,40
2026-2027,DPS-GSEB-ENG-UNI_UG_LAW_Y1-LAW-CORP_ACC-2026,DPS-GSEB-ENG-UNI_UG_LAW_Y1-LAW-CORP_ACC-26,20,20,25,15,20,20,40
2026-2027,DPS-GSEB-ENG-UNI_UG_LAW_Y1-LAW-FIN_MGT-2026,DPS-GSEB-ENG-UNI_UG_LAW_Y1-LAW-FIN_MGT-26,20,20,25,15,20,20,40
2026-2027,DPS-GSEB-ENG-UNI_UG_LAW_Y1-LAW-MKT_MGT-2026,DPS-GSEB-ENG-UNI_UG_LAW_Y1-LAW-MKT_MGT-26,20,20,25,15,20,20,40
2026-2027,DPS-GSEB-ENG-UNI_UG_LAW_Y1-LAW-OB-2026,DPS-GSEB-ENG-UNI_UG_LAW_Y1-LAW-OB-26,20,20,25,15,20,20,40
2026-2027,DPS-GSEB-ENG-UNI_UG_LAW_Y1-LAW-UI_UX-2026,DPS-GSEB-ENG-UNI_UG_LAW_Y1-LAW-UI_UX-26,20,20,25,15,20,20,40
2026-2027,DPS-GSEB-ENG-UNI_UG_LAW_Y1-LAW-TYPO-2026,DPS-GSEB-ENG-UNI_UG_LAW_Y1-LAW-TYPO-26,20,20,25,15,20,20,40
2026-2027,DPS-GSEB-ENG-UNI_UG_LAW_Y1-LAW-ARCH_DSN-2026,DPS-GSEB-ENG-UNI_UG_LAW_Y1-LAW-ARCH_DSN-26,20,20,25,15,20,20,40
2026-2027,DPS-GSEB-ENG-UNI_UG_LAW_Y5-LAW-DSA-2026,DPS-GSEB-ENG-UNI_UG_LAW_Y5-LAW-DSA-26,20,20,25,15,20,20,40
2026-2027,DPS-GSEB-ENG-UNI_UG_LAW_Y5-LAW-DBMS-2026,DPS-GSEB-ENG-UNI_UG_LAW_Y5-LAW-DBMS-26,20,20,25,15,20,20,40
2026-2027,DPS-GSEB-ENG-UNI_UG_LAW_Y5-LAW-OS-2026,DPS-GSEB-ENG-UNI_UG_LAW_Y5-LAW-OS-26,20,20,25,15,20,20,40
2026-2027,DPS-GSEB-ENG-UNI_UG_LAW_Y5-LAW-CN-2026,DPS-GSEB-ENG-UNI_UG_LAW_Y5-LAW-CN-26,20,20,25,15,20,20,40
2026-2027,DPS-GSEB-ENG-UNI_UG_LAW_Y5-LAW-AI_ML-2026,DPS-GSEB-ENG-UNI_UG_LAW_Y5-LAW-AI_ML-26,20,20,25,15,20,20,40
2026-2027,DPS-GSEB-ENG-UNI_UG_LAW_Y5-LAW-SWE-2026,DPS-GSEB-ENG-UNI_UG_LAW_Y5-LAW-SWE-26,20,20,25,15,20,20,40
2026-2027,DPS-GSEB-ENG-UNI_UG_LAW_Y5-LAW-THERMO-2026,DPS-GSEB-ENG-UNI_UG_LAW_Y5-LAW-THERMO-26,20,20,25,15,20,20,40
2026-2027,DPS-GSEB-ENG-UNI_UG_LAW_Y5-LAW-CIRCUITS-2026,DPS-GSEB-ENG-UNI_UG_LAW_Y5-LAW-CIRCUITS-26,20,20,25,15,20,20,40
2026-2027,DPS-GSEB-ENG-UNI_UG_LAW_Y5-LAW-ANAT-2026,DPS-GSEB-ENG-UNI_UG_LAW_Y5-LAW-ANAT-26,20,20,25,15,20,20,40
2026-2027,DPS-GSEB-ENG-UNI_UG_LAW_Y5-LAW-PHYS-2026,DPS-GSEB-ENG-UNI_UG_LAW_Y5-LAW-PHYS-26,20,20,25,15,20,20,40
2026-2027,DPS-GSEB-ENG-UNI_UG_LAW_Y5-LAW-PHARM-2026,DPS-GSEB-ENG-UNI_UG_LAW_Y5-LAW-PHARM-26,20,20,25,15,20,20,40
2026-2027,DPS-GSEB-ENG-UNI_UG_LAW_Y5-LAW-PATH-2026,DPS-GSEB-ENG-UNI_UG_LAW_Y5-LAW-PATH-26,20,20,25,15,20,20,40
2026-2027,DPS-GSEB-ENG-UNI_UG_LAW_Y5-LAW-COM_MED-2026,DPS-GSEB-ENG-UNI_UG_LAW_Y5-LAW-COM_MED-26,20,20,25,15,20,20,40
2026-2027,DPS-GSEB-ENG-UNI_UG_LAW_Y5-LAW-LAW_CON-2026,DPS-GSEB-ENG-UNI_UG_LAW_Y5-LAW-LAW_CON-26,20,20,25,15,20,20,40
2026-2027,DPS-GSEB-ENG-UNI_UG_LAW_Y5-LAW-LAW_IPC-2026,DPS-GSEB-ENG-UNI_UG_LAW_Y5-LAW-LAW_IPC-26,20,20,25,15,20,20,40
2026-2027,DPS-GSEB-ENG-UNI_UG_LAW_Y5-LAW-LAW_CONTR-2026,DPS-GSEB-ENG-UNI_UG_LAW_Y5-LAW-LAW_CONTR-26,20,20,25,15,20,20,40
2026-2027,DPS-GSEB-ENG-UNI_UG_LAW_Y5-LAW-JURIS-2026,DPS-GSEB-ENG-UNI_UG_LAW_Y5-LAW-JURIS-26,20,20,25,15,20,20,40
2026-2027,DPS-GSEB-ENG-UNI_UG_LAW_Y5-LAW-CORP_ACC-2026,DPS-GSEB-ENG-UNI_UG_LAW_Y5-LAW-CORP_ACC-26,20,20,25,15,20,20,40
2026-2027,DPS-GSEB-ENG-UNI_UG_LAW_Y5-LAW-FIN_MGT-2026,DPS-GSEB-ENG-UNI_UG_LAW_Y5-LAW-FIN_MGT-26,20,20,25,15,20,20,40
2026-2027,DPS-GSEB-ENG-UNI_UG_LAW_Y5-LAW-MKT_MGT-2026,DPS-GSEB-ENG-UNI_UG_LAW_Y5-LAW-MKT_MGT-26,20,20,25,15,20,20,40
2026-2027,DPS-GSEB-ENG-UNI_UG_LAW_Y5-LAW-OB-2026,DPS-GSEB-ENG-UNI_UG_LAW_Y5-LAW-OB-26,20,20,25,15,20,20,40
2026-2027,DPS-GSEB-ENG-UNI_UG_LAW_Y5-LAW-UI_UX-2026,DPS-GSEB-ENG-UNI_UG_LAW_Y5-LAW-UI_UX-26,20,20,25,15,20,20,40
2026-2027,DPS-GSEB-ENG-UNI_UG_LAW_Y5-LAW-TYPO-2026,DPS-GSEB-ENG-UNI_UG_LAW_Y5-LAW-TYPO-26,20,20,25,15,20,20,40
2026-2027,DPS-GSEB-ENG-UNI_UG_LAW_Y5-LAW-ARCH_DSN-2026,DPS-GSEB-ENG-UNI_UG_LAW_Y5-LAW-ARCH_DSN-26,20,20,25,15,20,20,40
2026-2027,DPS-GSEB-ENG-UNI_UG_MED_Y1-MED-DSA-2026,DPS-GSEB-ENG-UNI_UG_MED_Y1-MED-DSA-26,20,20,25,15,20,20,40
2026-2027,DPS-GSEB-ENG-UNI_UG_MED_Y1-MED-DBMS-2026,DPS-GSEB-ENG-UNI_UG_MED_Y1-MED-DBMS-26,20,20,25,15,20,20,40
2026-2027,DPS-GSEB-ENG-UNI_UG_MED_Y1-MED-OS-2026,DPS-GSEB-ENG-UNI_UG_MED_Y1-MED-OS-26,20,20,25,15,20,20,40
2026-2027,DPS-GSEB-ENG-UNI_UG_MED_Y1-MED-CN-2026,DPS-GSEB-ENG-UNI_UG_MED_Y1-MED-CN-26,20,20,25,15,20,20,40
2026-2027,DPS-GSEB-ENG-UNI_UG_MED_Y1-MED-AI_ML-2026,DPS-GSEB-ENG-UNI_UG_MED_Y1-MED-AI_ML-26,20,20,25,15,20,20,40
2026-2027,DPS-GSEB-ENG-UNI_UG_MED_Y1-MED-SWE-2026,DPS-GSEB-ENG-UNI_UG_MED_Y1-MED-SWE-26,20,20,25,15,20,20,40
2026-2027,DPS-GSEB-ENG-UNI_UG_MED_Y1-MED-THERMO-2026,DPS-GSEB-ENG-UNI_UG_MED_Y1-MED-THERMO-26,20,20,25,15,20,20,40
2026-2027,DPS-GSEB-ENG-UNI_UG_MED_Y1-MED-CIRCUITS-2026,DPS-GSEB-ENG-UNI_UG_MED_Y1-MED-CIRCUITS-26,20,20,25,15,20,20,40
2026-2027,DPS-GSEB-ENG-UNI_UG_MED_Y1-MED-ANAT-2026,DPS-GSEB-ENG-UNI_UG_MED_Y1-MED-ANAT-26,20,20,25,15,20,20,40
2026-2027,DPS-GSEB-ENG-UNI_UG_MED_Y1-MED-PHYS-2026,DPS-GSEB-ENG-UNI_UG_MED_Y1-MED-PHYS-26,20,20,25,15,20,20,40
2026-2027,DPS-GSEB-ENG-UNI_UG_MED_Y1-MED-PHARM-2026,DPS-GSEB-ENG-UNI_UG_MED_Y1-MED-PHARM-26,20,20,25,15,20,20,40
2026-2027,DPS-GSEB-ENG-UNI_UG_MED_Y1-MED-PATH-2026,DPS-GSEB-ENG-UNI_UG_MED_Y1-MED-PATH-26,20,20,25,15,20,20,40
2026-2027,DPS-GSEB-ENG-UNI_UG_MED_Y1-MED-COM_MED-2026,DPS-GSEB-ENG-UNI_UG_MED_Y1-MED-COM_MED-26,20,20,25,15,20,20,40
2026-2027,DPS-GSEB-ENG-UNI_UG_MED_Y1-MED-LAW_CON-2026,DPS-GSEB-ENG-UNI_UG_MED_Y1-MED-LAW_CON-26,20,20,25,15,20,20,40
2026-2027,DPS-GSEB-ENG-UNI_UG_MED_Y1-MED-LAW_IPC-2026,DPS-GSEB-ENG-UNI_UG_MED_Y1-MED-LAW_IPC-26,20,20,25,15,20,20,40
2026-2027,DPS-GSEB-ENG-UNI_UG_MED_Y1-MED-LAW_CONTR-2026,DPS-GSEB-ENG-UNI_UG_MED_Y1-MED-LAW_CONTR-26,20,20,25,15,20,20,40
2026-2027,DPS-GSEB-ENG-UNI_UG_MED_Y1-MED-JURIS-2026,DPS-GSEB-ENG-UNI_UG_MED_Y1-MED-JURIS-26,20,20,25,15,20,20,40
2026-2027,DPS-GSEB-ENG-UNI_UG_MED_Y1-MED-CORP_ACC-2026,DPS-GSEB-ENG-UNI_UG_MED_Y1-MED-CORP_ACC-26,20,20,25,15,20,20,40
2026-2027,DPS-GSEB-ENG-UNI_UG_MED_Y1-MED-FIN_MGT-2026,DPS-GSEB-ENG-UNI_UG_MED_Y1-MED-FIN_MGT-26,20,20,25,15,20,20,40
2026-2027,DPS-GSEB-ENG-UNI_UG_MED_Y1-MED-MKT_MGT-2026,DPS-GSEB-ENG-UNI_UG_MED_Y1-MED-MKT_MGT-26,20,20,25,15,20,20,40
2026-2027,DPS-GSEB-ENG-UNI_UG_MED_Y1-MED-OB-2026,DPS-GSEB-ENG-UNI_UG_MED_Y1-MED-OB-26,20,20,25,15,20,20,40
2026-2027,DPS-GSEB-ENG-UNI_UG_MED_Y1-MED-UI_UX-2026,DPS-GSEB-ENG-UNI_UG_MED_Y1-MED-UI_UX-26,20,20,25,15,20,20,40
2026-2027,DPS-GSEB-ENG-UNI_UG_MED_Y1-MED-TYPO-2026,DPS-GSEB-ENG-UNI_UG_MED_Y1-MED-TYPO-26,20,20,25,15,20,20,40
2026-2027,DPS-GSEB-ENG-UNI_UG_MED_Y1-MED-ARCH_DSN-2026,DPS-GSEB-ENG-UNI_UG_MED_Y1-MED-ARCH_DSN-26,20,20,25,15,20,20,40
2026-2027,DPS-GSEB-ENG-UNI_UG_MED_Y2-MED-DSA-2026,DPS-GSEB-ENG-UNI_UG_MED_Y2-MED-DSA-26,20,20,25,15,20,20,40
2026-2027,DPS-GSEB-ENG-UNI_UG_MED_Y2-MED-DBMS-2026,DPS-GSEB-ENG-UNI_UG_MED_Y2-MED-DBMS-26,20,20,25,15,20,20,40
2026-2027,DPS-GSEB-ENG-UNI_UG_MED_Y2-MED-OS-2026,DPS-GSEB-ENG-UNI_UG_MED_Y2-MED-OS-26,20,20,25,15,20,20,40
2026-2027,DPS-GSEB-ENG-UNI_UG_MED_Y2-MED-CN-2026,DPS-GSEB-ENG-UNI_UG_MED_Y2-MED-CN-26,20,20,25,15,20,20,40
2026-2027,DPS-GSEB-ENG-UNI_UG_MED_Y2-MED-AI_ML-2026,DPS-GSEB-ENG-UNI_UG_MED_Y2-MED-AI_ML-26,20,20,25,15,20,20,40
2026-2027,DPS-GSEB-ENG-UNI_UG_MED_Y2-MED-SWE-2026,DPS-GSEB-ENG-UNI_UG_MED_Y2-MED-SWE-26,20,20,25,15,20,20,40
2026-2027,DPS-GSEB-ENG-UNI_UG_MED_Y2-MED-THERMO-2026,DPS-GSEB-ENG-UNI_UG_MED_Y2-MED-THERMO-26,20,20,25,15,20,20,40
2026-2027,DPS-GSEB-ENG-UNI_UG_MED_Y2-MED-CIRCUITS-2026,DPS-GSEB-ENG-UNI_UG_MED_Y2-MED-CIRCUITS-26,20,20,25,15,20,20,40
2026-2027,DPS-GSEB-ENG-UNI_UG_MED_Y2-MED-ANAT-2026,DPS-GSEB-ENG-UNI_UG_MED_Y2-MED-ANAT-26,20,20,25,15,20,20,40
2026-2027,DPS-GSEB-ENG-UNI_UG_MED_Y2-MED-PHYS-2026,DPS-GSEB-ENG-UNI_UG_MED_Y2-MED-PHYS-26,20,20,25,15,20,20,40
2026-2027,DPS-GSEB-ENG-UNI_UG_MED_Y2-MED-PHARM-2026,DPS-GSEB-ENG-UNI_UG_MED_Y2-MED-PHARM-26,20,20,25,15,20,20,40
2026-2027,DPS-GSEB-ENG-UNI_UG_MED_Y2-MED-PATH-2026,DPS-GSEB-ENG-UNI_UG_MED_Y2-MED-PATH-26,20,20,25,15,20,20,40
2026-2027,DPS-GSEB-ENG-UNI_UG_MED_Y2-MED-COM_MED-2026,DPS-GSEB-ENG-UNI_UG_MED_Y2-MED-COM_MED-26,20,20,25,15,20,20,40
2026-2027,DPS-GSEB-ENG-UNI_UG_MED_Y2-MED-LAW_CON-2026,DPS-GSEB-ENG-UNI_UG_MED_Y2-MED-LAW_CON-26,20,20,25,15,20,20,40
2026-2027,DPS-GSEB-ENG-UNI_UG_MED_Y2-MED-LAW_IPC-2026,DPS-GSEB-ENG-UNI_UG_MED_Y2-MED-LAW_IPC-26,20,20,25,15,20,20,40
2026-2027,DPS-GSEB-ENG-UNI_UG_MED_Y2-MED-LAW_CONTR-2026,DPS-GSEB-ENG-UNI_UG_MED_Y2-MED-LAW_CONTR-26,20,20,25,15,20,20,40
2026-2027,DPS-GSEB-ENG-UNI_UG_MED_Y2-MED-JURIS-2026,DPS-GSEB-ENG-UNI_UG_MED_Y2-MED-JURIS-26,20,20,25,15,20,20,40
2026-2027,DPS-GSEB-ENG-UNI_UG_MED_Y2-MED-CORP_ACC-2026,DPS-GSEB-ENG-UNI_UG_MED_Y2-MED-CORP_ACC-26,20,20,25,15,20,20,40
2026-2027,DPS-GSEB-ENG-UNI_UG_MED_Y2-MED-FIN_MGT-2026,DPS-GSEB-ENG-UNI_UG_MED_Y2-MED-FIN_MGT-26,20,20,25,15,20,20,40
2026-2027,DPS-GSEB-ENG-UNI_UG_MED_Y2-MED-MKT_MGT-2026,DPS-GSEB-ENG-UNI_UG_MED_Y2-MED-MKT_MGT-26,20,20,25,15,20,20,40
2026-2027,DPS-GSEB-ENG-UNI_UG_MED_Y2-MED-OB-2026,DPS-GSEB-ENG-UNI_UG_MED_Y2-MED-OB-26,20,20,25,15,20,20,40
2026-2027,DPS-GSEB-ENG-UNI_UG_MED_Y2-MED-UI_UX-2026,DPS-GSEB-ENG-UNI_UG_MED_Y2-MED-UI_UX-26,20,20,25,15,20,20,40
2026-2027,DPS-GSEB-ENG-UNI_UG_MED_Y2-MED-TYPO-2026,DPS-GSEB-ENG-UNI_UG_MED_Y2-MED-TYPO-26,20,20,25,15,20,20,40
2026-2027,DPS-GSEB-ENG-UNI_UG_MED_Y2-MED-ARCH_DSN-2026,DPS-GSEB-ENG-UNI_UG_MED_Y2-MED-ARCH_DSN-26,20,20,25,15,20,20,40
2026-2027,DPS-GSEB-ENG-UNI_UG_MED_Y3-MED-DSA-2026,DPS-GSEB-ENG-UNI_UG_MED_Y3-MED-DSA-26,20,20,25,15,20,20,40
2026-2027,DPS-GSEB-ENG-UNI_UG_MED_Y3-MED-DBMS-2026,DPS-GSEB-ENG-UNI_UG_MED_Y3-MED-DBMS-26,20,20,25,15,20,20,40
2026-2027,DPS-GSEB-ENG-UNI_UG_MED_Y3-MED-OS-2026,DPS-GSEB-ENG-UNI_UG_MED_Y3-MED-OS-26,20,20,25,15,20,20,40
2026-2027,DPS-GSEB-ENG-UNI_UG_MED_Y3-MED-CN-2026,DPS-GSEB-ENG-UNI_UG_MED_Y3-MED-CN-26,20,20,25,15,20,20,40
2026-2027,DPS-GSEB-ENG-UNI_UG_MED_Y3-MED-AI_ML-2026,DPS-GSEB-ENG-UNI_UG_MED_Y3-MED-AI_ML-26,20,20,25,15,20,20,40
2026-2027,DPS-GSEB-ENG-UNI_UG_MED_Y3-MED-SWE-2026,DPS-GSEB-ENG-UNI_UG_MED_Y3-MED-SWE-26,20,20,25,15,20,20,40
2026-2027,DPS-GSEB-ENG-UNI_UG_MED_Y3-MED-THERMO-2026,DPS-GSEB-ENG-UNI_UG_MED_Y3-MED-THERMO-26,20,20,25,15,20,20,40
2026-2027,DPS-GSEB-ENG-UNI_UG_MED_Y3-MED-CIRCUITS-2026,DPS-GSEB-ENG-UNI_UG_MED_Y3-MED-CIRCUITS-26,20,20,25,15,20,20,40
2026-2027,DPS-GSEB-ENG-UNI_UG_MED_Y3-MED-ANAT-2026,DPS-GSEB-ENG-UNI_UG_MED_Y3-MED-ANAT-26,20,20,25,15,20,20,40
2026-2027,DPS-GSEB-ENG-UNI_UG_MED_Y3-MED-PHYS-2026,DPS-GSEB-ENG-UNI_UG_MED_Y3-MED-PHYS-26,20,20,25,15,20,20,40
2026-2027,DPS-GSEB-ENG-UNI_UG_MED_Y3-MED-PHARM-2026,DPS-GSEB-ENG-UNI_UG_MED_Y3-MED-PHARM-26,20,20,25,15,20,20,40
2026-2027,DPS-GSEB-ENG-UNI_UG_MED_Y3-MED-PATH-2026,DPS-GSEB-ENG-UNI_UG_MED_Y3-MED-PATH-26,20,20,25,15,20,20,40
2026-2027,DPS-GSEB-ENG-UNI_UG_MED_Y3-MED-COM_MED-2026,DPS-GSEB-ENG-UNI_UG_MED_Y3-MED-COM_MED-26,20,20,25,15,20,20,40
2026-2027,DPS-GSEB-ENG-UNI_UG_MED_Y3-MED-LAW_CON-2026,DPS-GSEB-ENG-UNI_UG_MED_Y3-MED-LAW_CON-26,20,20,25,15,20,20,40
2026-2027,DPS-GSEB-ENG-UNI_UG_MED_Y3-MED-LAW_IPC-2026,DPS-GSEB-ENG-UNI_UG_MED_Y3-MED-LAW_IPC-26,20,20,25,15,20,20,40
2026-2027,DPS-GSEB-ENG-UNI_UG_MED_Y3-MED-LAW_CONTR-2026,DPS-GSEB-ENG-UNI_UG_MED_Y3-MED-LAW_CONTR-26,20,20,25,15,20,20,40
2026-2027,DPS-GSEB-ENG-UNI_UG_MED_Y3-MED-JURIS-2026,DPS-GSEB-ENG-UNI_UG_MED_Y3-MED-JURIS-26,20,20,25,15,20,20,40
2026-2027,DPS-GSEB-ENG-UNI_UG_MED_Y3-MED-CORP_ACC-2026,DPS-GSEB-ENG-UNI_UG_MED_Y3-MED-CORP_ACC-26,20,20,25,15,20,20,40
2026-2027,DPS-GSEB-ENG-UNI_UG_MED_Y3-MED-FIN_MGT-2026,DPS-GSEB-ENG-UNI_UG_MED_Y3-MED-FIN_MGT-26,20,20,25,15,20,20,40
2026-2027,DPS-GSEB-ENG-UNI_UG_MED_Y3-MED-MKT_MGT-2026,DPS-GSEB-ENG-UNI_UG_MED_Y3-MED-MKT_MGT-26,20,20,25,15,20,20,40
2026-2027,DPS-GSEB-ENG-UNI_UG_MED_Y3-MED-OB-2026,DPS-GSEB-ENG-UNI_UG_MED_Y3-MED-OB-26,20,20,25,15,20,20,40
2026-2027,DPS-GSEB-ENG-UNI_UG_MED_Y3-MED-UI_UX-2026,DPS-GSEB-ENG-UNI_UG_MED_Y3-MED-UI_UX-26,20,20,25,15,20,20,40
2026-2027,DPS-GSEB-ENG-UNI_UG_MED_Y3-MED-TYPO-2026,DPS-GSEB-ENG-UNI_UG_MED_Y3-MED-TYPO-26,20,20,25,15,20,20,40
2026-2027,DPS-GSEB-ENG-UNI_UG_MED_Y3-MED-ARCH_DSN-2026,DPS-GSEB-ENG-UNI_UG_MED_Y3-MED-ARCH_DSN-26,20,20,25,15,20,20,40
2026-2027,DPS-GSEB-ENG-UNI_UG_MED_Y4-MED-DSA-2026,DPS-GSEB-ENG-UNI_UG_MED_Y4-MED-DSA-26,20,20,25,15,20,20,40
2026-2027,DPS-GSEB-ENG-UNI_UG_MED_Y4-MED-DBMS-2026,DPS-GSEB-ENG-UNI_UG_MED_Y4-MED-DBMS-26,20,20,25,15,20,20,40
2026-2027,DPS-GSEB-ENG-UNI_UG_MED_Y4-MED-OS-2026,DPS-GSEB-ENG-UNI_UG_MED_Y4-MED-OS-26,20,20,25,15,20,20,40
2026-2027,DPS-GSEB-ENG-UNI_UG_MED_Y4-MED-CN-2026,DPS-GSEB-ENG-UNI_UG_MED_Y4-MED-CN-26,20,20,25,15,20,20,40
2026-2027,DPS-GSEB-ENG-UNI_UG_MED_Y4-MED-AI_ML-2026,DPS-GSEB-ENG-UNI_UG_MED_Y4-MED-AI_ML-26,20,20,25,15,20,20,40
2026-2027,DPS-GSEB-ENG-UNI_UG_MED_Y4-MED-SWE-2026,DPS-GSEB-ENG-UNI_UG_MED_Y4-MED-SWE-26,20,20,25,15,20,20,40
2026-2027,DPS-GSEB-ENG-UNI_UG_MED_Y4-MED-THERMO-2026,DPS-GSEB-ENG-UNI_UG_MED_Y4-MED-THERMO-26,20,20,25,15,20,20,40
2026-2027,DPS-GSEB-ENG-UNI_UG_MED_Y4-MED-CIRCUITS-2026,DPS-GSEB-ENG-UNI_UG_MED_Y4-MED-CIRCUITS-26,20,20,25,15,20,20,40
2026-2027,DPS-GSEB-ENG-UNI_UG_MED_Y4-MED-ANAT-2026,DPS-GSEB-ENG-UNI_UG_MED_Y4-MED-ANAT-26,20,20,25,15,20,20,40
2026-2027,DPS-GSEB-ENG-UNI_UG_MED_Y4-MED-PHYS-2026,DPS-GSEB-ENG-UNI_UG_MED_Y4-MED-PHYS-26,20,20,25,15,20,20,40
2026-2027,DPS-GSEB-ENG-UNI_UG_MED_Y4-MED-PHARM-2026,DPS-GSEB-ENG-UNI_UG_MED_Y4-MED-PHARM-26,20,20,25,15,20,20,40
2026-2027,DPS-GSEB-ENG-UNI_UG_MED_Y4-MED-PATH-2026,DPS-GSEB-ENG-UNI_UG_MED_Y4-MED-PATH-26,20,20,25,15,20,20,40
2026-2027,DPS-GSEB-ENG-UNI_UG_MED_Y4-MED-COM_MED-2026,DPS-GSEB-ENG-UNI_UG_MED_Y4-MED-COM_MED-26,20,20,25,15,20,20,40
2026-2027,DPS-GSEB-ENG-UNI_UG_MED_Y4-MED-LAW_CON-2026,DPS-GSEB-ENG-UNI_UG_MED_Y4-MED-LAW_CON-26,20,20,25,15,20,20,40
2026-2027,DPS-GSEB-ENG-UNI_UG_MED_Y4-MED-LAW_IPC-2026,DPS-GSEB-ENG-UNI_UG_MED_Y4-MED-LAW_IPC-26,20,20,25,15,20,20,40
2026-2027,DPS-GSEB-ENG-UNI_UG_MED_Y4-MED-LAW_CONTR-2026,DPS-GSEB-ENG-UNI_UG_MED_Y4-MED-LAW_CONTR-26,20,20,25,15,20,20,40
2026-2027,DPS-GSEB-ENG-UNI_UG_MED_Y4-MED-JURIS-2026,DPS-GSEB-ENG-UNI_UG_MED_Y4-MED-JURIS-26,20,20,25,15,20,20,40
2026-2027,DPS-GSEB-ENG-UNI_UG_MED_Y4-MED-CORP_ACC-2026,DPS-GSEB-ENG-UNI_UG_MED_Y4-MED-CORP_ACC-26,20,20,25,15,20,20,40
2026-2027,DPS-GSEB-ENG-UNI_UG_MED_Y4-MED-FIN_MGT-2026,DPS-GSEB-ENG-UNI_UG_MED_Y4-MED-FIN_MGT-26,20,20,25,15,20,20,40
2026-2027,DPS-GSEB-ENG-UNI_UG_MED_Y4-MED-MKT_MGT-2026,DPS-GSEB-ENG-UNI_UG_MED_Y4-MED-MKT_MGT-26,20,20,25,15,20,20,40
2026-2027,DPS-GSEB-ENG-UNI_UG_MED_Y4-MED-OB-2026,DPS-GSEB-ENG-UNI_UG_MED_Y4-MED-OB-26,20,20,25,15,20,20,40
2026-2027,DPS-GSEB-ENG-UNI_UG_MED_Y4-MED-UI_UX-2026,DPS-GSEB-ENG-UNI_UG_MED_Y4-MED-UI_UX-26,20,20,25,15,20,20,40
2026-2027,DPS-GSEB-ENG-UNI_UG_MED_Y4-MED-TYPO-2026,DPS-GSEB-ENG-UNI_UG_MED_Y4-MED-TYPO-26,20,20,25,15,20,20,40
2026-2027,DPS-GSEB-ENG-UNI_UG_MED_Y4-MED-ARCH_DSN-2026,DPS-GSEB-ENG-UNI_UG_MED_Y4-MED-ARCH_DSN-26,20,20,25,15,20,20,40
2026-2027,DPS-GSEB-ENG-UNI_UG_MED_Y5-MED-DSA-2026,DPS-GSEB-ENG-UNI_UG_MED_Y5-MED-DSA-26,20,20,25,15,20,20,40
2026-2027,DPS-GSEB-ENG-UNI_UG_MED_Y5-MED-DBMS-2026,DPS-GSEB-ENG-UNI_UG_MED_Y5-MED-DBMS-26,20,20,25,15,20,20,40
2026-2027,DPS-GSEB-ENG-UNI_UG_MED_Y5-MED-OS-2026,DPS-GSEB-ENG-UNI_UG_MED_Y5-MED-OS-26,20,20,25,15,20,20,40
2026-2027,DPS-GSEB-ENG-UNI_UG_MED_Y5-MED-CN-2026,DPS-GSEB-ENG-UNI_UG_MED_Y5-MED-CN-26,20,20,25,15,20,20,40
2026-2027,DPS-GSEB-ENG-UNI_UG_MED_Y5-MED-AI_ML-2026,DPS-GSEB-ENG-UNI_UG_MED_Y5-MED-AI_ML-26,20,20,25,15,20,20,40
2026-2027,DPS-GSEB-ENG-UNI_UG_MED_Y5-MED-SWE-2026,DPS-GSEB-ENG-UNI_UG_MED_Y5-MED-SWE-26,20,20,25,15,20,20,40
2026-2027,DPS-GSEB-ENG-UNI_UG_MED_Y5-MED-THERMO-2026,DPS-GSEB-ENG-UNI_UG_MED_Y5-MED-THERMO-26,20,20,25,15,20,20,40
2026-2027,DPS-GSEB-ENG-UNI_UG_MED_Y5-MED-CIRCUITS-2026,DPS-GSEB-ENG-UNI_UG_MED_Y5-MED-CIRCUITS-26,20,20,25,15,20,20,40
2026-2027,DPS-GSEB-ENG-UNI_UG_MED_Y5-MED-ANAT-2026,DPS-GSEB-ENG-UNI_UG_MED_Y5-MED-ANAT-26,20,20,25,15,20,20,40
2026-2027,DPS-GSEB-ENG-UNI_UG_MED_Y5-MED-PHYS-2026,DPS-GSEB-ENG-UNI_UG_MED_Y5-MED-PHYS-26,20,20,25,15,20,20,40
2026-2027,DPS-GSEB-ENG-UNI_UG_MED_Y5-MED-PHARM-2026,DPS-GSEB-ENG-UNI_UG_MED_Y5-MED-PHARM-26,20,20,25,15,20,20,40
2026-2027,DPS-GSEB-ENG-UNI_UG_MED_Y5-MED-PATH-2026,DPS-GSEB-ENG-UNI_UG_MED_Y5-MED-PATH-26,20,20,25,15,20,20,40
2026-2027,DPS-GSEB-ENG-UNI_UG_MED_Y5-MED-COM_MED-2026,DPS-GSEB-ENG-UNI_UG_MED_Y5-MED-COM_MED-26,20,20,25,15,20,20,40
2026-2027,DPS-GSEB-ENG-UNI_UG_MED_Y5-MED-LAW_CON-2026,DPS-GSEB-ENG-UNI_UG_MED_Y5-MED-LAW_CON-26,20,20,25,15,20,20,40
2026-2027,DPS-GSEB-ENG-UNI_UG_MED_Y5-MED-LAW_IPC-2026,DPS-GSEB-ENG-UNI_UG_MED_Y5-MED-LAW_IPC-26,20,20,25,15,20,20,40
2026-2027,DPS-GSEB-ENG-UNI_UG_MED_Y5-MED-LAW_CONTR-2026,DPS-GSEB-ENG-UNI_UG_MED_Y5-MED-LAW_CONTR-26,20,20,25,15,20,20,40
2026-2027,DPS-GSEB-ENG-UNI_UG_MED_Y5-MED-JURIS-2026,DPS-GSEB-ENG-UNI_UG_MED_Y5-MED-JURIS-26,20,20,25,15,20,20,40
2026-2027,DPS-GSEB-ENG-UNI_UG_MED_Y5-MED-CORP_ACC-2026,DPS-GSEB-ENG-UNI_UG_MED_Y5-MED-CORP_ACC-26,20,20,25,15,20,20,40
2026-2027,DPS-GSEB-ENG-UNI_UG_MED_Y5-MED-FIN_MGT-2026,DPS-GSEB-ENG-UNI_UG_MED_Y5-MED-FIN_MGT-26,20,20,25,15,20,20,40
2026-2027,DPS-GSEB-ENG-UNI_UG_MED_Y5-MED-MKT_MGT-2026,DPS-GSEB-ENG-UNI_UG_MED_Y5-MED-MKT_MGT-26,20,20,25,15,20,20,40
2026-2027,DPS-GSEB-ENG-UNI_UG_MED_Y5-MED-OB-2026,DPS-GSEB-ENG-UNI_UG_MED_Y5-MED-OB-26,20,20,25,15,20,20,40
2026-2027,DPS-GSEB-ENG-UNI_UG_MED_Y5-MED-UI_UX-2026,DPS-GSEB-ENG-UNI_UG_MED_Y5-MED-UI_UX-26,20,20,25,15,20,20,40
2026-2027,DPS-GSEB-ENG-UNI_UG_MED_Y5-MED-TYPO-2026,DPS-GSEB-ENG-UNI_UG_MED_Y5-MED-TYPO-26,20,20,25,15,20,20,40
2026-2027,DPS-GSEB-ENG-UNI_UG_MED_Y5-MED-ARCH_DSN-2026,DPS-GSEB-ENG-UNI_UG_MED_Y5-MED-ARCH_DSN-26,20,20,25,15,20,20,40
2026-2027,DPS-GSEB-ENG-NUR_BSC_Y1-NUR-NUR_FND-2026,DPS-GSEB-ENG-NUR_BSC_Y1-NUR-NUR_FND-26,20,20,25,15,20,20,40
2026-2027,DPS-GSEB-ENG-PRO_CA_FND-PRO_FIN-TAX-2026,DPS-GSEB-ENG-PRO_CA_FND-PRO_FIN-TAX-26,20,20,25,15,20,20,40
2026-2027,DPS-GSEB-ENG-PRO_CA_FND-PRO_FIN-AUDIT-2026,DPS-GSEB-ENG-PRO_CA_FND-PRO_FIN-AUDIT-26,20,20,25,15,20,20,40
2026-2027,DPS-GSEB-ENG-PRO_CA_FND-PRO_FIN-APT_REAS-2026,DPS-GSEB-ENG-PRO_CA_FND-PRO_FIN-APT_REAS-26,20,20,25,15,20,20,40
2026-2027,DPS-GSEB-ENG-PRO_CA_INT-PRO_FIN-TAX-2026,DPS-GSEB-ENG-PRO_CA_INT-PRO_FIN-TAX-26,20,20,25,15,20,20,40
2026-2027,DPS-GSEB-ENG-PRO_CA_INT-PRO_FIN-AUDIT-2026,DPS-GSEB-ENG-PRO_CA_INT-PRO_FIN-AUDIT-26,20,20,25,15,20,20,40
2026-2027,DPS-GSEB-ENG-PRO_CA_INT-PRO_FIN-APT_REAS-2026,DPS-GSEB-ENG-PRO_CA_INT-PRO_FIN-APT_REAS-26,20,20,25,15,20,20,40
2026-2027,DPS-GSEB-ENG-PRO_CA_FIN-PRO_FIN-TAX-2026,DPS-GSEB-ENG-PRO_CA_FIN-PRO_FIN-TAX-26,20,20,25,15,20,20,40
2026-2027,DPS-GSEB-ENG-PRO_CA_FIN-PRO_FIN-AUDIT-2026,DPS-GSEB-ENG-PRO_CA_FIN-PRO_FIN-AUDIT-26,20,20,25,15,20,20,40
2026-2027,DPS-GSEB-ENG-PRO_CA_FIN-PRO_FIN-APT_REAS-2026,DPS-GSEB-ENG-PRO_CA_FIN-PRO_FIN-APT_REAS-26,20,20,25,15,20,20,40
2026-2027,DPS-GSEB-ENG-PRO_CS_EXE-LAW-TAX-2026,DPS-GSEB-ENG-PRO_CS_EXE-LAW-TAX-26,20,20,25,15,20,20,40
2026-2027,DPS-GSEB-ENG-PRO_CS_EXE-LAW-AUDIT-2026,DPS-GSEB-ENG-PRO_CS_EXE-LAW-AUDIT-26,20,20,25,15,20,20,40
2026-2027,DPS-GSEB-ENG-PRO_CS_EXE-LAW-APT_REAS-2026,DPS-GSEB-ENG-PRO_CS_EXE-LAW-APT_REAS-26,20,20,25,15,20,20,40
2026-2027,DPS-GSEB-ENG-UNI_PG_AI_Y1-AIE-DSA-2026,DPS-GSEB-ENG-UNI_PG_AI_Y1-AIE-DSA-26,20,20,25,15,20,20,40
2026-2027,DPS-GSEB-ENG-UNI_PG_AI_Y1-AIE-DBMS-2026,DPS-GSEB-ENG-UNI_PG_AI_Y1-AIE-DBMS-26,20,20,25,15,20,20,40
2026-2027,DPS-GSEB-ENG-UNI_PG_AI_Y1-AIE-OS-2026,DPS-GSEB-ENG-UNI_PG_AI_Y1-AIE-OS-26,20,20,25,15,20,20,40
2026-2027,DPS-GSEB-ENG-UNI_PG_AI_Y1-AIE-CN-2026,DPS-GSEB-ENG-UNI_PG_AI_Y1-AIE-CN-26,20,20,25,15,20,20,40
2026-2027,DPS-GSEB-ENG-UNI_PG_AI_Y1-AIE-AI_ML-2026,DPS-GSEB-ENG-UNI_PG_AI_Y1-AIE-AI_ML-26,20,20,25,15,20,20,40
2026-2027,DPS-GSEB-ENG-UNI_PG_AI_Y1-AIE-SWE-2026,DPS-GSEB-ENG-UNI_PG_AI_Y1-AIE-SWE-26,20,20,25,15,20,20,40
2026-2027,DPS-GSEB-ENG-UNI_PG_AI_Y1-AIE-FIN_MGT-2026,DPS-GSEB-ENG-UNI_PG_AI_Y1-AIE-FIN_MGT-26,20,20,25,15,20,20,40
2026-2027,DPS-GSEB-ENG-UNI_PG_AI_Y1-AIE-MKT_MGT-2026,DPS-GSEB-ENG-UNI_PG_AI_Y1-AIE-MKT_MGT-26,20,20,25,15,20,20,40
2026-2027,DPS-GSEB-ENG-UNI_PG_AI_Y1-AIE-OB-2026,DPS-GSEB-ENG-UNI_PG_AI_Y1-AIE-OB-26,20,20,25,15,20,20,40
2026-2027,DPS-GSEB-ENG-UNI_PG_AI_Y2-AIE-DSA-2026,DPS-GSEB-ENG-UNI_PG_AI_Y2-AIE-DSA-26,20,20,25,15,20,20,40
2026-2027,DPS-GSEB-ENG-UNI_PG_AI_Y2-AIE-DBMS-2026,DPS-GSEB-ENG-UNI_PG_AI_Y2-AIE-DBMS-26,20,20,25,15,20,20,40
2026-2027,DPS-GSEB-ENG-UNI_PG_AI_Y2-AIE-OS-2026,DPS-GSEB-ENG-UNI_PG_AI_Y2-AIE-OS-26,20,20,25,15,20,20,40
2026-2027,DPS-GSEB-ENG-UNI_PG_AI_Y2-AIE-CN-2026,DPS-GSEB-ENG-UNI_PG_AI_Y2-AIE-CN-26,20,20,25,15,20,20,40
2026-2027,DPS-GSEB-ENG-UNI_PG_AI_Y2-AIE-AI_ML-2026,DPS-GSEB-ENG-UNI_PG_AI_Y2-AIE-AI_ML-26,20,20,25,15,20,20,40
2026-2027,DPS-GSEB-ENG-UNI_PG_AI_Y2-AIE-SWE-2026,DPS-GSEB-ENG-UNI_PG_AI_Y2-AIE-SWE-26,20,20,25,15,20,20,40
2026-2027,DPS-GSEB-ENG-UNI_PG_AI_Y2-AIE-FIN_MGT-2026,DPS-GSEB-ENG-UNI_PG_AI_Y2-AIE-FIN_MGT-26,20,20,25,15,20,20,40
2026-2027,DPS-GSEB-ENG-UNI_PG_AI_Y2-AIE-MKT_MGT-2026,DPS-GSEB-ENG-UNI_PG_AI_Y2-AIE-MKT_MGT-26,20,20,25,15,20,20,40
2026-2027,DPS-GSEB-ENG-UNI_PG_AI_Y2-AIE-OB-2026,DPS-GSEB-ENG-UNI_PG_AI_Y2-AIE-OB-26,20,20,25,15,20,20,40
2026-2027,DPS-GSEB-ENG-UNI_PG_MBA_Y1-MGT-DSA-2026,DPS-GSEB-ENG-UNI_PG_MBA_Y1-MGT-DSA-26,20,20,25,15,20,20,40
2026-2027,DPS-GSEB-ENG-UNI_PG_MBA_Y1-MGT-DBMS-2026,DPS-GSEB-ENG-UNI_PG_MBA_Y1-MGT-DBMS-26,20,20,25,15,20,20,40
2026-2027,DPS-GSEB-ENG-UNI_PG_MBA_Y1-MGT-OS-2026,DPS-GSEB-ENG-UNI_PG_MBA_Y1-MGT-OS-26,20,20,25,15,20,20,40
2026-2027,DPS-GSEB-ENG-UNI_PG_MBA_Y1-MGT-CN-2026,DPS-GSEB-ENG-UNI_PG_MBA_Y1-MGT-CN-26,20,20,25,15,20,20,40
2026-2027,DPS-GSEB-ENG-UNI_PG_MBA_Y1-MGT-AI_ML-2026,DPS-GSEB-ENG-UNI_PG_MBA_Y1-MGT-AI_ML-26,20,20,25,15,20,20,40
2026-2027,DPS-GSEB-ENG-UNI_PG_MBA_Y1-MGT-SWE-2026,DPS-GSEB-ENG-UNI_PG_MBA_Y1-MGT-SWE-26,20,20,25,15,20,20,40
2026-2027,DPS-GSEB-ENG-UNI_PG_MBA_Y1-MGT-FIN_MGT-2026,DPS-GSEB-ENG-UNI_PG_MBA_Y1-MGT-FIN_MGT-26,20,20,25,15,20,20,40
2026-2027,DPS-GSEB-ENG-UNI_PG_MBA_Y1-MGT-MKT_MGT-2026,DPS-GSEB-ENG-UNI_PG_MBA_Y1-MGT-MKT_MGT-26,20,20,25,15,20,20,40
2026-2027,DPS-GSEB-ENG-UNI_PG_MBA_Y1-MGT-OB-2026,DPS-GSEB-ENG-UNI_PG_MBA_Y1-MGT-OB-26,20,20,25,15,20,20,40
2026-2027,DPS-GSEB-ENG-UNI_PG_MBA_Y2-MGT-DSA-2026,DPS-GSEB-ENG-UNI_PG_MBA_Y2-MGT-DSA-26,20,20,25,15,20,20,40
2026-2027,DPS-GSEB-ENG-UNI_PG_MBA_Y2-MGT-DBMS-2026,DPS-GSEB-ENG-UNI_PG_MBA_Y2-MGT-DBMS-26,20,20,25,15,20,20,40
2026-2027,DPS-GSEB-ENG-UNI_PG_MBA_Y2-MGT-OS-2026,DPS-GSEB-ENG-UNI_PG_MBA_Y2-MGT-OS-26,20,20,25,15,20,20,40
2026-2027,DPS-GSEB-ENG-UNI_PG_MBA_Y2-MGT-CN-2026,DPS-GSEB-ENG-UNI_PG_MBA_Y2-MGT-CN-26,20,20,25,15,20,20,40
2026-2027,DPS-GSEB-ENG-UNI_PG_MBA_Y2-MGT-AI_ML-2026,DPS-GSEB-ENG-UNI_PG_MBA_Y2-MGT-AI_ML-26,20,20,25,15,20,20,40
2026-2027,DPS-GSEB-ENG-UNI_PG_MBA_Y2-MGT-SWE-2026,DPS-GSEB-ENG-UNI_PG_MBA_Y2-MGT-SWE-26,20,20,25,15,20,20,40
2026-2027,DPS-GSEB-ENG-UNI_PG_MBA_Y2-MGT-FIN_MGT-2026,DPS-GSEB-ENG-UNI_PG_MBA_Y2-MGT-FIN_MGT-26,20,20,25,15,20,20,40
2026-2027,DPS-GSEB-ENG-UNI_PG_MBA_Y2-MGT-MKT_MGT-2026,DPS-GSEB-ENG-UNI_PG_MBA_Y2-MGT-MKT_MGT-26,20,20,25,15,20,20,40
2026-2027,DPS-GSEB-ENG-UNI_PG_MBA_Y2-MGT-OB-2026,DPS-GSEB-ENG-UNI_PG_MBA_Y2-MGT-OB-26,20,20,25,15,20,20,40
2026-2027,DPS-GSEB-ENG-UNI_PG_LAW_Y1-LAW-DSA-2026,DPS-GSEB-ENG-UNI_PG_LAW_Y1-LAW-DSA-26,20,20,25,15,20,20,40
2026-2027,DPS-GSEB-ENG-UNI_PG_LAW_Y1-LAW-DBMS-2026,DPS-GSEB-ENG-UNI_PG_LAW_Y1-LAW-DBMS-26,20,20,25,15,20,20,40
2026-2027,DPS-GSEB-ENG-UNI_PG_LAW_Y1-LAW-OS-2026,DPS-GSEB-ENG-UNI_PG_LAW_Y1-LAW-OS-26,20,20,25,15,20,20,40
2026-2027,DPS-GSEB-ENG-UNI_PG_LAW_Y1-LAW-CN-2026,DPS-GSEB-ENG-UNI_PG_LAW_Y1-LAW-CN-26,20,20,25,15,20,20,40
2026-2027,DPS-GSEB-ENG-UNI_PG_LAW_Y1-LAW-AI_ML-2026,DPS-GSEB-ENG-UNI_PG_LAW_Y1-LAW-AI_ML-26,20,20,25,15,20,20,40
2026-2027,DPS-GSEB-ENG-UNI_PG_LAW_Y1-LAW-SWE-2026,DPS-GSEB-ENG-UNI_PG_LAW_Y1-LAW-SWE-26,20,20,25,15,20,20,40
2026-2027,DPS-GSEB-ENG-UNI_PG_LAW_Y1-LAW-FIN_MGT-2026,DPS-GSEB-ENG-UNI_PG_LAW_Y1-LAW-FIN_MGT-26,20,20,25,15,20,20,40
2026-2027,DPS-GSEB-ENG-UNI_PG_LAW_Y1-LAW-MKT_MGT-2026,DPS-GSEB-ENG-UNI_PG_LAW_Y1-LAW-MKT_MGT-26,20,20,25,15,20,20,40
2026-2027,DPS-GSEB-ENG-UNI_PG_LAW_Y1-LAW-OB-2026,DPS-GSEB-ENG-UNI_PG_LAW_Y1-LAW-OB-26,20,20,25,15,20,20,40
2026-2027,DPS-GSEB-ENG-UNI_PG_LAW_Y2-LAW-DSA-2026,DPS-GSEB-ENG-UNI_PG_LAW_Y2-LAW-DSA-26,20,20,25,15,20,20,40
2026-2027,DPS-GSEB-ENG-UNI_PG_LAW_Y2-LAW-DBMS-2026,DPS-GSEB-ENG-UNI_PG_LAW_Y2-LAW-DBMS-26,20,20,25,15,20,20,40
2026-2027,DPS-GSEB-ENG-UNI_PG_LAW_Y2-LAW-OS-2026,DPS-GSEB-ENG-UNI_PG_LAW_Y2-LAW-OS-26,20,20,25,15,20,20,40
2026-2027,DPS-GSEB-ENG-UNI_PG_LAW_Y2-LAW-CN-2026,DPS-GSEB-ENG-UNI_PG_LAW_Y2-LAW-CN-26,20,20,25,15,20,20,40
2026-2027,DPS-GSEB-ENG-UNI_PG_LAW_Y2-LAW-AI_ML-2026,DPS-GSEB-ENG-UNI_PG_LAW_Y2-LAW-AI_ML-26,20,20,25,15,20,20,40
2026-2027,DPS-GSEB-ENG-UNI_PG_LAW_Y2-LAW-SWE-2026,DPS-GSEB-ENG-UNI_PG_LAW_Y2-LAW-SWE-26,20,20,25,15,20,20,40
2026-2027,DPS-GSEB-ENG-UNI_PG_LAW_Y2-LAW-FIN_MGT-2026,DPS-GSEB-ENG-UNI_PG_LAW_Y2-LAW-FIN_MGT-26,20,20,25,15,20,20,40
2026-2027,DPS-GSEB-ENG-UNI_PG_LAW_Y2-LAW-MKT_MGT-2026,DPS-GSEB-ENG-UNI_PG_LAW_Y2-LAW-MKT_MGT-26,20,20,25,15,20,20,40
2026-2027,DPS-GSEB-ENG-UNI_PG_LAW_Y2-LAW-OB-2026,DPS-GSEB-ENG-UNI_PG_LAW_Y2-LAW-OB-26,20,20,25,15,20,20,40
2026-2027,DPS-GSEB-ENG-UNI_PHD_AI-RES-AI_ML-2026,DPS-GSEB-ENG-UNI_PHD_AI-RES-AI_ML-26,20,20,25,15,20,20,40
2026-2027,DPS-GSEB-ENG-UNI_PHD_DS-RES-AI_ML-2026,DPS-GSEB-ENG-UNI_PHD_DS-RES-AI_ML-26,20,20,25,15,20,20,40
2026-2027,DPS-GSEB-ENG-UNI_PHD_RE-RES-AI_ML-2026,DPS-GSEB-ENG-UNI_PHD_RE-RES-AI_ML-26,20,20,25,15,20,20,40
2026-2027,DPS-GSEB-ENG-UNI_UG_BCA_Y1-CSA-DSA-2026,DPS-GSEB-ENG-UNI_UG_BCA_Y1-CSA-DSA-26,20,20,25,15,20,20,40
2026-2027,DPS-GSEB-ENG-UNI_UG_BCA_Y1-CSA-DBMS-2026,DPS-GSEB-ENG-UNI_UG_BCA_Y1-CSA-DBMS-26,20,20,25,15,20,20,40
2026-2027,DPS-GSEB-ENG-UNI_UG_BCA_Y1-CSA-OS-2026,DPS-GSEB-ENG-UNI_UG_BCA_Y1-CSA-OS-26,20,20,25,15,20,20,40
2026-2027,DPS-GSEB-ENG-UNI_UG_BCA_Y1-CSA-CN-2026,DPS-GSEB-ENG-UNI_UG_BCA_Y1-CSA-CN-26,20,20,25,15,20,20,40
2026-2027,DPS-GSEB-ENG-UNI_UG_BCA_Y1-CSA-AI_ML-2026,DPS-GSEB-ENG-UNI_UG_BCA_Y1-CSA-AI_ML-26,20,20,25,15,20,20,40
2026-2027,DPS-GSEB-ENG-UNI_UG_BCA_Y1-CSA-SWE-2026,DPS-GSEB-ENG-UNI_UG_BCA_Y1-CSA-SWE-26,20,20,25,15,20,20,40
2026-2027,DPS-GSEB-ENG-UNI_UG_BCA_Y1-CSA-THERMO-2026,DPS-GSEB-ENG-UNI_UG_BCA_Y1-CSA-THERMO-26,20,20,25,15,20,20,40
2026-2027,DPS-GSEB-ENG-UNI_UG_BCA_Y1-CSA-CIRCUITS-2026,DPS-GSEB-ENG-UNI_UG_BCA_Y1-CSA-CIRCUITS-26,20,20,25,15,20,20,40
2026-2027,DPS-GSEB-ENG-UNI_UG_BCA_Y1-CSA-ANAT-2026,DPS-GSEB-ENG-UNI_UG_BCA_Y1-CSA-ANAT-26,20,20,25,15,20,20,40
2026-2027,DPS-GSEB-ENG-UNI_UG_BCA_Y1-CSA-PHYS-2026,DPS-GSEB-ENG-UNI_UG_BCA_Y1-CSA-PHYS-26,20,20,25,15,20,20,40
2026-2027,DPS-GSEB-ENG-UNI_UG_BCA_Y1-CSA-PHARM-2026,DPS-GSEB-ENG-UNI_UG_BCA_Y1-CSA-PHARM-26,20,20,25,15,20,20,40
2026-2027,DPS-GSEB-ENG-UNI_UG_BCA_Y1-CSA-PATH-2026,DPS-GSEB-ENG-UNI_UG_BCA_Y1-CSA-PATH-26,20,20,25,15,20,20,40
2026-2027,DPS-GSEB-ENG-UNI_UG_BCA_Y1-CSA-COM_MED-2026,DPS-GSEB-ENG-UNI_UG_BCA_Y1-CSA-COM_MED-26,20,20,25,15,20,20,40
2026-2027,DPS-GSEB-ENG-UNI_UG_BCA_Y1-CSA-LAW_CON-2026,DPS-GSEB-ENG-UNI_UG_BCA_Y1-CSA-LAW_CON-26,20,20,25,15,20,20,40
2026-2027,DPS-GSEB-ENG-UNI_UG_BCA_Y1-CSA-LAW_IPC-2026,DPS-GSEB-ENG-UNI_UG_BCA_Y1-CSA-LAW_IPC-26,20,20,25,15,20,20,40
2026-2027,DPS-GSEB-ENG-UNI_UG_BCA_Y1-CSA-LAW_CONTR-2026,DPS-GSEB-ENG-UNI_UG_BCA_Y1-CSA-LAW_CONTR-26,20,20,25,15,20,20,40
2026-2027,DPS-GSEB-ENG-UNI_UG_BCA_Y1-CSA-JURIS-2026,DPS-GSEB-ENG-UNI_UG_BCA_Y1-CSA-JURIS-26,20,20,25,15,20,20,40
2026-2027,DPS-GSEB-ENG-UNI_UG_BCA_Y1-CSA-CORP_ACC-2026,DPS-GSEB-ENG-UNI_UG_BCA_Y1-CSA-CORP_ACC-26,20,20,25,15,20,20,40
2026-2027,DPS-GSEB-ENG-UNI_UG_BCA_Y1-CSA-FIN_MGT-2026,DPS-GSEB-ENG-UNI_UG_BCA_Y1-CSA-FIN_MGT-26,20,20,25,15,20,20,40
2026-2027,DPS-GSEB-ENG-UNI_UG_BCA_Y1-CSA-MKT_MGT-2026,DPS-GSEB-ENG-UNI_UG_BCA_Y1-CSA-MKT_MGT-26,20,20,25,15,20,20,40
2026-2027,DPS-GSEB-ENG-UNI_UG_BCA_Y1-CSA-OB-2026,DPS-GSEB-ENG-UNI_UG_BCA_Y1-CSA-OB-26,20,20,25,15,20,20,40
2026-2027,DPS-GSEB-ENG-UNI_UG_BCA_Y1-CSA-UI_UX-2026,DPS-GSEB-ENG-UNI_UG_BCA_Y1-CSA-UI_UX-26,20,20,25,15,20,20,40
2026-2027,DPS-GSEB-ENG-UNI_UG_BCA_Y1-CSA-TYPO-2026,DPS-GSEB-ENG-UNI_UG_BCA_Y1-CSA-TYPO-26,20,20,25,15,20,20,40
2026-2027,DPS-GSEB-ENG-UNI_UG_BCA_Y1-CSA-ARCH_DSN-2026,DPS-GSEB-ENG-UNI_UG_BCA_Y1-CSA-ARCH_DSN-26,20,20,25,15,20,20,40
2026-2027,DPS-GSEB-ENG-UNI_UG_BCA_Y2-CSA-DSA-2026,DPS-GSEB-ENG-UNI_UG_BCA_Y2-CSA-DSA-26,20,20,25,15,20,20,40
2026-2027,DPS-GSEB-ENG-UNI_UG_BCA_Y2-CSA-DBMS-2026,DPS-GSEB-ENG-UNI_UG_BCA_Y2-CSA-DBMS-26,20,20,25,15,20,20,40
2026-2027,DPS-GSEB-ENG-UNI_UG_BCA_Y2-CSA-OS-2026,DPS-GSEB-ENG-UNI_UG_BCA_Y2-CSA-OS-26,20,20,25,15,20,20,40
2026-2027,DPS-GSEB-ENG-UNI_UG_BCA_Y2-CSA-CN-2026,DPS-GSEB-ENG-UNI_UG_BCA_Y2-CSA-CN-26,20,20,25,15,20,20,40
2026-2027,DPS-GSEB-ENG-UNI_UG_BCA_Y2-CSA-AI_ML-2026,DPS-GSEB-ENG-UNI_UG_BCA_Y2-CSA-AI_ML-26,20,20,25,15,20,20,40
2026-2027,DPS-GSEB-ENG-UNI_UG_BCA_Y2-CSA-SWE-2026,DPS-GSEB-ENG-UNI_UG_BCA_Y2-CSA-SWE-26,20,20,25,15,20,20,40
2026-2027,DPS-GSEB-ENG-UNI_UG_BCA_Y2-CSA-THERMO-2026,DPS-GSEB-ENG-UNI_UG_BCA_Y2-CSA-THERMO-26,20,20,25,15,20,20,40
2026-2027,DPS-GSEB-ENG-UNI_UG_BCA_Y2-CSA-CIRCUITS-2026,DPS-GSEB-ENG-UNI_UG_BCA_Y2-CSA-CIRCUITS-26,20,20,25,15,20,20,40
2026-2027,DPS-GSEB-ENG-UNI_UG_BCA_Y2-CSA-ANAT-2026,DPS-GSEB-ENG-UNI_UG_BCA_Y2-CSA-ANAT-26,20,20,25,15,20,20,40
2026-2027,DPS-GSEB-ENG-UNI_UG_BCA_Y2-CSA-PHYS-2026,DPS-GSEB-ENG-UNI_UG_BCA_Y2-CSA-PHYS-26,20,20,25,15,20,20,40
2026-2027,DPS-GSEB-ENG-UNI_UG_BCA_Y2-CSA-PHARM-2026,DPS-GSEB-ENG-UNI_UG_BCA_Y2-CSA-PHARM-26,20,20,25,15,20,20,40
2026-2027,DPS-GSEB-ENG-UNI_UG_BCA_Y2-CSA-PATH-2026,DPS-GSEB-ENG-UNI_UG_BCA_Y2-CSA-PATH-26,20,20,25,15,20,20,40
2026-2027,DPS-GSEB-ENG-UNI_UG_BCA_Y2-CSA-COM_MED-2026,DPS-GSEB-ENG-UNI_UG_BCA_Y2-CSA-COM_MED-26,20,20,25,15,20,20,40
2026-2027,DPS-GSEB-ENG-UNI_UG_BCA_Y2-CSA-LAW_CON-2026,DPS-GSEB-ENG-UNI_UG_BCA_Y2-CSA-LAW_CON-26,20,20,25,15,20,20,40
2026-2027,DPS-GSEB-ENG-UNI_UG_BCA_Y2-CSA-LAW_IPC-2026,DPS-GSEB-ENG-UNI_UG_BCA_Y2-CSA-LAW_IPC-26,20,20,25,15,20,20,40
2026-2027,DPS-GSEB-ENG-UNI_UG_BCA_Y2-CSA-LAW_CONTR-2026,DPS-GSEB-ENG-UNI_UG_BCA_Y2-CSA-LAW_CONTR-26,20,20,25,15,20,20,40
2026-2027,DPS-GSEB-ENG-UNI_UG_BCA_Y2-CSA-JURIS-2026,DPS-GSEB-ENG-UNI_UG_BCA_Y2-CSA-JURIS-26,20,20,25,15,20,20,40
2026-2027,DPS-GSEB-ENG-UNI_UG_BCA_Y2-CSA-CORP_ACC-2026,DPS-GSEB-ENG-UNI_UG_BCA_Y2-CSA-CORP_ACC-26,20,20,25,15,20,20,40
2026-2027,DPS-GSEB-ENG-UNI_UG_BCA_Y2-CSA-FIN_MGT-2026,DPS-GSEB-ENG-UNI_UG_BCA_Y2-CSA-FIN_MGT-26,20,20,25,15,20,20,40
2026-2027,DPS-GSEB-ENG-UNI_UG_BCA_Y2-CSA-MKT_MGT-2026,DPS-GSEB-ENG-UNI_UG_BCA_Y2-CSA-MKT_MGT-26,20,20,25,15,20,20,40
2026-2027,DPS-GSEB-ENG-UNI_UG_BCA_Y2-CSA-OB-2026,DPS-GSEB-ENG-UNI_UG_BCA_Y2-CSA-OB-26,20,20,25,15,20,20,40
2026-2027,DPS-GSEB-ENG-UNI_UG_BCA_Y2-CSA-UI_UX-2026,DPS-GSEB-ENG-UNI_UG_BCA_Y2-CSA-UI_UX-26,20,20,25,15,20,20,40
2026-2027,DPS-GSEB-ENG-UNI_UG_BCA_Y2-CSA-TYPO-2026,DPS-GSEB-ENG-UNI_UG_BCA_Y2-CSA-TYPO-26,20,20,25,15,20,20,40
2026-2027,DPS-GSEB-ENG-UNI_UG_BCA_Y2-CSA-ARCH_DSN-2026,DPS-GSEB-ENG-UNI_UG_BCA_Y2-CSA-ARCH_DSN-26,20,20,25,15,20,20,40
2026-2027,DPS-GSEB-ENG-UNI_UG_BCA_Y3-CSA-DSA-2026,DPS-GSEB-ENG-UNI_UG_BCA_Y3-CSA-DSA-26,20,20,25,15,20,20,40
2026-2027,DPS-GSEB-ENG-UNI_UG_BCA_Y3-CSA-DBMS-2026,DPS-GSEB-ENG-UNI_UG_BCA_Y3-CSA-DBMS-26,20,20,25,15,20,20,40
2026-2027,DPS-GSEB-ENG-UNI_UG_BCA_Y3-CSA-OS-2026,DPS-GSEB-ENG-UNI_UG_BCA_Y3-CSA-OS-26,20,20,25,15,20,20,40
2026-2027,DPS-GSEB-ENG-UNI_UG_BCA_Y3-CSA-CN-2026,DPS-GSEB-ENG-UNI_UG_BCA_Y3-CSA-CN-26,20,20,25,15,20,20,40
2026-2027,DPS-GSEB-ENG-UNI_UG_BCA_Y3-CSA-AI_ML-2026,DPS-GSEB-ENG-UNI_UG_BCA_Y3-CSA-AI_ML-26,20,20,25,15,20,20,40
2026-2027,DPS-GSEB-ENG-UNI_UG_BCA_Y3-CSA-SWE-2026,DPS-GSEB-ENG-UNI_UG_BCA_Y3-CSA-SWE-26,20,20,25,15,20,20,40
2026-2027,DPS-GSEB-ENG-UNI_UG_BCA_Y3-CSA-THERMO-2026,DPS-GSEB-ENG-UNI_UG_BCA_Y3-CSA-THERMO-26,20,20,25,15,20,20,40
2026-2027,DPS-GSEB-ENG-UNI_UG_BCA_Y3-CSA-CIRCUITS-2026,DPS-GSEB-ENG-UNI_UG_BCA_Y3-CSA-CIRCUITS-26,20,20,25,15,20,20,40
2026-2027,DPS-GSEB-ENG-UNI_UG_BCA_Y3-CSA-ANAT-2026,DPS-GSEB-ENG-UNI_UG_BCA_Y3-CSA-ANAT-26,20,20,25,15,20,20,40
2026-2027,DPS-GSEB-ENG-UNI_UG_BCA_Y3-CSA-PHYS-2026,DPS-GSEB-ENG-UNI_UG_BCA_Y3-CSA-PHYS-26,20,20,25,15,20,20,40
2026-2027,DPS-GSEB-ENG-UNI_UG_BCA_Y3-CSA-PHARM-2026,DPS-GSEB-ENG-UNI_UG_BCA_Y3-CSA-PHARM-26,20,20,25,15,20,20,40
2026-2027,DPS-GSEB-ENG-UNI_UG_BCA_Y3-CSA-PATH-2026,DPS-GSEB-ENG-UNI_UG_BCA_Y3-CSA-PATH-26,20,20,25,15,20,20,40
2026-2027,DPS-GSEB-ENG-UNI_UG_BCA_Y3-CSA-COM_MED-2026,DPS-GSEB-ENG-UNI_UG_BCA_Y3-CSA-COM_MED-26,20,20,25,15,20,20,40
2026-2027,DPS-GSEB-ENG-UNI_UG_BCA_Y3-CSA-LAW_CON-2026,DPS-GSEB-ENG-UNI_UG_BCA_Y3-CSA-LAW_CON-26,20,20,25,15,20,20,40
2026-2027,DPS-GSEB-ENG-UNI_UG_BCA_Y3-CSA-LAW_IPC-2026,DPS-GSEB-ENG-UNI_UG_BCA_Y3-CSA-LAW_IPC-26,20,20,25,15,20,20,40
2026-2027,DPS-GSEB-ENG-UNI_UG_BCA_Y3-CSA-LAW_CONTR-2026,DPS-GSEB-ENG-UNI_UG_BCA_Y3-CSA-LAW_CONTR-26,20,20,25,15,20,20,40
2026-2027,DPS-GSEB-ENG-UNI_UG_BCA_Y3-CSA-JURIS-2026,DPS-GSEB-ENG-UNI_UG_BCA_Y3-CSA-JURIS-26,20,20,25,15,20,20,40
2026-2027,DPS-GSEB-ENG-UNI_UG_BCA_Y3-CSA-CORP_ACC-2026,DPS-GSEB-ENG-UNI_UG_BCA_Y3-CSA-CORP_ACC-26,20,20,25,15,20,20,40
2026-2027,DPS-GSEB-ENG-UNI_UG_BCA_Y3-CSA-FIN_MGT-2026,DPS-GSEB-ENG-UNI_UG_BCA_Y3-CSA-FIN_MGT-26,20,20,25,15,20,20,40
2026-2027,DPS-GSEB-ENG-UNI_UG_BCA_Y3-CSA-MKT_MGT-2026,DPS-GSEB-ENG-UNI_UG_BCA_Y3-CSA-MKT_MGT-26,20,20,25,15,20,20,40
2026-2027,DPS-GSEB-ENG-UNI_UG_BCA_Y3-CSA-OB-2026,DPS-GSEB-ENG-UNI_UG_BCA_Y3-CSA-OB-26,20,20,25,15,20,20,40
2026-2027,DPS-GSEB-ENG-UNI_UG_BCA_Y3-CSA-UI_UX-2026,DPS-GSEB-ENG-UNI_UG_BCA_Y3-CSA-UI_UX-26,20,20,25,15,20,20,40
2026-2027,DPS-GSEB-ENG-UNI_UG_BCA_Y3-CSA-TYPO-2026,DPS-GSEB-ENG-UNI_UG_BCA_Y3-CSA-TYPO-26,20,20,25,15,20,20,40
2026-2027,DPS-GSEB-ENG-UNI_UG_BCA_Y3-CSA-ARCH_DSN-2026,DPS-GSEB-ENG-UNI_UG_BCA_Y3-CSA-ARCH_DSN-26,20,20,25,15,20,20,40
2026-2027,DPS-GSEB-ENG-UNI_UG_BBA_Y1-MGT-DSA-2026,DPS-GSEB-ENG-UNI_UG_BBA_Y1-MGT-DSA-26,20,20,25,15,20,20,40
2026-2027,DPS-GSEB-ENG-UNI_UG_BBA_Y1-MGT-DBMS-2026,DPS-GSEB-ENG-UNI_UG_BBA_Y1-MGT-DBMS-26,20,20,25,15,20,20,40
2026-2027,DPS-GSEB-ENG-UNI_UG_BBA_Y1-MGT-OS-2026,DPS-GSEB-ENG-UNI_UG_BBA_Y1-MGT-OS-26,20,20,25,15,20,20,40
2026-2027,DPS-GSEB-ENG-UNI_UG_BBA_Y1-MGT-CN-2026,DPS-GSEB-ENG-UNI_UG_BBA_Y1-MGT-CN-26,20,20,25,15,20,20,40
2026-2027,DPS-GSEB-ENG-UNI_UG_BBA_Y1-MGT-AI_ML-2026,DPS-GSEB-ENG-UNI_UG_BBA_Y1-MGT-AI_ML-26,20,20,25,15,20,20,40
2026-2027,DPS-GSEB-ENG-UNI_UG_BBA_Y1-MGT-SWE-2026,DPS-GSEB-ENG-UNI_UG_BBA_Y1-MGT-SWE-26,20,20,25,15,20,20,40
2026-2027,DPS-GSEB-ENG-UNI_UG_BBA_Y1-MGT-THERMO-2026,DPS-GSEB-ENG-UNI_UG_BBA_Y1-MGT-THERMO-26,20,20,25,15,20,20,40
2026-2027,DPS-GSEB-ENG-UNI_UG_BBA_Y1-MGT-CIRCUITS-2026,DPS-GSEB-ENG-UNI_UG_BBA_Y1-MGT-CIRCUITS-26,20,20,25,15,20,20,40
2026-2027,DPS-GSEB-ENG-UNI_UG_BBA_Y1-MGT-ANAT-2026,DPS-GSEB-ENG-UNI_UG_BBA_Y1-MGT-ANAT-26,20,20,25,15,20,20,40
2026-2027,DPS-GSEB-ENG-UNI_UG_BBA_Y1-MGT-PHYS-2026,DPS-GSEB-ENG-UNI_UG_BBA_Y1-MGT-PHYS-26,20,20,25,15,20,20,40
2026-2027,DPS-GSEB-ENG-UNI_UG_BBA_Y1-MGT-PHARM-2026,DPS-GSEB-ENG-UNI_UG_BBA_Y1-MGT-PHARM-26,20,20,25,15,20,20,40
2026-2027,DPS-GSEB-ENG-UNI_UG_BBA_Y1-MGT-PATH-2026,DPS-GSEB-ENG-UNI_UG_BBA_Y1-MGT-PATH-26,20,20,25,15,20,20,40
2026-2027,DPS-GSEB-ENG-UNI_UG_BBA_Y1-MGT-COM_MED-2026,DPS-GSEB-ENG-UNI_UG_BBA_Y1-MGT-COM_MED-26,20,20,25,15,20,20,40
2026-2027,DPS-GSEB-ENG-UNI_UG_BBA_Y1-MGT-LAW_CON-2026,DPS-GSEB-ENG-UNI_UG_BBA_Y1-MGT-LAW_CON-26,20,20,25,15,20,20,40
2026-2027,DPS-GSEB-ENG-UNI_UG_BBA_Y1-MGT-LAW_IPC-2026,DPS-GSEB-ENG-UNI_UG_BBA_Y1-MGT-LAW_IPC-26,20,20,25,15,20,20,40
2026-2027,DPS-GSEB-ENG-UNI_UG_BBA_Y1-MGT-LAW_CONTR-2026,DPS-GSEB-ENG-UNI_UG_BBA_Y1-MGT-LAW_CONTR-26,20,20,25,15,20,20,40
2026-2027,DPS-GSEB-ENG-UNI_UG_BBA_Y1-MGT-JURIS-2026,DPS-GSEB-ENG-UNI_UG_BBA_Y1-MGT-JURIS-26,20,20,25,15,20,20,40
2026-2027,DPS-GSEB-ENG-UNI_UG_BBA_Y1-MGT-CORP_ACC-2026,DPS-GSEB-ENG-UNI_UG_BBA_Y1-MGT-CORP_ACC-26,20,20,25,15,20,20,40
2026-2027,DPS-GSEB-ENG-UNI_UG_BBA_Y1-MGT-FIN_MGT-2026,DPS-GSEB-ENG-UNI_UG_BBA_Y1-MGT-FIN_MGT-26,20,20,25,15,20,20,40
2026-2027,DPS-GSEB-ENG-UNI_UG_BBA_Y1-MGT-MKT_MGT-2026,DPS-GSEB-ENG-UNI_UG_BBA_Y1-MGT-MKT_MGT-26,20,20,25,15,20,20,40
2026-2027,DPS-GSEB-ENG-UNI_UG_BBA_Y1-MGT-OB-2026,DPS-GSEB-ENG-UNI_UG_BBA_Y1-MGT-OB-26,20,20,25,15,20,20,40
2026-2027,DPS-GSEB-ENG-UNI_UG_BBA_Y1-MGT-UI_UX-2026,DPS-GSEB-ENG-UNI_UG_BBA_Y1-MGT-UI_UX-26,20,20,25,15,20,20,40
2026-2027,DPS-GSEB-ENG-UNI_UG_BBA_Y1-MGT-TYPO-2026,DPS-GSEB-ENG-UNI_UG_BBA_Y1-MGT-TYPO-26,20,20,25,15,20,20,40
2026-2027,DPS-GSEB-ENG-UNI_UG_BBA_Y1-MGT-ARCH_DSN-2026,DPS-GSEB-ENG-UNI_UG_BBA_Y1-MGT-ARCH_DSN-26,20,20,25,15,20,20,40
2026-2027,DPS-GSEB-ENG-UNI_UG_BBA_Y2-MGT-DSA-2026,DPS-GSEB-ENG-UNI_UG_BBA_Y2-MGT-DSA-26,20,20,25,15,20,20,40
2026-2027,DPS-GSEB-ENG-UNI_UG_BBA_Y2-MGT-DBMS-2026,DPS-GSEB-ENG-UNI_UG_BBA_Y2-MGT-DBMS-26,20,20,25,15,20,20,40
2026-2027,DPS-GSEB-ENG-UNI_UG_BBA_Y2-MGT-OS-2026,DPS-GSEB-ENG-UNI_UG_BBA_Y2-MGT-OS-26,20,20,25,15,20,20,40
2026-2027,DPS-GSEB-ENG-UNI_UG_BBA_Y2-MGT-CN-2026,DPS-GSEB-ENG-UNI_UG_BBA_Y2-MGT-CN-26,20,20,25,15,20,20,40
2026-2027,DPS-GSEB-ENG-UNI_UG_BBA_Y2-MGT-AI_ML-2026,DPS-GSEB-ENG-UNI_UG_BBA_Y2-MGT-AI_ML-26,20,20,25,15,20,20,40
2026-2027,DPS-GSEB-ENG-UNI_UG_BBA_Y2-MGT-SWE-2026,DPS-GSEB-ENG-UNI_UG_BBA_Y2-MGT-SWE-26,20,20,25,15,20,20,40
2026-2027,DPS-GSEB-ENG-UNI_UG_BBA_Y2-MGT-THERMO-2026,DPS-GSEB-ENG-UNI_UG_BBA_Y2-MGT-THERMO-26,20,20,25,15,20,20,40
2026-2027,DPS-GSEB-ENG-UNI_UG_BBA_Y2-MGT-CIRCUITS-2026,DPS-GSEB-ENG-UNI_UG_BBA_Y2-MGT-CIRCUITS-26,20,20,25,15,20,20,40
2026-2027,DPS-GSEB-ENG-UNI_UG_BBA_Y2-MGT-ANAT-2026,DPS-GSEB-ENG-UNI_UG_BBA_Y2-MGT-ANAT-26,20,20,25,15,20,20,40
2026-2027,DPS-GSEB-ENG-UNI_UG_BBA_Y2-MGT-PHYS-2026,DPS-GSEB-ENG-UNI_UG_BBA_Y2-MGT-PHYS-26,20,20,25,15,20,20,40
2026-2027,DPS-GSEB-ENG-UNI_UG_BBA_Y2-MGT-PHARM-2026,DPS-GSEB-ENG-UNI_UG_BBA_Y2-MGT-PHARM-26,20,20,25,15,20,20,40
2026-2027,DPS-GSEB-ENG-UNI_UG_BBA_Y2-MGT-PATH-2026,DPS-GSEB-ENG-UNI_UG_BBA_Y2-MGT-PATH-26,20,20,25,15,20,20,40
2026-2027,DPS-GSEB-ENG-UNI_UG_BBA_Y2-MGT-COM_MED-2026,DPS-GSEB-ENG-UNI_UG_BBA_Y2-MGT-COM_MED-26,20,20,25,15,20,20,40
2026-2027,DPS-GSEB-ENG-UNI_UG_BBA_Y2-MGT-LAW_CON-2026,DPS-GSEB-ENG-UNI_UG_BBA_Y2-MGT-LAW_CON-26,20,20,25,15,20,20,40
2026-2027,DPS-GSEB-ENG-UNI_UG_BBA_Y2-MGT-LAW_IPC-2026,DPS-GSEB-ENG-UNI_UG_BBA_Y2-MGT-LAW_IPC-26,20,20,25,15,20,20,40
2026-2027,DPS-GSEB-ENG-UNI_UG_BBA_Y2-MGT-LAW_CONTR-2026,DPS-GSEB-ENG-UNI_UG_BBA_Y2-MGT-LAW_CONTR-26,20,20,25,15,20,20,40
2026-2027,DPS-GSEB-ENG-UNI_UG_BBA_Y2-MGT-JURIS-2026,DPS-GSEB-ENG-UNI_UG_BBA_Y2-MGT-JURIS-26,20,20,25,15,20,20,40
2026-2027,DPS-GSEB-ENG-UNI_UG_BBA_Y2-MGT-CORP_ACC-2026,DPS-GSEB-ENG-UNI_UG_BBA_Y2-MGT-CORP_ACC-26,20,20,25,15,20,20,40
2026-2027,DPS-GSEB-ENG-UNI_UG_BBA_Y2-MGT-FIN_MGT-2026,DPS-GSEB-ENG-UNI_UG_BBA_Y2-MGT-FIN_MGT-26,20,20,25,15,20,20,40
2026-2027,DPS-GSEB-ENG-UNI_UG_BBA_Y2-MGT-MKT_MGT-2026,DPS-GSEB-ENG-UNI_UG_BBA_Y2-MGT-MKT_MGT-26,20,20,25,15,20,20,40
2026-2027,DPS-GSEB-ENG-UNI_UG_BBA_Y2-MGT-OB-2026,DPS-GSEB-ENG-UNI_UG_BBA_Y2-MGT-OB-26,20,20,25,15,20,20,40
2026-2027,DPS-GSEB-ENG-UNI_UG_BBA_Y2-MGT-UI_UX-2026,DPS-GSEB-ENG-UNI_UG_BBA_Y2-MGT-UI_UX-26,20,20,25,15,20,20,40
2026-2027,DPS-GSEB-ENG-UNI_UG_BBA_Y2-MGT-TYPO-2026,DPS-GSEB-ENG-UNI_UG_BBA_Y2-MGT-TYPO-26,20,20,25,15,20,20,40
2026-2027,DPS-GSEB-ENG-UNI_UG_BBA_Y2-MGT-ARCH_DSN-2026,DPS-GSEB-ENG-UNI_UG_BBA_Y2-MGT-ARCH_DSN-26,20,20,25,15,20,20,40
2026-2027,DPS-GSEB-ENG-UNI_UG_BBA_Y3-MGT-DSA-2026,DPS-GSEB-ENG-UNI_UG_BBA_Y3-MGT-DSA-26,20,20,25,15,20,20,40
2026-2027,DPS-GSEB-ENG-UNI_UG_BBA_Y3-MGT-DBMS-2026,DPS-GSEB-ENG-UNI_UG_BBA_Y3-MGT-DBMS-26,20,20,25,15,20,20,40
2026-2027,DPS-GSEB-ENG-UNI_UG_BBA_Y3-MGT-OS-2026,DPS-GSEB-ENG-UNI_UG_BBA_Y3-MGT-OS-26,20,20,25,15,20,20,40
2026-2027,DPS-GSEB-ENG-UNI_UG_BBA_Y3-MGT-CN-2026,DPS-GSEB-ENG-UNI_UG_BBA_Y3-MGT-CN-26,20,20,25,15,20,20,40
2026-2027,DPS-GSEB-ENG-UNI_UG_BBA_Y3-MGT-AI_ML-2026,DPS-GSEB-ENG-UNI_UG_BBA_Y3-MGT-AI_ML-26,20,20,25,15,20,20,40
2026-2027,DPS-GSEB-ENG-UNI_UG_BBA_Y3-MGT-SWE-2026,DPS-GSEB-ENG-UNI_UG_BBA_Y3-MGT-SWE-26,20,20,25,15,20,20,40
2026-2027,DPS-GSEB-ENG-UNI_UG_BBA_Y3-MGT-THERMO-2026,DPS-GSEB-ENG-UNI_UG_BBA_Y3-MGT-THERMO-26,20,20,25,15,20,20,40
2026-2027,DPS-GSEB-ENG-UNI_UG_BBA_Y3-MGT-CIRCUITS-2026,DPS-GSEB-ENG-UNI_UG_BBA_Y3-MGT-CIRCUITS-26,20,20,25,15,20,20,40
2026-2027,DPS-GSEB-ENG-UNI_UG_BBA_Y3-MGT-ANAT-2026,DPS-GSEB-ENG-UNI_UG_BBA_Y3-MGT-ANAT-26,20,20,25,15,20,20,40
2026-2027,DPS-GSEB-ENG-UNI_UG_BBA_Y3-MGT-PHYS-2026,DPS-GSEB-ENG-UNI_UG_BBA_Y3-MGT-PHYS-26,20,20,25,15,20,20,40
2026-2027,DPS-GSEB-ENG-UNI_UG_BBA_Y3-MGT-PHARM-2026,DPS-GSEB-ENG-UNI_UG_BBA_Y3-MGT-PHARM-26,20,20,25,15,20,20,40
2026-2027,DPS-GSEB-ENG-UNI_UG_BBA_Y3-MGT-PATH-2026,DPS-GSEB-ENG-UNI_UG_BBA_Y3-MGT-PATH-26,20,20,25,15,20,20,40
2026-2027,DPS-GSEB-ENG-UNI_UG_BBA_Y3-MGT-COM_MED-2026,DPS-GSEB-ENG-UNI_UG_BBA_Y3-MGT-COM_MED-26,20,20,25,15,20,20,40
2026-2027,DPS-GSEB-ENG-UNI_UG_BBA_Y3-MGT-LAW_CON-2026,DPS-GSEB-ENG-UNI_UG_BBA_Y3-MGT-LAW_CON-26,20,20,25,15,20,20,40
2026-2027,DPS-GSEB-ENG-UNI_UG_BBA_Y3-MGT-LAW_IPC-2026,DPS-GSEB-ENG-UNI_UG_BBA_Y3-MGT-LAW_IPC-26,20,20,25,15,20,20,40
2026-2027,DPS-GSEB-ENG-UNI_UG_BBA_Y3-MGT-LAW_CONTR-2026,DPS-GSEB-ENG-UNI_UG_BBA_Y3-MGT-LAW_CONTR-26,20,20,25,15,20,20,40
2026-2027,DPS-GSEB-ENG-UNI_UG_BBA_Y3-MGT-JURIS-2026,DPS-GSEB-ENG-UNI_UG_BBA_Y3-MGT-JURIS-26,20,20,25,15,20,20,40
2026-2027,DPS-GSEB-ENG-UNI_UG_BBA_Y3-MGT-CORP_ACC-2026,DPS-GSEB-ENG-UNI_UG_BBA_Y3-MGT-CORP_ACC-26,20,20,25,15,20,20,40
2026-2027,DPS-GSEB-ENG-UNI_UG_BBA_Y3-MGT-FIN_MGT-2026,DPS-GSEB-ENG-UNI_UG_BBA_Y3-MGT-FIN_MGT-26,20,20,25,15,20,20,40
2026-2027,DPS-GSEB-ENG-UNI_UG_BBA_Y3-MGT-MKT_MGT-2026,DPS-GSEB-ENG-UNI_UG_BBA_Y3-MGT-MKT_MGT-26,20,20,25,15,20,20,40
2026-2027,DPS-GSEB-ENG-UNI_UG_BBA_Y3-MGT-OB-2026,DPS-GSEB-ENG-UNI_UG_BBA_Y3-MGT-OB-26,20,20,25,15,20,20,40
2026-2027,DPS-GSEB-ENG-UNI_UG_BBA_Y3-MGT-UI_UX-2026,DPS-GSEB-ENG-UNI_UG_BBA_Y3-MGT-UI_UX-26,20,20,25,15,20,20,40
2026-2027,DPS-GSEB-ENG-UNI_UG_BBA_Y3-MGT-TYPO-2026,DPS-GSEB-ENG-UNI_UG_BBA_Y3-MGT-TYPO-26,20,20,25,15,20,20,40
2026-2027,DPS-GSEB-ENG-UNI_UG_BBA_Y3-MGT-ARCH_DSN-2026,DPS-GSEB-ENG-UNI_UG_BBA_Y3-MGT-ARCH_DSN-26,20,20,25,15,20,20,40
2026-2027,DPS-GSEB-ENG-UNI_UG_BARCH_Y1-ARC-DSA-2026,DPS-GSEB-ENG-UNI_UG_BARCH_Y1-ARC-DSA-26,20,20,25,15,20,20,40
2026-2027,DPS-GSEB-ENG-UNI_UG_BARCH_Y1-ARC-DBMS-2026,DPS-GSEB-ENG-UNI_UG_BARCH_Y1-ARC-DBMS-26,20,20,25,15,20,20,40
2026-2027,DPS-GSEB-ENG-UNI_UG_BARCH_Y1-ARC-OS-2026,DPS-GSEB-ENG-UNI_UG_BARCH_Y1-ARC-OS-26,20,20,25,15,20,20,40
2026-2027,DPS-GSEB-ENG-UNI_UG_BARCH_Y1-ARC-CN-2026,DPS-GSEB-ENG-UNI_UG_BARCH_Y1-ARC-CN-26,20,20,25,15,20,20,40
2026-2027,DPS-GSEB-ENG-UNI_UG_BARCH_Y1-ARC-AI_ML-2026,DPS-GSEB-ENG-UNI_UG_BARCH_Y1-ARC-AI_ML-26,20,20,25,15,20,20,40
2026-2027,DPS-GSEB-ENG-UNI_UG_BARCH_Y1-ARC-SWE-2026,DPS-GSEB-ENG-UNI_UG_BARCH_Y1-ARC-SWE-26,20,20,25,15,20,20,40
2026-2027,DPS-GSEB-ENG-UNI_UG_BARCH_Y1-ARC-THERMO-2026,DPS-GSEB-ENG-UNI_UG_BARCH_Y1-ARC-THERMO-26,20,20,25,15,20,20,40
2026-2027,DPS-GSEB-ENG-UNI_UG_BARCH_Y1-ARC-CIRCUITS-2026,DPS-GSEB-ENG-UNI_UG_BARCH_Y1-ARC-CIRCUITS-26,20,20,25,15,20,20,40
2026-2027,DPS-GSEB-ENG-UNI_UG_BARCH_Y1-ARC-ANAT-2026,DPS-GSEB-ENG-UNI_UG_BARCH_Y1-ARC-ANAT-26,20,20,25,15,20,20,40
2026-2027,DPS-GSEB-ENG-UNI_UG_BARCH_Y1-ARC-PHYS-2026,DPS-GSEB-ENG-UNI_UG_BARCH_Y1-ARC-PHYS-26,20,20,25,15,20,20,40
2026-2027,DPS-GSEB-ENG-UNI_UG_BARCH_Y1-ARC-PHARM-2026,DPS-GSEB-ENG-UNI_UG_BARCH_Y1-ARC-PHARM-26,20,20,25,15,20,20,40
2026-2027,DPS-GSEB-ENG-UNI_UG_BARCH_Y1-ARC-PATH-2026,DPS-GSEB-ENG-UNI_UG_BARCH_Y1-ARC-PATH-26,20,20,25,15,20,20,40
2026-2027,DPS-GSEB-ENG-UNI_UG_BARCH_Y1-ARC-COM_MED-2026,DPS-GSEB-ENG-UNI_UG_BARCH_Y1-ARC-COM_MED-26,20,20,25,15,20,20,40
2026-2027,DPS-GSEB-ENG-UNI_UG_BARCH_Y1-ARC-LAW_CON-2026,DPS-GSEB-ENG-UNI_UG_BARCH_Y1-ARC-LAW_CON-26,20,20,25,15,20,20,40
2026-2027,DPS-GSEB-ENG-UNI_UG_BARCH_Y1-ARC-LAW_IPC-2026,DPS-GSEB-ENG-UNI_UG_BARCH_Y1-ARC-LAW_IPC-26,20,20,25,15,20,20,40
2026-2027,DPS-GSEB-ENG-UNI_UG_BARCH_Y1-ARC-LAW_CONTR-2026,DPS-GSEB-ENG-UNI_UG_BARCH_Y1-ARC-LAW_CONTR-26,20,20,25,15,20,20,40
2026-2027,DPS-GSEB-ENG-UNI_UG_BARCH_Y1-ARC-JURIS-2026,DPS-GSEB-ENG-UNI_UG_BARCH_Y1-ARC-JURIS-26,20,20,25,15,20,20,40
2026-2027,DPS-GSEB-ENG-UNI_UG_BARCH_Y1-ARC-CORP_ACC-2026,DPS-GSEB-ENG-UNI_UG_BARCH_Y1-ARC-CORP_ACC-26,20,20,25,15,20,20,40
2026-2027,DPS-GSEB-ENG-UNI_UG_BARCH_Y1-ARC-FIN_MGT-2026,DPS-GSEB-ENG-UNI_UG_BARCH_Y1-ARC-FIN_MGT-26,20,20,25,15,20,20,40
2026-2027,DPS-GSEB-ENG-UNI_UG_BARCH_Y1-ARC-MKT_MGT-2026,DPS-GSEB-ENG-UNI_UG_BARCH_Y1-ARC-MKT_MGT-26,20,20,25,15,20,20,40
2026-2027,DPS-GSEB-ENG-UNI_UG_BARCH_Y1-ARC-OB-2026,DPS-GSEB-ENG-UNI_UG_BARCH_Y1-ARC-OB-26,20,20,25,15,20,20,40
2026-2027,DPS-GSEB-ENG-UNI_UG_BARCH_Y1-ARC-UI_UX-2026,DPS-GSEB-ENG-UNI_UG_BARCH_Y1-ARC-UI_UX-26,20,20,25,15,20,20,40
2026-2027,DPS-GSEB-ENG-UNI_UG_BARCH_Y1-ARC-TYPO-2026,DPS-GSEB-ENG-UNI_UG_BARCH_Y1-ARC-TYPO-26,20,20,25,15,20,20,40
2026-2027,DPS-GSEB-ENG-UNI_UG_BARCH_Y1-ARC-ARCH_DSN-2026,DPS-GSEB-ENG-UNI_UG_BARCH_Y1-ARC-ARCH_DSN-26,20,20,25,15,20,20,40
2026-2027,DPS-GSEB-ENG-UNI_UG_BARCH_Y5-ARC-DSA-2026,DPS-GSEB-ENG-UNI_UG_BARCH_Y5-ARC-DSA-26,20,20,25,15,20,20,40
2026-2027,DPS-GSEB-ENG-UNI_UG_BARCH_Y5-ARC-DBMS-2026,DPS-GSEB-ENG-UNI_UG_BARCH_Y5-ARC-DBMS-26,20,20,25,15,20,20,40
2026-2027,DPS-GSEB-ENG-UNI_UG_BARCH_Y5-ARC-OS-2026,DPS-GSEB-ENG-UNI_UG_BARCH_Y5-ARC-OS-26,20,20,25,15,20,20,40
2026-2027,DPS-GSEB-ENG-UNI_UG_BARCH_Y5-ARC-CN-2026,DPS-GSEB-ENG-UNI_UG_BARCH_Y5-ARC-CN-26,20,20,25,15,20,20,40
2026-2027,DPS-GSEB-ENG-UNI_UG_BARCH_Y5-ARC-AI_ML-2026,DPS-GSEB-ENG-UNI_UG_BARCH_Y5-ARC-AI_ML-26,20,20,25,15,20,20,40
2026-2027,DPS-GSEB-ENG-UNI_UG_BARCH_Y5-ARC-SWE-2026,DPS-GSEB-ENG-UNI_UG_BARCH_Y5-ARC-SWE-26,20,20,25,15,20,20,40
2026-2027,DPS-GSEB-ENG-UNI_UG_BARCH_Y5-ARC-THERMO-2026,DPS-GSEB-ENG-UNI_UG_BARCH_Y5-ARC-THERMO-26,20,20,25,15,20,20,40
2026-2027,DPS-GSEB-ENG-UNI_UG_BARCH_Y5-ARC-CIRCUITS-2026,DPS-GSEB-ENG-UNI_UG_BARCH_Y5-ARC-CIRCUITS-26,20,20,25,15,20,20,40
2026-2027,DPS-GSEB-ENG-UNI_UG_BARCH_Y5-ARC-ANAT-2026,DPS-GSEB-ENG-UNI_UG_BARCH_Y5-ARC-ANAT-26,20,20,25,15,20,20,40
2026-2027,DPS-GSEB-ENG-UNI_UG_BARCH_Y5-ARC-PHYS-2026,DPS-GSEB-ENG-UNI_UG_BARCH_Y5-ARC-PHYS-26,20,20,25,15,20,20,40
2026-2027,DPS-GSEB-ENG-UNI_UG_BARCH_Y5-ARC-PHARM-2026,DPS-GSEB-ENG-UNI_UG_BARCH_Y5-ARC-PHARM-26,20,20,25,15,20,20,40
2026-2027,DPS-GSEB-ENG-UNI_UG_BARCH_Y5-ARC-PATH-2026,DPS-GSEB-ENG-UNI_UG_BARCH_Y5-ARC-PATH-26,20,20,25,15,20,20,40
2026-2027,DPS-GSEB-ENG-UNI_UG_BARCH_Y5-ARC-COM_MED-2026,DPS-GSEB-ENG-UNI_UG_BARCH_Y5-ARC-COM_MED-26,20,20,25,15,20,20,40
2026-2027,DPS-GSEB-ENG-UNI_UG_BARCH_Y5-ARC-LAW_CON-2026,DPS-GSEB-ENG-UNI_UG_BARCH_Y5-ARC-LAW_CON-26,20,20,25,15,20,20,40
2026-2027,DPS-GSEB-ENG-UNI_UG_BARCH_Y5-ARC-LAW_IPC-2026,DPS-GSEB-ENG-UNI_UG_BARCH_Y5-ARC-LAW_IPC-26,20,20,25,15,20,20,40
2026-2027,DPS-GSEB-ENG-UNI_UG_BARCH_Y5-ARC-LAW_CONTR-2026,DPS-GSEB-ENG-UNI_UG_BARCH_Y5-ARC-LAW_CONTR-26,20,20,25,15,20,20,40
2026-2027,DPS-GSEB-ENG-UNI_UG_BARCH_Y5-ARC-JURIS-2026,DPS-GSEB-ENG-UNI_UG_BARCH_Y5-ARC-JURIS-26,20,20,25,15,20,20,40
2026-2027,DPS-GSEB-ENG-UNI_UG_BARCH_Y5-ARC-CORP_ACC-2026,DPS-GSEB-ENG-UNI_UG_BARCH_Y5-ARC-CORP_ACC-26,20,20,25,15,20,20,40
2026-2027,DPS-GSEB-ENG-UNI_UG_BARCH_Y5-ARC-FIN_MGT-2026,DPS-GSEB-ENG-UNI_UG_BARCH_Y5-ARC-FIN_MGT-26,20,20,25,15,20,20,40
2026-2027,DPS-GSEB-ENG-UNI_UG_BARCH_Y5-ARC-MKT_MGT-2026,DPS-GSEB-ENG-UNI_UG_BARCH_Y5-ARC-MKT_MGT-26,20,20,25,15,20,20,40
2026-2027,DPS-GSEB-ENG-UNI_UG_BARCH_Y5-ARC-OB-2026,DPS-GSEB-ENG-UNI_UG_BARCH_Y5-ARC-OB-26,20,20,25,15,20,20,40
2026-2027,DPS-GSEB-ENG-UNI_UG_BARCH_Y5-ARC-UI_UX-2026,DPS-GSEB-ENG-UNI_UG_BARCH_Y5-ARC-UI_UX-26,20,20,25,15,20,20,40
2026-2027,DPS-GSEB-ENG-UNI_UG_BARCH_Y5-ARC-TYPO-2026,DPS-GSEB-ENG-UNI_UG_BARCH_Y5-ARC-TYPO-26,20,20,25,15,20,20,40
2026-2027,DPS-GSEB-ENG-UNI_UG_BARCH_Y5-ARC-ARCH_DSN-2026,DPS-GSEB-ENG-UNI_UG_BARCH_Y5-ARC-ARCH_DSN-26,20,20,25,15,20,20,40
2026-2027,DPS-GSEB-ENG-UNI_UG_BPT_Y1-AHS-DSA-2026,DPS-GSEB-ENG-UNI_UG_BPT_Y1-AHS-DSA-26,20,20,25,15,20,20,40
2026-2027,DPS-GSEB-ENG-UNI_UG_BPT_Y1-AHS-DBMS-2026,DPS-GSEB-ENG-UNI_UG_BPT_Y1-AHS-DBMS-26,20,20,25,15,20,20,40
2026-2027,DPS-GSEB-ENG-UNI_UG_BPT_Y1-AHS-OS-2026,DPS-GSEB-ENG-UNI_UG_BPT_Y1-AHS-OS-26,20,20,25,15,20,20,40
2026-2027,DPS-GSEB-ENG-UNI_UG_BPT_Y1-AHS-CN-2026,DPS-GSEB-ENG-UNI_UG_BPT_Y1-AHS-CN-26,20,20,25,15,20,20,40
2026-2027,DPS-GSEB-ENG-UNI_UG_BPT_Y1-AHS-AI_ML-2026,DPS-GSEB-ENG-UNI_UG_BPT_Y1-AHS-AI_ML-26,20,20,25,15,20,20,40
2026-2027,DPS-GSEB-ENG-UNI_UG_BPT_Y1-AHS-SWE-2026,DPS-GSEB-ENG-UNI_UG_BPT_Y1-AHS-SWE-26,20,20,25,15,20,20,40
2026-2027,DPS-GSEB-ENG-UNI_UG_BPT_Y1-AHS-THERMO-2026,DPS-GSEB-ENG-UNI_UG_BPT_Y1-AHS-THERMO-26,20,20,25,15,20,20,40
2026-2027,DPS-GSEB-ENG-UNI_UG_BPT_Y1-AHS-CIRCUITS-2026,DPS-GSEB-ENG-UNI_UG_BPT_Y1-AHS-CIRCUITS-26,20,20,25,15,20,20,40
2026-2027,DPS-GSEB-ENG-UNI_UG_BPT_Y1-AHS-ANAT-2026,DPS-GSEB-ENG-UNI_UG_BPT_Y1-AHS-ANAT-26,20,20,25,15,20,20,40
2026-2027,DPS-GSEB-ENG-UNI_UG_BPT_Y1-AHS-PHYS-2026,DPS-GSEB-ENG-UNI_UG_BPT_Y1-AHS-PHYS-26,20,20,25,15,20,20,40
2026-2027,DPS-GSEB-ENG-UNI_UG_BPT_Y1-AHS-PHARM-2026,DPS-GSEB-ENG-UNI_UG_BPT_Y1-AHS-PHARM-26,20,20,25,15,20,20,40
2026-2027,DPS-GSEB-ENG-UNI_UG_BPT_Y1-AHS-PATH-2026,DPS-GSEB-ENG-UNI_UG_BPT_Y1-AHS-PATH-26,20,20,25,15,20,20,40
2026-2027,DPS-GSEB-ENG-UNI_UG_BPT_Y1-AHS-COM_MED-2026,DPS-GSEB-ENG-UNI_UG_BPT_Y1-AHS-COM_MED-26,20,20,25,15,20,20,40
2026-2027,DPS-GSEB-ENG-UNI_UG_BPT_Y1-AHS-LAW_CON-2026,DPS-GSEB-ENG-UNI_UG_BPT_Y1-AHS-LAW_CON-26,20,20,25,15,20,20,40
2026-2027,DPS-GSEB-ENG-UNI_UG_BPT_Y1-AHS-LAW_IPC-2026,DPS-GSEB-ENG-UNI_UG_BPT_Y1-AHS-LAW_IPC-26,20,20,25,15,20,20,40
2026-2027,DPS-GSEB-ENG-UNI_UG_BPT_Y1-AHS-LAW_CONTR-2026,DPS-GSEB-ENG-UNI_UG_BPT_Y1-AHS-LAW_CONTR-26,20,20,25,15,20,20,40
2026-2027,DPS-GSEB-ENG-UNI_UG_BPT_Y1-AHS-JURIS-2026,DPS-GSEB-ENG-UNI_UG_BPT_Y1-AHS-JURIS-26,20,20,25,15,20,20,40
2026-2027,DPS-GSEB-ENG-UNI_UG_BPT_Y1-AHS-CORP_ACC-2026,DPS-GSEB-ENG-UNI_UG_BPT_Y1-AHS-CORP_ACC-26,20,20,25,15,20,20,40
2026-2027,DPS-GSEB-ENG-UNI_UG_BPT_Y1-AHS-FIN_MGT-2026,DPS-GSEB-ENG-UNI_UG_BPT_Y1-AHS-FIN_MGT-26,20,20,25,15,20,20,40
2026-2027,DPS-GSEB-ENG-UNI_UG_BPT_Y1-AHS-MKT_MGT-2026,DPS-GSEB-ENG-UNI_UG_BPT_Y1-AHS-MKT_MGT-26,20,20,25,15,20,20,40
2026-2027,DPS-GSEB-ENG-UNI_UG_BPT_Y1-AHS-OB-2026,DPS-GSEB-ENG-UNI_UG_BPT_Y1-AHS-OB-26,20,20,25,15,20,20,40
2026-2027,DPS-GSEB-ENG-UNI_UG_BPT_Y1-AHS-UI_UX-2026,DPS-GSEB-ENG-UNI_UG_BPT_Y1-AHS-UI_UX-26,20,20,25,15,20,20,40
2026-2027,DPS-GSEB-ENG-UNI_UG_BPT_Y1-AHS-TYPO-2026,DPS-GSEB-ENG-UNI_UG_BPT_Y1-AHS-TYPO-26,20,20,25,15,20,20,40
2026-2027,DPS-GSEB-ENG-UNI_UG_BPT_Y1-AHS-ARCH_DSN-2026,DPS-GSEB-ENG-UNI_UG_BPT_Y1-AHS-ARCH_DSN-26,20,20,25,15,20,20,40
2026-2027,DPS-GSEB-ENG-UNI_UG_BPT_Y4-AHS-DSA-2026,DPS-GSEB-ENG-UNI_UG_BPT_Y4-AHS-DSA-26,20,20,25,15,20,20,40
2026-2027,DPS-GSEB-ENG-UNI_UG_BPT_Y4-AHS-DBMS-2026,DPS-GSEB-ENG-UNI_UG_BPT_Y4-AHS-DBMS-26,20,20,25,15,20,20,40
2026-2027,DPS-GSEB-ENG-UNI_UG_BPT_Y4-AHS-OS-2026,DPS-GSEB-ENG-UNI_UG_BPT_Y4-AHS-OS-26,20,20,25,15,20,20,40
2026-2027,DPS-GSEB-ENG-UNI_UG_BPT_Y4-AHS-CN-2026,DPS-GSEB-ENG-UNI_UG_BPT_Y4-AHS-CN-26,20,20,25,15,20,20,40
2026-2027,DPS-GSEB-ENG-UNI_UG_BPT_Y4-AHS-AI_ML-2026,DPS-GSEB-ENG-UNI_UG_BPT_Y4-AHS-AI_ML-26,20,20,25,15,20,20,40
2026-2027,DPS-GSEB-ENG-UNI_UG_BPT_Y4-AHS-SWE-2026,DPS-GSEB-ENG-UNI_UG_BPT_Y4-AHS-SWE-26,20,20,25,15,20,20,40
2026-2027,DPS-GSEB-ENG-UNI_UG_BPT_Y4-AHS-THERMO-2026,DPS-GSEB-ENG-UNI_UG_BPT_Y4-AHS-THERMO-26,20,20,25,15,20,20,40
2026-2027,DPS-GSEB-ENG-UNI_UG_BPT_Y4-AHS-CIRCUITS-2026,DPS-GSEB-ENG-UNI_UG_BPT_Y4-AHS-CIRCUITS-26,20,20,25,15,20,20,40
2026-2027,DPS-GSEB-ENG-UNI_UG_BPT_Y4-AHS-ANAT-2026,DPS-GSEB-ENG-UNI_UG_BPT_Y4-AHS-ANAT-26,20,20,25,15,20,20,40
2026-2027,DPS-GSEB-ENG-UNI_UG_BPT_Y4-AHS-PHYS-2026,DPS-GSEB-ENG-UNI_UG_BPT_Y4-AHS-PHYS-26,20,20,25,15,20,20,40
2026-2027,DPS-GSEB-ENG-UNI_UG_BPT_Y4-AHS-PHARM-2026,DPS-GSEB-ENG-UNI_UG_BPT_Y4-AHS-PHARM-26,20,20,25,15,20,20,40
2026-2027,DPS-GSEB-ENG-UNI_UG_BPT_Y4-AHS-PATH-2026,DPS-GSEB-ENG-UNI_UG_BPT_Y4-AHS-PATH-26,20,20,25,15,20,20,40
2026-2027,DPS-GSEB-ENG-UNI_UG_BPT_Y4-AHS-COM_MED-2026,DPS-GSEB-ENG-UNI_UG_BPT_Y4-AHS-COM_MED-26,20,20,25,15,20,20,40
2026-2027,DPS-GSEB-ENG-UNI_UG_BPT_Y4-AHS-LAW_CON-2026,DPS-GSEB-ENG-UNI_UG_BPT_Y4-AHS-LAW_CON-26,20,20,25,15,20,20,40
2026-2027,DPS-GSEB-ENG-UNI_UG_BPT_Y4-AHS-LAW_IPC-2026,DPS-GSEB-ENG-UNI_UG_BPT_Y4-AHS-LAW_IPC-26,20,20,25,15,20,20,40
2026-2027,DPS-GSEB-ENG-UNI_UG_BPT_Y4-AHS-LAW_CONTR-2026,DPS-GSEB-ENG-UNI_UG_BPT_Y4-AHS-LAW_CONTR-26,20,20,25,15,20,20,40
2026-2027,DPS-GSEB-ENG-UNI_UG_BPT_Y4-AHS-JURIS-2026,DPS-GSEB-ENG-UNI_UG_BPT_Y4-AHS-JURIS-26,20,20,25,15,20,20,40
2026-2027,DPS-GSEB-ENG-UNI_UG_BPT_Y4-AHS-CORP_ACC-2026,DPS-GSEB-ENG-UNI_UG_BPT_Y4-AHS-CORP_ACC-26,20,20,25,15,20,20,40
2026-2027,DPS-GSEB-ENG-UNI_UG_BPT_Y4-AHS-FIN_MGT-2026,DPS-GSEB-ENG-UNI_UG_BPT_Y4-AHS-FIN_MGT-26,20,20,25,15,20,20,40
2026-2027,DPS-GSEB-ENG-UNI_UG_BPT_Y4-AHS-MKT_MGT-2026,DPS-GSEB-ENG-UNI_UG_BPT_Y4-AHS-MKT_MGT-26,20,20,25,15,20,20,40
2026-2027,DPS-GSEB-ENG-UNI_UG_BPT_Y4-AHS-OB-2026,DPS-GSEB-ENG-UNI_UG_BPT_Y4-AHS-OB-26,20,20,25,15,20,20,40
2026-2027,DPS-GSEB-ENG-UNI_UG_BPT_Y4-AHS-UI_UX-2026,DPS-GSEB-ENG-UNI_UG_BPT_Y4-AHS-UI_UX-26,20,20,25,15,20,20,40
2026-2027,DPS-GSEB-ENG-UNI_UG_BPT_Y4-AHS-TYPO-2026,DPS-GSEB-ENG-UNI_UG_BPT_Y4-AHS-TYPO-26,20,20,25,15,20,20,40
2026-2027,DPS-GSEB-ENG-UNI_UG_BPT_Y4-AHS-ARCH_DSN-2026,DPS-GSEB-ENG-UNI_UG_BPT_Y4-AHS-ARCH_DSN-26,20,20,25,15,20,20,40
2026-2027,DPS-GSEB-ENG-UNI_UG_BSW_Y1-ART-DSA-2026,DPS-GSEB-ENG-UNI_UG_BSW_Y1-ART-DSA-26,20,20,25,15,20,20,40
2026-2027,DPS-GSEB-ENG-UNI_UG_BSW_Y1-ART-DBMS-2026,DPS-GSEB-ENG-UNI_UG_BSW_Y1-ART-DBMS-26,20,20,25,15,20,20,40
2026-2027,DPS-GSEB-ENG-UNI_UG_BSW_Y1-ART-OS-2026,DPS-GSEB-ENG-UNI_UG_BSW_Y1-ART-OS-26,20,20,25,15,20,20,40
2026-2027,DPS-GSEB-ENG-UNI_UG_BSW_Y1-ART-CN-2026,DPS-GSEB-ENG-UNI_UG_BSW_Y1-ART-CN-26,20,20,25,15,20,20,40
2026-2027,DPS-GSEB-ENG-UNI_UG_BSW_Y1-ART-AI_ML-2026,DPS-GSEB-ENG-UNI_UG_BSW_Y1-ART-AI_ML-26,20,20,25,15,20,20,40
2026-2027,DPS-GSEB-ENG-UNI_UG_BSW_Y1-ART-SWE-2026,DPS-GSEB-ENG-UNI_UG_BSW_Y1-ART-SWE-26,20,20,25,15,20,20,40
2026-2027,DPS-GSEB-ENG-UNI_UG_BSW_Y1-ART-THERMO-2026,DPS-GSEB-ENG-UNI_UG_BSW_Y1-ART-THERMO-26,20,20,25,15,20,20,40
2026-2027,DPS-GSEB-ENG-UNI_UG_BSW_Y1-ART-CIRCUITS-2026,DPS-GSEB-ENG-UNI_UG_BSW_Y1-ART-CIRCUITS-26,20,20,25,15,20,20,40
2026-2027,DPS-GSEB-ENG-UNI_UG_BSW_Y1-ART-ANAT-2026,DPS-GSEB-ENG-UNI_UG_BSW_Y1-ART-ANAT-26,20,20,25,15,20,20,40
2026-2027,DPS-GSEB-ENG-UNI_UG_BSW_Y1-ART-PHYS-2026,DPS-GSEB-ENG-UNI_UG_BSW_Y1-ART-PHYS-26,20,20,25,15,20,20,40
2026-2027,DPS-GSEB-ENG-UNI_UG_BSW_Y1-ART-PHARM-2026,DPS-GSEB-ENG-UNI_UG_BSW_Y1-ART-PHARM-26,20,20,25,15,20,20,40
2026-2027,DPS-GSEB-ENG-UNI_UG_BSW_Y1-ART-PATH-2026,DPS-GSEB-ENG-UNI_UG_BSW_Y1-ART-PATH-26,20,20,25,15,20,20,40
2026-2027,DPS-GSEB-ENG-UNI_UG_BSW_Y1-ART-COM_MED-2026,DPS-GSEB-ENG-UNI_UG_BSW_Y1-ART-COM_MED-26,20,20,25,15,20,20,40
2026-2027,DPS-GSEB-ENG-UNI_UG_BSW_Y1-ART-LAW_CON-2026,DPS-GSEB-ENG-UNI_UG_BSW_Y1-ART-LAW_CON-26,20,20,25,15,20,20,40
2026-2027,DPS-GSEB-ENG-UNI_UG_BSW_Y1-ART-LAW_IPC-2026,DPS-GSEB-ENG-UNI_UG_BSW_Y1-ART-LAW_IPC-26,20,20,25,15,20,20,40
2026-2027,DPS-GSEB-ENG-UNI_UG_BSW_Y1-ART-LAW_CONTR-2026,DPS-GSEB-ENG-UNI_UG_BSW_Y1-ART-LAW_CONTR-26,20,20,25,15,20,20,40
2026-2027,DPS-GSEB-ENG-UNI_UG_BSW_Y1-ART-JURIS-2026,DPS-GSEB-ENG-UNI_UG_BSW_Y1-ART-JURIS-26,20,20,25,15,20,20,40
2026-2027,DPS-GSEB-ENG-UNI_UG_BSW_Y1-ART-CORP_ACC-2026,DPS-GSEB-ENG-UNI_UG_BSW_Y1-ART-CORP_ACC-26,20,20,25,15,20,20,40
2026-2027,DPS-GSEB-ENG-UNI_UG_BSW_Y1-ART-FIN_MGT-2026,DPS-GSEB-ENG-UNI_UG_BSW_Y1-ART-FIN_MGT-26,20,20,25,15,20,20,40
2026-2027,DPS-GSEB-ENG-UNI_UG_BSW_Y1-ART-MKT_MGT-2026,DPS-GSEB-ENG-UNI_UG_BSW_Y1-ART-MKT_MGT-26,20,20,25,15,20,20,40
2026-2027,DPS-GSEB-ENG-UNI_UG_BSW_Y1-ART-OB-2026,DPS-GSEB-ENG-UNI_UG_BSW_Y1-ART-OB-26,20,20,25,15,20,20,40
2026-2027,DPS-GSEB-ENG-UNI_UG_BSW_Y1-ART-UI_UX-2026,DPS-GSEB-ENG-UNI_UG_BSW_Y1-ART-UI_UX-26,20,20,25,15,20,20,40
2026-2027,DPS-GSEB-ENG-UNI_UG_BSW_Y1-ART-TYPO-2026,DPS-GSEB-ENG-UNI_UG_BSW_Y1-ART-TYPO-26,20,20,25,15,20,20,40
2026-2027,DPS-GSEB-ENG-UNI_UG_BSW_Y1-ART-ARCH_DSN-2026,DPS-GSEB-ENG-UNI_UG_BSW_Y1-ART-ARCH_DSN-26,20,20,25,15,20,20,40
2026-2027,DPS-GSEB-ENG-UNI_UG_BFA_Y1-ART-DSA-2026,DPS-GSEB-ENG-UNI_UG_BFA_Y1-ART-DSA-26,20,20,25,15,20,20,40
2026-2027,DPS-GSEB-ENG-UNI_UG_BFA_Y1-ART-DBMS-2026,DPS-GSEB-ENG-UNI_UG_BFA_Y1-ART-DBMS-26,20,20,25,15,20,20,40
2026-2027,DPS-GSEB-ENG-UNI_UG_BFA_Y1-ART-OS-2026,DPS-GSEB-ENG-UNI_UG_BFA_Y1-ART-OS-26,20,20,25,15,20,20,40
2026-2027,DPS-GSEB-ENG-UNI_UG_BFA_Y1-ART-CN-2026,DPS-GSEB-ENG-UNI_UG_BFA_Y1-ART-CN-26,20,20,25,15,20,20,40
2026-2027,DPS-GSEB-ENG-UNI_UG_BFA_Y1-ART-AI_ML-2026,DPS-GSEB-ENG-UNI_UG_BFA_Y1-ART-AI_ML-26,20,20,25,15,20,20,40
2026-2027,DPS-GSEB-ENG-UNI_UG_BFA_Y1-ART-SWE-2026,DPS-GSEB-ENG-UNI_UG_BFA_Y1-ART-SWE-26,20,20,25,15,20,20,40
2026-2027,DPS-GSEB-ENG-UNI_UG_BFA_Y1-ART-THERMO-2026,DPS-GSEB-ENG-UNI_UG_BFA_Y1-ART-THERMO-26,20,20,25,15,20,20,40
2026-2027,DPS-GSEB-ENG-UNI_UG_BFA_Y1-ART-CIRCUITS-2026,DPS-GSEB-ENG-UNI_UG_BFA_Y1-ART-CIRCUITS-26,20,20,25,15,20,20,40
2026-2027,DPS-GSEB-ENG-UNI_UG_BFA_Y1-ART-ANAT-2026,DPS-GSEB-ENG-UNI_UG_BFA_Y1-ART-ANAT-26,20,20,25,15,20,20,40
2026-2027,DPS-GSEB-ENG-UNI_UG_BFA_Y1-ART-PHYS-2026,DPS-GSEB-ENG-UNI_UG_BFA_Y1-ART-PHYS-26,20,20,25,15,20,20,40
2026-2027,DPS-GSEB-ENG-UNI_UG_BFA_Y1-ART-PHARM-2026,DPS-GSEB-ENG-UNI_UG_BFA_Y1-ART-PHARM-26,20,20,25,15,20,20,40
2026-2027,DPS-GSEB-ENG-UNI_UG_BFA_Y1-ART-PATH-2026,DPS-GSEB-ENG-UNI_UG_BFA_Y1-ART-PATH-26,20,20,25,15,20,20,40
2026-2027,DPS-GSEB-ENG-UNI_UG_BFA_Y1-ART-COM_MED-2026,DPS-GSEB-ENG-UNI_UG_BFA_Y1-ART-COM_MED-26,20,20,25,15,20,20,40
2026-2027,DPS-GSEB-ENG-UNI_UG_BFA_Y1-ART-LAW_CON-2026,DPS-GSEB-ENG-UNI_UG_BFA_Y1-ART-LAW_CON-26,20,20,25,15,20,20,40
2026-2027,DPS-GSEB-ENG-UNI_UG_BFA_Y1-ART-LAW_IPC-2026,DPS-GSEB-ENG-UNI_UG_BFA_Y1-ART-LAW_IPC-26,20,20,25,15,20,20,40
2026-2027,DPS-GSEB-ENG-UNI_UG_BFA_Y1-ART-LAW_CONTR-2026,DPS-GSEB-ENG-UNI_UG_BFA_Y1-ART-LAW_CONTR-26,20,20,25,15,20,20,40
2026-2027,DPS-GSEB-ENG-UNI_UG_BFA_Y1-ART-JURIS-2026,DPS-GSEB-ENG-UNI_UG_BFA_Y1-ART-JURIS-26,20,20,25,15,20,20,40
2026-2027,DPS-GSEB-ENG-UNI_UG_BFA_Y1-ART-CORP_ACC-2026,DPS-GSEB-ENG-UNI_UG_BFA_Y1-ART-CORP_ACC-26,20,20,25,15,20,20,40
2026-2027,DPS-GSEB-ENG-UNI_UG_BFA_Y1-ART-FIN_MGT-2026,DPS-GSEB-ENG-UNI_UG_BFA_Y1-ART-FIN_MGT-26,20,20,25,15,20,20,40
2026-2027,DPS-GSEB-ENG-UNI_UG_BFA_Y1-ART-MKT_MGT-2026,DPS-GSEB-ENG-UNI_UG_BFA_Y1-ART-MKT_MGT-26,20,20,25,15,20,20,40
2026-2027,DPS-GSEB-ENG-UNI_UG_BFA_Y1-ART-OB-2026,DPS-GSEB-ENG-UNI_UG_BFA_Y1-ART-OB-26,20,20,25,15,20,20,40
2026-2027,DPS-GSEB-ENG-UNI_UG_BFA_Y1-ART-UI_UX-2026,DPS-GSEB-ENG-UNI_UG_BFA_Y1-ART-UI_UX-26,20,20,25,15,20,20,40
2026-2027,DPS-GSEB-ENG-UNI_UG_BFA_Y1-ART-TYPO-2026,DPS-GSEB-ENG-UNI_UG_BFA_Y1-ART-TYPO-26,20,20,25,15,20,20,40
2026-2027,DPS-GSEB-ENG-UNI_UG_BFA_Y1-ART-ARCH_DSN-2026,DPS-GSEB-ENG-UNI_UG_BFA_Y1-ART-ARCH_DSN-26,20,20,25,15,20,20,40
2026-2027,DPS-GSEB-ENG-UNI_UG_BHM_Y1-HOS-DSA-2026,DPS-GSEB-ENG-UNI_UG_BHM_Y1-HOS-DSA-26,20,20,25,15,20,20,40
2026-2027,DPS-GSEB-ENG-UNI_UG_BHM_Y1-HOS-DBMS-2026,DPS-GSEB-ENG-UNI_UG_BHM_Y1-HOS-DBMS-26,20,20,25,15,20,20,40
2026-2027,DPS-GSEB-ENG-UNI_UG_BHM_Y1-HOS-OS-2026,DPS-GSEB-ENG-UNI_UG_BHM_Y1-HOS-OS-26,20,20,25,15,20,20,40
2026-2027,DPS-GSEB-ENG-UNI_UG_BHM_Y1-HOS-CN-2026,DPS-GSEB-ENG-UNI_UG_BHM_Y1-HOS-CN-26,20,20,25,15,20,20,40
2026-2027,DPS-GSEB-ENG-UNI_UG_BHM_Y1-HOS-AI_ML-2026,DPS-GSEB-ENG-UNI_UG_BHM_Y1-HOS-AI_ML-26,20,20,25,15,20,20,40
2026-2027,DPS-GSEB-ENG-UNI_UG_BHM_Y1-HOS-SWE-2026,DPS-GSEB-ENG-UNI_UG_BHM_Y1-HOS-SWE-26,20,20,25,15,20,20,40
2026-2027,DPS-GSEB-ENG-UNI_UG_BHM_Y1-HOS-THERMO-2026,DPS-GSEB-ENG-UNI_UG_BHM_Y1-HOS-THERMO-26,20,20,25,15,20,20,40
2026-2027,DPS-GSEB-ENG-UNI_UG_BHM_Y1-HOS-CIRCUITS-2026,DPS-GSEB-ENG-UNI_UG_BHM_Y1-HOS-CIRCUITS-26,20,20,25,15,20,20,40
2026-2027,DPS-GSEB-ENG-UNI_UG_BHM_Y1-HOS-ANAT-2026,DPS-GSEB-ENG-UNI_UG_BHM_Y1-HOS-ANAT-26,20,20,25,15,20,20,40
2026-2027,DPS-GSEB-ENG-UNI_UG_BHM_Y1-HOS-PHYS-2026,DPS-GSEB-ENG-UNI_UG_BHM_Y1-HOS-PHYS-26,20,20,25,15,20,20,40
2026-2027,DPS-GSEB-ENG-UNI_UG_BHM_Y1-HOS-PHARM-2026,DPS-GSEB-ENG-UNI_UG_BHM_Y1-HOS-PHARM-26,20,20,25,15,20,20,40
2026-2027,DPS-GSEB-ENG-UNI_UG_BHM_Y1-HOS-PATH-2026,DPS-GSEB-ENG-UNI_UG_BHM_Y1-HOS-PATH-26,20,20,25,15,20,20,40
2026-2027,DPS-GSEB-ENG-UNI_UG_BHM_Y1-HOS-COM_MED-2026,DPS-GSEB-ENG-UNI_UG_BHM_Y1-HOS-COM_MED-26,20,20,25,15,20,20,40
2026-2027,DPS-GSEB-ENG-UNI_UG_BHM_Y1-HOS-LAW_CON-2026,DPS-GSEB-ENG-UNI_UG_BHM_Y1-HOS-LAW_CON-26,20,20,25,15,20,20,40
2026-2027,DPS-GSEB-ENG-UNI_UG_BHM_Y1-HOS-LAW_IPC-2026,DPS-GSEB-ENG-UNI_UG_BHM_Y1-HOS-LAW_IPC-26,20,20,25,15,20,20,40
2026-2027,DPS-GSEB-ENG-UNI_UG_BHM_Y1-HOS-LAW_CONTR-2026,DPS-GSEB-ENG-UNI_UG_BHM_Y1-HOS-LAW_CONTR-26,20,20,25,15,20,20,40
2026-2027,DPS-GSEB-ENG-UNI_UG_BHM_Y1-HOS-JURIS-2026,DPS-GSEB-ENG-UNI_UG_BHM_Y1-HOS-JURIS-26,20,20,25,15,20,20,40
2026-2027,DPS-GSEB-ENG-UNI_UG_BHM_Y1-HOS-CORP_ACC-2026,DPS-GSEB-ENG-UNI_UG_BHM_Y1-HOS-CORP_ACC-26,20,20,25,15,20,20,40
2026-2027,DPS-GSEB-ENG-UNI_UG_BHM_Y1-HOS-FIN_MGT-2026,DPS-GSEB-ENG-UNI_UG_BHM_Y1-HOS-FIN_MGT-26,20,20,25,15,20,20,40
2026-2027,DPS-GSEB-ENG-UNI_UG_BHM_Y1-HOS-MKT_MGT-2026,DPS-GSEB-ENG-UNI_UG_BHM_Y1-HOS-MKT_MGT-26,20,20,25,15,20,20,40
2026-2027,DPS-GSEB-ENG-UNI_UG_BHM_Y1-HOS-OB-2026,DPS-GSEB-ENG-UNI_UG_BHM_Y1-HOS-OB-26,20,20,25,15,20,20,40
2026-2027,DPS-GSEB-ENG-UNI_UG_BHM_Y1-HOS-UI_UX-2026,DPS-GSEB-ENG-UNI_UG_BHM_Y1-HOS-UI_UX-26,20,20,25,15,20,20,40
2026-2027,DPS-GSEB-ENG-UNI_UG_BHM_Y1-HOS-TYPO-2026,DPS-GSEB-ENG-UNI_UG_BHM_Y1-HOS-TYPO-26,20,20,25,15,20,20,40
2026-2027,DPS-GSEB-ENG-UNI_UG_BHM_Y1-HOS-ARCH_DSN-2026,DPS-GSEB-ENG-UNI_UG_BHM_Y1-HOS-ARCH_DSN-26,20,20,25,15,20,20,40
2026-2027,DPS-GSEB-ENG-UNI_PG_MCA_Y1-CSA-DSA-2026,DPS-GSEB-ENG-UNI_PG_MCA_Y1-CSA-DSA-26,20,20,25,15,20,20,40
2026-2027,DPS-GSEB-ENG-UNI_PG_MCA_Y1-CSA-DBMS-2026,DPS-GSEB-ENG-UNI_PG_MCA_Y1-CSA-DBMS-26,20,20,25,15,20,20,40
2026-2027,DPS-GSEB-ENG-UNI_PG_MCA_Y1-CSA-OS-2026,DPS-GSEB-ENG-UNI_PG_MCA_Y1-CSA-OS-26,20,20,25,15,20,20,40
2026-2027,DPS-GSEB-ENG-UNI_PG_MCA_Y1-CSA-CN-2026,DPS-GSEB-ENG-UNI_PG_MCA_Y1-CSA-CN-26,20,20,25,15,20,20,40
2026-2027,DPS-GSEB-ENG-UNI_PG_MCA_Y1-CSA-AI_ML-2026,DPS-GSEB-ENG-UNI_PG_MCA_Y1-CSA-AI_ML-26,20,20,25,15,20,20,40
2026-2027,DPS-GSEB-ENG-UNI_PG_MCA_Y1-CSA-SWE-2026,DPS-GSEB-ENG-UNI_PG_MCA_Y1-CSA-SWE-26,20,20,25,15,20,20,40
2026-2027,DPS-GSEB-ENG-UNI_PG_MCA_Y1-CSA-FIN_MGT-2026,DPS-GSEB-ENG-UNI_PG_MCA_Y1-CSA-FIN_MGT-26,20,20,25,15,20,20,40
2026-2027,DPS-GSEB-ENG-UNI_PG_MCA_Y1-CSA-MKT_MGT-2026,DPS-GSEB-ENG-UNI_PG_MCA_Y1-CSA-MKT_MGT-26,20,20,25,15,20,20,40
2026-2027,DPS-GSEB-ENG-UNI_PG_MCA_Y1-CSA-OB-2026,DPS-GSEB-ENG-UNI_PG_MCA_Y1-CSA-OB-26,20,20,25,15,20,20,40
2026-2027,DPS-GSEB-ENG-UNI_PG_MCA_Y2-CSA-DSA-2026,DPS-GSEB-ENG-UNI_PG_MCA_Y2-CSA-DSA-26,20,20,25,15,20,20,40
2026-2027,DPS-GSEB-ENG-UNI_PG_MCA_Y2-CSA-DBMS-2026,DPS-GSEB-ENG-UNI_PG_MCA_Y2-CSA-DBMS-26,20,20,25,15,20,20,40
2026-2027,DPS-GSEB-ENG-UNI_PG_MCA_Y2-CSA-OS-2026,DPS-GSEB-ENG-UNI_PG_MCA_Y2-CSA-OS-26,20,20,25,15,20,20,40
2026-2027,DPS-GSEB-ENG-UNI_PG_MCA_Y2-CSA-CN-2026,DPS-GSEB-ENG-UNI_PG_MCA_Y2-CSA-CN-26,20,20,25,15,20,20,40
2026-2027,DPS-GSEB-ENG-UNI_PG_MCA_Y2-CSA-AI_ML-2026,DPS-GSEB-ENG-UNI_PG_MCA_Y2-CSA-AI_ML-26,20,20,25,15,20,20,40
2026-2027,DPS-GSEB-ENG-UNI_PG_MCA_Y2-CSA-SWE-2026,DPS-GSEB-ENG-UNI_PG_MCA_Y2-CSA-SWE-26,20,20,25,15,20,20,40
2026-2027,DPS-GSEB-ENG-UNI_PG_MCA_Y2-CSA-FIN_MGT-2026,DPS-GSEB-ENG-UNI_PG_MCA_Y2-CSA-FIN_MGT-26,20,20,25,15,20,20,40
2026-2027,DPS-GSEB-ENG-UNI_PG_MCA_Y2-CSA-MKT_MGT-2026,DPS-GSEB-ENG-UNI_PG_MCA_Y2-CSA-MKT_MGT-26,20,20,25,15,20,20,40
2026-2027,DPS-GSEB-ENG-UNI_PG_MCA_Y2-CSA-OB-2026,DPS-GSEB-ENG-UNI_PG_MCA_Y2-CSA-OB-26,20,20,25,15,20,20,40
2026-2027,DPS-GSEB-ENG-UNI_PG_MARCH_Y1-ARC-DSA-2026,DPS-GSEB-ENG-UNI_PG_MARCH_Y1-ARC-DSA-26,20,20,25,15,20,20,40
2026-2027,DPS-GSEB-ENG-UNI_PG_MARCH_Y1-ARC-DBMS-2026,DPS-GSEB-ENG-UNI_PG_MARCH_Y1-ARC-DBMS-26,20,20,25,15,20,20,40
2026-2027,DPS-GSEB-ENG-UNI_PG_MARCH_Y1-ARC-OS-2026,DPS-GSEB-ENG-UNI_PG_MARCH_Y1-ARC-OS-26,20,20,25,15,20,20,40
2026-2027,DPS-GSEB-ENG-UNI_PG_MARCH_Y1-ARC-CN-2026,DPS-GSEB-ENG-UNI_PG_MARCH_Y1-ARC-CN-26,20,20,25,15,20,20,40
2026-2027,DPS-GSEB-ENG-UNI_PG_MARCH_Y1-ARC-AI_ML-2026,DPS-GSEB-ENG-UNI_PG_MARCH_Y1-ARC-AI_ML-26,20,20,25,15,20,20,40
2026-2027,DPS-GSEB-ENG-UNI_PG_MARCH_Y1-ARC-SWE-2026,DPS-GSEB-ENG-UNI_PG_MARCH_Y1-ARC-SWE-26,20,20,25,15,20,20,40
2026-2027,DPS-GSEB-ENG-UNI_PG_MARCH_Y1-ARC-FIN_MGT-2026,DPS-GSEB-ENG-UNI_PG_MARCH_Y1-ARC-FIN_MGT-26,20,20,25,15,20,20,40
2026-2027,DPS-GSEB-ENG-UNI_PG_MARCH_Y1-ARC-MKT_MGT-2026,DPS-GSEB-ENG-UNI_PG_MARCH_Y1-ARC-MKT_MGT-26,20,20,25,15,20,20,40
2026-2027,DPS-GSEB-ENG-UNI_PG_MARCH_Y1-ARC-OB-2026,DPS-GSEB-ENG-UNI_PG_MARCH_Y1-ARC-OB-26,20,20,25,15,20,20,40
2026-2027,DPS-GSEB-ENG-UNI_PG_MPT_Y1-AHS-DSA-2026,DPS-GSEB-ENG-UNI_PG_MPT_Y1-AHS-DSA-26,20,20,25,15,20,20,40
2026-2027,DPS-GSEB-ENG-UNI_PG_MPT_Y1-AHS-DBMS-2026,DPS-GSEB-ENG-UNI_PG_MPT_Y1-AHS-DBMS-26,20,20,25,15,20,20,40
2026-2027,DPS-GSEB-ENG-UNI_PG_MPT_Y1-AHS-OS-2026,DPS-GSEB-ENG-UNI_PG_MPT_Y1-AHS-OS-26,20,20,25,15,20,20,40
2026-2027,DPS-GSEB-ENG-UNI_PG_MPT_Y1-AHS-CN-2026,DPS-GSEB-ENG-UNI_PG_MPT_Y1-AHS-CN-26,20,20,25,15,20,20,40
2026-2027,DPS-GSEB-ENG-UNI_PG_MPT_Y1-AHS-AI_ML-2026,DPS-GSEB-ENG-UNI_PG_MPT_Y1-AHS-AI_ML-26,20,20,25,15,20,20,40
2026-2027,DPS-GSEB-ENG-UNI_PG_MPT_Y1-AHS-SWE-2026,DPS-GSEB-ENG-UNI_PG_MPT_Y1-AHS-SWE-26,20,20,25,15,20,20,40
2026-2027,DPS-GSEB-ENG-UNI_PG_MPT_Y1-AHS-FIN_MGT-2026,DPS-GSEB-ENG-UNI_PG_MPT_Y1-AHS-FIN_MGT-26,20,20,25,15,20,20,40
2026-2027,DPS-GSEB-ENG-UNI_PG_MPT_Y1-AHS-MKT_MGT-2026,DPS-GSEB-ENG-UNI_PG_MPT_Y1-AHS-MKT_MGT-26,20,20,25,15,20,20,40
2026-2027,DPS-GSEB-ENG-UNI_PG_MPT_Y1-AHS-OB-2026,DPS-GSEB-ENG-UNI_PG_MPT_Y1-AHS-OB-26,20,20,25,15,20,20,40
2026-2027,DPS-GSEB-ENG-UNI_PG_MSW_Y1-ART-DSA-2026,DPS-GSEB-ENG-UNI_PG_MSW_Y1-ART-DSA-26,20,20,25,15,20,20,40
2026-2027,DPS-GSEB-ENG-UNI_PG_MSW_Y1-ART-DBMS-2026,DPS-GSEB-ENG-UNI_PG_MSW_Y1-ART-DBMS-26,20,20,25,15,20,20,40
2026-2027,DPS-GSEB-ENG-UNI_PG_MSW_Y1-ART-OS-2026,DPS-GSEB-ENG-UNI_PG_MSW_Y1-ART-OS-26,20,20,25,15,20,20,40
2026-2027,DPS-GSEB-ENG-UNI_PG_MSW_Y1-ART-CN-2026,DPS-GSEB-ENG-UNI_PG_MSW_Y1-ART-CN-26,20,20,25,15,20,20,40
2026-2027,DPS-GSEB-ENG-UNI_PG_MSW_Y1-ART-AI_ML-2026,DPS-GSEB-ENG-UNI_PG_MSW_Y1-ART-AI_ML-26,20,20,25,15,20,20,40
2026-2027,DPS-GSEB-ENG-UNI_PG_MSW_Y1-ART-SWE-2026,DPS-GSEB-ENG-UNI_PG_MSW_Y1-ART-SWE-26,20,20,25,15,20,20,40
2026-2027,DPS-GSEB-ENG-UNI_PG_MSW_Y1-ART-FIN_MGT-2026,DPS-GSEB-ENG-UNI_PG_MSW_Y1-ART-FIN_MGT-26,20,20,25,15,20,20,40
2026-2027,DPS-GSEB-ENG-UNI_PG_MSW_Y1-ART-MKT_MGT-2026,DPS-GSEB-ENG-UNI_PG_MSW_Y1-ART-MKT_MGT-26,20,20,25,15,20,20,40
2026-2027,DPS-GSEB-ENG-UNI_PG_MSW_Y1-ART-OB-2026,DPS-GSEB-ENG-UNI_PG_MSW_Y1-ART-OB-26,20,20,25,15,20,20,40
2026-2027,DPS-GSEB-ENG-UNI_PG_MFA_Y1-ART-DSA-2026,DPS-GSEB-ENG-UNI_PG_MFA_Y1-ART-DSA-26,20,20,25,15,20,20,40
2026-2027,DPS-GSEB-ENG-UNI_PG_MFA_Y1-ART-DBMS-2026,DPS-GSEB-ENG-UNI_PG_MFA_Y1-ART-DBMS-26,20,20,25,15,20,20,40
2026-2027,DPS-GSEB-ENG-UNI_PG_MFA_Y1-ART-OS-2026,DPS-GSEB-ENG-UNI_PG_MFA_Y1-ART-OS-26,20,20,25,15,20,20,40
2026-2027,DPS-GSEB-ENG-UNI_PG_MFA_Y1-ART-CN-2026,DPS-GSEB-ENG-UNI_PG_MFA_Y1-ART-CN-26,20,20,25,15,20,20,40
2026-2027,DPS-GSEB-ENG-UNI_PG_MFA_Y1-ART-AI_ML-2026,DPS-GSEB-ENG-UNI_PG_MFA_Y1-ART-AI_ML-26,20,20,25,15,20,20,40
2026-2027,DPS-GSEB-ENG-UNI_PG_MFA_Y1-ART-SWE-2026,DPS-GSEB-ENG-UNI_PG_MFA_Y1-ART-SWE-26,20,20,25,15,20,20,40
2026-2027,DPS-GSEB-ENG-UNI_PG_MFA_Y1-ART-FIN_MGT-2026,DPS-GSEB-ENG-UNI_PG_MFA_Y1-ART-FIN_MGT-26,20,20,25,15,20,20,40
2026-2027,DPS-GSEB-ENG-UNI_PG_MFA_Y1-ART-MKT_MGT-2026,DPS-GSEB-ENG-UNI_PG_MFA_Y1-ART-MKT_MGT-26,20,20,25,15,20,20,40
2026-2027,DPS-GSEB-ENG-UNI_PG_MFA_Y1-ART-OB-2026,DPS-GSEB-ENG-UNI_PG_MFA_Y1-ART-OB-26,20,20,25,15,20,20,40
2026-2027,DPS-GSEB-ENG-UNI_PG_MCOM_Y1-PRO_FIN-DSA-2026,DPS-GSEB-ENG-UNI_PG_MCOM_Y1-PRO_FIN-DSA-26,20,20,25,15,20,20,40
2026-2027,DPS-GSEB-ENG-UNI_PG_MCOM_Y1-PRO_FIN-DBMS-2026,DPS-GSEB-ENG-UNI_PG_MCOM_Y1-PRO_FIN-DBMS-26,20,20,25,15,20,20,40
2026-2027,DPS-GSEB-ENG-UNI_PG_MCOM_Y1-PRO_FIN-OS-2026,DPS-GSEB-ENG-UNI_PG_MCOM_Y1-PRO_FIN-OS-26,20,20,25,15,20,20,40
2026-2027,DPS-GSEB-ENG-UNI_PG_MCOM_Y1-PRO_FIN-CN-2026,DPS-GSEB-ENG-UNI_PG_MCOM_Y1-PRO_FIN-CN-26,20,20,25,15,20,20,40
2026-2027,DPS-GSEB-ENG-UNI_PG_MCOM_Y1-PRO_FIN-AI_ML-2026,DPS-GSEB-ENG-UNI_PG_MCOM_Y1-PRO_FIN-AI_ML-26,20,20,25,15,20,20,40
2026-2027,DPS-GSEB-ENG-UNI_PG_MCOM_Y1-PRO_FIN-SWE-2026,DPS-GSEB-ENG-UNI_PG_MCOM_Y1-PRO_FIN-SWE-26,20,20,25,15,20,20,40
2026-2027,DPS-GSEB-ENG-UNI_PG_MCOM_Y1-PRO_FIN-FIN_MGT-2026,DPS-GSEB-ENG-UNI_PG_MCOM_Y1-PRO_FIN-FIN_MGT-26,20,20,25,15,20,20,40
2026-2027,DPS-GSEB-ENG-UNI_PG_MCOM_Y1-PRO_FIN-MKT_MGT-2026,DPS-GSEB-ENG-UNI_PG_MCOM_Y1-PRO_FIN-MKT_MGT-26,20,20,25,15,20,20,40
2026-2027,DPS-GSEB-ENG-UNI_PG_MCOM_Y1-PRO_FIN-OB-2026,DPS-GSEB-ENG-UNI_PG_MCOM_Y1-PRO_FIN-OB-26,20,20,25,15,20,20,40
2026-2027,DPS-GSEB-ENG-LMS_CERT_FSD-CSA-UI_UX-2026,DPS-GSEB-ENG-LMS_CERT_FSD-CSA-UI_UX-26,20,20,25,15,20,20,40
2026-2027,DPS-GSEB-ENG-LMS_CERT_FSD-CSA-APT_REAS-2026,DPS-GSEB-ENG-LMS_CERT_FSD-CSA-APT_REAS-26,20,20,25,15,20,20,40
2026-2027,DPS-GSEB-ENG-LMS_CERT_DATA-AIE-UI_UX-2026,DPS-GSEB-ENG-LMS_CERT_DATA-AIE-UI_UX-26,20,20,25,15,20,20,40
2026-2027,DPS-GSEB-ENG-LMS_CERT_DATA-AIE-APT_REAS-2026,DPS-GSEB-ENG-LMS_CERT_DATA-AIE-APT_REAS-26,20,20,25,15,20,20,40
2026-2027,DPS-GSEB-ENG-LMS_CERT_CLOUD-ENG-UI_UX-2026,DPS-GSEB-ENG-LMS_CERT_CLOUD-ENG-UI_UX-26,20,20,25,15,20,20,40
2026-2027,DPS-GSEB-ENG-LMS_CERT_CLOUD-ENG-APT_REAS-2026,DPS-GSEB-ENG-LMS_CERT_CLOUD-ENG-APT_REAS-26,20,20,25,15,20,20,40
2026-2027,DPS-GSEB-ENG-LMS_CERT_MLOPS-AIE-UI_UX-2026,DPS-GSEB-ENG-LMS_CERT_MLOPS-AIE-UI_UX-26,20,20,25,15,20,20,40
2026-2027,DPS-GSEB-ENG-LMS_CERT_MLOPS-AIE-APT_REAS-2026,DPS-GSEB-ENG-LMS_CERT_MLOPS-AIE-APT_REAS-26,20,20,25,15,20,20,40
2026-2027,DPS-GSEB-ENG-LMS_CERT_PM-MGT-UI_UX-2026,DPS-GSEB-ENG-LMS_CERT_PM-MGT-UI_UX-26,20,20,25,15,20,20,40
2026-2027,DPS-GSEB-ENG-LMS_CERT_PM-MGT-APT_REAS-2026,DPS-GSEB-ENG-LMS_CERT_PM-MGT-APT_REAS-26,20,20,25,15,20,20,40
2026-2027,DPS-GSEB-ENG-LMS_CERT_AGILE-MGT-UI_UX-2026,DPS-GSEB-ENG-LMS_CERT_AGILE-MGT-UI_UX-26,20,20,25,15,20,20,40
2026-2027,DPS-GSEB-ENG-LMS_CERT_AGILE-MGT-APT_REAS-2026,DPS-GSEB-ENG-LMS_CERT_AGILE-MGT-APT_REAS-26,20,20,25,15,20,20,40
2026-2027,DPS-GSEB-ENG-LMS_CERT_CYBER-CSA-UI_UX-2026,DPS-GSEB-ENG-LMS_CERT_CYBER-CSA-UI_UX-26,20,20,25,15,20,20,40
2026-2027,DPS-GSEB-ENG-LMS_CERT_CYBER-CSA-APT_REAS-2026,DPS-GSEB-ENG-LMS_CERT_CYBER-CSA-APT_REAS-26,20,20,25,15,20,20,40
2026-2027,DPS-GSEB-ENG-LMS_CERT_WEB3-EMG-UI_UX-2026,DPS-GSEB-ENG-LMS_CERT_WEB3-EMG-UI_UX-26,20,20,25,15,20,20,40
2026-2027,DPS-GSEB-ENG-LMS_CERT_WEB3-EMG-APT_REAS-2026,DPS-GSEB-ENG-LMS_CERT_WEB3-EMG-APT_REAS-26,20,20,25,15,20,20,40
2026-2027,DPS-GSEB-ENG-LMS_CERT_DIGMKT-MKT-UI_UX-2026,DPS-GSEB-ENG-LMS_CERT_DIGMKT-MKT-UI_UX-26,20,20,25,15,20,20,40
2026-2027,DPS-GSEB-ENG-LMS_CERT_DIGMKT-MKT-APT_REAS-2026,DPS-GSEB-ENG-LMS_CERT_DIGMKT-MKT-APT_REAS-26,20,20,25,15,20,20,40
2026-2027,DPS-GSEB-HIN-PRE01-GEN-ENG-2026,DPS-GSEB-HIN-PRE01-GEN-ENG-26,20,20,25,15,20,20,40
2026-2027,DPS-GSEB-HIN-PRE01-GEN-HIN-2026,DPS-GSEB-HIN-PRE01-GEN-HIN-26,20,20,25,15,20,20,40
2026-2027,DPS-GSEB-HIN-PRE01-GEN-ART-2026,DPS-GSEB-HIN-PRE01-GEN-ART-26,20,20,25,15,20,20,40
2026-2027,DPS-GSEB-HIN-PRE02-GEN-ENG-2026,DPS-GSEB-HIN-PRE02-GEN-ENG-26,20,20,25,15,20,20,40
2026-2027,DPS-GSEB-HIN-PRE02-GEN-HIN-2026,DPS-GSEB-HIN-PRE02-GEN-HIN-26,20,20,25,15,20,20,40
2026-2027,DPS-GSEB-HIN-PRE02-GEN-ART-2026,DPS-GSEB-HIN-PRE02-GEN-ART-26,20,20,25,15,20,20,40
2026-2027,DPS-GSEB-HIN-PRE03-GEN-ENG-2026,DPS-GSEB-HIN-PRE03-GEN-ENG-26,20,20,25,15,20,20,40
2026-2027,DPS-GSEB-HIN-PRE03-GEN-HIN-2026,DPS-GSEB-HIN-PRE03-GEN-HIN-26,20,20,25,15,20,20,40
2026-2027,DPS-GSEB-HIN-PRE03-GEN-ART-2026,DPS-GSEB-HIN-PRE03-GEN-ART-26,20,20,25,15,20,20,40
2026-2027,DPS-GSEB-HIN-PRE04-GEN-ENG-2026,DPS-GSEB-HIN-PRE04-GEN-ENG-26,20,20,25,15,20,20,40
2026-2027,DPS-GSEB-HIN-PRE04-GEN-HIN-2026,DPS-GSEB-HIN-PRE04-GEN-HIN-26,20,20,25,15,20,20,40
2026-2027,DPS-GSEB-HIN-PRE04-GEN-ART-2026,DPS-GSEB-HIN-PRE04-GEN-ART-26,20,20,25,15,20,20,40
2026-2027,DPS-GSEB-HIN-STD01-GEN-ENG-2026,DPS-GSEB-HIN-STD01-GEN-ENG-26,35,10,30,10,15,15,40
2026-2027,DPS-GSEB-HIN-STD01-GEN-HIN-2026,DPS-GSEB-HIN-STD01-GEN-HIN-26,35,10,30,10,15,15,40
2026-2027,DPS-GSEB-HIN-STD01-GEN-REG_LANG-2026,DPS-GSEB-HIN-STD01-GEN-REG_LANG-26,35,10,30,10,15,15,40
2026-2027,DPS-GSEB-HIN-STD01-GEN-MATH-2026,DPS-GSEB-HIN-STD01-GEN-MATH-26,35,10,30,10,15,15,40
2026-2027,DPS-GSEB-HIN-STD01-GEN-SCI-2026,DPS-GSEB-HIN-STD01-GEN-SCI-26,35,10,30,10,15,15,40
2026-2027,DPS-GSEB-HIN-STD01-GEN-SST-2026,DPS-GSEB-HIN-STD01-GEN-SST-26,35,10,30,10,15,15,40
2026-2027,DPS-GSEB-HIN-STD01-GEN-EVS-2026,DPS-GSEB-HIN-STD01-GEN-EVS-26,35,10,30,10,15,15,40
2026-2027,DPS-GSEB-HIN-STD01-GEN-COMP-2026,DPS-GSEB-HIN-STD01-GEN-COMP-26,35,10,30,10,15,15,40
2026-2027,DPS-GSEB-HIN-STD01-GEN-ART-2026,DPS-GSEB-HIN-STD01-GEN-ART-26,35,10,30,10,15,15,40
2026-2027,DPS-GSEB-HIN-STD01-GEN-PE-2026,DPS-GSEB-HIN-STD01-GEN-PE-26,35,10,30,10,15,15,40
2026-2027,DPS-GSEB-HIN-STD02-GEN-ENG-2026,DPS-GSEB-HIN-STD02-GEN-ENG-26,35,10,30,10,15,15,40
2026-2027,DPS-GSEB-HIN-STD02-GEN-HIN-2026,DPS-GSEB-HIN-STD02-GEN-HIN-26,35,10,30,10,15,15,40
2026-2027,DPS-GSEB-HIN-STD02-GEN-REG_LANG-2026,DPS-GSEB-HIN-STD02-GEN-REG_LANG-26,35,10,30,10,15,15,40
2026-2027,DPS-GSEB-HIN-STD02-GEN-MATH-2026,DPS-GSEB-HIN-STD02-GEN-MATH-26,35,10,30,10,15,15,40
2026-2027,DPS-GSEB-HIN-STD02-GEN-SCI-2026,DPS-GSEB-HIN-STD02-GEN-SCI-26,35,10,30,10,15,15,40
2026-2027,DPS-GSEB-HIN-STD02-GEN-SST-2026,DPS-GSEB-HIN-STD02-GEN-SST-26,35,10,30,10,15,15,40
2026-2027,DPS-GSEB-HIN-STD02-GEN-EVS-2026,DPS-GSEB-HIN-STD02-GEN-EVS-26,35,10,30,10,15,15,40
2026-2027,DPS-GSEB-HIN-STD02-GEN-COMP-2026,DPS-GSEB-HIN-STD02-GEN-COMP-26,35,10,30,10,15,15,40
2026-2027,DPS-GSEB-HIN-STD02-GEN-ART-2026,DPS-GSEB-HIN-STD02-GEN-ART-26,35,10,30,10,15,15,40
2026-2027,DPS-GSEB-HIN-STD02-GEN-PE-2026,DPS-GSEB-HIN-STD02-GEN-PE-26,35,10,30,10,15,15,40
2026-2027,DPS-GSEB-HIN-STD03-GEN-ENG-2026,DPS-GSEB-HIN-STD03-GEN-ENG-26,30,15,30,10,15,15,40
2026-2027,DPS-GSEB-HIN-STD03-GEN-HIN-2026,DPS-GSEB-HIN-STD03-GEN-HIN-26,30,15,30,10,15,15,40
2026-2027,DPS-GSEB-HIN-STD03-GEN-REG_LANG-2026,DPS-GSEB-HIN-STD03-GEN-REG_LANG-26,30,15,30,10,15,15,40
2026-2027,DPS-GSEB-HIN-STD03-GEN-MATH-2026,DPS-GSEB-HIN-STD03-GEN-MATH-26,30,15,30,10,15,15,40
2026-2027,DPS-GSEB-HIN-STD03-GEN-SCI-2026,DPS-GSEB-HIN-STD03-GEN-SCI-26,30,15,30,10,15,15,40
2026-2027,DPS-GSEB-HIN-STD03-GEN-SST-2026,DPS-GSEB-HIN-STD03-GEN-SST-26,30,15,30,10,15,15,40
2026-2027,DPS-GSEB-HIN-STD03-GEN-EVS-2026,DPS-GSEB-HIN-STD03-GEN-EVS-26,30,15,30,10,15,15,40
2026-2027,DPS-GSEB-HIN-STD03-GEN-COMP-2026,DPS-GSEB-HIN-STD03-GEN-COMP-26,30,15,30,10,15,15,40
2026-2027,DPS-GSEB-HIN-STD03-GEN-ART-2026,DPS-GSEB-HIN-STD03-GEN-ART-26,30,15,30,10,15,15,40
2026-2027,DPS-GSEB-HIN-STD03-GEN-PE-2026,DPS-GSEB-HIN-STD03-GEN-PE-26,30,15,30,10,15,15,40
2026-2027,DPS-GSEB-HIN-STD04-GEN-ENG-2026,DPS-GSEB-HIN-STD04-GEN-ENG-26,30,15,30,10,15,15,40
2026-2027,DPS-GSEB-HIN-STD04-GEN-HIN-2026,DPS-GSEB-HIN-STD04-GEN-HIN-26,30,15,30,10,15,15,40
2026-2027,DPS-GSEB-HIN-STD04-GEN-REG_LANG-2026,DPS-GSEB-HIN-STD04-GEN-REG_LANG-26,30,15,30,10,15,15,40
2026-2027,DPS-GSEB-HIN-STD04-GEN-MATH-2026,DPS-GSEB-HIN-STD04-GEN-MATH-26,30,15,30,10,15,15,40
2026-2027,DPS-GSEB-HIN-STD04-GEN-SCI-2026,DPS-GSEB-HIN-STD04-GEN-SCI-26,30,15,30,10,15,15,40
2026-2027,DPS-GSEB-HIN-STD04-GEN-SST-2026,DPS-GSEB-HIN-STD04-GEN-SST-26,30,15,30,10,15,15,40
2026-2027,DPS-GSEB-HIN-STD04-GEN-EVS-2026,DPS-GSEB-HIN-STD04-GEN-EVS-26,30,15,30,10,15,15,40
2026-2027,DPS-GSEB-HIN-STD04-GEN-COMP-2026,DPS-GSEB-HIN-STD04-GEN-COMP-26,30,15,30,10,15,15,40
2026-2027,DPS-GSEB-HIN-STD04-GEN-ART-2026,DPS-GSEB-HIN-STD04-GEN-ART-26,30,15,30,10,15,15,40
2026-2027,DPS-GSEB-HIN-STD04-GEN-PE-2026,DPS-GSEB-HIN-STD04-GEN-PE-26,30,15,30,10,15,15,40
2026-2027,DPS-GSEB-HIN-STD05-GEN-ENG-2026,DPS-GSEB-HIN-STD05-GEN-ENG-26,30,15,30,10,15,15,40
2026-2027,DPS-GSEB-HIN-STD05-GEN-HIN-2026,DPS-GSEB-HIN-STD05-GEN-HIN-26,30,15,30,10,15,15,40
2026-2027,DPS-GSEB-HIN-STD05-GEN-REG_LANG-2026,DPS-GSEB-HIN-STD05-GEN-REG_LANG-26,30,15,30,10,15,15,40
2026-2027,DPS-GSEB-HIN-STD05-GEN-MATH-2026,DPS-GSEB-HIN-STD05-GEN-MATH-26,30,15,30,10,15,15,40
2026-2027,DPS-GSEB-HIN-STD05-GEN-SCI-2026,DPS-GSEB-HIN-STD05-GEN-SCI-26,30,15,30,10,15,15,40
2026-2027,DPS-GSEB-HIN-STD05-GEN-SST-2026,DPS-GSEB-HIN-STD05-GEN-SST-26,30,15,30,10,15,15,40
2026-2027,DPS-GSEB-HIN-STD05-GEN-EVS-2026,DPS-GSEB-HIN-STD05-GEN-EVS-26,30,15,30,10,15,15,40
2026-2027,DPS-GSEB-HIN-STD05-GEN-COMP-2026,DPS-GSEB-HIN-STD05-GEN-COMP-26,30,15,30,10,15,15,40
2026-2027,DPS-GSEB-HIN-STD05-GEN-ART-2026,DPS-GSEB-HIN-STD05-GEN-ART-26,30,15,30,10,15,15,40
2026-2027,DPS-GSEB-HIN-STD05-GEN-PE-2026,DPS-GSEB-HIN-STD05-GEN-PE-26,30,15,30,10,15,15,40
2026-2027,DPS-GSEB-HIN-STD06-GEN-ENG-2026,DPS-GSEB-HIN-STD06-GEN-ENG-26,20,20,25,15,20,20,40
2026-2027,DPS-GSEB-HIN-STD06-GEN-HIN-2026,DPS-GSEB-HIN-STD06-GEN-HIN-26,20,20,25,15,20,20,40
2026-2027,DPS-GSEB-HIN-STD06-GEN-REG_LANG-2026,DPS-GSEB-HIN-STD06-GEN-REG_LANG-26,20,20,25,15,20,20,40
2026-2027,DPS-GSEB-HIN-STD06-GEN-MATH-2026,DPS-GSEB-HIN-STD06-GEN-MATH-26,20,20,25,15,20,20,40
2026-2027,DPS-GSEB-HIN-STD06-GEN-SCI-2026,DPS-GSEB-HIN-STD06-GEN-SCI-26,20,20,25,15,20,20,40
2026-2027,DPS-GSEB-HIN-STD06-GEN-SST-2026,DPS-GSEB-HIN-STD06-GEN-SST-26,20,20,25,15,20,20,40
2026-2027,DPS-GSEB-HIN-STD06-GEN-COMP-2026,DPS-GSEB-HIN-STD06-GEN-COMP-26,20,20,25,15,20,20,40
2026-2027,DPS-GSEB-HIN-STD06-GEN-ART-2026,DPS-GSEB-HIN-STD06-GEN-ART-26,20,20,25,15,20,20,40
2026-2027,DPS-GSEB-HIN-STD06-GEN-PE-2026,DPS-GSEB-HIN-STD06-GEN-PE-26,20,20,25,15,20,20,40
2026-2027,DPS-GSEB-HIN-STD07-GEN-ENG-2026,DPS-GSEB-HIN-STD07-GEN-ENG-26,20,20,25,15,20,20,40
2026-2027,DPS-GSEB-HIN-STD07-GEN-HIN-2026,DPS-GSEB-HIN-STD07-GEN-HIN-26,20,20,25,15,20,20,40
2026-2027,DPS-GSEB-HIN-STD07-GEN-REG_LANG-2026,DPS-GSEB-HIN-STD07-GEN-REG_LANG-26,20,20,25,15,20,20,40
2026-2027,DPS-GSEB-HIN-STD07-GEN-MATH-2026,DPS-GSEB-HIN-STD07-GEN-MATH-26,20,20,25,15,20,20,40
2026-2027,DPS-GSEB-HIN-STD07-GEN-SCI-2026,DPS-GSEB-HIN-STD07-GEN-SCI-26,20,20,25,15,20,20,40
2026-2027,DPS-GSEB-HIN-STD07-GEN-SST-2026,DPS-GSEB-HIN-STD07-GEN-SST-26,20,20,25,15,20,20,40
2026-2027,DPS-GSEB-HIN-STD07-GEN-COMP-2026,DPS-GSEB-HIN-STD07-GEN-COMP-26,20,20,25,15,20,20,40
2026-2027,DPS-GSEB-HIN-STD07-GEN-ART-2026,DPS-GSEB-HIN-STD07-GEN-ART-26,20,20,25,15,20,20,40
2026-2027,DPS-GSEB-HIN-STD07-GEN-PE-2026,DPS-GSEB-HIN-STD07-GEN-PE-26,20,20,25,15,20,20,40
2026-2027,DPS-GSEB-HIN-STD08-GEN-ENG-2026,DPS-GSEB-HIN-STD08-GEN-ENG-26,20,20,25,15,20,20,40
2026-2027,DPS-GSEB-HIN-STD08-GEN-HIN-2026,DPS-GSEB-HIN-STD08-GEN-HIN-26,20,20,25,15,20,20,40
2026-2027,DPS-GSEB-HIN-STD08-GEN-REG_LANG-2026,DPS-GSEB-HIN-STD08-GEN-REG_LANG-26,20,20,25,15,20,20,40
2026-2027,DPS-GSEB-HIN-STD08-GEN-MATH-2026,DPS-GSEB-HIN-STD08-GEN-MATH-26,20,20,25,15,20,20,40
2026-2027,DPS-GSEB-HIN-STD08-GEN-SCI-2026,DPS-GSEB-HIN-STD08-GEN-SCI-26,20,20,25,15,20,20,40
2026-2027,DPS-GSEB-HIN-STD08-GEN-SST-2026,DPS-GSEB-HIN-STD08-GEN-SST-26,20,20,25,15,20,20,40
2026-2027,DPS-GSEB-HIN-STD08-GEN-COMP-2026,DPS-GSEB-HIN-STD08-GEN-COMP-26,20,20,25,15,20,20,40
2026-2027,DPS-GSEB-HIN-STD08-GEN-ART-2026,DPS-GSEB-HIN-STD08-GEN-ART-26,20,20,25,15,20,20,40
2026-2027,DPS-GSEB-HIN-STD08-GEN-PE-2026,DPS-GSEB-HIN-STD08-GEN-PE-26,20,20,25,15,20,20,40
2026-2027,DPS-GSEB-HIN-STD09-GEN-ENG-2026,DPS-GSEB-HIN-STD09-GEN-ENG-26,15,20,25,20,20,20,40
2026-2027,DPS-GSEB-HIN-STD09-GEN-HIN-2026,DPS-GSEB-HIN-STD09-GEN-HIN-26,15,20,25,20,20,20,40
2026-2027,DPS-GSEB-HIN-STD09-GEN-REG_LANG-2026,DPS-GSEB-HIN-STD09-GEN-REG_LANG-26,15,20,25,20,20,20,40
2026-2027,DPS-GSEB-HIN-STD09-GEN-MATH-2026,DPS-GSEB-HIN-STD09-GEN-MATH-26,15,20,25,20,20,20,40
2026-2027,DPS-GSEB-HIN-STD09-GEN-SCI-2026,DPS-GSEB-HIN-STD09-GEN-SCI-26,15,20,25,20,20,20,40
2026-2027,DPS-GSEB-HIN-STD09-GEN-SST-2026,DPS-GSEB-HIN-STD09-GEN-SST-26,15,20,25,20,20,20,40
2026-2027,DPS-GSEB-HIN-STD09-GEN-COMP-2026,DPS-GSEB-HIN-STD09-GEN-COMP-26,15,20,25,20,20,20,40
2026-2027,DPS-GSEB-HIN-STD09-GEN-ART-2026,DPS-GSEB-HIN-STD09-GEN-ART-26,15,20,25,20,20,20,40
2026-2027,DPS-GSEB-HIN-STD09-GEN-PE-2026,DPS-GSEB-HIN-STD09-GEN-PE-26,15,20,25,20,20,20,40
2026-2027,DPS-GSEB-HIN-STD10-GEN-ENG-2026,DPS-GSEB-HIN-STD10-GEN-ENG-26,15,20,25,20,20,20,40
2026-2027,DPS-GSEB-HIN-STD10-GEN-HIN-2026,DPS-GSEB-HIN-STD10-GEN-HIN-26,15,20,25,20,20,20,40
2026-2027,DPS-GSEB-HIN-STD10-GEN-REG_LANG-2026,DPS-GSEB-HIN-STD10-GEN-REG_LANG-26,15,20,25,20,20,20,40
2026-2027,DPS-GSEB-HIN-STD10-GEN-MATH-2026,DPS-GSEB-HIN-STD10-GEN-MATH-26,15,20,25,20,20,20,40
2026-2027,DPS-GSEB-HIN-STD10-GEN-SCI-2026,DPS-GSEB-HIN-STD10-GEN-SCI-26,15,20,25,20,20,20,40
2026-2027,DPS-GSEB-HIN-STD10-GEN-SST-2026,DPS-GSEB-HIN-STD10-GEN-SST-26,15,20,25,20,20,20,40
2026-2027,DPS-GSEB-HIN-STD10-GEN-COMP-2026,DPS-GSEB-HIN-STD10-GEN-COMP-26,15,20,25,20,20,20,40
2026-2027,DPS-GSEB-HIN-STD10-GEN-ART-2026,DPS-GSEB-HIN-STD10-GEN-ART-26,15,20,25,20,20,20,40
2026-2027,DPS-GSEB-HIN-STD10-GEN-PE-2026,DPS-GSEB-HIN-STD10-GEN-PE-26,15,20,25,20,20,20,40
2026-2027,DPS-GSEB-HIN-STD11_SCI-SCI-ENG-2026,DPS-GSEB-HIN-STD11_SCI-SCI-ENG-26,10,25,25,20,20,20,40
2026-2027,DPS-GSEB-HIN-STD11_SCI-SCI-PE-2026,DPS-GSEB-HIN-STD11_SCI-SCI-PE-26,10,25,25,20,20,20,40
2026-2027,DPS-GSEB-HIN-STD11_SCI-SCI-PHY-2026,DPS-GSEB-HIN-STD11_SCI-SCI-PHY-26,10,25,25,20,20,20,40
2026-2027,DPS-GSEB-HIN-STD11_SCI-SCI-CHE-2026,DPS-GSEB-HIN-STD11_SCI-SCI-CHE-26,10,25,25,20,20,20,40
2026-2027,DPS-GSEB-HIN-STD11_SCI-SCI-BIO-2026,DPS-GSEB-HIN-STD11_SCI-SCI-BIO-26,10,25,25,20,20,20,40
2026-2027,DPS-GSEB-HIN-STD11_SCI-SCI-MATH_ADV-2026,DPS-GSEB-HIN-STD11_SCI-SCI-MATH_ADV-26,10,25,25,20,20,20,40
2026-2027,DPS-GSEB-HIN-STD11_SCI-SCI-IP-2026,DPS-GSEB-HIN-STD11_SCI-SCI-IP-26,10,25,25,20,20,20,40
2026-2027,DPS-GSEB-HIN-STD11_COM-COM-ENG-2026,DPS-GSEB-HIN-STD11_COM-COM-ENG-26,10,25,25,20,20,20,40
2026-2027,DPS-GSEB-HIN-STD11_COM-COM-PE-2026,DPS-GSEB-HIN-STD11_COM-COM-PE-26,10,25,25,20,20,20,40
2026-2027,DPS-GSEB-HIN-STD11_COM-COM-MATH_ADV-2026,DPS-GSEB-HIN-STD11_COM-COM-MATH_ADV-26,10,25,25,20,20,20,40
2026-2027,DPS-GSEB-HIN-STD11_COM-COM-APP_MATH-2026,DPS-GSEB-HIN-STD11_COM-COM-APP_MATH-26,10,25,25,20,20,20,40
2026-2027,DPS-GSEB-HIN-STD11_COM-COM-IP-2026,DPS-GSEB-HIN-STD11_COM-COM-IP-26,10,25,25,20,20,20,40
2026-2027,DPS-GSEB-HIN-STD11_COM-COM-ACC-2026,DPS-GSEB-HIN-STD11_COM-COM-ACC-26,10,25,25,20,20,20,40
2026-2027,DPS-GSEB-HIN-STD11_COM-COM-BST-2026,DPS-GSEB-HIN-STD11_COM-COM-BST-26,10,25,25,20,20,20,40
2026-2027,DPS-GSEB-HIN-STD11_COM-COM-ECO-2026,DPS-GSEB-HIN-STD11_COM-COM-ECO-26,10,25,25,20,20,20,40
2026-2027,DPS-GSEB-HIN-STD11_COM-COM-ENT-2026,DPS-GSEB-HIN-STD11_COM-COM-ENT-26,10,25,25,20,20,20,40
2026-2027,DPS-GSEB-HIN-STD11_ART-ART-ENG-2026,DPS-GSEB-HIN-STD11_ART-ART-ENG-26,10,25,25,20,20,20,40
2026-2027,DPS-GSEB-HIN-STD11_ART-ART-PE-2026,DPS-GSEB-HIN-STD11_ART-ART-PE-26,10,25,25,20,20,20,40
2026-2027,DPS-GSEB-HIN-STD11_ART-ART-APP_MATH-2026,DPS-GSEB-HIN-STD11_ART-ART-APP_MATH-26,10,25,25,20,20,20,40
2026-2027,DPS-GSEB-HIN-STD11_ART-ART-IP-2026,DPS-GSEB-HIN-STD11_ART-ART-IP-26,10,25,25,20,20,20,40
2026-2027,DPS-GSEB-HIN-STD11_ART-ART-HIS-2026,DPS-GSEB-HIN-STD11_ART-ART-HIS-26,10,25,25,20,20,20,40
2026-2027,DPS-GSEB-HIN-STD11_ART-ART-GEO-2026,DPS-GSEB-HIN-STD11_ART-ART-GEO-26,10,25,25,20,20,20,40
2026-2027,DPS-GSEB-HIN-STD11_ART-ART-POL-2026,DPS-GSEB-HIN-STD11_ART-ART-POL-26,10,25,25,20,20,20,40
2026-2027,DPS-GSEB-HIN-STD11_ART-ART-PSY-2026,DPS-GSEB-HIN-STD11_ART-ART-PSY-26,10,25,25,20,20,20,40
2026-2027,DPS-GSEB-HIN-STD11_ART-ART-SOC-2026,DPS-GSEB-HIN-STD11_ART-ART-SOC-26,10,25,25,20,20,20,40
2026-2027,DPS-GSEB-HIN-STD12_SCI-SCI-ENG-2026,DPS-GSEB-HIN-STD12_SCI-SCI-ENG-26,10,25,25,20,20,20,40
2026-2027,DPS-GSEB-HIN-STD12_SCI-SCI-PE-2026,DPS-GSEB-HIN-STD12_SCI-SCI-PE-26,10,25,25,20,20,20,40
2026-2027,DPS-GSEB-HIN-STD12_SCI-SCI-PHY-2026,DPS-GSEB-HIN-STD12_SCI-SCI-PHY-26,10,25,25,20,20,20,40
2026-2027,DPS-GSEB-HIN-STD12_SCI-SCI-CHE-2026,DPS-GSEB-HIN-STD12_SCI-SCI-CHE-26,10,25,25,20,20,20,40
2026-2027,DPS-GSEB-HIN-STD12_SCI-SCI-BIO-2026,DPS-GSEB-HIN-STD12_SCI-SCI-BIO-26,10,25,25,20,20,20,40
2026-2027,DPS-GSEB-HIN-STD12_SCI-SCI-MATH_ADV-2026,DPS-GSEB-HIN-STD12_SCI-SCI-MATH_ADV-26,10,25,25,20,20,20,40
2026-2027,DPS-GSEB-HIN-STD12_SCI-SCI-IP-2026,DPS-GSEB-HIN-STD12_SCI-SCI-IP-26,10,25,25,20,20,20,40
2026-2027,DPS-GSEB-HIN-STD12_COM-COM-ENG-2026,DPS-GSEB-HIN-STD12_COM-COM-ENG-26,10,25,25,20,20,20,40
2026-2027,DPS-GSEB-HIN-STD12_COM-COM-PE-2026,DPS-GSEB-HIN-STD12_COM-COM-PE-26,10,25,25,20,20,20,40
2026-2027,DPS-GSEB-HIN-STD12_COM-COM-MATH_ADV-2026,DPS-GSEB-HIN-STD12_COM-COM-MATH_ADV-26,10,25,25,20,20,20,40
2026-2027,DPS-GSEB-HIN-STD12_COM-COM-APP_MATH-2026,DPS-GSEB-HIN-STD12_COM-COM-APP_MATH-26,10,25,25,20,20,20,40
2026-2027,DPS-GSEB-HIN-STD12_COM-COM-IP-2026,DPS-GSEB-HIN-STD12_COM-COM-IP-26,10,25,25,20,20,20,40
2026-2027,DPS-GSEB-HIN-STD12_COM-COM-ACC-2026,DPS-GSEB-HIN-STD12_COM-COM-ACC-26,10,25,25,20,20,20,40
2026-2027,DPS-GSEB-HIN-STD12_COM-COM-BST-2026,DPS-GSEB-HIN-STD12_COM-COM-BST-26,10,25,25,20,20,20,40
2026-2027,DPS-GSEB-HIN-STD12_COM-COM-ECO-2026,DPS-GSEB-HIN-STD12_COM-COM-ECO-26,10,25,25,20,20,20,40
2026-2027,DPS-GSEB-HIN-STD12_COM-COM-ENT-2026,DPS-GSEB-HIN-STD12_COM-COM-ENT-26,10,25,25,20,20,20,40
2026-2027,DPS-GSEB-HIN-STD12_ART-ART-ENG-2026,DPS-GSEB-HIN-STD12_ART-ART-ENG-26,10,25,25,20,20,20,40
2026-2027,DPS-GSEB-HIN-STD12_ART-ART-PE-2026,DPS-GSEB-HIN-STD12_ART-ART-PE-26,10,25,25,20,20,20,40
2026-2027,DPS-GSEB-HIN-STD12_ART-ART-APP_MATH-2026,DPS-GSEB-HIN-STD12_ART-ART-APP_MATH-26,10,25,25,20,20,20,40
2026-2027,DPS-GSEB-HIN-STD12_ART-ART-IP-2026,DPS-GSEB-HIN-STD12_ART-ART-IP-26,10,25,25,20,20,20,40
2026-2027,DPS-GSEB-HIN-STD12_ART-ART-HIS-2026,DPS-GSEB-HIN-STD12_ART-ART-HIS-26,10,25,25,20,20,20,40
2026-2027,DPS-GSEB-HIN-STD12_ART-ART-GEO-2026,DPS-GSEB-HIN-STD12_ART-ART-GEO-26,10,25,25,20,20,20,40
2026-2027,DPS-GSEB-HIN-STD12_ART-ART-POL-2026,DPS-GSEB-HIN-STD12_ART-ART-POL-26,10,25,25,20,20,20,40
2026-2027,DPS-GSEB-HIN-STD12_ART-ART-PSY-2026,DPS-GSEB-HIN-STD12_ART-ART-PSY-26,10,25,25,20,20,20,40
2026-2027,DPS-GSEB-HIN-STD12_ART-ART-SOC-2026,DPS-GSEB-HIN-STD12_ART-ART-SOC-26,10,25,25,20,20,20,40
2026-2027,DPS-GSEB-HIN-ITI_ELEC-VOC_IND-ENG_DRAW-2026,DPS-GSEB-HIN-ITI_ELEC-VOC_IND-ENG_DRAW-26,20,20,25,15,20,20,40
2026-2027,DPS-GSEB-HIN-ITI_ELEC-VOC_IND-WORK_PRAC-2026,DPS-GSEB-HIN-ITI_ELEC-VOC_IND-WORK_PRAC-26,20,20,25,15,20,20,40
2026-2027,DPS-GSEB-HIN-ITI_ELEC-VOC_IND-ELEC_THEORY-2026,DPS-GSEB-HIN-ITI_ELEC-VOC_IND-ELEC_THEORY-26,20,20,25,15,20,20,40
2026-2027,DPS-GSEB-HIN-ITI_ELEC-VOC_IND-FIT_THEORY-2026,DPS-GSEB-HIN-ITI_ELEC-VOC_IND-FIT_THEORY-26,20,20,25,15,20,20,40
2026-2027,DPS-GSEB-HIN-ITI_FIT-VOC_IND-ENG_DRAW-2026,DPS-GSEB-HIN-ITI_FIT-VOC_IND-ENG_DRAW-26,20,20,25,15,20,20,40
2026-2027,DPS-GSEB-HIN-ITI_FIT-VOC_IND-WORK_PRAC-2026,DPS-GSEB-HIN-ITI_FIT-VOC_IND-WORK_PRAC-26,20,20,25,15,20,20,40
2026-2027,DPS-GSEB-HIN-ITI_FIT-VOC_IND-ELEC_THEORY-2026,DPS-GSEB-HIN-ITI_FIT-VOC_IND-ELEC_THEORY-26,20,20,25,15,20,20,40
2026-2027,DPS-GSEB-HIN-ITI_FIT-VOC_IND-FIT_THEORY-2026,DPS-GSEB-HIN-ITI_FIT-VOC_IND-FIT_THEORY-26,20,20,25,15,20,20,40
2026-2027,DPS-GSEB-HIN-POLY_ME_Y1-ENG-ENG_DRAW-2026,DPS-GSEB-HIN-POLY_ME_Y1-ENG-ENG_DRAW-26,20,20,25,15,20,20,40
2026-2027,DPS-GSEB-HIN-POLY_ME_Y1-ENG-WORK_PRAC-2026,DPS-GSEB-HIN-POLY_ME_Y1-ENG-WORK_PRAC-26,20,20,25,15,20,20,40
2026-2027,DPS-GSEB-HIN-POLY_ME_Y2-ENG-ENG_DRAW-2026,DPS-GSEB-HIN-POLY_ME_Y2-ENG-ENG_DRAW-26,20,20,25,15,20,20,40
2026-2027,DPS-GSEB-HIN-POLY_ME_Y2-ENG-WORK_PRAC-2026,DPS-GSEB-HIN-POLY_ME_Y2-ENG-WORK_PRAC-26,20,20,25,15,20,20,40
2026-2027,DPS-GSEB-HIN-POLY_ME_Y3-ENG-ENG_DRAW-2026,DPS-GSEB-HIN-POLY_ME_Y3-ENG-ENG_DRAW-26,20,20,25,15,20,20,40
2026-2027,DPS-GSEB-HIN-POLY_ME_Y3-ENG-WORK_PRAC-2026,DPS-GSEB-HIN-POLY_ME_Y3-ENG-WORK_PRAC-26,20,20,25,15,20,20,40
2026-2027,DPS-GSEB-HIN-POLY_CE_Y1-ENG-ENG_DRAW-2026,DPS-GSEB-HIN-POLY_CE_Y1-ENG-ENG_DRAW-26,20,20,25,15,20,20,40
2026-2027,DPS-GSEB-HIN-POLY_CE_Y1-ENG-WORK_PRAC-2026,DPS-GSEB-HIN-POLY_CE_Y1-ENG-WORK_PRAC-26,20,20,25,15,20,20,40
2026-2027,DPS-GSEB-HIN-POLY_CE_Y2-ENG-ENG_DRAW-2026,DPS-GSEB-HIN-POLY_CE_Y2-ENG-ENG_DRAW-26,20,20,25,15,20,20,40
2026-2027,DPS-GSEB-HIN-POLY_CE_Y2-ENG-WORK_PRAC-2026,DPS-GSEB-HIN-POLY_CE_Y2-ENG-WORK_PRAC-26,20,20,25,15,20,20,40
2026-2027,DPS-GSEB-HIN-POLY_CE_Y3-ENG-ENG_DRAW-2026,DPS-GSEB-HIN-POLY_CE_Y3-ENG-ENG_DRAW-26,20,20,25,15,20,20,40
2026-2027,DPS-GSEB-HIN-POLY_CE_Y3-ENG-WORK_PRAC-2026,DPS-GSEB-HIN-POLY_CE_Y3-ENG-WORK_PRAC-26,20,20,25,15,20,20,40
2026-2027,DPS-GSEB-HIN-NUR_GNM_Y1-NUR-NUR_FND-2026,DPS-GSEB-HIN-NUR_GNM_Y1-NUR-NUR_FND-26,20,20,25,15,20,20,40
2026-2027,DPS-GSEB-HIN-NUR_GNM_Y2-NUR-NUR_FND-2026,DPS-GSEB-HIN-NUR_GNM_Y2-NUR-NUR_FND-26,20,20,25,15,20,20,40
2026-2027,DPS-GSEB-HIN-UNI_UG_CSE_Y1-ENG-DSA-2026,DPS-GSEB-HIN-UNI_UG_CSE_Y1-ENG-DSA-26,20,20,25,15,20,20,40
2026-2027,DPS-GSEB-HIN-UNI_UG_CSE_Y1-ENG-DBMS-2026,DPS-GSEB-HIN-UNI_UG_CSE_Y1-ENG-DBMS-26,20,20,25,15,20,20,40
2026-2027,DPS-GSEB-HIN-UNI_UG_CSE_Y1-ENG-OS-2026,DPS-GSEB-HIN-UNI_UG_CSE_Y1-ENG-OS-26,20,20,25,15,20,20,40
2026-2027,DPS-GSEB-HIN-UNI_UG_CSE_Y1-ENG-CN-2026,DPS-GSEB-HIN-UNI_UG_CSE_Y1-ENG-CN-26,20,20,25,15,20,20,40
2026-2027,DPS-GSEB-HIN-UNI_UG_CSE_Y1-ENG-AI_ML-2026,DPS-GSEB-HIN-UNI_UG_CSE_Y1-ENG-AI_ML-26,20,20,25,15,20,20,40
2026-2027,DPS-GSEB-HIN-UNI_UG_CSE_Y1-ENG-SWE-2026,DPS-GSEB-HIN-UNI_UG_CSE_Y1-ENG-SWE-26,20,20,25,15,20,20,40
2026-2027,DPS-GSEB-HIN-UNI_UG_CSE_Y1-ENG-THERMO-2026,DPS-GSEB-HIN-UNI_UG_CSE_Y1-ENG-THERMO-26,20,20,25,15,20,20,40
2026-2027,DPS-GSEB-HIN-UNI_UG_CSE_Y1-ENG-CIRCUITS-2026,DPS-GSEB-HIN-UNI_UG_CSE_Y1-ENG-CIRCUITS-26,20,20,25,15,20,20,40
2026-2027,DPS-GSEB-HIN-UNI_UG_CSE_Y1-ENG-ANAT-2026,DPS-GSEB-HIN-UNI_UG_CSE_Y1-ENG-ANAT-26,20,20,25,15,20,20,40
2026-2027,DPS-GSEB-HIN-UNI_UG_CSE_Y1-ENG-PHYS-2026,DPS-GSEB-HIN-UNI_UG_CSE_Y1-ENG-PHYS-26,20,20,25,15,20,20,40
2026-2027,DPS-GSEB-HIN-UNI_UG_CSE_Y1-ENG-PHARM-2026,DPS-GSEB-HIN-UNI_UG_CSE_Y1-ENG-PHARM-26,20,20,25,15,20,20,40
2026-2027,DPS-GSEB-HIN-UNI_UG_CSE_Y1-ENG-PATH-2026,DPS-GSEB-HIN-UNI_UG_CSE_Y1-ENG-PATH-26,20,20,25,15,20,20,40
2026-2027,DPS-GSEB-HIN-UNI_UG_CSE_Y1-ENG-COM_MED-2026,DPS-GSEB-HIN-UNI_UG_CSE_Y1-ENG-COM_MED-26,20,20,25,15,20,20,40
2026-2027,DPS-GSEB-HIN-UNI_UG_CSE_Y1-ENG-LAW_CON-2026,DPS-GSEB-HIN-UNI_UG_CSE_Y1-ENG-LAW_CON-26,20,20,25,15,20,20,40
2026-2027,DPS-GSEB-HIN-UNI_UG_CSE_Y1-ENG-LAW_IPC-2026,DPS-GSEB-HIN-UNI_UG_CSE_Y1-ENG-LAW_IPC-26,20,20,25,15,20,20,40
2026-2027,DPS-GSEB-HIN-UNI_UG_CSE_Y1-ENG-LAW_CONTR-2026,DPS-GSEB-HIN-UNI_UG_CSE_Y1-ENG-LAW_CONTR-26,20,20,25,15,20,20,40
2026-2027,DPS-GSEB-HIN-UNI_UG_CSE_Y1-ENG-JURIS-2026,DPS-GSEB-HIN-UNI_UG_CSE_Y1-ENG-JURIS-26,20,20,25,15,20,20,40
2026-2027,DPS-GSEB-HIN-UNI_UG_CSE_Y1-ENG-CORP_ACC-2026,DPS-GSEB-HIN-UNI_UG_CSE_Y1-ENG-CORP_ACC-26,20,20,25,15,20,20,40
2026-2027,DPS-GSEB-HIN-UNI_UG_CSE_Y1-ENG-FIN_MGT-2026,DPS-GSEB-HIN-UNI_UG_CSE_Y1-ENG-FIN_MGT-26,20,20,25,15,20,20,40
2026-2027,DPS-GSEB-HIN-UNI_UG_CSE_Y1-ENG-MKT_MGT-2026,DPS-GSEB-HIN-UNI_UG_CSE_Y1-ENG-MKT_MGT-26,20,20,25,15,20,20,40
2026-2027,DPS-GSEB-HIN-UNI_UG_CSE_Y1-ENG-OB-2026,DPS-GSEB-HIN-UNI_UG_CSE_Y1-ENG-OB-26,20,20,25,15,20,20,40
2026-2027,DPS-GSEB-HIN-UNI_UG_CSE_Y1-ENG-UI_UX-2026,DPS-GSEB-HIN-UNI_UG_CSE_Y1-ENG-UI_UX-26,20,20,25,15,20,20,40
2026-2027,DPS-GSEB-HIN-UNI_UG_CSE_Y1-ENG-TYPO-2026,DPS-GSEB-HIN-UNI_UG_CSE_Y1-ENG-TYPO-26,20,20,25,15,20,20,40
2026-2027,DPS-GSEB-HIN-UNI_UG_CSE_Y1-ENG-ARCH_DSN-2026,DPS-GSEB-HIN-UNI_UG_CSE_Y1-ENG-ARCH_DSN-26,20,20,25,15,20,20,40
2026-2027,DPS-GSEB-HIN-UNI_UG_CSE_Y2-ENG-DSA-2026,DPS-GSEB-HIN-UNI_UG_CSE_Y2-ENG-DSA-26,20,20,25,15,20,20,40
2026-2027,DPS-GSEB-HIN-UNI_UG_CSE_Y2-ENG-DBMS-2026,DPS-GSEB-HIN-UNI_UG_CSE_Y2-ENG-DBMS-26,20,20,25,15,20,20,40
2026-2027,DPS-GSEB-HIN-UNI_UG_CSE_Y2-ENG-OS-2026,DPS-GSEB-HIN-UNI_UG_CSE_Y2-ENG-OS-26,20,20,25,15,20,20,40
2026-2027,DPS-GSEB-HIN-UNI_UG_CSE_Y2-ENG-CN-2026,DPS-GSEB-HIN-UNI_UG_CSE_Y2-ENG-CN-26,20,20,25,15,20,20,40
2026-2027,DPS-GSEB-HIN-UNI_UG_CSE_Y2-ENG-AI_ML-2026,DPS-GSEB-HIN-UNI_UG_CSE_Y2-ENG-AI_ML-26,20,20,25,15,20,20,40
2026-2027,DPS-GSEB-HIN-UNI_UG_CSE_Y2-ENG-SWE-2026,DPS-GSEB-HIN-UNI_UG_CSE_Y2-ENG-SWE-26,20,20,25,15,20,20,40
2026-2027,DPS-GSEB-HIN-UNI_UG_CSE_Y2-ENG-THERMO-2026,DPS-GSEB-HIN-UNI_UG_CSE_Y2-ENG-THERMO-26,20,20,25,15,20,20,40
2026-2027,DPS-GSEB-HIN-UNI_UG_CSE_Y2-ENG-CIRCUITS-2026,DPS-GSEB-HIN-UNI_UG_CSE_Y2-ENG-CIRCUITS-26,20,20,25,15,20,20,40
2026-2027,DPS-GSEB-HIN-UNI_UG_CSE_Y2-ENG-ANAT-2026,DPS-GSEB-HIN-UNI_UG_CSE_Y2-ENG-ANAT-26,20,20,25,15,20,20,40
2026-2027,DPS-GSEB-HIN-UNI_UG_CSE_Y2-ENG-PHYS-2026,DPS-GSEB-HIN-UNI_UG_CSE_Y2-ENG-PHYS-26,20,20,25,15,20,20,40
2026-2027,DPS-GSEB-HIN-UNI_UG_CSE_Y2-ENG-PHARM-2026,DPS-GSEB-HIN-UNI_UG_CSE_Y2-ENG-PHARM-26,20,20,25,15,20,20,40
2026-2027,DPS-GSEB-HIN-UNI_UG_CSE_Y2-ENG-PATH-2026,DPS-GSEB-HIN-UNI_UG_CSE_Y2-ENG-PATH-26,20,20,25,15,20,20,40
2026-2027,DPS-GSEB-HIN-UNI_UG_CSE_Y2-ENG-COM_MED-2026,DPS-GSEB-HIN-UNI_UG_CSE_Y2-ENG-COM_MED-26,20,20,25,15,20,20,40
2026-2027,DPS-GSEB-HIN-UNI_UG_CSE_Y2-ENG-LAW_CON-2026,DPS-GSEB-HIN-UNI_UG_CSE_Y2-ENG-LAW_CON-26,20,20,25,15,20,20,40
2026-2027,DPS-GSEB-HIN-UNI_UG_CSE_Y2-ENG-LAW_IPC-2026,DPS-GSEB-HIN-UNI_UG_CSE_Y2-ENG-LAW_IPC-26,20,20,25,15,20,20,40
2026-2027,DPS-GSEB-HIN-UNI_UG_CSE_Y2-ENG-LAW_CONTR-2026,DPS-GSEB-HIN-UNI_UG_CSE_Y2-ENG-LAW_CONTR-26,20,20,25,15,20,20,40
2026-2027,DPS-GSEB-HIN-UNI_UG_CSE_Y2-ENG-JURIS-2026,DPS-GSEB-HIN-UNI_UG_CSE_Y2-ENG-JURIS-26,20,20,25,15,20,20,40
2026-2027,DPS-GSEB-HIN-UNI_UG_CSE_Y2-ENG-CORP_ACC-2026,DPS-GSEB-HIN-UNI_UG_CSE_Y2-ENG-CORP_ACC-26,20,20,25,15,20,20,40
2026-2027,DPS-GSEB-HIN-UNI_UG_CSE_Y2-ENG-FIN_MGT-2026,DPS-GSEB-HIN-UNI_UG_CSE_Y2-ENG-FIN_MGT-26,20,20,25,15,20,20,40
2026-2027,DPS-GSEB-HIN-UNI_UG_CSE_Y2-ENG-MKT_MGT-2026,DPS-GSEB-HIN-UNI_UG_CSE_Y2-ENG-MKT_MGT-26,20,20,25,15,20,20,40
2026-2027,DPS-GSEB-HIN-UNI_UG_CSE_Y2-ENG-OB-2026,DPS-GSEB-HIN-UNI_UG_CSE_Y2-ENG-OB-26,20,20,25,15,20,20,40
2026-2027,DPS-GSEB-HIN-UNI_UG_CSE_Y2-ENG-UI_UX-2026,DPS-GSEB-HIN-UNI_UG_CSE_Y2-ENG-UI_UX-26,20,20,25,15,20,20,40
2026-2027,DPS-GSEB-HIN-UNI_UG_CSE_Y2-ENG-TYPO-2026,DPS-GSEB-HIN-UNI_UG_CSE_Y2-ENG-TYPO-26,20,20,25,15,20,20,40
2026-2027,DPS-GSEB-HIN-UNI_UG_CSE_Y2-ENG-ARCH_DSN-2026,DPS-GSEB-HIN-UNI_UG_CSE_Y2-ENG-ARCH_DSN-26,20,20,25,15,20,20,40
2026-2027,DPS-GSEB-HIN-UNI_UG_CSE_Y3-ENG-DSA-2026,DPS-GSEB-HIN-UNI_UG_CSE_Y3-ENG-DSA-26,20,20,25,15,20,20,40
2026-2027,DPS-GSEB-HIN-UNI_UG_CSE_Y3-ENG-DBMS-2026,DPS-GSEB-HIN-UNI_UG_CSE_Y3-ENG-DBMS-26,20,20,25,15,20,20,40
2026-2027,DPS-GSEB-HIN-UNI_UG_CSE_Y3-ENG-OS-2026,DPS-GSEB-HIN-UNI_UG_CSE_Y3-ENG-OS-26,20,20,25,15,20,20,40
2026-2027,DPS-GSEB-HIN-UNI_UG_CSE_Y3-ENG-CN-2026,DPS-GSEB-HIN-UNI_UG_CSE_Y3-ENG-CN-26,20,20,25,15,20,20,40
2026-2027,DPS-GSEB-HIN-UNI_UG_CSE_Y3-ENG-AI_ML-2026,DPS-GSEB-HIN-UNI_UG_CSE_Y3-ENG-AI_ML-26,20,20,25,15,20,20,40
2026-2027,DPS-GSEB-HIN-UNI_UG_CSE_Y3-ENG-SWE-2026,DPS-GSEB-HIN-UNI_UG_CSE_Y3-ENG-SWE-26,20,20,25,15,20,20,40
2026-2027,DPS-GSEB-HIN-UNI_UG_CSE_Y3-ENG-THERMO-2026,DPS-GSEB-HIN-UNI_UG_CSE_Y3-ENG-THERMO-26,20,20,25,15,20,20,40
2026-2027,DPS-GSEB-HIN-UNI_UG_CSE_Y3-ENG-CIRCUITS-2026,DPS-GSEB-HIN-UNI_UG_CSE_Y3-ENG-CIRCUITS-26,20,20,25,15,20,20,40
2026-2027,DPS-GSEB-HIN-UNI_UG_CSE_Y3-ENG-ANAT-2026,DPS-GSEB-HIN-UNI_UG_CSE_Y3-ENG-ANAT-26,20,20,25,15,20,20,40
2026-2027,DPS-GSEB-HIN-UNI_UG_CSE_Y3-ENG-PHYS-2026,DPS-GSEB-HIN-UNI_UG_CSE_Y3-ENG-PHYS-26,20,20,25,15,20,20,40
2026-2027,DPS-GSEB-HIN-UNI_UG_CSE_Y3-ENG-PHARM-2026,DPS-GSEB-HIN-UNI_UG_CSE_Y3-ENG-PHARM-26,20,20,25,15,20,20,40
2026-2027,DPS-GSEB-HIN-UNI_UG_CSE_Y3-ENG-PATH-2026,DPS-GSEB-HIN-UNI_UG_CSE_Y3-ENG-PATH-26,20,20,25,15,20,20,40
2026-2027,DPS-GSEB-HIN-UNI_UG_CSE_Y3-ENG-COM_MED-2026,DPS-GSEB-HIN-UNI_UG_CSE_Y3-ENG-COM_MED-26,20,20,25,15,20,20,40
2026-2027,DPS-GSEB-HIN-UNI_UG_CSE_Y3-ENG-LAW_CON-2026,DPS-GSEB-HIN-UNI_UG_CSE_Y3-ENG-LAW_CON-26,20,20,25,15,20,20,40
2026-2027,DPS-GSEB-HIN-UNI_UG_CSE_Y3-ENG-LAW_IPC-2026,DPS-GSEB-HIN-UNI_UG_CSE_Y3-ENG-LAW_IPC-26,20,20,25,15,20,20,40
2026-2027,DPS-GSEB-HIN-UNI_UG_CSE_Y3-ENG-LAW_CONTR-2026,DPS-GSEB-HIN-UNI_UG_CSE_Y3-ENG-LAW_CONTR-26,20,20,25,15,20,20,40
2026-2027,DPS-GSEB-HIN-UNI_UG_CSE_Y3-ENG-JURIS-2026,DPS-GSEB-HIN-UNI_UG_CSE_Y3-ENG-JURIS-26,20,20,25,15,20,20,40
2026-2027,DPS-GSEB-HIN-UNI_UG_CSE_Y3-ENG-CORP_ACC-2026,DPS-GSEB-HIN-UNI_UG_CSE_Y3-ENG-CORP_ACC-26,20,20,25,15,20,20,40
2026-2027,DPS-GSEB-HIN-UNI_UG_CSE_Y3-ENG-FIN_MGT-2026,DPS-GSEB-HIN-UNI_UG_CSE_Y3-ENG-FIN_MGT-26,20,20,25,15,20,20,40
2026-2027,DPS-GSEB-HIN-UNI_UG_CSE_Y3-ENG-MKT_MGT-2026,DPS-GSEB-HIN-UNI_UG_CSE_Y3-ENG-MKT_MGT-26,20,20,25,15,20,20,40
2026-2027,DPS-GSEB-HIN-UNI_UG_CSE_Y3-ENG-OB-2026,DPS-GSEB-HIN-UNI_UG_CSE_Y3-ENG-OB-26,20,20,25,15,20,20,40
2026-2027,DPS-GSEB-HIN-UNI_UG_CSE_Y3-ENG-UI_UX-2026,DPS-GSEB-HIN-UNI_UG_CSE_Y3-ENG-UI_UX-26,20,20,25,15,20,20,40
2026-2027,DPS-GSEB-HIN-UNI_UG_CSE_Y3-ENG-TYPO-2026,DPS-GSEB-HIN-UNI_UG_CSE_Y3-ENG-TYPO-26,20,20,25,15,20,20,40
2026-2027,DPS-GSEB-HIN-UNI_UG_CSE_Y3-ENG-ARCH_DSN-2026,DPS-GSEB-HIN-UNI_UG_CSE_Y3-ENG-ARCH_DSN-26,20,20,25,15,20,20,40
2026-2027,DPS-GSEB-HIN-UNI_UG_CSE_Y4-ENG-DSA-2026,DPS-GSEB-HIN-UNI_UG_CSE_Y4-ENG-DSA-26,20,20,25,15,20,20,40
2026-2027,DPS-GSEB-HIN-UNI_UG_CSE_Y4-ENG-DBMS-2026,DPS-GSEB-HIN-UNI_UG_CSE_Y4-ENG-DBMS-26,20,20,25,15,20,20,40
2026-2027,DPS-GSEB-HIN-UNI_UG_CSE_Y4-ENG-OS-2026,DPS-GSEB-HIN-UNI_UG_CSE_Y4-ENG-OS-26,20,20,25,15,20,20,40
2026-2027,DPS-GSEB-HIN-UNI_UG_CSE_Y4-ENG-CN-2026,DPS-GSEB-HIN-UNI_UG_CSE_Y4-ENG-CN-26,20,20,25,15,20,20,40
2026-2027,DPS-GSEB-HIN-UNI_UG_CSE_Y4-ENG-AI_ML-2026,DPS-GSEB-HIN-UNI_UG_CSE_Y4-ENG-AI_ML-26,20,20,25,15,20,20,40
2026-2027,DPS-GSEB-HIN-UNI_UG_CSE_Y4-ENG-SWE-2026,DPS-GSEB-HIN-UNI_UG_CSE_Y4-ENG-SWE-26,20,20,25,15,20,20,40
2026-2027,DPS-GSEB-HIN-UNI_UG_CSE_Y4-ENG-THERMO-2026,DPS-GSEB-HIN-UNI_UG_CSE_Y4-ENG-THERMO-26,20,20,25,15,20,20,40
2026-2027,DPS-GSEB-HIN-UNI_UG_CSE_Y4-ENG-CIRCUITS-2026,DPS-GSEB-HIN-UNI_UG_CSE_Y4-ENG-CIRCUITS-26,20,20,25,15,20,20,40
2026-2027,DPS-GSEB-HIN-UNI_UG_CSE_Y4-ENG-ANAT-2026,DPS-GSEB-HIN-UNI_UG_CSE_Y4-ENG-ANAT-26,20,20,25,15,20,20,40
2026-2027,DPS-GSEB-HIN-UNI_UG_CSE_Y4-ENG-PHYS-2026,DPS-GSEB-HIN-UNI_UG_CSE_Y4-ENG-PHYS-26,20,20,25,15,20,20,40
2026-2027,DPS-GSEB-HIN-UNI_UG_CSE_Y4-ENG-PHARM-2026,DPS-GSEB-HIN-UNI_UG_CSE_Y4-ENG-PHARM-26,20,20,25,15,20,20,40
2026-2027,DPS-GSEB-HIN-UNI_UG_CSE_Y4-ENG-PATH-2026,DPS-GSEB-HIN-UNI_UG_CSE_Y4-ENG-PATH-26,20,20,25,15,20,20,40
2026-2027,DPS-GSEB-HIN-UNI_UG_CSE_Y4-ENG-COM_MED-2026,DPS-GSEB-HIN-UNI_UG_CSE_Y4-ENG-COM_MED-26,20,20,25,15,20,20,40
2026-2027,DPS-GSEB-HIN-UNI_UG_CSE_Y4-ENG-LAW_CON-2026,DPS-GSEB-HIN-UNI_UG_CSE_Y4-ENG-LAW_CON-26,20,20,25,15,20,20,40
2026-2027,DPS-GSEB-HIN-UNI_UG_CSE_Y4-ENG-LAW_IPC-2026,DPS-GSEB-HIN-UNI_UG_CSE_Y4-ENG-LAW_IPC-26,20,20,25,15,20,20,40
2026-2027,DPS-GSEB-HIN-UNI_UG_CSE_Y4-ENG-LAW_CONTR-2026,DPS-GSEB-HIN-UNI_UG_CSE_Y4-ENG-LAW_CONTR-26,20,20,25,15,20,20,40
2026-2027,DPS-GSEB-HIN-UNI_UG_CSE_Y4-ENG-JURIS-2026,DPS-GSEB-HIN-UNI_UG_CSE_Y4-ENG-JURIS-26,20,20,25,15,20,20,40
2026-2027,DPS-GSEB-HIN-UNI_UG_CSE_Y4-ENG-CORP_ACC-2026,DPS-GSEB-HIN-UNI_UG_CSE_Y4-ENG-CORP_ACC-26,20,20,25,15,20,20,40
2026-2027,DPS-GSEB-HIN-UNI_UG_CSE_Y4-ENG-FIN_MGT-2026,DPS-GSEB-HIN-UNI_UG_CSE_Y4-ENG-FIN_MGT-26,20,20,25,15,20,20,40
2026-2027,DPS-GSEB-HIN-UNI_UG_CSE_Y4-ENG-MKT_MGT-2026,DPS-GSEB-HIN-UNI_UG_CSE_Y4-ENG-MKT_MGT-26,20,20,25,15,20,20,40
2026-2027,DPS-GSEB-HIN-UNI_UG_CSE_Y4-ENG-OB-2026,DPS-GSEB-HIN-UNI_UG_CSE_Y4-ENG-OB-26,20,20,25,15,20,20,40
2026-2027,DPS-GSEB-HIN-UNI_UG_CSE_Y4-ENG-UI_UX-2026,DPS-GSEB-HIN-UNI_UG_CSE_Y4-ENG-UI_UX-26,20,20,25,15,20,20,40
2026-2027,DPS-GSEB-HIN-UNI_UG_CSE_Y4-ENG-TYPO-2026,DPS-GSEB-HIN-UNI_UG_CSE_Y4-ENG-TYPO-26,20,20,25,15,20,20,40
2026-2027,DPS-GSEB-HIN-UNI_UG_CSE_Y4-ENG-ARCH_DSN-2026,DPS-GSEB-HIN-UNI_UG_CSE_Y4-ENG-ARCH_DSN-26,20,20,25,15,20,20,40
2026-2027,DPS-GSEB-HIN-UNI_UG_DS_Y1-SCI-DSA-2026,DPS-GSEB-HIN-UNI_UG_DS_Y1-SCI-DSA-26,20,20,25,15,20,20,40
2026-2027,DPS-GSEB-HIN-UNI_UG_DS_Y1-SCI-DBMS-2026,DPS-GSEB-HIN-UNI_UG_DS_Y1-SCI-DBMS-26,20,20,25,15,20,20,40
2026-2027,DPS-GSEB-HIN-UNI_UG_DS_Y1-SCI-OS-2026,DPS-GSEB-HIN-UNI_UG_DS_Y1-SCI-OS-26,20,20,25,15,20,20,40
2026-2027,DPS-GSEB-HIN-UNI_UG_DS_Y1-SCI-CN-2026,DPS-GSEB-HIN-UNI_UG_DS_Y1-SCI-CN-26,20,20,25,15,20,20,40
2026-2027,DPS-GSEB-HIN-UNI_UG_DS_Y1-SCI-AI_ML-2026,DPS-GSEB-HIN-UNI_UG_DS_Y1-SCI-AI_ML-26,20,20,25,15,20,20,40
2026-2027,DPS-GSEB-HIN-UNI_UG_DS_Y1-SCI-SWE-2026,DPS-GSEB-HIN-UNI_UG_DS_Y1-SCI-SWE-26,20,20,25,15,20,20,40
2026-2027,DPS-GSEB-HIN-UNI_UG_DS_Y1-SCI-THERMO-2026,DPS-GSEB-HIN-UNI_UG_DS_Y1-SCI-THERMO-26,20,20,25,15,20,20,40
2026-2027,DPS-GSEB-HIN-UNI_UG_DS_Y1-SCI-CIRCUITS-2026,DPS-GSEB-HIN-UNI_UG_DS_Y1-SCI-CIRCUITS-26,20,20,25,15,20,20,40
2026-2027,DPS-GSEB-HIN-UNI_UG_DS_Y1-SCI-ANAT-2026,DPS-GSEB-HIN-UNI_UG_DS_Y1-SCI-ANAT-26,20,20,25,15,20,20,40
2026-2027,DPS-GSEB-HIN-UNI_UG_DS_Y1-SCI-PHYS-2026,DPS-GSEB-HIN-UNI_UG_DS_Y1-SCI-PHYS-26,20,20,25,15,20,20,40
2026-2027,DPS-GSEB-HIN-UNI_UG_DS_Y1-SCI-PHARM-2026,DPS-GSEB-HIN-UNI_UG_DS_Y1-SCI-PHARM-26,20,20,25,15,20,20,40
2026-2027,DPS-GSEB-HIN-UNI_UG_DS_Y1-SCI-PATH-2026,DPS-GSEB-HIN-UNI_UG_DS_Y1-SCI-PATH-26,20,20,25,15,20,20,40
2026-2027,DPS-GSEB-HIN-UNI_UG_DS_Y1-SCI-COM_MED-2026,DPS-GSEB-HIN-UNI_UG_DS_Y1-SCI-COM_MED-26,20,20,25,15,20,20,40
2026-2027,DPS-GSEB-HIN-UNI_UG_DS_Y1-SCI-LAW_CON-2026,DPS-GSEB-HIN-UNI_UG_DS_Y1-SCI-LAW_CON-26,20,20,25,15,20,20,40
2026-2027,DPS-GSEB-HIN-UNI_UG_DS_Y1-SCI-LAW_IPC-2026,DPS-GSEB-HIN-UNI_UG_DS_Y1-SCI-LAW_IPC-26,20,20,25,15,20,20,40
2026-2027,DPS-GSEB-HIN-UNI_UG_DS_Y1-SCI-LAW_CONTR-2026,DPS-GSEB-HIN-UNI_UG_DS_Y1-SCI-LAW_CONTR-26,20,20,25,15,20,20,40
2026-2027,DPS-GSEB-HIN-UNI_UG_DS_Y1-SCI-JURIS-2026,DPS-GSEB-HIN-UNI_UG_DS_Y1-SCI-JURIS-26,20,20,25,15,20,20,40
2026-2027,DPS-GSEB-HIN-UNI_UG_DS_Y1-SCI-CORP_ACC-2026,DPS-GSEB-HIN-UNI_UG_DS_Y1-SCI-CORP_ACC-26,20,20,25,15,20,20,40
2026-2027,DPS-GSEB-HIN-UNI_UG_DS_Y1-SCI-FIN_MGT-2026,DPS-GSEB-HIN-UNI_UG_DS_Y1-SCI-FIN_MGT-26,20,20,25,15,20,20,40
2026-2027,DPS-GSEB-HIN-UNI_UG_DS_Y1-SCI-MKT_MGT-2026,DPS-GSEB-HIN-UNI_UG_DS_Y1-SCI-MKT_MGT-26,20,20,25,15,20,20,40
2026-2027,DPS-GSEB-HIN-UNI_UG_DS_Y1-SCI-OB-2026,DPS-GSEB-HIN-UNI_UG_DS_Y1-SCI-OB-26,20,20,25,15,20,20,40
2026-2027,DPS-GSEB-HIN-UNI_UG_DS_Y1-SCI-UI_UX-2026,DPS-GSEB-HIN-UNI_UG_DS_Y1-SCI-UI_UX-26,20,20,25,15,20,20,40
2026-2027,DPS-GSEB-HIN-UNI_UG_DS_Y1-SCI-TYPO-2026,DPS-GSEB-HIN-UNI_UG_DS_Y1-SCI-TYPO-26,20,20,25,15,20,20,40
2026-2027,DPS-GSEB-HIN-UNI_UG_DS_Y1-SCI-ARCH_DSN-2026,DPS-GSEB-HIN-UNI_UG_DS_Y1-SCI-ARCH_DSN-26,20,20,25,15,20,20,40
2026-2027,DPS-GSEB-HIN-UNI_UG_DS_Y2-SCI-DSA-2026,DPS-GSEB-HIN-UNI_UG_DS_Y2-SCI-DSA-26,20,20,25,15,20,20,40
2026-2027,DPS-GSEB-HIN-UNI_UG_DS_Y2-SCI-DBMS-2026,DPS-GSEB-HIN-UNI_UG_DS_Y2-SCI-DBMS-26,20,20,25,15,20,20,40
2026-2027,DPS-GSEB-HIN-UNI_UG_DS_Y2-SCI-OS-2026,DPS-GSEB-HIN-UNI_UG_DS_Y2-SCI-OS-26,20,20,25,15,20,20,40
2026-2027,DPS-GSEB-HIN-UNI_UG_DS_Y2-SCI-CN-2026,DPS-GSEB-HIN-UNI_UG_DS_Y2-SCI-CN-26,20,20,25,15,20,20,40
2026-2027,DPS-GSEB-HIN-UNI_UG_DS_Y2-SCI-AI_ML-2026,DPS-GSEB-HIN-UNI_UG_DS_Y2-SCI-AI_ML-26,20,20,25,15,20,20,40
2026-2027,DPS-GSEB-HIN-UNI_UG_DS_Y2-SCI-SWE-2026,DPS-GSEB-HIN-UNI_UG_DS_Y2-SCI-SWE-26,20,20,25,15,20,20,40
2026-2027,DPS-GSEB-HIN-UNI_UG_DS_Y2-SCI-THERMO-2026,DPS-GSEB-HIN-UNI_UG_DS_Y2-SCI-THERMO-26,20,20,25,15,20,20,40
2026-2027,DPS-GSEB-HIN-UNI_UG_DS_Y2-SCI-CIRCUITS-2026,DPS-GSEB-HIN-UNI_UG_DS_Y2-SCI-CIRCUITS-26,20,20,25,15,20,20,40
2026-2027,DPS-GSEB-HIN-UNI_UG_DS_Y2-SCI-ANAT-2026,DPS-GSEB-HIN-UNI_UG_DS_Y2-SCI-ANAT-26,20,20,25,15,20,20,40
2026-2027,DPS-GSEB-HIN-UNI_UG_DS_Y2-SCI-PHYS-2026,DPS-GSEB-HIN-UNI_UG_DS_Y2-SCI-PHYS-26,20,20,25,15,20,20,40
2026-2027,DPS-GSEB-HIN-UNI_UG_DS_Y2-SCI-PHARM-2026,DPS-GSEB-HIN-UNI_UG_DS_Y2-SCI-PHARM-26,20,20,25,15,20,20,40
2026-2027,DPS-GSEB-HIN-UNI_UG_DS_Y2-SCI-PATH-2026,DPS-GSEB-HIN-UNI_UG_DS_Y2-SCI-PATH-26,20,20,25,15,20,20,40
2026-2027,DPS-GSEB-HIN-UNI_UG_DS_Y2-SCI-COM_MED-2026,DPS-GSEB-HIN-UNI_UG_DS_Y2-SCI-COM_MED-26,20,20,25,15,20,20,40
2026-2027,DPS-GSEB-HIN-UNI_UG_DS_Y2-SCI-LAW_CON-2026,DPS-GSEB-HIN-UNI_UG_DS_Y2-SCI-LAW_CON-26,20,20,25,15,20,20,40
2026-2027,DPS-GSEB-HIN-UNI_UG_DS_Y2-SCI-LAW_IPC-2026,DPS-GSEB-HIN-UNI_UG_DS_Y2-SCI-LAW_IPC-26,20,20,25,15,20,20,40
2026-2027,DPS-GSEB-HIN-UNI_UG_DS_Y2-SCI-LAW_CONTR-2026,DPS-GSEB-HIN-UNI_UG_DS_Y2-SCI-LAW_CONTR-26,20,20,25,15,20,20,40
2026-2027,DPS-GSEB-HIN-UNI_UG_DS_Y2-SCI-JURIS-2026,DPS-GSEB-HIN-UNI_UG_DS_Y2-SCI-JURIS-26,20,20,25,15,20,20,40
2026-2027,DPS-GSEB-HIN-UNI_UG_DS_Y2-SCI-CORP_ACC-2026,DPS-GSEB-HIN-UNI_UG_DS_Y2-SCI-CORP_ACC-26,20,20,25,15,20,20,40
2026-2027,DPS-GSEB-HIN-UNI_UG_DS_Y2-SCI-FIN_MGT-2026,DPS-GSEB-HIN-UNI_UG_DS_Y2-SCI-FIN_MGT-26,20,20,25,15,20,20,40
2026-2027,DPS-GSEB-HIN-UNI_UG_DS_Y2-SCI-MKT_MGT-2026,DPS-GSEB-HIN-UNI_UG_DS_Y2-SCI-MKT_MGT-26,20,20,25,15,20,20,40
2026-2027,DPS-GSEB-HIN-UNI_UG_DS_Y2-SCI-OB-2026,DPS-GSEB-HIN-UNI_UG_DS_Y2-SCI-OB-26,20,20,25,15,20,20,40
2026-2027,DPS-GSEB-HIN-UNI_UG_DS_Y2-SCI-UI_UX-2026,DPS-GSEB-HIN-UNI_UG_DS_Y2-SCI-UI_UX-26,20,20,25,15,20,20,40
2026-2027,DPS-GSEB-HIN-UNI_UG_DS_Y2-SCI-TYPO-2026,DPS-GSEB-HIN-UNI_UG_DS_Y2-SCI-TYPO-26,20,20,25,15,20,20,40
2026-2027,DPS-GSEB-HIN-UNI_UG_DS_Y2-SCI-ARCH_DSN-2026,DPS-GSEB-HIN-UNI_UG_DS_Y2-SCI-ARCH_DSN-26,20,20,25,15,20,20,40
2026-2027,DPS-GSEB-HIN-UNI_UG_DS_Y3-SCI-DSA-2026,DPS-GSEB-HIN-UNI_UG_DS_Y3-SCI-DSA-26,20,20,25,15,20,20,40
2026-2027,DPS-GSEB-HIN-UNI_UG_DS_Y3-SCI-DBMS-2026,DPS-GSEB-HIN-UNI_UG_DS_Y3-SCI-DBMS-26,20,20,25,15,20,20,40
2026-2027,DPS-GSEB-HIN-UNI_UG_DS_Y3-SCI-OS-2026,DPS-GSEB-HIN-UNI_UG_DS_Y3-SCI-OS-26,20,20,25,15,20,20,40
2026-2027,DPS-GSEB-HIN-UNI_UG_DS_Y3-SCI-CN-2026,DPS-GSEB-HIN-UNI_UG_DS_Y3-SCI-CN-26,20,20,25,15,20,20,40
2026-2027,DPS-GSEB-HIN-UNI_UG_DS_Y3-SCI-AI_ML-2026,DPS-GSEB-HIN-UNI_UG_DS_Y3-SCI-AI_ML-26,20,20,25,15,20,20,40
2026-2027,DPS-GSEB-HIN-UNI_UG_DS_Y3-SCI-SWE-2026,DPS-GSEB-HIN-UNI_UG_DS_Y3-SCI-SWE-26,20,20,25,15,20,20,40
2026-2027,DPS-GSEB-HIN-UNI_UG_DS_Y3-SCI-THERMO-2026,DPS-GSEB-HIN-UNI_UG_DS_Y3-SCI-THERMO-26,20,20,25,15,20,20,40
2026-2027,DPS-GSEB-HIN-UNI_UG_DS_Y3-SCI-CIRCUITS-2026,DPS-GSEB-HIN-UNI_UG_DS_Y3-SCI-CIRCUITS-26,20,20,25,15,20,20,40
2026-2027,DPS-GSEB-HIN-UNI_UG_DS_Y3-SCI-ANAT-2026,DPS-GSEB-HIN-UNI_UG_DS_Y3-SCI-ANAT-26,20,20,25,15,20,20,40
2026-2027,DPS-GSEB-HIN-UNI_UG_DS_Y3-SCI-PHYS-2026,DPS-GSEB-HIN-UNI_UG_DS_Y3-SCI-PHYS-26,20,20,25,15,20,20,40
2026-2027,DPS-GSEB-HIN-UNI_UG_DS_Y3-SCI-PHARM-2026,DPS-GSEB-HIN-UNI_UG_DS_Y3-SCI-PHARM-26,20,20,25,15,20,20,40
2026-2027,DPS-GSEB-HIN-UNI_UG_DS_Y3-SCI-PATH-2026,DPS-GSEB-HIN-UNI_UG_DS_Y3-SCI-PATH-26,20,20,25,15,20,20,40
2026-2027,DPS-GSEB-HIN-UNI_UG_DS_Y3-SCI-COM_MED-2026,DPS-GSEB-HIN-UNI_UG_DS_Y3-SCI-COM_MED-26,20,20,25,15,20,20,40
2026-2027,DPS-GSEB-HIN-UNI_UG_DS_Y3-SCI-LAW_CON-2026,DPS-GSEB-HIN-UNI_UG_DS_Y3-SCI-LAW_CON-26,20,20,25,15,20,20,40
2026-2027,DPS-GSEB-HIN-UNI_UG_DS_Y3-SCI-LAW_IPC-2026,DPS-GSEB-HIN-UNI_UG_DS_Y3-SCI-LAW_IPC-26,20,20,25,15,20,20,40
2026-2027,DPS-GSEB-HIN-UNI_UG_DS_Y3-SCI-LAW_CONTR-2026,DPS-GSEB-HIN-UNI_UG_DS_Y3-SCI-LAW_CONTR-26,20,20,25,15,20,20,40
2026-2027,DPS-GSEB-HIN-UNI_UG_DS_Y3-SCI-JURIS-2026,DPS-GSEB-HIN-UNI_UG_DS_Y3-SCI-JURIS-26,20,20,25,15,20,20,40
2026-2027,DPS-GSEB-HIN-UNI_UG_DS_Y3-SCI-CORP_ACC-2026,DPS-GSEB-HIN-UNI_UG_DS_Y3-SCI-CORP_ACC-26,20,20,25,15,20,20,40
2026-2027,DPS-GSEB-HIN-UNI_UG_DS_Y3-SCI-FIN_MGT-2026,DPS-GSEB-HIN-UNI_UG_DS_Y3-SCI-FIN_MGT-26,20,20,25,15,20,20,40
2026-2027,DPS-GSEB-HIN-UNI_UG_DS_Y3-SCI-MKT_MGT-2026,DPS-GSEB-HIN-UNI_UG_DS_Y3-SCI-MKT_MGT-26,20,20,25,15,20,20,40
2026-2027,DPS-GSEB-HIN-UNI_UG_DS_Y3-SCI-OB-2026,DPS-GSEB-HIN-UNI_UG_DS_Y3-SCI-OB-26,20,20,25,15,20,20,40
2026-2027,DPS-GSEB-HIN-UNI_UG_DS_Y3-SCI-UI_UX-2026,DPS-GSEB-HIN-UNI_UG_DS_Y3-SCI-UI_UX-26,20,20,25,15,20,20,40
2026-2027,DPS-GSEB-HIN-UNI_UG_DS_Y3-SCI-TYPO-2026,DPS-GSEB-HIN-UNI_UG_DS_Y3-SCI-TYPO-26,20,20,25,15,20,20,40
2026-2027,DPS-GSEB-HIN-UNI_UG_DS_Y3-SCI-ARCH_DSN-2026,DPS-GSEB-HIN-UNI_UG_DS_Y3-SCI-ARCH_DSN-26,20,20,25,15,20,20,40
2026-2027,DPS-GSEB-HIN-UNI_UG_UX_Y1-DES-DSA-2026,DPS-GSEB-HIN-UNI_UG_UX_Y1-DES-DSA-26,20,20,25,15,20,20,40
2026-2027,DPS-GSEB-HIN-UNI_UG_UX_Y1-DES-DBMS-2026,DPS-GSEB-HIN-UNI_UG_UX_Y1-DES-DBMS-26,20,20,25,15,20,20,40
2026-2027,DPS-GSEB-HIN-UNI_UG_UX_Y1-DES-OS-2026,DPS-GSEB-HIN-UNI_UG_UX_Y1-DES-OS-26,20,20,25,15,20,20,40
2026-2027,DPS-GSEB-HIN-UNI_UG_UX_Y1-DES-CN-2026,DPS-GSEB-HIN-UNI_UG_UX_Y1-DES-CN-26,20,20,25,15,20,20,40
2026-2027,DPS-GSEB-HIN-UNI_UG_UX_Y1-DES-AI_ML-2026,DPS-GSEB-HIN-UNI_UG_UX_Y1-DES-AI_ML-26,20,20,25,15,20,20,40
2026-2027,DPS-GSEB-HIN-UNI_UG_UX_Y1-DES-SWE-2026,DPS-GSEB-HIN-UNI_UG_UX_Y1-DES-SWE-26,20,20,25,15,20,20,40
2026-2027,DPS-GSEB-HIN-UNI_UG_UX_Y1-DES-THERMO-2026,DPS-GSEB-HIN-UNI_UG_UX_Y1-DES-THERMO-26,20,20,25,15,20,20,40
2026-2027,DPS-GSEB-HIN-UNI_UG_UX_Y1-DES-CIRCUITS-2026,DPS-GSEB-HIN-UNI_UG_UX_Y1-DES-CIRCUITS-26,20,20,25,15,20,20,40
2026-2027,DPS-GSEB-HIN-UNI_UG_UX_Y1-DES-ANAT-2026,DPS-GSEB-HIN-UNI_UG_UX_Y1-DES-ANAT-26,20,20,25,15,20,20,40
2026-2027,DPS-GSEB-HIN-UNI_UG_UX_Y1-DES-PHYS-2026,DPS-GSEB-HIN-UNI_UG_UX_Y1-DES-PHYS-26,20,20,25,15,20,20,40
2026-2027,DPS-GSEB-HIN-UNI_UG_UX_Y1-DES-PHARM-2026,DPS-GSEB-HIN-UNI_UG_UX_Y1-DES-PHARM-26,20,20,25,15,20,20,40
2026-2027,DPS-GSEB-HIN-UNI_UG_UX_Y1-DES-PATH-2026,DPS-GSEB-HIN-UNI_UG_UX_Y1-DES-PATH-26,20,20,25,15,20,20,40
2026-2027,DPS-GSEB-HIN-UNI_UG_UX_Y1-DES-COM_MED-2026,DPS-GSEB-HIN-UNI_UG_UX_Y1-DES-COM_MED-26,20,20,25,15,20,20,40
2026-2027,DPS-GSEB-HIN-UNI_UG_UX_Y1-DES-LAW_CON-2026,DPS-GSEB-HIN-UNI_UG_UX_Y1-DES-LAW_CON-26,20,20,25,15,20,20,40
2026-2027,DPS-GSEB-HIN-UNI_UG_UX_Y1-DES-LAW_IPC-2026,DPS-GSEB-HIN-UNI_UG_UX_Y1-DES-LAW_IPC-26,20,20,25,15,20,20,40
2026-2027,DPS-GSEB-HIN-UNI_UG_UX_Y1-DES-LAW_CONTR-2026,DPS-GSEB-HIN-UNI_UG_UX_Y1-DES-LAW_CONTR-26,20,20,25,15,20,20,40
2026-2027,DPS-GSEB-HIN-UNI_UG_UX_Y1-DES-JURIS-2026,DPS-GSEB-HIN-UNI_UG_UX_Y1-DES-JURIS-26,20,20,25,15,20,20,40
2026-2027,DPS-GSEB-HIN-UNI_UG_UX_Y1-DES-CORP_ACC-2026,DPS-GSEB-HIN-UNI_UG_UX_Y1-DES-CORP_ACC-26,20,20,25,15,20,20,40
2026-2027,DPS-GSEB-HIN-UNI_UG_UX_Y1-DES-FIN_MGT-2026,DPS-GSEB-HIN-UNI_UG_UX_Y1-DES-FIN_MGT-26,20,20,25,15,20,20,40
2026-2027,DPS-GSEB-HIN-UNI_UG_UX_Y1-DES-MKT_MGT-2026,DPS-GSEB-HIN-UNI_UG_UX_Y1-DES-MKT_MGT-26,20,20,25,15,20,20,40
2026-2027,DPS-GSEB-HIN-UNI_UG_UX_Y1-DES-OB-2026,DPS-GSEB-HIN-UNI_UG_UX_Y1-DES-OB-26,20,20,25,15,20,20,40
2026-2027,DPS-GSEB-HIN-UNI_UG_UX_Y1-DES-UI_UX-2026,DPS-GSEB-HIN-UNI_UG_UX_Y1-DES-UI_UX-26,20,20,25,15,20,20,40
2026-2027,DPS-GSEB-HIN-UNI_UG_UX_Y1-DES-TYPO-2026,DPS-GSEB-HIN-UNI_UG_UX_Y1-DES-TYPO-26,20,20,25,15,20,20,40
2026-2027,DPS-GSEB-HIN-UNI_UG_UX_Y1-DES-ARCH_DSN-2026,DPS-GSEB-HIN-UNI_UG_UX_Y1-DES-ARCH_DSN-26,20,20,25,15,20,20,40
2026-2027,DPS-GSEB-HIN-UNI_UG_UX_Y2-DES-DSA-2026,DPS-GSEB-HIN-UNI_UG_UX_Y2-DES-DSA-26,20,20,25,15,20,20,40
2026-2027,DPS-GSEB-HIN-UNI_UG_UX_Y2-DES-DBMS-2026,DPS-GSEB-HIN-UNI_UG_UX_Y2-DES-DBMS-26,20,20,25,15,20,20,40
2026-2027,DPS-GSEB-HIN-UNI_UG_UX_Y2-DES-OS-2026,DPS-GSEB-HIN-UNI_UG_UX_Y2-DES-OS-26,20,20,25,15,20,20,40
2026-2027,DPS-GSEB-HIN-UNI_UG_UX_Y2-DES-CN-2026,DPS-GSEB-HIN-UNI_UG_UX_Y2-DES-CN-26,20,20,25,15,20,20,40
2026-2027,DPS-GSEB-HIN-UNI_UG_UX_Y2-DES-AI_ML-2026,DPS-GSEB-HIN-UNI_UG_UX_Y2-DES-AI_ML-26,20,20,25,15,20,20,40
2026-2027,DPS-GSEB-HIN-UNI_UG_UX_Y2-DES-SWE-2026,DPS-GSEB-HIN-UNI_UG_UX_Y2-DES-SWE-26,20,20,25,15,20,20,40
2026-2027,DPS-GSEB-HIN-UNI_UG_UX_Y2-DES-THERMO-2026,DPS-GSEB-HIN-UNI_UG_UX_Y2-DES-THERMO-26,20,20,25,15,20,20,40
2026-2027,DPS-GSEB-HIN-UNI_UG_UX_Y2-DES-CIRCUITS-2026,DPS-GSEB-HIN-UNI_UG_UX_Y2-DES-CIRCUITS-26,20,20,25,15,20,20,40
2026-2027,DPS-GSEB-HIN-UNI_UG_UX_Y2-DES-ANAT-2026,DPS-GSEB-HIN-UNI_UG_UX_Y2-DES-ANAT-26,20,20,25,15,20,20,40
2026-2027,DPS-GSEB-HIN-UNI_UG_UX_Y2-DES-PHYS-2026,DPS-GSEB-HIN-UNI_UG_UX_Y2-DES-PHYS-26,20,20,25,15,20,20,40
2026-2027,DPS-GSEB-HIN-UNI_UG_UX_Y2-DES-PHARM-2026,DPS-GSEB-HIN-UNI_UG_UX_Y2-DES-PHARM-26,20,20,25,15,20,20,40
2026-2027,DPS-GSEB-HIN-UNI_UG_UX_Y2-DES-PATH-2026,DPS-GSEB-HIN-UNI_UG_UX_Y2-DES-PATH-26,20,20,25,15,20,20,40
2026-2027,DPS-GSEB-HIN-UNI_UG_UX_Y2-DES-COM_MED-2026,DPS-GSEB-HIN-UNI_UG_UX_Y2-DES-COM_MED-26,20,20,25,15,20,20,40
2026-2027,DPS-GSEB-HIN-UNI_UG_UX_Y2-DES-LAW_CON-2026,DPS-GSEB-HIN-UNI_UG_UX_Y2-DES-LAW_CON-26,20,20,25,15,20,20,40
2026-2027,DPS-GSEB-HIN-UNI_UG_UX_Y2-DES-LAW_IPC-2026,DPS-GSEB-HIN-UNI_UG_UX_Y2-DES-LAW_IPC-26,20,20,25,15,20,20,40
2026-2027,DPS-GSEB-HIN-UNI_UG_UX_Y2-DES-LAW_CONTR-2026,DPS-GSEB-HIN-UNI_UG_UX_Y2-DES-LAW_CONTR-26,20,20,25,15,20,20,40
2026-2027,DPS-GSEB-HIN-UNI_UG_UX_Y2-DES-JURIS-2026,DPS-GSEB-HIN-UNI_UG_UX_Y2-DES-JURIS-26,20,20,25,15,20,20,40
2026-2027,DPS-GSEB-HIN-UNI_UG_UX_Y2-DES-CORP_ACC-2026,DPS-GSEB-HIN-UNI_UG_UX_Y2-DES-CORP_ACC-26,20,20,25,15,20,20,40
2026-2027,DPS-GSEB-HIN-UNI_UG_UX_Y2-DES-FIN_MGT-2026,DPS-GSEB-HIN-UNI_UG_UX_Y2-DES-FIN_MGT-26,20,20,25,15,20,20,40
2026-2027,DPS-GSEB-HIN-UNI_UG_UX_Y2-DES-MKT_MGT-2026,DPS-GSEB-HIN-UNI_UG_UX_Y2-DES-MKT_MGT-26,20,20,25,15,20,20,40
2026-2027,DPS-GSEB-HIN-UNI_UG_UX_Y2-DES-OB-2026,DPS-GSEB-HIN-UNI_UG_UX_Y2-DES-OB-26,20,20,25,15,20,20,40
2026-2027,DPS-GSEB-HIN-UNI_UG_UX_Y2-DES-UI_UX-2026,DPS-GSEB-HIN-UNI_UG_UX_Y2-DES-UI_UX-26,20,20,25,15,20,20,40
2026-2027,DPS-GSEB-HIN-UNI_UG_UX_Y2-DES-TYPO-2026,DPS-GSEB-HIN-UNI_UG_UX_Y2-DES-TYPO-26,20,20,25,15,20,20,40
2026-2027,DPS-GSEB-HIN-UNI_UG_UX_Y2-DES-ARCH_DSN-2026,DPS-GSEB-HIN-UNI_UG_UX_Y2-DES-ARCH_DSN-26,20,20,25,15,20,20,40
2026-2027,DPS-GSEB-HIN-UNI_UG_UX_Y3-DES-DSA-2026,DPS-GSEB-HIN-UNI_UG_UX_Y3-DES-DSA-26,20,20,25,15,20,20,40
2026-2027,DPS-GSEB-HIN-UNI_UG_UX_Y3-DES-DBMS-2026,DPS-GSEB-HIN-UNI_UG_UX_Y3-DES-DBMS-26,20,20,25,15,20,20,40
2026-2027,DPS-GSEB-HIN-UNI_UG_UX_Y3-DES-OS-2026,DPS-GSEB-HIN-UNI_UG_UX_Y3-DES-OS-26,20,20,25,15,20,20,40
2026-2027,DPS-GSEB-HIN-UNI_UG_UX_Y3-DES-CN-2026,DPS-GSEB-HIN-UNI_UG_UX_Y3-DES-CN-26,20,20,25,15,20,20,40
2026-2027,DPS-GSEB-HIN-UNI_UG_UX_Y3-DES-AI_ML-2026,DPS-GSEB-HIN-UNI_UG_UX_Y3-DES-AI_ML-26,20,20,25,15,20,20,40
2026-2027,DPS-GSEB-HIN-UNI_UG_UX_Y3-DES-SWE-2026,DPS-GSEB-HIN-UNI_UG_UX_Y3-DES-SWE-26,20,20,25,15,20,20,40
2026-2027,DPS-GSEB-HIN-UNI_UG_UX_Y3-DES-THERMO-2026,DPS-GSEB-HIN-UNI_UG_UX_Y3-DES-THERMO-26,20,20,25,15,20,20,40
2026-2027,DPS-GSEB-HIN-UNI_UG_UX_Y3-DES-CIRCUITS-2026,DPS-GSEB-HIN-UNI_UG_UX_Y3-DES-CIRCUITS-26,20,20,25,15,20,20,40
2026-2027,DPS-GSEB-HIN-UNI_UG_UX_Y3-DES-ANAT-2026,DPS-GSEB-HIN-UNI_UG_UX_Y3-DES-ANAT-26,20,20,25,15,20,20,40
2026-2027,DPS-GSEB-HIN-UNI_UG_UX_Y3-DES-PHYS-2026,DPS-GSEB-HIN-UNI_UG_UX_Y3-DES-PHYS-26,20,20,25,15,20,20,40
2026-2027,DPS-GSEB-HIN-UNI_UG_UX_Y3-DES-PHARM-2026,DPS-GSEB-HIN-UNI_UG_UX_Y3-DES-PHARM-26,20,20,25,15,20,20,40
2026-2027,DPS-GSEB-HIN-UNI_UG_UX_Y3-DES-PATH-2026,DPS-GSEB-HIN-UNI_UG_UX_Y3-DES-PATH-26,20,20,25,15,20,20,40
2026-2027,DPS-GSEB-HIN-UNI_UG_UX_Y3-DES-COM_MED-2026,DPS-GSEB-HIN-UNI_UG_UX_Y3-DES-COM_MED-26,20,20,25,15,20,20,40
2026-2027,DPS-GSEB-HIN-UNI_UG_UX_Y3-DES-LAW_CON-2026,DPS-GSEB-HIN-UNI_UG_UX_Y3-DES-LAW_CON-26,20,20,25,15,20,20,40
2026-2027,DPS-GSEB-HIN-UNI_UG_UX_Y3-DES-LAW_IPC-2026,DPS-GSEB-HIN-UNI_UG_UX_Y3-DES-LAW_IPC-26,20,20,25,15,20,20,40
2026-2027,DPS-GSEB-HIN-UNI_UG_UX_Y3-DES-LAW_CONTR-2026,DPS-GSEB-HIN-UNI_UG_UX_Y3-DES-LAW_CONTR-26,20,20,25,15,20,20,40
2026-2027,DPS-GSEB-HIN-UNI_UG_UX_Y3-DES-JURIS-2026,DPS-GSEB-HIN-UNI_UG_UX_Y3-DES-JURIS-26,20,20,25,15,20,20,40
2026-2027,DPS-GSEB-HIN-UNI_UG_UX_Y3-DES-CORP_ACC-2026,DPS-GSEB-HIN-UNI_UG_UX_Y3-DES-CORP_ACC-26,20,20,25,15,20,20,40
2026-2027,DPS-GSEB-HIN-UNI_UG_UX_Y3-DES-FIN_MGT-2026,DPS-GSEB-HIN-UNI_UG_UX_Y3-DES-FIN_MGT-26,20,20,25,15,20,20,40
2026-2027,DPS-GSEB-HIN-UNI_UG_UX_Y3-DES-MKT_MGT-2026,DPS-GSEB-HIN-UNI_UG_UX_Y3-DES-MKT_MGT-26,20,20,25,15,20,20,40
2026-2027,DPS-GSEB-HIN-UNI_UG_UX_Y3-DES-OB-2026,DPS-GSEB-HIN-UNI_UG_UX_Y3-DES-OB-26,20,20,25,15,20,20,40
2026-2027,DPS-GSEB-HIN-UNI_UG_UX_Y3-DES-UI_UX-2026,DPS-GSEB-HIN-UNI_UG_UX_Y3-DES-UI_UX-26,20,20,25,15,20,20,40
2026-2027,DPS-GSEB-HIN-UNI_UG_UX_Y3-DES-TYPO-2026,DPS-GSEB-HIN-UNI_UG_UX_Y3-DES-TYPO-26,20,20,25,15,20,20,40
2026-2027,DPS-GSEB-HIN-UNI_UG_UX_Y3-DES-ARCH_DSN-2026,DPS-GSEB-HIN-UNI_UG_UX_Y3-DES-ARCH_DSN-26,20,20,25,15,20,20,40
2026-2027,DPS-GSEB-HIN-UNI_UG_UX_Y4-DES-DSA-2026,DPS-GSEB-HIN-UNI_UG_UX_Y4-DES-DSA-26,20,20,25,15,20,20,40
2026-2027,DPS-GSEB-HIN-UNI_UG_UX_Y4-DES-DBMS-2026,DPS-GSEB-HIN-UNI_UG_UX_Y4-DES-DBMS-26,20,20,25,15,20,20,40
2026-2027,DPS-GSEB-HIN-UNI_UG_UX_Y4-DES-OS-2026,DPS-GSEB-HIN-UNI_UG_UX_Y4-DES-OS-26,20,20,25,15,20,20,40
2026-2027,DPS-GSEB-HIN-UNI_UG_UX_Y4-DES-CN-2026,DPS-GSEB-HIN-UNI_UG_UX_Y4-DES-CN-26,20,20,25,15,20,20,40
2026-2027,DPS-GSEB-HIN-UNI_UG_UX_Y4-DES-AI_ML-2026,DPS-GSEB-HIN-UNI_UG_UX_Y4-DES-AI_ML-26,20,20,25,15,20,20,40
2026-2027,DPS-GSEB-HIN-UNI_UG_UX_Y4-DES-SWE-2026,DPS-GSEB-HIN-UNI_UG_UX_Y4-DES-SWE-26,20,20,25,15,20,20,40
2026-2027,DPS-GSEB-HIN-UNI_UG_UX_Y4-DES-THERMO-2026,DPS-GSEB-HIN-UNI_UG_UX_Y4-DES-THERMO-26,20,20,25,15,20,20,40
2026-2027,DPS-GSEB-HIN-UNI_UG_UX_Y4-DES-CIRCUITS-2026,DPS-GSEB-HIN-UNI_UG_UX_Y4-DES-CIRCUITS-26,20,20,25,15,20,20,40
2026-2027,DPS-GSEB-HIN-UNI_UG_UX_Y4-DES-ANAT-2026,DPS-GSEB-HIN-UNI_UG_UX_Y4-DES-ANAT-26,20,20,25,15,20,20,40
2026-2027,DPS-GSEB-HIN-UNI_UG_UX_Y4-DES-PHYS-2026,DPS-GSEB-HIN-UNI_UG_UX_Y4-DES-PHYS-26,20,20,25,15,20,20,40
2026-2027,DPS-GSEB-HIN-UNI_UG_UX_Y4-DES-PHARM-2026,DPS-GSEB-HIN-UNI_UG_UX_Y4-DES-PHARM-26,20,20,25,15,20,20,40
2026-2027,DPS-GSEB-HIN-UNI_UG_UX_Y4-DES-PATH-2026,DPS-GSEB-HIN-UNI_UG_UX_Y4-DES-PATH-26,20,20,25,15,20,20,40
2026-2027,DPS-GSEB-HIN-UNI_UG_UX_Y4-DES-COM_MED-2026,DPS-GSEB-HIN-UNI_UG_UX_Y4-DES-COM_MED-26,20,20,25,15,20,20,40
2026-2027,DPS-GSEB-HIN-UNI_UG_UX_Y4-DES-LAW_CON-2026,DPS-GSEB-HIN-UNI_UG_UX_Y4-DES-LAW_CON-26,20,20,25,15,20,20,40
2026-2027,DPS-GSEB-HIN-UNI_UG_UX_Y4-DES-LAW_IPC-2026,DPS-GSEB-HIN-UNI_UG_UX_Y4-DES-LAW_IPC-26,20,20,25,15,20,20,40
2026-2027,DPS-GSEB-HIN-UNI_UG_UX_Y4-DES-LAW_CONTR-2026,DPS-GSEB-HIN-UNI_UG_UX_Y4-DES-LAW_CONTR-26,20,20,25,15,20,20,40
2026-2027,DPS-GSEB-HIN-UNI_UG_UX_Y4-DES-JURIS-2026,DPS-GSEB-HIN-UNI_UG_UX_Y4-DES-JURIS-26,20,20,25,15,20,20,40
2026-2027,DPS-GSEB-HIN-UNI_UG_UX_Y4-DES-CORP_ACC-2026,DPS-GSEB-HIN-UNI_UG_UX_Y4-DES-CORP_ACC-26,20,20,25,15,20,20,40
2026-2027,DPS-GSEB-HIN-UNI_UG_UX_Y4-DES-FIN_MGT-2026,DPS-GSEB-HIN-UNI_UG_UX_Y4-DES-FIN_MGT-26,20,20,25,15,20,20,40
2026-2027,DPS-GSEB-HIN-UNI_UG_UX_Y4-DES-MKT_MGT-2026,DPS-GSEB-HIN-UNI_UG_UX_Y4-DES-MKT_MGT-26,20,20,25,15,20,20,40
2026-2027,DPS-GSEB-HIN-UNI_UG_UX_Y4-DES-OB-2026,DPS-GSEB-HIN-UNI_UG_UX_Y4-DES-OB-26,20,20,25,15,20,20,40
2026-2027,DPS-GSEB-HIN-UNI_UG_UX_Y4-DES-UI_UX-2026,DPS-GSEB-HIN-UNI_UG_UX_Y4-DES-UI_UX-26,20,20,25,15,20,20,40
2026-2027,DPS-GSEB-HIN-UNI_UG_UX_Y4-DES-TYPO-2026,DPS-GSEB-HIN-UNI_UG_UX_Y4-DES-TYPO-26,20,20,25,15,20,20,40
2026-2027,DPS-GSEB-HIN-UNI_UG_UX_Y4-DES-ARCH_DSN-2026,DPS-GSEB-HIN-UNI_UG_UX_Y4-DES-ARCH_DSN-26,20,20,25,15,20,20,40
2026-2027,DPS-GSEB-HIN-UNI_UG_LAW_Y1-LAW-DSA-2026,DPS-GSEB-HIN-UNI_UG_LAW_Y1-LAW-DSA-26,20,20,25,15,20,20,40
2026-2027,DPS-GSEB-HIN-UNI_UG_LAW_Y1-LAW-DBMS-2026,DPS-GSEB-HIN-UNI_UG_LAW_Y1-LAW-DBMS-26,20,20,25,15,20,20,40
2026-2027,DPS-GSEB-HIN-UNI_UG_LAW_Y1-LAW-OS-2026,DPS-GSEB-HIN-UNI_UG_LAW_Y1-LAW-OS-26,20,20,25,15,20,20,40
2026-2027,DPS-GSEB-HIN-UNI_UG_LAW_Y1-LAW-CN-2026,DPS-GSEB-HIN-UNI_UG_LAW_Y1-LAW-CN-26,20,20,25,15,20,20,40
2026-2027,DPS-GSEB-HIN-UNI_UG_LAW_Y1-LAW-AI_ML-2026,DPS-GSEB-HIN-UNI_UG_LAW_Y1-LAW-AI_ML-26,20,20,25,15,20,20,40
2026-2027,DPS-GSEB-HIN-UNI_UG_LAW_Y1-LAW-SWE-2026,DPS-GSEB-HIN-UNI_UG_LAW_Y1-LAW-SWE-26,20,20,25,15,20,20,40
2026-2027,DPS-GSEB-HIN-UNI_UG_LAW_Y1-LAW-THERMO-2026,DPS-GSEB-HIN-UNI_UG_LAW_Y1-LAW-THERMO-26,20,20,25,15,20,20,40
2026-2027,DPS-GSEB-HIN-UNI_UG_LAW_Y1-LAW-CIRCUITS-2026,DPS-GSEB-HIN-UNI_UG_LAW_Y1-LAW-CIRCUITS-26,20,20,25,15,20,20,40
2026-2027,DPS-GSEB-HIN-UNI_UG_LAW_Y1-LAW-ANAT-2026,DPS-GSEB-HIN-UNI_UG_LAW_Y1-LAW-ANAT-26,20,20,25,15,20,20,40
2026-2027,DPS-GSEB-HIN-UNI_UG_LAW_Y1-LAW-PHYS-2026,DPS-GSEB-HIN-UNI_UG_LAW_Y1-LAW-PHYS-26,20,20,25,15,20,20,40
2026-2027,DPS-GSEB-HIN-UNI_UG_LAW_Y1-LAW-PHARM-2026,DPS-GSEB-HIN-UNI_UG_LAW_Y1-LAW-PHARM-26,20,20,25,15,20,20,40
2026-2027,DPS-GSEB-HIN-UNI_UG_LAW_Y1-LAW-PATH-2026,DPS-GSEB-HIN-UNI_UG_LAW_Y1-LAW-PATH-26,20,20,25,15,20,20,40
2026-2027,DPS-GSEB-HIN-UNI_UG_LAW_Y1-LAW-COM_MED-2026,DPS-GSEB-HIN-UNI_UG_LAW_Y1-LAW-COM_MED-26,20,20,25,15,20,20,40
2026-2027,DPS-GSEB-HIN-UNI_UG_LAW_Y1-LAW-LAW_CON-2026,DPS-GSEB-HIN-UNI_UG_LAW_Y1-LAW-LAW_CON-26,20,20,25,15,20,20,40
2026-2027,DPS-GSEB-HIN-UNI_UG_LAW_Y1-LAW-LAW_IPC-2026,DPS-GSEB-HIN-UNI_UG_LAW_Y1-LAW-LAW_IPC-26,20,20,25,15,20,20,40
2026-2027,DPS-GSEB-HIN-UNI_UG_LAW_Y1-LAW-LAW_CONTR-2026,DPS-GSEB-HIN-UNI_UG_LAW_Y1-LAW-LAW_CONTR-26,20,20,25,15,20,20,40
2026-2027,DPS-GSEB-HIN-UNI_UG_LAW_Y1-LAW-JURIS-2026,DPS-GSEB-HIN-UNI_UG_LAW_Y1-LAW-JURIS-26,20,20,25,15,20,20,40
2026-2027,DPS-GSEB-HIN-UNI_UG_LAW_Y1-LAW-CORP_ACC-2026,DPS-GSEB-HIN-UNI_UG_LAW_Y1-LAW-CORP_ACC-26,20,20,25,15,20,20,40
2026-2027,DPS-GSEB-HIN-UNI_UG_LAW_Y1-LAW-FIN_MGT-2026,DPS-GSEB-HIN-UNI_UG_LAW_Y1-LAW-FIN_MGT-26,20,20,25,15,20,20,40
2026-2027,DPS-GSEB-HIN-UNI_UG_LAW_Y1-LAW-MKT_MGT-2026,DPS-GSEB-HIN-UNI_UG_LAW_Y1-LAW-MKT_MGT-26,20,20,25,15,20,20,40
2026-2027,DPS-GSEB-HIN-UNI_UG_LAW_Y1-LAW-OB-2026,DPS-GSEB-HIN-UNI_UG_LAW_Y1-LAW-OB-26,20,20,25,15,20,20,40
2026-2027,DPS-GSEB-HIN-UNI_UG_LAW_Y1-LAW-UI_UX-2026,DPS-GSEB-HIN-UNI_UG_LAW_Y1-LAW-UI_UX-26,20,20,25,15,20,20,40
2026-2027,DPS-GSEB-HIN-UNI_UG_LAW_Y1-LAW-TYPO-2026,DPS-GSEB-HIN-UNI_UG_LAW_Y1-LAW-TYPO-26,20,20,25,15,20,20,40
2026-2027,DPS-GSEB-HIN-UNI_UG_LAW_Y1-LAW-ARCH_DSN-2026,DPS-GSEB-HIN-UNI_UG_LAW_Y1-LAW-ARCH_DSN-26,20,20,25,15,20,20,40
2026-2027,DPS-GSEB-HIN-UNI_UG_LAW_Y5-LAW-DSA-2026,DPS-GSEB-HIN-UNI_UG_LAW_Y5-LAW-DSA-26,20,20,25,15,20,20,40
2026-2027,DPS-GSEB-HIN-UNI_UG_LAW_Y5-LAW-DBMS-2026,DPS-GSEB-HIN-UNI_UG_LAW_Y5-LAW-DBMS-26,20,20,25,15,20,20,40
2026-2027,DPS-GSEB-HIN-UNI_UG_LAW_Y5-LAW-OS-2026,DPS-GSEB-HIN-UNI_UG_LAW_Y5-LAW-OS-26,20,20,25,15,20,20,40
2026-2027,DPS-GSEB-HIN-UNI_UG_LAW_Y5-LAW-CN-2026,DPS-GSEB-HIN-UNI_UG_LAW_Y5-LAW-CN-26,20,20,25,15,20,20,40
2026-2027,DPS-GSEB-HIN-UNI_UG_LAW_Y5-LAW-AI_ML-2026,DPS-GSEB-HIN-UNI_UG_LAW_Y5-LAW-AI_ML-26,20,20,25,15,20,20,40
2026-2027,DPS-GSEB-HIN-UNI_UG_LAW_Y5-LAW-SWE-2026,DPS-GSEB-HIN-UNI_UG_LAW_Y5-LAW-SWE-26,20,20,25,15,20,20,40
2026-2027,DPS-GSEB-HIN-UNI_UG_LAW_Y5-LAW-THERMO-2026,DPS-GSEB-HIN-UNI_UG_LAW_Y5-LAW-THERMO-26,20,20,25,15,20,20,40
2026-2027,DPS-GSEB-HIN-UNI_UG_LAW_Y5-LAW-CIRCUITS-2026,DPS-GSEB-HIN-UNI_UG_LAW_Y5-LAW-CIRCUITS-26,20,20,25,15,20,20,40
2026-2027,DPS-GSEB-HIN-UNI_UG_LAW_Y5-LAW-ANAT-2026,DPS-GSEB-HIN-UNI_UG_LAW_Y5-LAW-ANAT-26,20,20,25,15,20,20,40
2026-2027,DPS-GSEB-HIN-UNI_UG_LAW_Y5-LAW-PHYS-2026,DPS-GSEB-HIN-UNI_UG_LAW_Y5-LAW-PHYS-26,20,20,25,15,20,20,40
2026-2027,DPS-GSEB-HIN-UNI_UG_LAW_Y5-LAW-PHARM-2026,DPS-GSEB-HIN-UNI_UG_LAW_Y5-LAW-PHARM-26,20,20,25,15,20,20,40
2026-2027,DPS-GSEB-HIN-UNI_UG_LAW_Y5-LAW-PATH-2026,DPS-GSEB-HIN-UNI_UG_LAW_Y5-LAW-PATH-26,20,20,25,15,20,20,40
2026-2027,DPS-GSEB-HIN-UNI_UG_LAW_Y5-LAW-COM_MED-2026,DPS-GSEB-HIN-UNI_UG_LAW_Y5-LAW-COM_MED-26,20,20,25,15,20,20,40
2026-2027,DPS-GSEB-HIN-UNI_UG_LAW_Y5-LAW-LAW_CON-2026,DPS-GSEB-HIN-UNI_UG_LAW_Y5-LAW-LAW_CON-26,20,20,25,15,20,20,40
2026-2027,DPS-GSEB-HIN-UNI_UG_LAW_Y5-LAW-LAW_IPC-2026,DPS-GSEB-HIN-UNI_UG_LAW_Y5-LAW-LAW_IPC-26,20,20,25,15,20,20,40
2026-2027,DPS-GSEB-HIN-UNI_UG_LAW_Y5-LAW-LAW_CONTR-2026,DPS-GSEB-HIN-UNI_UG_LAW_Y5-LAW-LAW_CONTR-26,20,20,25,15,20,20,40
2026-2027,DPS-GSEB-HIN-UNI_UG_LAW_Y5-LAW-JURIS-2026,DPS-GSEB-HIN-UNI_UG_LAW_Y5-LAW-JURIS-26,20,20,25,15,20,20,40
2026-2027,DPS-GSEB-HIN-UNI_UG_LAW_Y5-LAW-CORP_ACC-2026,DPS-GSEB-HIN-UNI_UG_LAW_Y5-LAW-CORP_ACC-26,20,20,25,15,20,20,40
2026-2027,DPS-GSEB-HIN-UNI_UG_LAW_Y5-LAW-FIN_MGT-2026,DPS-GSEB-HIN-UNI_UG_LAW_Y5-LAW-FIN_MGT-26,20,20,25,15,20,20,40
2026-2027,DPS-GSEB-HIN-UNI_UG_LAW_Y5-LAW-MKT_MGT-2026,DPS-GSEB-HIN-UNI_UG_LAW_Y5-LAW-MKT_MGT-26,20,20,25,15,20,20,40
2026-2027,DPS-GSEB-HIN-UNI_UG_LAW_Y5-LAW-OB-2026,DPS-GSEB-HIN-UNI_UG_LAW_Y5-LAW-OB-26,20,20,25,15,20,20,40
2026-2027,DPS-GSEB-HIN-UNI_UG_LAW_Y5-LAW-UI_UX-2026,DPS-GSEB-HIN-UNI_UG_LAW_Y5-LAW-UI_UX-26,20,20,25,15,20,20,40
2026-2027,DPS-GSEB-HIN-UNI_UG_LAW_Y5-LAW-TYPO-2026,DPS-GSEB-HIN-UNI_UG_LAW_Y5-LAW-TYPO-26,20,20,25,15,20,20,40
2026-2027,DPS-GSEB-HIN-UNI_UG_LAW_Y5-LAW-ARCH_DSN-2026,DPS-GSEB-HIN-UNI_UG_LAW_Y5-LAW-ARCH_DSN-26,20,20,25,15,20,20,40
2026-2027,DPS-GSEB-HIN-UNI_UG_MED_Y1-MED-DSA-2026,DPS-GSEB-HIN-UNI_UG_MED_Y1-MED-DSA-26,20,20,25,15,20,20,40
2026-2027,DPS-GSEB-HIN-UNI_UG_MED_Y1-MED-DBMS-2026,DPS-GSEB-HIN-UNI_UG_MED_Y1-MED-DBMS-26,20,20,25,15,20,20,40
2026-2027,DPS-GSEB-HIN-UNI_UG_MED_Y1-MED-OS-2026,DPS-GSEB-HIN-UNI_UG_MED_Y1-MED-OS-26,20,20,25,15,20,20,40
2026-2027,DPS-GSEB-HIN-UNI_UG_MED_Y1-MED-CN-2026,DPS-GSEB-HIN-UNI_UG_MED_Y1-MED-CN-26,20,20,25,15,20,20,40
2026-2027,DPS-GSEB-HIN-UNI_UG_MED_Y1-MED-AI_ML-2026,DPS-GSEB-HIN-UNI_UG_MED_Y1-MED-AI_ML-26,20,20,25,15,20,20,40
2026-2027,DPS-GSEB-HIN-UNI_UG_MED_Y1-MED-SWE-2026,DPS-GSEB-HIN-UNI_UG_MED_Y1-MED-SWE-26,20,20,25,15,20,20,40
2026-2027,DPS-GSEB-HIN-UNI_UG_MED_Y1-MED-THERMO-2026,DPS-GSEB-HIN-UNI_UG_MED_Y1-MED-THERMO-26,20,20,25,15,20,20,40
2026-2027,DPS-GSEB-HIN-UNI_UG_MED_Y1-MED-CIRCUITS-2026,DPS-GSEB-HIN-UNI_UG_MED_Y1-MED-CIRCUITS-26,20,20,25,15,20,20,40
2026-2027,DPS-GSEB-HIN-UNI_UG_MED_Y1-MED-ANAT-2026,DPS-GSEB-HIN-UNI_UG_MED_Y1-MED-ANAT-26,20,20,25,15,20,20,40
2026-2027,DPS-GSEB-HIN-UNI_UG_MED_Y1-MED-PHYS-2026,DPS-GSEB-HIN-UNI_UG_MED_Y1-MED-PHYS-26,20,20,25,15,20,20,40
2026-2027,DPS-GSEB-HIN-UNI_UG_MED_Y1-MED-PHARM-2026,DPS-GSEB-HIN-UNI_UG_MED_Y1-MED-PHARM-26,20,20,25,15,20,20,40
2026-2027,DPS-GSEB-HIN-UNI_UG_MED_Y1-MED-PATH-2026,DPS-GSEB-HIN-UNI_UG_MED_Y1-MED-PATH-26,20,20,25,15,20,20,40
2026-2027,DPS-GSEB-HIN-UNI_UG_MED_Y1-MED-COM_MED-2026,DPS-GSEB-HIN-UNI_UG_MED_Y1-MED-COM_MED-26,20,20,25,15,20,20,40
2026-2027,DPS-GSEB-HIN-UNI_UG_MED_Y1-MED-LAW_CON-2026,DPS-GSEB-HIN-UNI_UG_MED_Y1-MED-LAW_CON-26,20,20,25,15,20,20,40
2026-2027,DPS-GSEB-HIN-UNI_UG_MED_Y1-MED-LAW_IPC-2026,DPS-GSEB-HIN-UNI_UG_MED_Y1-MED-LAW_IPC-26,20,20,25,15,20,20,40
2026-2027,DPS-GSEB-HIN-UNI_UG_MED_Y1-MED-LAW_CONTR-2026,DPS-GSEB-HIN-UNI_UG_MED_Y1-MED-LAW_CONTR-26,20,20,25,15,20,20,40
2026-2027,DPS-GSEB-HIN-UNI_UG_MED_Y1-MED-JURIS-2026,DPS-GSEB-HIN-UNI_UG_MED_Y1-MED-JURIS-26,20,20,25,15,20,20,40
2026-2027,DPS-GSEB-HIN-UNI_UG_MED_Y1-MED-CORP_ACC-2026,DPS-GSEB-HIN-UNI_UG_MED_Y1-MED-CORP_ACC-26,20,20,25,15,20,20,40
2026-2027,DPS-GSEB-HIN-UNI_UG_MED_Y1-MED-FIN_MGT-2026,DPS-GSEB-HIN-UNI_UG_MED_Y1-MED-FIN_MGT-26,20,20,25,15,20,20,40
2026-2027,DPS-GSEB-HIN-UNI_UG_MED_Y1-MED-MKT_MGT-2026,DPS-GSEB-HIN-UNI_UG_MED_Y1-MED-MKT_MGT-26,20,20,25,15,20,20,40
2026-2027,DPS-GSEB-HIN-UNI_UG_MED_Y1-MED-OB-2026,DPS-GSEB-HIN-UNI_UG_MED_Y1-MED-OB-26,20,20,25,15,20,20,40
2026-2027,DPS-GSEB-HIN-UNI_UG_MED_Y1-MED-UI_UX-2026,DPS-GSEB-HIN-UNI_UG_MED_Y1-MED-UI_UX-26,20,20,25,15,20,20,40
2026-2027,DPS-GSEB-HIN-UNI_UG_MED_Y1-MED-TYPO-2026,DPS-GSEB-HIN-UNI_UG_MED_Y1-MED-TYPO-26,20,20,25,15,20,20,40
2026-2027,DPS-GSEB-HIN-UNI_UG_MED_Y1-MED-ARCH_DSN-2026,DPS-GSEB-HIN-UNI_UG_MED_Y1-MED-ARCH_DSN-26,20,20,25,15,20,20,40
2026-2027,DPS-GSEB-HIN-UNI_UG_MED_Y2-MED-DSA-2026,DPS-GSEB-HIN-UNI_UG_MED_Y2-MED-DSA-26,20,20,25,15,20,20,40
2026-2027,DPS-GSEB-HIN-UNI_UG_MED_Y2-MED-DBMS-2026,DPS-GSEB-HIN-UNI_UG_MED_Y2-MED-DBMS-26,20,20,25,15,20,20,40
2026-2027,DPS-GSEB-HIN-UNI_UG_MED_Y2-MED-OS-2026,DPS-GSEB-HIN-UNI_UG_MED_Y2-MED-OS-26,20,20,25,15,20,20,40
2026-2027,DPS-GSEB-HIN-UNI_UG_MED_Y2-MED-CN-2026,DPS-GSEB-HIN-UNI_UG_MED_Y2-MED-CN-26,20,20,25,15,20,20,40
2026-2027,DPS-GSEB-HIN-UNI_UG_MED_Y2-MED-AI_ML-2026,DPS-GSEB-HIN-UNI_UG_MED_Y2-MED-AI_ML-26,20,20,25,15,20,20,40
2026-2027,DPS-GSEB-HIN-UNI_UG_MED_Y2-MED-SWE-2026,DPS-GSEB-HIN-UNI_UG_MED_Y2-MED-SWE-26,20,20,25,15,20,20,40
2026-2027,DPS-GSEB-HIN-UNI_UG_MED_Y2-MED-THERMO-2026,DPS-GSEB-HIN-UNI_UG_MED_Y2-MED-THERMO-26,20,20,25,15,20,20,40
2026-2027,DPS-GSEB-HIN-UNI_UG_MED_Y2-MED-CIRCUITS-2026,DPS-GSEB-HIN-UNI_UG_MED_Y2-MED-CIRCUITS-26,20,20,25,15,20,20,40
2026-2027,DPS-GSEB-HIN-UNI_UG_MED_Y2-MED-ANAT-2026,DPS-GSEB-HIN-UNI_UG_MED_Y2-MED-ANAT-26,20,20,25,15,20,20,40
2026-2027,DPS-GSEB-HIN-UNI_UG_MED_Y2-MED-PHYS-2026,DPS-GSEB-HIN-UNI_UG_MED_Y2-MED-PHYS-26,20,20,25,15,20,20,40
2026-2027,DPS-GSEB-HIN-UNI_UG_MED_Y2-MED-PHARM-2026,DPS-GSEB-HIN-UNI_UG_MED_Y2-MED-PHARM-26,20,20,25,15,20,20,40
2026-2027,DPS-GSEB-HIN-UNI_UG_MED_Y2-MED-PATH-2026,DPS-GSEB-HIN-UNI_UG_MED_Y2-MED-PATH-26,20,20,25,15,20,20,40
2026-2027,DPS-GSEB-HIN-UNI_UG_MED_Y2-MED-COM_MED-2026,DPS-GSEB-HIN-UNI_UG_MED_Y2-MED-COM_MED-26,20,20,25,15,20,20,40
2026-2027,DPS-GSEB-HIN-UNI_UG_MED_Y2-MED-LAW_CON-2026,DPS-GSEB-HIN-UNI_UG_MED_Y2-MED-LAW_CON-26,20,20,25,15,20,20,40
2026-2027,DPS-GSEB-HIN-UNI_UG_MED_Y2-MED-LAW_IPC-2026,DPS-GSEB-HIN-UNI_UG_MED_Y2-MED-LAW_IPC-26,20,20,25,15,20,20,40
2026-2027,DPS-GSEB-HIN-UNI_UG_MED_Y2-MED-LAW_CONTR-2026,DPS-GSEB-HIN-UNI_UG_MED_Y2-MED-LAW_CONTR-26,20,20,25,15,20,20,40
2026-2027,DPS-GSEB-HIN-UNI_UG_MED_Y2-MED-JURIS-2026,DPS-GSEB-HIN-UNI_UG_MED_Y2-MED-JURIS-26,20,20,25,15,20,20,40
2026-2027,DPS-GSEB-HIN-UNI_UG_MED_Y2-MED-CORP_ACC-2026,DPS-GSEB-HIN-UNI_UG_MED_Y2-MED-CORP_ACC-26,20,20,25,15,20,20,40
2026-2027,DPS-GSEB-HIN-UNI_UG_MED_Y2-MED-FIN_MGT-2026,DPS-GSEB-HIN-UNI_UG_MED_Y2-MED-FIN_MGT-26,20,20,25,15,20,20,40
2026-2027,DPS-GSEB-HIN-UNI_UG_MED_Y2-MED-MKT_MGT-2026,DPS-GSEB-HIN-UNI_UG_MED_Y2-MED-MKT_MGT-26,20,20,25,15,20,20,40
2026-2027,DPS-GSEB-HIN-UNI_UG_MED_Y2-MED-OB-2026,DPS-GSEB-HIN-UNI_UG_MED_Y2-MED-OB-26,20,20,25,15,20,20,40
2026-2027,DPS-GSEB-HIN-UNI_UG_MED_Y2-MED-UI_UX-2026,DPS-GSEB-HIN-UNI_UG_MED_Y2-MED-UI_UX-26,20,20,25,15,20,20,40
2026-2027,DPS-GSEB-HIN-UNI_UG_MED_Y2-MED-TYPO-2026,DPS-GSEB-HIN-UNI_UG_MED_Y2-MED-TYPO-26,20,20,25,15,20,20,40
2026-2027,DPS-GSEB-HIN-UNI_UG_MED_Y2-MED-ARCH_DSN-2026,DPS-GSEB-HIN-UNI_UG_MED_Y2-MED-ARCH_DSN-26,20,20,25,15,20,20,40
2026-2027,DPS-GSEB-HIN-UNI_UG_MED_Y3-MED-DSA-2026,DPS-GSEB-HIN-UNI_UG_MED_Y3-MED-DSA-26,20,20,25,15,20,20,40
2026-2027,DPS-GSEB-HIN-UNI_UG_MED_Y3-MED-DBMS-2026,DPS-GSEB-HIN-UNI_UG_MED_Y3-MED-DBMS-26,20,20,25,15,20,20,40
2026-2027,DPS-GSEB-HIN-UNI_UG_MED_Y3-MED-OS-2026,DPS-GSEB-HIN-UNI_UG_MED_Y3-MED-OS-26,20,20,25,15,20,20,40
2026-2027,DPS-GSEB-HIN-UNI_UG_MED_Y3-MED-CN-2026,DPS-GSEB-HIN-UNI_UG_MED_Y3-MED-CN-26,20,20,25,15,20,20,40
2026-2027,DPS-GSEB-HIN-UNI_UG_MED_Y3-MED-AI_ML-2026,DPS-GSEB-HIN-UNI_UG_MED_Y3-MED-AI_ML-26,20,20,25,15,20,20,40
2026-2027,DPS-GSEB-HIN-UNI_UG_MED_Y3-MED-SWE-2026,DPS-GSEB-HIN-UNI_UG_MED_Y3-MED-SWE-26,20,20,25,15,20,20,40
2026-2027,DPS-GSEB-HIN-UNI_UG_MED_Y3-MED-THERMO-2026,DPS-GSEB-HIN-UNI_UG_MED_Y3-MED-THERMO-26,20,20,25,15,20,20,40
2026-2027,DPS-GSEB-HIN-UNI_UG_MED_Y3-MED-CIRCUITS-2026,DPS-GSEB-HIN-UNI_UG_MED_Y3-MED-CIRCUITS-26,20,20,25,15,20,20,40
2026-2027,DPS-GSEB-HIN-UNI_UG_MED_Y3-MED-ANAT-2026,DPS-GSEB-HIN-UNI_UG_MED_Y3-MED-ANAT-26,20,20,25,15,20,20,40
2026-2027,DPS-GSEB-HIN-UNI_UG_MED_Y3-MED-PHYS-2026,DPS-GSEB-HIN-UNI_UG_MED_Y3-MED-PHYS-26,20,20,25,15,20,20,40
2026-2027,DPS-GSEB-HIN-UNI_UG_MED_Y3-MED-PHARM-2026,DPS-GSEB-HIN-UNI_UG_MED_Y3-MED-PHARM-26,20,20,25,15,20,20,40
2026-2027,DPS-GSEB-HIN-UNI_UG_MED_Y3-MED-PATH-2026,DPS-GSEB-HIN-UNI_UG_MED_Y3-MED-PATH-26,20,20,25,15,20,20,40
2026-2027,DPS-GSEB-HIN-UNI_UG_MED_Y3-MED-COM_MED-2026,DPS-GSEB-HIN-UNI_UG_MED_Y3-MED-COM_MED-26,20,20,25,15,20,20,40
2026-2027,DPS-GSEB-HIN-UNI_UG_MED_Y3-MED-LAW_CON-2026,DPS-GSEB-HIN-UNI_UG_MED_Y3-MED-LAW_CON-26,20,20,25,15,20,20,40
2026-2027,DPS-GSEB-HIN-UNI_UG_MED_Y3-MED-LAW_IPC-2026,DPS-GSEB-HIN-UNI_UG_MED_Y3-MED-LAW_IPC-26,20,20,25,15,20,20,40
2026-2027,DPS-GSEB-HIN-UNI_UG_MED_Y3-MED-LAW_CONTR-2026,DPS-GSEB-HIN-UNI_UG_MED_Y3-MED-LAW_CONTR-26,20,20,25,15,20,20,40
2026-2027,DPS-GSEB-HIN-UNI_UG_MED_Y3-MED-JURIS-2026,DPS-GSEB-HIN-UNI_UG_MED_Y3-MED-JURIS-26,20,20,25,15,20,20,40
2026-2027,DPS-GSEB-HIN-UNI_UG_MED_Y3-MED-CORP_ACC-2026,DPS-GSEB-HIN-UNI_UG_MED_Y3-MED-CORP_ACC-26,20,20,25,15,20,20,40
2026-2027,DPS-GSEB-HIN-UNI_UG_MED_Y3-MED-FIN_MGT-2026,DPS-GSEB-HIN-UNI_UG_MED_Y3-MED-FIN_MGT-26,20,20,25,15,20,20,40
2026-2027,DPS-GSEB-HIN-UNI_UG_MED_Y3-MED-MKT_MGT-2026,DPS-GSEB-HIN-UNI_UG_MED_Y3-MED-MKT_MGT-26,20,20,25,15,20,20,40
2026-2027,DPS-GSEB-HIN-UNI_UG_MED_Y3-MED-OB-2026,DPS-GSEB-HIN-UNI_UG_MED_Y3-MED-OB-26,20,20,25,15,20,20,40
2026-2027,DPS-GSEB-HIN-UNI_UG_MED_Y3-MED-UI_UX-2026,DPS-GSEB-HIN-UNI_UG_MED_Y3-MED-UI_UX-26,20,20,25,15,20,20,40
2026-2027,DPS-GSEB-HIN-UNI_UG_MED_Y3-MED-TYPO-2026,DPS-GSEB-HIN-UNI_UG_MED_Y3-MED-TYPO-26,20,20,25,15,20,20,40
2026-2027,DPS-GSEB-HIN-UNI_UG_MED_Y3-MED-ARCH_DSN-2026,DPS-GSEB-HIN-UNI_UG_MED_Y3-MED-ARCH_DSN-26,20,20,25,15,20,20,40
2026-2027,DPS-GSEB-HIN-UNI_UG_MED_Y4-MED-DSA-2026,DPS-GSEB-HIN-UNI_UG_MED_Y4-MED-DSA-26,20,20,25,15,20,20,40
2026-2027,DPS-GSEB-HIN-UNI_UG_MED_Y4-MED-DBMS-2026,DPS-GSEB-HIN-UNI_UG_MED_Y4-MED-DBMS-26,20,20,25,15,20,20,40
2026-2027,DPS-GSEB-HIN-UNI_UG_MED_Y4-MED-OS-2026,DPS-GSEB-HIN-UNI_UG_MED_Y4-MED-OS-26,20,20,25,15,20,20,40
2026-2027,DPS-GSEB-HIN-UNI_UG_MED_Y4-MED-CN-2026,DPS-GSEB-HIN-UNI_UG_MED_Y4-MED-CN-26,20,20,25,15,20,20,40
2026-2027,DPS-GSEB-HIN-UNI_UG_MED_Y4-MED-AI_ML-2026,DPS-GSEB-HIN-UNI_UG_MED_Y4-MED-AI_ML-26,20,20,25,15,20,20,40
2026-2027,DPS-GSEB-HIN-UNI_UG_MED_Y4-MED-SWE-2026,DPS-GSEB-HIN-UNI_UG_MED_Y4-MED-SWE-26,20,20,25,15,20,20,40
2026-2027,DPS-GSEB-HIN-UNI_UG_MED_Y4-MED-THERMO-2026,DPS-GSEB-HIN-UNI_UG_MED_Y4-MED-THERMO-26,20,20,25,15,20,20,40
2026-2027,DPS-GSEB-HIN-UNI_UG_MED_Y4-MED-CIRCUITS-2026,DPS-GSEB-HIN-UNI_UG_MED_Y4-MED-CIRCUITS-26,20,20,25,15,20,20,40
2026-2027,DPS-GSEB-HIN-UNI_UG_MED_Y4-MED-ANAT-2026,DPS-GSEB-HIN-UNI_UG_MED_Y4-MED-ANAT-26,20,20,25,15,20,20,40
2026-2027,DPS-GSEB-HIN-UNI_UG_MED_Y4-MED-PHYS-2026,DPS-GSEB-HIN-UNI_UG_MED_Y4-MED-PHYS-26,20,20,25,15,20,20,40
2026-2027,DPS-GSEB-HIN-UNI_UG_MED_Y4-MED-PHARM-2026,DPS-GSEB-HIN-UNI_UG_MED_Y4-MED-PHARM-26,20,20,25,15,20,20,40
2026-2027,DPS-GSEB-HIN-UNI_UG_MED_Y4-MED-PATH-2026,DPS-GSEB-HIN-UNI_UG_MED_Y4-MED-PATH-26,20,20,25,15,20,20,40
2026-2027,DPS-GSEB-HIN-UNI_UG_MED_Y4-MED-COM_MED-2026,DPS-GSEB-HIN-UNI_UG_MED_Y4-MED-COM_MED-26,20,20,25,15,20,20,40
2026-2027,DPS-GSEB-HIN-UNI_UG_MED_Y4-MED-LAW_CON-2026,DPS-GSEB-HIN-UNI_UG_MED_Y4-MED-LAW_CON-26,20,20,25,15,20,20,40
2026-2027,DPS-GSEB-HIN-UNI_UG_MED_Y4-MED-LAW_IPC-2026,DPS-GSEB-HIN-UNI_UG_MED_Y4-MED-LAW_IPC-26,20,20,25,15,20,20,40
2026-2027,DPS-GSEB-HIN-UNI_UG_MED_Y4-MED-LAW_CONTR-2026,DPS-GSEB-HIN-UNI_UG_MED_Y4-MED-LAW_CONTR-26,20,20,25,15,20,20,40
2026-2027,DPS-GSEB-HIN-UNI_UG_MED_Y4-MED-JURIS-2026,DPS-GSEB-HIN-UNI_UG_MED_Y4-MED-JURIS-26,20,20,25,15,20,20,40
2026-2027,DPS-GSEB-HIN-UNI_UG_MED_Y4-MED-CORP_ACC-2026,DPS-GSEB-HIN-UNI_UG_MED_Y4-MED-CORP_ACC-26,20,20,25,15,20,20,40
2026-2027,DPS-GSEB-HIN-UNI_UG_MED_Y4-MED-FIN_MGT-2026,DPS-GSEB-HIN-UNI_UG_MED_Y4-MED-FIN_MGT-26,20,20,25,15,20,20,40
2026-2027,DPS-GSEB-HIN-UNI_UG_MED_Y4-MED-MKT_MGT-2026,DPS-GSEB-HIN-UNI_UG_MED_Y4-MED-MKT_MGT-26,20,20,25,15,20,20,40
2026-2027,DPS-GSEB-HIN-UNI_UG_MED_Y4-MED-OB-2026,DPS-GSEB-HIN-UNI_UG_MED_Y4-MED-OB-26,20,20,25,15,20,20,40
2026-2027,DPS-GSEB-HIN-UNI_UG_MED_Y4-MED-UI_UX-2026,DPS-GSEB-HIN-UNI_UG_MED_Y4-MED-UI_UX-26,20,20,25,15,20,20,40
2026-2027,DPS-GSEB-HIN-UNI_UG_MED_Y4-MED-TYPO-2026,DPS-GSEB-HIN-UNI_UG_MED_Y4-MED-TYPO-26,20,20,25,15,20,20,40
2026-2027,DPS-GSEB-HIN-UNI_UG_MED_Y4-MED-ARCH_DSN-2026,DPS-GSEB-HIN-UNI_UG_MED_Y4-MED-ARCH_DSN-26,20,20,25,15,20,20,40
2026-2027,DPS-GSEB-HIN-UNI_UG_MED_Y5-MED-DSA-2026,DPS-GSEB-HIN-UNI_UG_MED_Y5-MED-DSA-26,20,20,25,15,20,20,40
2026-2027,DPS-GSEB-HIN-UNI_UG_MED_Y5-MED-DBMS-2026,DPS-GSEB-HIN-UNI_UG_MED_Y5-MED-DBMS-26,20,20,25,15,20,20,40
2026-2027,DPS-GSEB-HIN-UNI_UG_MED_Y5-MED-OS-2026,DPS-GSEB-HIN-UNI_UG_MED_Y5-MED-OS-26,20,20,25,15,20,20,40
2026-2027,DPS-GSEB-HIN-UNI_UG_MED_Y5-MED-CN-2026,DPS-GSEB-HIN-UNI_UG_MED_Y5-MED-CN-26,20,20,25,15,20,20,40
2026-2027,DPS-GSEB-HIN-UNI_UG_MED_Y5-MED-AI_ML-2026,DPS-GSEB-HIN-UNI_UG_MED_Y5-MED-AI_ML-26,20,20,25,15,20,20,40
2026-2027,DPS-GSEB-HIN-UNI_UG_MED_Y5-MED-SWE-2026,DPS-GSEB-HIN-UNI_UG_MED_Y5-MED-SWE-26,20,20,25,15,20,20,40
2026-2027,DPS-GSEB-HIN-UNI_UG_MED_Y5-MED-THERMO-2026,DPS-GSEB-HIN-UNI_UG_MED_Y5-MED-THERMO-26,20,20,25,15,20,20,40
2026-2027,DPS-GSEB-HIN-UNI_UG_MED_Y5-MED-CIRCUITS-2026,DPS-GSEB-HIN-UNI_UG_MED_Y5-MED-CIRCUITS-26,20,20,25,15,20,20,40
2026-2027,DPS-GSEB-HIN-UNI_UG_MED_Y5-MED-ANAT-2026,DPS-GSEB-HIN-UNI_UG_MED_Y5-MED-ANAT-26,20,20,25,15,20,20,40
2026-2027,DPS-GSEB-HIN-UNI_UG_MED_Y5-MED-PHYS-2026,DPS-GSEB-HIN-UNI_UG_MED_Y5-MED-PHYS-26,20,20,25,15,20,20,40
2026-2027,DPS-GSEB-HIN-UNI_UG_MED_Y5-MED-PHARM-2026,DPS-GSEB-HIN-UNI_UG_MED_Y5-MED-PHARM-26,20,20,25,15,20,20,40
2026-2027,DPS-GSEB-HIN-UNI_UG_MED_Y5-MED-PATH-2026,DPS-GSEB-HIN-UNI_UG_MED_Y5-MED-PATH-26,20,20,25,15,20,20,40
2026-2027,DPS-GSEB-HIN-UNI_UG_MED_Y5-MED-COM_MED-2026,DPS-GSEB-HIN-UNI_UG_MED_Y5-MED-COM_MED-26,20,20,25,15,20,20,40
2026-2027,DPS-GSEB-HIN-UNI_UG_MED_Y5-MED-LAW_CON-2026,DPS-GSEB-HIN-UNI_UG_MED_Y5-MED-LAW_CON-26,20,20,25,15,20,20,40
2026-2027,DPS-GSEB-HIN-UNI_UG_MED_Y5-MED-LAW_IPC-2026,DPS-GSEB-HIN-UNI_UG_MED_Y5-MED-LAW_IPC-26,20,20,25,15,20,20,40
2026-2027,DPS-GSEB-HIN-UNI_UG_MED_Y5-MED-LAW_CONTR-2026,DPS-GSEB-HIN-UNI_UG_MED_Y5-MED-LAW_CONTR-26,20,20,25,15,20,20,40
2026-2027,DPS-GSEB-HIN-UNI_UG_MED_Y5-MED-JURIS-2026,DPS-GSEB-HIN-UNI_UG_MED_Y5-MED-JURIS-26,20,20,25,15,20,20,40
2026-2027,DPS-GSEB-HIN-UNI_UG_MED_Y5-MED-CORP_ACC-2026,DPS-GSEB-HIN-UNI_UG_MED_Y5-MED-CORP_ACC-26,20,20,25,15,20,20,40
2026-2027,DPS-GSEB-HIN-UNI_UG_MED_Y5-MED-FIN_MGT-2026,DPS-GSEB-HIN-UNI_UG_MED_Y5-MED-FIN_MGT-26,20,20,25,15,20,20,40
2026-2027,DPS-GSEB-HIN-UNI_UG_MED_Y5-MED-MKT_MGT-2026,DPS-GSEB-HIN-UNI_UG_MED_Y5-MED-MKT_MGT-26,20,20,25,15,20,20,40
2026-2027,DPS-GSEB-HIN-UNI_UG_MED_Y5-MED-OB-2026,DPS-GSEB-HIN-UNI_UG_MED_Y5-MED-OB-26,20,20,25,15,20,20,40
2026-2027,DPS-GSEB-HIN-UNI_UG_MED_Y5-MED-UI_UX-2026,DPS-GSEB-HIN-UNI_UG_MED_Y5-MED-UI_UX-26,20,20,25,15,20,20,40
2026-2027,DPS-GSEB-HIN-UNI_UG_MED_Y5-MED-TYPO-2026,DPS-GSEB-HIN-UNI_UG_MED_Y5-MED-TYPO-26,20,20,25,15,20,20,40
2026-2027,DPS-GSEB-HIN-UNI_UG_MED_Y5-MED-ARCH_DSN-2026,DPS-GSEB-HIN-UNI_UG_MED_Y5-MED-ARCH_DSN-26,20,20,25,15,20,20,40
2026-2027,DPS-GSEB-HIN-NUR_BSC_Y1-NUR-NUR_FND-2026,DPS-GSEB-HIN-NUR_BSC_Y1-NUR-NUR_FND-26,20,20,25,15,20,20,40
2026-2027,DPS-GSEB-HIN-PRO_CA_FND-PRO_FIN-TAX-2026,DPS-GSEB-HIN-PRO_CA_FND-PRO_FIN-TAX-26,20,20,25,15,20,20,40
2026-2027,DPS-GSEB-HIN-PRO_CA_FND-PRO_FIN-AUDIT-2026,DPS-GSEB-HIN-PRO_CA_FND-PRO_FIN-AUDIT-26,20,20,25,15,20,20,40
2026-2027,DPS-GSEB-HIN-PRO_CA_FND-PRO_FIN-APT_REAS-2026,DPS-GSEB-HIN-PRO_CA_FND-PRO_FIN-APT_REAS-26,20,20,25,15,20,20,40
2026-2027,DPS-GSEB-HIN-PRO_CA_INT-PRO_FIN-TAX-2026,DPS-GSEB-HIN-PRO_CA_INT-PRO_FIN-TAX-26,20,20,25,15,20,20,40
2026-2027,DPS-GSEB-HIN-PRO_CA_INT-PRO_FIN-AUDIT-2026,DPS-GSEB-HIN-PRO_CA_INT-PRO_FIN-AUDIT-26,20,20,25,15,20,20,40
2026-2027,DPS-GSEB-HIN-PRO_CA_INT-PRO_FIN-APT_REAS-2026,DPS-GSEB-HIN-PRO_CA_INT-PRO_FIN-APT_REAS-26,20,20,25,15,20,20,40
2026-2027,DPS-GSEB-HIN-PRO_CA_FIN-PRO_FIN-TAX-2026,DPS-GSEB-HIN-PRO_CA_FIN-PRO_FIN-TAX-26,20,20,25,15,20,20,40
2026-2027,DPS-GSEB-HIN-PRO_CA_FIN-PRO_FIN-AUDIT-2026,DPS-GSEB-HIN-PRO_CA_FIN-PRO_FIN-AUDIT-26,20,20,25,15,20,20,40
2026-2027,DPS-GSEB-HIN-PRO_CA_FIN-PRO_FIN-APT_REAS-2026,DPS-GSEB-HIN-PRO_CA_FIN-PRO_FIN-APT_REAS-26,20,20,25,15,20,20,40
2026-2027,DPS-GSEB-HIN-PRO_CS_EXE-LAW-TAX-2026,DPS-GSEB-HIN-PRO_CS_EXE-LAW-TAX-26,20,20,25,15,20,20,40
2026-2027,DPS-GSEB-HIN-PRO_CS_EXE-LAW-AUDIT-2026,DPS-GSEB-HIN-PRO_CS_EXE-LAW-AUDIT-26,20,20,25,15,20,20,40
2026-2027,DPS-GSEB-HIN-PRO_CS_EXE-LAW-APT_REAS-2026,DPS-GSEB-HIN-PRO_CS_EXE-LAW-APT_REAS-26,20,20,25,15,20,20,40
2026-2027,DPS-GSEB-HIN-UNI_PG_AI_Y1-AIE-DSA-2026,DPS-GSEB-HIN-UNI_PG_AI_Y1-AIE-DSA-26,20,20,25,15,20,20,40
2026-2027,DPS-GSEB-HIN-UNI_PG_AI_Y1-AIE-DBMS-2026,DPS-GSEB-HIN-UNI_PG_AI_Y1-AIE-DBMS-26,20,20,25,15,20,20,40
2026-2027,DPS-GSEB-HIN-UNI_PG_AI_Y1-AIE-OS-2026,DPS-GSEB-HIN-UNI_PG_AI_Y1-AIE-OS-26,20,20,25,15,20,20,40
2026-2027,DPS-GSEB-HIN-UNI_PG_AI_Y1-AIE-CN-2026,DPS-GSEB-HIN-UNI_PG_AI_Y1-AIE-CN-26,20,20,25,15,20,20,40
2026-2027,DPS-GSEB-HIN-UNI_PG_AI_Y1-AIE-AI_ML-2026,DPS-GSEB-HIN-UNI_PG_AI_Y1-AIE-AI_ML-26,20,20,25,15,20,20,40
2026-2027,DPS-GSEB-HIN-UNI_PG_AI_Y1-AIE-SWE-2026,DPS-GSEB-HIN-UNI_PG_AI_Y1-AIE-SWE-26,20,20,25,15,20,20,40
2026-2027,DPS-GSEB-HIN-UNI_PG_AI_Y1-AIE-FIN_MGT-2026,DPS-GSEB-HIN-UNI_PG_AI_Y1-AIE-FIN_MGT-26,20,20,25,15,20,20,40
2026-2027,DPS-GSEB-HIN-UNI_PG_AI_Y1-AIE-MKT_MGT-2026,DPS-GSEB-HIN-UNI_PG_AI_Y1-AIE-MKT_MGT-26,20,20,25,15,20,20,40
2026-2027,DPS-GSEB-HIN-UNI_PG_AI_Y1-AIE-OB-2026,DPS-GSEB-HIN-UNI_PG_AI_Y1-AIE-OB-26,20,20,25,15,20,20,40
2026-2027,DPS-GSEB-HIN-UNI_PG_AI_Y2-AIE-DSA-2026,DPS-GSEB-HIN-UNI_PG_AI_Y2-AIE-DSA-26,20,20,25,15,20,20,40
2026-2027,DPS-GSEB-HIN-UNI_PG_AI_Y2-AIE-DBMS-2026,DPS-GSEB-HIN-UNI_PG_AI_Y2-AIE-DBMS-26,20,20,25,15,20,20,40
2026-2027,DPS-GSEB-HIN-UNI_PG_AI_Y2-AIE-OS-2026,DPS-GSEB-HIN-UNI_PG_AI_Y2-AIE-OS-26,20,20,25,15,20,20,40
2026-2027,DPS-GSEB-HIN-UNI_PG_AI_Y2-AIE-CN-2026,DPS-GSEB-HIN-UNI_PG_AI_Y2-AIE-CN-26,20,20,25,15,20,20,40
2026-2027,DPS-GSEB-HIN-UNI_PG_AI_Y2-AIE-AI_ML-2026,DPS-GSEB-HIN-UNI_PG_AI_Y2-AIE-AI_ML-26,20,20,25,15,20,20,40
2026-2027,DPS-GSEB-HIN-UNI_PG_AI_Y2-AIE-SWE-2026,DPS-GSEB-HIN-UNI_PG_AI_Y2-AIE-SWE-26,20,20,25,15,20,20,40
2026-2027,DPS-GSEB-HIN-UNI_PG_AI_Y2-AIE-FIN_MGT-2026,DPS-GSEB-HIN-UNI_PG_AI_Y2-AIE-FIN_MGT-26,20,20,25,15,20,20,40
2026-2027,DPS-GSEB-HIN-UNI_PG_AI_Y2-AIE-MKT_MGT-2026,DPS-GSEB-HIN-UNI_PG_AI_Y2-AIE-MKT_MGT-26,20,20,25,15,20,20,40
2026-2027,DPS-GSEB-HIN-UNI_PG_AI_Y2-AIE-OB-2026,DPS-GSEB-HIN-UNI_PG_AI_Y2-AIE-OB-26,20,20,25,15,20,20,40
2026-2027,DPS-GSEB-HIN-UNI_PG_MBA_Y1-MGT-DSA-2026,DPS-GSEB-HIN-UNI_PG_MBA_Y1-MGT-DSA-26,20,20,25,15,20,20,40
2026-2027,DPS-GSEB-HIN-UNI_PG_MBA_Y1-MGT-DBMS-2026,DPS-GSEB-HIN-UNI_PG_MBA_Y1-MGT-DBMS-26,20,20,25,15,20,20,40
2026-2027,DPS-GSEB-HIN-UNI_PG_MBA_Y1-MGT-OS-2026,DPS-GSEB-HIN-UNI_PG_MBA_Y1-MGT-OS-26,20,20,25,15,20,20,40
2026-2027,DPS-GSEB-HIN-UNI_PG_MBA_Y1-MGT-CN-2026,DPS-GSEB-HIN-UNI_PG_MBA_Y1-MGT-CN-26,20,20,25,15,20,20,40
2026-2027,DPS-GSEB-HIN-UNI_PG_MBA_Y1-MGT-AI_ML-2026,DPS-GSEB-HIN-UNI_PG_MBA_Y1-MGT-AI_ML-26,20,20,25,15,20,20,40
2026-2027,DPS-GSEB-HIN-UNI_PG_MBA_Y1-MGT-SWE-2026,DPS-GSEB-HIN-UNI_PG_MBA_Y1-MGT-SWE-26,20,20,25,15,20,20,40
2026-2027,DPS-GSEB-HIN-UNI_PG_MBA_Y1-MGT-FIN_MGT-2026,DPS-GSEB-HIN-UNI_PG_MBA_Y1-MGT-FIN_MGT-26,20,20,25,15,20,20,40
2026-2027,DPS-GSEB-HIN-UNI_PG_MBA_Y1-MGT-MKT_MGT-2026,DPS-GSEB-HIN-UNI_PG_MBA_Y1-MGT-MKT_MGT-26,20,20,25,15,20,20,40
2026-2027,DPS-GSEB-HIN-UNI_PG_MBA_Y1-MGT-OB-2026,DPS-GSEB-HIN-UNI_PG_MBA_Y1-MGT-OB-26,20,20,25,15,20,20,40
2026-2027,DPS-GSEB-HIN-UNI_PG_MBA_Y2-MGT-DSA-2026,DPS-GSEB-HIN-UNI_PG_MBA_Y2-MGT-DSA-26,20,20,25,15,20,20,40
2026-2027,DPS-GSEB-HIN-UNI_PG_MBA_Y2-MGT-DBMS-2026,DPS-GSEB-HIN-UNI_PG_MBA_Y2-MGT-DBMS-26,20,20,25,15,20,20,40
2026-2027,DPS-GSEB-HIN-UNI_PG_MBA_Y2-MGT-OS-2026,DPS-GSEB-HIN-UNI_PG_MBA_Y2-MGT-OS-26,20,20,25,15,20,20,40
2026-2027,DPS-GSEB-HIN-UNI_PG_MBA_Y2-MGT-CN-2026,DPS-GSEB-HIN-UNI_PG_MBA_Y2-MGT-CN-26,20,20,25,15,20,20,40
2026-2027,DPS-GSEB-HIN-UNI_PG_MBA_Y2-MGT-AI_ML-2026,DPS-GSEB-HIN-UNI_PG_MBA_Y2-MGT-AI_ML-26,20,20,25,15,20,20,40
2026-2027,DPS-GSEB-HIN-UNI_PG_MBA_Y2-MGT-SWE-2026,DPS-GSEB-HIN-UNI_PG_MBA_Y2-MGT-SWE-26,20,20,25,15,20,20,40
2026-2027,DPS-GSEB-HIN-UNI_PG_MBA_Y2-MGT-FIN_MGT-2026,DPS-GSEB-HIN-UNI_PG_MBA_Y2-MGT-FIN_MGT-26,20,20,25,15,20,20,40
2026-2027,DPS-GSEB-HIN-UNI_PG_MBA_Y2-MGT-MKT_MGT-2026,DPS-GSEB-HIN-UNI_PG_MBA_Y2-MGT-MKT_MGT-26,20,20,25,15,20,20,40
2026-2027,DPS-GSEB-HIN-UNI_PG_MBA_Y2-MGT-OB-2026,DPS-GSEB-HIN-UNI_PG_MBA_Y2-MGT-OB-26,20,20,25,15,20,20,40
2026-2027,DPS-GSEB-HIN-UNI_PG_LAW_Y1-LAW-DSA-2026,DPS-GSEB-HIN-UNI_PG_LAW_Y1-LAW-DSA-26,20,20,25,15,20,20,40
2026-2027,DPS-GSEB-HIN-UNI_PG_LAW_Y1-LAW-DBMS-2026,DPS-GSEB-HIN-UNI_PG_LAW_Y1-LAW-DBMS-26,20,20,25,15,20,20,40
2026-2027,DPS-GSEB-HIN-UNI_PG_LAW_Y1-LAW-OS-2026,DPS-GSEB-HIN-UNI_PG_LAW_Y1-LAW-OS-26,20,20,25,15,20,20,40
2026-2027,DPS-GSEB-HIN-UNI_PG_LAW_Y1-LAW-CN-2026,DPS-GSEB-HIN-UNI_PG_LAW_Y1-LAW-CN-26,20,20,25,15,20,20,40
2026-2027,DPS-GSEB-HIN-UNI_PG_LAW_Y1-LAW-AI_ML-2026,DPS-GSEB-HIN-UNI_PG_LAW_Y1-LAW-AI_ML-26,20,20,25,15,20,20,40
2026-2027,DPS-GSEB-HIN-UNI_PG_LAW_Y1-LAW-SWE-2026,DPS-GSEB-HIN-UNI_PG_LAW_Y1-LAW-SWE-26,20,20,25,15,20,20,40
2026-2027,DPS-GSEB-HIN-UNI_PG_LAW_Y1-LAW-FIN_MGT-2026,DPS-GSEB-HIN-UNI_PG_LAW_Y1-LAW-FIN_MGT-26,20,20,25,15,20,20,40
2026-2027,DPS-GSEB-HIN-UNI_PG_LAW_Y1-LAW-MKT_MGT-2026,DPS-GSEB-HIN-UNI_PG_LAW_Y1-LAW-MKT_MGT-26,20,20,25,15,20,20,40
2026-2027,DPS-GSEB-HIN-UNI_PG_LAW_Y1-LAW-OB-2026,DPS-GSEB-HIN-UNI_PG_LAW_Y1-LAW-OB-26,20,20,25,15,20,20,40
2026-2027,DPS-GSEB-HIN-UNI_PG_LAW_Y2-LAW-DSA-2026,DPS-GSEB-HIN-UNI_PG_LAW_Y2-LAW-DSA-26,20,20,25,15,20,20,40
2026-2027,DPS-GSEB-HIN-UNI_PG_LAW_Y2-LAW-DBMS-2026,DPS-GSEB-HIN-UNI_PG_LAW_Y2-LAW-DBMS-26,20,20,25,15,20,20,40
2026-2027,DPS-GSEB-HIN-UNI_PG_LAW_Y2-LAW-OS-2026,DPS-GSEB-HIN-UNI_PG_LAW_Y2-LAW-OS-26,20,20,25,15,20,20,40
2026-2027,DPS-GSEB-HIN-UNI_PG_LAW_Y2-LAW-CN-2026,DPS-GSEB-HIN-UNI_PG_LAW_Y2-LAW-CN-26,20,20,25,15,20,20,40
2026-2027,DPS-GSEB-HIN-UNI_PG_LAW_Y2-LAW-AI_ML-2026,DPS-GSEB-HIN-UNI_PG_LAW_Y2-LAW-AI_ML-26,20,20,25,15,20,20,40
2026-2027,DPS-GSEB-HIN-UNI_PG_LAW_Y2-LAW-SWE-2026,DPS-GSEB-HIN-UNI_PG_LAW_Y2-LAW-SWE-26,20,20,25,15,20,20,40
2026-2027,DPS-GSEB-HIN-UNI_PG_LAW_Y2-LAW-FIN_MGT-2026,DPS-GSEB-HIN-UNI_PG_LAW_Y2-LAW-FIN_MGT-26,20,20,25,15,20,20,40
2026-2027,DPS-GSEB-HIN-UNI_PG_LAW_Y2-LAW-MKT_MGT-2026,DPS-GSEB-HIN-UNI_PG_LAW_Y2-LAW-MKT_MGT-26,20,20,25,15,20,20,40
2026-2027,DPS-GSEB-HIN-UNI_PG_LAW_Y2-LAW-OB-2026,DPS-GSEB-HIN-UNI_PG_LAW_Y2-LAW-OB-26,20,20,25,15,20,20,40
2026-2027,DPS-GSEB-HIN-UNI_PHD_AI-RES-AI_ML-2026,DPS-GSEB-HIN-UNI_PHD_AI-RES-AI_ML-26,20,20,25,15,20,20,40
2026-2027,DPS-GSEB-HIN-UNI_PHD_DS-RES-AI_ML-2026,DPS-GSEB-HIN-UNI_PHD_DS-RES-AI_ML-26,20,20,25,15,20,20,40
2026-2027,DPS-GSEB-HIN-UNI_PHD_RE-RES-AI_ML-2026,DPS-GSEB-HIN-UNI_PHD_RE-RES-AI_ML-26,20,20,25,15,20,20,40
2026-2027,DPS-GSEB-HIN-UNI_UG_BCA_Y1-CSA-DSA-2026,DPS-GSEB-HIN-UNI_UG_BCA_Y1-CSA-DSA-26,20,20,25,15,20,20,40
2026-2027,DPS-GSEB-HIN-UNI_UG_BCA_Y1-CSA-DBMS-2026,DPS-GSEB-HIN-UNI_UG_BCA_Y1-CSA-DBMS-26,20,20,25,15,20,20,40
2026-2027,DPS-GSEB-HIN-UNI_UG_BCA_Y1-CSA-OS-2026,DPS-GSEB-HIN-UNI_UG_BCA_Y1-CSA-OS-26,20,20,25,15,20,20,40
2026-2027,DPS-GSEB-HIN-UNI_UG_BCA_Y1-CSA-CN-2026,DPS-GSEB-HIN-UNI_UG_BCA_Y1-CSA-CN-26,20,20,25,15,20,20,40
2026-2027,DPS-GSEB-HIN-UNI_UG_BCA_Y1-CSA-AI_ML-2026,DPS-GSEB-HIN-UNI_UG_BCA_Y1-CSA-AI_ML-26,20,20,25,15,20,20,40
2026-2027,DPS-GSEB-HIN-UNI_UG_BCA_Y1-CSA-SWE-2026,DPS-GSEB-HIN-UNI_UG_BCA_Y1-CSA-SWE-26,20,20,25,15,20,20,40
2026-2027,DPS-GSEB-HIN-UNI_UG_BCA_Y1-CSA-THERMO-2026,DPS-GSEB-HIN-UNI_UG_BCA_Y1-CSA-THERMO-26,20,20,25,15,20,20,40
2026-2027,DPS-GSEB-HIN-UNI_UG_BCA_Y1-CSA-CIRCUITS-2026,DPS-GSEB-HIN-UNI_UG_BCA_Y1-CSA-CIRCUITS-26,20,20,25,15,20,20,40
2026-2027,DPS-GSEB-HIN-UNI_UG_BCA_Y1-CSA-ANAT-2026,DPS-GSEB-HIN-UNI_UG_BCA_Y1-CSA-ANAT-26,20,20,25,15,20,20,40
2026-2027,DPS-GSEB-HIN-UNI_UG_BCA_Y1-CSA-PHYS-2026,DPS-GSEB-HIN-UNI_UG_BCA_Y1-CSA-PHYS-26,20,20,25,15,20,20,40
2026-2027,DPS-GSEB-HIN-UNI_UG_BCA_Y1-CSA-PHARM-2026,DPS-GSEB-HIN-UNI_UG_BCA_Y1-CSA-PHARM-26,20,20,25,15,20,20,40
2026-2027,DPS-GSEB-HIN-UNI_UG_BCA_Y1-CSA-PATH-2026,DPS-GSEB-HIN-UNI_UG_BCA_Y1-CSA-PATH-26,20,20,25,15,20,20,40
2026-2027,DPS-GSEB-HIN-UNI_UG_BCA_Y1-CSA-COM_MED-2026,DPS-GSEB-HIN-UNI_UG_BCA_Y1-CSA-COM_MED-26,20,20,25,15,20,20,40
2026-2027,DPS-GSEB-HIN-UNI_UG_BCA_Y1-CSA-LAW_CON-2026,DPS-GSEB-HIN-UNI_UG_BCA_Y1-CSA-LAW_CON-26,20,20,25,15,20,20,40
2026-2027,DPS-GSEB-HIN-UNI_UG_BCA_Y1-CSA-LAW_IPC-2026,DPS-GSEB-HIN-UNI_UG_BCA_Y1-CSA-LAW_IPC-26,20,20,25,15,20,20,40
2026-2027,DPS-GSEB-HIN-UNI_UG_BCA_Y1-CSA-LAW_CONTR-2026,DPS-GSEB-HIN-UNI_UG_BCA_Y1-CSA-LAW_CONTR-26,20,20,25,15,20,20,40
2026-2027,DPS-GSEB-HIN-UNI_UG_BCA_Y1-CSA-JURIS-2026,DPS-GSEB-HIN-UNI_UG_BCA_Y1-CSA-JURIS-26,20,20,25,15,20,20,40
2026-2027,DPS-GSEB-HIN-UNI_UG_BCA_Y1-CSA-CORP_ACC-2026,DPS-GSEB-HIN-UNI_UG_BCA_Y1-CSA-CORP_ACC-26,20,20,25,15,20,20,40
2026-2027,DPS-GSEB-HIN-UNI_UG_BCA_Y1-CSA-FIN_MGT-2026,DPS-GSEB-HIN-UNI_UG_BCA_Y1-CSA-FIN_MGT-26,20,20,25,15,20,20,40
2026-2027,DPS-GSEB-HIN-UNI_UG_BCA_Y1-CSA-MKT_MGT-2026,DPS-GSEB-HIN-UNI_UG_BCA_Y1-CSA-MKT_MGT-26,20,20,25,15,20,20,40
2026-2027,DPS-GSEB-HIN-UNI_UG_BCA_Y1-CSA-OB-2026,DPS-GSEB-HIN-UNI_UG_BCA_Y1-CSA-OB-26,20,20,25,15,20,20,40
2026-2027,DPS-GSEB-HIN-UNI_UG_BCA_Y1-CSA-UI_UX-2026,DPS-GSEB-HIN-UNI_UG_BCA_Y1-CSA-UI_UX-26,20,20,25,15,20,20,40
2026-2027,DPS-GSEB-HIN-UNI_UG_BCA_Y1-CSA-TYPO-2026,DPS-GSEB-HIN-UNI_UG_BCA_Y1-CSA-TYPO-26,20,20,25,15,20,20,40
2026-2027,DPS-GSEB-HIN-UNI_UG_BCA_Y1-CSA-ARCH_DSN-2026,DPS-GSEB-HIN-UNI_UG_BCA_Y1-CSA-ARCH_DSN-26,20,20,25,15,20,20,40
2026-2027,DPS-GSEB-HIN-UNI_UG_BCA_Y2-CSA-DSA-2026,DPS-GSEB-HIN-UNI_UG_BCA_Y2-CSA-DSA-26,20,20,25,15,20,20,40
2026-2027,DPS-GSEB-HIN-UNI_UG_BCA_Y2-CSA-DBMS-2026,DPS-GSEB-HIN-UNI_UG_BCA_Y2-CSA-DBMS-26,20,20,25,15,20,20,40
2026-2027,DPS-GSEB-HIN-UNI_UG_BCA_Y2-CSA-OS-2026,DPS-GSEB-HIN-UNI_UG_BCA_Y2-CSA-OS-26,20,20,25,15,20,20,40
2026-2027,DPS-GSEB-HIN-UNI_UG_BCA_Y2-CSA-CN-2026,DPS-GSEB-HIN-UNI_UG_BCA_Y2-CSA-CN-26,20,20,25,15,20,20,40
2026-2027,DPS-GSEB-HIN-UNI_UG_BCA_Y2-CSA-AI_ML-2026,DPS-GSEB-HIN-UNI_UG_BCA_Y2-CSA-AI_ML-26,20,20,25,15,20,20,40
2026-2027,DPS-GSEB-HIN-UNI_UG_BCA_Y2-CSA-SWE-2026,DPS-GSEB-HIN-UNI_UG_BCA_Y2-CSA-SWE-26,20,20,25,15,20,20,40
2026-2027,DPS-GSEB-HIN-UNI_UG_BCA_Y2-CSA-THERMO-2026,DPS-GSEB-HIN-UNI_UG_BCA_Y2-CSA-THERMO-26,20,20,25,15,20,20,40
2026-2027,DPS-GSEB-HIN-UNI_UG_BCA_Y2-CSA-CIRCUITS-2026,DPS-GSEB-HIN-UNI_UG_BCA_Y2-CSA-CIRCUITS-26,20,20,25,15,20,20,40
2026-2027,DPS-GSEB-HIN-UNI_UG_BCA_Y2-CSA-ANAT-2026,DPS-GSEB-HIN-UNI_UG_BCA_Y2-CSA-ANAT-26,20,20,25,15,20,20,40
2026-2027,DPS-GSEB-HIN-UNI_UG_BCA_Y2-CSA-PHYS-2026,DPS-GSEB-HIN-UNI_UG_BCA_Y2-CSA-PHYS-26,20,20,25,15,20,20,40
2026-2027,DPS-GSEB-HIN-UNI_UG_BCA_Y2-CSA-PHARM-2026,DPS-GSEB-HIN-UNI_UG_BCA_Y2-CSA-PHARM-26,20,20,25,15,20,20,40
2026-2027,DPS-GSEB-HIN-UNI_UG_BCA_Y2-CSA-PATH-2026,DPS-GSEB-HIN-UNI_UG_BCA_Y2-CSA-PATH-26,20,20,25,15,20,20,40
2026-2027,DPS-GSEB-HIN-UNI_UG_BCA_Y2-CSA-COM_MED-2026,DPS-GSEB-HIN-UNI_UG_BCA_Y2-CSA-COM_MED-26,20,20,25,15,20,20,40
2026-2027,DPS-GSEB-HIN-UNI_UG_BCA_Y2-CSA-LAW_CON-2026,DPS-GSEB-HIN-UNI_UG_BCA_Y2-CSA-LAW_CON-26,20,20,25,15,20,20,40
2026-2027,DPS-GSEB-HIN-UNI_UG_BCA_Y2-CSA-LAW_IPC-2026,DPS-GSEB-HIN-UNI_UG_BCA_Y2-CSA-LAW_IPC-26,20,20,25,15,20,20,40
2026-2027,DPS-GSEB-HIN-UNI_UG_BCA_Y2-CSA-LAW_CONTR-2026,DPS-GSEB-HIN-UNI_UG_BCA_Y2-CSA-LAW_CONTR-26,20,20,25,15,20,20,40
2026-2027,DPS-GSEB-HIN-UNI_UG_BCA_Y2-CSA-JURIS-2026,DPS-GSEB-HIN-UNI_UG_BCA_Y2-CSA-JURIS-26,20,20,25,15,20,20,40
2026-2027,DPS-GSEB-HIN-UNI_UG_BCA_Y2-CSA-CORP_ACC-2026,DPS-GSEB-HIN-UNI_UG_BCA_Y2-CSA-CORP_ACC-26,20,20,25,15,20,20,40
2026-2027,DPS-GSEB-HIN-UNI_UG_BCA_Y2-CSA-FIN_MGT-2026,DPS-GSEB-HIN-UNI_UG_BCA_Y2-CSA-FIN_MGT-26,20,20,25,15,20,20,40
2026-2027,DPS-GSEB-HIN-UNI_UG_BCA_Y2-CSA-MKT_MGT-2026,DPS-GSEB-HIN-UNI_UG_BCA_Y2-CSA-MKT_MGT-26,20,20,25,15,20,20,40
2026-2027,DPS-GSEB-HIN-UNI_UG_BCA_Y2-CSA-OB-2026,DPS-GSEB-HIN-UNI_UG_BCA_Y2-CSA-OB-26,20,20,25,15,20,20,40
2026-2027,DPS-GSEB-HIN-UNI_UG_BCA_Y2-CSA-UI_UX-2026,DPS-GSEB-HIN-UNI_UG_BCA_Y2-CSA-UI_UX-26,20,20,25,15,20,20,40
2026-2027,DPS-GSEB-HIN-UNI_UG_BCA_Y2-CSA-TYPO-2026,DPS-GSEB-HIN-UNI_UG_BCA_Y2-CSA-TYPO-26,20,20,25,15,20,20,40
2026-2027,DPS-GSEB-HIN-UNI_UG_BCA_Y2-CSA-ARCH_DSN-2026,DPS-GSEB-HIN-UNI_UG_BCA_Y2-CSA-ARCH_DSN-26,20,20,25,15,20,20,40
2026-2027,DPS-GSEB-HIN-UNI_UG_BCA_Y3-CSA-DSA-2026,DPS-GSEB-HIN-UNI_UG_BCA_Y3-CSA-DSA-26,20,20,25,15,20,20,40
2026-2027,DPS-GSEB-HIN-UNI_UG_BCA_Y3-CSA-DBMS-2026,DPS-GSEB-HIN-UNI_UG_BCA_Y3-CSA-DBMS-26,20,20,25,15,20,20,40
2026-2027,DPS-GSEB-HIN-UNI_UG_BCA_Y3-CSA-OS-2026,DPS-GSEB-HIN-UNI_UG_BCA_Y3-CSA-OS-26,20,20,25,15,20,20,40
2026-2027,DPS-GSEB-HIN-UNI_UG_BCA_Y3-CSA-CN-2026,DPS-GSEB-HIN-UNI_UG_BCA_Y3-CSA-CN-26,20,20,25,15,20,20,40
2026-2027,DPS-GSEB-HIN-UNI_UG_BCA_Y3-CSA-AI_ML-2026,DPS-GSEB-HIN-UNI_UG_BCA_Y3-CSA-AI_ML-26,20,20,25,15,20,20,40
2026-2027,DPS-GSEB-HIN-UNI_UG_BCA_Y3-CSA-SWE-2026,DPS-GSEB-HIN-UNI_UG_BCA_Y3-CSA-SWE-26,20,20,25,15,20,20,40
2026-2027,DPS-GSEB-HIN-UNI_UG_BCA_Y3-CSA-THERMO-2026,DPS-GSEB-HIN-UNI_UG_BCA_Y3-CSA-THERMO-26,20,20,25,15,20,20,40
2026-2027,DPS-GSEB-HIN-UNI_UG_BCA_Y3-CSA-CIRCUITS-2026,DPS-GSEB-HIN-UNI_UG_BCA_Y3-CSA-CIRCUITS-26,20,20,25,15,20,20,40
2026-2027,DPS-GSEB-HIN-UNI_UG_BCA_Y3-CSA-ANAT-2026,DPS-GSEB-HIN-UNI_UG_BCA_Y3-CSA-ANAT-26,20,20,25,15,20,20,40
2026-2027,DPS-GSEB-HIN-UNI_UG_BCA_Y3-CSA-PHYS-2026,DPS-GSEB-HIN-UNI_UG_BCA_Y3-CSA-PHYS-26,20,20,25,15,20,20,40
2026-2027,DPS-GSEB-HIN-UNI_UG_BCA_Y3-CSA-PHARM-2026,DPS-GSEB-HIN-UNI_UG_BCA_Y3-CSA-PHARM-26,20,20,25,15,20,20,40
2026-2027,DPS-GSEB-HIN-UNI_UG_BCA_Y3-CSA-PATH-2026,DPS-GSEB-HIN-UNI_UG_BCA_Y3-CSA-PATH-26,20,20,25,15,20,20,40
2026-2027,DPS-GSEB-HIN-UNI_UG_BCA_Y3-CSA-COM_MED-2026,DPS-GSEB-HIN-UNI_UG_BCA_Y3-CSA-COM_MED-26,20,20,25,15,20,20,40
2026-2027,DPS-GSEB-HIN-UNI_UG_BCA_Y3-CSA-LAW_CON-2026,DPS-GSEB-HIN-UNI_UG_BCA_Y3-CSA-LAW_CON-26,20,20,25,15,20,20,40
2026-2027,DPS-GSEB-HIN-UNI_UG_BCA_Y3-CSA-LAW_IPC-2026,DPS-GSEB-HIN-UNI_UG_BCA_Y3-CSA-LAW_IPC-26,20,20,25,15,20,20,40
2026-2027,DPS-GSEB-HIN-UNI_UG_BCA_Y3-CSA-LAW_CONTR-2026,DPS-GSEB-HIN-UNI_UG_BCA_Y3-CSA-LAW_CONTR-26,20,20,25,15,20,20,40
2026-2027,DPS-GSEB-HIN-UNI_UG_BCA_Y3-CSA-JURIS-2026,DPS-GSEB-HIN-UNI_UG_BCA_Y3-CSA-JURIS-26,20,20,25,15,20,20,40
2026-2027,DPS-GSEB-HIN-UNI_UG_BCA_Y3-CSA-CORP_ACC-2026,DPS-GSEB-HIN-UNI_UG_BCA_Y3-CSA-CORP_ACC-26,20,20,25,15,20,20,40
2026-2027,DPS-GSEB-HIN-UNI_UG_BCA_Y3-CSA-FIN_MGT-2026,DPS-GSEB-HIN-UNI_UG_BCA_Y3-CSA-FIN_MGT-26,20,20,25,15,20,20,40
2026-2027,DPS-GSEB-HIN-UNI_UG_BCA_Y3-CSA-MKT_MGT-2026,DPS-GSEB-HIN-UNI_UG_BCA_Y3-CSA-MKT_MGT-26,20,20,25,15,20,20,40
2026-2027,DPS-GSEB-HIN-UNI_UG_BCA_Y3-CSA-OB-2026,DPS-GSEB-HIN-UNI_UG_BCA_Y3-CSA-OB-26,20,20,25,15,20,20,40
2026-2027,DPS-GSEB-HIN-UNI_UG_BCA_Y3-CSA-UI_UX-2026,DPS-GSEB-HIN-UNI_UG_BCA_Y3-CSA-UI_UX-26,20,20,25,15,20,20,40
2026-2027,DPS-GSEB-HIN-UNI_UG_BCA_Y3-CSA-TYPO-2026,DPS-GSEB-HIN-UNI_UG_BCA_Y3-CSA-TYPO-26,20,20,25,15,20,20,40
2026-2027,DPS-GSEB-HIN-UNI_UG_BCA_Y3-CSA-ARCH_DSN-2026,DPS-GSEB-HIN-UNI_UG_BCA_Y3-CSA-ARCH_DSN-26,20,20,25,15,20,20,40
2026-2027,DPS-GSEB-HIN-UNI_UG_BBA_Y1-MGT-DSA-2026,DPS-GSEB-HIN-UNI_UG_BBA_Y1-MGT-DSA-26,20,20,25,15,20,20,40
2026-2027,DPS-GSEB-HIN-UNI_UG_BBA_Y1-MGT-DBMS-2026,DPS-GSEB-HIN-UNI_UG_BBA_Y1-MGT-DBMS-26,20,20,25,15,20,20,40
2026-2027,DPS-GSEB-HIN-UNI_UG_BBA_Y1-MGT-OS-2026,DPS-GSEB-HIN-UNI_UG_BBA_Y1-MGT-OS-26,20,20,25,15,20,20,40
2026-2027,DPS-GSEB-HIN-UNI_UG_BBA_Y1-MGT-CN-2026,DPS-GSEB-HIN-UNI_UG_BBA_Y1-MGT-CN-26,20,20,25,15,20,20,40
2026-2027,DPS-GSEB-HIN-UNI_UG_BBA_Y1-MGT-AI_ML-2026,DPS-GSEB-HIN-UNI_UG_BBA_Y1-MGT-AI_ML-26,20,20,25,15,20,20,40
2026-2027,DPS-GSEB-HIN-UNI_UG_BBA_Y1-MGT-SWE-2026,DPS-GSEB-HIN-UNI_UG_BBA_Y1-MGT-SWE-26,20,20,25,15,20,20,40
2026-2027,DPS-GSEB-HIN-UNI_UG_BBA_Y1-MGT-THERMO-2026,DPS-GSEB-HIN-UNI_UG_BBA_Y1-MGT-THERMO-26,20,20,25,15,20,20,40
2026-2027,DPS-GSEB-HIN-UNI_UG_BBA_Y1-MGT-CIRCUITS-2026,DPS-GSEB-HIN-UNI_UG_BBA_Y1-MGT-CIRCUITS-26,20,20,25,15,20,20,40
2026-2027,DPS-GSEB-HIN-UNI_UG_BBA_Y1-MGT-ANAT-2026,DPS-GSEB-HIN-UNI_UG_BBA_Y1-MGT-ANAT-26,20,20,25,15,20,20,40
2026-2027,DPS-GSEB-HIN-UNI_UG_BBA_Y1-MGT-PHYS-2026,DPS-GSEB-HIN-UNI_UG_BBA_Y1-MGT-PHYS-26,20,20,25,15,20,20,40
2026-2027,DPS-GSEB-HIN-UNI_UG_BBA_Y1-MGT-PHARM-2026,DPS-GSEB-HIN-UNI_UG_BBA_Y1-MGT-PHARM-26,20,20,25,15,20,20,40
2026-2027,DPS-GSEB-HIN-UNI_UG_BBA_Y1-MGT-PATH-2026,DPS-GSEB-HIN-UNI_UG_BBA_Y1-MGT-PATH-26,20,20,25,15,20,20,40
2026-2027,DPS-GSEB-HIN-UNI_UG_BBA_Y1-MGT-COM_MED-2026,DPS-GSEB-HIN-UNI_UG_BBA_Y1-MGT-COM_MED-26,20,20,25,15,20,20,40
2026-2027,DPS-GSEB-HIN-UNI_UG_BBA_Y1-MGT-LAW_CON-2026,DPS-GSEB-HIN-UNI_UG_BBA_Y1-MGT-LAW_CON-26,20,20,25,15,20,20,40
2026-2027,DPS-GSEB-HIN-UNI_UG_BBA_Y1-MGT-LAW_IPC-2026,DPS-GSEB-HIN-UNI_UG_BBA_Y1-MGT-LAW_IPC-26,20,20,25,15,20,20,40
2026-2027,DPS-GSEB-HIN-UNI_UG_BBA_Y1-MGT-LAW_CONTR-2026,DPS-GSEB-HIN-UNI_UG_BBA_Y1-MGT-LAW_CONTR-26,20,20,25,15,20,20,40
2026-2027,DPS-GSEB-HIN-UNI_UG_BBA_Y1-MGT-JURIS-2026,DPS-GSEB-HIN-UNI_UG_BBA_Y1-MGT-JURIS-26,20,20,25,15,20,20,40
2026-2027,DPS-GSEB-HIN-UNI_UG_BBA_Y1-MGT-CORP_ACC-2026,DPS-GSEB-HIN-UNI_UG_BBA_Y1-MGT-CORP_ACC-26,20,20,25,15,20,20,40
2026-2027,DPS-GSEB-HIN-UNI_UG_BBA_Y1-MGT-FIN_MGT-2026,DPS-GSEB-HIN-UNI_UG_BBA_Y1-MGT-FIN_MGT-26,20,20,25,15,20,20,40
2026-2027,DPS-GSEB-HIN-UNI_UG_BBA_Y1-MGT-MKT_MGT-2026,DPS-GSEB-HIN-UNI_UG_BBA_Y1-MGT-MKT_MGT-26,20,20,25,15,20,20,40
2026-2027,DPS-GSEB-HIN-UNI_UG_BBA_Y1-MGT-OB-2026,DPS-GSEB-HIN-UNI_UG_BBA_Y1-MGT-OB-26,20,20,25,15,20,20,40
2026-2027,DPS-GSEB-HIN-UNI_UG_BBA_Y1-MGT-UI_UX-2026,DPS-GSEB-HIN-UNI_UG_BBA_Y1-MGT-UI_UX-26,20,20,25,15,20,20,40
2026-2027,DPS-GSEB-HIN-UNI_UG_BBA_Y1-MGT-TYPO-2026,DPS-GSEB-HIN-UNI_UG_BBA_Y1-MGT-TYPO-26,20,20,25,15,20,20,40
2026-2027,DPS-GSEB-HIN-UNI_UG_BBA_Y1-MGT-ARCH_DSN-2026,DPS-GSEB-HIN-UNI_UG_BBA_Y1-MGT-ARCH_DSN-26,20,20,25,15,20,20,40
2026-2027,DPS-GSEB-HIN-UNI_UG_BBA_Y2-MGT-DSA-2026,DPS-GSEB-HIN-UNI_UG_BBA_Y2-MGT-DSA-26,20,20,25,15,20,20,40
2026-2027,DPS-GSEB-HIN-UNI_UG_BBA_Y2-MGT-DBMS-2026,DPS-GSEB-HIN-UNI_UG_BBA_Y2-MGT-DBMS-26,20,20,25,15,20,20,40
2026-2027,DPS-GSEB-HIN-UNI_UG_BBA_Y2-MGT-OS-2026,DPS-GSEB-HIN-UNI_UG_BBA_Y2-MGT-OS-26,20,20,25,15,20,20,40
2026-2027,DPS-GSEB-HIN-UNI_UG_BBA_Y2-MGT-CN-2026,DPS-GSEB-HIN-UNI_UG_BBA_Y2-MGT-CN-26,20,20,25,15,20,20,40
2026-2027,DPS-GSEB-HIN-UNI_UG_BBA_Y2-MGT-AI_ML-2026,DPS-GSEB-HIN-UNI_UG_BBA_Y2-MGT-AI_ML-26,20,20,25,15,20,20,40
2026-2027,DPS-GSEB-HIN-UNI_UG_BBA_Y2-MGT-SWE-2026,DPS-GSEB-HIN-UNI_UG_BBA_Y2-MGT-SWE-26,20,20,25,15,20,20,40
2026-2027,DPS-GSEB-HIN-UNI_UG_BBA_Y2-MGT-THERMO-2026,DPS-GSEB-HIN-UNI_UG_BBA_Y2-MGT-THERMO-26,20,20,25,15,20,20,40
2026-2027,DPS-GSEB-HIN-UNI_UG_BBA_Y2-MGT-CIRCUITS-2026,DPS-GSEB-HIN-UNI_UG_BBA_Y2-MGT-CIRCUITS-26,20,20,25,15,20,20,40
2026-2027,DPS-GSEB-HIN-UNI_UG_BBA_Y2-MGT-ANAT-2026,DPS-GSEB-HIN-UNI_UG_BBA_Y2-MGT-ANAT-26,20,20,25,15,20,20,40
2026-2027,DPS-GSEB-HIN-UNI_UG_BBA_Y2-MGT-PHYS-2026,DPS-GSEB-HIN-UNI_UG_BBA_Y2-MGT-PHYS-26,20,20,25,15,20,20,40
2026-2027,DPS-GSEB-HIN-UNI_UG_BBA_Y2-MGT-PHARM-2026,DPS-GSEB-HIN-UNI_UG_BBA_Y2-MGT-PHARM-26,20,20,25,15,20,20,40
2026-2027,DPS-GSEB-HIN-UNI_UG_BBA_Y2-MGT-PATH-2026,DPS-GSEB-HIN-UNI_UG_BBA_Y2-MGT-PATH-26,20,20,25,15,20,20,40
2026-2027,DPS-GSEB-HIN-UNI_UG_BBA_Y2-MGT-COM_MED-2026,DPS-GSEB-HIN-UNI_UG_BBA_Y2-MGT-COM_MED-26,20,20,25,15,20,20,40
2026-2027,DPS-GSEB-HIN-UNI_UG_BBA_Y2-MGT-LAW_CON-2026,DPS-GSEB-HIN-UNI_UG_BBA_Y2-MGT-LAW_CON-26,20,20,25,15,20,20,40
2026-2027,DPS-GSEB-HIN-UNI_UG_BBA_Y2-MGT-LAW_IPC-2026,DPS-GSEB-HIN-UNI_UG_BBA_Y2-MGT-LAW_IPC-26,20,20,25,15,20,20,40
2026-2027,DPS-GSEB-HIN-UNI_UG_BBA_Y2-MGT-LAW_CONTR-2026,DPS-GSEB-HIN-UNI_UG_BBA_Y2-MGT-LAW_CONTR-26,20,20,25,15,20,20,40
2026-2027,DPS-GSEB-HIN-UNI_UG_BBA_Y2-MGT-JURIS-2026,DPS-GSEB-HIN-UNI_UG_BBA_Y2-MGT-JURIS-26,20,20,25,15,20,20,40
2026-2027,DPS-GSEB-HIN-UNI_UG_BBA_Y2-MGT-CORP_ACC-2026,DPS-GSEB-HIN-UNI_UG_BBA_Y2-MGT-CORP_ACC-26,20,20,25,15,20,20,40
2026-2027,DPS-GSEB-HIN-UNI_UG_BBA_Y2-MGT-FIN_MGT-2026,DPS-GSEB-HIN-UNI_UG_BBA_Y2-MGT-FIN_MGT-26,20,20,25,15,20,20,40
2026-2027,DPS-GSEB-HIN-UNI_UG_BBA_Y2-MGT-MKT_MGT-2026,DPS-GSEB-HIN-UNI_UG_BBA_Y2-MGT-MKT_MGT-26,20,20,25,15,20,20,40
2026-2027,DPS-GSEB-HIN-UNI_UG_BBA_Y2-MGT-OB-2026,DPS-GSEB-HIN-UNI_UG_BBA_Y2-MGT-OB-26,20,20,25,15,20,20,40
2026-2027,DPS-GSEB-HIN-UNI_UG_BBA_Y2-MGT-UI_UX-2026,DPS-GSEB-HIN-UNI_UG_BBA_Y2-MGT-UI_UX-26,20,20,25,15,20,20,40
2026-2027,DPS-GSEB-HIN-UNI_UG_BBA_Y2-MGT-TYPO-2026,DPS-GSEB-HIN-UNI_UG_BBA_Y2-MGT-TYPO-26,20,20,25,15,20,20,40
2026-2027,DPS-GSEB-HIN-UNI_UG_BBA_Y2-MGT-ARCH_DSN-2026,DPS-GSEB-HIN-UNI_UG_BBA_Y2-MGT-ARCH_DSN-26,20,20,25,15,20,20,40
2026-2027,DPS-GSEB-HIN-UNI_UG_BBA_Y3-MGT-DSA-2026,DPS-GSEB-HIN-UNI_UG_BBA_Y3-MGT-DSA-26,20,20,25,15,20,20,40
2026-2027,DPS-GSEB-HIN-UNI_UG_BBA_Y3-MGT-DBMS-2026,DPS-GSEB-HIN-UNI_UG_BBA_Y3-MGT-DBMS-26,20,20,25,15,20,20,40
2026-2027,DPS-GSEB-HIN-UNI_UG_BBA_Y3-MGT-OS-2026,DPS-GSEB-HIN-UNI_UG_BBA_Y3-MGT-OS-26,20,20,25,15,20,20,40
2026-2027,DPS-GSEB-HIN-UNI_UG_BBA_Y3-MGT-CN-2026,DPS-GSEB-HIN-UNI_UG_BBA_Y3-MGT-CN-26,20,20,25,15,20,20,40
2026-2027,DPS-GSEB-HIN-UNI_UG_BBA_Y3-MGT-AI_ML-2026,DPS-GSEB-HIN-UNI_UG_BBA_Y3-MGT-AI_ML-26,20,20,25,15,20,20,40
2026-2027,DPS-GSEB-HIN-UNI_UG_BBA_Y3-MGT-SWE-2026,DPS-GSEB-HIN-UNI_UG_BBA_Y3-MGT-SWE-26,20,20,25,15,20,20,40
2026-2027,DPS-GSEB-HIN-UNI_UG_BBA_Y3-MGT-THERMO-2026,DPS-GSEB-HIN-UNI_UG_BBA_Y3-MGT-THERMO-26,20,20,25,15,20,20,40
2026-2027,DPS-GSEB-HIN-UNI_UG_BBA_Y3-MGT-CIRCUITS-2026,DPS-GSEB-HIN-UNI_UG_BBA_Y3-MGT-CIRCUITS-26,20,20,25,15,20,20,40
2026-2027,DPS-GSEB-HIN-UNI_UG_BBA_Y3-MGT-ANAT-2026,DPS-GSEB-HIN-UNI_UG_BBA_Y3-MGT-ANAT-26,20,20,25,15,20,20,40
2026-2027,DPS-GSEB-HIN-UNI_UG_BBA_Y3-MGT-PHYS-2026,DPS-GSEB-HIN-UNI_UG_BBA_Y3-MGT-PHYS-26,20,20,25,15,20,20,40
2026-2027,DPS-GSEB-HIN-UNI_UG_BBA_Y3-MGT-PHARM-2026,DPS-GSEB-HIN-UNI_UG_BBA_Y3-MGT-PHARM-26,20,20,25,15,20,20,40
2026-2027,DPS-GSEB-HIN-UNI_UG_BBA_Y3-MGT-PATH-2026,DPS-GSEB-HIN-UNI_UG_BBA_Y3-MGT-PATH-26,20,20,25,15,20,20,40
2026-2027,DPS-GSEB-HIN-UNI_UG_BBA_Y3-MGT-COM_MED-2026,DPS-GSEB-HIN-UNI_UG_BBA_Y3-MGT-COM_MED-26,20,20,25,15,20,20,40
2026-2027,DPS-GSEB-HIN-UNI_UG_BBA_Y3-MGT-LAW_CON-2026,DPS-GSEB-HIN-UNI_UG_BBA_Y3-MGT-LAW_CON-26,20,20,25,15,20,20,40
2026-2027,DPS-GSEB-HIN-UNI_UG_BBA_Y3-MGT-LAW_IPC-2026,DPS-GSEB-HIN-UNI_UG_BBA_Y3-MGT-LAW_IPC-26,20,20,25,15,20,20,40
2026-2027,DPS-GSEB-HIN-UNI_UG_BBA_Y3-MGT-LAW_CONTR-2026,DPS-GSEB-HIN-UNI_UG_BBA_Y3-MGT-LAW_CONTR-26,20,20,25,15,20,20,40
2026-2027,DPS-GSEB-HIN-UNI_UG_BBA_Y3-MGT-JURIS-2026,DPS-GSEB-HIN-UNI_UG_BBA_Y3-MGT-JURIS-26,20,20,25,15,20,20,40
2026-2027,DPS-GSEB-HIN-UNI_UG_BBA_Y3-MGT-CORP_ACC-2026,DPS-GSEB-HIN-UNI_UG_BBA_Y3-MGT-CORP_ACC-26,20,20,25,15,20,20,40
2026-2027,DPS-GSEB-HIN-UNI_UG_BBA_Y3-MGT-FIN_MGT-2026,DPS-GSEB-HIN-UNI_UG_BBA_Y3-MGT-FIN_MGT-26,20,20,25,15,20,20,40
2026-2027,DPS-GSEB-HIN-UNI_UG_BBA_Y3-MGT-MKT_MGT-2026,DPS-GSEB-HIN-UNI_UG_BBA_Y3-MGT-MKT_MGT-26,20,20,25,15,20,20,40
2026-2027,DPS-GSEB-HIN-UNI_UG_BBA_Y3-MGT-OB-2026,DPS-GSEB-HIN-UNI_UG_BBA_Y3-MGT-OB-26,20,20,25,15,20,20,40
2026-2027,DPS-GSEB-HIN-UNI_UG_BBA_Y3-MGT-UI_UX-2026,DPS-GSEB-HIN-UNI_UG_BBA_Y3-MGT-UI_UX-26,20,20,25,15,20,20,40
2026-2027,DPS-GSEB-HIN-UNI_UG_BBA_Y3-MGT-TYPO-2026,DPS-GSEB-HIN-UNI_UG_BBA_Y3-MGT-TYPO-26,20,20,25,15,20,20,40
2026-2027,DPS-GSEB-HIN-UNI_UG_BBA_Y3-MGT-ARCH_DSN-2026,DPS-GSEB-HIN-UNI_UG_BBA_Y3-MGT-ARCH_DSN-26,20,20,25,15,20,20,40
2026-2027,DPS-GSEB-HIN-UNI_UG_BARCH_Y1-ARC-DSA-2026,DPS-GSEB-HIN-UNI_UG_BARCH_Y1-ARC-DSA-26,20,20,25,15,20,20,40
2026-2027,DPS-GSEB-HIN-UNI_UG_BARCH_Y1-ARC-DBMS-2026,DPS-GSEB-HIN-UNI_UG_BARCH_Y1-ARC-DBMS-26,20,20,25,15,20,20,40
2026-2027,DPS-GSEB-HIN-UNI_UG_BARCH_Y1-ARC-OS-2026,DPS-GSEB-HIN-UNI_UG_BARCH_Y1-ARC-OS-26,20,20,25,15,20,20,40
2026-2027,DPS-GSEB-HIN-UNI_UG_BARCH_Y1-ARC-CN-2026,DPS-GSEB-HIN-UNI_UG_BARCH_Y1-ARC-CN-26,20,20,25,15,20,20,40
2026-2027,DPS-GSEB-HIN-UNI_UG_BARCH_Y1-ARC-AI_ML-2026,DPS-GSEB-HIN-UNI_UG_BARCH_Y1-ARC-AI_ML-26,20,20,25,15,20,20,40
2026-2027,DPS-GSEB-HIN-UNI_UG_BARCH_Y1-ARC-SWE-2026,DPS-GSEB-HIN-UNI_UG_BARCH_Y1-ARC-SWE-26,20,20,25,15,20,20,40
2026-2027,DPS-GSEB-HIN-UNI_UG_BARCH_Y1-ARC-THERMO-2026,DPS-GSEB-HIN-UNI_UG_BARCH_Y1-ARC-THERMO-26,20,20,25,15,20,20,40
2026-2027,DPS-GSEB-HIN-UNI_UG_BARCH_Y1-ARC-CIRCUITS-2026,DPS-GSEB-HIN-UNI_UG_BARCH_Y1-ARC-CIRCUITS-26,20,20,25,15,20,20,40
2026-2027,DPS-GSEB-HIN-UNI_UG_BARCH_Y1-ARC-ANAT-2026,DPS-GSEB-HIN-UNI_UG_BARCH_Y1-ARC-ANAT-26,20,20,25,15,20,20,40
2026-2027,DPS-GSEB-HIN-UNI_UG_BARCH_Y1-ARC-PHYS-2026,DPS-GSEB-HIN-UNI_UG_BARCH_Y1-ARC-PHYS-26,20,20,25,15,20,20,40
2026-2027,DPS-GSEB-HIN-UNI_UG_BARCH_Y1-ARC-PHARM-2026,DPS-GSEB-HIN-UNI_UG_BARCH_Y1-ARC-PHARM-26,20,20,25,15,20,20,40
2026-2027,DPS-GSEB-HIN-UNI_UG_BARCH_Y1-ARC-PATH-2026,DPS-GSEB-HIN-UNI_UG_BARCH_Y1-ARC-PATH-26,20,20,25,15,20,20,40
2026-2027,DPS-GSEB-HIN-UNI_UG_BARCH_Y1-ARC-COM_MED-2026,DPS-GSEB-HIN-UNI_UG_BARCH_Y1-ARC-COM_MED-26,20,20,25,15,20,20,40
2026-2027,DPS-GSEB-HIN-UNI_UG_BARCH_Y1-ARC-LAW_CON-2026,DPS-GSEB-HIN-UNI_UG_BARCH_Y1-ARC-LAW_CON-26,20,20,25,15,20,20,40
2026-2027,DPS-GSEB-HIN-UNI_UG_BARCH_Y1-ARC-LAW_IPC-2026,DPS-GSEB-HIN-UNI_UG_BARCH_Y1-ARC-LAW_IPC-26,20,20,25,15,20,20,40
2026-2027,DPS-GSEB-HIN-UNI_UG_BARCH_Y1-ARC-LAW_CONTR-2026,DPS-GSEB-HIN-UNI_UG_BARCH_Y1-ARC-LAW_CONTR-26,20,20,25,15,20,20,40
2026-2027,DPS-GSEB-HIN-UNI_UG_BARCH_Y1-ARC-JURIS-2026,DPS-GSEB-HIN-UNI_UG_BARCH_Y1-ARC-JURIS-26,20,20,25,15,20,20,40
2026-2027,DPS-GSEB-HIN-UNI_UG_BARCH_Y1-ARC-CORP_ACC-2026,DPS-GSEB-HIN-UNI_UG_BARCH_Y1-ARC-CORP_ACC-26,20,20,25,15,20,20,40
2026-2027,DPS-GSEB-HIN-UNI_UG_BARCH_Y1-ARC-FIN_MGT-2026,DPS-GSEB-HIN-UNI_UG_BARCH_Y1-ARC-FIN_MGT-26,20,20,25,15,20,20,40
2026-2027,DPS-GSEB-HIN-UNI_UG_BARCH_Y1-ARC-MKT_MGT-2026,DPS-GSEB-HIN-UNI_UG_BARCH_Y1-ARC-MKT_MGT-26,20,20,25,15,20,20,40
2026-2027,DPS-GSEB-HIN-UNI_UG_BARCH_Y1-ARC-OB-2026,DPS-GSEB-HIN-UNI_UG_BARCH_Y1-ARC-OB-26,20,20,25,15,20,20,40
2026-2027,DPS-GSEB-HIN-UNI_UG_BARCH_Y1-ARC-UI_UX-2026,DPS-GSEB-HIN-UNI_UG_BARCH_Y1-ARC-UI_UX-26,20,20,25,15,20,20,40
2026-2027,DPS-GSEB-HIN-UNI_UG_BARCH_Y1-ARC-TYPO-2026,DPS-GSEB-HIN-UNI_UG_BARCH_Y1-ARC-TYPO-26,20,20,25,15,20,20,40
2026-2027,DPS-GSEB-HIN-UNI_UG_BARCH_Y1-ARC-ARCH_DSN-2026,DPS-GSEB-HIN-UNI_UG_BARCH_Y1-ARC-ARCH_DSN-26,20,20,25,15,20,20,40
2026-2027,DPS-GSEB-HIN-UNI_UG_BARCH_Y5-ARC-DSA-2026,DPS-GSEB-HIN-UNI_UG_BARCH_Y5-ARC-DSA-26,20,20,25,15,20,20,40
2026-2027,DPS-GSEB-HIN-UNI_UG_BARCH_Y5-ARC-DBMS-2026,DPS-GSEB-HIN-UNI_UG_BARCH_Y5-ARC-DBMS-26,20,20,25,15,20,20,40
2026-2027,DPS-GSEB-HIN-UNI_UG_BARCH_Y5-ARC-OS-2026,DPS-GSEB-HIN-UNI_UG_BARCH_Y5-ARC-OS-26,20,20,25,15,20,20,40
2026-2027,DPS-GSEB-HIN-UNI_UG_BARCH_Y5-ARC-CN-2026,DPS-GSEB-HIN-UNI_UG_BARCH_Y5-ARC-CN-26,20,20,25,15,20,20,40
2026-2027,DPS-GSEB-HIN-UNI_UG_BARCH_Y5-ARC-AI_ML-2026,DPS-GSEB-HIN-UNI_UG_BARCH_Y5-ARC-AI_ML-26,20,20,25,15,20,20,40
2026-2027,DPS-GSEB-HIN-UNI_UG_BARCH_Y5-ARC-SWE-2026,DPS-GSEB-HIN-UNI_UG_BARCH_Y5-ARC-SWE-26,20,20,25,15,20,20,40
2026-2027,DPS-GSEB-HIN-UNI_UG_BARCH_Y5-ARC-THERMO-2026,DPS-GSEB-HIN-UNI_UG_BARCH_Y5-ARC-THERMO-26,20,20,25,15,20,20,40
2026-2027,DPS-GSEB-HIN-UNI_UG_BARCH_Y5-ARC-CIRCUITS-2026,DPS-GSEB-HIN-UNI_UG_BARCH_Y5-ARC-CIRCUITS-26,20,20,25,15,20,20,40
2026-2027,DPS-GSEB-HIN-UNI_UG_BARCH_Y5-ARC-ANAT-2026,DPS-GSEB-HIN-UNI_UG_BARCH_Y5-ARC-ANAT-26,20,20,25,15,20,20,40
2026-2027,DPS-GSEB-HIN-UNI_UG_BARCH_Y5-ARC-PHYS-2026,DPS-GSEB-HIN-UNI_UG_BARCH_Y5-ARC-PHYS-26,20,20,25,15,20,20,40
2026-2027,DPS-GSEB-HIN-UNI_UG_BARCH_Y5-ARC-PHARM-2026,DPS-GSEB-HIN-UNI_UG_BARCH_Y5-ARC-PHARM-26,20,20,25,15,20,20,40
2026-2027,DPS-GSEB-HIN-UNI_UG_BARCH_Y5-ARC-PATH-2026,DPS-GSEB-HIN-UNI_UG_BARCH_Y5-ARC-PATH-26,20,20,25,15,20,20,40
2026-2027,DPS-GSEB-HIN-UNI_UG_BARCH_Y5-ARC-COM_MED-2026,DPS-GSEB-HIN-UNI_UG_BARCH_Y5-ARC-COM_MED-26,20,20,25,15,20,20,40
2026-2027,DPS-GSEB-HIN-UNI_UG_BARCH_Y5-ARC-LAW_CON-2026,DPS-GSEB-HIN-UNI_UG_BARCH_Y5-ARC-LAW_CON-26,20,20,25,15,20,20,40
2026-2027,DPS-GSEB-HIN-UNI_UG_BARCH_Y5-ARC-LAW_IPC-2026,DPS-GSEB-HIN-UNI_UG_BARCH_Y5-ARC-LAW_IPC-26,20,20,25,15,20,20,40
2026-2027,DPS-GSEB-HIN-UNI_UG_BARCH_Y5-ARC-LAW_CONTR-2026,DPS-GSEB-HIN-UNI_UG_BARCH_Y5-ARC-LAW_CONTR-26,20,20,25,15,20,20,40
2026-2027,DPS-GSEB-HIN-UNI_UG_BARCH_Y5-ARC-JURIS-2026,DPS-GSEB-HIN-UNI_UG_BARCH_Y5-ARC-JURIS-26,20,20,25,15,20,20,40
2026-2027,DPS-GSEB-HIN-UNI_UG_BARCH_Y5-ARC-CORP_ACC-2026,DPS-GSEB-HIN-UNI_UG_BARCH_Y5-ARC-CORP_ACC-26,20,20,25,15,20,20,40
2026-2027,DPS-GSEB-HIN-UNI_UG_BARCH_Y5-ARC-FIN_MGT-2026,DPS-GSEB-HIN-UNI_UG_BARCH_Y5-ARC-FIN_MGT-26,20,20,25,15,20,20,40
2026-2027,DPS-GSEB-HIN-UNI_UG_BARCH_Y5-ARC-MKT_MGT-2026,DPS-GSEB-HIN-UNI_UG_BARCH_Y5-ARC-MKT_MGT-26,20,20,25,15,20,20,40
2026-2027,DPS-GSEB-HIN-UNI_UG_BARCH_Y5-ARC-OB-2026,DPS-GSEB-HIN-UNI_UG_BARCH_Y5-ARC-OB-26,20,20,25,15,20,20,40
2026-2027,DPS-GSEB-HIN-UNI_UG_BARCH_Y5-ARC-UI_UX-2026,DPS-GSEB-HIN-UNI_UG_BARCH_Y5-ARC-UI_UX-26,20,20,25,15,20,20,40
2026-2027,DPS-GSEB-HIN-UNI_UG_BARCH_Y5-ARC-TYPO-2026,DPS-GSEB-HIN-UNI_UG_BARCH_Y5-ARC-TYPO-26,20,20,25,15,20,20,40
2026-2027,DPS-GSEB-HIN-UNI_UG_BARCH_Y5-ARC-ARCH_DSN-2026,DPS-GSEB-HIN-UNI_UG_BARCH_Y5-ARC-ARCH_DSN-26,20,20,25,15,20,20,40
2026-2027,DPS-GSEB-HIN-UNI_UG_BPT_Y1-AHS-DSA-2026,DPS-GSEB-HIN-UNI_UG_BPT_Y1-AHS-DSA-26,20,20,25,15,20,20,40
2026-2027,DPS-GSEB-HIN-UNI_UG_BPT_Y1-AHS-DBMS-2026,DPS-GSEB-HIN-UNI_UG_BPT_Y1-AHS-DBMS-26,20,20,25,15,20,20,40
2026-2027,DPS-GSEB-HIN-UNI_UG_BPT_Y1-AHS-OS-2026,DPS-GSEB-HIN-UNI_UG_BPT_Y1-AHS-OS-26,20,20,25,15,20,20,40
2026-2027,DPS-GSEB-HIN-UNI_UG_BPT_Y1-AHS-CN-2026,DPS-GSEB-HIN-UNI_UG_BPT_Y1-AHS-CN-26,20,20,25,15,20,20,40
2026-2027,DPS-GSEB-HIN-UNI_UG_BPT_Y1-AHS-AI_ML-2026,DPS-GSEB-HIN-UNI_UG_BPT_Y1-AHS-AI_ML-26,20,20,25,15,20,20,40
2026-2027,DPS-GSEB-HIN-UNI_UG_BPT_Y1-AHS-SWE-2026,DPS-GSEB-HIN-UNI_UG_BPT_Y1-AHS-SWE-26,20,20,25,15,20,20,40
2026-2027,DPS-GSEB-HIN-UNI_UG_BPT_Y1-AHS-THERMO-2026,DPS-GSEB-HIN-UNI_UG_BPT_Y1-AHS-THERMO-26,20,20,25,15,20,20,40
2026-2027,DPS-GSEB-HIN-UNI_UG_BPT_Y1-AHS-CIRCUITS-2026,DPS-GSEB-HIN-UNI_UG_BPT_Y1-AHS-CIRCUITS-26,20,20,25,15,20,20,40
2026-2027,DPS-GSEB-HIN-UNI_UG_BPT_Y1-AHS-ANAT-2026,DPS-GSEB-HIN-UNI_UG_BPT_Y1-AHS-ANAT-26,20,20,25,15,20,20,40
2026-2027,DPS-GSEB-HIN-UNI_UG_BPT_Y1-AHS-PHYS-2026,DPS-GSEB-HIN-UNI_UG_BPT_Y1-AHS-PHYS-26,20,20,25,15,20,20,40
2026-2027,DPS-GSEB-HIN-UNI_UG_BPT_Y1-AHS-PHARM-2026,DPS-GSEB-HIN-UNI_UG_BPT_Y1-AHS-PHARM-26,20,20,25,15,20,20,40
2026-2027,DPS-GSEB-HIN-UNI_UG_BPT_Y1-AHS-PATH-2026,DPS-GSEB-HIN-UNI_UG_BPT_Y1-AHS-PATH-26,20,20,25,15,20,20,40
2026-2027,DPS-GSEB-HIN-UNI_UG_BPT_Y1-AHS-COM_MED-2026,DPS-GSEB-HIN-UNI_UG_BPT_Y1-AHS-COM_MED-26,20,20,25,15,20,20,40
2026-2027,DPS-GSEB-HIN-UNI_UG_BPT_Y1-AHS-LAW_CON-2026,DPS-GSEB-HIN-UNI_UG_BPT_Y1-AHS-LAW_CON-26,20,20,25,15,20,20,40
2026-2027,DPS-GSEB-HIN-UNI_UG_BPT_Y1-AHS-LAW_IPC-2026,DPS-GSEB-HIN-UNI_UG_BPT_Y1-AHS-LAW_IPC-26,20,20,25,15,20,20,40
2026-2027,DPS-GSEB-HIN-UNI_UG_BPT_Y1-AHS-LAW_CONTR-2026,DPS-GSEB-HIN-UNI_UG_BPT_Y1-AHS-LAW_CONTR-26,20,20,25,15,20,20,40
2026-2027,DPS-GSEB-HIN-UNI_UG_BPT_Y1-AHS-JURIS-2026,DPS-GSEB-HIN-UNI_UG_BPT_Y1-AHS-JURIS-26,20,20,25,15,20,20,40
2026-2027,DPS-GSEB-HIN-UNI_UG_BPT_Y1-AHS-CORP_ACC-2026,DPS-GSEB-HIN-UNI_UG_BPT_Y1-AHS-CORP_ACC-26,20,20,25,15,20,20,40
2026-2027,DPS-GSEB-HIN-UNI_UG_BPT_Y1-AHS-FIN_MGT-2026,DPS-GSEB-HIN-UNI_UG_BPT_Y1-AHS-FIN_MGT-26,20,20,25,15,20,20,40
2026-2027,DPS-GSEB-HIN-UNI_UG_BPT_Y1-AHS-MKT_MGT-2026,DPS-GSEB-HIN-UNI_UG_BPT_Y1-AHS-MKT_MGT-26,20,20,25,15,20,20,40
2026-2027,DPS-GSEB-HIN-UNI_UG_BPT_Y1-AHS-OB-2026,DPS-GSEB-HIN-UNI_UG_BPT_Y1-AHS-OB-26,20,20,25,15,20,20,40
2026-2027,DPS-GSEB-HIN-UNI_UG_BPT_Y1-AHS-UI_UX-2026,DPS-GSEB-HIN-UNI_UG_BPT_Y1-AHS-UI_UX-26,20,20,25,15,20,20,40
2026-2027,DPS-GSEB-HIN-UNI_UG_BPT_Y1-AHS-TYPO-2026,DPS-GSEB-HIN-UNI_UG_BPT_Y1-AHS-TYPO-26,20,20,25,15,20,20,40
2026-2027,DPS-GSEB-HIN-UNI_UG_BPT_Y1-AHS-ARCH_DSN-2026,DPS-GSEB-HIN-UNI_UG_BPT_Y1-AHS-ARCH_DSN-26,20,20,25,15,20,20,40
2026-2027,DPS-GSEB-HIN-UNI_UG_BPT_Y4-AHS-DSA-2026,DPS-GSEB-HIN-UNI_UG_BPT_Y4-AHS-DSA-26,20,20,25,15,20,20,40
2026-2027,DPS-GSEB-HIN-UNI_UG_BPT_Y4-AHS-DBMS-2026,DPS-GSEB-HIN-UNI_UG_BPT_Y4-AHS-DBMS-26,20,20,25,15,20,20,40
2026-2027,DPS-GSEB-HIN-UNI_UG_BPT_Y4-AHS-OS-2026,DPS-GSEB-HIN-UNI_UG_BPT_Y4-AHS-OS-26,20,20,25,15,20,20,40
2026-2027,DPS-GSEB-HIN-UNI_UG_BPT_Y4-AHS-CN-2026,DPS-GSEB-HIN-UNI_UG_BPT_Y4-AHS-CN-26,20,20,25,15,20,20,40
2026-2027,DPS-GSEB-HIN-UNI_UG_BPT_Y4-AHS-AI_ML-2026,DPS-GSEB-HIN-UNI_UG_BPT_Y4-AHS-AI_ML-26,20,20,25,15,20,20,40
2026-2027,DPS-GSEB-HIN-UNI_UG_BPT_Y4-AHS-SWE-2026,DPS-GSEB-HIN-UNI_UG_BPT_Y4-AHS-SWE-26,20,20,25,15,20,20,40
2026-2027,DPS-GSEB-HIN-UNI_UG_BPT_Y4-AHS-THERMO-2026,DPS-GSEB-HIN-UNI_UG_BPT_Y4-AHS-THERMO-26,20,20,25,15,20,20,40
2026-2027,DPS-GSEB-HIN-UNI_UG_BPT_Y4-AHS-CIRCUITS-2026,DPS-GSEB-HIN-UNI_UG_BPT_Y4-AHS-CIRCUITS-26,20,20,25,15,20,20,40
2026-2027,DPS-GSEB-HIN-UNI_UG_BPT_Y4-AHS-ANAT-2026,DPS-GSEB-HIN-UNI_UG_BPT_Y4-AHS-ANAT-26,20,20,25,15,20,20,40
2026-2027,DPS-GSEB-HIN-UNI_UG_BPT_Y4-AHS-PHYS-2026,DPS-GSEB-HIN-UNI_UG_BPT_Y4-AHS-PHYS-26,20,20,25,15,20,20,40
2026-2027,DPS-GSEB-HIN-UNI_UG_BPT_Y4-AHS-PHARM-2026,DPS-GSEB-HIN-UNI_UG_BPT_Y4-AHS-PHARM-26,20,20,25,15,20,20,40
2026-2027,DPS-GSEB-HIN-UNI_UG_BPT_Y4-AHS-PATH-2026,DPS-GSEB-HIN-UNI_UG_BPT_Y4-AHS-PATH-26,20,20,25,15,20,20,40
2026-2027,DPS-GSEB-HIN-UNI_UG_BPT_Y4-AHS-COM_MED-2026,DPS-GSEB-HIN-UNI_UG_BPT_Y4-AHS-COM_MED-26,20,20,25,15,20,20,40
2026-2027,DPS-GSEB-HIN-UNI_UG_BPT_Y4-AHS-LAW_CON-2026,DPS-GSEB-HIN-UNI_UG_BPT_Y4-AHS-LAW_CON-26,20,20,25,15,20,20,40
2026-2027,DPS-GSEB-HIN-UNI_UG_BPT_Y4-AHS-LAW_IPC-2026,DPS-GSEB-HIN-UNI_UG_BPT_Y4-AHS-LAW_IPC-26,20,20,25,15,20,20,40
2026-2027,DPS-GSEB-HIN-UNI_UG_BPT_Y4-AHS-LAW_CONTR-2026,DPS-GSEB-HIN-UNI_UG_BPT_Y4-AHS-LAW_CONTR-26,20,20,25,15,20,20,40
2026-2027,DPS-GSEB-HIN-UNI_UG_BPT_Y4-AHS-JURIS-2026,DPS-GSEB-HIN-UNI_UG_BPT_Y4-AHS-JURIS-26,20,20,25,15,20,20,40
2026-2027,DPS-GSEB-HIN-UNI_UG_BPT_Y4-AHS-CORP_ACC-2026,DPS-GSEB-HIN-UNI_UG_BPT_Y4-AHS-CORP_ACC-26,20,20,25,15,20,20,40
2026-2027,DPS-GSEB-HIN-UNI_UG_BPT_Y4-AHS-FIN_MGT-2026,DPS-GSEB-HIN-UNI_UG_BPT_Y4-AHS-FIN_MGT-26,20,20,25,15,20,20,40
2026-2027,DPS-GSEB-HIN-UNI_UG_BPT_Y4-AHS-MKT_MGT-2026,DPS-GSEB-HIN-UNI_UG_BPT_Y4-AHS-MKT_MGT-26,20,20,25,15,20,20,40
2026-2027,DPS-GSEB-HIN-UNI_UG_BPT_Y4-AHS-OB-2026,DPS-GSEB-HIN-UNI_UG_BPT_Y4-AHS-OB-26,20,20,25,15,20,20,40
2026-2027,DPS-GSEB-HIN-UNI_UG_BPT_Y4-AHS-UI_UX-2026,DPS-GSEB-HIN-UNI_UG_BPT_Y4-AHS-UI_UX-26,20,20,25,15,20,20,40
2026-2027,DPS-GSEB-HIN-UNI_UG_BPT_Y4-AHS-TYPO-2026,DPS-GSEB-HIN-UNI_UG_BPT_Y4-AHS-TYPO-26,20,20,25,15,20,20,40
2026-2027,DPS-GSEB-HIN-UNI_UG_BPT_Y4-AHS-ARCH_DSN-2026,DPS-GSEB-HIN-UNI_UG_BPT_Y4-AHS-ARCH_DSN-26,20,20,25,15,20,20,40
2026-2027,DPS-GSEB-HIN-UNI_UG_BSW_Y1-ART-DSA-2026,DPS-GSEB-HIN-UNI_UG_BSW_Y1-ART-DSA-26,20,20,25,15,20,20,40
2026-2027,DPS-GSEB-HIN-UNI_UG_BSW_Y1-ART-DBMS-2026,DPS-GSEB-HIN-UNI_UG_BSW_Y1-ART-DBMS-26,20,20,25,15,20,20,40
2026-2027,DPS-GSEB-HIN-UNI_UG_BSW_Y1-ART-OS-2026,DPS-GSEB-HIN-UNI_UG_BSW_Y1-ART-OS-26,20,20,25,15,20,20,40
2026-2027,DPS-GSEB-HIN-UNI_UG_BSW_Y1-ART-CN-2026,DPS-GSEB-HIN-UNI_UG_BSW_Y1-ART-CN-26,20,20,25,15,20,20,40
2026-2027,DPS-GSEB-HIN-UNI_UG_BSW_Y1-ART-AI_ML-2026,DPS-GSEB-HIN-UNI_UG_BSW_Y1-ART-AI_ML-26,20,20,25,15,20,20,40
2026-2027,DPS-GSEB-HIN-UNI_UG_BSW_Y1-ART-SWE-2026,DPS-GSEB-HIN-UNI_UG_BSW_Y1-ART-SWE-26,20,20,25,15,20,20,40
2026-2027,DPS-GSEB-HIN-UNI_UG_BSW_Y1-ART-THERMO-2026,DPS-GSEB-HIN-UNI_UG_BSW_Y1-ART-THERMO-26,20,20,25,15,20,20,40
2026-2027,DPS-GSEB-HIN-UNI_UG_BSW_Y1-ART-CIRCUITS-2026,DPS-GSEB-HIN-UNI_UG_BSW_Y1-ART-CIRCUITS-26,20,20,25,15,20,20,40
2026-2027,DPS-GSEB-HIN-UNI_UG_BSW_Y1-ART-ANAT-2026,DPS-GSEB-HIN-UNI_UG_BSW_Y1-ART-ANAT-26,20,20,25,15,20,20,40
2026-2027,DPS-GSEB-HIN-UNI_UG_BSW_Y1-ART-PHYS-2026,DPS-GSEB-HIN-UNI_UG_BSW_Y1-ART-PHYS-26,20,20,25,15,20,20,40
2026-2027,DPS-GSEB-HIN-UNI_UG_BSW_Y1-ART-PHARM-2026,DPS-GSEB-HIN-UNI_UG_BSW_Y1-ART-PHARM-26,20,20,25,15,20,20,40
2026-2027,DPS-GSEB-HIN-UNI_UG_BSW_Y1-ART-PATH-2026,DPS-GSEB-HIN-UNI_UG_BSW_Y1-ART-PATH-26,20,20,25,15,20,20,40
2026-2027,DPS-GSEB-HIN-UNI_UG_BSW_Y1-ART-COM_MED-2026,DPS-GSEB-HIN-UNI_UG_BSW_Y1-ART-COM_MED-26,20,20,25,15,20,20,40
2026-2027,DPS-GSEB-HIN-UNI_UG_BSW_Y1-ART-LAW_CON-2026,DPS-GSEB-HIN-UNI_UG_BSW_Y1-ART-LAW_CON-26,20,20,25,15,20,20,40
2026-2027,DPS-GSEB-HIN-UNI_UG_BSW_Y1-ART-LAW_IPC-2026,DPS-GSEB-HIN-UNI_UG_BSW_Y1-ART-LAW_IPC-26,20,20,25,15,20,20,40
2026-2027,DPS-GSEB-HIN-UNI_UG_BSW_Y1-ART-LAW_CONTR-2026,DPS-GSEB-HIN-UNI_UG_BSW_Y1-ART-LAW_CONTR-26,20,20,25,15,20,20,40
2026-2027,DPS-GSEB-HIN-UNI_UG_BSW_Y1-ART-JURIS-2026,DPS-GSEB-HIN-UNI_UG_BSW_Y1-ART-JURIS-26,20,20,25,15,20,20,40
2026-2027,DPS-GSEB-HIN-UNI_UG_BSW_Y1-ART-CORP_ACC-2026,DPS-GSEB-HIN-UNI_UG_BSW_Y1-ART-CORP_ACC-26,20,20,25,15,20,20,40
2026-2027,DPS-GSEB-HIN-UNI_UG_BSW_Y1-ART-FIN_MGT-2026,DPS-GSEB-HIN-UNI_UG_BSW_Y1-ART-FIN_MGT-26,20,20,25,15,20,20,40
2026-2027,DPS-GSEB-HIN-UNI_UG_BSW_Y1-ART-MKT_MGT-2026,DPS-GSEB-HIN-UNI_UG_BSW_Y1-ART-MKT_MGT-26,20,20,25,15,20,20,40
2026-2027,DPS-GSEB-HIN-UNI_UG_BSW_Y1-ART-OB-2026,DPS-GSEB-HIN-UNI_UG_BSW_Y1-ART-OB-26,20,20,25,15,20,20,40
2026-2027,DPS-GSEB-HIN-UNI_UG_BSW_Y1-ART-UI_UX-2026,DPS-GSEB-HIN-UNI_UG_BSW_Y1-ART-UI_UX-26,20,20,25,15,20,20,40
2026-2027,DPS-GSEB-HIN-UNI_UG_BSW_Y1-ART-TYPO-2026,DPS-GSEB-HIN-UNI_UG_BSW_Y1-ART-TYPO-26,20,20,25,15,20,20,40
2026-2027,DPS-GSEB-HIN-UNI_UG_BSW_Y1-ART-ARCH_DSN-2026,DPS-GSEB-HIN-UNI_UG_BSW_Y1-ART-ARCH_DSN-26,20,20,25,15,20,20,40
2026-2027,DPS-GSEB-HIN-UNI_UG_BFA_Y1-ART-DSA-2026,DPS-GSEB-HIN-UNI_UG_BFA_Y1-ART-DSA-26,20,20,25,15,20,20,40
2026-2027,DPS-GSEB-HIN-UNI_UG_BFA_Y1-ART-DBMS-2026,DPS-GSEB-HIN-UNI_UG_BFA_Y1-ART-DBMS-26,20,20,25,15,20,20,40
2026-2027,DPS-GSEB-HIN-UNI_UG_BFA_Y1-ART-OS-2026,DPS-GSEB-HIN-UNI_UG_BFA_Y1-ART-OS-26,20,20,25,15,20,20,40
2026-2027,DPS-GSEB-HIN-UNI_UG_BFA_Y1-ART-CN-2026,DPS-GSEB-HIN-UNI_UG_BFA_Y1-ART-CN-26,20,20,25,15,20,20,40
2026-2027,DPS-GSEB-HIN-UNI_UG_BFA_Y1-ART-AI_ML-2026,DPS-GSEB-HIN-UNI_UG_BFA_Y1-ART-AI_ML-26,20,20,25,15,20,20,40
2026-2027,DPS-GSEB-HIN-UNI_UG_BFA_Y1-ART-SWE-2026,DPS-GSEB-HIN-UNI_UG_BFA_Y1-ART-SWE-26,20,20,25,15,20,20,40
2026-2027,DPS-GSEB-HIN-UNI_UG_BFA_Y1-ART-THERMO-2026,DPS-GSEB-HIN-UNI_UG_BFA_Y1-ART-THERMO-26,20,20,25,15,20,20,40
2026-2027,DPS-GSEB-HIN-UNI_UG_BFA_Y1-ART-CIRCUITS-2026,DPS-GSEB-HIN-UNI_UG_BFA_Y1-ART-CIRCUITS-26,20,20,25,15,20,20,40
2026-2027,DPS-GSEB-HIN-UNI_UG_BFA_Y1-ART-ANAT-2026,DPS-GSEB-HIN-UNI_UG_BFA_Y1-ART-ANAT-26,20,20,25,15,20,20,40
2026-2027,DPS-GSEB-HIN-UNI_UG_BFA_Y1-ART-PHYS-2026,DPS-GSEB-HIN-UNI_UG_BFA_Y1-ART-PHYS-26,20,20,25,15,20,20,40
2026-2027,DPS-GSEB-HIN-UNI_UG_BFA_Y1-ART-PHARM-2026,DPS-GSEB-HIN-UNI_UG_BFA_Y1-ART-PHARM-26,20,20,25,15,20,20,40
2026-2027,DPS-GSEB-HIN-UNI_UG_BFA_Y1-ART-PATH-2026,DPS-GSEB-HIN-UNI_UG_BFA_Y1-ART-PATH-26,20,20,25,15,20,20,40
2026-2027,DPS-GSEB-HIN-UNI_UG_BFA_Y1-ART-COM_MED-2026,DPS-GSEB-HIN-UNI_UG_BFA_Y1-ART-COM_MED-26,20,20,25,15,20,20,40
2026-2027,DPS-GSEB-HIN-UNI_UG_BFA_Y1-ART-LAW_CON-2026,DPS-GSEB-HIN-UNI_UG_BFA_Y1-ART-LAW_CON-26,20,20,25,15,20,20,40
2026-2027,DPS-GSEB-HIN-UNI_UG_BFA_Y1-ART-LAW_IPC-2026,DPS-GSEB-HIN-UNI_UG_BFA_Y1-ART-LAW_IPC-26,20,20,25,15,20,20,40
2026-2027,DPS-GSEB-HIN-UNI_UG_BFA_Y1-ART-LAW_CONTR-2026,DPS-GSEB-HIN-UNI_UG_BFA_Y1-ART-LAW_CONTR-26,20,20,25,15,20,20,40
2026-2027,DPS-GSEB-HIN-UNI_UG_BFA_Y1-ART-JURIS-2026,DPS-GSEB-HIN-UNI_UG_BFA_Y1-ART-JURIS-26,20,20,25,15,20,20,40
2026-2027,DPS-GSEB-HIN-UNI_UG_BFA_Y1-ART-CORP_ACC-2026,DPS-GSEB-HIN-UNI_UG_BFA_Y1-ART-CORP_ACC-26,20,20,25,15,20,20,40
2026-2027,DPS-GSEB-HIN-UNI_UG_BFA_Y1-ART-FIN_MGT-2026,DPS-GSEB-HIN-UNI_UG_BFA_Y1-ART-FIN_MGT-26,20,20,25,15,20,20,40
2026-2027,DPS-GSEB-HIN-UNI_UG_BFA_Y1-ART-MKT_MGT-2026,DPS-GSEB-HIN-UNI_UG_BFA_Y1-ART-MKT_MGT-26,20,20,25,15,20,20,40
2026-2027,DPS-GSEB-HIN-UNI_UG_BFA_Y1-ART-OB-2026,DPS-GSEB-HIN-UNI_UG_BFA_Y1-ART-OB-26,20,20,25,15,20,20,40
2026-2027,DPS-GSEB-HIN-UNI_UG_BFA_Y1-ART-UI_UX-2026,DPS-GSEB-HIN-UNI_UG_BFA_Y1-ART-UI_UX-26,20,20,25,15,20,20,40
2026-2027,DPS-GSEB-HIN-UNI_UG_BFA_Y1-ART-TYPO-2026,DPS-GSEB-HIN-UNI_UG_BFA_Y1-ART-TYPO-26,20,20,25,15,20,20,40
2026-2027,DPS-GSEB-HIN-UNI_UG_BFA_Y1-ART-ARCH_DSN-2026,DPS-GSEB-HIN-UNI_UG_BFA_Y1-ART-ARCH_DSN-26,20,20,25,15,20,20,40
2026-2027,DPS-GSEB-HIN-UNI_UG_BHM_Y1-HOS-DSA-2026,DPS-GSEB-HIN-UNI_UG_BHM_Y1-HOS-DSA-26,20,20,25,15,20,20,40
2026-2027,DPS-GSEB-HIN-UNI_UG_BHM_Y1-HOS-DBMS-2026,DPS-GSEB-HIN-UNI_UG_BHM_Y1-HOS-DBMS-26,20,20,25,15,20,20,40
2026-2027,DPS-GSEB-HIN-UNI_UG_BHM_Y1-HOS-OS-2026,DPS-GSEB-HIN-UNI_UG_BHM_Y1-HOS-OS-26,20,20,25,15,20,20,40
2026-2027,DPS-GSEB-HIN-UNI_UG_BHM_Y1-HOS-CN-2026,DPS-GSEB-HIN-UNI_UG_BHM_Y1-HOS-CN-26,20,20,25,15,20,20,40
2026-2027,DPS-GSEB-HIN-UNI_UG_BHM_Y1-HOS-AI_ML-2026,DPS-GSEB-HIN-UNI_UG_BHM_Y1-HOS-AI_ML-26,20,20,25,15,20,20,40
2026-2027,DPS-GSEB-HIN-UNI_UG_BHM_Y1-HOS-SWE-2026,DPS-GSEB-HIN-UNI_UG_BHM_Y1-HOS-SWE-26,20,20,25,15,20,20,40
2026-2027,DPS-GSEB-HIN-UNI_UG_BHM_Y1-HOS-THERMO-2026,DPS-GSEB-HIN-UNI_UG_BHM_Y1-HOS-THERMO-26,20,20,25,15,20,20,40
2026-2027,DPS-GSEB-HIN-UNI_UG_BHM_Y1-HOS-CIRCUITS-2026,DPS-GSEB-HIN-UNI_UG_BHM_Y1-HOS-CIRCUITS-26,20,20,25,15,20,20,40
2026-2027,DPS-GSEB-HIN-UNI_UG_BHM_Y1-HOS-ANAT-2026,DPS-GSEB-HIN-UNI_UG_BHM_Y1-HOS-ANAT-26,20,20,25,15,20,20,40
2026-2027,DPS-GSEB-HIN-UNI_UG_BHM_Y1-HOS-PHYS-2026,DPS-GSEB-HIN-UNI_UG_BHM_Y1-HOS-PHYS-26,20,20,25,15,20,20,40
2026-2027,DPS-GSEB-HIN-UNI_UG_BHM_Y1-HOS-PHARM-2026,DPS-GSEB-HIN-UNI_UG_BHM_Y1-HOS-PHARM-26,20,20,25,15,20,20,40
2026-2027,DPS-GSEB-HIN-UNI_UG_BHM_Y1-HOS-PATH-2026,DPS-GSEB-HIN-UNI_UG_BHM_Y1-HOS-PATH-26,20,20,25,15,20,20,40
2026-2027,DPS-GSEB-HIN-UNI_UG_BHM_Y1-HOS-COM_MED-2026,DPS-GSEB-HIN-UNI_UG_BHM_Y1-HOS-COM_MED-26,20,20,25,15,20,20,40
2026-2027,DPS-GSEB-HIN-UNI_UG_BHM_Y1-HOS-LAW_CON-2026,DPS-GSEB-HIN-UNI_UG_BHM_Y1-HOS-LAW_CON-26,20,20,25,15,20,20,40
2026-2027,DPS-GSEB-HIN-UNI_UG_BHM_Y1-HOS-LAW_IPC-2026,DPS-GSEB-HIN-UNI_UG_BHM_Y1-HOS-LAW_IPC-26,20,20,25,15,20,20,40
2026-2027,DPS-GSEB-HIN-UNI_UG_BHM_Y1-HOS-LAW_CONTR-2026,DPS-GSEB-HIN-UNI_UG_BHM_Y1-HOS-LAW_CONTR-26,20,20,25,15,20,20,40
2026-2027,DPS-GSEB-HIN-UNI_UG_BHM_Y1-HOS-JURIS-2026,DPS-GSEB-HIN-UNI_UG_BHM_Y1-HOS-JURIS-26,20,20,25,15,20,20,40
2026-2027,DPS-GSEB-HIN-UNI_UG_BHM_Y1-HOS-CORP_ACC-2026,DPS-GSEB-HIN-UNI_UG_BHM_Y1-HOS-CORP_ACC-26,20,20,25,15,20,20,40
2026-2027,DPS-GSEB-HIN-UNI_UG_BHM_Y1-HOS-FIN_MGT-2026,DPS-GSEB-HIN-UNI_UG_BHM_Y1-HOS-FIN_MGT-26,20,20,25,15,20,20,40
2026-2027,DPS-GSEB-HIN-UNI_UG_BHM_Y1-HOS-MKT_MGT-2026,DPS-GSEB-HIN-UNI_UG_BHM_Y1-HOS-MKT_MGT-26,20,20,25,15,20,20,40
2026-2027,DPS-GSEB-HIN-UNI_UG_BHM_Y1-HOS-OB-2026,DPS-GSEB-HIN-UNI_UG_BHM_Y1-HOS-OB-26,20,20,25,15,20,20,40
2026-2027,DPS-GSEB-HIN-UNI_UG_BHM_Y1-HOS-UI_UX-2026,DPS-GSEB-HIN-UNI_UG_BHM_Y1-HOS-UI_UX-26,20,20,25,15,20,20,40
2026-2027,DPS-GSEB-HIN-UNI_UG_BHM_Y1-HOS-TYPO-2026,DPS-GSEB-HIN-UNI_UG_BHM_Y1-HOS-TYPO-26,20,20,25,15,20,20,40
2026-2027,DPS-GSEB-HIN-UNI_UG_BHM_Y1-HOS-ARCH_DSN-2026,DPS-GSEB-HIN-UNI_UG_BHM_Y1-HOS-ARCH_DSN-26,20,20,25,15,20,20,40
2026-2027,DPS-GSEB-HIN-UNI_PG_MCA_Y1-CSA-DSA-2026,DPS-GSEB-HIN-UNI_PG_MCA_Y1-CSA-DSA-26,20,20,25,15,20,20,40
2026-2027,DPS-GSEB-HIN-UNI_PG_MCA_Y1-CSA-DBMS-2026,DPS-GSEB-HIN-UNI_PG_MCA_Y1-CSA-DBMS-26,20,20,25,15,20,20,40
2026-2027,DPS-GSEB-HIN-UNI_PG_MCA_Y1-CSA-OS-2026,DPS-GSEB-HIN-UNI_PG_MCA_Y1-CSA-OS-26,20,20,25,15,20,20,40
2026-2027,DPS-GSEB-HIN-UNI_PG_MCA_Y1-CSA-CN-2026,DPS-GSEB-HIN-UNI_PG_MCA_Y1-CSA-CN-26,20,20,25,15,20,20,40
2026-2027,DPS-GSEB-HIN-UNI_PG_MCA_Y1-CSA-AI_ML-2026,DPS-GSEB-HIN-UNI_PG_MCA_Y1-CSA-AI_ML-26,20,20,25,15,20,20,40
2026-2027,DPS-GSEB-HIN-UNI_PG_MCA_Y1-CSA-SWE-2026,DPS-GSEB-HIN-UNI_PG_MCA_Y1-CSA-SWE-26,20,20,25,15,20,20,40
2026-2027,DPS-GSEB-HIN-UNI_PG_MCA_Y1-CSA-FIN_MGT-2026,DPS-GSEB-HIN-UNI_PG_MCA_Y1-CSA-FIN_MGT-26,20,20,25,15,20,20,40
2026-2027,DPS-GSEB-HIN-UNI_PG_MCA_Y1-CSA-MKT_MGT-2026,DPS-GSEB-HIN-UNI_PG_MCA_Y1-CSA-MKT_MGT-26,20,20,25,15,20,20,40
2026-2027,DPS-GSEB-HIN-UNI_PG_MCA_Y1-CSA-OB-2026,DPS-GSEB-HIN-UNI_PG_MCA_Y1-CSA-OB-26,20,20,25,15,20,20,40
2026-2027,DPS-GSEB-HIN-UNI_PG_MCA_Y2-CSA-DSA-2026,DPS-GSEB-HIN-UNI_PG_MCA_Y2-CSA-DSA-26,20,20,25,15,20,20,40
2026-2027,DPS-GSEB-HIN-UNI_PG_MCA_Y2-CSA-DBMS-2026,DPS-GSEB-HIN-UNI_PG_MCA_Y2-CSA-DBMS-26,20,20,25,15,20,20,40
2026-2027,DPS-GSEB-HIN-UNI_PG_MCA_Y2-CSA-OS-2026,DPS-GSEB-HIN-UNI_PG_MCA_Y2-CSA-OS-26,20,20,25,15,20,20,40
2026-2027,DPS-GSEB-HIN-UNI_PG_MCA_Y2-CSA-CN-2026,DPS-GSEB-HIN-UNI_PG_MCA_Y2-CSA-CN-26,20,20,25,15,20,20,40
2026-2027,DPS-GSEB-HIN-UNI_PG_MCA_Y2-CSA-AI_ML-2026,DPS-GSEB-HIN-UNI_PG_MCA_Y2-CSA-AI_ML-26,20,20,25,15,20,20,40
2026-2027,DPS-GSEB-HIN-UNI_PG_MCA_Y2-CSA-SWE-2026,DPS-GSEB-HIN-UNI_PG_MCA_Y2-CSA-SWE-26,20,20,25,15,20,20,40
2026-2027,DPS-GSEB-HIN-UNI_PG_MCA_Y2-CSA-FIN_MGT-2026,DPS-GSEB-HIN-UNI_PG_MCA_Y2-CSA-FIN_MGT-26,20,20,25,15,20,20,40
2026-2027,DPS-GSEB-HIN-UNI_PG_MCA_Y2-CSA-MKT_MGT-2026,DPS-GSEB-HIN-UNI_PG_MCA_Y2-CSA-MKT_MGT-26,20,20,25,15,20,20,40
2026-2027,DPS-GSEB-HIN-UNI_PG_MCA_Y2-CSA-OB-2026,DPS-GSEB-HIN-UNI_PG_MCA_Y2-CSA-OB-26,20,20,25,15,20,20,40
2026-2027,DPS-GSEB-HIN-UNI_PG_MARCH_Y1-ARC-DSA-2026,DPS-GSEB-HIN-UNI_PG_MARCH_Y1-ARC-DSA-26,20,20,25,15,20,20,40
2026-2027,DPS-GSEB-HIN-UNI_PG_MARCH_Y1-ARC-DBMS-2026,DPS-GSEB-HIN-UNI_PG_MARCH_Y1-ARC-DBMS-26,20,20,25,15,20,20,40
2026-2027,DPS-GSEB-HIN-UNI_PG_MARCH_Y1-ARC-OS-2026,DPS-GSEB-HIN-UNI_PG_MARCH_Y1-ARC-OS-26,20,20,25,15,20,20,40
2026-2027,DPS-GSEB-HIN-UNI_PG_MARCH_Y1-ARC-CN-2026,DPS-GSEB-HIN-UNI_PG_MARCH_Y1-ARC-CN-26,20,20,25,15,20,20,40
2026-2027,DPS-GSEB-HIN-UNI_PG_MARCH_Y1-ARC-AI_ML-2026,DPS-GSEB-HIN-UNI_PG_MARCH_Y1-ARC-AI_ML-26,20,20,25,15,20,20,40
2026-2027,DPS-GSEB-HIN-UNI_PG_MARCH_Y1-ARC-SWE-2026,DPS-GSEB-HIN-UNI_PG_MARCH_Y1-ARC-SWE-26,20,20,25,15,20,20,40
2026-2027,DPS-GSEB-HIN-UNI_PG_MARCH_Y1-ARC-FIN_MGT-2026,DPS-GSEB-HIN-UNI_PG_MARCH_Y1-ARC-FIN_MGT-26,20,20,25,15,20,20,40
2026-2027,DPS-GSEB-HIN-UNI_PG_MARCH_Y1-ARC-MKT_MGT-2026,DPS-GSEB-HIN-UNI_PG_MARCH_Y1-ARC-MKT_MGT-26,20,20,25,15,20,20,40
2026-2027,DPS-GSEB-HIN-UNI_PG_MARCH_Y1-ARC-OB-2026,DPS-GSEB-HIN-UNI_PG_MARCH_Y1-ARC-OB-26,20,20,25,15,20,20,40
2026-2027,DPS-GSEB-HIN-UNI_PG_MPT_Y1-AHS-DSA-2026,DPS-GSEB-HIN-UNI_PG_MPT_Y1-AHS-DSA-26,20,20,25,15,20,20,40
2026-2027,DPS-GSEB-HIN-UNI_PG_MPT_Y1-AHS-DBMS-2026,DPS-GSEB-HIN-UNI_PG_MPT_Y1-AHS-DBMS-26,20,20,25,15,20,20,40
2026-2027,DPS-GSEB-HIN-UNI_PG_MPT_Y1-AHS-OS-2026,DPS-GSEB-HIN-UNI_PG_MPT_Y1-AHS-OS-26,20,20,25,15,20,20,40
2026-2027,DPS-GSEB-HIN-UNI_PG_MPT_Y1-AHS-CN-2026,DPS-GSEB-HIN-UNI_PG_MPT_Y1-AHS-CN-26,20,20,25,15,20,20,40
2026-2027,DPS-GSEB-HIN-UNI_PG_MPT_Y1-AHS-AI_ML-2026,DPS-GSEB-HIN-UNI_PG_MPT_Y1-AHS-AI_ML-26,20,20,25,15,20,20,40
2026-2027,DPS-GSEB-HIN-UNI_PG_MPT_Y1-AHS-SWE-2026,DPS-GSEB-HIN-UNI_PG_MPT_Y1-AHS-SWE-26,20,20,25,15,20,20,40
2026-2027,DPS-GSEB-HIN-UNI_PG_MPT_Y1-AHS-FIN_MGT-2026,DPS-GSEB-HIN-UNI_PG_MPT_Y1-AHS-FIN_MGT-26,20,20,25,15,20,20,40
2026-2027,DPS-GSEB-HIN-UNI_PG_MPT_Y1-AHS-MKT_MGT-2026,DPS-GSEB-HIN-UNI_PG_MPT_Y1-AHS-MKT_MGT-26,20,20,25,15,20,20,40
2026-2027,DPS-GSEB-HIN-UNI_PG_MPT_Y1-AHS-OB-2026,DPS-GSEB-HIN-UNI_PG_MPT_Y1-AHS-OB-26,20,20,25,15,20,20,40
2026-2027,DPS-GSEB-HIN-UNI_PG_MSW_Y1-ART-DSA-2026,DPS-GSEB-HIN-UNI_PG_MSW_Y1-ART-DSA-26,20,20,25,15,20,20,40
2026-2027,DPS-GSEB-HIN-UNI_PG_MSW_Y1-ART-DBMS-2026,DPS-GSEB-HIN-UNI_PG_MSW_Y1-ART-DBMS-26,20,20,25,15,20,20,40
2026-2027,DPS-GSEB-HIN-UNI_PG_MSW_Y1-ART-OS-2026,DPS-GSEB-HIN-UNI_PG_MSW_Y1-ART-OS-26,20,20,25,15,20,20,40
2026-2027,DPS-GSEB-HIN-UNI_PG_MSW_Y1-ART-CN-2026,DPS-GSEB-HIN-UNI_PG_MSW_Y1-ART-CN-26,20,20,25,15,20,20,40
2026-2027,DPS-GSEB-HIN-UNI_PG_MSW_Y1-ART-AI_ML-2026,DPS-GSEB-HIN-UNI_PG_MSW_Y1-ART-AI_ML-26,20,20,25,15,20,20,40
2026-2027,DPS-GSEB-HIN-UNI_PG_MSW_Y1-ART-SWE-2026,DPS-GSEB-HIN-UNI_PG_MSW_Y1-ART-SWE-26,20,20,25,15,20,20,40
2026-2027,DPS-GSEB-HIN-UNI_PG_MSW_Y1-ART-FIN_MGT-2026,DPS-GSEB-HIN-UNI_PG_MSW_Y1-ART-FIN_MGT-26,20,20,25,15,20,20,40
2026-2027,DPS-GSEB-HIN-UNI_PG_MSW_Y1-ART-MKT_MGT-2026,DPS-GSEB-HIN-UNI_PG_MSW_Y1-ART-MKT_MGT-26,20,20,25,15,20,20,40
2026-2027,DPS-GSEB-HIN-UNI_PG_MSW_Y1-ART-OB-2026,DPS-GSEB-HIN-UNI_PG_MSW_Y1-ART-OB-26,20,20,25,15,20,20,40
2026-2027,DPS-GSEB-HIN-UNI_PG_MFA_Y1-ART-DSA-2026,DPS-GSEB-HIN-UNI_PG_MFA_Y1-ART-DSA-26,20,20,25,15,20,20,40
2026-2027,DPS-GSEB-HIN-UNI_PG_MFA_Y1-ART-DBMS-2026,DPS-GSEB-HIN-UNI_PG_MFA_Y1-ART-DBMS-26,20,20,25,15,20,20,40
2026-2027,DPS-GSEB-HIN-UNI_PG_MFA_Y1-ART-OS-2026,DPS-GSEB-HIN-UNI_PG_MFA_Y1-ART-OS-26,20,20,25,15,20,20,40
2026-2027,DPS-GSEB-HIN-UNI_PG_MFA_Y1-ART-CN-2026,DPS-GSEB-HIN-UNI_PG_MFA_Y1-ART-CN-26,20,20,25,15,20,20,40
2026-2027,DPS-GSEB-HIN-UNI_PG_MFA_Y1-ART-AI_ML-2026,DPS-GSEB-HIN-UNI_PG_MFA_Y1-ART-AI_ML-26,20,20,25,15,20,20,40
2026-2027,DPS-GSEB-HIN-UNI_PG_MFA_Y1-ART-SWE-2026,DPS-GSEB-HIN-UNI_PG_MFA_Y1-ART-SWE-26,20,20,25,15,20,20,40
2026-2027,DPS-GSEB-HIN-UNI_PG_MFA_Y1-ART-FIN_MGT-2026,DPS-GSEB-HIN-UNI_PG_MFA_Y1-ART-FIN_MGT-26,20,20,25,15,20,20,40
2026-2027,DPS-GSEB-HIN-UNI_PG_MFA_Y1-ART-MKT_MGT-2026,DPS-GSEB-HIN-UNI_PG_MFA_Y1-ART-MKT_MGT-26,20,20,25,15,20,20,40
2026-2027,DPS-GSEB-HIN-UNI_PG_MFA_Y1-ART-OB-2026,DPS-GSEB-HIN-UNI_PG_MFA_Y1-ART-OB-26,20,20,25,15,20,20,40
2026-2027,DPS-GSEB-HIN-UNI_PG_MCOM_Y1-PRO_FIN-DSA-2026,DPS-GSEB-HIN-UNI_PG_MCOM_Y1-PRO_FIN-DSA-26,20,20,25,15,20,20,40
2026-2027,DPS-GSEB-HIN-UNI_PG_MCOM_Y1-PRO_FIN-DBMS-2026,DPS-GSEB-HIN-UNI_PG_MCOM_Y1-PRO_FIN-DBMS-26,20,20,25,15,20,20,40
2026-2027,DPS-GSEB-HIN-UNI_PG_MCOM_Y1-PRO_FIN-OS-2026,DPS-GSEB-HIN-UNI_PG_MCOM_Y1-PRO_FIN-OS-26,20,20,25,15,20,20,40
2026-2027,DPS-GSEB-HIN-UNI_PG_MCOM_Y1-PRO_FIN-CN-2026,DPS-GSEB-HIN-UNI_PG_MCOM_Y1-PRO_FIN-CN-26,20,20,25,15,20,20,40
2026-2027,DPS-GSEB-HIN-UNI_PG_MCOM_Y1-PRO_FIN-AI_ML-2026,DPS-GSEB-HIN-UNI_PG_MCOM_Y1-PRO_FIN-AI_ML-26,20,20,25,15,20,20,40
2026-2027,DPS-GSEB-HIN-UNI_PG_MCOM_Y1-PRO_FIN-SWE-2026,DPS-GSEB-HIN-UNI_PG_MCOM_Y1-PRO_FIN-SWE-26,20,20,25,15,20,20,40
2026-2027,DPS-GSEB-HIN-UNI_PG_MCOM_Y1-PRO_FIN-FIN_MGT-2026,DPS-GSEB-HIN-UNI_PG_MCOM_Y1-PRO_FIN-FIN_MGT-26,20,20,25,15,20,20,40
2026-2027,DPS-GSEB-HIN-UNI_PG_MCOM_Y1-PRO_FIN-MKT_MGT-2026,DPS-GSEB-HIN-UNI_PG_MCOM_Y1-PRO_FIN-MKT_MGT-26,20,20,25,15,20,20,40
2026-2027,DPS-GSEB-HIN-UNI_PG_MCOM_Y1-PRO_FIN-OB-2026,DPS-GSEB-HIN-UNI_PG_MCOM_Y1-PRO_FIN-OB-26,20,20,25,15,20,20,40
2026-2027,DPS-GSEB-HIN-LMS_CERT_FSD-CSA-UI_UX-2026,DPS-GSEB-HIN-LMS_CERT_FSD-CSA-UI_UX-26,20,20,25,15,20,20,40
2026-2027,DPS-GSEB-HIN-LMS_CERT_FSD-CSA-APT_REAS-2026,DPS-GSEB-HIN-LMS_CERT_FSD-CSA-APT_REAS-26,20,20,25,15,20,20,40
2026-2027,DPS-GSEB-HIN-LMS_CERT_DATA-AIE-UI_UX-2026,DPS-GSEB-HIN-LMS_CERT_DATA-AIE-UI_UX-26,20,20,25,15,20,20,40
2026-2027,DPS-GSEB-HIN-LMS_CERT_DATA-AIE-APT_REAS-2026,DPS-GSEB-HIN-LMS_CERT_DATA-AIE-APT_REAS-26,20,20,25,15,20,20,40
2026-2027,DPS-GSEB-HIN-LMS_CERT_CLOUD-ENG-UI_UX-2026,DPS-GSEB-HIN-LMS_CERT_CLOUD-ENG-UI_UX-26,20,20,25,15,20,20,40
2026-2027,DPS-GSEB-HIN-LMS_CERT_CLOUD-ENG-APT_REAS-2026,DPS-GSEB-HIN-LMS_CERT_CLOUD-ENG-APT_REAS-26,20,20,25,15,20,20,40
2026-2027,DPS-GSEB-HIN-LMS_CERT_MLOPS-AIE-UI_UX-2026,DPS-GSEB-HIN-LMS_CERT_MLOPS-AIE-UI_UX-26,20,20,25,15,20,20,40
2026-2027,DPS-GSEB-HIN-LMS_CERT_MLOPS-AIE-APT_REAS-2026,DPS-GSEB-HIN-LMS_CERT_MLOPS-AIE-APT_REAS-26,20,20,25,15,20,20,40
2026-2027,DPS-GSEB-HIN-LMS_CERT_PM-MGT-UI_UX-2026,DPS-GSEB-HIN-LMS_CERT_PM-MGT-UI_UX-26,20,20,25,15,20,20,40
2026-2027,DPS-GSEB-HIN-LMS_CERT_PM-MGT-APT_REAS-2026,DPS-GSEB-HIN-LMS_CERT_PM-MGT-APT_REAS-26,20,20,25,15,20,20,40
2026-2027,DPS-GSEB-HIN-LMS_CERT_AGILE-MGT-UI_UX-2026,DPS-GSEB-HIN-LMS_CERT_AGILE-MGT-UI_UX-26,20,20,25,15,20,20,40
2026-2027,DPS-GSEB-HIN-LMS_CERT_AGILE-MGT-APT_REAS-2026,DPS-GSEB-HIN-LMS_CERT_AGILE-MGT-APT_REAS-26,20,20,25,15,20,20,40
2026-2027,DPS-GSEB-HIN-LMS_CERT_CYBER-CSA-UI_UX-2026,DPS-GSEB-HIN-LMS_CERT_CYBER-CSA-UI_UX-26,20,20,25,15,20,20,40
2026-2027,DPS-GSEB-HIN-LMS_CERT_CYBER-CSA-APT_REAS-2026,DPS-GSEB-HIN-LMS_CERT_CYBER-CSA-APT_REAS-26,20,20,25,15,20,20,40
2026-2027,DPS-GSEB-HIN-LMS_CERT_WEB3-EMG-UI_UX-2026,DPS-GSEB-HIN-LMS_CERT_WEB3-EMG-UI_UX-26,20,20,25,15,20,20,40
2026-2027,DPS-GSEB-HIN-LMS_CERT_WEB3-EMG-APT_REAS-2026,DPS-GSEB-HIN-LMS_CERT_WEB3-EMG-APT_REAS-26,20,20,25,15,20,20,40
2026-2027,DPS-GSEB-HIN-LMS_CERT_DIGMKT-MKT-UI_UX-2026,DPS-GSEB-HIN-LMS_CERT_DIGMKT-MKT-UI_UX-26,20,20,25,15,20,20,40
2026-2027,DPS-GSEB-HIN-LMS_CERT_DIGMKT-MKT-APT_REAS-2026,DPS-GSEB-HIN-LMS_CERT_DIGMKT-MKT-APT_REAS-26,20,20,25,15,20,20,40
