parent_username,student_username,relationship,role_shortname,allow_grade_view,allow_activity_report_view,notes
dps.par.00001,dps.stu.00001,Guardian,parent,1,1,Shared sibling parent for local testing.
dps.par.00001,dps.stu.00002,Guardian,parent,1,1,Shared sibling parent for local testing.
dps.par.00002,dps.stu.00003,Parent,parent,1,1,Single-student parent for local testing.
dps.par.00003,dps.stu.00004,Parent,parent,1,1,Single-student parent for local testing.
dps.par.00004,dps.stu.00005,Parent,parent,1,1,Single-student parent for local testing.
dps.par.00005,dps.stu.00006,Parent,parent,1,1,Single-student parent for local testing.
dps.par.00006,dps.stu.00007,Parent,parent,1,1,Single-student parent for local testing.
dps.par.00007,dps.stu.00008,Parent,parent,1,1,Single-student parent for local testing.
dps.par.00008,dps.stu.00009,Parent,parent,1,1,Single-student parent for local testing.
dps.par.00009,dps.stu.00010,Parent,parent,1,1,Single-student parent for local testing.
dps.par.00010,dps.stu.00011,Guardian,parent,1,1,Shared sibling parent for local testing.
dps.par.00010,dps.stu.00012,Guardian,parent,1,1,Shared sibling parent for local testing.
dps.par.00011,dps.stu.00013,Parent,parent,1,1,Single-student parent for local testing.
dps.par.00012,dps.stu.00014,Parent,parent,1,1,Single-student parent for local testing.
dps.par.00013,dps.stu.00015,Parent,parent,1,1,Single-student parent for local testing.
dps.par.00014,dps.stu.00016,Parent,parent,1,1,Single-student parent for local testing.
dps.par.00015,dps.stu.00017,Parent,parent,1,1,Single-student parent for local testing.
dps.par.00016,dps.stu.00018,Parent,parent,1,1,Single-student parent for local testing.
dps.par.00017,dps.stu.00019,Parent,parent,1,1,Single-student parent for local testing.
dps.par.00018,dps.stu.00020,Parent,parent,1,1,Single-student parent for local testing.
dps.par.00019,dps.stu.00021,Guardian,parent,1,1,Shared sibling parent for local testing.
dps.par.00019,dps.stu.00022,Guardian,parent,1,1,Shared sibling parent for local testing.
dps.par.00020,dps.stu.00023,Parent,parent,1,1,Single-student parent for local testing.
dps.par.00021,dps.stu.00024,Parent,parent,1,1,Single-student parent for local testing.
dps.par.00022,dps.stu.00025,Parent,parent,1,1,Single-student parent for local testing.
dps.par.00023,dps.stu.00026,Parent,parent,1,1,Single-student parent for local testing.
dps.par.00024,dps.stu.00027,Parent,parent,1,1,Single-student parent for local testing.
dps.par.00025,dps.stu.00028,Parent,parent,1,1,Single-student parent for local testing.
dps.par.00026,dps.stu.00029,Parent,parent,1,1,Single-student parent for local testing.
dps.par.00027,dps.stu.00030,Parent,parent,1,1,Single-student parent for local testing.
dps.par.00028,dps.stu.00031,Guardian,parent,1,1,Shared sibling parent for local testing.
dps.par.00028,dps.stu.00032,Guardian,parent,1,1,Shared sibling parent for local testing.
dps.par.00029,dps.stu.00033,Parent,parent,1,1,Single-student parent for local testing.
dps.par.00030,dps.stu.00034,Parent,parent,1,1,Single-student parent for local testing.
dps.par.00031,dps.stu.00035,Parent,parent,1,1,Single-student parent for local testing.
dps.par.00032,dps.stu.00036,Parent,parent,1,1,Single-student parent for local testing.
dps.par.00033,dps.stu.00037,Parent,parent,1,1,Single-student parent for local testing.
dps.par.00034,dps.stu.00038,Parent,parent,1,1,Single-student parent for local testing.
dps.par.00035,dps.stu.00039,Parent,parent,1,1,Single-student parent for local testing.
dps.par.00036,dps.stu.00040,Parent,parent,1,1,Single-student parent for local testing.
dps.par.00037,dps.stu.00041,Guardian,parent,1,1,Shared sibling parent for local testing.
dps.par.00037,dps.stu.00042,Guardian,parent,1,1,Shared sibling parent for local testing.
dps.par.00038,dps.stu.00043,Parent,parent,1,1,Single-student parent for local testing.
dps.par.00039,dps.stu.00044,Parent,parent,1,1,Single-student parent for local testing.
dps.par.00040,dps.stu.00045,Parent,parent,1,1,Single-student parent for local testing.
dps.par.00041,dps.stu.00046,Parent,parent,1,1,Single-student parent for local testing.
dps.par.00042,dps.stu.00047,Parent,parent,1,1,Single-student parent for local testing.
dps.par.00043,dps.stu.00048,Parent,parent,1,1,Single-student parent for local testing.
dps.par.00044,dps.stu.00049,Parent,parent,1,1,Single-student parent for local testing.
dps.par.00045,dps.stu.00050,Parent,parent,1,1,Single-student parent for local testing.
dps.par.00046,dps.stu.00051,Guardian,parent,1,1,Shared sibling parent for local testing.
dps.par.00046,dps.stu.00052,Guardian,parent,1,1,Shared sibling parent for local testing.
dps.par.00047,dps.stu.00053,Parent,parent,1,1,Single-student parent for local testing.
dps.par.00048,dps.stu.00054,Parent,parent,1,1,Single-student parent for local testing.
dps.par.00049,dps.stu.00055,Parent,parent,1,1,Single-student parent for local testing.
dps.par.00050,dps.stu.00056,Parent,parent,1,1,Single-student parent for local testing.
dps.par.00051,dps.stu.00057,Parent,parent,1,1,Single-student parent for local testing.
dps.par.00052,dps.stu.00058,Parent,parent,1,1,Single-student parent for local testing.
dps.par.00053,dps.stu.00059,Parent,parent,1,1,Single-student parent for local testing.
dps.par.00054,dps.stu.00060,Parent,parent,1,1,Single-student parent for local testing.
dps.par.00055,dps.stu.00061,Guardian,parent,1,1,Shared sibling parent for local testing.
dps.par.00055,dps.stu.00062,Guardian,parent,1,1,Shared sibling parent for local testing.
dps.par.00056,dps.stu.00063,Parent,parent,1,1,Single-student parent for local testing.
dps.par.00057,dps.stu.00064,Parent,parent,1,1,Single-student parent for local testing.
dps.par.00058,dps.stu.00065,Parent,parent,1,1,Single-student parent for local testing.
dps.par.00059,dps.stu.00066,Parent,parent,1,1,Single-student parent for local testing.
dps.par.00060,dps.stu.00067,Parent,parent,1,1,Single-student parent for local testing.
dps.par.00061,dps.stu.00068,Parent,parent,1,1,Single-student parent for local testing.
dps.par.00062,dps.stu.00069,Parent,parent,1,1,Single-student parent for local testing.
dps.par.00063,dps.stu.00070,Parent,parent,1,1,Single-student parent for local testing.
dps.par.00064,dps.stu.00071,Guardian,parent,1,1,Shared sibling parent for local testing.
dps.par.00064,dps.stu.00072,Guardian,parent,1,1,Shared sibling parent for local testing.
dps.par.00065,dps.stu.00073,Parent,parent,1,1,Single-student parent for local testing.
dps.par.00066,dps.stu.00074,Parent,parent,1,1,Single-student parent for local testing.
dps.par.00067,dps.stu.00075,Parent,parent,1,1,Single-student parent for local testing.
dps.par.00068,dps.stu.00076,Parent,parent,1,1,Single-student parent for local testing.
dps.par.00069,dps.stu.00077,Parent,parent,1,1,Single-student parent for local testing.
dps.par.00070,dps.stu.00078,Parent,parent,1,1,Single-student parent for local testing.
dps.par.00071,dps.stu.00079,Parent,parent,1,1,Single-student parent for local testing.
dps.par.00072,dps.stu.00080,Parent,parent,1,1,Single-student parent for local testing.
dps.par.00073,dps.stu.00081,Guardian,parent,1,1,Shared sibling parent for local testing.
dps.par.00073,dps.stu.00082,Guardian,parent,1,1,Shared sibling parent for local testing.
dps.par.00074,dps.stu.00083,Parent,parent,1,1,Single-student parent for local testing.
dps.par.00075,dps.stu.00084,Parent,parent,1,1,Single-student parent for local testing.
dps.par.00076,dps.stu.00085,Parent,parent,1,1,Single-student parent for local testing.
dps.par.00077,dps.stu.00086,Parent,parent,1,1,Single-student parent for local testing.
dps.par.00078,dps.stu.00087,Parent,parent,1,1,Single-student parent for local testing.
dps.par.00079,dps.stu.00088,Parent,parent,1,1,Single-student parent for local testing.
dps.par.00080,dps.stu.00089,Parent,parent,1,1,Single-student parent for local testing.
dps.par.00081,dps.stu.00090,Parent,parent,1,1,Single-student parent for local testing.
dps.par.00082,dps.stu.00091,Guardian,parent,1,1,Shared sibling parent for local testing.
dps.par.00082,dps.stu.00092,Guardian,parent,1,1,Shared sibling parent for local testing.
dps.par.00083,dps.stu.00093,Parent,parent,1,1,Single-student parent for local testing.
dps.par.00084,dps.stu.00094,Parent,parent,1,1,Single-student parent for local testing.
dps.par.00085,dps.stu.00095,Parent,parent,1,1,Single-student parent for local testing.
dps.par.00086,dps.stu.00096,Parent,parent,1,1,Single-student parent for local testing.
dps.par.00087,dps.stu.00097,Parent,parent,1,1,Single-student parent for local testing.
dps.par.00088,dps.stu.00098,Parent,parent,1,1,Single-student parent for local testing.
dps.par.00089,dps.stu.00099,Parent,parent,1,1,Single-student parent for local testing.
dps.par.00090,dps.stu.00100,Parent,parent,1,1,Single-student parent for local testing.
dps.par.00091,dps.stu.00101,Guardian,parent,1,1,Shared sibling parent for local testing.
dps.par.00091,dps.stu.00102,Guardian,parent,1,1,Shared sibling parent for local testing.
dps.par.00092,dps.stu.00103,Parent,parent,1,1,Single-student parent for local testing.
dps.par.00093,dps.stu.00104,Parent,parent,1,1,Single-student parent for local testing.
dps.par.00094,dps.stu.00105,Parent,parent,1,1,Single-student parent for local testing.
dps.par.00095,dps.stu.00106,Parent,parent,1,1,Single-student parent for local testing.
dps.par.00096,dps.stu.00107,Parent,parent,1,1,Single-student parent for local testing.
dps.par.00097,dps.stu.00108,Parent,parent,1,1,Single-student parent for local testing.
dps.par.00098,dps.stu.00109,Parent,parent,1,1,Single-student parent for local testing.
dps.par.00099,dps.stu.00110,Parent,parent,1,1,Single-student parent for local testing.
dps.par.00100,dps.stu.00111,Guardian,parent,1,1,Shared sibling parent for local testing.
dps.par.00100,dps.stu.00112,Guardian,parent,1,1,Shared sibling parent for local testing.
dps.par.00101,dps.stu.00113,Parent,parent,1,1,Single-student parent for local testing.
dps.par.00102,dps.stu.00114,Parent,parent,1,1,Single-student parent for local testing.
dps.par.00103,dps.stu.00115,Parent,parent,1,1,Single-student parent for local testing.
dps.par.00104,dps.stu.00116,Parent,parent,1,1,Single-student parent for local testing.
dps.par.00105,dps.stu.00117,Parent,parent,1,1,Single-student parent for local testing.
dps.par.00106,dps.stu.00118,Parent,parent,1,1,Single-student parent for local testing.
dps.par.00107,dps.stu.00119,Parent,parent,1,1,Single-student parent for local testing.
dps.par.00108,dps.stu.00120,Parent,parent,1,1,Single-student parent for local testing.
dps.par.00109,dps.stu.00121,Guardian,parent,1,1,Shared sibling parent for local testing.
dps.par.00109,dps.stu.00122,Guardian,parent,1,1,Shared sibling parent for local testing.
dps.par.00110,dps.stu.00123,Parent,parent,1,1,Single-student parent for local testing.
dps.par.00111,dps.stu.00124,Parent,parent,1,1,Single-student parent for local testing.
dps.par.00112,dps.stu.00125,Parent,parent,1,1,Single-student parent for local testing.
dps.par.00113,dps.stu.00126,Parent,parent,1,1,Single-student parent for local testing.
dps.par.00114,dps.stu.00127,Parent,parent,1,1,Single-student parent for local testing.
dps.par.00115,dps.stu.00128,Parent,parent,1,1,Single-student parent for local testing.
dps.par.00116,dps.stu.00129,Parent,parent,1,1,Single-student parent for local testing.
dps.par.00117,dps.stu.00130,Parent,parent,1,1,Single-student parent for local testing.
dps.par.00118,dps.stu.00131,Guardian,parent,1,1,Shared sibling parent for local testing.
dps.par.00118,dps.stu.00132,Guardian,parent,1,1,Shared sibling parent for local testing.
dps.par.00119,dps.stu.00133,Parent,parent,1,1,Single-student parent for local testing.
dps.par.00120,dps.stu.00134,Parent,parent,1,1,Single-student parent for local testing.
dps.par.00121,dps.stu.00135,Parent,parent,1,1,Single-student parent for local testing.
dps.par.00122,dps.stu.00136,Parent,parent,1,1,Single-student parent for local testing.
dps.par.00123,dps.stu.00137,Parent,parent,1,1,Single-student parent for local testing.
dps.par.00124,dps.stu.00138,Parent,parent,1,1,Single-student parent for local testing.
dps.par.00125,dps.stu.00139,Parent,parent,1,1,Single-student parent for local testing.
dps.par.00126,dps.stu.00140,Parent,parent,1,1,Single-student parent for local testing.
dps.par.00127,dps.stu.00141,Guardian,parent,1,1,Shared sibling parent for local testing.
dps.par.00127,dps.stu.00142,Guardian,parent,1,1,Shared sibling parent for local testing.
dps.par.00128,dps.stu.00143,Parent,parent,1,1,Single-student parent for local testing.
dps.par.00129,dps.stu.00144,Parent,parent,1,1,Single-student parent for local testing.
dps.par.00130,dps.stu.00145,Parent,parent,1,1,Single-student parent for local testing.
dps.par.00131,dps.stu.00146,Parent,parent,1,1,Single-student parent for local testing.
dps.par.00132,dps.stu.00147,Parent,parent,1,1,Single-student parent for local testing.
dps.par.00133,dps.stu.00148,Parent,parent,1,1,Single-student parent for local testing.
dps.par.00134,dps.stu.00149,Parent,parent,1,1,Single-student parent for local testing.
dps.par.00135,dps.stu.00150,Parent,parent,1,1,Single-student parent for local testing.
dps.par.00136,dps.stu.00151,Guardian,parent,1,1,Shared sibling parent for local testing.
dps.par.00136,dps.stu.00152,Guardian,parent,1,1,Shared sibling parent for local testing.
dps.par.00137,dps.stu.00153,Parent,parent,1,1,Single-student parent for local testing.
dps.par.00138,dps.stu.00154,Parent,parent,1,1,Single-student parent for local testing.
dps.par.00139,dps.stu.00155,Parent,parent,1,1,Single-student parent for local testing.
dps.par.00140,dps.stu.00156,Parent,parent,1,1,Single-student parent for local testing.
dps.par.00141,dps.stu.00157,Parent,parent,1,1,Single-student parent for local testing.
dps.par.00142,dps.stu.00158,Parent,parent,1,1,Single-student parent for local testing.
dps.par.00143,dps.stu.00159,Parent,parent,1,1,Single-student parent for local testing.
dps.par.00144,dps.stu.00160,Parent,parent,1,1,Single-student parent for local testing.
dps.par.00145,dps.stu.00161,Guardian,parent,1,1,Shared sibling parent for local testing.
dps.par.00145,dps.stu.00162,Guardian,parent,1,1,Shared sibling parent for local testing.
dps.par.00146,dps.stu.00163,Parent,parent,1,1,Single-student parent for local testing.
dps.par.00147,dps.stu.00164,Parent,parent,1,1,Single-student parent for local testing.
dps.par.00148,dps.stu.00165,Parent,parent,1,1,Single-student parent for local testing.
dps.par.00149,dps.stu.00166,Parent,parent,1,1,Single-student parent for local testing.
dps.par.00150,dps.stu.00167,Parent,parent,1,1,Single-student parent for local testing.
dps.par.00151,dps.stu.00168,Parent,parent,1,1,Single-student parent for local testing.
dps.par.00152,dps.stu.00169,Parent,parent,1,1,Single-student parent for local testing.
dps.par.00153,dps.stu.00170,Parent,parent,1,1,Single-student parent for local testing.
dps.par.00154,dps.stu.00171,Guardian,parent,1,1,Shared sibling parent for local testing.
dps.par.00154,dps.stu.00172,Guardian,parent,1,1,Shared sibling parent for local testing.
dps.par.00155,dps.stu.00173,Parent,parent,1,1,Single-student parent for local testing.
dps.par.00156,dps.stu.00174,Parent,parent,1,1,Single-student parent for local testing.
dps.par.00157,dps.stu.00175,Parent,parent,1,1,Single-student parent for local testing.
dps.par.00158,dps.stu.00176,Parent,parent,1,1,Single-student parent for local testing.
dps.par.00159,dps.stu.00177,Parent,parent,1,1,Single-student parent for local testing.
dps.par.00160,dps.stu.00178,Parent,parent,1,1,Single-student parent for local testing.
dps.par.00161,dps.stu.00179,Parent,parent,1,1,Single-student parent for local testing.
dps.par.00162,dps.stu.00180,Parent,parent,1,1,Single-student parent for local testing.
dps.par.00163,dps.stu.00181,Guardian,parent,1,1,Shared sibling parent for local testing.
dps.par.00163,dps.stu.00182,Guardian,parent,1,1,Shared sibling parent for local testing.
dps.par.00164,dps.stu.00183,Parent,parent,1,1,Single-student parent for local testing.
dps.par.00165,dps.stu.00184,Parent,parent,1,1,Single-student parent for local testing.
dps.par.00166,dps.stu.00185,Parent,parent,1,1,Single-student parent for local testing.
dps.par.00167,dps.stu.00186,Parent,parent,1,1,Single-student parent for local testing.
dps.par.00168,dps.stu.00187,Parent,parent,1,1,Single-student parent for local testing.
dps.par.00169,dps.stu.00188,Parent,parent,1,1,Single-student parent for local testing.
dps.par.00170,dps.stu.00189,Parent,parent,1,1,Single-student parent for local testing.
dps.par.00171,dps.stu.00190,Parent,parent,1,1,Single-student parent for local testing.
dps.par.00172,dps.stu.00191,Guardian,parent,1,1,Shared sibling parent for local testing.
dps.par.00172,dps.stu.00192,Guardian,parent,1,1,Shared sibling parent for local testing.
dps.par.00173,dps.stu.00193,Parent,parent,1,1,Single-student parent for local testing.
dps.par.00174,dps.stu.00194,Parent,parent,1,1,Single-student parent for local testing.
dps.par.00175,dps.stu.00195,Parent,parent,1,1,Single-student parent for local testing.
dps.par.00176,dps.stu.00196,Parent,parent,1,1,Single-student parent for local testing.
dps.par.00177,dps.stu.00197,Parent,parent,1,1,Single-student parent for local testing.
dps.par.00178,dps.stu.00198,Parent,parent,1,1,Single-student parent for local testing.
dps.par.00179,dps.stu.00199,Parent,parent,1,1,Single-student parent for local testing.
dps.par.00180,dps.stu.00200,Parent,parent,1,1,Single-student parent for local testing.
dps.par.00181,dps.stu.00201,Guardian,parent,1,1,Shared sibling parent for local testing.
dps.par.00181,dps.stu.00202,Guardian,parent,1,1,Shared sibling parent for local testing.
dps.par.00182,dps.stu.00203,Parent,parent,1,1,Single-student parent for local testing.
dps.par.00183,dps.stu.00204,Parent,parent,1,1,Single-student parent for local testing.
dps.par.00184,dps.stu.00205,Parent,parent,1,1,Single-student parent for local testing.
dps.par.00185,dps.stu.00206,Parent,parent,1,1,Single-student parent for local testing.
dps.par.00186,dps.stu.00207,Parent,parent,1,1,Single-student parent for local testing.
dps.par.00187,dps.stu.00208,Parent,parent,1,1,Single-student parent for local testing.
dps.par.00188,dps.stu.00209,Parent,parent,1,1,Single-student parent for local testing.
dps.par.00189,dps.stu.00210,Parent,parent,1,1,Single-student parent for local testing.
dps.par.00190,dps.stu.00211,Guardian,parent,1,1,Shared sibling parent for local testing.
dps.par.00190,dps.stu.00212,Guardian,parent,1,1,Shared sibling parent for local testing.
dps.par.00191,dps.stu.00213,Parent,parent,1,1,Single-student parent for local testing.
dps.par.00192,dps.stu.00214,Parent,parent,1,1,Single-student parent for local testing.
dps.par.00193,dps.stu.00215,Parent,parent,1,1,Single-student parent for local testing.
dps.par.00194,dps.stu.00216,Parent,parent,1,1,Single-student parent for local testing.
dps.par.00195,dps.stu.00217,Parent,parent,1,1,Single-student parent for local testing.
dps.par.00196,dps.stu.00218,Parent,parent,1,1,Single-student parent for local testing.
dps.par.00197,dps.stu.00219,Parent,parent,1,1,Single-student parent for local testing.
dps.par.00198,dps.stu.00220,Parent,parent,1,1,Single-student parent for local testing.
dps.par.00199,dps.stu.00221,Guardian,parent,1,1,Shared sibling parent for local testing.
dps.par.00199,dps.stu.00222,Guardian,parent,1,1,Shared sibling parent for local testing.
dps.par.00200,dps.stu.00223,Parent,parent,1,1,Single-student parent for local testing.
dps.par.00201,dps.stu.00224,Parent,parent,1,1,Single-student parent for local testing.
dps.par.00202,dps.stu.00225,Parent,parent,1,1,Single-student parent for local testing.
dps.par.00203,dps.stu.00226,Parent,parent,1,1,Single-student parent for local testing.
dps.par.00204,dps.stu.00227,Parent,parent,1,1,Single-student parent for local testing.
dps.par.00205,dps.stu.00228,Parent,parent,1,1,Single-student parent for local testing.
dps.par.00206,dps.stu.00229,Parent,parent,1,1,Single-student parent for local testing.
dps.par.00207,dps.stu.00230,Parent,parent,1,1,Single-student parent for local testing.
dps.par.00208,dps.stu.00231,Guardian,parent,1,1,Shared sibling parent for local testing.
dps.par.00208,dps.stu.00232,Guardian,parent,1,1,Shared sibling parent for local testing.
dps.par.00209,dps.stu.00233,Parent,parent,1,1,Single-student parent for local testing.
dps.par.00210,dps.stu.00234,Parent,parent,1,1,Single-student parent for local testing.
dps.par.00211,dps.stu.00235,Parent,parent,1,1,Single-student parent for local testing.
dps.par.00212,dps.stu.00236,Parent,parent,1,1,Single-student parent for local testing.
dps.par.00213,dps.stu.00237,Parent,parent,1,1,Single-student parent for local testing.
dps.par.00214,dps.stu.00238,Parent,parent,1,1,Single-student parent for local testing.
dps.par.00215,dps.stu.00239,Parent,parent,1,1,Single-student parent for local testing.
dps.par.00216,dps.stu.00240,Parent,parent,1,1,Single-student parent for local testing.
dps.par.00217,dps.stu.00241,Guardian,parent,1,1,Shared sibling parent for local testing.
dps.par.00217,dps.stu.00242,Guardian,parent,1,1,Shared sibling parent for local testing.
dps.par.00218,dps.stu.00243,Parent,parent,1,1,Single-student parent for local testing.
dps.par.00219,dps.stu.00244,Parent,parent,1,1,Single-student parent for local testing.
dps.par.00220,dps.stu.00245,Parent,parent,1,1,Single-student parent for local testing.
dps.par.00221,dps.stu.00246,Parent,parent,1,1,Single-student parent for local testing.
dps.par.00222,dps.stu.00247,Parent,parent,1,1,Single-student parent for local testing.
dps.par.00223,dps.stu.00248,Parent,parent,1,1,Single-student parent for local testing.
dps.par.00224,dps.stu.00249,Parent,parent,1,1,Single-student parent for local testing.
dps.par.00225,dps.stu.00250,Parent,parent,1,1,Single-student parent for local testing.
dps.par.00226,dps.stu.00251,Guardian,parent,1,1,Shared sibling parent for local testing.
dps.par.00226,dps.stu.00252,Guardian,parent,1,1,Shared sibling parent for local testing.
dps.par.00227,dps.stu.00253,Parent,parent,1,1,Single-student parent for local testing.
dps.par.00228,dps.stu.00254,Parent,parent,1,1,Single-student parent for local testing.
dps.par.00229,dps.stu.00255,Parent,parent,1,1,Single-student parent for local testing.
dps.par.00230,dps.stu.00256,Parent,parent,1,1,Single-student parent for local testing.
dps.par.00231,dps.stu.00257,Parent,parent,1,1,Single-student parent for local testing.
dps.par.00232,dps.stu.00258,Parent,parent,1,1,Single-student parent for local testing.
dps.par.00233,dps.stu.00259,Parent,parent,1,1,Single-student parent for local testing.
dps.par.00234,dps.stu.00260,Parent,parent,1,1,Single-student parent for local testing.
dps.par.00235,dps.stu.00261,Guardian,parent,1,1,Shared sibling parent for local testing.
dps.par.00235,dps.stu.00262,Guardian,parent,1,1,Shared sibling parent for local testing.
dps.par.00236,dps.stu.00263,Parent,parent,1,1,Single-student parent for local testing.
dps.par.00237,dps.stu.00264,Parent,parent,1,1,Single-student parent for local testing.
dps.par.00238,dps.stu.00265,Parent,parent,1,1,Single-student parent for local testing.
dps.par.00239,dps.stu.00266,Parent,parent,1,1,Single-student parent for local testing.
dps.par.00240,dps.stu.00267,Parent,parent,1,1,Single-student parent for local testing.
dps.par.00241,dps.stu.00268,Parent,parent,1,1,Single-student parent for local testing.
dps.par.00242,dps.stu.00269,Parent,parent,1,1,Single-student parent for local testing.
dps.par.00243,dps.stu.00270,Parent,parent,1,1,Single-student parent for local testing.
dps.par.00244,dps.stu.00271,Guardian,parent,1,1,Shared sibling parent for local testing.
dps.par.00244,dps.stu.00272,Guardian,parent,1,1,Shared sibling parent for local testing.
dps.par.00245,dps.stu.00273,Parent,parent,1,1,Single-student parent for local testing.
dps.par.00246,dps.stu.00274,Parent,parent,1,1,Single-student parent for local testing.
dps.par.00247,dps.stu.00275,Parent,parent,1,1,Single-student parent for local testing.
dps.par.00248,dps.stu.00276,Parent,parent,1,1,Single-student parent for local testing.
dps.par.00249,dps.stu.00277,Parent,parent,1,1,Single-student parent for local testing.
dps.par.00250,dps.stu.00278,Parent,parent,1,1,Single-student parent for local testing.
dps.par.00251,dps.stu.00279,Parent,parent,1,1,Single-student parent for local testing.
dps.par.00252,dps.stu.00280,Parent,parent,1,1,Single-student parent for local testing.
dps.par.00253,dps.stu.00281,Guardian,parent,1,1,Shared sibling parent for local testing.
dps.par.00253,dps.stu.00282,Guardian,parent,1,1,Shared sibling parent for local testing.
dps.par.00254,dps.stu.00283,Parent,parent,1,1,Single-student parent for local testing.
dps.par.00255,dps.stu.00284,Parent,parent,1,1,Single-student parent for local testing.
dps.par.00256,dps.stu.00285,Parent,parent,1,1,Single-student parent for local testing.
dps.par.00257,dps.stu.00286,Parent,parent,1,1,Single-student parent for local testing.
dps.par.00258,dps.stu.00287,Parent,parent,1,1,Single-student parent for local testing.
dps.par.00259,dps.stu.00288,Parent,parent,1,1,Single-student parent for local testing.
dps.par.00260,dps.stu.00289,Parent,parent,1,1,Single-student parent for local testing.
dps.par.00261,dps.stu.00290,Parent,parent,1,1,Single-student parent for local testing.
dps.par.00262,dps.stu.00291,Guardian,parent,1,1,Shared sibling parent for local testing.
dps.par.00262,dps.stu.00292,Guardian,parent,1,1,Shared sibling parent for local testing.
dps.par.00263,dps.stu.00293,Parent,parent,1,1,Single-student parent for local testing.
dps.par.00264,dps.stu.00294,Parent,parent,1,1,Single-student parent for local testing.
dps.par.00265,dps.stu.00295,Parent,parent,1,1,Single-student parent for local testing.
dps.par.00266,dps.stu.00296,Parent,parent,1,1,Single-student parent for local testing.
dps.par.00267,dps.stu.00297,Parent,parent,1,1,Single-student parent for local testing.
dps.par.00268,dps.stu.00298,Parent,parent,1,1,Single-student parent for local testing.
dps.par.00269,dps.stu.00299,Parent,parent,1,1,Single-student parent for local testing.
dps.par.00270,dps.stu.00300,Parent,parent,1,1,Single-student parent for local testing.
dps.par.00271,dps.stu.00301,Guardian,parent,1,1,Shared sibling parent for local testing.
dps.par.00271,dps.stu.00302,Guardian,parent,1,1,Shared sibling parent for local testing.
dps.par.00272,dps.stu.00303,Parent,parent,1,1,Single-student parent for local testing.
dps.par.00273,dps.stu.00304,Parent,parent,1,1,Single-student parent for local testing.
dps.par.00274,dps.stu.00305,Parent,parent,1,1,Single-student parent for local testing.
dps.par.00275,dps.stu.00306,Parent,parent,1,1,Single-student parent for local testing.
dps.par.00276,dps.stu.00307,Parent,parent,1,1,Single-student parent for local testing.
dps.par.00277,dps.stu.00308,Parent,parent,1,1,Single-student parent for local testing.
dps.par.00278,dps.stu.00309,Parent,parent,1,1,Single-student parent for local testing.
dps.par.00279,dps.stu.00310,Parent,parent,1,1,Single-student parent for local testing.
dps.par.00280,dps.stu.00311,Guardian,parent,1,1,Shared sibling parent for local testing.
dps.par.00280,dps.stu.00312,Guardian,parent,1,1,Shared sibling parent for local testing.
dps.par.00281,dps.stu.00313,Parent,parent,1,1,Single-student parent for local testing.
dps.par.00282,dps.stu.00314,Parent,parent,1,1,Single-student parent for local testing.
dps.par.00283,dps.stu.00315,Parent,parent,1,1,Single-student parent for local testing.
dps.par.00284,dps.stu.00316,Parent,parent,1,1,Single-student parent for local testing.
dps.par.00285,dps.stu.00317,Parent,parent,1,1,Single-student parent for local testing.
dps.par.00286,dps.stu.00318,Parent,parent,1,1,Single-student parent for local testing.
dps.par.00287,dps.stu.00319,Parent,parent,1,1,Single-student parent for local testing.
dps.par.00288,dps.stu.00320,Parent,parent,1,1,Single-student parent for local testing.
dps.par.00289,dps.stu.00321,Guardian,parent,1,1,Shared sibling parent for local testing.
dps.par.00289,dps.stu.00322,Guardian,parent,1,1,Shared sibling parent for local testing.
dps.par.00290,dps.stu.00323,Parent,parent,1,1,Single-student parent for local testing.
dps.par.00291,dps.stu.00324,Parent,parent,1,1,Single-student parent for local testing.
dps.par.00292,dps.stu.00325,Parent,parent,1,1,Single-student parent for local testing.
dps.par.00293,dps.stu.00326,Parent,parent,1,1,Single-student parent for local testing.
dps.par.00294,dps.stu.00327,Parent,parent,1,1,Single-student parent for local testing.
dps.par.00295,dps.stu.00328,Parent,parent,1,1,Single-student parent for local testing.
dps.par.00296,dps.stu.00329,Parent,parent,1,1,Single-student parent for local testing.
dps.par.00297,dps.stu.00330,Parent,parent,1,1,Single-student parent for local testing.
dps.par.00298,dps.stu.00331,Guardian,parent,1,1,Shared sibling parent for local testing.
dps.par.00298,dps.stu.00332,Guardian,parent,1,1,Shared sibling parent for local testing.
dps.par.00299,dps.stu.00333,Parent,parent,1,1,Single-student parent for local testing.
dps.par.00300,dps.stu.00334,Parent,parent,1,1,Single-student parent for local testing.
dps.par.00301,dps.stu.00335,Parent,parent,1,1,Single-student parent for local testing.
dps.par.00302,dps.stu.00336,Parent,parent,1,1,Single-student parent for local testing.
dps.par.00303,dps.stu.00337,Parent,parent,1,1,Single-student parent for local testing.
dps.par.00304,dps.stu.00338,Parent,parent,1,1,Single-student parent for local testing.
dps.par.00305,dps.stu.00339,Parent,parent,1,1,Single-student parent for local testing.
dps.par.00306,dps.stu.00340,Parent,parent,1,1,Single-student parent for local testing.
dps.par.00307,dps.stu.00341,Guardian,parent,1,1,Shared sibling parent for local testing.
dps.par.00307,dps.stu.00342,Guardian,parent,1,1,Shared sibling parent for local testing.
dps.par.00308,dps.stu.00343,Parent,parent,1,1,Single-student parent for local testing.
dps.par.00309,dps.stu.00344,Parent,parent,1,1,Single-student parent for local testing.
dps.par.00310,dps.stu.00345,Parent,parent,1,1,Single-student parent for local testing.
dps.par.00311,dps.stu.00346,Parent,parent,1,1,Single-student parent for local testing.
dps.par.00312,dps.stu.00347,Parent,parent,1,1,Single-student parent for local testing.
dps.par.00313,dps.stu.00348,Parent,parent,1,1,Single-student parent for local testing.
dps.par.00314,dps.stu.00349,Parent,parent,1,1,Single-student parent for local testing.
dps.par.00315,dps.stu.00350,Parent,parent,1,1,Single-student parent for local testing.
dps.par.00316,dps.stu.00351,Guardian,parent,1,1,Shared sibling parent for local testing.
dps.par.00316,dps.stu.00352,Guardian,parent,1,1,Shared sibling parent for local testing.
dps.par.00317,dps.stu.00353,Parent,parent,1,1,Single-student parent for local testing.
dps.par.00318,dps.stu.00354,Parent,parent,1,1,Single-student parent for local testing.
dps.par.00319,dps.stu.00355,Parent,parent,1,1,Single-student parent for local testing.
dps.par.00320,dps.stu.00356,Parent,parent,1,1,Single-student parent for local testing.
dps.par.00321,dps.stu.00357,Parent,parent,1,1,Single-student parent for local testing.
dps.par.00322,dps.stu.00358,Parent,parent,1,1,Single-student parent for local testing.
dps.par.00323,dps.stu.00359,Parent,parent,1,1,Single-student parent for local testing.
dps.par.00324,dps.stu.00360,Parent,parent,1,1,Single-student parent for local testing.
dps.par.00325,dps.stu.00361,Guardian,parent,1,1,Shared sibling parent for local testing.
dps.par.00325,dps.stu.00362,Guardian,parent,1,1,Shared sibling parent for local testing.
dps.par.00326,dps.stu.00363,Parent,parent,1,1,Single-student parent for local testing.
dps.par.00327,dps.stu.00364,Parent,parent,1,1,Single-student parent for local testing.
dps.par.00328,dps.stu.00365,Parent,parent,1,1,Single-student parent for local testing.
dps.par.00329,dps.stu.00366,Parent,parent,1,1,Single-student parent for local testing.
dps.par.00330,dps.stu.00367,Parent,parent,1,1,Single-student parent for local testing.
dps.par.00331,dps.stu.00368,Parent,parent,1,1,Single-student parent for local testing.
dps.par.00332,dps.stu.00369,Parent,parent,1,1,Single-student parent for local testing.
dps.par.00333,dps.stu.00370,Parent,parent,1,1,Single-student parent for local testing.
dps.par.00334,dps.stu.00371,Guardian,parent,1,1,Shared sibling parent for local testing.
dps.par.00334,dps.stu.00372,Guardian,parent,1,1,Shared sibling parent for local testing.
dps.par.00335,dps.stu.00373,Parent,parent,1,1,Single-student parent for local testing.
dps.par.00336,dps.stu.00374,Parent,parent,1,1,Single-student parent for local testing.
dps.par.00337,dps.stu.00375,Parent,parent,1,1,Single-student parent for local testing.
dps.par.00338,dps.stu.00376,Parent,parent,1,1,Single-student parent for local testing.
dps.par.00339,dps.stu.00377,Parent,parent,1,1,Single-student parent for local testing.
dps.par.00340,dps.stu.00378,Parent,parent,1,1,Single-student parent for local testing.
dps.par.00341,dps.stu.00379,Parent,parent,1,1,Single-student parent for local testing.
dps.par.00342,dps.stu.00380,Parent,parent,1,1,Single-student parent for local testing.
dps.par.00343,dps.stu.00381,Guardian,parent,1,1,Shared sibling parent for local testing.
dps.par.00343,dps.stu.00382,Guardian,parent,1,1,Shared sibling parent for local testing.
dps.par.00344,dps.stu.00383,Parent,parent,1,1,Single-student parent for local testing.
dps.par.00345,dps.stu.00384,Parent,parent,1,1,Single-student parent for local testing.
dps.par.00346,dps.stu.00385,Parent,parent,1,1,Single-student parent for local testing.
dps.par.00347,dps.stu.00386,Parent,parent,1,1,Single-student parent for local testing.
dps.par.00348,dps.stu.00387,Parent,parent,1,1,Single-student parent for local testing.
dps.par.00349,dps.stu.00388,Parent,parent,1,1,Single-student parent for local testing.
dps.par.00350,dps.stu.00389,Parent,parent,1,1,Single-student parent for local testing.
dps.par.00351,dps.stu.00390,Parent,parent,1,1,Single-student parent for local testing.
dps.par.00352,dps.stu.00391,Guardian,parent,1,1,Shared sibling parent for local testing.
dps.par.00352,dps.stu.00392,Guardian,parent,1,1,Shared sibling parent for local testing.
dps.par.00353,dps.stu.00393,Parent,parent,1,1,Single-student parent for local testing.
dps.par.00354,dps.stu.00394,Parent,parent,1,1,Single-student parent for local testing.
dps.par.00355,dps.stu.00395,Parent,parent,1,1,Single-student parent for local testing.
dps.par.00356,dps.stu.00396,Parent,parent,1,1,Single-student parent for local testing.
dps.par.00357,dps.stu.00397,Parent,parent,1,1,Single-student parent for local testing.
dps.par.00358,dps.stu.00398,Parent,parent,1,1,Single-student parent for local testing.
dps.par.00359,dps.stu.00399,Parent,parent,1,1,Single-student parent for local testing.
dps.par.00360,dps.stu.00400,Parent,parent,1,1,Single-student parent for local testing.
dps.par.00361,dps.stu.00401,Guardian,parent,1,1,Shared sibling parent for local testing.
dps.par.00361,dps.stu.00402,Guardian,parent,1,1,Shared sibling parent for local testing.
dps.par.00362,dps.stu.00403,Parent,parent,1,1,Single-student parent for local testing.
dps.par.00363,dps.stu.00404,Parent,parent,1,1,Single-student parent for local testing.
dps.par.00364,dps.stu.00405,Parent,parent,1,1,Single-student parent for local testing.
dps.par.00365,dps.stu.00406,Parent,parent,1,1,Single-student parent for local testing.
dps.par.00366,dps.stu.00407,Parent,parent,1,1,Single-student parent for local testing.
dps.par.00367,dps.stu.00408,Parent,parent,1,1,Single-student parent for local testing.
dps.par.00368,dps.stu.00409,Parent,parent,1,1,Single-student parent for local testing.
dps.par.00369,dps.stu.00410,Parent,parent,1,1,Single-student parent for local testing.
dps.par.00370,dps.stu.00411,Guardian,parent,1,1,Shared sibling parent for local testing.
dps.par.00370,dps.stu.00412,Guardian,parent,1,1,Shared sibling parent for local testing.
dps.par.00371,dps.stu.00413,Parent,parent,1,1,Single-student parent for local testing.
dps.par.00372,dps.stu.00414,Parent,parent,1,1,Single-student parent for local testing.
dps.par.00373,dps.stu.00415,Parent,parent,1,1,Single-student parent for local testing.
dps.par.00374,dps.stu.00416,Parent,parent,1,1,Single-student parent for local testing.
dps.par.00375,dps.stu.00417,Parent,parent,1,1,Single-student parent for local testing.
dps.par.00376,dps.stu.00418,Parent,parent,1,1,Single-student parent for local testing.
dps.par.00377,dps.stu.00419,Parent,parent,1,1,Single-student parent for local testing.
dps.par.00378,dps.stu.00420,Parent,parent,1,1,Single-student parent for local testing.
dps.par.00379,dps.stu.00421,Guardian,parent,1,1,Shared sibling parent for local testing.
dps.par.00379,dps.stu.00422,Guardian,parent,1,1,Shared sibling parent for local testing.
dps.par.00380,dps.stu.00423,Parent,parent,1,1,Single-student parent for local testing.
dps.par.00381,dps.stu.00424,Parent,parent,1,1,Single-student parent for local testing.
dps.par.00382,dps.stu.00425,Parent,parent,1,1,Single-student parent for local testing.
dps.par.00383,dps.stu.00426,Parent,parent,1,1,Single-student parent for local testing.
dps.par.00384,dps.stu.00427,Parent,parent,1,1,Single-student parent for local testing.
dps.par.00385,dps.stu.00428,Parent,parent,1,1,Single-student parent for local testing.
dps.par.00386,dps.stu.00429,Parent,parent,1,1,Single-student parent for local testing.
dps.par.00387,dps.stu.00430,Parent,parent,1,1,Single-student parent for local testing.
dps.par.00388,dps.stu.00431,Guardian,parent,1,1,Shared sibling parent for local testing.
dps.par.00388,dps.stu.00432,Guardian,parent,1,1,Shared sibling parent for local testing.
dps.par.00389,dps.stu.00433,Parent,parent,1,1,Single-student parent for local testing.
dps.par.00390,dps.stu.00434,Parent,parent,1,1,Single-student parent for local testing.
dps.par.00391,dps.stu.00435,Parent,parent,1,1,Single-student parent for local testing.
dps.par.00392,dps.stu.00436,Parent,parent,1,1,Single-student parent for local testing.
dps.par.00393,dps.stu.00437,Parent,parent,1,1,Single-student parent for local testing.
dps.par.00394,dps.stu.00438,Parent,parent,1,1,Single-student parent for local testing.
dps.par.00395,dps.stu.00439,Parent,parent,1,1,Single-student parent for local testing.
dps.par.00396,dps.stu.00440,Parent,parent,1,1,Single-student parent for local testing.
dps.par.00397,dps.stu.00441,Guardian,parent,1,1,Shared sibling parent for local testing.
dps.par.00397,dps.stu.00442,Guardian,parent,1,1,Shared sibling parent for local testing.
dps.par.00398,dps.stu.00443,Parent,parent,1,1,Single-student parent for local testing.
dps.par.00399,dps.stu.00444,Parent,parent,1,1,Single-student parent for local testing.
dps.par.00400,dps.stu.00445,Parent,parent,1,1,Single-student parent for local testing.
dps.par.00401,dps.stu.00446,Parent,parent,1,1,Single-student parent for local testing.
dps.par.00402,dps.stu.00447,Parent,parent,1,1,Single-student parent for local testing.
dps.par.00403,dps.stu.00448,Parent,parent,1,1,Single-student parent for local testing.
dps.par.00404,dps.stu.00449,Parent,parent,1,1,Single-student parent for local testing.
dps.par.00405,dps.stu.00450,Parent,parent,1,1,Single-student parent for local testing.
dps.par.00406,dps.stu.00451,Guardian,parent,1,1,Shared sibling parent for local testing.
dps.par.00406,dps.stu.00452,Guardian,parent,1,1,Shared sibling parent for local testing.
dps.par.00407,dps.stu.00453,Parent,parent,1,1,Single-student parent for local testing.
dps.par.00408,dps.stu.00454,Parent,parent,1,1,Single-student parent for local testing.
dps.par.00409,dps.stu.00455,Parent,parent,1,1,Single-student parent for local testing.
dps.par.00410,dps.stu.00456,Parent,parent,1,1,Single-student parent for local testing.
dps.par.00411,dps.stu.00457,Parent,parent,1,1,Single-student parent for local testing.
dps.par.00412,dps.stu.00458,Parent,parent,1,1,Single-student parent for local testing.
dps.par.00413,dps.stu.00459,Parent,parent,1,1,Single-student parent for local testing.
dps.par.00414,dps.stu.00460,Parent,parent,1,1,Single-student parent for local testing.
dps.par.00415,dps.stu.00461,Guardian,parent,1,1,Shared sibling parent for local testing.
dps.par.00415,dps.stu.00462,Guardian,parent,1,1,Shared sibling parent for local testing.
dps.par.00416,dps.stu.00463,Parent,parent,1,1,Single-student parent for local testing.
dps.par.00417,dps.stu.00464,Parent,parent,1,1,Single-student parent for local testing.
dps.par.00418,dps.stu.00465,Parent,parent,1,1,Single-student parent for local testing.
dps.par.00419,dps.stu.00466,Parent,parent,1,1,Single-student parent for local testing.
dps.par.00420,dps.stu.00467,Parent,parent,1,1,Single-student parent for local testing.
dps.par.00421,dps.stu.00468,Parent,parent,1,1,Single-student parent for local testing.
dps.par.00422,dps.stu.00469,Parent,parent,1,1,Single-student parent for local testing.
dps.par.00423,dps.stu.00470,Parent,parent,1,1,Single-student parent for local testing.
dps.par.00424,dps.stu.00471,Guardian,parent,1,1,Shared sibling parent for local testing.
dps.par.00424,dps.stu.00472,Guardian,parent,1,1,Shared sibling parent for local testing.
dps.par.00425,dps.stu.00473,Parent,parent,1,1,Single-student parent for local testing.
dps.par.00426,dps.stu.00474,Parent,parent,1,1,Single-student parent for local testing.
dps.par.00427,dps.stu.00475,Parent,parent,1,1,Single-student parent for local testing.
dps.par.00428,dps.stu.00476,Parent,parent,1,1,Single-student parent for local testing.
dps.par.00429,dps.stu.00477,Parent,parent,1,1,Single-student parent for local testing.
dps.par.00430,dps.stu.00478,Parent,parent,1,1,Single-student parent for local testing.
dps.par.00431,dps.stu.00479,Parent,parent,1,1,Single-student parent for local testing.
dps.par.00432,dps.stu.00480,Parent,parent,1,1,Single-student parent for local testing.
dps.par.00433,dps.stu.00481,Guardian,parent,1,1,Shared sibling parent for local testing.
dps.par.00433,dps.stu.00482,Guardian,parent,1,1,Shared sibling parent for local testing.
dps.par.00434,dps.stu.00483,Parent,parent,1,1,Single-student parent for local testing.
dps.par.00435,dps.stu.00484,Parent,parent,1,1,Single-student parent for local testing.
dps.par.00436,dps.stu.00485,Parent,parent,1,1,Single-student parent for local testing.
dps.par.00437,dps.stu.00486,Parent,parent,1,1,Single-student parent for local testing.
dps.par.00438,dps.stu.00487,Parent,parent,1,1,Single-student parent for local testing.
dps.par.00439,dps.stu.00488,Parent,parent,1,1,Single-student parent for local testing.
dps.par.00440,dps.stu.00489,Parent,parent,1,1,Single-student parent for local testing.
dps.par.00441,dps.stu.00490,Parent,parent,1,1,Single-student parent for local testing.
dps.par.00442,dps.stu.00491,Guardian,parent,1,1,Shared sibling parent for local testing.
dps.par.00442,dps.stu.00492,Guardian,parent,1,1,Shared sibling parent for local testing.
dps.par.00443,dps.stu.00493,Parent,parent,1,1,Single-student parent for local testing.
dps.par.00444,dps.stu.00494,Parent,parent,1,1,Single-student parent for local testing.
dps.par.00445,dps.stu.00495,Parent,parent,1,1,Single-student parent for local testing.
dps.par.00446,dps.stu.00496,Parent,parent,1,1,Single-student parent for local testing.
dps.par.00447,dps.stu.00497,Parent,parent,1,1,Single-student parent for local testing.
dps.par.00448,dps.stu.00498,Parent,parent,1,1,Single-student parent for local testing.
dps.par.00449,dps.stu.00499,Parent,parent,1,1,Single-student parent for local testing.
dps.par.00450,dps.stu.00500,Parent,parent,1,1,Single-student parent for local testing.
dps.par.00451,dps.stu.00501,Guardian,parent,1,1,Shared sibling parent for local testing.
dps.par.00451,dps.stu.00502,Guardian,parent,1,1,Shared sibling parent for local testing.
dps.par.00452,dps.stu.00503,Parent,parent,1,1,Single-student parent for local testing.
dps.par.00453,dps.stu.00504,Parent,parent,1,1,Single-student parent for local testing.
dps.par.00454,dps.stu.00505,Parent,parent,1,1,Single-student parent for local testing.
dps.par.00455,dps.stu.00506,Parent,parent,1,1,Single-student parent for local testing.
dps.par.00456,dps.stu.00507,Parent,parent,1,1,Single-student parent for local testing.
dps.par.00457,dps.stu.00508,Parent,parent,1,1,Single-student parent for local testing.
dps.par.00458,dps.stu.00509,Parent,parent,1,1,Single-student parent for local testing.
dps.par.00459,dps.stu.00510,Parent,parent,1,1,Single-student parent for local testing.
dps.par.00460,dps.stu.00511,Guardian,parent,1,1,Shared sibling parent for local testing.
dps.par.00460,dps.stu.00512,Guardian,parent,1,1,Shared sibling parent for local testing.
dps.par.00461,dps.stu.00513,Parent,parent,1,1,Single-student parent for local testing.
dps.par.00462,dps.stu.00514,Parent,parent,1,1,Single-student parent for local testing.
dps.par.00463,dps.stu.00515,Parent,parent,1,1,Single-student parent for local testing.
dps.par.00464,dps.stu.00516,Parent,parent,1,1,Single-student parent for local testing.
dps.par.00465,dps.stu.00517,Parent,parent,1,1,Single-student parent for local testing.
dps.par.00466,dps.stu.00518,Parent,parent,1,1,Single-student parent for local testing.
dps.par.00467,dps.stu.00519,Parent,parent,1,1,Single-student parent for local testing.
dps.par.00468,dps.stu.00520,Parent,parent,1,1,Single-student parent for local testing.
dps.par.00469,dps.stu.00521,Guardian,parent,1,1,Shared sibling parent for local testing.
dps.par.00469,dps.stu.00522,Guardian,parent,1,1,Shared sibling parent for local testing.
dps.par.00470,dps.stu.00523,Parent,parent,1,1,Single-student parent for local testing.
dps.par.00471,dps.stu.00524,Parent,parent,1,1,Single-student parent for local testing.
dps.par.00472,dps.stu.00525,Parent,parent,1,1,Single-student parent for local testing.
dps.par.00473,dps.stu.00526,Parent,parent,1,1,Single-student parent for local testing.
dps.par.00474,dps.stu.00527,Parent,parent,1,1,Single-student parent for local testing.
dps.par.00475,dps.stu.00528,Parent,parent,1,1,Single-student parent for local testing.
dps.par.00476,dps.stu.00529,Parent,parent,1,1,Single-student parent for local testing.
dps.par.00477,dps.stu.00530,Parent,parent,1,1,Single-student parent for local testing.
dps.par.00478,dps.stu.00531,Guardian,parent,1,1,Shared sibling parent for local testing.
dps.par.00478,dps.stu.00532,Guardian,parent,1,1,Shared sibling parent for local testing.
dps.par.00479,dps.stu.00533,Parent,parent,1,1,Single-student parent for local testing.
dps.par.00480,dps.stu.00534,Parent,parent,1,1,Single-student parent for local testing.
dps.par.00481,dps.stu.00535,Parent,parent,1,1,Single-student parent for local testing.
dps.par.00482,dps.stu.00536,Parent,parent,1,1,Single-student parent for local testing.
dps.par.00483,dps.stu.00537,Parent,parent,1,1,Single-student parent for local testing.
dps.par.00484,dps.stu.00538,Parent,parent,1,1,Single-student parent for local testing.
dps.par.00485,dps.stu.00539,Parent,parent,1,1,Single-student parent for local testing.
dps.par.00486,dps.stu.00540,Parent,parent,1,1,Single-student parent for local testing.
dps.par.00487,dps.stu.00541,Guardian,parent,1,1,Shared sibling parent for local testing.
dps.par.00487,dps.stu.00542,Guardian,parent,1,1,Shared sibling parent for local testing.
dps.par.00488,dps.stu.00543,Parent,parent,1,1,Single-student parent for local testing.
dps.par.00489,dps.stu.00544,Parent,parent,1,1,Single-student parent for local testing.
dps.par.00490,dps.stu.00545,Parent,parent,1,1,Single-student parent for local testing.
dps.par.00491,dps.stu.00546,Parent,parent,1,1,Single-student parent for local testing.
dps.par.00492,dps.stu.00547,Parent,parent,1,1,Single-student parent for local testing.
dps.par.00493,dps.stu.00548,Parent,parent,1,1,Single-student parent for local testing.
dps.par.00494,dps.stu.00549,Parent,parent,1,1,Single-student parent for local testing.
dps.par.00495,dps.stu.00550,Parent,parent,1,1,Single-student parent for local testing.
dps.par.00496,dps.stu.00551,Guardian,parent,1,1,Shared sibling parent for local testing.
dps.par.00496,dps.stu.00552,Guardian,parent,1,1,Shared sibling parent for local testing.
dps.par.00497,dps.stu.00553,Parent,parent,1,1,Single-student parent for local testing.
dps.par.00498,dps.stu.00554,Parent,parent,1,1,Single-student parent for local testing.
dps.par.00499,dps.stu.00555,Parent,parent,1,1,Single-student parent for local testing.
dps.par.00500,dps.stu.00556,Parent,parent,1,1,Single-student parent for local testing.
dps.par.00501,dps.stu.00557,Parent,parent,1,1,Single-student parent for local testing.
dps.par.00502,dps.stu.00558,Parent,parent,1,1,Single-student parent for local testing.
dps.par.00503,dps.stu.00559,Parent,parent,1,1,Single-student parent for local testing.
dps.par.00504,dps.stu.00560,Parent,parent,1,1,Single-student parent for local testing.
dps.par.00505,dps.stu.00561,Guardian,parent,1,1,Shared sibling parent for local testing.
dps.par.00505,dps.stu.00562,Guardian,parent,1,1,Shared sibling parent for local testing.
dps.par.00506,dps.stu.00563,Parent,parent,1,1,Single-student parent for local testing.
dps.par.00507,dps.stu.00564,Parent,parent,1,1,Single-student parent for local testing.
dps.par.00508,dps.stu.00565,Parent,parent,1,1,Single-student parent for local testing.
dps.par.00509,dps.stu.00566,Parent,parent,1,1,Single-student parent for local testing.
dps.par.00510,dps.stu.00567,Parent,parent,1,1,Single-student parent for local testing.
dps.par.00511,dps.stu.00568,Parent,parent,1,1,Single-student parent for local testing.
dps.par.00512,dps.stu.00569,Parent,parent,1,1,Single-student parent for local testing.
dps.par.00513,dps.stu.00570,Parent,parent,1,1,Single-student parent for local testing.
dps.par.00514,dps.stu.00571,Guardian,parent,1,1,Shared sibling parent for local testing.
dps.par.00514,dps.stu.00572,Guardian,parent,1,1,Shared sibling parent for local testing.
dps.par.00515,dps.stu.00573,Parent,parent,1,1,Single-student parent for local testing.
dps.par.00516,dps.stu.00574,Parent,parent,1,1,Single-student parent for local testing.
dps.par.00517,dps.stu.00575,Parent,parent,1,1,Single-student parent for local testing.
dps.par.00518,dps.stu.00576,Parent,parent,1,1,Single-student parent for local testing.
dps.par.00519,dps.stu.00577,Parent,parent,1,1,Single-student parent for local testing.
dps.par.00520,dps.stu.00578,Parent,parent,1,1,Single-student parent for local testing.
dps.par.00521,dps.stu.00579,Parent,parent,1,1,Single-student parent for local testing.
dps.par.00522,dps.stu.00580,Parent,parent,1,1,Single-student parent for local testing.
dps.par.00523,dps.stu.00581,Guardian,parent,1,1,Shared sibling parent for local testing.
dps.par.00523,dps.stu.00582,Guardian,parent,1,1,Shared sibling parent for local testing.
dps.par.00524,dps.stu.00583,Parent,parent,1,1,Single-student parent for local testing.
dps.par.00525,dps.stu.00584,Parent,parent,1,1,Single-student parent for local testing.
dps.par.00526,dps.stu.00585,Parent,parent,1,1,Single-student parent for local testing.
dps.par.00527,dps.stu.00586,Parent,parent,1,1,Single-student parent for local testing.
dps.par.00528,dps.stu.00587,Parent,parent,1,1,Single-student parent for local testing.
dps.par.00529,dps.stu.00588,Parent,parent,1,1,Single-student parent for local testing.
dps.par.00530,dps.stu.00589,Parent,parent,1,1,Single-student parent for local testing.
dps.par.00531,dps.stu.00590,Parent,parent,1,1,Single-student parent for local testing.
dps.par.00532,dps.stu.00591,Guardian,parent,1,1,Shared sibling parent for local testing.
dps.par.00532,dps.stu.00592,Guardian,parent,1,1,Shared sibling parent for local testing.
dps.par.00533,dps.stu.00593,Parent,parent,1,1,Single-student parent for local testing.
dps.par.00534,dps.stu.00594,Parent,parent,1,1,Single-student parent for local testing.
dps.par.00535,dps.stu.00595,Parent,parent,1,1,Single-student parent for local testing.
dps.par.00536,dps.stu.00596,Parent,parent,1,1,Single-student parent for local testing.
dps.par.00537,dps.stu.00597,Parent,parent,1,1,Single-student parent for local testing.
dps.par.00538,dps.stu.00598,Parent,parent,1,1,Single-student parent for local testing.
dps.par.00539,dps.stu.00599,Parent,parent,1,1,Single-student parent for local testing.
dps.par.00540,dps.stu.00600,Parent,parent,1,1,Single-student parent for local testing.
dps.par.00541,dps.stu.00601,Guardian,parent,1,1,Shared sibling parent for local testing.
dps.par.00541,dps.stu.00602,Guardian,parent,1,1,Shared sibling parent for local testing.
dps.par.00542,dps.stu.00603,Parent,parent,1,1,Single-student parent for local testing.
dps.par.00543,dps.stu.00604,Parent,parent,1,1,Single-student parent for local testing.
dps.par.00544,dps.stu.00605,Parent,parent,1,1,Single-student parent for local testing.
dps.par.00545,dps.stu.00606,Parent,parent,1,1,Single-student parent for local testing.
dps.par.00546,dps.stu.00607,Parent,parent,1,1,Single-student parent for local testing.
dps.par.00547,dps.stu.00608,Parent,parent,1,1,Single-student parent for local testing.
dps.par.00548,dps.stu.00609,Parent,parent,1,1,Single-student parent for local testing.
dps.par.00549,dps.stu.00610,Parent,parent,1,1,Single-student parent for local testing.
dps.par.00550,dps.stu.00611,Guardian,parent,1,1,Shared sibling parent for local testing.
dps.par.00550,dps.stu.00612,Guardian,parent,1,1,Shared sibling parent for local testing.
dps.par.00551,dps.stu.00613,Parent,parent,1,1,Single-student parent for local testing.
dps.par.00552,dps.stu.00614,Parent,parent,1,1,Single-student parent for local testing.
dps.par.00553,dps.stu.00615,Parent,parent,1,1,Single-student parent for local testing.
dps.par.00554,dps.stu.00616,Parent,parent,1,1,Single-student parent for local testing.
dps.par.00555,dps.stu.00617,Parent,parent,1,1,Single-student parent for local testing.
dps.par.00556,dps.stu.00618,Parent,parent,1,1,Single-student parent for local testing.
dps.par.00557,dps.stu.00619,Parent,parent,1,1,Single-student parent for local testing.
dps.par.00558,dps.stu.00620,Parent,parent,1,1,Single-student parent for local testing.
dps.par.00559,dps.stu.00621,Guardian,parent,1,1,Shared sibling parent for local testing.
dps.par.00559,dps.stu.00622,Guardian,parent,1,1,Shared sibling parent for local testing.
dps.par.00560,dps.stu.00623,Parent,parent,1,1,Single-student parent for local testing.
dps.par.00561,dps.stu.00624,Parent,parent,1,1,Single-student parent for local testing.
dps.par.00562,dps.stu.00625,Parent,parent,1,1,Single-student parent for local testing.
dps.par.00563,dps.stu.00626,Parent,parent,1,1,Single-student parent for local testing.
dps.par.00564,dps.stu.00627,Parent,parent,1,1,Single-student parent for local testing.
dps.par.00565,dps.stu.00628,Parent,parent,1,1,Single-student parent for local testing.
dps.par.00566,dps.stu.00629,Parent,parent,1,1,Single-student parent for local testing.
dps.par.00567,dps.stu.00630,Parent,parent,1,1,Single-student parent for local testing.
dps.par.00568,dps.stu.00631,Guardian,parent,1,1,Shared sibling parent for local testing.
dps.par.00568,dps.stu.00632,Guardian,parent,1,1,Shared sibling parent for local testing.
dps.par.00569,dps.stu.00633,Parent,parent,1,1,Single-student parent for local testing.
dps.par.00570,dps.stu.00634,Parent,parent,1,1,Single-student parent for local testing.
dps.par.00571,dps.stu.00635,Parent,parent,1,1,Single-student parent for local testing.
dps.par.00572,dps.stu.00636,Parent,parent,1,1,Single-student parent for local testing.
dps.par.00573,dps.stu.00637,Parent,parent,1,1,Single-student parent for local testing.
dps.par.00574,dps.stu.00638,Parent,parent,1,1,Single-student parent for local testing.
dps.par.00575,dps.stu.00639,Parent,parent,1,1,Single-student parent for local testing.
dps.par.00576,dps.stu.00640,Parent,parent,1,1,Single-student parent for local testing.
dps.par.00577,dps.stu.00641,Guardian,parent,1,1,Shared sibling parent for local testing.
dps.par.00577,dps.stu.00642,Guardian,parent,1,1,Shared sibling parent for local testing.
dps.par.00578,dps.stu.00643,Parent,parent,1,1,Single-student parent for local testing.
dps.par.00579,dps.stu.00644,Parent,parent,1,1,Single-student parent for local testing.
dps.par.00580,dps.stu.00645,Parent,parent,1,1,Single-student parent for local testing.
dps.par.00581,dps.stu.00646,Parent,parent,1,1,Single-student parent for local testing.
dps.par.00582,dps.stu.00647,Parent,parent,1,1,Single-student parent for local testing.
dps.par.00583,dps.stu.00648,Parent,parent,1,1,Single-student parent for local testing.
dps.par.00584,dps.stu.00649,Parent,parent,1,1,Single-student parent for local testing.
dps.par.00585,dps.stu.00650,Parent,parent,1,1,Single-student parent for local testing.
dps.par.00586,dps.stu.00651,Guardian,parent,1,1,Shared sibling parent for local testing.
dps.par.00586,dps.stu.00652,Guardian,parent,1,1,Shared sibling parent for local testing.
dps.par.00587,dps.stu.00653,Parent,parent,1,1,Single-student parent for local testing.
dps.par.00588,dps.stu.00654,Parent,parent,1,1,Single-student parent for local testing.
dps.par.00589,dps.stu.00655,Parent,parent,1,1,Single-student parent for local testing.
dps.par.00590,dps.stu.00656,Parent,parent,1,1,Single-student parent for local testing.
dps.par.00591,dps.stu.00657,Parent,parent,1,1,Single-student parent for local testing.
dps.par.00592,dps.stu.00658,Parent,parent,1,1,Single-student parent for local testing.
dps.par.00593,dps.stu.00659,Parent,parent,1,1,Single-student parent for local testing.
dps.par.00594,dps.stu.00660,Parent,parent,1,1,Single-student parent for local testing.
dps.par.00595,dps.stu.00661,Guardian,parent,1,1,Shared sibling parent for local testing.
dps.par.00595,dps.stu.00662,Guardian,parent,1,1,Shared sibling parent for local testing.
dps.par.00596,dps.stu.00663,Parent,parent,1,1,Single-student parent for local testing.
dps.par.00597,dps.stu.00664,Parent,parent,1,1,Single-student parent for local testing.
dps.par.00598,dps.stu.00665,Parent,parent,1,1,Single-student parent for local testing.
dps.par.00599,dps.stu.00666,Parent,parent,1,1,Single-student parent for local testing.
dps.par.00600,dps.stu.00667,Parent,parent,1,1,Single-student parent for local testing.
dps.par.00601,dps.stu.00668,Parent,parent,1,1,Single-student parent for local testing.
dps.par.00602,dps.stu.00669,Parent,parent,1,1,Single-student parent for local testing.
dps.par.00603,dps.stu.00670,Parent,parent,1,1,Single-student parent for local testing.
dps.par.00604,dps.stu.00671,Guardian,parent,1,1,Shared sibling parent for local testing.
dps.par.00604,dps.stu.00672,Guardian,parent,1,1,Shared sibling parent for local testing.
dps.par.00605,dps.stu.00673,Parent,parent,1,1,Single-student parent for local testing.
dps.par.00606,dps.stu.00674,Parent,parent,1,1,Single-student parent for local testing.
dps.par.00607,dps.stu.00675,Parent,parent,1,1,Single-student parent for local testing.
dps.par.00608,dps.stu.00676,Parent,parent,1,1,Single-student parent for local testing.
dps.par.00609,dps.stu.00677,Parent,parent,1,1,Single-student parent for local testing.
dps.par.00610,dps.stu.00678,Parent,parent,1,1,Single-student parent for local testing.
dps.par.00611,dps.stu.00679,Parent,parent,1,1,Single-student parent for local testing.
dps.par.00612,dps.stu.00680,Parent,parent,1,1,Single-student parent for local testing.
dps.par.00613,dps.stu.00681,Guardian,parent,1,1,Shared sibling parent for local testing.
dps.par.00613,dps.stu.00682,Guardian,parent,1,1,Shared sibling parent for local testing.
dps.par.00614,dps.stu.00683,Parent,parent,1,1,Single-student parent for local testing.
dps.par.00615,dps.stu.00684,Parent,parent,1,1,Single-student parent for local testing.
dps.par.00616,dps.stu.00685,Parent,parent,1,1,Single-student parent for local testing.
dps.par.00617,dps.stu.00686,Parent,parent,1,1,Single-student parent for local testing.
dps.par.00618,dps.stu.00687,Parent,parent,1,1,Single-student parent for local testing.
dps.par.00619,dps.stu.00688,Parent,parent,1,1,Single-student parent for local testing.
dps.par.00620,dps.stu.00689,Parent,parent,1,1,Single-student parent for local testing.
dps.par.00621,dps.stu.00690,Parent,parent,1,1,Single-student parent for local testing.
dps.par.00622,dps.stu.00691,Guardian,parent,1,1,Shared sibling parent for local testing.
dps.par.00622,dps.stu.00692,Guardian,parent,1,1,Shared sibling parent for local testing.
dps.par.00623,dps.stu.00693,Parent,parent,1,1,Single-student parent for local testing.
dps.par.00624,dps.stu.00694,Parent,parent,1,1,Single-student parent for local testing.
dps.par.00625,dps.stu.00695,Parent,parent,1,1,Single-student parent for local testing.
dps.par.00626,dps.stu.00696,Parent,parent,1,1,Single-student parent for local testing.
dps.par.00627,dps.stu.00697,Parent,parent,1,1,Single-student parent for local testing.
dps.par.00628,dps.stu.00698,Parent,parent,1,1,Single-student parent for local testing.
dps.par.00629,dps.stu.00699,Parent,parent,1,1,Single-student parent for local testing.
dps.par.00630,dps.stu.00700,Parent,parent,1,1,Single-student parent for local testing.
dps.par.00631,dps.stu.00701,Guardian,parent,1,1,Shared sibling parent for local testing.
dps.par.00631,dps.stu.00702,Guardian,parent,1,1,Shared sibling parent for local testing.
dps.par.00632,dps.stu.00703,Parent,parent,1,1,Single-student parent for local testing.
dps.par.00633,dps.stu.00704,Parent,parent,1,1,Single-student parent for local testing.
dps.par.00634,dps.stu.00705,Parent,parent,1,1,Single-student parent for local testing.
dps.par.00635,dps.stu.00706,Parent,parent,1,1,Single-student parent for local testing.
dps.par.00636,dps.stu.00707,Parent,parent,1,1,Single-student parent for local testing.
dps.par.00637,dps.stu.00708,Parent,parent,1,1,Single-student parent for local testing.
dps.par.00638,dps.stu.00709,Parent,parent,1,1,Single-student parent for local testing.
dps.par.00639,dps.stu.00710,Parent,parent,1,1,Single-student parent for local testing.
dps.par.00640,dps.stu.00711,Guardian,parent,1,1,Shared sibling parent for local testing.
dps.par.00640,dps.stu.00712,Guardian,parent,1,1,Shared sibling parent for local testing.
dps.par.00641,dps.stu.00713,Parent,parent,1,1,Single-student parent for local testing.
dps.par.00642,dps.stu.00714,Parent,parent,1,1,Single-student parent for local testing.
dps.par.00643,dps.stu.00715,Parent,parent,1,1,Single-student parent for local testing.
dps.par.00644,dps.stu.00716,Parent,parent,1,1,Single-student parent for local testing.
dps.par.00645,dps.stu.00717,Parent,parent,1,1,Single-student parent for local testing.
dps.par.00646,dps.stu.00718,Parent,parent,1,1,Single-student parent for local testing.
dps.par.00647,dps.stu.00719,Parent,parent,1,1,Single-student parent for local testing.
dps.par.00648,dps.stu.00720,Parent,parent,1,1,Single-student parent for local testing.
dps.par.00649,dps.stu.00721,Guardian,parent,1,1,Shared sibling parent for local testing.
dps.par.00649,dps.stu.00722,Guardian,parent,1,1,Shared sibling parent for local testing.
dps.par.00650,dps.stu.00723,Parent,parent,1,1,Single-student parent for local testing.
dps.par.00651,dps.stu.00724,Parent,parent,1,1,Single-student parent for local testing.
dps.par.00652,dps.stu.00725,Parent,parent,1,1,Single-student parent for local testing.
dps.par.00653,dps.stu.00726,Parent,parent,1,1,Single-student parent for local testing.
dps.par.00654,dps.stu.00727,Parent,parent,1,1,Single-student parent for local testing.
dps.par.00655,dps.stu.00728,Parent,parent,1,1,Single-student parent for local testing.
dps.par.00656,dps.stu.00729,Parent,parent,1,1,Single-student parent for local testing.
dps.par.00657,dps.stu.00730,Parent,parent,1,1,Single-student parent for local testing.
dps.par.00658,dps.stu.00731,Guardian,parent,1,1,Shared sibling parent for local testing.
dps.par.00658,dps.stu.00732,Guardian,parent,1,1,Shared sibling parent for local testing.
dps.par.00659,dps.stu.00733,Parent,parent,1,1,Single-student parent for local testing.
dps.par.00660,dps.stu.00734,Parent,parent,1,1,Single-student parent for local testing.
dps.par.00661,dps.stu.00735,Parent,parent,1,1,Single-student parent for local testing.
dps.par.00662,dps.stu.00736,Parent,parent,1,1,Single-student parent for local testing.
dps.par.00663,dps.stu.00737,Parent,parent,1,1,Single-student parent for local testing.
dps.par.00664,dps.stu.00738,Parent,parent,1,1,Single-student parent for local testing.
dps.par.00665,dps.stu.00739,Parent,parent,1,1,Single-student parent for local testing.
dps.par.00666,dps.stu.00740,Parent,parent,1,1,Single-student parent for local testing.
dps.par.00667,dps.stu.00741,Guardian,parent,1,1,Shared sibling parent for local testing.
dps.par.00667,dps.stu.00742,Guardian,parent,1,1,Shared sibling parent for local testing.
dps.par.00668,dps.stu.00743,Parent,parent,1,1,Single-student parent for local testing.
dps.par.00669,dps.stu.00744,Parent,parent,1,1,Single-student parent for local testing.
dps.par.00670,dps.stu.00745,Parent,parent,1,1,Single-student parent for local testing.
dps.par.00671,dps.stu.00746,Parent,parent,1,1,Single-student parent for local testing.
dps.par.00672,dps.stu.00747,Parent,parent,1,1,Single-student parent for local testing.
dps.par.00673,dps.stu.00748,Parent,parent,1,1,Single-student parent for local testing.
dps.par.00674,dps.stu.00749,Parent,parent,1,1,Single-student parent for local testing.
dps.par.00675,dps.stu.00750,Parent,parent,1,1,Single-student parent for local testing.
dps.par.00676,dps.stu.00751,Guardian,parent,1,1,Shared sibling parent for local testing.
dps.par.00676,dps.stu.00752,Guardian,parent,1,1,Shared sibling parent for local testing.
dps.par.00677,dps.stu.00753,Parent,parent,1,1,Single-student parent for local testing.
dps.par.00678,dps.stu.00754,Parent,parent,1,1,Single-student parent for local testing.
dps.par.00679,dps.stu.00755,Parent,parent,1,1,Single-student parent for local testing.
dps.par.00680,dps.stu.00756,Parent,parent,1,1,Single-student parent for local testing.
dps.par.00681,dps.stu.00757,Parent,parent,1,1,Single-student parent for local testing.
dps.par.00682,dps.stu.00758,Parent,parent,1,1,Single-student parent for local testing.
dps.par.00683,dps.stu.00759,Parent,parent,1,1,Single-student parent for local testing.
dps.par.00684,dps.stu.00760,Parent,parent,1,1,Single-student parent for local testing.
dps.par.00685,dps.stu.00761,Guardian,parent,1,1,Shared sibling parent for local testing.
dps.par.00685,dps.stu.00762,Guardian,parent,1,1,Shared sibling parent for local testing.
dps.par.00686,dps.stu.00763,Parent,parent,1,1,Single-student parent for local testing.
dps.par.00687,dps.stu.00764,Parent,parent,1,1,Single-student parent for local testing.
dps.par.00688,dps.stu.00765,Parent,parent,1,1,Single-student parent for local testing.
dps.par.00689,dps.stu.00766,Parent,parent,1,1,Single-student parent for local testing.
dps.par.00690,dps.stu.00767,Parent,parent,1,1,Single-student parent for local testing.
dps.par.00691,dps.stu.00768,Parent,parent,1,1,Single-student parent for local testing.
dps.par.00692,dps.stu.00769,Parent,parent,1,1,Single-student parent for local testing.
dps.par.00693,dps.stu.00770,Parent,parent,1,1,Single-student parent for local testing.
dps.par.00694,dps.stu.00771,Guardian,parent,1,1,Shared sibling parent for local testing.
dps.par.00694,dps.stu.00772,Guardian,parent,1,1,Shared sibling parent for local testing.
dps.par.00695,dps.stu.00773,Parent,parent,1,1,Single-student parent for local testing.
dps.par.00696,dps.stu.00774,Parent,parent,1,1,Single-student parent for local testing.
dps.par.00697,dps.stu.00775,Parent,parent,1,1,Single-student parent for local testing.
dps.par.00698,dps.stu.00776,Parent,parent,1,1,Single-student parent for local testing.
dps.par.00699,dps.stu.00777,Parent,parent,1,1,Single-student parent for local testing.
dps.par.00700,dps.stu.00778,Parent,parent,1,1,Single-student parent for local testing.
dps.par.00701,dps.stu.00779,Parent,parent,1,1,Single-student parent for local testing.
dps.par.00702,dps.stu.00780,Parent,parent,1,1,Single-student parent for local testing.
dps.par.00703,dps.stu.00781,Guardian,parent,1,1,Shared sibling parent for local testing.
dps.par.00703,dps.stu.00782,Guardian,parent,1,1,Shared sibling parent for local testing.
dps.par.00704,dps.stu.00783,Parent,parent,1,1,Single-student parent for local testing.
dps.par.00705,dps.stu.00784,Parent,parent,1,1,Single-student parent for local testing.
dps.par.00706,dps.stu.00785,Parent,parent,1,1,Single-student parent for local testing.
dps.par.00707,dps.stu.00786,Parent,parent,1,1,Single-student parent for local testing.
dps.par.00708,dps.stu.00787,Parent,parent,1,1,Single-student parent for local testing.
dps.par.00709,dps.stu.00788,Parent,parent,1,1,Single-student parent for local testing.
dps.par.00710,dps.stu.00789,Parent,parent,1,1,Single-student parent for local testing.
dps.par.00711,dps.stu.00790,Parent,parent,1,1,Single-student parent for local testing.
dps.par.00712,dps.stu.00791,Guardian,parent,1,1,Shared sibling parent for local testing.
dps.par.00712,dps.stu.00792,Guardian,parent,1,1,Shared sibling parent for local testing.
dps.par.00713,dps.stu.00793,Parent,parent,1,1,Single-student parent for local testing.
dps.par.00714,dps.stu.00794,Parent,parent,1,1,Single-student parent for local testing.
dps.par.00715,dps.stu.00795,Parent,parent,1,1,Single-student parent for local testing.
dps.par.00716,dps.stu.00796,Parent,parent,1,1,Single-student parent for local testing.
dps.par.00717,dps.stu.00797,Parent,parent,1,1,Single-student parent for local testing.
dps.par.00718,dps.stu.00798,Parent,parent,1,1,Single-student parent for local testing.
dps.par.00719,dps.stu.00799,Parent,parent,1,1,Single-student parent for local testing.
dps.par.00720,dps.stu.00800,Parent,parent,1,1,Single-student parent for local testing.
dps.par.00721,dps.stu.00801,Guardian,parent,1,1,Shared sibling parent for local testing.
dps.par.00721,dps.stu.00802,Guardian,parent,1,1,Shared sibling parent for local testing.
dps.par.00722,dps.stu.00803,Parent,parent,1,1,Single-student parent for local testing.
dps.par.00723,dps.stu.00804,Parent,parent,1,1,Single-student parent for local testing.
dps.par.00724,dps.stu.00805,Parent,parent,1,1,Single-student parent for local testing.
dps.par.00725,dps.stu.00806,Parent,parent,1,1,Single-student parent for local testing.
dps.par.00726,dps.stu.00807,Parent,parent,1,1,Single-student parent for local testing.
dps.par.00727,dps.stu.00808,Parent,parent,1,1,Single-student parent for local testing.
dps.par.00728,dps.stu.00809,Parent,parent,1,1,Single-student parent for local testing.
dps.par.00729,dps.stu.00810,Parent,parent,1,1,Single-student parent for local testing.
dps.par.00730,dps.stu.00811,Guardian,parent,1,1,Shared sibling parent for local testing.
dps.par.00730,dps.stu.00812,Guardian,parent,1,1,Shared sibling parent for local testing.
dps.par.00731,dps.stu.00813,Parent,parent,1,1,Single-student parent for local testing.
dps.par.00732,dps.stu.00814,Parent,parent,1,1,Single-student parent for local testing.
dps.par.00733,dps.stu.00815,Parent,parent,1,1,Single-student parent for local testing.
dps.par.00734,dps.stu.00816,Parent,parent,1,1,Single-student parent for local testing.
dps.par.00735,dps.stu.00817,Parent,parent,1,1,Single-student parent for local testing.
dps.par.00736,dps.stu.00818,Parent,parent,1,1,Single-student parent for local testing.
dps.par.00737,dps.stu.00819,Parent,parent,1,1,Single-student parent for local testing.
dps.par.00738,dps.stu.00820,Parent,parent,1,1,Single-student parent for local testing.
dps.par.00739,dps.stu.00821,Guardian,parent,1,1,Shared sibling parent for local testing.
dps.par.00739,dps.stu.00822,Guardian,parent,1,1,Shared sibling parent for local testing.
dps.par.00740,dps.stu.00823,Parent,parent,1,1,Single-student parent for local testing.
dps.par.00741,dps.stu.00824,Parent,parent,1,1,Single-student parent for local testing.
dps.par.00742,dps.stu.00825,Parent,parent,1,1,Single-student parent for local testing.
dps.par.00743,dps.stu.00826,Parent,parent,1,1,Single-student parent for local testing.
dps.par.00744,dps.stu.00827,Parent,parent,1,1,Single-student parent for local testing.
dps.par.00745,dps.stu.00828,Parent,parent,1,1,Single-student parent for local testing.
dps.par.00746,dps.stu.00829,Parent,parent,1,1,Single-student parent for local testing.
dps.par.00747,dps.stu.00830,Parent,parent,1,1,Single-student parent for local testing.
dps.par.00748,dps.stu.00831,Guardian,parent,1,1,Shared sibling parent for local testing.
dps.par.00748,dps.stu.00832,Guardian,parent,1,1,Shared sibling parent for local testing.
dps.par.00749,dps.stu.00833,Parent,parent,1,1,Single-student parent for local testing.
dps.par.00750,dps.stu.00834,Parent,parent,1,1,Single-student parent for local testing.
dps.par.00751,dps.stu.00835,Parent,parent,1,1,Single-student parent for local testing.
dps.par.00752,dps.stu.00836,Parent,parent,1,1,Single-student parent for local testing.
dps.par.00753,dps.stu.00837,Parent,parent,1,1,Single-student parent for local testing.
dps.par.00754,dps.stu.00838,Parent,parent,1,1,Single-student parent for local testing.
dps.par.00755,dps.stu.00839,Parent,parent,1,1,Single-student parent for local testing.
dps.par.00756,dps.stu.00840,Parent,parent,1,1,Single-student parent for local testing.
dps.par.00757,dps.stu.00841,Guardian,parent,1,1,Shared sibling parent for local testing.
dps.par.00757,dps.stu.00842,Guardian,parent,1,1,Shared sibling parent for local testing.
dps.par.00758,dps.stu.00843,Parent,parent,1,1,Single-student parent for local testing.
dps.par.00759,dps.stu.00844,Parent,parent,1,1,Single-student parent for local testing.
dps.par.00760,dps.stu.00845,Parent,parent,1,1,Single-student parent for local testing.
dps.par.00761,dps.stu.00846,Parent,parent,1,1,Single-student parent for local testing.
dps.par.00762,dps.stu.00847,Parent,parent,1,1,Single-student parent for local testing.
dps.par.00763,dps.stu.00848,Parent,parent,1,1,Single-student parent for local testing.
dps.par.00764,dps.stu.00849,Parent,parent,1,1,Single-student parent for local testing.
dps.par.00765,dps.stu.00850,Parent,parent,1,1,Single-student parent for local testing.
dps.par.00766,dps.stu.00851,Guardian,parent,1,1,Shared sibling parent for local testing.
dps.par.00766,dps.stu.00852,Guardian,parent,1,1,Shared sibling parent for local testing.
dps.par.00767,dps.stu.00853,Parent,parent,1,1,Single-student parent for local testing.
dps.par.00768,dps.stu.00854,Parent,parent,1,1,Single-student parent for local testing.
dps.par.00769,dps.stu.00855,Parent,parent,1,1,Single-student parent for local testing.
dps.par.00770,dps.stu.00856,Parent,parent,1,1,Single-student parent for local testing.
dps.par.00771,dps.stu.00857,Parent,parent,1,1,Single-student parent for local testing.
dps.par.00772,dps.stu.00858,Parent,parent,1,1,Single-student parent for local testing.
dps.par.00773,dps.stu.00859,Parent,parent,1,1,Single-student parent for local testing.
dps.par.00774,dps.stu.00860,Parent,parent,1,1,Single-student parent for local testing.
dps.par.00775,dps.stu.00861,Guardian,parent,1,1,Shared sibling parent for local testing.
dps.par.00775,dps.stu.00862,Guardian,parent,1,1,Shared sibling parent for local testing.
dps.par.00776,dps.stu.00863,Parent,parent,1,1,Single-student parent for local testing.
dps.par.00777,dps.stu.00864,Parent,parent,1,1,Single-student parent for local testing.
dps.par.00778,dps.stu.00865,Parent,parent,1,1,Single-student parent for local testing.
dps.par.00779,dps.stu.00866,Parent,parent,1,1,Single-student parent for local testing.
dps.par.00780,dps.stu.00867,Parent,parent,1,1,Single-student parent for local testing.
dps.par.00781,dps.stu.00868,Parent,parent,1,1,Single-student parent for local testing.
dps.par.00782,dps.stu.00869,Parent,parent,1,1,Single-student parent for local testing.
dps.par.00783,dps.stu.00870,Parent,parent,1,1,Single-student parent for local testing.
dps.par.00784,dps.stu.00871,Guardian,parent,1,1,Shared sibling parent for local testing.
dps.par.00784,dps.stu.00872,Guardian,parent,1,1,Shared sibling parent for local testing.
dps.par.00785,dps.stu.00873,Parent,parent,1,1,Single-student parent for local testing.
dps.par.00786,dps.stu.00874,Parent,parent,1,1,Single-student parent for local testing.
dps.par.00787,dps.stu.00875,Parent,parent,1,1,Single-student parent for local testing.
dps.par.00788,dps.stu.00876,Parent,parent,1,1,Single-student parent for local testing.
dps.par.00789,dps.stu.00877,Parent,parent,1,1,Single-student parent for local testing.
dps.par.00790,dps.stu.00878,Parent,parent,1,1,Single-student parent for local testing.
dps.par.00791,dps.stu.00879,Parent,parent,1,1,Single-student parent for local testing.
dps.par.00792,dps.stu.00880,Parent,parent,1,1,Single-student parent for local testing.
dps.par.00793,dps.stu.00881,Guardian,parent,1,1,Shared sibling parent for local testing.
dps.par.00793,dps.stu.00882,Guardian,parent,1,1,Shared sibling parent for local testing.
dps.par.00794,dps.stu.00883,Parent,parent,1,1,Single-student parent for local testing.
dps.par.00795,dps.stu.00884,Parent,parent,1,1,Single-student parent for local testing.
dps.par.00796,dps.stu.00885,Parent,parent,1,1,Single-student parent for local testing.
dps.par.00797,dps.stu.00886,Parent,parent,1,1,Single-student parent for local testing.
dps.par.00798,dps.stu.00887,Parent,parent,1,1,Single-student parent for local testing.
dps.par.00799,dps.stu.00888,Parent,parent,1,1,Single-student parent for local testing.
dps.par.00800,dps.stu.00889,Parent,parent,1,1,Single-student parent for local testing.
dps.par.00801,dps.stu.00890,Parent,parent,1,1,Single-student parent for local testing.
dps.par.00802,dps.stu.00891,Guardian,parent,1,1,Shared sibling parent for local testing.
dps.par.00802,dps.stu.00892,Guardian,parent,1,1,Shared sibling parent for local testing.
dps.par.00803,dps.stu.00893,Parent,parent,1,1,Single-student parent for local testing.
dps.par.00804,dps.stu.00894,Parent,parent,1,1,Single-student parent for local testing.
dps.par.00805,dps.stu.00895,Parent,parent,1,1,Single-student parent for local testing.
dps.par.00806,dps.stu.00896,Parent,parent,1,1,Single-student parent for local testing.
dps.par.00807,dps.stu.00897,Parent,parent,1,1,Single-student parent for local testing.
dps.par.00808,dps.stu.00898,Parent,parent,1,1,Single-student parent for local testing.
dps.par.00809,dps.stu.00899,Parent,parent,1,1,Single-student parent for local testing.
dps.par.00810,dps.stu.00900,Parent,parent,1,1,Single-student parent for local testing.
dps.par.00811,dps.stu.00901,Guardian,parent,1,1,Shared sibling parent for local testing.
dps.par.00811,dps.stu.00902,Guardian,parent,1,1,Shared sibling parent for local testing.
dps.par.00812,dps.stu.00903,Parent,parent,1,1,Single-student parent for local testing.
dps.par.00813,dps.stu.00904,Parent,parent,1,1,Single-student parent for local testing.
dps.par.00814,dps.stu.00905,Parent,parent,1,1,Single-student parent for local testing.
dps.par.00815,dps.stu.00906,Parent,parent,1,1,Single-student parent for local testing.
dps.par.00816,dps.stu.00907,Parent,parent,1,1,Single-student parent for local testing.
dps.par.00817,dps.stu.00908,Parent,parent,1,1,Single-student parent for local testing.
dps.par.00818,dps.stu.00909,Parent,parent,1,1,Single-student parent for local testing.
dps.par.00819,dps.stu.00910,Parent,parent,1,1,Single-student parent for local testing.
dps.par.00820,dps.stu.00911,Guardian,parent,1,1,Shared sibling parent for local testing.
dps.par.00820,dps.stu.00912,Guardian,parent,1,1,Shared sibling parent for local testing.
dps.par.00821,dps.stu.00913,Parent,parent,1,1,Single-student parent for local testing.
dps.par.00822,dps.stu.00914,Parent,parent,1,1,Single-student parent for local testing.
dps.par.00823,dps.stu.00915,Parent,parent,1,1,Single-student parent for local testing.
dps.par.00824,dps.stu.00916,Parent,parent,1,1,Single-student parent for local testing.
dps.par.00825,dps.stu.00917,Parent,parent,1,1,Single-student parent for local testing.
dps.par.00826,dps.stu.00918,Parent,parent,1,1,Single-student parent for local testing.
dps.par.00827,dps.stu.00919,Parent,parent,1,1,Single-student parent for local testing.
dps.par.00828,dps.stu.00920,Parent,parent,1,1,Single-student parent for local testing.
dps.par.00829,dps.stu.00921,Guardian,parent,1,1,Shared sibling parent for local testing.
dps.par.00829,dps.stu.00922,Guardian,parent,1,1,Shared sibling parent for local testing.
dps.par.00830,dps.stu.00923,Parent,parent,1,1,Single-student parent for local testing.
dps.par.00831,dps.stu.00924,Parent,parent,1,1,Single-student parent for local testing.
dps.par.00832,dps.stu.00925,Parent,parent,1,1,Single-student parent for local testing.
dps.par.00833,dps.stu.00926,Parent,parent,1,1,Single-student parent for local testing.
dps.par.00834,dps.stu.00927,Parent,parent,1,1,Single-student parent for local testing.
dps.par.00835,dps.stu.00928,Parent,parent,1,1,Single-student parent for local testing.
dps.par.00836,dps.stu.00929,Parent,parent,1,1,Single-student parent for local testing.
dps.par.00837,dps.stu.00930,Parent,parent,1,1,Single-student parent for local testing.
dps.par.00838,dps.stu.00931,Guardian,parent,1,1,Shared sibling parent for local testing.
dps.par.00838,dps.stu.00932,Guardian,parent,1,1,Shared sibling parent for local testing.
dps.par.00839,dps.stu.00933,Parent,parent,1,1,Single-student parent for local testing.
dps.par.00840,dps.stu.00934,Parent,parent,1,1,Single-student parent for local testing.
dps.par.00841,dps.stu.00935,Parent,parent,1,1,Single-student parent for local testing.
dps.par.00842,dps.stu.00936,Parent,parent,1,1,Single-student parent for local testing.
dps.par.00843,dps.stu.00937,Parent,parent,1,1,Single-student parent for local testing.
dps.par.00844,dps.stu.00938,Parent,parent,1,1,Single-student parent for local testing.
dps.par.00845,dps.stu.00939,Parent,parent,1,1,Single-student parent for local testing.
dps.par.00846,dps.stu.00940,Parent,parent,1,1,Single-student parent for local testing.
dps.par.00847,dps.stu.00941,Guardian,parent,1,1,Shared sibling parent for local testing.
dps.par.00847,dps.stu.00942,Guardian,parent,1,1,Shared sibling parent for local testing.
dps.par.00848,dps.stu.00943,Parent,parent,1,1,Single-student parent for local testing.
dps.par.00849,dps.stu.00944,Parent,parent,1,1,Single-student parent for local testing.
dps.par.00850,dps.stu.00945,Parent,parent,1,1,Single-student parent for local testing.
dps.par.00851,dps.stu.00946,Parent,parent,1,1,Single-student parent for local testing.
dps.par.00852,dps.stu.00947,Parent,parent,1,1,Single-student parent for local testing.
dps.par.00853,dps.stu.00948,Parent,parent,1,1,Single-student parent for local testing.
dps.par.00854,dps.stu.00949,Parent,parent,1,1,Single-student parent for local testing.
dps.par.00855,dps.stu.00950,Parent,parent,1,1,Single-student parent for local testing.
dps.par.00856,dps.stu.00951,Guardian,parent,1,1,Shared sibling parent for local testing.
dps.par.00856,dps.stu.00952,Guardian,parent,1,1,Shared sibling parent for local testing.
dps.par.00857,dps.stu.00953,Parent,parent,1,1,Single-student parent for local testing.
dps.par.00858,dps.stu.00954,Parent,parent,1,1,Single-student parent for local testing.
dps.par.00859,dps.stu.00955,Parent,parent,1,1,Single-student parent for local testing.
dps.par.00860,dps.stu.00956,Parent,parent,1,1,Single-student parent for local testing.
dps.par.00861,dps.stu.00957,Parent,parent,1,1,Single-student parent for local testing.
dps.par.00862,dps.stu.00958,Parent,parent,1,1,Single-student parent for local testing.
dps.par.00863,dps.stu.00959,Parent,parent,1,1,Single-student parent for local testing.
dps.par.00864,dps.stu.00960,Parent,parent,1,1,Single-student parent for local testing.
dps.par.00865,dps.stu.00961,Guardian,parent,1,1,Shared sibling parent for local testing.
dps.par.00865,dps.stu.00962,Guardian,parent,1,1,Shared sibling parent for local testing.
dps.par.00866,dps.stu.00963,Parent,parent,1,1,Single-student parent for local testing.
dps.par.00867,dps.stu.00964,Parent,parent,1,1,Single-student parent for local testing.
dps.par.00868,dps.stu.00965,Parent,parent,1,1,Single-student parent for local testing.
dps.par.00869,dps.stu.00966,Parent,parent,1,1,Single-student parent for local testing.
dps.par.00870,dps.stu.00967,Parent,parent,1,1,Single-student parent for local testing.
dps.par.00871,dps.stu.00968,Parent,parent,1,1,Single-student parent for local testing.
dps.par.00872,dps.stu.00969,Parent,parent,1,1,Single-student parent for local testing.
dps.par.00873,dps.stu.00970,Parent,parent,1,1,Single-student parent for local testing.
dps.par.00874,dps.stu.00971,Guardian,parent,1,1,Shared sibling parent for local testing.
dps.par.00874,dps.stu.00972,Guardian,parent,1,1,Shared sibling parent for local testing.
dps.par.00875,dps.stu.00973,Parent,parent,1,1,Single-student parent for local testing.
dps.par.00876,dps.stu.00974,Parent,parent,1,1,Single-student parent for local testing.
dps.par.00877,dps.stu.00975,Parent,parent,1,1,Single-student parent for local testing.
dps.par.00878,dps.stu.00976,Parent,parent,1,1,Single-student parent for local testing.
dps.par.00879,dps.stu.00977,Parent,parent,1,1,Single-student parent for local testing.
dps.par.00880,dps.stu.00978,Parent,parent,1,1,Single-student parent for local testing.
dps.par.00881,dps.stu.00979,Parent,parent,1,1,Single-student parent for local testing.
dps.par.00882,dps.stu.00980,Parent,parent,1,1,Single-student parent for local testing.
dps.par.00883,dps.stu.00981,Guardian,parent,1,1,Shared sibling parent for local testing.
dps.par.00883,dps.stu.00982,Guardian,parent,1,1,Shared sibling parent for local testing.
dps.par.00884,dps.stu.00983,Parent,parent,1,1,Single-student parent for local testing.
dps.par.00885,dps.stu.00984,Parent,parent,1,1,Single-student parent for local testing.
dps.par.00886,dps.stu.00985,Parent,parent,1,1,Single-student parent for local testing.
dps.par.00887,dps.stu.00986,Parent,parent,1,1,Single-student parent for local testing.
dps.par.00888,dps.stu.00987,Parent,parent,1,1,Single-student parent for local testing.
dps.par.00889,dps.stu.00988,Parent,parent,1,1,Single-student parent for local testing.
dps.par.00890,dps.stu.00989,Parent,parent,1,1,Single-student parent for local testing.
dps.par.00891,dps.stu.00990,Parent,parent,1,1,Single-student parent for local testing.
dps.par.00892,dps.stu.00991,Guardian,parent,1,1,Shared sibling parent for local testing.
dps.par.00892,dps.stu.00992,Guardian,parent,1,1,Shared sibling parent for local testing.
dps.par.00893,dps.stu.00993,Parent,parent,1,1,Single-student parent for local testing.
dps.par.00894,dps.stu.00994,Parent,parent,1,1,Single-student parent for local testing.
dps.par.00895,dps.stu.00995,Parent,parent,1,1,Single-student parent for local testing.
dps.par.00896,dps.stu.00996,Parent,parent,1,1,Single-student parent for local testing.
dps.par.00897,dps.stu.00997,Parent,parent,1,1,Single-student parent for local testing.
dps.par.00898,dps.stu.00998,Parent,parent,1,1,Single-student parent for local testing.
dps.par.00899,dps.stu.00999,Parent,parent,1,1,Single-student parent for local testing.
dps.par.00900,dps.stu.01000,Parent,parent,1,1,Single-student parent for local testing.
dps.par.00901,dps.stu.01001,Guardian,parent,1,1,Shared sibling parent for local testing.
dps.par.00901,dps.stu.01002,Guardian,parent,1,1,Shared sibling parent for local testing.
dps.par.00902,dps.stu.01003,Parent,parent,1,1,Single-student parent for local testing.
dps.par.00903,dps.stu.01004,Parent,parent,1,1,Single-student parent for local testing.
dps.par.00904,dps.stu.01005,Parent,parent,1,1,Single-student parent for local testing.
dps.par.00905,dps.stu.01006,Parent,parent,1,1,Single-student parent for local testing.
dps.par.00906,dps.stu.01007,Parent,parent,1,1,Single-student parent for local testing.
dps.par.00907,dps.stu.01008,Parent,parent,1,1,Single-student parent for local testing.
dps.par.00908,dps.stu.01009,Parent,parent,1,1,Single-student parent for local testing.
dps.par.00909,dps.stu.01010,Parent,parent,1,1,Single-student parent for local testing.
dps.par.00910,dps.stu.01011,Guardian,parent,1,1,Shared sibling parent for local testing.
dps.par.00910,dps.stu.01012,Guardian,parent,1,1,Shared sibling parent for local testing.
dps.par.00911,dps.stu.01013,Parent,parent,1,1,Single-student parent for local testing.
dps.par.00912,dps.stu.01014,Parent,parent,1,1,Single-student parent for local testing.
dps.par.00913,dps.stu.01015,Parent,parent,1,1,Single-student parent for local testing.
dps.par.00914,dps.stu.01016,Parent,parent,1,1,Single-student parent for local testing.
dps.par.00915,dps.stu.01017,Parent,parent,1,1,Single-student parent for local testing.
dps.par.00916,dps.stu.01018,Parent,parent,1,1,Single-student parent for local testing.
dps.par.00917,dps.stu.01019,Parent,parent,1,1,Single-student parent for local testing.
dps.par.00918,dps.stu.01020,Parent,parent,1,1,Single-student parent for local testing.
dps.par.00919,dps.stu.01021,Guardian,parent,1,1,Shared sibling parent for local testing.
dps.par.00919,dps.stu.01022,Guardian,parent,1,1,Shared sibling parent for local testing.
dps.par.00920,dps.stu.01023,Parent,parent,1,1,Single-student parent for local testing.
dps.par.00921,dps.stu.01024,Parent,parent,1,1,Single-student parent for local testing.
dps.par.00922,dps.stu.01025,Parent,parent,1,1,Single-student parent for local testing.
dps.par.00923,dps.stu.01026,Parent,parent,1,1,Single-student parent for local testing.
dps.par.00924,dps.stu.01027,Parent,parent,1,1,Single-student parent for local testing.
dps.par.00925,dps.stu.01028,Parent,parent,1,1,Single-student parent for local testing.
dps.par.00926,dps.stu.01029,Parent,parent,1,1,Single-student parent for local testing.
dps.par.00927,dps.stu.01030,Parent,parent,1,1,Single-student parent for local testing.
dps.par.00928,dps.stu.01031,Guardian,parent,1,1,Shared sibling parent for local testing.
dps.par.00928,dps.stu.01032,Guardian,parent,1,1,Shared sibling parent for local testing.
dps.par.00929,dps.stu.01033,Parent,parent,1,1,Single-student parent for local testing.
dps.par.00930,dps.stu.01034,Parent,parent,1,1,Single-student parent for local testing.
dps.par.00931,dps.stu.01035,Parent,parent,1,1,Single-student parent for local testing.
dps.par.00932,dps.stu.01036,Parent,parent,1,1,Single-student parent for local testing.
dps.par.00933,dps.stu.01037,Parent,parent,1,1,Single-student parent for local testing.
dps.par.00934,dps.stu.01038,Parent,parent,1,1,Single-student parent for local testing.
dps.par.00935,dps.stu.01039,Parent,parent,1,1,Single-student parent for local testing.
dps.par.00936,dps.stu.01040,Parent,parent,1,1,Single-student parent for local testing.
dps.par.00937,dps.stu.01041,Guardian,parent,1,1,Shared sibling parent for local testing.
dps.par.00937,dps.stu.01042,Guardian,parent,1,1,Shared sibling parent for local testing.
dps.par.00938,dps.stu.01043,Parent,parent,1,1,Single-student parent for local testing.
dps.par.00939,dps.stu.01044,Parent,parent,1,1,Single-student parent for local testing.
dps.par.00940,dps.stu.01045,Parent,parent,1,1,Single-student parent for local testing.
dps.par.00941,dps.stu.01046,Parent,parent,1,1,Single-student parent for local testing.
dps.par.00942,dps.stu.01047,Parent,parent,1,1,Single-student parent for local testing.
dps.par.00943,dps.stu.01048,Parent,parent,1,1,Single-student parent for local testing.
dps.par.00944,dps.stu.01049,Parent,parent,1,1,Single-student parent for local testing.
dps.par.00945,dps.stu.01050,Parent,parent,1,1,Single-student parent for local testing.
dps.par.00946,dps.stu.01051,Guardian,parent,1,1,Shared sibling parent for local testing.
dps.par.00946,dps.stu.01052,Guardian,parent,1,1,Shared sibling parent for local testing.
dps.par.00947,dps.stu.01053,Parent,parent,1,1,Single-student parent for local testing.
dps.par.00948,dps.stu.01054,Parent,parent,1,1,Single-student parent for local testing.
dps.par.00949,dps.stu.01055,Parent,parent,1,1,Single-student parent for local testing.
dps.par.00950,dps.stu.01056,Parent,parent,1,1,Single-student parent for local testing.
dps.par.00951,dps.stu.01057,Parent,parent,1,1,Single-student parent for local testing.
dps.par.00952,dps.stu.01058,Parent,parent,1,1,Single-student parent for local testing.
dps.par.00953,dps.stu.01059,Parent,parent,1,1,Single-student parent for local testing.
dps.par.00954,dps.stu.01060,Parent,parent,1,1,Single-student parent for local testing.
dps.par.00955,dps.stu.01061,Guardian,parent,1,1,Shared sibling parent for local testing.
dps.par.00955,dps.stu.01062,Guardian,parent,1,1,Shared sibling parent for local testing.
dps.par.00956,dps.stu.01063,Parent,parent,1,1,Single-student parent for local testing.
dps.par.00957,dps.stu.01064,Parent,parent,1,1,Single-student parent for local testing.
dps.par.00958,dps.stu.01065,Parent,parent,1,1,Single-student parent for local testing.
dps.par.00959,dps.stu.01066,Parent,parent,1,1,Single-student parent for local testing.
dps.par.00960,dps.stu.01067,Parent,parent,1,1,Single-student parent for local testing.
dps.par.00961,dps.stu.01068,Parent,parent,1,1,Single-student parent for local testing.
dps.par.00962,dps.stu.01069,Parent,parent,1,1,Single-student parent for local testing.
dps.par.00963,dps.stu.01070,Parent,parent,1,1,Single-student parent for local testing.
dps.par.00964,dps.stu.01071,Guardian,parent,1,1,Shared sibling parent for local testing.
dps.par.00964,dps.stu.01072,Guardian,parent,1,1,Shared sibling parent for local testing.
dps.par.00965,dps.stu.01073,Parent,parent,1,1,Single-student parent for local testing.
dps.par.00966,dps.stu.01074,Parent,parent,1,1,Single-student parent for local testing.
dps.par.00967,dps.stu.01075,Parent,parent,1,1,Single-student parent for local testing.
dps.par.00968,dps.stu.01076,Parent,parent,1,1,Single-student parent for local testing.
dps.par.00969,dps.stu.01077,Parent,parent,1,1,Single-student parent for local testing.
dps.par.00970,dps.stu.01078,Parent,parent,1,1,Single-student parent for local testing.
dps.par.00971,dps.stu.01079,Parent,parent,1,1,Single-student parent for local testing.
dps.par.00972,dps.stu.01080,Parent,parent,1,1,Single-student parent for local testing.
dps.par.00973,dps.stu.01081,Guardian,parent,1,1,Shared sibling parent for local testing.
dps.par.00973,dps.stu.01082,Guardian,parent,1,1,Shared sibling parent for local testing.
dps.par.00974,dps.stu.01083,Parent,parent,1,1,Single-student parent for local testing.
dps.par.00975,dps.stu.01084,Parent,parent,1,1,Single-student parent for local testing.
dps.par.00976,dps.stu.01085,Parent,parent,1,1,Single-student parent for local testing.
dps.par.00977,dps.stu.01086,Parent,parent,1,1,Single-student parent for local testing.
dps.par.00978,dps.stu.01087,Parent,parent,1,1,Single-student parent for local testing.
dps.par.00979,dps.stu.01088,Parent,parent,1,1,Single-student parent for local testing.
dps.par.00980,dps.stu.01089,Parent,parent,1,1,Single-student parent for local testing.
dps.par.00981,dps.stu.01090,Parent,parent,1,1,Single-student parent for local testing.
dps.par.00982,dps.stu.01091,Guardian,parent,1,1,Shared sibling parent for local testing.
dps.par.00982,dps.stu.01092,Guardian,parent,1,1,Shared sibling parent for local testing.
dps.par.00983,dps.stu.01093,Parent,parent,1,1,Single-student parent for local testing.
dps.par.00984,dps.stu.01094,Parent,parent,1,1,Single-student parent for local testing.
dps.par.00985,dps.stu.01095,Parent,parent,1,1,Single-student parent for local testing.
dps.par.00986,dps.stu.01096,Parent,parent,1,1,Single-student parent for local testing.
dps.par.00987,dps.stu.01097,Parent,parent,1,1,Single-student parent for local testing.
dps.par.00988,dps.stu.01098,Parent,parent,1,1,Single-student parent for local testing.
dps.par.00989,dps.stu.01099,Parent,parent,1,1,Single-student parent for local testing.
dps.par.00990,dps.stu.01100,Parent,parent,1,1,Single-student parent for local testing.
dps.par.00991,dps.stu.01101,Guardian,parent,1,1,Shared sibling parent for local testing.
dps.par.00991,dps.stu.01102,Guardian,parent,1,1,Shared sibling parent for local testing.
dps.par.00992,dps.stu.01103,Parent,parent,1,1,Single-student parent for local testing.
dps.par.00993,dps.stu.01104,Parent,parent,1,1,Single-student parent for local testing.
dps.par.00994,dps.stu.01105,Parent,parent,1,1,Single-student parent for local testing.
dps.par.00995,dps.stu.01106,Parent,parent,1,1,Single-student parent for local testing.
dps.par.00996,dps.stu.01107,Parent,parent,1,1,Single-student parent for local testing.
dps.par.00997,dps.stu.01108,Parent,parent,1,1,Single-student parent for local testing.
dps.par.00998,dps.stu.01109,Parent,parent,1,1,Single-student parent for local testing.
dps.par.00999,dps.stu.01110,Parent,parent,1,1,Single-student parent for local testing.
dps.par.01000,dps.stu.01111,Guardian,parent,1,1,Shared sibling parent for local testing.
dps.par.01000,dps.stu.01112,Guardian,parent,1,1,Shared sibling parent for local testing.
dps.par.01001,dps.stu.01113,Parent,parent,1,1,Single-student parent for local testing.
dps.par.01002,dps.stu.01114,Parent,parent,1,1,Single-student parent for local testing.
dps.par.01003,dps.stu.01115,Parent,parent,1,1,Single-student parent for local testing.
dps.par.01004,dps.stu.01116,Parent,parent,1,1,Single-student parent for local testing.
dps.par.01005,dps.stu.01117,Parent,parent,1,1,Single-student parent for local testing.
dps.par.01006,dps.stu.01118,Parent,parent,1,1,Single-student parent for local testing.
dps.par.01007,dps.stu.01119,Parent,parent,1,1,Single-student parent for local testing.
dps.par.01008,dps.stu.01120,Parent,parent,1,1,Single-student parent for local testing.
dps.par.01009,dps.stu.01121,Guardian,parent,1,1,Shared sibling parent for local testing.
dps.par.01009,dps.stu.01122,Guardian,parent,1,1,Shared sibling parent for local testing.
dps.par.01010,dps.stu.01123,Parent,parent,1,1,Single-student parent for local testing.
dps.par.01011,dps.stu.01124,Parent,parent,1,1,Single-student parent for local testing.
dps.par.01012,dps.stu.01125,Parent,parent,1,1,Single-student parent for local testing.
dps.par.01013,dps.stu.01126,Parent,parent,1,1,Single-student parent for local testing.
dps.par.01014,dps.stu.01127,Parent,parent,1,1,Single-student parent for local testing.
dps.par.01015,dps.stu.01128,Parent,parent,1,1,Single-student parent for local testing.
dps.par.01016,dps.stu.01129,Parent,parent,1,1,Single-student parent for local testing.
dps.par.01017,dps.stu.01130,Parent,parent,1,1,Single-student parent for local testing.
dps.par.01018,dps.stu.01131,Guardian,parent,1,1,Shared sibling parent for local testing.
dps.par.01018,dps.stu.01132,Guardian,parent,1,1,Shared sibling parent for local testing.
dps.par.01019,dps.stu.01133,Parent,parent,1,1,Single-student parent for local testing.
dps.par.01020,dps.stu.01134,Parent,parent,1,1,Single-student parent for local testing.
dps.par.01021,dps.stu.01135,Parent,parent,1,1,Single-student parent for local testing.
dps.par.01022,dps.stu.01136,Parent,parent,1,1,Single-student parent for local testing.
dps.par.01023,dps.stu.01137,Parent,parent,1,1,Single-student parent for local testing.
dps.par.01024,dps.stu.01138,Parent,parent,1,1,Single-student parent for local testing.
dps.par.01025,dps.stu.01139,Parent,parent,1,1,Single-student parent for local testing.
dps.par.01026,dps.stu.01140,Parent,parent,1,1,Single-student parent for local testing.
dps.par.01027,dps.stu.01141,Guardian,parent,1,1,Shared sibling parent for local testing.
dps.par.01027,dps.stu.01142,Guardian,parent,1,1,Shared sibling parent for local testing.
dps.par.01028,dps.stu.01143,Parent,parent,1,1,Single-student parent for local testing.
dps.par.01029,dps.stu.01144,Parent,parent,1,1,Single-student parent for local testing.
dps.par.01030,dps.stu.01145,Parent,parent,1,1,Single-student parent for local testing.
dps.par.01031,dps.stu.01146,Parent,parent,1,1,Single-student parent for local testing.
dps.par.01032,dps.stu.01147,Parent,parent,1,1,Single-student parent for local testing.
dps.par.01033,dps.stu.01148,Parent,parent,1,1,Single-student parent for local testing.
dps.par.01034,dps.stu.01149,Parent,parent,1,1,Single-student parent for local testing.
dps.par.01035,dps.stu.01150,Parent,parent,1,1,Single-student parent for local testing.
dps.par.01036,dps.stu.01151,Guardian,parent,1,1,Shared sibling parent for local testing.
dps.par.01036,dps.stu.01152,Guardian,parent,1,1,Shared sibling parent for local testing.
dps.par.01037,dps.stu.01153,Parent,parent,1,1,Single-student parent for local testing.
dps.par.01038,dps.stu.01154,Parent,parent,1,1,Single-student parent for local testing.
dps.par.01039,dps.stu.01155,Parent,parent,1,1,Single-student parent for local testing.
dps.par.01040,dps.stu.01156,Parent,parent,1,1,Single-student parent for local testing.
dps.par.01041,dps.stu.01157,Parent,parent,1,1,Single-student parent for local testing.
dps.par.01042,dps.stu.01158,Parent,parent,1,1,Single-student parent for local testing.
dps.par.01043,dps.stu.01159,Parent,parent,1,1,Single-student parent for local testing.
dps.par.01044,dps.stu.01160,Parent,parent,1,1,Single-student parent for local testing.
dps.par.01045,dps.stu.01161,Guardian,parent,1,1,Shared sibling parent for local testing.
dps.par.01045,dps.stu.01162,Guardian,parent,1,1,Shared sibling parent for local testing.
dps.par.01046,dps.stu.01163,Parent,parent,1,1,Single-student parent for local testing.
dps.par.01047,dps.stu.01164,Parent,parent,1,1,Single-student parent for local testing.
dps.par.01048,dps.stu.01165,Parent,parent,1,1,Single-student parent for local testing.
dps.par.01049,dps.stu.01166,Parent,parent,1,1,Single-student parent for local testing.
dps.par.01050,dps.stu.01167,Parent,parent,1,1,Single-student parent for local testing.
dps.par.01051,dps.stu.01168,Parent,parent,1,1,Single-student parent for local testing.
dps.par.01052,dps.stu.01169,Parent,parent,1,1,Single-student parent for local testing.
dps.par.01053,dps.stu.01170,Parent,parent,1,1,Single-student parent for local testing.
dps.par.01054,dps.stu.01171,Guardian,parent,1,1,Shared sibling parent for local testing.
dps.par.01054,dps.stu.01172,Guardian,parent,1,1,Shared sibling parent for local testing.
dps.par.01055,dps.stu.01173,Parent,parent,1,1,Single-student parent for local testing.
dps.par.01056,dps.stu.01174,Parent,parent,1,1,Single-student parent for local testing.
dps.par.01057,dps.stu.01175,Parent,parent,1,1,Single-student parent for local testing.
dps.par.01058,dps.stu.01176,Parent,parent,1,1,Single-student parent for local testing.
dps.par.01059,dps.stu.01177,Parent,parent,1,1,Single-student parent for local testing.
dps.par.01060,dps.stu.01178,Parent,parent,1,1,Single-student parent for local testing.
dps.par.01061,dps.stu.01179,Parent,parent,1,1,Single-student parent for local testing.
dps.par.01062,dps.stu.01180,Parent,parent,1,1,Single-student parent for local testing.
dps.par.01063,dps.stu.01181,Guardian,parent,1,1,Shared sibling parent for local testing.
dps.par.01063,dps.stu.01182,Guardian,parent,1,1,Shared sibling parent for local testing.
dps.par.01064,dps.stu.01183,Parent,parent,1,1,Single-student parent for local testing.
dps.par.01065,dps.stu.01184,Parent,parent,1,1,Single-student parent for local testing.
dps.par.01066,dps.stu.01185,Parent,parent,1,1,Single-student parent for local testing.
dps.par.01067,dps.stu.01186,Parent,parent,1,1,Single-student parent for local testing.
dps.par.01068,dps.stu.01187,Parent,parent,1,1,Single-student parent for local testing.
dps.par.01069,dps.stu.01188,Parent,parent,1,1,Single-student parent for local testing.
dps.par.01070,dps.stu.01189,Parent,parent,1,1,Single-student parent for local testing.
dps.par.01071,dps.stu.01190,Parent,parent,1,1,Single-student parent for local testing.
dps.par.01072,dps.stu.01191,Guardian,parent,1,1,Shared sibling parent for local testing.
dps.par.01072,dps.stu.01192,Guardian,parent,1,1,Shared sibling parent for local testing.
dps.par.01073,dps.stu.01193,Parent,parent,1,1,Single-student parent for local testing.
dps.par.01074,dps.stu.01194,Parent,parent,1,1,Single-student parent for local testing.
dps.par.01075,dps.stu.01195,Parent,parent,1,1,Single-student parent for local testing.
dps.par.01076,dps.stu.01196,Parent,parent,1,1,Single-student parent for local testing.
dps.par.01077,dps.stu.01197,Parent,parent,1,1,Single-student parent for local testing.
dps.par.01078,dps.stu.01198,Parent,parent,1,1,Single-student parent for local testing.
dps.par.01079,dps.stu.01199,Parent,parent,1,1,Single-student parent for local testing.
dps.par.01080,dps.stu.01200,Parent,parent,1,1,Single-student parent for local testing.
dps.par.01081,dps.stu.01201,Guardian,parent,1,1,Shared sibling parent for local testing.
dps.par.01081,dps.stu.01202,Guardian,parent,1,1,Shared sibling parent for local testing.
dps.par.01082,dps.stu.01203,Parent,parent,1,1,Single-student parent for local testing.
dps.par.01083,dps.stu.01204,Parent,parent,1,1,Single-student parent for local testing.
dps.par.01084,dps.stu.01205,Parent,parent,1,1,Single-student parent for local testing.
dps.par.01085,dps.stu.01206,Parent,parent,1,1,Single-student parent for local testing.
dps.par.01086,dps.stu.01207,Parent,parent,1,1,Single-student parent for local testing.
dps.par.01087,dps.stu.01208,Parent,parent,1,1,Single-student parent for local testing.
dps.par.01088,dps.stu.01209,Parent,parent,1,1,Single-student parent for local testing.
dps.par.01089,dps.stu.01210,Parent,parent,1,1,Single-student parent for local testing.
dps.par.01090,dps.stu.01211,Guardian,parent,1,1,Shared sibling parent for local testing.
dps.par.01090,dps.stu.01212,Guardian,parent,1,1,Shared sibling parent for local testing.
dps.par.01091,dps.stu.01213,Parent,parent,1,1,Single-student parent for local testing.
dps.par.01092,dps.stu.01214,Parent,parent,1,1,Single-student parent for local testing.
dps.par.01093,dps.stu.01215,Parent,parent,1,1,Single-student parent for local testing.
dps.par.01094,dps.stu.01216,Parent,parent,1,1,Single-student parent for local testing.
dps.par.01095,dps.stu.01217,Parent,parent,1,1,Single-student parent for local testing.
dps.par.01096,dps.stu.01218,Parent,parent,1,1,Single-student parent for local testing.
dps.par.01097,dps.stu.01219,Parent,parent,1,1,Single-student parent for local testing.
dps.par.01098,dps.stu.01220,Parent,parent,1,1,Single-student parent for local testing.
dps.par.01099,dps.stu.01221,Guardian,parent,1,1,Shared sibling parent for local testing.
dps.par.01099,dps.stu.01222,Guardian,parent,1,1,Shared sibling parent for local testing.
dps.par.01100,dps.stu.01223,Parent,parent,1,1,Single-student parent for local testing.
dps.par.01101,dps.stu.01224,Parent,parent,1,1,Single-student parent for local testing.
dps.par.01102,dps.stu.01225,Parent,parent,1,1,Single-student parent for local testing.
dps.par.01103,dps.stu.01226,Parent,parent,1,1,Single-student parent for local testing.
dps.par.01104,dps.stu.01227,Parent,parent,1,1,Single-student parent for local testing.
dps.par.01105,dps.stu.01228,Parent,parent,1,1,Single-student parent for local testing.
dps.par.01106,dps.stu.01229,Parent,parent,1,1,Single-student parent for local testing.
dps.par.01107,dps.stu.01230,Parent,parent,1,1,Single-student parent for local testing.
dps.par.01108,dps.stu.01231,Guardian,parent,1,1,Shared sibling parent for local testing.
dps.par.01108,dps.stu.01232,Guardian,parent,1,1,Shared sibling parent for local testing.
dps.par.01109,dps.stu.01233,Parent,parent,1,1,Single-student parent for local testing.
dps.par.01110,dps.stu.01234,Parent,parent,1,1,Single-student parent for local testing.
dps.par.01111,dps.stu.01235,Parent,parent,1,1,Single-student parent for local testing.
dps.par.01112,dps.stu.01236,Parent,parent,1,1,Single-student parent for local testing.
dps.par.01113,dps.stu.01237,Parent,parent,1,1,Single-student parent for local testing.
dps.par.01114,dps.stu.01238,Parent,parent,1,1,Single-student parent for local testing.
dps.par.01115,dps.stu.01239,Parent,parent,1,1,Single-student parent for local testing.
dps.par.01116,dps.stu.01240,Parent,parent,1,1,Single-student parent for local testing.
dps.par.01117,dps.stu.01241,Guardian,parent,1,1,Shared sibling parent for local testing.
dps.par.01117,dps.stu.01242,Guardian,parent,1,1,Shared sibling parent for local testing.
dps.par.01118,dps.stu.01243,Parent,parent,1,1,Single-student parent for local testing.
dps.par.01119,dps.stu.01244,Parent,parent,1,1,Single-student parent for local testing.
dps.par.01120,dps.stu.01245,Parent,parent,1,1,Single-student parent for local testing.
dps.par.01121,dps.stu.01246,Parent,parent,1,1,Single-student parent for local testing.
dps.par.01122,dps.stu.01247,Parent,parent,1,1,Single-student parent for local testing.
dps.par.01123,dps.stu.01248,Parent,parent,1,1,Single-student parent for local testing.
dps.par.01124,dps.stu.01249,Parent,parent,1,1,Single-student parent for local testing.
dps.par.01125,dps.stu.01250,Parent,parent,1,1,Single-student parent for local testing.
dps.par.01126,dps.stu.01251,Guardian,parent,1,1,Shared sibling parent for local testing.
dps.par.01126,dps.stu.01252,Guardian,parent,1,1,Shared sibling parent for local testing.
dps.par.01127,dps.stu.01253,Parent,parent,1,1,Single-student parent for local testing.
dps.par.01128,dps.stu.01254,Parent,parent,1,1,Single-student parent for local testing.
dps.par.01129,dps.stu.01255,Parent,parent,1,1,Single-student parent for local testing.
dps.par.01130,dps.stu.01256,Parent,parent,1,1,Single-student parent for local testing.
dps.par.01131,dps.stu.01257,Parent,parent,1,1,Single-student parent for local testing.
dps.par.01132,dps.stu.01258,Parent,parent,1,1,Single-student parent for local testing.
dps.par.01133,dps.stu.01259,Parent,parent,1,1,Single-student parent for local testing.
dps.par.01134,dps.stu.01260,Parent,parent,1,1,Single-student parent for local testing.
dps.par.01135,dps.stu.01261,Guardian,parent,1,1,Shared sibling parent for local testing.
dps.par.01135,dps.stu.01262,Guardian,parent,1,1,Shared sibling parent for local testing.
dps.par.01136,dps.stu.01263,Parent,parent,1,1,Single-student parent for local testing.
dps.par.01137,dps.stu.01264,Parent,parent,1,1,Single-student parent for local testing.
dps.par.01138,dps.stu.01265,Parent,parent,1,1,Single-student parent for local testing.
dps.par.01139,dps.stu.01266,Parent,parent,1,1,Single-student parent for local testing.
dps.par.01140,dps.stu.01267,Parent,parent,1,1,Single-student parent for local testing.
dps.par.01141,dps.stu.01268,Parent,parent,1,1,Single-student parent for local testing.
dps.par.01142,dps.stu.01269,Parent,parent,1,1,Single-student parent for local testing.
dps.par.01143,dps.stu.01270,Parent,parent,1,1,Single-student parent for local testing.
dps.par.01144,dps.stu.01271,Guardian,parent,1,1,Shared sibling parent for local testing.
dps.par.01144,dps.stu.01272,Guardian,parent,1,1,Shared sibling parent for local testing.
dps.par.01145,dps.stu.01273,Parent,parent,1,1,Single-student parent for local testing.
dps.par.01146,dps.stu.01274,Parent,parent,1,1,Single-student parent for local testing.
dps.par.01147,dps.stu.01275,Parent,parent,1,1,Single-student parent for local testing.
dps.par.01148,dps.stu.01276,Parent,parent,1,1,Single-student parent for local testing.
dps.par.01149,dps.stu.01277,Parent,parent,1,1,Single-student parent for local testing.
dps.par.01150,dps.stu.01278,Parent,parent,1,1,Single-student parent for local testing.
dps.par.01151,dps.stu.01279,Parent,parent,1,1,Single-student parent for local testing.
dps.par.01152,dps.stu.01280,Parent,parent,1,1,Single-student parent for local testing.
dps.par.01153,dps.stu.01281,Guardian,parent,1,1,Shared sibling parent for local testing.
dps.par.01153,dps.stu.01282,Guardian,parent,1,1,Shared sibling parent for local testing.
dps.par.01154,dps.stu.01283,Parent,parent,1,1,Single-student parent for local testing.
dps.par.01155,dps.stu.01284,Parent,parent,1,1,Single-student parent for local testing.
dps.par.01156,dps.stu.01285,Parent,parent,1,1,Single-student parent for local testing.
dps.par.01157,dps.stu.01286,Parent,parent,1,1,Single-student parent for local testing.
dps.par.01158,dps.stu.01287,Parent,parent,1,1,Single-student parent for local testing.
dps.par.01159,dps.stu.01288,Parent,parent,1,1,Single-student parent for local testing.
dps.par.01160,dps.stu.01289,Parent,parent,1,1,Single-student parent for local testing.
dps.par.01161,dps.stu.01290,Parent,parent,1,1,Single-student parent for local testing.
dps.par.01162,dps.stu.01291,Guardian,parent,1,1,Shared sibling parent for local testing.
dps.par.01162,dps.stu.01292,Guardian,parent,1,1,Shared sibling parent for local testing.
dps.par.01163,dps.stu.01293,Parent,parent,1,1,Single-student parent for local testing.
dps.par.01164,dps.stu.01294,Parent,parent,1,1,Single-student parent for local testing.
dps.par.01165,dps.stu.01295,Parent,parent,1,1,Single-student parent for local testing.
dps.par.01166,dps.stu.01296,Parent,parent,1,1,Single-student parent for local testing.
dps.par.01167,dps.stu.01297,Parent,parent,1,1,Single-student parent for local testing.
dps.par.01168,dps.stu.01298,Parent,parent,1,1,Single-student parent for local testing.
dps.par.01169,dps.stu.01299,Parent,parent,1,1,Single-student parent for local testing.
dps.par.01170,dps.stu.01300,Parent,parent,1,1,Single-student parent for local testing.
dps.par.01171,dps.stu.01301,Guardian,parent,1,1,Shared sibling parent for local testing.
dps.par.01171,dps.stu.01302,Guardian,parent,1,1,Shared sibling parent for local testing.
dps.par.01172,dps.stu.01303,Parent,parent,1,1,Single-student parent for local testing.
dps.par.01173,dps.stu.01304,Parent,parent,1,1,Single-student parent for local testing.
dps.par.01174,dps.stu.01305,Parent,parent,1,1,Single-student parent for local testing.
dps.par.01175,dps.stu.01306,Parent,parent,1,1,Single-student parent for local testing.
dps.par.01176,dps.stu.01307,Parent,parent,1,1,Single-student parent for local testing.
dps.par.01177,dps.stu.01308,Parent,parent,1,1,Single-student parent for local testing.
dps.par.01178,dps.stu.01309,Parent,parent,1,1,Single-student parent for local testing.
dps.par.01179,dps.stu.01310,Parent,parent,1,1,Single-student parent for local testing.
dps.par.01180,dps.stu.01311,Guardian,parent,1,1,Shared sibling parent for local testing.
dps.par.01180,dps.stu.01312,Guardian,parent,1,1,Shared sibling parent for local testing.
dps.par.01181,dps.stu.01313,Parent,parent,1,1,Single-student parent for local testing.
dps.par.01182,dps.stu.01314,Parent,parent,1,1,Single-student parent for local testing.
dps.par.01183,dps.stu.01315,Parent,parent,1,1,Single-student parent for local testing.
dps.par.01184,dps.stu.01316,Parent,parent,1,1,Single-student parent for local testing.
dps.par.01185,dps.stu.01317,Parent,parent,1,1,Single-student parent for local testing.
dps.par.01186,dps.stu.01318,Parent,parent,1,1,Single-student parent for local testing.
dps.par.01187,dps.stu.01319,Parent,parent,1,1,Single-student parent for local testing.
dps.par.01188,dps.stu.01320,Parent,parent,1,1,Single-student parent for local testing.
dps.par.01189,dps.stu.01321,Guardian,parent,1,1,Shared sibling parent for local testing.
dps.par.01189,dps.stu.01322,Guardian,parent,1,1,Shared sibling parent for local testing.
dps.par.01190,dps.stu.01323,Parent,parent,1,1,Single-student parent for local testing.
dps.par.01191,dps.stu.01324,Parent,parent,1,1,Single-student parent for local testing.
dps.par.01192,dps.stu.01325,Parent,parent,1,1,Single-student parent for local testing.
dps.par.01193,dps.stu.01326,Parent,parent,1,1,Single-student parent for local testing.
dps.par.01194,dps.stu.01327,Parent,parent,1,1,Single-student parent for local testing.
dps.par.01195,dps.stu.01328,Parent,parent,1,1,Single-student parent for local testing.
dps.par.01196,dps.stu.01329,Parent,parent,1,1,Single-student parent for local testing.
dps.par.01197,dps.stu.01330,Parent,parent,1,1,Single-student parent for local testing.
dps.par.01198,dps.stu.01331,Guardian,parent,1,1,Shared sibling parent for local testing.
dps.par.01198,dps.stu.01332,Guardian,parent,1,1,Shared sibling parent for local testing.
dps.par.01199,dps.stu.01333,Parent,parent,1,1,Single-student parent for local testing.
dps.par.01200,dps.stu.01334,Parent,parent,1,1,Single-student parent for local testing.
dps.par.01201,dps.stu.01335,Parent,parent,1,1,Single-student parent for local testing.
dps.par.01202,dps.stu.01336,Parent,parent,1,1,Single-student parent for local testing.
dps.par.01203,dps.stu.01337,Parent,parent,1,1,Single-student parent for local testing.
dps.par.01204,dps.stu.01338,Parent,parent,1,1,Single-student parent for local testing.
dps.par.01205,dps.stu.01339,Parent,parent,1,1,Single-student parent for local testing.
dps.par.01206,dps.stu.01340,Parent,parent,1,1,Single-student parent for local testing.
dps.par.01207,dps.stu.01341,Guardian,parent,1,1,Shared sibling parent for local testing.
dps.par.01207,dps.stu.01342,Guardian,parent,1,1,Shared sibling parent for local testing.
dps.par.01208,dps.stu.01343,Parent,parent,1,1,Single-student parent for local testing.
dps.par.01209,dps.stu.01344,Parent,parent,1,1,Single-student parent for local testing.
dps.par.01210,dps.stu.01345,Parent,parent,1,1,Single-student parent for local testing.
dps.par.01211,dps.stu.01346,Parent,parent,1,1,Single-student parent for local testing.
dps.par.01212,dps.stu.01347,Parent,parent,1,1,Single-student parent for local testing.
dps.par.01213,dps.stu.01348,Parent,parent,1,1,Single-student parent for local testing.
dps.par.01214,dps.stu.01349,Parent,parent,1,1,Single-student parent for local testing.
dps.par.01215,dps.stu.01350,Parent,parent,1,1,Single-student parent for local testing.
dps.par.01216,dps.stu.01351,Guardian,parent,1,1,Shared sibling parent for local testing.
dps.par.01216,dps.stu.01352,Guardian,parent,1,1,Shared sibling parent for local testing.
dps.par.01217,dps.stu.01353,Parent,parent,1,1,Single-student parent for local testing.
dps.par.01218,dps.stu.01354,Parent,parent,1,1,Single-student parent for local testing.
dps.par.01219,dps.stu.01355,Parent,parent,1,1,Single-student parent for local testing.
dps.par.01220,dps.stu.01356,Parent,parent,1,1,Single-student parent for local testing.
dps.par.01221,dps.stu.01357,Parent,parent,1,1,Single-student parent for local testing.
dps.par.01222,dps.stu.01358,Parent,parent,1,1,Single-student parent for local testing.
dps.par.01223,dps.stu.01359,Parent,parent,1,1,Single-student parent for local testing.
dps.par.01224,dps.stu.01360,Parent,parent,1,1,Single-student parent for local testing.
dps.par.01225,dps.stu.01361,Guardian,parent,1,1,Shared sibling parent for local testing.
dps.par.01225,dps.stu.01362,Guardian,parent,1,1,Shared sibling parent for local testing.
dps.par.01226,dps.stu.01363,Parent,parent,1,1,Single-student parent for local testing.
dps.par.01227,dps.stu.01364,Parent,parent,1,1,Single-student parent for local testing.
dps.par.01228,dps.stu.01365,Parent,parent,1,1,Single-student parent for local testing.
dps.par.01229,dps.stu.01366,Parent,parent,1,1,Single-student parent for local testing.
dps.par.01230,dps.stu.01367,Parent,parent,1,1,Single-student parent for local testing.
dps.par.01231,dps.stu.01368,Parent,parent,1,1,Single-student parent for local testing.
dps.par.01232,dps.stu.01369,Parent,parent,1,1,Single-student parent for local testing.
dps.par.01233,dps.stu.01370,Parent,parent,1,1,Single-student parent for local testing.
dps.par.01234,dps.stu.01371,Guardian,parent,1,1,Shared sibling parent for local testing.
dps.par.01234,dps.stu.01372,Guardian,parent,1,1,Shared sibling parent for local testing.
dps.par.01235,dps.stu.01373,Parent,parent,1,1,Single-student parent for local testing.
dps.par.01236,dps.stu.01374,Parent,parent,1,1,Single-student parent for local testing.
dps.par.01237,dps.stu.01375,Parent,parent,1,1,Single-student parent for local testing.
dps.par.01238,dps.stu.01376,Parent,parent,1,1,Single-student parent for local testing.
dps.par.01239,dps.stu.01377,Parent,parent,1,1,Single-student parent for local testing.
dps.par.01240,dps.stu.01378,Parent,parent,1,1,Single-student parent for local testing.
dps.par.01241,dps.stu.01379,Parent,parent,1,1,Single-student parent for local testing.
dps.par.01242,dps.stu.01380,Parent,parent,1,1,Single-student parent for local testing.
dps.par.01243,dps.stu.01381,Guardian,parent,1,1,Shared sibling parent for local testing.
dps.par.01243,dps.stu.01382,Guardian,parent,1,1,Shared sibling parent for local testing.
dps.par.01244,dps.stu.01383,Parent,parent,1,1,Single-student parent for local testing.
dps.par.01245,dps.stu.01384,Parent,parent,1,1,Single-student parent for local testing.
dps.par.01246,dps.stu.01385,Parent,parent,1,1,Single-student parent for local testing.
dps.par.01247,dps.stu.01386,Parent,parent,1,1,Single-student parent for local testing.
dps.par.01248,dps.stu.01387,Parent,parent,1,1,Single-student parent for local testing.
dps.par.01249,dps.stu.01388,Parent,parent,1,1,Single-student parent for local testing.
dps.par.01250,dps.stu.01389,Parent,parent,1,1,Single-student parent for local testing.
dps.par.01251,dps.stu.01390,Parent,parent,1,1,Single-student parent for local testing.
dps.par.01252,dps.stu.01391,Guardian,parent,1,1,Shared sibling parent for local testing.
dps.par.01252,dps.stu.01392,Guardian,parent,1,1,Shared sibling parent for local testing.
dps.par.01253,dps.stu.01393,Parent,parent,1,1,Single-student parent for local testing.
dps.par.01254,dps.stu.01394,Parent,parent,1,1,Single-student parent for local testing.
dps.par.01255,dps.stu.01395,Parent,parent,1,1,Single-student parent for local testing.
dps.par.01256,dps.stu.01396,Parent,parent,1,1,Single-student parent for local testing.
dps.par.01257,dps.stu.01397,Parent,parent,1,1,Single-student parent for local testing.
dps.par.01258,dps.stu.01398,Parent,parent,1,1,Single-student parent for local testing.
dps.par.01259,dps.stu.01399,Parent,parent,1,1,Single-student parent for local testing.
dps.par.01260,dps.stu.01400,Parent,parent,1,1,Single-student parent for local testing.
dps.par.01261,dps.stu.01401,Guardian,parent,1,1,Shared sibling parent for local testing.
dps.par.01261,dps.stu.01402,Guardian,parent,1,1,Shared sibling parent for local testing.
dps.par.01262,dps.stu.01403,Parent,parent,1,1,Single-student parent for local testing.
dps.par.01263,dps.stu.01404,Parent,parent,1,1,Single-student parent for local testing.
dps.par.01264,dps.stu.01405,Parent,parent,1,1,Single-student parent for local testing.
dps.par.01265,dps.stu.01406,Parent,parent,1,1,Single-student parent for local testing.
dps.par.01266,dps.stu.01407,Parent,parent,1,1,Single-student parent for local testing.
dps.par.01267,dps.stu.01408,Parent,parent,1,1,Single-student parent for local testing.
dps.par.01268,dps.stu.01409,Parent,parent,1,1,Single-student parent for local testing.
dps.par.01269,dps.stu.01410,Parent,parent,1,1,Single-student parent for local testing.
dps.par.01270,dps.stu.01411,Guardian,parent,1,1,Shared sibling parent for local testing.
dps.par.01270,dps.stu.01412,Guardian,parent,1,1,Shared sibling parent for local testing.
dps.par.01271,dps.stu.01413,Parent,parent,1,1,Single-student parent for local testing.
dps.par.01272,dps.stu.01414,Parent,parent,1,1,Single-student parent for local testing.
dps.par.01273,dps.stu.01415,Parent,parent,1,1,Single-student parent for local testing.
dps.par.01274,dps.stu.01416,Parent,parent,1,1,Single-student parent for local testing.
dps.par.01275,dps.stu.01417,Parent,parent,1,1,Single-student parent for local testing.
dps.par.01276,dps.stu.01418,Parent,parent,1,1,Single-student parent for local testing.
dps.par.01277,dps.stu.01419,Parent,parent,1,1,Single-student parent for local testing.
dps.par.01278,dps.stu.01420,Parent,parent,1,1,Single-student parent for local testing.
dps.par.01279,dps.stu.01421,Guardian,parent,1,1,Shared sibling parent for local testing.
dps.par.01279,dps.stu.01422,Guardian,parent,1,1,Shared sibling parent for local testing.
dps.par.01280,dps.stu.01423,Parent,parent,1,1,Single-student parent for local testing.
dps.par.01281,dps.stu.01424,Parent,parent,1,1,Single-student parent for local testing.
dps.par.01282,dps.stu.01425,Parent,parent,1,1,Single-student parent for local testing.
dps.par.01283,dps.stu.01426,Parent,parent,1,1,Single-student parent for local testing.
dps.par.01284,dps.stu.01427,Parent,parent,1,1,Single-student parent for local testing.
dps.par.01285,dps.stu.01428,Parent,parent,1,1,Single-student parent for local testing.
dps.par.01286,dps.stu.01429,Parent,parent,1,1,Single-student parent for local testing.
dps.par.01287,dps.stu.01430,Parent,parent,1,1,Single-student parent for local testing.
dps.par.01288,dps.stu.01431,Guardian,parent,1,1,Shared sibling parent for local testing.
dps.par.01288,dps.stu.01432,Guardian,parent,1,1,Shared sibling parent for local testing.
dps.par.01289,dps.stu.01433,Parent,parent,1,1,Single-student parent for local testing.
dps.par.01290,dps.stu.01434,Parent,parent,1,1,Single-student parent for local testing.
dps.par.01291,dps.stu.01435,Parent,parent,1,1,Single-student parent for local testing.
dps.par.01292,dps.stu.01436,Parent,parent,1,1,Single-student parent for local testing.
dps.par.01293,dps.stu.01437,Parent,parent,1,1,Single-student parent for local testing.
dps.par.01294,dps.stu.01438,Parent,parent,1,1,Single-student parent for local testing.
dps.par.01295,dps.stu.01439,Parent,parent,1,1,Single-student parent for local testing.
dps.par.01296,dps.stu.01440,Parent,parent,1,1,Single-student parent for local testing.
dps.par.01297,dps.stu.01441,Guardian,parent,1,1,Shared sibling parent for local testing.
dps.par.01297,dps.stu.01442,Guardian,parent,1,1,Shared sibling parent for local testing.
dps.par.01298,dps.stu.01443,Parent,parent,1,1,Single-student parent for local testing.
dps.par.01299,dps.stu.01444,Parent,parent,1,1,Single-student parent for local testing.
dps.par.01300,dps.stu.01445,Parent,parent,1,1,Single-student parent for local testing.
dps.par.01301,dps.stu.01446,Parent,parent,1,1,Single-student parent for local testing.
dps.par.01302,dps.stu.01447,Parent,parent,1,1,Single-student parent for local testing.
dps.par.01303,dps.stu.01448,Parent,parent,1,1,Single-student parent for local testing.
dps.par.01304,dps.stu.01449,Parent,parent,1,1,Single-student parent for local testing.
dps.par.01305,dps.stu.01450,Parent,parent,1,1,Single-student parent for local testing.
dps.par.01306,dps.stu.01451,Guardian,parent,1,1,Shared sibling parent for local testing.
dps.par.01306,dps.stu.01452,Guardian,parent,1,1,Shared sibling parent for local testing.
dps.par.01307,dps.stu.01453,Parent,parent,1,1,Single-student parent for local testing.
dps.par.01308,dps.stu.01454,Parent,parent,1,1,Single-student parent for local testing.
dps.par.01309,dps.stu.01455,Parent,parent,1,1,Single-student parent for local testing.
dps.par.01310,dps.stu.01456,Parent,parent,1,1,Single-student parent for local testing.
dps.par.01311,dps.stu.01457,Parent,parent,1,1,Single-student parent for local testing.
dps.par.01312,dps.stu.01458,Parent,parent,1,1,Single-student parent for local testing.
dps.par.01313,dps.stu.01459,Parent,parent,1,1,Single-student parent for local testing.
dps.par.01314,dps.stu.01460,Parent,parent,1,1,Single-student parent for local testing.
dps.par.01315,dps.stu.01461,Guardian,parent,1,1,Shared sibling parent for local testing.
dps.par.01315,dps.stu.01462,Guardian,parent,1,1,Shared sibling parent for local testing.
dps.par.01316,dps.stu.01463,Parent,parent,1,1,Single-student parent for local testing.
dps.par.01317,dps.stu.01464,Parent,parent,1,1,Single-student parent for local testing.
dps.par.01318,dps.stu.01465,Parent,parent,1,1,Single-student parent for local testing.
dps.par.01319,dps.stu.01466,Parent,parent,1,1,Single-student parent for local testing.
dps.par.01320,dps.stu.01467,Parent,parent,1,1,Single-student parent for local testing.
dps.par.01321,dps.stu.01468,Parent,parent,1,1,Single-student parent for local testing.
dps.par.01322,dps.stu.01469,Parent,parent,1,1,Single-student parent for local testing.
dps.par.01323,dps.stu.01470,Parent,parent,1,1,Single-student parent for local testing.
dps.par.01324,dps.stu.01471,Guardian,parent,1,1,Shared sibling parent for local testing.
dps.par.01324,dps.stu.01472,Guardian,parent,1,1,Shared sibling parent for local testing.
dps.par.01325,dps.stu.01473,Parent,parent,1,1,Single-student parent for local testing.
dps.par.01326,dps.stu.01474,Parent,parent,1,1,Single-student parent for local testing.
dps.par.01327,dps.stu.01475,Parent,parent,1,1,Single-student parent for local testing.
dps.par.01328,dps.stu.01476,Parent,parent,1,1,Single-student parent for local testing.
dps.par.01329,dps.stu.01477,Parent,parent,1,1,Single-student parent for local testing.
dps.par.01330,dps.stu.01478,Parent,parent,1,1,Single-student parent for local testing.
dps.par.01331,dps.stu.01479,Parent,parent,1,1,Single-student parent for local testing.
dps.par.01332,dps.stu.01480,Parent,parent,1,1,Single-student parent for local testing.
dps.par.01333,dps.stu.01481,Guardian,parent,1,1,Shared sibling parent for local testing.
dps.par.01333,dps.stu.01482,Guardian,parent,1,1,Shared sibling parent for local testing.
dps.par.01334,dps.stu.01483,Parent,parent,1,1,Single-student parent for local testing.
dps.par.01335,dps.stu.01484,Parent,parent,1,1,Single-student parent for local testing.
dps.par.01336,dps.stu.01485,Parent,parent,1,1,Single-student parent for local testing.
dps.par.01337,dps.stu.01486,Parent,parent,1,1,Single-student parent for local testing.
dps.par.01338,dps.stu.01487,Parent,parent,1,1,Single-student parent for local testing.
dps.par.01339,dps.stu.01488,Parent,parent,1,1,Single-student parent for local testing.
dps.par.01340,dps.stu.01489,Parent,parent,1,1,Single-student parent for local testing.
dps.par.01341,dps.stu.01490,Parent,parent,1,1,Single-student parent for local testing.
dps.par.01342,dps.stu.01491,Guardian,parent,1,1,Shared sibling parent for local testing.
dps.par.01342,dps.stu.01492,Guardian,parent,1,1,Shared sibling parent for local testing.
dps.par.01343,dps.stu.01493,Parent,parent,1,1,Single-student parent for local testing.
dps.par.01344,dps.stu.01494,Parent,parent,1,1,Single-student parent for local testing.
dps.par.01345,dps.stu.01495,Parent,parent,1,1,Single-student parent for local testing.
dps.par.01346,dps.stu.01496,Parent,parent,1,1,Single-student parent for local testing.
dps.par.01347,dps.stu.01497,Parent,parent,1,1,Single-student parent for local testing.
dps.par.01348,dps.stu.01498,Parent,parent,1,1,Single-student parent for local testing.
dps.par.01349,dps.stu.01499,Parent,parent,1,1,Single-student parent for local testing.
dps.par.01350,dps.stu.01500,Parent,parent,1,1,Single-student parent for local testing.
dps.par.01351,dps.stu.01501,Guardian,parent,1,1,Shared sibling parent for local testing.
dps.par.01351,dps.stu.01502,Guardian,parent,1,1,Shared sibling parent for local testing.
dps.par.01352,dps.stu.01503,Parent,parent,1,1,Single-student parent for local testing.
dps.par.01353,dps.stu.01504,Parent,parent,1,1,Single-student parent for local testing.
dps.par.01354,dps.stu.01505,Parent,parent,1,1,Single-student parent for local testing.
dps.par.01355,dps.stu.01506,Parent,parent,1,1,Single-student parent for local testing.
dps.par.01356,dps.stu.01507,Parent,parent,1,1,Single-student parent for local testing.
dps.par.01357,dps.stu.01508,Parent,parent,1,1,Single-student parent for local testing.
dps.par.01358,dps.stu.01509,Parent,parent,1,1,Single-student parent for local testing.
dps.par.01359,dps.stu.01510,Parent,parent,1,1,Single-student parent for local testing.
dps.par.01360,dps.stu.01511,Guardian,parent,1,1,Shared sibling parent for local testing.
dps.par.01360,dps.stu.01512,Guardian,parent,1,1,Shared sibling parent for local testing.
dps.par.01361,dps.stu.01513,Parent,parent,1,1,Single-student parent for local testing.
dps.par.01362,dps.stu.01514,Parent,parent,1,1,Single-student parent for local testing.
dps.par.01363,dps.stu.01515,Parent,parent,1,1,Single-student parent for local testing.
dps.par.01364,dps.stu.01516,Parent,parent,1,1,Single-student parent for local testing.
dps.par.01365,dps.stu.01517,Parent,parent,1,1,Single-student parent for local testing.
dps.par.01366,dps.stu.01518,Parent,parent,1,1,Single-student parent for local testing.
dps.par.01367,dps.stu.01519,Parent,parent,1,1,Single-student parent for local testing.
dps.par.01368,dps.stu.01520,Parent,parent,1,1,Single-student parent for local testing.
dps.par.01369,dps.stu.01521,Guardian,parent,1,1,Shared sibling parent for local testing.
dps.par.01369,dps.stu.01522,Guardian,parent,1,1,Shared sibling parent for local testing.
dps.par.01370,dps.stu.01523,Parent,parent,1,1,Single-student parent for local testing.
dps.par.01371,dps.stu.01524,Parent,parent,1,1,Single-student parent for local testing.
dps.par.01372,dps.stu.01525,Parent,parent,1,1,Single-student parent for local testing.
dps.par.01373,dps.stu.01526,Parent,parent,1,1,Single-student parent for local testing.
dps.par.01374,dps.stu.01527,Parent,parent,1,1,Single-student parent for local testing.
dps.par.01375,dps.stu.01528,Parent,parent,1,1,Single-student parent for local testing.
dps.par.01376,dps.stu.01529,Parent,parent,1,1,Single-student parent for local testing.
dps.par.01377,dps.stu.01530,Parent,parent,1,1,Single-student parent for local testing.
dps.par.01378,dps.stu.01531,Guardian,parent,1,1,Shared sibling parent for local testing.
dps.par.01378,dps.stu.01532,Guardian,parent,1,1,Shared sibling parent for local testing.
dps.par.01379,dps.stu.01533,Parent,parent,1,1,Single-student parent for local testing.
dps.par.01380,dps.stu.01534,Parent,parent,1,1,Single-student parent for local testing.
dps.par.01381,dps.stu.01535,Parent,parent,1,1,Single-student parent for local testing.
dps.par.01382,dps.stu.01536,Parent,parent,1,1,Single-student parent for local testing.
dps.par.01383,dps.stu.01537,Parent,parent,1,1,Single-student parent for local testing.
dps.par.01384,dps.stu.01538,Parent,parent,1,1,Single-student parent for local testing.
dps.par.01385,dps.stu.01539,Parent,parent,1,1,Single-student parent for local testing.
dps.par.01386,dps.stu.01540,Parent,parent,1,1,Single-student parent for local testing.
dps.par.01387,dps.stu.01541,Guardian,parent,1,1,Shared sibling parent for local testing.
dps.par.01387,dps.stu.01542,Guardian,parent,1,1,Shared sibling parent for local testing.
dps.par.01388,dps.stu.01543,Parent,parent,1,1,Single-student parent for local testing.
dps.par.01389,dps.stu.01544,Parent,parent,1,1,Single-student parent for local testing.
dps.par.01390,dps.stu.01545,Parent,parent,1,1,Single-student parent for local testing.
dps.par.01391,dps.stu.01546,Parent,parent,1,1,Single-student parent for local testing.
dps.par.01392,dps.stu.01547,Parent,parent,1,1,Single-student parent for local testing.
dps.par.01393,dps.stu.01548,Parent,parent,1,1,Single-student parent for local testing.
dps.par.01394,dps.stu.01549,Parent,parent,1,1,Single-student parent for local testing.
dps.par.01395,dps.stu.01550,Parent,parent,1,1,Single-student parent for local testing.
dps.par.01396,dps.stu.01551,Guardian,parent,1,1,Shared sibling parent for local testing.
dps.par.01396,dps.stu.01552,Guardian,parent,1,1,Shared sibling parent for local testing.
dps.par.01397,dps.stu.01553,Parent,parent,1,1,Single-student parent for local testing.
dps.par.01398,dps.stu.01554,Parent,parent,1,1,Single-student parent for local testing.
dps.par.01399,dps.stu.01555,Parent,parent,1,1,Single-student parent for local testing.
dps.par.01400,dps.stu.01556,Parent,parent,1,1,Single-student parent for local testing.
dps.par.01401,dps.stu.01557,Parent,parent,1,1,Single-student parent for local testing.
dps.par.01402,dps.stu.01558,Parent,parent,1,1,Single-student parent for local testing.
dps.par.01403,dps.stu.01559,Parent,parent,1,1,Single-student parent for local testing.
dps.par.01404,dps.stu.01560,Parent,parent,1,1,Single-student parent for local testing.
dps.par.01405,dps.stu.01561,Guardian,parent,1,1,Shared sibling parent for local testing.
dps.par.01405,dps.stu.01562,Guardian,parent,1,1,Shared sibling parent for local testing.
dps.par.01406,dps.stu.01563,Parent,parent,1,1,Single-student parent for local testing.
dps.par.01407,dps.stu.01564,Parent,parent,1,1,Single-student parent for local testing.
dps.par.01408,dps.stu.01565,Parent,parent,1,1,Single-student parent for local testing.
dps.par.01409,dps.stu.01566,Parent,parent,1,1,Single-student parent for local testing.
dps.par.01410,dps.stu.01567,Parent,parent,1,1,Single-student parent for local testing.
dps.par.01411,dps.stu.01568,Parent,parent,1,1,Single-student parent for local testing.
dps.par.01412,dps.stu.01569,Parent,parent,1,1,Single-student parent for local testing.
dps.par.01413,dps.stu.01570,Parent,parent,1,1,Single-student parent for local testing.
dps.par.01414,dps.stu.01571,Guardian,parent,1,1,Shared sibling parent for local testing.
dps.par.01414,dps.stu.01572,Guardian,parent,1,1,Shared sibling parent for local testing.
dps.par.01415,dps.stu.01573,Parent,parent,1,1,Single-student parent for local testing.
dps.par.01416,dps.stu.01574,Parent,parent,1,1,Single-student parent for local testing.
dps.par.01417,dps.stu.01575,Parent,parent,1,1,Single-student parent for local testing.
dps.par.01418,dps.stu.01576,Parent,parent,1,1,Single-student parent for local testing.
dps.par.01419,dps.stu.01577,Parent,parent,1,1,Single-student parent for local testing.
dps.par.01420,dps.stu.01578,Parent,parent,1,1,Single-student parent for local testing.
dps.par.01421,dps.stu.01579,Parent,parent,1,1,Single-student parent for local testing.
dps.par.01422,dps.stu.01580,Parent,parent,1,1,Single-student parent for local testing.
dps.par.01423,dps.stu.01581,Guardian,parent,1,1,Shared sibling parent for local testing.
dps.par.01423,dps.stu.01582,Guardian,parent,1,1,Shared sibling parent for local testing.
dps.par.01424,dps.stu.01583,Parent,parent,1,1,Single-student parent for local testing.
dps.par.01425,dps.stu.01584,Parent,parent,1,1,Single-student parent for local testing.
dps.par.01426,dps.stu.01585,Parent,parent,1,1,Single-student parent for local testing.
dps.par.01427,dps.stu.01586,Parent,parent,1,1,Single-student parent for local testing.
dps.par.01428,dps.stu.01587,Parent,parent,1,1,Single-student parent for local testing.
dps.par.01429,dps.stu.01588,Parent,parent,1,1,Single-student parent for local testing.
dps.par.01430,dps.stu.01589,Parent,parent,1,1,Single-student parent for local testing.
dps.par.01431,dps.stu.01590,Parent,parent,1,1,Single-student parent for local testing.
dps.par.01432,dps.stu.01591,Guardian,parent,1,1,Shared sibling parent for local testing.
dps.par.01432,dps.stu.01592,Guardian,parent,1,1,Shared sibling parent for local testing.
dps.par.01433,dps.stu.01593,Parent,parent,1,1,Single-student parent for local testing.
dps.par.01434,dps.stu.01594,Parent,parent,1,1,Single-student parent for local testing.
dps.par.01435,dps.stu.01595,Parent,parent,1,1,Single-student parent for local testing.
dps.par.01436,dps.stu.01596,Parent,parent,1,1,Single-student parent for local testing.
dps.par.01437,dps.stu.01597,Parent,parent,1,1,Single-student parent for local testing.
dps.par.01438,dps.stu.01598,Parent,parent,1,1,Single-student parent for local testing.
dps.par.01439,dps.stu.01599,Parent,parent,1,1,Single-student parent for local testing.
dps.par.01440,dps.stu.01600,Parent,parent,1,1,Single-student parent for local testing.
dps.par.01441,dps.stu.01601,Guardian,parent,1,1,Shared sibling parent for local testing.
dps.par.01441,dps.stu.01602,Guardian,parent,1,1,Shared sibling parent for local testing.
dps.par.01442,dps.stu.01603,Parent,parent,1,1,Single-student parent for local testing.
dps.par.01443,dps.stu.01604,Parent,parent,1,1,Single-student parent for local testing.
dps.par.01444,dps.stu.01605,Parent,parent,1,1,Single-student parent for local testing.
dps.par.01445,dps.stu.01606,Parent,parent,1,1,Single-student parent for local testing.
dps.par.01446,dps.stu.01607,Parent,parent,1,1,Single-student parent for local testing.
dps.par.01447,dps.stu.01608,Parent,parent,1,1,Single-student parent for local testing.
dps.par.01448,dps.stu.01609,Parent,parent,1,1,Single-student parent for local testing.
dps.par.01449,dps.stu.01610,Parent,parent,1,1,Single-student parent for local testing.
dps.par.01450,dps.stu.01611,Guardian,parent,1,1,Shared sibling parent for local testing.
dps.par.01450,dps.stu.01612,Guardian,parent,1,1,Shared sibling parent for local testing.
dps.par.01451,dps.stu.01613,Parent,parent,1,1,Single-student parent for local testing.
dps.par.01452,dps.stu.01614,Parent,parent,1,1,Single-student parent for local testing.
dps.par.01453,dps.stu.01615,Parent,parent,1,1,Single-student parent for local testing.
dps.par.01454,dps.stu.01616,Parent,parent,1,1,Single-student parent for local testing.
dps.par.01455,dps.stu.01617,Parent,parent,1,1,Single-student parent for local testing.
dps.par.01456,dps.stu.01618,Parent,parent,1,1,Single-student parent for local testing.
dps.par.01457,dps.stu.01619,Parent,parent,1,1,Single-student parent for local testing.
dps.par.01458,dps.stu.01620,Parent,parent,1,1,Single-student parent for local testing.
dps.par.01459,dps.stu.01621,Guardian,parent,1,1,Shared sibling parent for local testing.
dps.par.01459,dps.stu.01622,Guardian,parent,1,1,Shared sibling parent for local testing.
dps.par.01460,dps.stu.01623,Parent,parent,1,1,Single-student parent for local testing.
dps.par.01461,dps.stu.01624,Parent,parent,1,1,Single-student parent for local testing.
dps.par.01462,dps.stu.01625,Parent,parent,1,1,Single-student parent for local testing.
dps.par.01463,dps.stu.01626,Parent,parent,1,1,Single-student parent for local testing.
dps.par.01464,dps.stu.01627,Parent,parent,1,1,Single-student parent for local testing.
dps.par.01465,dps.stu.01628,Parent,parent,1,1,Single-student parent for local testing.
dps.par.01466,dps.stu.01629,Parent,parent,1,1,Single-student parent for local testing.
dps.par.01467,dps.stu.01630,Parent,parent,1,1,Single-student parent for local testing.
dps.par.01468,dps.stu.01631,Guardian,parent,1,1,Shared sibling parent for local testing.
dps.par.01468,dps.stu.01632,Guardian,parent,1,1,Shared sibling parent for local testing.
dps.par.01469,dps.stu.01633,Parent,parent,1,1,Single-student parent for local testing.
dps.par.01470,dps.stu.01634,Parent,parent,1,1,Single-student parent for local testing.
dps.par.01471,dps.stu.01635,Parent,parent,1,1,Single-student parent for local testing.
dps.par.01472,dps.stu.01636,Parent,parent,1,1,Single-student parent for local testing.
dps.par.01473,dps.stu.01637,Parent,parent,1,1,Single-student parent for local testing.
dps.par.01474,dps.stu.01638,Parent,parent,1,1,Single-student parent for local testing.
dps.par.01475,dps.stu.01639,Parent,parent,1,1,Single-student parent for local testing.
dps.par.01476,dps.stu.01640,Parent,parent,1,1,Single-student parent for local testing.
dps.par.01477,dps.stu.01641,Guardian,parent,1,1,Shared sibling parent for local testing.
dps.par.01477,dps.stu.01642,Guardian,parent,1,1,Shared sibling parent for local testing.
dps.par.01478,dps.stu.01643,Parent,parent,1,1,Single-student parent for local testing.
dps.par.01479,dps.stu.01644,Parent,parent,1,1,Single-student parent for local testing.
dps.par.01480,dps.stu.01645,Parent,parent,1,1,Single-student parent for local testing.
dps.par.01481,dps.stu.01646,Parent,parent,1,1,Single-student parent for local testing.
dps.par.01482,dps.stu.01647,Parent,parent,1,1,Single-student parent for local testing.
dps.par.01483,dps.stu.01648,Parent,parent,1,1,Single-student parent for local testing.
dps.par.01484,dps.stu.01649,Parent,parent,1,1,Single-student parent for local testing.
dps.par.01485,dps.stu.01650,Parent,parent,1,1,Single-student parent for local testing.
dps.par.01486,dps.stu.01651,Guardian,parent,1,1,Shared sibling parent for local testing.
dps.par.01486,dps.stu.01652,Guardian,parent,1,1,Shared sibling parent for local testing.
dps.par.01487,dps.stu.01653,Parent,parent,1,1,Single-student parent for local testing.
dps.par.01488,dps.stu.01654,Parent,parent,1,1,Single-student parent for local testing.
dps.par.01489,dps.stu.01655,Parent,parent,1,1,Single-student parent for local testing.
dps.par.01490,dps.stu.01656,Parent,parent,1,1,Single-student parent for local testing.
dps.par.01491,dps.stu.01657,Parent,parent,1,1,Single-student parent for local testing.
dps.par.01492,dps.stu.01658,Parent,parent,1,1,Single-student parent for local testing.
dps.par.01493,dps.stu.01659,Parent,parent,1,1,Single-student parent for local testing.
dps.par.01494,dps.stu.01660,Parent,parent,1,1,Single-student parent for local testing.
dps.par.01495,dps.stu.01661,Guardian,parent,1,1,Shared sibling parent for local testing.
dps.par.01495,dps.stu.01662,Guardian,parent,1,1,Shared sibling parent for local testing.
dps.par.01496,dps.stu.01663,Parent,parent,1,1,Single-student parent for local testing.
dps.par.01497,dps.stu.01664,Parent,parent,1,1,Single-student parent for local testing.
dps.par.01498,dps.stu.01665,Parent,parent,1,1,Single-student parent for local testing.
dps.par.01499,dps.stu.01666,Parent,parent,1,1,Single-student parent for local testing.
dps.par.01500,dps.stu.01667,Parent,parent,1,1,Single-student parent for local testing.
dps.par.01501,dps.stu.01668,Parent,parent,1,1,Single-student parent for local testing.
dps.par.01502,dps.stu.01669,Parent,parent,1,1,Single-student parent for local testing.
dps.par.01503,dps.stu.01670,Parent,parent,1,1,Single-student parent for local testing.
dps.par.01504,dps.stu.01671,Guardian,parent,1,1,Shared sibling parent for local testing.
dps.par.01504,dps.stu.01672,Guardian,parent,1,1,Shared sibling parent for local testing.
dps.par.01505,dps.stu.01673,Parent,parent,1,1,Single-student parent for local testing.
dps.par.01506,dps.stu.01674,Parent,parent,1,1,Single-student parent for local testing.
dps.par.01507,dps.stu.01675,Parent,parent,1,1,Single-student parent for local testing.
dps.par.01508,dps.stu.01676,Parent,parent,1,1,Single-student parent for local testing.
dps.par.01509,dps.stu.01677,Parent,parent,1,1,Single-student parent for local testing.
dps.par.01510,dps.stu.01678,Parent,parent,1,1,Single-student parent for local testing.
dps.par.01511,dps.stu.01679,Parent,parent,1,1,Single-student parent for local testing.
dps.par.01512,dps.stu.01680,Parent,parent,1,1,Single-student parent for local testing.
dps.par.01513,dps.stu.01681,Guardian,parent,1,1,Shared sibling parent for local testing.
dps.par.01513,dps.stu.01682,Guardian,parent,1,1,Shared sibling parent for local testing.
dps.par.01514,dps.stu.01683,Parent,parent,1,1,Single-student parent for local testing.
dps.par.01515,dps.stu.01684,Parent,parent,1,1,Single-student parent for local testing.
dps.par.01516,dps.stu.01685,Parent,parent,1,1,Single-student parent for local testing.
dps.par.01517,dps.stu.01686,Parent,parent,1,1,Single-student parent for local testing.
dps.par.01518,dps.stu.01687,Parent,parent,1,1,Single-student parent for local testing.
dps.par.01519,dps.stu.01688,Parent,parent,1,1,Single-student parent for local testing.
dps.par.01520,dps.stu.01689,Parent,parent,1,1,Single-student parent for local testing.
dps.par.01521,dps.stu.01690,Parent,parent,1,1,Single-student parent for local testing.
dps.par.01522,dps.stu.01691,Guardian,parent,1,1,Shared sibling parent for local testing.
dps.par.01522,dps.stu.01692,Guardian,parent,1,1,Shared sibling parent for local testing.
dps.par.01523,dps.stu.01693,Parent,parent,1,1,Single-student parent for local testing.
dps.par.01524,dps.stu.01694,Parent,parent,1,1,Single-student parent for local testing.
dps.par.01525,dps.stu.01695,Parent,parent,1,1,Single-student parent for local testing.
dps.par.01526,dps.stu.01696,Parent,parent,1,1,Single-student parent for local testing.
dps.par.01527,dps.stu.01697,Parent,parent,1,1,Single-student parent for local testing.
dps.par.01528,dps.stu.01698,Parent,parent,1,1,Single-student parent for local testing.
dps.par.01529,dps.stu.01699,Parent,parent,1,1,Single-student parent for local testing.
dps.par.01530,dps.stu.01700,Parent,parent,1,1,Single-student parent for local testing.
dps.par.01531,dps.stu.01701,Guardian,parent,1,1,Shared sibling parent for local testing.
dps.par.01531,dps.stu.01702,Guardian,parent,1,1,Shared sibling parent for local testing.
dps.par.01532,dps.stu.01703,Parent,parent,1,1,Single-student parent for local testing.
dps.par.01533,dps.stu.01704,Parent,parent,1,1,Single-student parent for local testing.
dps.par.01534,dps.stu.01705,Parent,parent,1,1,Single-student parent for local testing.
dps.par.01535,dps.stu.01706,Parent,parent,1,1,Single-student parent for local testing.
dps.par.01536,dps.stu.01707,Parent,parent,1,1,Single-student parent for local testing.
dps.par.01537,dps.stu.01708,Parent,parent,1,1,Single-student parent for local testing.
dps.par.01538,dps.stu.01709,Parent,parent,1,1,Single-student parent for local testing.
dps.par.01539,dps.stu.01710,Parent,parent,1,1,Single-student parent for local testing.
dps.par.01540,dps.stu.01711,Guardian,parent,1,1,Shared sibling parent for local testing.
dps.par.01540,dps.stu.01712,Guardian,parent,1,1,Shared sibling parent for local testing.
dps.par.01541,dps.stu.01713,Parent,parent,1,1,Single-student parent for local testing.
dps.par.01542,dps.stu.01714,Parent,parent,1,1,Single-student parent for local testing.
dps.par.01543,dps.stu.01715,Parent,parent,1,1,Single-student parent for local testing.
dps.par.01544,dps.stu.01716,Parent,parent,1,1,Single-student parent for local testing.
dps.par.01545,dps.stu.01717,Parent,parent,1,1,Single-student parent for local testing.
dps.par.01546,dps.stu.01718,Parent,parent,1,1,Single-student parent for local testing.
dps.par.01547,dps.stu.01719,Parent,parent,1,1,Single-student parent for local testing.
dps.par.01548,dps.stu.01720,Parent,parent,1,1,Single-student parent for local testing.
dps.par.01549,dps.stu.01721,Guardian,parent,1,1,Shared sibling parent for local testing.
dps.par.01549,dps.stu.01722,Guardian,parent,1,1,Shared sibling parent for local testing.
dps.par.01550,dps.stu.01723,Parent,parent,1,1,Single-student parent for local testing.
dps.par.01551,dps.stu.01724,Parent,parent,1,1,Single-student parent for local testing.
dps.par.01552,dps.stu.01725,Parent,parent,1,1,Single-student parent for local testing.
dps.par.01553,dps.stu.01726,Parent,parent,1,1,Single-student parent for local testing.
dps.par.01554,dps.stu.01727,Parent,parent,1,1,Single-student parent for local testing.
dps.par.01555,dps.stu.01728,Parent,parent,1,1,Single-student parent for local testing.
dps.par.01556,dps.stu.01729,Parent,parent,1,1,Single-student parent for local testing.
dps.par.01557,dps.stu.01730,Parent,parent,1,1,Single-student parent for local testing.
dps.par.01558,dps.stu.01731,Guardian,parent,1,1,Shared sibling parent for local testing.
dps.par.01558,dps.stu.01732,Guardian,parent,1,1,Shared sibling parent for local testing.
dps.par.01559,dps.stu.01733,Parent,parent,1,1,Single-student parent for local testing.
dps.par.01560,dps.stu.01734,Parent,parent,1,1,Single-student parent for local testing.
dps.par.01561,dps.stu.01735,Parent,parent,1,1,Single-student parent for local testing.
dps.par.01562,dps.stu.01736,Parent,parent,1,1,Single-student parent for local testing.
dps.par.01563,dps.stu.01737,Parent,parent,1,1,Single-student parent for local testing.
dps.par.01564,dps.stu.01738,Parent,parent,1,1,Single-student parent for local testing.
dps.par.01565,dps.stu.01739,Parent,parent,1,1,Single-student parent for local testing.
dps.par.01566,dps.stu.01740,Parent,parent,1,1,Single-student parent for local testing.
dps.par.01567,dps.stu.01741,Guardian,parent,1,1,Shared sibling parent for local testing.
dps.par.01567,dps.stu.01742,Guardian,parent,1,1,Shared sibling parent for local testing.
dps.par.01568,dps.stu.01743,Parent,parent,1,1,Single-student parent for local testing.
dps.par.01569,dps.stu.01744,Parent,parent,1,1,Single-student parent for local testing.
dps.par.01570,dps.stu.01745,Parent,parent,1,1,Single-student parent for local testing.
dps.par.01571,dps.stu.01746,Parent,parent,1,1,Single-student parent for local testing.
dps.par.01572,dps.stu.01747,Parent,parent,1,1,Single-student parent for local testing.
dps.par.01573,dps.stu.01748,Parent,parent,1,1,Single-student parent for local testing.
dps.par.01574,dps.stu.01749,Parent,parent,1,1,Single-student parent for local testing.
dps.par.01575,dps.stu.01750,Parent,parent,1,1,Single-student parent for local testing.
dps.par.01576,dps.stu.01751,Guardian,parent,1,1,Shared sibling parent for local testing.
dps.par.01576,dps.stu.01752,Guardian,parent,1,1,Shared sibling parent for local testing.
dps.par.01577,dps.stu.01753,Parent,parent,1,1,Single-student parent for local testing.
dps.par.01578,dps.stu.01754,Parent,parent,1,1,Single-student parent for local testing.
dps.par.01579,dps.stu.01755,Parent,parent,1,1,Single-student parent for local testing.
dps.par.01580,dps.stu.01756,Parent,parent,1,1,Single-student parent for local testing.
dps.par.01581,dps.stu.01757,Parent,parent,1,1,Single-student parent for local testing.
dps.par.01582,dps.stu.01758,Parent,parent,1,1,Single-student parent for local testing.
dps.par.01583,dps.stu.01759,Parent,parent,1,1,Single-student parent for local testing.
dps.par.01584,dps.stu.01760,Parent,parent,1,1,Single-student parent for local testing.
dps.par.01585,dps.stu.01761,Guardian,parent,1,1,Shared sibling parent for local testing.
dps.par.01585,dps.stu.01762,Guardian,parent,1,1,Shared sibling parent for local testing.
dps.par.01586,dps.stu.01763,Parent,parent,1,1,Single-student parent for local testing.
dps.par.01587,dps.stu.01764,Parent,parent,1,1,Single-student parent for local testing.
dps.par.01588,dps.stu.01765,Parent,parent,1,1,Single-student parent for local testing.
dps.par.01589,dps.stu.01766,Parent,parent,1,1,Single-student parent for local testing.
dps.par.01590,dps.stu.01767,Parent,parent,1,1,Single-student parent for local testing.
dps.par.01591,dps.stu.01768,Parent,parent,1,1,Single-student parent for local testing.
dps.par.01592,dps.stu.01769,Parent,parent,1,1,Single-student parent for local testing.
dps.par.01593,dps.stu.01770,Parent,parent,1,1,Single-student parent for local testing.
dps.par.01594,dps.stu.01771,Guardian,parent,1,1,Shared sibling parent for local testing.
dps.par.01594,dps.stu.01772,Guardian,parent,1,1,Shared sibling parent for local testing.
dps.par.01595,dps.stu.01773,Parent,parent,1,1,Single-student parent for local testing.
dps.par.01596,dps.stu.01774,Parent,parent,1,1,Single-student parent for local testing.
dps.par.01597,dps.stu.01775,Parent,parent,1,1,Single-student parent for local testing.
dps.par.01598,dps.stu.01776,Parent,parent,1,1,Single-student parent for local testing.
dps.par.01599,dps.stu.01777,Parent,parent,1,1,Single-student parent for local testing.
dps.par.01600,dps.stu.01778,Parent,parent,1,1,Single-student parent for local testing.
dps.par.01601,dps.stu.01779,Parent,parent,1,1,Single-student parent for local testing.
dps.par.01602,dps.stu.01780,Parent,parent,1,1,Single-student parent for local testing.
dps.par.01603,dps.stu.01781,Guardian,parent,1,1,Shared sibling parent for local testing.
dps.par.01603,dps.stu.01782,Guardian,parent,1,1,Shared sibling parent for local testing.
dps.par.01604,dps.stu.01783,Parent,parent,1,1,Single-student parent for local testing.
dps.par.01605,dps.stu.01784,Parent,parent,1,1,Single-student parent for local testing.
dps.par.01606,dps.stu.01785,Parent,parent,1,1,Single-student parent for local testing.
dps.par.01607,dps.stu.01786,Parent,parent,1,1,Single-student parent for local testing.
dps.par.01608,dps.stu.01787,Parent,parent,1,1,Single-student parent for local testing.
dps.par.01609,dps.stu.01788,Parent,parent,1,1,Single-student parent for local testing.
dps.par.01610,dps.stu.01789,Parent,parent,1,1,Single-student parent for local testing.
dps.par.01611,dps.stu.01790,Parent,parent,1,1,Single-student parent for local testing.
dps.par.01612,dps.stu.01791,Guardian,parent,1,1,Shared sibling parent for local testing.
dps.par.01612,dps.stu.01792,Guardian,parent,1,1,Shared sibling parent for local testing.
dps.par.01613,dps.stu.01793,Parent,parent,1,1,Single-student parent for local testing.
dps.par.01614,dps.stu.01794,Parent,parent,1,1,Single-student parent for local testing.
dps.par.01615,dps.stu.01795,Parent,parent,1,1,Single-student parent for local testing.
dps.par.01616,dps.stu.01796,Parent,parent,1,1,Single-student parent for local testing.
dps.par.01617,dps.stu.01797,Parent,parent,1,1,Single-student parent for local testing.
dps.par.01618,dps.stu.01798,Parent,parent,1,1,Single-student parent for local testing.
dps.par.01619,dps.stu.01799,Parent,parent,1,1,Single-student parent for local testing.
dps.par.01620,dps.stu.01800,Parent,parent,1,1,Single-student parent for local testing.
dps.par.01621,dps.stu.01801,Guardian,parent,1,1,Shared sibling parent for local testing.
dps.par.01621,dps.stu.01802,Guardian,parent,1,1,Shared sibling parent for local testing.
dps.par.01622,dps.stu.01803,Parent,parent,1,1,Single-student parent for local testing.
dps.par.01623,dps.stu.01804,Parent,parent,1,1,Single-student parent for local testing.
dps.par.01624,dps.stu.01805,Parent,parent,1,1,Single-student parent for local testing.
dps.par.01625,dps.stu.01806,Parent,parent,1,1,Single-student parent for local testing.
dps.par.01626,dps.stu.01807,Parent,parent,1,1,Single-student parent for local testing.
dps.par.01627,dps.stu.01808,Parent,parent,1,1,Single-student parent for local testing.
dps.par.01628,dps.stu.01809,Parent,parent,1,1,Single-student parent for local testing.
dps.par.01629,dps.stu.01810,Parent,parent,1,1,Single-student parent for local testing.
dps.par.01630,dps.stu.01811,Guardian,parent,1,1,Shared sibling parent for local testing.
dps.par.01630,dps.stu.01812,Guardian,parent,1,1,Shared sibling parent for local testing.
dps.par.01631,dps.stu.01813,Parent,parent,1,1,Single-student parent for local testing.
dps.par.01632,dps.stu.01814,Parent,parent,1,1,Single-student parent for local testing.
dps.par.01633,dps.stu.01815,Parent,parent,1,1,Single-student parent for local testing.
dps.par.01634,dps.stu.01816,Parent,parent,1,1,Single-student parent for local testing.
dps.par.01635,dps.stu.01817,Parent,parent,1,1,Single-student parent for local testing.
dps.par.01636,dps.stu.01818,Parent,parent,1,1,Single-student parent for local testing.
dps.par.01637,dps.stu.01819,Parent,parent,1,1,Single-student parent for local testing.
dps.par.01638,dps.stu.01820,Parent,parent,1,1,Single-student parent for local testing.
dps.par.01639,dps.stu.01821,Guardian,parent,1,1,Shared sibling parent for local testing.
dps.par.01639,dps.stu.01822,Guardian,parent,1,1,Shared sibling parent for local testing.
dps.par.01640,dps.stu.01823,Parent,parent,1,1,Single-student parent for local testing.
dps.par.01641,dps.stu.01824,Parent,parent,1,1,Single-student parent for local testing.
dps.par.01642,dps.stu.01825,Parent,parent,1,1,Single-student parent for local testing.
dps.par.01643,dps.stu.01826,Parent,parent,1,1,Single-student parent for local testing.
dps.par.01644,dps.stu.01827,Parent,parent,1,1,Single-student parent for local testing.
dps.par.01645,dps.stu.01828,Parent,parent,1,1,Single-student parent for local testing.
dps.par.01646,dps.stu.01829,Parent,parent,1,1,Single-student parent for local testing.
dps.par.01647,dps.stu.01830,Parent,parent,1,1,Single-student parent for local testing.
dps.par.01648,dps.stu.01831,Guardian,parent,1,1,Shared sibling parent for local testing.
dps.par.01648,dps.stu.01832,Guardian,parent,1,1,Shared sibling parent for local testing.
dps.par.01649,dps.stu.01833,Parent,parent,1,1,Single-student parent for local testing.
dps.par.01650,dps.stu.01834,Parent,parent,1,1,Single-student parent for local testing.
dps.par.01651,dps.stu.01835,Parent,parent,1,1,Single-student parent for local testing.
dps.par.01652,dps.stu.01836,Parent,parent,1,1,Single-student parent for local testing.
dps.par.01653,dps.stu.01837,Parent,parent,1,1,Single-student parent for local testing.
dps.par.01654,dps.stu.01838,Parent,parent,1,1,Single-student parent for local testing.
dps.par.01655,dps.stu.01839,Parent,parent,1,1,Single-student parent for local testing.
dps.par.01656,dps.stu.01840,Parent,parent,1,1,Single-student parent for local testing.
dps.par.01657,dps.stu.01841,Guardian,parent,1,1,Shared sibling parent for local testing.
dps.par.01657,dps.stu.01842,Guardian,parent,1,1,Shared sibling parent for local testing.
dps.par.01658,dps.stu.01843,Parent,parent,1,1,Single-student parent for local testing.
dps.par.01659,dps.stu.01844,Parent,parent,1,1,Single-student parent for local testing.
dps.par.01660,dps.stu.01845,Parent,parent,1,1,Single-student parent for local testing.
dps.par.01661,dps.stu.01846,Parent,parent,1,1,Single-student parent for local testing.
dps.par.01662,dps.stu.01847,Parent,parent,1,1,Single-student parent for local testing.
dps.par.01663,dps.stu.01848,Parent,parent,1,1,Single-student parent for local testing.
dps.par.01664,dps.stu.01849,Parent,parent,1,1,Single-student parent for local testing.
dps.par.01665,dps.stu.01850,Parent,parent,1,1,Single-student parent for local testing.
dps.par.01666,dps.stu.01851,Guardian,parent,1,1,Shared sibling parent for local testing.
dps.par.01666,dps.stu.01852,Guardian,parent,1,1,Shared sibling parent for local testing.
dps.par.01667,dps.stu.01853,Parent,parent,1,1,Single-student parent for local testing.
dps.par.01668,dps.stu.01854,Parent,parent,1,1,Single-student parent for local testing.
dps.par.01669,dps.stu.01855,Parent,parent,1,1,Single-student parent for local testing.
dps.par.01670,dps.stu.01856,Parent,parent,1,1,Single-student parent for local testing.
dps.par.01671,dps.stu.01857,Parent,parent,1,1,Single-student parent for local testing.
dps.par.01672,dps.stu.01858,Parent,parent,1,1,Single-student parent for local testing.
dps.par.01673,dps.stu.01859,Parent,parent,1,1,Single-student parent for local testing.
dps.par.01674,dps.stu.01860,Parent,parent,1,1,Single-student parent for local testing.
dps.par.01675,dps.stu.01861,Guardian,parent,1,1,Shared sibling parent for local testing.
dps.par.01675,dps.stu.01862,Guardian,parent,1,1,Shared sibling parent for local testing.
dps.par.01676,dps.stu.01863,Parent,parent,1,1,Single-student parent for local testing.
dps.par.01677,dps.stu.01864,Parent,parent,1,1,Single-student parent for local testing.
dps.par.01678,dps.stu.01865,Parent,parent,1,1,Single-student parent for local testing.
dps.par.01679,dps.stu.01866,Parent,parent,1,1,Single-student parent for local testing.
dps.par.01680,dps.stu.01867,Parent,parent,1,1,Single-student parent for local testing.
dps.par.01681,dps.stu.01868,Parent,parent,1,1,Single-student parent for local testing.
dps.par.01682,dps.stu.01869,Parent,parent,1,1,Single-student parent for local testing.
dps.par.01683,dps.stu.01870,Parent,parent,1,1,Single-student parent for local testing.
dps.par.01684,dps.stu.01871,Guardian,parent,1,1,Shared sibling parent for local testing.
dps.par.01684,dps.stu.01872,Guardian,parent,1,1,Shared sibling parent for local testing.
dps.par.01685,dps.stu.01873,Parent,parent,1,1,Single-student parent for local testing.
dps.par.01686,dps.stu.01874,Parent,parent,1,1,Single-student parent for local testing.
dps.par.01687,dps.stu.01875,Parent,parent,1,1,Single-student parent for local testing.
dps.par.01688,dps.stu.01876,Parent,parent,1,1,Single-student parent for local testing.
dps.par.01689,dps.stu.01877,Parent,parent,1,1,Single-student parent for local testing.
dps.par.01690,dps.stu.01878,Parent,parent,1,1,Single-student parent for local testing.
dps.par.01691,dps.stu.01879,Parent,parent,1,1,Single-student parent for local testing.
dps.par.01692,dps.stu.01880,Parent,parent,1,1,Single-student parent for local testing.
dps.par.01693,dps.stu.01881,Guardian,parent,1,1,Shared sibling parent for local testing.
dps.par.01693,dps.stu.01882,Guardian,parent,1,1,Shared sibling parent for local testing.
dps.par.01694,dps.stu.01883,Parent,parent,1,1,Single-student parent for local testing.
dps.par.01695,dps.stu.01884,Parent,parent,1,1,Single-student parent for local testing.
dps.par.01696,dps.stu.01885,Parent,parent,1,1,Single-student parent for local testing.
dps.par.01697,dps.stu.01886,Parent,parent,1,1,Single-student parent for local testing.
dps.par.01698,dps.stu.01887,Parent,parent,1,1,Single-student parent for local testing.
dps.par.01699,dps.stu.01888,Parent,parent,1,1,Single-student parent for local testing.
dps.par.01700,dps.stu.01889,Parent,parent,1,1,Single-student parent for local testing.
dps.par.01701,dps.stu.01890,Parent,parent,1,1,Single-student parent for local testing.
dps.par.01702,dps.stu.01891,Guardian,parent,1,1,Shared sibling parent for local testing.
dps.par.01702,dps.stu.01892,Guardian,parent,1,1,Shared sibling parent for local testing.
dps.par.01703,dps.stu.01893,Parent,parent,1,1,Single-student parent for local testing.
dps.par.01704,dps.stu.01894,Parent,parent,1,1,Single-student parent for local testing.
dps.par.01705,dps.stu.01895,Parent,parent,1,1,Single-student parent for local testing.
dps.par.01706,dps.stu.01896,Parent,parent,1,1,Single-student parent for local testing.
dps.par.01707,dps.stu.01897,Parent,parent,1,1,Single-student parent for local testing.
dps.par.01708,dps.stu.01898,Parent,parent,1,1,Single-student parent for local testing.
dps.par.01709,dps.stu.01899,Parent,parent,1,1,Single-student parent for local testing.
dps.par.01710,dps.stu.01900,Parent,parent,1,1,Single-student parent for local testing.
dps.par.01711,dps.stu.01901,Guardian,parent,1,1,Shared sibling parent for local testing.
dps.par.01711,dps.stu.01902,Guardian,parent,1,1,Shared sibling parent for local testing.
dps.par.01712,dps.stu.01903,Parent,parent,1,1,Single-student parent for local testing.
dps.par.01713,dps.stu.01904,Parent,parent,1,1,Single-student parent for local testing.
dps.par.01714,dps.stu.01905,Parent,parent,1,1,Single-student parent for local testing.
dps.par.01715,dps.stu.01906,Parent,parent,1,1,Single-student parent for local testing.
dps.par.01716,dps.stu.01907,Parent,parent,1,1,Single-student parent for local testing.
dps.par.01717,dps.stu.01908,Parent,parent,1,1,Single-student parent for local testing.
dps.par.01718,dps.stu.01909,Parent,parent,1,1,Single-student parent for local testing.
dps.par.01719,dps.stu.01910,Parent,parent,1,1,Single-student parent for local testing.
dps.par.01720,dps.stu.01911,Guardian,parent,1,1,Shared sibling parent for local testing.
dps.par.01720,dps.stu.01912,Guardian,parent,1,1,Shared sibling parent for local testing.
dps.par.01721,dps.stu.01913,Parent,parent,1,1,Single-student parent for local testing.
dps.par.01722,dps.stu.01914,Parent,parent,1,1,Single-student parent for local testing.
dps.par.01723,dps.stu.01915,Parent,parent,1,1,Single-student parent for local testing.
dps.par.01724,dps.stu.01916,Parent,parent,1,1,Single-student parent for local testing.
dps.par.01725,dps.stu.01917,Parent,parent,1,1,Single-student parent for local testing.
dps.par.01726,dps.stu.01918,Parent,parent,1,1,Single-student parent for local testing.
dps.par.01727,dps.stu.01919,Parent,parent,1,1,Single-student parent for local testing.
dps.par.01728,dps.stu.01920,Parent,parent,1,1,Single-student parent for local testing.
dps.par.01729,dps.stu.01921,Guardian,parent,1,1,Shared sibling parent for local testing.
dps.par.01729,dps.stu.01922,Guardian,parent,1,1,Shared sibling parent for local testing.
dps.par.01730,dps.stu.01923,Parent,parent,1,1,Single-student parent for local testing.
dps.par.01731,dps.stu.01924,Parent,parent,1,1,Single-student parent for local testing.
dps.par.01732,dps.stu.01925,Parent,parent,1,1,Single-student parent for local testing.
dps.par.01733,dps.stu.01926,Parent,parent,1,1,Single-student parent for local testing.
dps.par.01734,dps.stu.01927,Parent,parent,1,1,Single-student parent for local testing.
dps.par.01735,dps.stu.01928,Parent,parent,1,1,Single-student parent for local testing.
dps.par.01736,dps.stu.01929,Parent,parent,1,1,Single-student parent for local testing.
dps.par.01737,dps.stu.01930,Parent,parent,1,1,Single-student parent for local testing.
dps.par.01738,dps.stu.01931,Guardian,parent,1,1,Shared sibling parent for local testing.
dps.par.01738,dps.stu.01932,Guardian,parent,1,1,Shared sibling parent for local testing.
dps.par.01739,dps.stu.01933,Parent,parent,1,1,Single-student parent for local testing.
dps.par.01740,dps.stu.01934,Parent,parent,1,1,Single-student parent for local testing.
dps.par.01741,dps.stu.01935,Parent,parent,1,1,Single-student parent for local testing.
dps.par.01742,dps.stu.01936,Parent,parent,1,1,Single-student parent for local testing.
dps.par.01743,dps.stu.01937,Parent,parent,1,1,Single-student parent for local testing.
dps.par.01744,dps.stu.01938,Parent,parent,1,1,Single-student parent for local testing.
dps.par.01745,dps.stu.01939,Parent,parent,1,1,Single-student parent for local testing.
dps.par.01746,dps.stu.01940,Parent,parent,1,1,Single-student parent for local testing.
dps.par.01747,dps.stu.01941,Guardian,parent,1,1,Shared sibling parent for local testing.
dps.par.01747,dps.stu.01942,Guardian,parent,1,1,Shared sibling parent for local testing.
dps.par.01748,dps.stu.01943,Parent,parent,1,1,Single-student parent for local testing.
dps.par.01749,dps.stu.01944,Parent,parent,1,1,Single-student parent for local testing.
dps.par.01750,dps.stu.01945,Parent,parent,1,1,Single-student parent for local testing.
dps.par.01751,dps.stu.01946,Parent,parent,1,1,Single-student parent for local testing.
dps.par.01752,dps.stu.01947,Parent,parent,1,1,Single-student parent for local testing.
dps.par.01753,dps.stu.01948,Parent,parent,1,1,Single-student parent for local testing.
dps.par.01754,dps.stu.01949,Parent,parent,1,1,Single-student parent for local testing.
dps.par.01755,dps.stu.01950,Parent,parent,1,1,Single-student parent for local testing.
dps.par.01756,dps.stu.01951,Guardian,parent,1,1,Shared sibling parent for local testing.
dps.par.01756,dps.stu.01952,Guardian,parent,1,1,Shared sibling parent for local testing.
dps.par.01757,dps.stu.01953,Parent,parent,1,1,Single-student parent for local testing.
dps.par.01758,dps.stu.01954,Parent,parent,1,1,Single-student parent for local testing.
dps.par.01759,dps.stu.01955,Parent,parent,1,1,Single-student parent for local testing.
dps.par.01760,dps.stu.01956,Parent,parent,1,1,Single-student parent for local testing.
dps.par.01761,dps.stu.01957,Parent,parent,1,1,Single-student parent for local testing.
dps.par.01762,dps.stu.01958,Parent,parent,1,1,Single-student parent for local testing.
dps.par.01763,dps.stu.01959,Parent,parent,1,1,Single-student parent for local testing.
dps.par.01764,dps.stu.01960,Parent,parent,1,1,Single-student parent for local testing.
dps.par.01765,dps.stu.01961,Guardian,parent,1,1,Shared sibling parent for local testing.
dps.par.01765,dps.stu.01962,Guardian,parent,1,1,Shared sibling parent for local testing.
dps.par.01766,dps.stu.01963,Parent,parent,1,1,Single-student parent for local testing.
dps.par.01767,dps.stu.01964,Parent,parent,1,1,Single-student parent for local testing.
dps.par.01768,dps.stu.01965,Parent,parent,1,1,Single-student parent for local testing.
dps.par.01769,dps.stu.01966,Parent,parent,1,1,Single-student parent for local testing.
dps.par.01770,dps.stu.01967,Parent,parent,1,1,Single-student parent for local testing.
dps.par.01771,dps.stu.01968,Parent,parent,1,1,Single-student parent for local testing.
dps.par.01772,dps.stu.01969,Parent,parent,1,1,Single-student parent for local testing.
dps.par.01773,dps.stu.01970,Parent,parent,1,1,Single-student parent for local testing.
dps.par.01774,dps.stu.01971,Guardian,parent,1,1,Shared sibling parent for local testing.
dps.par.01774,dps.stu.01972,Guardian,parent,1,1,Shared sibling parent for local testing.
dps.par.01775,dps.stu.01973,Parent,parent,1,1,Single-student parent for local testing.
dps.par.01776,dps.stu.01974,Parent,parent,1,1,Single-student parent for local testing.
dps.par.01777,dps.stu.01975,Parent,parent,1,1,Single-student parent for local testing.
dps.par.01778,dps.stu.01976,Parent,parent,1,1,Single-student parent for local testing.
dps.par.01779,dps.stu.01977,Parent,parent,1,1,Single-student parent for local testing.
dps.par.01780,dps.stu.01978,Parent,parent,1,1,Single-student parent for local testing.
dps.par.01781,dps.stu.01979,Parent,parent,1,1,Single-student parent for local testing.
dps.par.01782,dps.stu.01980,Parent,parent,1,1,Single-student parent for local testing.
dps.par.01783,dps.stu.01981,Guardian,parent,1,1,Shared sibling parent for local testing.
dps.par.01783,dps.stu.01982,Guardian,parent,1,1,Shared sibling parent for local testing.
dps.par.01784,dps.stu.01983,Parent,parent,1,1,Single-student parent for local testing.
dps.par.01785,dps.stu.01984,Parent,parent,1,1,Single-student parent for local testing.
dps.par.01786,dps.stu.01985,Parent,parent,1,1,Single-student parent for local testing.
dps.par.01787,dps.stu.01986,Parent,parent,1,1,Single-student parent for local testing.
dps.par.01788,dps.stu.01987,Parent,parent,1,1,Single-student parent for local testing.
dps.par.01789,dps.stu.01988,Parent,parent,1,1,Single-student parent for local testing.
dps.par.01790,dps.stu.01989,Parent,parent,1,1,Single-student parent for local testing.
dps.par.01791,dps.stu.01990,Parent,parent,1,1,Single-student parent for local testing.
dps.par.01792,dps.stu.01991,Guardian,parent,1,1,Shared sibling parent for local testing.
dps.par.01792,dps.stu.01992,Guardian,parent,1,1,Shared sibling parent for local testing.
dps.par.01793,dps.stu.01993,Parent,parent,1,1,Single-student parent for local testing.
dps.par.01794,dps.stu.01994,Parent,parent,1,1,Single-student parent for local testing.
dps.par.01795,dps.stu.01995,Parent,parent,1,1,Single-student parent for local testing.
dps.par.01796,dps.stu.01996,Parent,parent,1,1,Single-student parent for local testing.
dps.par.01797,dps.stu.01997,Parent,parent,1,1,Single-student parent for local testing.
dps.par.01798,dps.stu.01998,Parent,parent,1,1,Single-student parent for local testing.
dps.par.01799,dps.stu.01999,Parent,parent,1,1,Single-student parent for local testing.
dps.par.01800,dps.stu.02000,Parent,parent,1,1,Single-student parent for local testing.
dps.par.01801,dps.stu.02001,Guardian,parent,1,1,Shared sibling parent for local testing.
dps.par.01801,dps.stu.02002,Guardian,parent,1,1,Shared sibling parent for local testing.
dps.par.01802,dps.stu.02003,Parent,parent,1,1,Single-student parent for local testing.
dps.par.01803,dps.stu.02004,Parent,parent,1,1,Single-student parent for local testing.
dps.par.01804,dps.stu.02005,Parent,parent,1,1,Single-student parent for local testing.
dps.par.01805,dps.stu.02006,Parent,parent,1,1,Single-student parent for local testing.
dps.par.01806,dps.stu.02007,Parent,parent,1,1,Single-student parent for local testing.
dps.par.01807,dps.stu.02008,Parent,parent,1,1,Single-student parent for local testing.
dps.par.01808,dps.stu.02009,Parent,parent,1,1,Single-student parent for local testing.
dps.par.01809,dps.stu.02010,Parent,parent,1,1,Single-student parent for local testing.
dps.par.01810,dps.stu.02011,Guardian,parent,1,1,Shared sibling parent for local testing.
dps.par.01810,dps.stu.02012,Guardian,parent,1,1,Shared sibling parent for local testing.
dps.par.01811,dps.stu.02013,Parent,parent,1,1,Single-student parent for local testing.
dps.par.01812,dps.stu.02014,Parent,parent,1,1,Single-student parent for local testing.
dps.par.01813,dps.stu.02015,Parent,parent,1,1,Single-student parent for local testing.
dps.par.01814,dps.stu.02016,Parent,parent,1,1,Single-student parent for local testing.
dps.par.01815,dps.stu.02017,Parent,parent,1,1,Single-student parent for local testing.
dps.par.01816,dps.stu.02018,Parent,parent,1,1,Single-student parent for local testing.
dps.par.01817,dps.stu.02019,Parent,parent,1,1,Single-student parent for local testing.
dps.par.01818,dps.stu.02020,Parent,parent,1,1,Single-student parent for local testing.
dps.par.01819,dps.stu.02021,Guardian,parent,1,1,Shared sibling parent for local testing.
dps.par.01819,dps.stu.02022,Guardian,parent,1,1,Shared sibling parent for local testing.
dps.par.01820,dps.stu.02023,Parent,parent,1,1,Single-student parent for local testing.
dps.par.01821,dps.stu.02024,Parent,parent,1,1,Single-student parent for local testing.
dps.par.01822,dps.stu.02025,Parent,parent,1,1,Single-student parent for local testing.
dps.par.01823,dps.stu.02026,Parent,parent,1,1,Single-student parent for local testing.
dps.par.01824,dps.stu.02027,Parent,parent,1,1,Single-student parent for local testing.
dps.par.01825,dps.stu.02028,Parent,parent,1,1,Single-student parent for local testing.
dps.par.01826,dps.stu.02029,Parent,parent,1,1,Single-student parent for local testing.
dps.par.01827,dps.stu.02030,Parent,parent,1,1,Single-student parent for local testing.
dps.par.01828,dps.stu.02031,Guardian,parent,1,1,Shared sibling parent for local testing.
dps.par.01828,dps.stu.02032,Guardian,parent,1,1,Shared sibling parent for local testing.
dps.par.01829,dps.stu.02033,Parent,parent,1,1,Single-student parent for local testing.
dps.par.01830,dps.stu.02034,Parent,parent,1,1,Single-student parent for local testing.
dps.par.01831,dps.stu.02035,Parent,parent,1,1,Single-student parent for local testing.
dps.par.01832,dps.stu.02036,Parent,parent,1,1,Single-student parent for local testing.
dps.par.01833,dps.stu.02037,Parent,parent,1,1,Single-student parent for local testing.
dps.par.01834,dps.stu.02038,Parent,parent,1,1,Single-student parent for local testing.
dps.par.01835,dps.stu.02039,Parent,parent,1,1,Single-student parent for local testing.
dps.par.01836,dps.stu.02040,Parent,parent,1,1,Single-student parent for local testing.
dps.par.01837,dps.stu.02041,Guardian,parent,1,1,Shared sibling parent for local testing.
dps.par.01837,dps.stu.02042,Guardian,parent,1,1,Shared sibling parent for local testing.
dps.par.01838,dps.stu.02043,Parent,parent,1,1,Single-student parent for local testing.
dps.par.01839,dps.stu.02044,Parent,parent,1,1,Single-student parent for local testing.
dps.par.01840,dps.stu.02045,Parent,parent,1,1,Single-student parent for local testing.
dps.par.01841,dps.stu.02046,Parent,parent,1,1,Single-student parent for local testing.
dps.par.01842,dps.stu.02047,Parent,parent,1,1,Single-student parent for local testing.
dps.par.01843,dps.stu.02048,Parent,parent,1,1,Single-student parent for local testing.
dps.par.01844,dps.stu.02049,Parent,parent,1,1,Single-student parent for local testing.
dps.par.01845,dps.stu.02050,Parent,parent,1,1,Single-student parent for local testing.
dps.par.01846,dps.stu.02051,Guardian,parent,1,1,Shared sibling parent for local testing.
dps.par.01846,dps.stu.02052,Guardian,parent,1,1,Shared sibling parent for local testing.
dps.par.01847,dps.stu.02053,Parent,parent,1,1,Single-student parent for local testing.
dps.par.01848,dps.stu.02054,Parent,parent,1,1,Single-student parent for local testing.
dps.par.01849,dps.stu.02055,Parent,parent,1,1,Single-student parent for local testing.
dps.par.01850,dps.stu.02056,Parent,parent,1,1,Single-student parent for local testing.
dps.par.01851,dps.stu.02057,Parent,parent,1,1,Single-student parent for local testing.
dps.par.01852,dps.stu.02058,Parent,parent,1,1,Single-student parent for local testing.
dps.par.01853,dps.stu.02059,Parent,parent,1,1,Single-student parent for local testing.
dps.par.01854,dps.stu.02060,Parent,parent,1,1,Single-student parent for local testing.
dps.par.01855,dps.stu.02061,Guardian,parent,1,1,Shared sibling parent for local testing.
dps.par.01855,dps.stu.02062,Guardian,parent,1,1,Shared sibling parent for local testing.
dps.par.01856,dps.stu.02063,Parent,parent,1,1,Single-student parent for local testing.
dps.par.01857,dps.stu.02064,Parent,parent,1,1,Single-student parent for local testing.
dps.par.01858,dps.stu.02065,Parent,parent,1,1,Single-student parent for local testing.
dps.par.01859,dps.stu.02066,Parent,parent,1,1,Single-student parent for local testing.
dps.par.01860,dps.stu.02067,Parent,parent,1,1,Single-student parent for local testing.
dps.par.01861,dps.stu.02068,Parent,parent,1,1,Single-student parent for local testing.
dps.par.01862,dps.stu.02069,Parent,parent,1,1,Single-student parent for local testing.
dps.par.01863,dps.stu.02070,Parent,parent,1,1,Single-student parent for local testing.
dps.par.01864,dps.stu.02071,Guardian,parent,1,1,Shared sibling parent for local testing.
dps.par.01864,dps.stu.02072,Guardian,parent,1,1,Shared sibling parent for local testing.
dps.par.01865,dps.stu.02073,Parent,parent,1,1,Single-student parent for local testing.
dps.par.01866,dps.stu.02074,Parent,parent,1,1,Single-student parent for local testing.
dps.par.01867,dps.stu.02075,Parent,parent,1,1,Single-student parent for local testing.
dps.par.01868,dps.stu.02076,Parent,parent,1,1,Single-student parent for local testing.
dps.par.01869,dps.stu.02077,Parent,parent,1,1,Single-student parent for local testing.
dps.par.01870,dps.stu.02078,Parent,parent,1,1,Single-student parent for local testing.
dps.par.01871,dps.stu.02079,Parent,parent,1,1,Single-student parent for local testing.
dps.par.01872,dps.stu.02080,Parent,parent,1,1,Single-student parent for local testing.
dps.par.01873,dps.stu.02081,Guardian,parent,1,1,Shared sibling parent for local testing.
dps.par.01873,dps.stu.02082,Guardian,parent,1,1,Shared sibling parent for local testing.
dps.par.01874,dps.stu.02083,Parent,parent,1,1,Single-student parent for local testing.
dps.par.01875,dps.stu.02084,Parent,parent,1,1,Single-student parent for local testing.
dps.par.01876,dps.stu.02085,Parent,parent,1,1,Single-student parent for local testing.
dps.par.01877,dps.stu.02086,Parent,parent,1,1,Single-student parent for local testing.
dps.par.01878,dps.stu.02087,Parent,parent,1,1,Single-student parent for local testing.
dps.par.01879,dps.stu.02088,Parent,parent,1,1,Single-student parent for local testing.
dps.par.01880,dps.stu.02089,Parent,parent,1,1,Single-student parent for local testing.
dps.par.01881,dps.stu.02090,Parent,parent,1,1,Single-student parent for local testing.
dps.par.01882,dps.stu.02091,Guardian,parent,1,1,Shared sibling parent for local testing.
dps.par.01882,dps.stu.02092,Guardian,parent,1,1,Shared sibling parent for local testing.
dps.par.01883,dps.stu.02093,Parent,parent,1,1,Single-student parent for local testing.
dps.par.01884,dps.stu.02094,Parent,parent,1,1,Single-student parent for local testing.
dps.par.01885,dps.stu.02095,Parent,parent,1,1,Single-student parent for local testing.
dps.par.01886,dps.stu.02096,Parent,parent,1,1,Single-student parent for local testing.
dps.par.01887,dps.stu.02097,Parent,parent,1,1,Single-student parent for local testing.
dps.par.01888,dps.stu.02098,Parent,parent,1,1,Single-student parent for local testing.
dps.par.01889,dps.stu.02099,Parent,parent,1,1,Single-student parent for local testing.
dps.par.01890,dps.stu.02100,Parent,parent,1,1,Single-student parent for local testing.
dps.par.01891,dps.stu.02101,Guardian,parent,1,1,Shared sibling parent for local testing.
dps.par.01891,dps.stu.02102,Guardian,parent,1,1,Shared sibling parent for local testing.
dps.par.01892,dps.stu.02103,Parent,parent,1,1,Single-student parent for local testing.
dps.par.01893,dps.stu.02104,Parent,parent,1,1,Single-student parent for local testing.
dps.par.01894,dps.stu.02105,Parent,parent,1,1,Single-student parent for local testing.
dps.par.01895,dps.stu.02106,Parent,parent,1,1,Single-student parent for local testing.
dps.par.01896,dps.stu.02107,Parent,parent,1,1,Single-student parent for local testing.
dps.par.01897,dps.stu.02108,Parent,parent,1,1,Single-student parent for local testing.
dps.par.01898,dps.stu.02109,Parent,parent,1,1,Single-student parent for local testing.
dps.par.01899,dps.stu.02110,Parent,parent,1,1,Single-student parent for local testing.
dps.par.01900,dps.stu.02111,Guardian,parent,1,1,Shared sibling parent for local testing.
dps.par.01900,dps.stu.02112,Guardian,parent,1,1,Shared sibling parent for local testing.
dps.par.01901,dps.stu.02113,Parent,parent,1,1,Single-student parent for local testing.
dps.par.01902,dps.stu.02114,Parent,parent,1,1,Single-student parent for local testing.
dps.par.01903,dps.stu.02115,Parent,parent,1,1,Single-student parent for local testing.
dps.par.01904,dps.stu.02116,Parent,parent,1,1,Single-student parent for local testing.
dps.par.01905,dps.stu.02117,Parent,parent,1,1,Single-student parent for local testing.
dps.par.01906,dps.stu.02118,Parent,parent,1,1,Single-student parent for local testing.
dps.par.01907,dps.stu.02119,Parent,parent,1,1,Single-student parent for local testing.
dps.par.01908,dps.stu.02120,Parent,parent,1,1,Single-student parent for local testing.
dps.par.01909,dps.stu.02121,Guardian,parent,1,1,Shared sibling parent for local testing.
dps.par.01909,dps.stu.02122,Guardian,parent,1,1,Shared sibling parent for local testing.
dps.par.01910,dps.stu.02123,Parent,parent,1,1,Single-student parent for local testing.
dps.par.01911,dps.stu.02124,Parent,parent,1,1,Single-student parent for local testing.
dps.par.01912,dps.stu.02125,Parent,parent,1,1,Single-student parent for local testing.
dps.par.01913,dps.stu.02126,Parent,parent,1,1,Single-student parent for local testing.
dps.par.01914,dps.stu.02127,Parent,parent,1,1,Single-student parent for local testing.
dps.par.01915,dps.stu.02128,Parent,parent,1,1,Single-student parent for local testing.
dps.par.01916,dps.stu.02129,Parent,parent,1,1,Single-student parent for local testing.
dps.par.01917,dps.stu.02130,Parent,parent,1,1,Single-student parent for local testing.
dps.par.01918,dps.stu.02131,Guardian,parent,1,1,Shared sibling parent for local testing.
dps.par.01918,dps.stu.02132,Guardian,parent,1,1,Shared sibling parent for local testing.
dps.par.01919,dps.stu.02133,Parent,parent,1,1,Single-student parent for local testing.
dps.par.01920,dps.stu.02134,Parent,parent,1,1,Single-student parent for local testing.
dps.par.01921,dps.stu.02135,Parent,parent,1,1,Single-student parent for local testing.
dps.par.01922,dps.stu.02136,Parent,parent,1,1,Single-student parent for local testing.
dps.par.01923,dps.stu.02137,Parent,parent,1,1,Single-student parent for local testing.
dps.par.01924,dps.stu.02138,Parent,parent,1,1,Single-student parent for local testing.
dps.par.01925,dps.stu.02139,Parent,parent,1,1,Single-student parent for local testing.
dps.par.01926,dps.stu.02140,Parent,parent,1,1,Single-student parent for local testing.
dps.par.01927,dps.stu.02141,Guardian,parent,1,1,Shared sibling parent for local testing.
dps.par.01927,dps.stu.02142,Guardian,parent,1,1,Shared sibling parent for local testing.
dps.par.01928,dps.stu.02143,Parent,parent,1,1,Single-student parent for local testing.
dps.par.01929,dps.stu.02144,Parent,parent,1,1,Single-student parent for local testing.
dps.par.01930,dps.stu.02145,Parent,parent,1,1,Single-student parent for local testing.
dps.par.01931,dps.stu.02146,Parent,parent,1,1,Single-student parent for local testing.
dps.par.01932,dps.stu.02147,Parent,parent,1,1,Single-student parent for local testing.
dps.par.01933,dps.stu.02148,Parent,parent,1,1,Single-student parent for local testing.
dps.par.01934,dps.stu.02149,Parent,parent,1,1,Single-student parent for local testing.
dps.par.01935,dps.stu.02150,Parent,parent,1,1,Single-student parent for local testing.
dps.par.01936,dps.stu.02151,Guardian,parent,1,1,Shared sibling parent for local testing.
dps.par.01936,dps.stu.02152,Guardian,parent,1,1,Shared sibling parent for local testing.
dps.par.01937,dps.stu.02153,Parent,parent,1,1,Single-student parent for local testing.
dps.par.01938,dps.stu.02154,Parent,parent,1,1,Single-student parent for local testing.
dps.par.01939,dps.stu.02155,Parent,parent,1,1,Single-student parent for local testing.
dps.par.01940,dps.stu.02156,Parent,parent,1,1,Single-student parent for local testing.
dps.par.01941,dps.stu.02157,Parent,parent,1,1,Single-student parent for local testing.
dps.par.01942,dps.stu.02158,Parent,parent,1,1,Single-student parent for local testing.
dps.par.01943,dps.stu.02159,Parent,parent,1,1,Single-student parent for local testing.
dps.par.01944,dps.stu.02160,Parent,parent,1,1,Single-student parent for local testing.
dps.par.01945,dps.stu.02161,Guardian,parent,1,1,Shared sibling parent for local testing.
dps.par.01945,dps.stu.02162,Guardian,parent,1,1,Shared sibling parent for local testing.
dps.par.01946,dps.stu.02163,Parent,parent,1,1,Single-student parent for local testing.
dps.par.01947,dps.stu.02164,Parent,parent,1,1,Single-student parent for local testing.
dps.par.01948,dps.stu.02165,Parent,parent,1,1,Single-student parent for local testing.
dps.par.01949,dps.stu.02166,Parent,parent,1,1,Single-student parent for local testing.
dps.par.01950,dps.stu.02167,Parent,parent,1,1,Single-student parent for local testing.
dps.par.01951,dps.stu.02168,Parent,parent,1,1,Single-student parent for local testing.
dps.par.01952,dps.stu.02169,Parent,parent,1,1,Single-student parent for local testing.
dps.par.01953,dps.stu.02170,Parent,parent,1,1,Single-student parent for local testing.
dps.par.01954,dps.stu.02171,Guardian,parent,1,1,Shared sibling parent for local testing.
dps.par.01954,dps.stu.02172,Guardian,parent,1,1,Shared sibling parent for local testing.
dps.par.01955,dps.stu.02173,Parent,parent,1,1,Single-student parent for local testing.
dps.par.01956,dps.stu.02174,Parent,parent,1,1,Single-student parent for local testing.
dps.par.01957,dps.stu.02175,Parent,parent,1,1,Single-student parent for local testing.
dps.par.01958,dps.stu.02176,Parent,parent,1,1,Single-student parent for local testing.
dps.par.01959,dps.stu.02177,Parent,parent,1,1,Single-student parent for local testing.
dps.par.01960,dps.stu.02178,Parent,parent,1,1,Single-student parent for local testing.
dps.par.01961,dps.stu.02179,Parent,parent,1,1,Single-student parent for local testing.
dps.par.01962,dps.stu.02180,Parent,parent,1,1,Single-student parent for local testing.
dps.par.01963,dps.stu.02181,Guardian,parent,1,1,Shared sibling parent for local testing.
dps.par.01963,dps.stu.02182,Guardian,parent,1,1,Shared sibling parent for local testing.
dps.par.01964,dps.stu.02183,Parent,parent,1,1,Single-student parent for local testing.
dps.par.01965,dps.stu.02184,Parent,parent,1,1,Single-student parent for local testing.
dps.par.01966,dps.stu.02185,Parent,parent,1,1,Single-student parent for local testing.
dps.par.01967,dps.stu.02186,Parent,parent,1,1,Single-student parent for local testing.
dps.par.01968,dps.stu.02187,Parent,parent,1,1,Single-student parent for local testing.
dps.par.01969,dps.stu.02188,Parent,parent,1,1,Single-student parent for local testing.
dps.par.01970,dps.stu.02189,Parent,parent,1,1,Single-student parent for local testing.
dps.par.01971,dps.stu.02190,Parent,parent,1,1,Single-student parent for local testing.
dps.par.01972,dps.stu.02191,Guardian,parent,1,1,Shared sibling parent for local testing.
dps.par.01972,dps.stu.02192,Guardian,parent,1,1,Shared sibling parent for local testing.
dps.par.01973,dps.stu.02193,Parent,parent,1,1,Single-student parent for local testing.
dps.par.01974,dps.stu.02194,Parent,parent,1,1,Single-student parent for local testing.
dps.par.01975,dps.stu.02195,Parent,parent,1,1,Single-student parent for local testing.
dps.par.01976,dps.stu.02196,Parent,parent,1,1,Single-student parent for local testing.
dps.par.01977,dps.stu.02197,Parent,parent,1,1,Single-student parent for local testing.
dps.par.01978,dps.stu.02198,Parent,parent,1,1,Single-student parent for local testing.
dps.par.01979,dps.stu.02199,Parent,parent,1,1,Single-student parent for local testing.
dps.par.01980,dps.stu.02200,Parent,parent,1,1,Single-student parent for local testing.
dps.par.01981,dps.stu.02201,Guardian,parent,1,1,Shared sibling parent for local testing.
dps.par.01981,dps.stu.02202,Guardian,parent,1,1,Shared sibling parent for local testing.
dps.par.01982,dps.stu.02203,Parent,parent,1,1,Single-student parent for local testing.
dps.par.01983,dps.stu.02204,Parent,parent,1,1,Single-student parent for local testing.
dps.par.01984,dps.stu.02205,Parent,parent,1,1,Single-student parent for local testing.
dps.par.01985,dps.stu.02206,Parent,parent,1,1,Single-student parent for local testing.
dps.par.01986,dps.stu.02207,Parent,parent,1,1,Single-student parent for local testing.
dps.par.01987,dps.stu.02208,Parent,parent,1,1,Single-student parent for local testing.
dps.par.01988,dps.stu.02209,Parent,parent,1,1,Single-student parent for local testing.
dps.par.01989,dps.stu.02210,Parent,parent,1,1,Single-student parent for local testing.
dps.par.01990,dps.stu.02211,Guardian,parent,1,1,Shared sibling parent for local testing.
dps.par.01990,dps.stu.02212,Guardian,parent,1,1,Shared sibling parent for local testing.
dps.par.01991,dps.stu.02213,Parent,parent,1,1,Single-student parent for local testing.
dps.par.01992,dps.stu.02214,Parent,parent,1,1,Single-student parent for local testing.
dps.par.01993,dps.stu.02215,Parent,parent,1,1,Single-student parent for local testing.
dps.par.01994,dps.stu.02216,Parent,parent,1,1,Single-student parent for local testing.
dps.par.01995,dps.stu.02217,Parent,parent,1,1,Single-student parent for local testing.
dps.par.01996,dps.stu.02218,Parent,parent,1,1,Single-student parent for local testing.
dps.par.01997,dps.stu.02219,Parent,parent,1,1,Single-student parent for local testing.
dps.par.01998,dps.stu.02220,Parent,parent,1,1,Single-student parent for local testing.
dps.par.01999,dps.stu.02221,Guardian,parent,1,1,Shared sibling parent for local testing.
dps.par.01999,dps.stu.02222,Guardian,parent,1,1,Shared sibling parent for local testing.
dps.par.02000,dps.stu.02223,Parent,parent,1,1,Single-student parent for local testing.
dps.par.02001,dps.stu.02224,Parent,parent,1,1,Single-student parent for local testing.
dps.par.02002,dps.stu.02225,Parent,parent,1,1,Single-student parent for local testing.
dps.par.02003,dps.stu.02226,Parent,parent,1,1,Single-student parent for local testing.
dps.par.02004,dps.stu.02227,Parent,parent,1,1,Single-student parent for local testing.
dps.par.02005,dps.stu.02228,Parent,parent,1,1,Single-student parent for local testing.
dps.par.02006,dps.stu.02229,Parent,parent,1,1,Single-student parent for local testing.
dps.par.02007,dps.stu.02230,Parent,parent,1,1,Single-student parent for local testing.
dps.par.02008,dps.stu.02231,Guardian,parent,1,1,Shared sibling parent for local testing.
dps.par.02008,dps.stu.02232,Guardian,parent,1,1,Shared sibling parent for local testing.
dps.par.02009,dps.stu.02233,Parent,parent,1,1,Single-student parent for local testing.
dps.par.02010,dps.stu.02234,Parent,parent,1,1,Single-student parent for local testing.
dps.par.02011,dps.stu.02235,Parent,parent,1,1,Single-student parent for local testing.
dps.par.02012,dps.stu.02236,Parent,parent,1,1,Single-student parent for local testing.
dps.par.02013,dps.stu.02237,Parent,parent,1,1,Single-student parent for local testing.
dps.par.02014,dps.stu.02238,Parent,parent,1,1,Single-student parent for local testing.
dps.par.02015,dps.stu.02239,Parent,parent,1,1,Single-student parent for local testing.
dps.par.02016,dps.stu.02240,Parent,parent,1,1,Single-student parent for local testing.
dps.par.02017,dps.stu.02241,Guardian,parent,1,1,Shared sibling parent for local testing.
dps.par.02017,dps.stu.02242,Guardian,parent,1,1,Shared sibling parent for local testing.
dps.par.02018,dps.stu.02243,Parent,parent,1,1,Single-student parent for local testing.
dps.par.02019,dps.stu.02244,Parent,parent,1,1,Single-student parent for local testing.
dps.par.02020,dps.stu.02245,Parent,parent,1,1,Single-student parent for local testing.
dps.par.02021,dps.stu.02246,Parent,parent,1,1,Single-student parent for local testing.
dps.par.02022,dps.stu.02247,Parent,parent,1,1,Single-student parent for local testing.
dps.par.02023,dps.stu.02248,Parent,parent,1,1,Single-student parent for local testing.
dps.par.02024,dps.stu.02249,Parent,parent,1,1,Single-student parent for local testing.
dps.par.02025,dps.stu.02250,Parent,parent,1,1,Single-student parent for local testing.
dps.par.02026,dps.stu.02251,Guardian,parent,1,1,Shared sibling parent for local testing.
dps.par.02026,dps.stu.02252,Guardian,parent,1,1,Shared sibling parent for local testing.
dps.par.02027,dps.stu.02253,Parent,parent,1,1,Single-student parent for local testing.
dps.par.02028,dps.stu.02254,Parent,parent,1,1,Single-student parent for local testing.
dps.par.02029,dps.stu.02255,Parent,parent,1,1,Single-student parent for local testing.
dps.par.02030,dps.stu.02256,Parent,parent,1,1,Single-student parent for local testing.
dps.par.02031,dps.stu.02257,Parent,parent,1,1,Single-student parent for local testing.
dps.par.02032,dps.stu.02258,Parent,parent,1,1,Single-student parent for local testing.
dps.par.02033,dps.stu.02259,Parent,parent,1,1,Single-student parent for local testing.
dps.par.02034,dps.stu.02260,Parent,parent,1,1,Single-student parent for local testing.
dps.par.02035,dps.stu.02261,Guardian,parent,1,1,Shared sibling parent for local testing.
dps.par.02035,dps.stu.02262,Guardian,parent,1,1,Shared sibling parent for local testing.
dps.par.02036,dps.stu.02263,Parent,parent,1,1,Single-student parent for local testing.
dps.par.02037,dps.stu.02264,Parent,parent,1,1,Single-student parent for local testing.
dps.par.02038,dps.stu.02265,Parent,parent,1,1,Single-student parent for local testing.
dps.par.02039,dps.stu.02266,Parent,parent,1,1,Single-student parent for local testing.
dps.par.02040,dps.stu.02267,Parent,parent,1,1,Single-student parent for local testing.
dps.par.02041,dps.stu.02268,Parent,parent,1,1,Single-student parent for local testing.
dps.par.02042,dps.stu.02269,Parent,parent,1,1,Single-student parent for local testing.
dps.par.02043,dps.stu.02270,Parent,parent,1,1,Single-student parent for local testing.
dps.par.02044,dps.stu.02271,Guardian,parent,1,1,Shared sibling parent for local testing.
dps.par.02044,dps.stu.02272,Guardian,parent,1,1,Shared sibling parent for local testing.
dps.par.02045,dps.stu.02273,Parent,parent,1,1,Single-student parent for local testing.
dps.par.02046,dps.stu.02274,Parent,parent,1,1,Single-student parent for local testing.
dps.par.02047,dps.stu.02275,Parent,parent,1,1,Single-student parent for local testing.
dps.par.02048,dps.stu.02276,Parent,parent,1,1,Single-student parent for local testing.
dps.par.02049,dps.stu.02277,Parent,parent,1,1,Single-student parent for local testing.
dps.par.02050,dps.stu.02278,Parent,parent,1,1,Single-student parent for local testing.
dps.par.02051,dps.stu.02279,Parent,parent,1,1,Single-student parent for local testing.
dps.par.02052,dps.stu.02280,Parent,parent,1,1,Single-student parent for local testing.
dps.par.02053,dps.stu.02281,Guardian,parent,1,1,Shared sibling parent for local testing.
dps.par.02053,dps.stu.02282,Guardian,parent,1,1,Shared sibling parent for local testing.
dps.par.02054,dps.stu.02283,Parent,parent,1,1,Single-student parent for local testing.
dps.par.02055,dps.stu.02284,Parent,parent,1,1,Single-student parent for local testing.
dps.par.02056,dps.stu.02285,Parent,parent,1,1,Single-student parent for local testing.
dps.par.02057,dps.stu.02286,Parent,parent,1,1,Single-student parent for local testing.
dps.par.02058,dps.stu.02287,Parent,parent,1,1,Single-student parent for local testing.
dps.par.02059,dps.stu.02288,Parent,parent,1,1,Single-student parent for local testing.
dps.par.02060,dps.stu.02289,Parent,parent,1,1,Single-student parent for local testing.
dps.par.02061,dps.stu.02290,Parent,parent,1,1,Single-student parent for local testing.
dps.par.02062,dps.stu.02291,Guardian,parent,1,1,Shared sibling parent for local testing.
dps.par.02062,dps.stu.02292,Guardian,parent,1,1,Shared sibling parent for local testing.
dps.par.02063,dps.stu.02293,Parent,parent,1,1,Single-student parent for local testing.
dps.par.02064,dps.stu.02294,Parent,parent,1,1,Single-student parent for local testing.
dps.par.02065,dps.stu.02295,Parent,parent,1,1,Single-student parent for local testing.
dps.par.02066,dps.stu.02296,Parent,parent,1,1,Single-student parent for local testing.
dps.par.02067,dps.stu.02297,Parent,parent,1,1,Single-student parent for local testing.
dps.par.02068,dps.stu.02298,Parent,parent,1,1,Single-student parent for local testing.
dps.par.02069,dps.stu.02299,Parent,parent,1,1,Single-student parent for local testing.
dps.par.02070,dps.stu.02300,Parent,parent,1,1,Single-student parent for local testing.
dps.par.02071,dps.stu.02301,Guardian,parent,1,1,Shared sibling parent for local testing.
dps.par.02071,dps.stu.02302,Guardian,parent,1,1,Shared sibling parent for local testing.
dps.par.02072,dps.stu.02303,Parent,parent,1,1,Single-student parent for local testing.
dps.par.02073,dps.stu.02304,Parent,parent,1,1,Single-student parent for local testing.
dps.par.02074,dps.stu.02305,Parent,parent,1,1,Single-student parent for local testing.
dps.par.02075,dps.stu.02306,Parent,parent,1,1,Single-student parent for local testing.
dps.par.02076,dps.stu.02307,Parent,parent,1,1,Single-student parent for local testing.
dps.par.02077,dps.stu.02308,Parent,parent,1,1,Single-student parent for local testing.
dps.par.02078,dps.stu.02309,Parent,parent,1,1,Single-student parent for local testing.
dps.par.02079,dps.stu.02310,Parent,parent,1,1,Single-student parent for local testing.
dps.par.02080,dps.stu.02311,Guardian,parent,1,1,Shared sibling parent for local testing.
dps.par.02080,dps.stu.02312,Guardian,parent,1,1,Shared sibling parent for local testing.
dps.par.02081,dps.stu.02313,Parent,parent,1,1,Single-student parent for local testing.
dps.par.02082,dps.stu.02314,Parent,parent,1,1,Single-student parent for local testing.
dps.par.02083,dps.stu.02315,Parent,parent,1,1,Single-student parent for local testing.
dps.par.02084,dps.stu.02316,Parent,parent,1,1,Single-student parent for local testing.
dps.par.02085,dps.stu.02317,Parent,parent,1,1,Single-student parent for local testing.
dps.par.02086,dps.stu.02318,Parent,parent,1,1,Single-student parent for local testing.
dps.par.02087,dps.stu.02319,Parent,parent,1,1,Single-student parent for local testing.
dps.par.02088,dps.stu.02320,Parent,parent,1,1,Single-student parent for local testing.
dps.par.02089,dps.stu.02321,Guardian,parent,1,1,Shared sibling parent for local testing.
dps.par.02089,dps.stu.02322,Guardian,parent,1,1,Shared sibling parent for local testing.
dps.par.02090,dps.stu.02323,Parent,parent,1,1,Single-student parent for local testing.
dps.par.02091,dps.stu.02324,Parent,parent,1,1,Single-student parent for local testing.
dps.par.02092,dps.stu.02325,Parent,parent,1,1,Single-student parent for local testing.
dps.par.02093,dps.stu.02326,Parent,parent,1,1,Single-student parent for local testing.
dps.par.02094,dps.stu.02327,Parent,parent,1,1,Single-student parent for local testing.
dps.par.02095,dps.stu.02328,Parent,parent,1,1,Single-student parent for local testing.
dps.par.02096,dps.stu.02329,Parent,parent,1,1,Single-student parent for local testing.
dps.par.02097,dps.stu.02330,Parent,parent,1,1,Single-student parent for local testing.
dps.par.02098,dps.stu.02331,Guardian,parent,1,1,Shared sibling parent for local testing.
dps.par.02098,dps.stu.02332,Guardian,parent,1,1,Shared sibling parent for local testing.
dps.par.02099,dps.stu.02333,Parent,parent,1,1,Single-student parent for local testing.
dps.par.02100,dps.stu.02334,Parent,parent,1,1,Single-student parent for local testing.
dps.par.02101,dps.stu.02335,Parent,parent,1,1,Single-student parent for local testing.
dps.par.02102,dps.stu.02336,Parent,parent,1,1,Single-student parent for local testing.
dps.par.02103,dps.stu.02337,Parent,parent,1,1,Single-student parent for local testing.
dps.par.02104,dps.stu.02338,Parent,parent,1,1,Single-student parent for local testing.
dps.par.02105,dps.stu.02339,Parent,parent,1,1,Single-student parent for local testing.
dps.par.02106,dps.stu.02340,Parent,parent,1,1,Single-student parent for local testing.
dps.par.02107,dps.stu.02341,Guardian,parent,1,1,Shared sibling parent for local testing.
dps.par.02107,dps.stu.02342,Guardian,parent,1,1,Shared sibling parent for local testing.
dps.par.02108,dps.stu.02343,Parent,parent,1,1,Single-student parent for local testing.
dps.par.02109,dps.stu.02344,Parent,parent,1,1,Single-student parent for local testing.
dps.par.02110,dps.stu.02345,Parent,parent,1,1,Single-student parent for local testing.
dps.par.02111,dps.stu.02346,Parent,parent,1,1,Single-student parent for local testing.
dps.par.02112,dps.stu.02347,Parent,parent,1,1,Single-student parent for local testing.
dps.par.02113,dps.stu.02348,Parent,parent,1,1,Single-student parent for local testing.
dps.par.02114,dps.stu.02349,Parent,parent,1,1,Single-student parent for local testing.
dps.par.02115,dps.stu.02350,Parent,parent,1,1,Single-student parent for local testing.
dps.par.02116,dps.stu.02351,Guardian,parent,1,1,Shared sibling parent for local testing.
dps.par.02116,dps.stu.02352,Guardian,parent,1,1,Shared sibling parent for local testing.
dps.par.02117,dps.stu.02353,Parent,parent,1,1,Single-student parent for local testing.
dps.par.02118,dps.stu.02354,Parent,parent,1,1,Single-student parent for local testing.
dps.par.02119,dps.stu.02355,Parent,parent,1,1,Single-student parent for local testing.
dps.par.02120,dps.stu.02356,Parent,parent,1,1,Single-student parent for local testing.
dps.par.02121,dps.stu.02357,Parent,parent,1,1,Single-student parent for local testing.
dps.par.02122,dps.stu.02358,Parent,parent,1,1,Single-student parent for local testing.
dps.par.02123,dps.stu.02359,Parent,parent,1,1,Single-student parent for local testing.
dps.par.02124,dps.stu.02360,Parent,parent,1,1,Single-student parent for local testing.
dps.par.02125,dps.stu.02361,Guardian,parent,1,1,Shared sibling parent for local testing.
dps.par.02125,dps.stu.02362,Guardian,parent,1,1,Shared sibling parent for local testing.
dps.par.02126,dps.stu.02363,Parent,parent,1,1,Single-student parent for local testing.
dps.par.02127,dps.stu.02364,Parent,parent,1,1,Single-student parent for local testing.
dps.par.02128,dps.stu.02365,Parent,parent,1,1,Single-student parent for local testing.
dps.par.02129,dps.stu.02366,Parent,parent,1,1,Single-student parent for local testing.
dps.par.02130,dps.stu.02367,Parent,parent,1,1,Single-student parent for local testing.
dps.par.02131,dps.stu.02368,Parent,parent,1,1,Single-student parent for local testing.
dps.par.02132,dps.stu.02369,Parent,parent,1,1,Single-student parent for local testing.
dps.par.02133,dps.stu.02370,Parent,parent,1,1,Single-student parent for local testing.
dps.par.02134,dps.stu.02371,Guardian,parent,1,1,Shared sibling parent for local testing.
dps.par.02134,dps.stu.02372,Guardian,parent,1,1,Shared sibling parent for local testing.
dps.par.02135,dps.stu.02373,Parent,parent,1,1,Single-student parent for local testing.
dps.par.02136,dps.stu.02374,Parent,parent,1,1,Single-student parent for local testing.
dps.par.02137,dps.stu.02375,Parent,parent,1,1,Single-student parent for local testing.
dps.par.02138,dps.stu.02376,Parent,parent,1,1,Single-student parent for local testing.
dps.par.02139,dps.stu.02377,Parent,parent,1,1,Single-student parent for local testing.
dps.par.02140,dps.stu.02378,Parent,parent,1,1,Single-student parent for local testing.
dps.par.02141,dps.stu.02379,Parent,parent,1,1,Single-student parent for local testing.
dps.par.02142,dps.stu.02380,Parent,parent,1,1,Single-student parent for local testing.
dps.par.02143,dps.stu.02381,Guardian,parent,1,1,Shared sibling parent for local testing.
dps.par.02143,dps.stu.02382,Guardian,parent,1,1,Shared sibling parent for local testing.
dps.par.02144,dps.stu.02383,Parent,parent,1,1,Single-student parent for local testing.
dps.par.02145,dps.stu.02384,Parent,parent,1,1,Single-student parent for local testing.
dps.par.02146,dps.stu.02385,Parent,parent,1,1,Single-student parent for local testing.
dps.par.02147,dps.stu.02386,Parent,parent,1,1,Single-student parent for local testing.
dps.par.02148,dps.stu.02387,Parent,parent,1,1,Single-student parent for local testing.
dps.par.02149,dps.stu.02388,Parent,parent,1,1,Single-student parent for local testing.
dps.par.02150,dps.stu.02389,Parent,parent,1,1,Single-student parent for local testing.
dps.par.02151,dps.stu.02390,Parent,parent,1,1,Single-student parent for local testing.
dps.par.02152,dps.stu.02391,Guardian,parent,1,1,Shared sibling parent for local testing.
dps.par.02152,dps.stu.02392,Guardian,parent,1,1,Shared sibling parent for local testing.
dps.par.02153,dps.stu.02393,Parent,parent,1,1,Single-student parent for local testing.
dps.par.02154,dps.stu.02394,Parent,parent,1,1,Single-student parent for local testing.
dps.par.02155,dps.stu.02395,Parent,parent,1,1,Single-student parent for local testing.
dps.par.02156,dps.stu.02396,Parent,parent,1,1,Single-student parent for local testing.
dps.par.02157,dps.stu.02397,Parent,parent,1,1,Single-student parent for local testing.
dps.par.02158,dps.stu.02398,Parent,parent,1,1,Single-student parent for local testing.
dps.par.02159,dps.stu.02399,Parent,parent,1,1,Single-student parent for local testing.
dps.par.02160,dps.stu.02400,Parent,parent,1,1,Single-student parent for local testing.
dps.par.02161,dps.stu.02401,Guardian,parent,1,1,Shared sibling parent for local testing.
dps.par.02161,dps.stu.02402,Guardian,parent,1,1,Shared sibling parent for local testing.
dps.par.02162,dps.stu.02403,Parent,parent,1,1,Single-student parent for local testing.
dps.par.02163,dps.stu.02404,Parent,parent,1,1,Single-student parent for local testing.
dps.par.02164,dps.stu.02405,Parent,parent,1,1,Single-student parent for local testing.
dps.par.02165,dps.stu.02406,Parent,parent,1,1,Single-student parent for local testing.
dps.par.02166,dps.stu.02407,Parent,parent,1,1,Single-student parent for local testing.
dps.par.02167,dps.stu.02408,Parent,parent,1,1,Single-student parent for local testing.
dps.par.02168,dps.stu.02409,Parent,parent,1,1,Single-student parent for local testing.
dps.par.02169,dps.stu.02410,Parent,parent,1,1,Single-student parent for local testing.
dps.par.02170,dps.stu.02411,Guardian,parent,1,1,Shared sibling parent for local testing.
dps.par.02170,dps.stu.02412,Guardian,parent,1,1,Shared sibling parent for local testing.
dps.par.02171,dps.stu.02413,Parent,parent,1,1,Single-student parent for local testing.
dps.par.02172,dps.stu.02414,Parent,parent,1,1,Single-student parent for local testing.
dps.par.02173,dps.stu.02415,Parent,parent,1,1,Single-student parent for local testing.
dps.par.02174,dps.stu.02416,Parent,parent,1,1,Single-student parent for local testing.
dps.par.02175,dps.stu.02417,Parent,parent,1,1,Single-student parent for local testing.
dps.par.02176,dps.stu.02418,Parent,parent,1,1,Single-student parent for local testing.
dps.par.02177,dps.stu.02419,Parent,parent,1,1,Single-student parent for local testing.
dps.par.02178,dps.stu.02420,Parent,parent,1,1,Single-student parent for local testing.
dps.par.02179,dps.stu.02421,Guardian,parent,1,1,Shared sibling parent for local testing.
dps.par.02179,dps.stu.02422,Guardian,parent,1,1,Shared sibling parent for local testing.
dps.par.02180,dps.stu.02423,Parent,parent,1,1,Single-student parent for local testing.
dps.par.02181,dps.stu.02424,Parent,parent,1,1,Single-student parent for local testing.
dps.par.02182,dps.stu.02425,Parent,parent,1,1,Single-student parent for local testing.
dps.par.02183,dps.stu.02426,Parent,parent,1,1,Single-student parent for local testing.
dps.par.02184,dps.stu.02427,Parent,parent,1,1,Single-student parent for local testing.
dps.par.02185,dps.stu.02428,Parent,parent,1,1,Single-student parent for local testing.
dps.par.02186,dps.stu.02429,Parent,parent,1,1,Single-student parent for local testing.
dps.par.02187,dps.stu.02430,Parent,parent,1,1,Single-student parent for local testing.
dps.par.02188,dps.stu.02431,Guardian,parent,1,1,Shared sibling parent for local testing.
dps.par.02188,dps.stu.02432,Guardian,parent,1,1,Shared sibling parent for local testing.
dps.par.02189,dps.stu.02433,Parent,parent,1,1,Single-student parent for local testing.
dps.par.02190,dps.stu.02434,Parent,parent,1,1,Single-student parent for local testing.
dps.par.02191,dps.stu.02435,Parent,parent,1,1,Single-student parent for local testing.
dps.par.02192,dps.stu.02436,Parent,parent,1,1,Single-student parent for local testing.
dps.par.02193,dps.stu.02437,Parent,parent,1,1,Single-student parent for local testing.
dps.par.02194,dps.stu.02438,Parent,parent,1,1,Single-student parent for local testing.
dps.par.02195,dps.stu.02439,Parent,parent,1,1,Single-student parent for local testing.
dps.par.02196,dps.stu.02440,Parent,parent,1,1,Single-student parent for local testing.
dps.par.02197,dps.stu.02441,Guardian,parent,1,1,Shared sibling parent for local testing.
dps.par.02197,dps.stu.02442,Guardian,parent,1,1,Shared sibling parent for local testing.
dps.par.02198,dps.stu.02443,Parent,parent,1,1,Single-student parent for local testing.
dps.par.02199,dps.stu.02444,Parent,parent,1,1,Single-student parent for local testing.
dps.par.02200,dps.stu.02445,Parent,parent,1,1,Single-student parent for local testing.
dps.par.02201,dps.stu.02446,Parent,parent,1,1,Single-student parent for local testing.
dps.par.02202,dps.stu.02447,Parent,parent,1,1,Single-student parent for local testing.
dps.par.02203,dps.stu.02448,Parent,parent,1,1,Single-student parent for local testing.
dps.par.02204,dps.stu.02449,Parent,parent,1,1,Single-student parent for local testing.
dps.par.02205,dps.stu.02450,Parent,parent,1,1,Single-student parent for local testing.
dps.par.02206,dps.stu.02451,Guardian,parent,1,1,Shared sibling parent for local testing.
dps.par.02206,dps.stu.02452,Guardian,parent,1,1,Shared sibling parent for local testing.
dps.par.02207,dps.stu.02453,Parent,parent,1,1,Single-student parent for local testing.
dps.par.02208,dps.stu.02454,Parent,parent,1,1,Single-student parent for local testing.
dps.par.02209,dps.stu.02455,Parent,parent,1,1,Single-student parent for local testing.
dps.par.02210,dps.stu.02456,Parent,parent,1,1,Single-student parent for local testing.
dps.par.02211,dps.stu.02457,Parent,parent,1,1,Single-student parent for local testing.
dps.par.02212,dps.stu.02458,Parent,parent,1,1,Single-student parent for local testing.
dps.par.02213,dps.stu.02459,Parent,parent,1,1,Single-student parent for local testing.
dps.par.02214,dps.stu.02460,Parent,parent,1,1,Single-student parent for local testing.
dps.par.02215,dps.stu.02461,Guardian,parent,1,1,Shared sibling parent for local testing.
dps.par.02215,dps.stu.02462,Guardian,parent,1,1,Shared sibling parent for local testing.
dps.par.02216,dps.stu.02463,Parent,parent,1,1,Single-student parent for local testing.
dps.par.02217,dps.stu.02464,Parent,parent,1,1,Single-student parent for local testing.
dps.par.02218,dps.stu.02465,Parent,parent,1,1,Single-student parent for local testing.
dps.par.02219,dps.stu.02466,Parent,parent,1,1,Single-student parent for local testing.
dps.par.02220,dps.stu.02467,Parent,parent,1,1,Single-student parent for local testing.
dps.par.02221,dps.stu.02468,Parent,parent,1,1,Single-student parent for local testing.
dps.par.02222,dps.stu.02469,Parent,parent,1,1,Single-student parent for local testing.
dps.par.02223,dps.stu.02470,Parent,parent,1,1,Single-student parent for local testing.
dps.par.02224,dps.stu.02471,Guardian,parent,1,1,Shared sibling parent for local testing.
dps.par.02224,dps.stu.02472,Guardian,parent,1,1,Shared sibling parent for local testing.
dps.par.02225,dps.stu.02473,Parent,parent,1,1,Single-student parent for local testing.
dps.par.02226,dps.stu.02474,Parent,parent,1,1,Single-student parent for local testing.
dps.par.02227,dps.stu.02475,Parent,parent,1,1,Single-student parent for local testing.
dps.par.02228,dps.stu.02476,Parent,parent,1,1,Single-student parent for local testing.
dps.par.02229,dps.stu.02477,Parent,parent,1,1,Single-student parent for local testing.
dps.par.02230,dps.stu.02478,Parent,parent,1,1,Single-student parent for local testing.
dps.par.02231,dps.stu.02479,Parent,parent,1,1,Single-student parent for local testing.
dps.par.02232,dps.stu.02480,Parent,parent,1,1,Single-student parent for local testing.
dps.par.02233,dps.stu.02481,Guardian,parent,1,1,Shared sibling parent for local testing.
dps.par.02233,dps.stu.02482,Guardian,parent,1,1,Shared sibling parent for local testing.
dps.par.02234,dps.stu.02483,Parent,parent,1,1,Single-student parent for local testing.
dps.par.02235,dps.stu.02484,Parent,parent,1,1,Single-student parent for local testing.
dps.par.02236,dps.stu.02485,Parent,parent,1,1,Single-student parent for local testing.
dps.par.02237,dps.stu.02486,Parent,parent,1,1,Single-student parent for local testing.
dps.par.02238,dps.stu.02487,Parent,parent,1,1,Single-student parent for local testing.
dps.par.02239,dps.stu.02488,Parent,parent,1,1,Single-student parent for local testing.
dps.par.02240,dps.stu.02489,Parent,parent,1,1,Single-student parent for local testing.
dps.par.02241,dps.stu.02490,Parent,parent,1,1,Single-student parent for local testing.
dps.par.02242,dps.stu.02491,Guardian,parent,1,1,Shared sibling parent for local testing.
dps.par.02242,dps.stu.02492,Guardian,parent,1,1,Shared sibling parent for local testing.
dps.par.02243,dps.stu.02493,Parent,parent,1,1,Single-student parent for local testing.
dps.par.02244,dps.stu.02494,Parent,parent,1,1,Single-student parent for local testing.
dps.par.02245,dps.stu.02495,Parent,parent,1,1,Single-student parent for local testing.
dps.par.02246,dps.stu.02496,Parent,parent,1,1,Single-student parent for local testing.
dps.par.02247,dps.stu.02497,Parent,parent,1,1,Single-student parent for local testing.
dps.par.02248,dps.stu.02498,Parent,parent,1,1,Single-student parent for local testing.
dps.par.02249,dps.stu.02499,Parent,parent,1,1,Single-student parent for local testing.
dps.par.02250,dps.stu.02500,Parent,parent,1,1,Single-student parent for local testing.
dps.par.02251,dps.stu.02501,Guardian,parent,1,1,Shared sibling parent for local testing.
dps.par.02251,dps.stu.02502,Guardian,parent,1,1,Shared sibling parent for local testing.
dps.par.02252,dps.stu.02503,Parent,parent,1,1,Single-student parent for local testing.
dps.par.02253,dps.stu.02504,Parent,parent,1,1,Single-student parent for local testing.
dps.par.02254,dps.stu.02505,Parent,parent,1,1,Single-student parent for local testing.
dps.par.02255,dps.stu.02506,Parent,parent,1,1,Single-student parent for local testing.
dps.par.02256,dps.stu.02507,Parent,parent,1,1,Single-student parent for local testing.
dps.par.02257,dps.stu.02508,Parent,parent,1,1,Single-student parent for local testing.
dps.par.02258,dps.stu.02509,Parent,parent,1,1,Single-student parent for local testing.
dps.par.02259,dps.stu.02510,Parent,parent,1,1,Single-student parent for local testing.
dps.par.02260,dps.stu.02511,Guardian,parent,1,1,Shared sibling parent for local testing.
dps.par.02260,dps.stu.02512,Guardian,parent,1,1,Shared sibling parent for local testing.
dps.par.02261,dps.stu.02513,Parent,parent,1,1,Single-student parent for local testing.
dps.par.02262,dps.stu.02514,Parent,parent,1,1,Single-student parent for local testing.
dps.par.02263,dps.stu.02515,Parent,parent,1,1,Single-student parent for local testing.
dps.par.02264,dps.stu.02516,Parent,parent,1,1,Single-student parent for local testing.
dps.par.02265,dps.stu.02517,Parent,parent,1,1,Single-student parent for local testing.
dps.par.02266,dps.stu.02518,Parent,parent,1,1,Single-student parent for local testing.
dps.par.02267,dps.stu.02519,Parent,parent,1,1,Single-student parent for local testing.
dps.par.02268,dps.stu.02520,Parent,parent,1,1,Single-student parent for local testing.
dps.par.02269,dps.stu.02521,Guardian,parent,1,1,Shared sibling parent for local testing.
dps.par.02269,dps.stu.02522,Guardian,parent,1,1,Shared sibling parent for local testing.
dps.par.02270,dps.stu.02523,Parent,parent,1,1,Single-student parent for local testing.
dps.par.02271,dps.stu.02524,Parent,parent,1,1,Single-student parent for local testing.
dps.par.02272,dps.stu.02525,Parent,parent,1,1,Single-student parent for local testing.
dps.par.02273,dps.stu.02526,Parent,parent,1,1,Single-student parent for local testing.
dps.par.02274,dps.stu.02527,Parent,parent,1,1,Single-student parent for local testing.
dps.par.02275,dps.stu.02528,Parent,parent,1,1,Single-student parent for local testing.
dps.par.02276,dps.stu.02529,Parent,parent,1,1,Single-student parent for local testing.
dps.par.02277,dps.stu.02530,Parent,parent,1,1,Single-student parent for local testing.
dps.par.02278,dps.stu.02531,Guardian,parent,1,1,Shared sibling parent for local testing.
dps.par.02278,dps.stu.02532,Guardian,parent,1,1,Shared sibling parent for local testing.
dps.par.02279,dps.stu.02533,Parent,parent,1,1,Single-student parent for local testing.
dps.par.02280,dps.stu.02534,Parent,parent,1,1,Single-student parent for local testing.
dps.par.02281,dps.stu.02535,Parent,parent,1,1,Single-student parent for local testing.
dps.par.02282,dps.stu.02536,Parent,parent,1,1,Single-student parent for local testing.
dps.par.02283,dps.stu.02537,Parent,parent,1,1,Single-student parent for local testing.
dps.par.02284,dps.stu.02538,Parent,parent,1,1,Single-student parent for local testing.
dps.par.02285,dps.stu.02539,Parent,parent,1,1,Single-student parent for local testing.
dps.par.02286,dps.stu.02540,Parent,parent,1,1,Single-student parent for local testing.
dps.par.02287,dps.stu.02541,Guardian,parent,1,1,Shared sibling parent for local testing.
dps.par.02287,dps.stu.02542,Guardian,parent,1,1,Shared sibling parent for local testing.
dps.par.02288,dps.stu.02543,Parent,parent,1,1,Single-student parent for local testing.
dps.par.02289,dps.stu.02544,Parent,parent,1,1,Single-student parent for local testing.
dps.par.02290,dps.stu.02545,Parent,parent,1,1,Single-student parent for local testing.
dps.par.02291,dps.stu.02546,Parent,parent,1,1,Single-student parent for local testing.
dps.par.02292,dps.stu.02547,Parent,parent,1,1,Single-student parent for local testing.
dps.par.02293,dps.stu.02548,Parent,parent,1,1,Single-student parent for local testing.
dps.par.02294,dps.stu.02549,Parent,parent,1,1,Single-student parent for local testing.
dps.par.02295,dps.stu.02550,Parent,parent,1,1,Single-student parent for local testing.
dps.par.02296,dps.stu.02551,Guardian,parent,1,1,Shared sibling parent for local testing.
dps.par.02296,dps.stu.02552,Guardian,parent,1,1,Shared sibling parent for local testing.
dps.par.02297,dps.stu.02553,Parent,parent,1,1,Single-student parent for local testing.
dps.par.02298,dps.stu.02554,Parent,parent,1,1,Single-student parent for local testing.
dps.par.02299,dps.stu.02555,Parent,parent,1,1,Single-student parent for local testing.
dps.par.02300,dps.stu.02556,Parent,parent,1,1,Single-student parent for local testing.
dps.par.02301,dps.stu.02557,Parent,parent,1,1,Single-student parent for local testing.
dps.par.02302,dps.stu.02558,Parent,parent,1,1,Single-student parent for local testing.
dps.par.02303,dps.stu.02559,Parent,parent,1,1,Single-student parent for local testing.
dps.par.02304,dps.stu.02560,Parent,parent,1,1,Single-student parent for local testing.
dps.par.02305,dps.stu.02561,Guardian,parent,1,1,Shared sibling parent for local testing.
dps.par.02305,dps.stu.02562,Guardian,parent,1,1,Shared sibling parent for local testing.
dps.par.02306,dps.stu.02563,Parent,parent,1,1,Single-student parent for local testing.
dps.par.02307,dps.stu.02564,Parent,parent,1,1,Single-student parent for local testing.
dps.par.02308,dps.stu.02565,Parent,parent,1,1,Single-student parent for local testing.
dps.par.02309,dps.stu.02566,Parent,parent,1,1,Single-student parent for local testing.
dps.par.02310,dps.stu.02567,Parent,parent,1,1,Single-student parent for local testing.
dps.par.02311,dps.stu.02568,Parent,parent,1,1,Single-student parent for local testing.
dps.par.02312,dps.stu.02569,Parent,parent,1,1,Single-student parent for local testing.
dps.par.02313,dps.stu.02570,Parent,parent,1,1,Single-student parent for local testing.
dps.par.02314,dps.stu.02571,Guardian,parent,1,1,Shared sibling parent for local testing.
dps.par.02314,dps.stu.02572,Guardian,parent,1,1,Shared sibling parent for local testing.
dps.par.02315,dps.stu.02573,Parent,parent,1,1,Single-student parent for local testing.
dps.par.02316,dps.stu.02574,Parent,parent,1,1,Single-student parent for local testing.
dps.par.02317,dps.stu.02575,Parent,parent,1,1,Single-student parent for local testing.
dps.par.02318,dps.stu.02576,Parent,parent,1,1,Single-student parent for local testing.
dps.par.02319,dps.stu.02577,Parent,parent,1,1,Single-student parent for local testing.
dps.par.02320,dps.stu.02578,Parent,parent,1,1,Single-student parent for local testing.
dps.par.02321,dps.stu.02579,Parent,parent,1,1,Single-student parent for local testing.
dps.par.02322,dps.stu.02580,Parent,parent,1,1,Single-student parent for local testing.
dps.par.02323,dps.stu.02581,Guardian,parent,1,1,Shared sibling parent for local testing.
dps.par.02323,dps.stu.02582,Guardian,parent,1,1,Shared sibling parent for local testing.
dps.par.02324,dps.stu.02583,Parent,parent,1,1,Single-student parent for local testing.
dps.par.02325,dps.stu.02584,Parent,parent,1,1,Single-student parent for local testing.
dps.par.02326,dps.stu.02585,Parent,parent,1,1,Single-student parent for local testing.
dps.par.02327,dps.stu.02586,Parent,parent,1,1,Single-student parent for local testing.
dps.par.02328,dps.stu.02587,Parent,parent,1,1,Single-student parent for local testing.
dps.par.02329,dps.stu.02588,Parent,parent,1,1,Single-student parent for local testing.
dps.par.02330,dps.stu.02589,Parent,parent,1,1,Single-student parent for local testing.
dps.par.02331,dps.stu.02590,Parent,parent,1,1,Single-student parent for local testing.
dps.par.02332,dps.stu.02591,Guardian,parent,1,1,Shared sibling parent for local testing.
dps.par.02332,dps.stu.02592,Guardian,parent,1,1,Shared sibling parent for local testing.
dps.par.02333,dps.stu.02593,Parent,parent,1,1,Single-student parent for local testing.
dps.par.02334,dps.stu.02594,Parent,parent,1,1,Single-student parent for local testing.
dps.par.02335,dps.stu.02595,Parent,parent,1,1,Single-student parent for local testing.
dps.par.02336,dps.stu.02596,Parent,parent,1,1,Single-student parent for local testing.
dps.par.02337,dps.stu.02597,Parent,parent,1,1,Single-student parent for local testing.
dps.par.02338,dps.stu.02598,Parent,parent,1,1,Single-student parent for local testing.
dps.par.02339,dps.stu.02599,Parent,parent,1,1,Single-student parent for local testing.
dps.par.02340,dps.stu.02600,Parent,parent,1,1,Single-student parent for local testing.
dps.par.02341,dps.stu.02601,Guardian,parent,1,1,Shared sibling parent for local testing.
dps.par.02341,dps.stu.02602,Guardian,parent,1,1,Shared sibling parent for local testing.
dps.par.02342,dps.stu.02603,Parent,parent,1,1,Single-student parent for local testing.
dps.par.02343,dps.stu.02604,Parent,parent,1,1,Single-student parent for local testing.
dps.par.02344,dps.stu.02605,Parent,parent,1,1,Single-student parent for local testing.
dps.par.02345,dps.stu.02606,Parent,parent,1,1,Single-student parent for local testing.
dps.par.02346,dps.stu.02607,Parent,parent,1,1,Single-student parent for local testing.
dps.par.02347,dps.stu.02608,Parent,parent,1,1,Single-student parent for local testing.
dps.par.02348,dps.stu.02609,Parent,parent,1,1,Single-student parent for local testing.
dps.par.02349,dps.stu.02610,Parent,parent,1,1,Single-student parent for local testing.
dps.par.02350,dps.stu.02611,Guardian,parent,1,1,Shared sibling parent for local testing.
dps.par.02350,dps.stu.02612,Guardian,parent,1,1,Shared sibling parent for local testing.
dps.par.02351,dps.stu.02613,Parent,parent,1,1,Single-student parent for local testing.
dps.par.02352,dps.stu.02614,Parent,parent,1,1,Single-student parent for local testing.
dps.par.02353,dps.stu.02615,Parent,parent,1,1,Single-student parent for local testing.
dps.par.02354,dps.stu.02616,Parent,parent,1,1,Single-student parent for local testing.
dps.par.02355,dps.stu.02617,Parent,parent,1,1,Single-student parent for local testing.
dps.par.02356,dps.stu.02618,Parent,parent,1,1,Single-student parent for local testing.
dps.par.02357,dps.stu.02619,Parent,parent,1,1,Single-student parent for local testing.
dps.par.02358,dps.stu.02620,Parent,parent,1,1,Single-student parent for local testing.
dps.par.02359,dps.stu.02621,Guardian,parent,1,1,Shared sibling parent for local testing.
dps.par.02359,dps.stu.02622,Guardian,parent,1,1,Shared sibling parent for local testing.
dps.par.02360,dps.stu.02623,Parent,parent,1,1,Single-student parent for local testing.
dps.par.02361,dps.stu.02624,Parent,parent,1,1,Single-student parent for local testing.
dps.par.02362,dps.stu.02625,Parent,parent,1,1,Single-student parent for local testing.
dps.par.02363,dps.stu.02626,Parent,parent,1,1,Single-student parent for local testing.
dps.par.02364,dps.stu.02627,Parent,parent,1,1,Single-student parent for local testing.
dps.par.02365,dps.stu.02628,Parent,parent,1,1,Single-student parent for local testing.
dps.par.02366,dps.stu.02629,Parent,parent,1,1,Single-student parent for local testing.
dps.par.02367,dps.stu.02630,Parent,parent,1,1,Single-student parent for local testing.
dps.par.02368,dps.stu.02631,Guardian,parent,1,1,Shared sibling parent for local testing.
dps.par.02368,dps.stu.02632,Guardian,parent,1,1,Shared sibling parent for local testing.
dps.par.02369,dps.stu.02633,Parent,parent,1,1,Single-student parent for local testing.
dps.par.02370,dps.stu.02634,Parent,parent,1,1,Single-student parent for local testing.
dps.par.02371,dps.stu.02635,Parent,parent,1,1,Single-student parent for local testing.
dps.par.02372,dps.stu.02636,Parent,parent,1,1,Single-student parent for local testing.
dps.par.02373,dps.stu.02637,Parent,parent,1,1,Single-student parent for local testing.
dps.par.02374,dps.stu.02638,Parent,parent,1,1,Single-student parent for local testing.
dps.par.02375,dps.stu.02639,Parent,parent,1,1,Single-student parent for local testing.
dps.par.02376,dps.stu.02640,Parent,parent,1,1,Single-student parent for local testing.
dps.par.02377,dps.stu.02641,Guardian,parent,1,1,Shared sibling parent for local testing.
dps.par.02377,dps.stu.02642,Guardian,parent,1,1,Shared sibling parent for local testing.
dps.par.02378,dps.stu.02643,Parent,parent,1,1,Single-student parent for local testing.
dps.par.02379,dps.stu.02644,Parent,parent,1,1,Single-student parent for local testing.
dps.par.02380,dps.stu.02645,Parent,parent,1,1,Single-student parent for local testing.
dps.par.02381,dps.stu.02646,Parent,parent,1,1,Single-student parent for local testing.
dps.par.02382,dps.stu.02647,Parent,parent,1,1,Single-student parent for local testing.
dps.par.02383,dps.stu.02648,Parent,parent,1,1,Single-student parent for local testing.
dps.par.02384,dps.stu.02649,Parent,parent,1,1,Single-student parent for local testing.
dps.par.02385,dps.stu.02650,Parent,parent,1,1,Single-student parent for local testing.
dps.par.02386,dps.stu.02651,Guardian,parent,1,1,Shared sibling parent for local testing.
dps.par.02386,dps.stu.02652,Guardian,parent,1,1,Shared sibling parent for local testing.
dps.par.02387,dps.stu.02653,Parent,parent,1,1,Single-student parent for local testing.
dps.par.02388,dps.stu.02654,Parent,parent,1,1,Single-student parent for local testing.
dps.par.02389,dps.stu.02655,Parent,parent,1,1,Single-student parent for local testing.
dps.par.02390,dps.stu.02656,Parent,parent,1,1,Single-student parent for local testing.
dps.par.02391,dps.stu.02657,Parent,parent,1,1,Single-student parent for local testing.
dps.par.02392,dps.stu.02658,Parent,parent,1,1,Single-student parent for local testing.
dps.par.02393,dps.stu.02659,Parent,parent,1,1,Single-student parent for local testing.
dps.par.02394,dps.stu.02660,Parent,parent,1,1,Single-student parent for local testing.
dps.par.02395,dps.stu.02661,Guardian,parent,1,1,Shared sibling parent for local testing.
dps.par.02395,dps.stu.02662,Guardian,parent,1,1,Shared sibling parent for local testing.
dps.par.02396,dps.stu.02663,Parent,parent,1,1,Single-student parent for local testing.
dps.par.02397,dps.stu.02664,Parent,parent,1,1,Single-student parent for local testing.
dps.par.02398,dps.stu.02665,Parent,parent,1,1,Single-student parent for local testing.
dps.par.02399,dps.stu.02666,Parent,parent,1,1,Single-student parent for local testing.
dps.par.02400,dps.stu.02667,Parent,parent,1,1,Single-student parent for local testing.
dps.par.02401,dps.stu.02668,Parent,parent,1,1,Single-student parent for local testing.
dps.par.02402,dps.stu.02669,Parent,parent,1,1,Single-student parent for local testing.
dps.par.02403,dps.stu.02670,Parent,parent,1,1,Single-student parent for local testing.
dps.par.02404,dps.stu.02671,Guardian,parent,1,1,Shared sibling parent for local testing.
dps.par.02404,dps.stu.02672,Guardian,parent,1,1,Shared sibling parent for local testing.
dps.par.02405,dps.stu.02673,Parent,parent,1,1,Single-student parent for local testing.
dps.par.02406,dps.stu.02674,Parent,parent,1,1,Single-student parent for local testing.
dps.par.02407,dps.stu.02675,Parent,parent,1,1,Single-student parent for local testing.
dps.par.02408,dps.stu.02676,Parent,parent,1,1,Single-student parent for local testing.
dps.par.02409,dps.stu.02677,Parent,parent,1,1,Single-student parent for local testing.
dps.par.02410,dps.stu.02678,Parent,parent,1,1,Single-student parent for local testing.
dps.par.02411,dps.stu.02679,Parent,parent,1,1,Single-student parent for local testing.
dps.par.02412,dps.stu.02680,Parent,parent,1,1,Single-student parent for local testing.
dps.par.02413,dps.stu.02681,Guardian,parent,1,1,Shared sibling parent for local testing.
dps.par.02413,dps.stu.02682,Guardian,parent,1,1,Shared sibling parent for local testing.
dps.par.02414,dps.stu.02683,Parent,parent,1,1,Single-student parent for local testing.
dps.par.02415,dps.stu.02684,Parent,parent,1,1,Single-student parent for local testing.
dps.par.02416,dps.stu.02685,Parent,parent,1,1,Single-student parent for local testing.
dps.par.02417,dps.stu.02686,Parent,parent,1,1,Single-student parent for local testing.
dps.par.02418,dps.stu.02687,Parent,parent,1,1,Single-student parent for local testing.
dps.par.02419,dps.stu.02688,Parent,parent,1,1,Single-student parent for local testing.
dps.par.02420,dps.stu.02689,Parent,parent,1,1,Single-student parent for local testing.
dps.par.02421,dps.stu.02690,Parent,parent,1,1,Single-student parent for local testing.
dps.par.02422,dps.stu.02691,Guardian,parent,1,1,Shared sibling parent for local testing.
dps.par.02422,dps.stu.02692,Guardian,parent,1,1,Shared sibling parent for local testing.
dps.par.02423,dps.stu.02693,Parent,parent,1,1,Single-student parent for local testing.
dps.par.02424,dps.stu.02694,Parent,parent,1,1,Single-student parent for local testing.
dps.par.02425,dps.stu.02695,Parent,parent,1,1,Single-student parent for local testing.
dps.par.02426,dps.stu.02696,Parent,parent,1,1,Single-student parent for local testing.
dps.par.02427,dps.stu.02697,Parent,parent,1,1,Single-student parent for local testing.
dps.par.02428,dps.stu.02698,Parent,parent,1,1,Single-student parent for local testing.
dps.par.02429,dps.stu.02699,Parent,parent,1,1,Single-student parent for local testing.
dps.par.02430,dps.stu.02700,Parent,parent,1,1,Single-student parent for local testing.
dps.par.02431,dps.stu.02701,Guardian,parent,1,1,Shared sibling parent for local testing.
dps.par.02431,dps.stu.02702,Guardian,parent,1,1,Shared sibling parent for local testing.
dps.par.02432,dps.stu.02703,Parent,parent,1,1,Single-student parent for local testing.
dps.par.02433,dps.stu.02704,Parent,parent,1,1,Single-student parent for local testing.
dps.par.02434,dps.stu.02705,Parent,parent,1,1,Single-student parent for local testing.
dps.par.02435,dps.stu.02706,Parent,parent,1,1,Single-student parent for local testing.
dps.par.02436,dps.stu.02707,Parent,parent,1,1,Single-student parent for local testing.
dps.par.02437,dps.stu.02708,Parent,parent,1,1,Single-student parent for local testing.
dps.par.02438,dps.stu.02709,Parent,parent,1,1,Single-student parent for local testing.
dps.par.02439,dps.stu.02710,Parent,parent,1,1,Single-student parent for local testing.
dps.par.02440,dps.stu.02711,Guardian,parent,1,1,Shared sibling parent for local testing.
dps.par.02440,dps.stu.02712,Guardian,parent,1,1,Shared sibling parent for local testing.
dps.par.02441,dps.stu.02713,Parent,parent,1,1,Single-student parent for local testing.
dps.par.02442,dps.stu.02714,Parent,parent,1,1,Single-student parent for local testing.
dps.par.02443,dps.stu.02715,Parent,parent,1,1,Single-student parent for local testing.
dps.par.02444,dps.stu.02716,Parent,parent,1,1,Single-student parent for local testing.
dps.par.02445,dps.stu.02717,Parent,parent,1,1,Single-student parent for local testing.
dps.par.02446,dps.stu.02718,Parent,parent,1,1,Single-student parent for local testing.
dps.par.02447,dps.stu.02719,Parent,parent,1,1,Single-student parent for local testing.
dps.par.02448,dps.stu.02720,Parent,parent,1,1,Single-student parent for local testing.
dps.par.02449,dps.stu.02721,Guardian,parent,1,1,Shared sibling parent for local testing.
dps.par.02449,dps.stu.02722,Guardian,parent,1,1,Shared sibling parent for local testing.
dps.par.02450,dps.stu.02723,Parent,parent,1,1,Single-student parent for local testing.
dps.par.02451,dps.stu.02724,Parent,parent,1,1,Single-student parent for local testing.
dps.par.02452,dps.stu.02725,Parent,parent,1,1,Single-student parent for local testing.
dps.par.02453,dps.stu.02726,Parent,parent,1,1,Single-student parent for local testing.
dps.par.02454,dps.stu.02727,Parent,parent,1,1,Single-student parent for local testing.
dps.par.02455,dps.stu.02728,Parent,parent,1,1,Single-student parent for local testing.
dps.par.02456,dps.stu.02729,Parent,parent,1,1,Single-student parent for local testing.
dps.par.02457,dps.stu.02730,Parent,parent,1,1,Single-student parent for local testing.
dps.par.02458,dps.stu.02731,Guardian,parent,1,1,Shared sibling parent for local testing.
dps.par.02458,dps.stu.02732,Guardian,parent,1,1,Shared sibling parent for local testing.
dps.par.02459,dps.stu.02733,Parent,parent,1,1,Single-student parent for local testing.
dps.par.02460,dps.stu.02734,Parent,parent,1,1,Single-student parent for local testing.
dps.par.02461,dps.stu.02735,Parent,parent,1,1,Single-student parent for local testing.
dps.par.02462,dps.stu.02736,Parent,parent,1,1,Single-student parent for local testing.
dps.par.02463,dps.stu.02737,Parent,parent,1,1,Single-student parent for local testing.
dps.par.02464,dps.stu.02738,Parent,parent,1,1,Single-student parent for local testing.
dps.par.02465,dps.stu.02739,Parent,parent,1,1,Single-student parent for local testing.
dps.par.02466,dps.stu.02740,Parent,parent,1,1,Single-student parent for local testing.
dps.par.02467,dps.stu.02741,Guardian,parent,1,1,Shared sibling parent for local testing.
dps.par.02467,dps.stu.02742,Guardian,parent,1,1,Shared sibling parent for local testing.
dps.par.02468,dps.stu.02743,Parent,parent,1,1,Single-student parent for local testing.
dps.par.02469,dps.stu.02744,Parent,parent,1,1,Single-student parent for local testing.
dps.par.02470,dps.stu.02745,Parent,parent,1,1,Single-student parent for local testing.
dps.par.02471,dps.stu.02746,Parent,parent,1,1,Single-student parent for local testing.
dps.par.02472,dps.stu.02747,Parent,parent,1,1,Single-student parent for local testing.
dps.par.02473,dps.stu.02748,Parent,parent,1,1,Single-student parent for local testing.
dps.par.02474,dps.stu.02749,Parent,parent,1,1,Single-student parent for local testing.
dps.par.02475,dps.stu.02750,Parent,parent,1,1,Single-student parent for local testing.
dps.par.02476,dps.stu.02751,Guardian,parent,1,1,Shared sibling parent for local testing.
dps.par.02476,dps.stu.02752,Guardian,parent,1,1,Shared sibling parent for local testing.
dps.par.02477,dps.stu.02753,Parent,parent,1,1,Single-student parent for local testing.
dps.par.02478,dps.stu.02754,Parent,parent,1,1,Single-student parent for local testing.
dps.par.02479,dps.stu.02755,Parent,parent,1,1,Single-student parent for local testing.
dps.par.02480,dps.stu.02756,Parent,parent,1,1,Single-student parent for local testing.
dps.par.02481,dps.stu.02757,Parent,parent,1,1,Single-student parent for local testing.
dps.par.02482,dps.stu.02758,Parent,parent,1,1,Single-student parent for local testing.
dps.par.02483,dps.stu.02759,Parent,parent,1,1,Single-student parent for local testing.
dps.par.02484,dps.stu.02760,Parent,parent,1,1,Single-student parent for local testing.
dps.par.02485,dps.stu.02761,Guardian,parent,1,1,Shared sibling parent for local testing.
dps.par.02485,dps.stu.02762,Guardian,parent,1,1,Shared sibling parent for local testing.
dps.par.02486,dps.stu.02763,Parent,parent,1,1,Single-student parent for local testing.
dps.par.02487,dps.stu.02764,Parent,parent,1,1,Single-student parent for local testing.
dps.par.02488,dps.stu.02765,Parent,parent,1,1,Single-student parent for local testing.
dps.par.02489,dps.stu.02766,Parent,parent,1,1,Single-student parent for local testing.
dps.par.02490,dps.stu.02767,Parent,parent,1,1,Single-student parent for local testing.
dps.par.02491,dps.stu.02768,Parent,parent,1,1,Single-student parent for local testing.
dps.par.02492,dps.stu.02769,Parent,parent,1,1,Single-student parent for local testing.
dps.par.02493,dps.stu.02770,Parent,parent,1,1,Single-student parent for local testing.
dps.par.02494,dps.stu.02771,Guardian,parent,1,1,Shared sibling parent for local testing.
dps.par.02494,dps.stu.02772,Guardian,parent,1,1,Shared sibling parent for local testing.
dps.par.02495,dps.stu.02773,Parent,parent,1,1,Single-student parent for local testing.
dps.par.02496,dps.stu.02774,Parent,parent,1,1,Single-student parent for local testing.
dps.par.02497,dps.stu.02775,Parent,parent,1,1,Single-student parent for local testing.
dps.par.02498,dps.stu.02776,Parent,parent,1,1,Single-student parent for local testing.
dps.par.02499,dps.stu.02777,Parent,parent,1,1,Single-student parent for local testing.
dps.par.02500,dps.stu.02778,Parent,parent,1,1,Single-student parent for local testing.
dps.par.02501,dps.stu.02779,Parent,parent,1,1,Single-student parent for local testing.
dps.par.02502,dps.stu.02780,Parent,parent,1,1,Single-student parent for local testing.
dps.par.02503,dps.stu.02781,Guardian,parent,1,1,Shared sibling parent for local testing.
dps.par.02503,dps.stu.02782,Guardian,parent,1,1,Shared sibling parent for local testing.
dps.par.02504,dps.stu.02783,Parent,parent,1,1,Single-student parent for local testing.
dps.par.02505,dps.stu.02784,Parent,parent,1,1,Single-student parent for local testing.
dps.par.02506,dps.stu.02785,Parent,parent,1,1,Single-student parent for local testing.
dps.par.02507,dps.stu.02786,Parent,parent,1,1,Single-student parent for local testing.
dps.par.02508,dps.stu.02787,Parent,parent,1,1,Single-student parent for local testing.
dps.par.02509,dps.stu.02788,Parent,parent,1,1,Single-student parent for local testing.
dps.par.02510,dps.stu.02789,Parent,parent,1,1,Single-student parent for local testing.
dps.par.02511,dps.stu.02790,Parent,parent,1,1,Single-student parent for local testing.
dps.par.02512,dps.stu.02791,Guardian,parent,1,1,Shared sibling parent for local testing.
dps.par.02512,dps.stu.02792,Guardian,parent,1,1,Shared sibling parent for local testing.
dps.par.02513,dps.stu.02793,Parent,parent,1,1,Single-student parent for local testing.
dps.par.02514,dps.stu.02794,Parent,parent,1,1,Single-student parent for local testing.
dps.par.02515,dps.stu.02795,Parent,parent,1,1,Single-student parent for local testing.
dps.par.02516,dps.stu.02796,Parent,parent,1,1,Single-student parent for local testing.
dps.par.02517,dps.stu.02797,Parent,parent,1,1,Single-student parent for local testing.
dps.par.02518,dps.stu.02798,Parent,parent,1,1,Single-student parent for local testing.
dps.par.02519,dps.stu.02799,Parent,parent,1,1,Single-student parent for local testing.
dps.par.02520,dps.stu.02800,Parent,parent,1,1,Single-student parent for local testing.
dps.par.02521,dps.stu.02801,Guardian,parent,1,1,Shared sibling parent for local testing.
dps.par.02521,dps.stu.02802,Guardian,parent,1,1,Shared sibling parent for local testing.
dps.par.02522,dps.stu.02803,Parent,parent,1,1,Single-student parent for local testing.
dps.par.02523,dps.stu.02804,Parent,parent,1,1,Single-student parent for local testing.
dps.par.02524,dps.stu.02805,Parent,parent,1,1,Single-student parent for local testing.
dps.par.02525,dps.stu.02806,Parent,parent,1,1,Single-student parent for local testing.
dps.par.02526,dps.stu.02807,Parent,parent,1,1,Single-student parent for local testing.
dps.par.02527,dps.stu.02808,Parent,parent,1,1,Single-student parent for local testing.
dps.par.02528,dps.stu.02809,Parent,parent,1,1,Single-student parent for local testing.
dps.par.02529,dps.stu.02810,Parent,parent,1,1,Single-student parent for local testing.
dps.par.02530,dps.stu.02811,Guardian,parent,1,1,Shared sibling parent for local testing.
dps.par.02530,dps.stu.02812,Guardian,parent,1,1,Shared sibling parent for local testing.
dps.par.02531,dps.stu.02813,Parent,parent,1,1,Single-student parent for local testing.
dps.par.02532,dps.stu.02814,Parent,parent,1,1,Single-student parent for local testing.
dps.par.02533,dps.stu.02815,Parent,parent,1,1,Single-student parent for local testing.
dps.par.02534,dps.stu.02816,Parent,parent,1,1,Single-student parent for local testing.
dps.par.02535,dps.stu.02817,Parent,parent,1,1,Single-student parent for local testing.
dps.par.02536,dps.stu.02818,Parent,parent,1,1,Single-student parent for local testing.
dps.par.02537,dps.stu.02819,Parent,parent,1,1,Single-student parent for local testing.
dps.par.02538,dps.stu.02820,Parent,parent,1,1,Single-student parent for local testing.
dps.par.02539,dps.stu.02821,Guardian,parent,1,1,Shared sibling parent for local testing.
dps.par.02539,dps.stu.02822,Guardian,parent,1,1,Shared sibling parent for local testing.
dps.par.02540,dps.stu.02823,Parent,parent,1,1,Single-student parent for local testing.
dps.par.02541,dps.stu.02824,Parent,parent,1,1,Single-student parent for local testing.
dps.par.02542,dps.stu.02825,Parent,parent,1,1,Single-student parent for local testing.
dps.par.02543,dps.stu.02826,Parent,parent,1,1,Single-student parent for local testing.
dps.par.02544,dps.stu.02827,Parent,parent,1,1,Single-student parent for local testing.
dps.par.02545,dps.stu.02828,Parent,parent,1,1,Single-student parent for local testing.
dps.par.02546,dps.stu.02829,Parent,parent,1,1,Single-student parent for local testing.
dps.par.02547,dps.stu.02830,Parent,parent,1,1,Single-student parent for local testing.
dps.par.02548,dps.stu.02831,Guardian,parent,1,1,Shared sibling parent for local testing.
dps.par.02548,dps.stu.02832,Guardian,parent,1,1,Shared sibling parent for local testing.
dps.par.02549,dps.stu.02833,Parent,parent,1,1,Single-student parent for local testing.
dps.par.02550,dps.stu.02834,Parent,parent,1,1,Single-student parent for local testing.
dps.par.02551,dps.stu.02835,Parent,parent,1,1,Single-student parent for local testing.
dps.par.02552,dps.stu.02836,Parent,parent,1,1,Single-student parent for local testing.
dps.par.02553,dps.stu.02837,Parent,parent,1,1,Single-student parent for local testing.
dps.par.02554,dps.stu.02838,Parent,parent,1,1,Single-student parent for local testing.
dps.par.02555,dps.stu.02839,Parent,parent,1,1,Single-student parent for local testing.
dps.par.02556,dps.stu.02840,Parent,parent,1,1,Single-student parent for local testing.
dps.par.02557,dps.stu.02841,Guardian,parent,1,1,Shared sibling parent for local testing.
dps.par.02557,dps.stu.02842,Guardian,parent,1,1,Shared sibling parent for local testing.
dps.par.02558,dps.stu.02843,Parent,parent,1,1,Single-student parent for local testing.
dps.par.02559,dps.stu.02844,Parent,parent,1,1,Single-student parent for local testing.
dps.par.02560,dps.stu.02845,Parent,parent,1,1,Single-student parent for local testing.
dps.par.02561,dps.stu.02846,Parent,parent,1,1,Single-student parent for local testing.
dps.par.02562,dps.stu.02847,Parent,parent,1,1,Single-student parent for local testing.
dps.par.02563,dps.stu.02848,Parent,parent,1,1,Single-student parent for local testing.
dps.par.02564,dps.stu.02849,Parent,parent,1,1,Single-student parent for local testing.
dps.par.02565,dps.stu.02850,Parent,parent,1,1,Single-student parent for local testing.
dps.par.02566,dps.stu.02851,Guardian,parent,1,1,Shared sibling parent for local testing.
dps.par.02566,dps.stu.02852,Guardian,parent,1,1,Shared sibling parent for local testing.
dps.par.02567,dps.stu.02853,Parent,parent,1,1,Single-student parent for local testing.
dps.par.02568,dps.stu.02854,Parent,parent,1,1,Single-student parent for local testing.
dps.par.02569,dps.stu.02855,Parent,parent,1,1,Single-student parent for local testing.
dps.par.02570,dps.stu.02856,Parent,parent,1,1,Single-student parent for local testing.
dps.par.02571,dps.stu.02857,Parent,parent,1,1,Single-student parent for local testing.
dps.par.02572,dps.stu.02858,Parent,parent,1,1,Single-student parent for local testing.
dps.par.02573,dps.stu.02859,Parent,parent,1,1,Single-student parent for local testing.
dps.par.02574,dps.stu.02860,Parent,parent,1,1,Single-student parent for local testing.
dps.par.02575,dps.stu.02861,Guardian,parent,1,1,Shared sibling parent for local testing.
dps.par.02575,dps.stu.02862,Guardian,parent,1,1,Shared sibling parent for local testing.
dps.par.02576,dps.stu.02863,Parent,parent,1,1,Single-student parent for local testing.
dps.par.02577,dps.stu.02864,Parent,parent,1,1,Single-student parent for local testing.
dps.par.02578,dps.stu.02865,Parent,parent,1,1,Single-student parent for local testing.
dps.par.02579,dps.stu.02866,Parent,parent,1,1,Single-student parent for local testing.
dps.par.02580,dps.stu.02867,Parent,parent,1,1,Single-student parent for local testing.
dps.par.02581,dps.stu.02868,Parent,parent,1,1,Single-student parent for local testing.
dps.par.02582,dps.stu.02869,Parent,parent,1,1,Single-student parent for local testing.
dps.par.02583,dps.stu.02870,Parent,parent,1,1,Single-student parent for local testing.
dps.par.02584,dps.stu.02871,Guardian,parent,1,1,Shared sibling parent for local testing.
dps.par.02584,dps.stu.02872,Guardian,parent,1,1,Shared sibling parent for local testing.
dps.par.02585,dps.stu.02873,Parent,parent,1,1,Single-student parent for local testing.
dps.par.02586,dps.stu.02874,Parent,parent,1,1,Single-student parent for local testing.
dps.par.02587,dps.stu.02875,Parent,parent,1,1,Single-student parent for local testing.
dps.par.02588,dps.stu.02876,Parent,parent,1,1,Single-student parent for local testing.
dps.par.02589,dps.stu.02877,Parent,parent,1,1,Single-student parent for local testing.
dps.par.02590,dps.stu.02878,Parent,parent,1,1,Single-student parent for local testing.
dps.par.02591,dps.stu.02879,Parent,parent,1,1,Single-student parent for local testing.
dps.par.02592,dps.stu.02880,Parent,parent,1,1,Single-student parent for local testing.
dps.par.02593,dps.stu.02881,Guardian,parent,1,1,Shared sibling parent for local testing.
dps.par.02593,dps.stu.02882,Guardian,parent,1,1,Shared sibling parent for local testing.
dps.par.02594,dps.stu.02883,Parent,parent,1,1,Single-student parent for local testing.
dps.par.02595,dps.stu.02884,Parent,parent,1,1,Single-student parent for local testing.
dps.par.02596,dps.stu.02885,Parent,parent,1,1,Single-student parent for local testing.
dps.par.02597,dps.stu.02886,Parent,parent,1,1,Single-student parent for local testing.
dps.par.02598,dps.stu.02887,Parent,parent,1,1,Single-student parent for local testing.
dps.par.02599,dps.stu.02888,Parent,parent,1,1,Single-student parent for local testing.
dps.par.02600,dps.stu.02889,Parent,parent,1,1,Single-student parent for local testing.
dps.par.02601,dps.stu.02890,Parent,parent,1,1,Single-student parent for local testing.
dps.par.02602,dps.stu.02891,Guardian,parent,1,1,Shared sibling parent for local testing.
dps.par.02602,dps.stu.02892,Guardian,parent,1,1,Shared sibling parent for local testing.
dps.par.02603,dps.stu.02893,Parent,parent,1,1,Single-student parent for local testing.
dps.par.02604,dps.stu.02894,Parent,parent,1,1,Single-student parent for local testing.
dps.par.02605,dps.stu.02895,Parent,parent,1,1,Single-student parent for local testing.
dps.par.02606,dps.stu.02896,Parent,parent,1,1,Single-student parent for local testing.
dps.par.02607,dps.stu.02897,Parent,parent,1,1,Single-student parent for local testing.
dps.par.02608,dps.stu.02898,Parent,parent,1,1,Single-student parent for local testing.
dps.par.02609,dps.stu.02899,Parent,parent,1,1,Single-student parent for local testing.
dps.par.02610,dps.stu.02900,Parent,parent,1,1,Single-student parent for local testing.
dps.par.02611,dps.stu.02901,Guardian,parent,1,1,Shared sibling parent for local testing.
dps.par.02611,dps.stu.02902,Guardian,parent,1,1,Shared sibling parent for local testing.
dps.par.02612,dps.stu.02903,Parent,parent,1,1,Single-student parent for local testing.
dps.par.02613,dps.stu.02904,Parent,parent,1,1,Single-student parent for local testing.
dps.par.02614,dps.stu.02905,Parent,parent,1,1,Single-student parent for local testing.
dps.par.02615,dps.stu.02906,Parent,parent,1,1,Single-student parent for local testing.
dps.par.02616,dps.stu.02907,Parent,parent,1,1,Single-student parent for local testing.
dps.par.02617,dps.stu.02908,Parent,parent,1,1,Single-student parent for local testing.
dps.par.02618,dps.stu.02909,Parent,parent,1,1,Single-student parent for local testing.
dps.par.02619,dps.stu.02910,Parent,parent,1,1,Single-student parent for local testing.
dps.par.02620,dps.stu.02911,Guardian,parent,1,1,Shared sibling parent for local testing.
dps.par.02620,dps.stu.02912,Guardian,parent,1,1,Shared sibling parent for local testing.
dps.par.02621,dps.stu.02913,Parent,parent,1,1,Single-student parent for local testing.
dps.par.02622,dps.stu.02914,Parent,parent,1,1,Single-student parent for local testing.
dps.par.02623,dps.stu.02915,Parent,parent,1,1,Single-student parent for local testing.
dps.par.02624,dps.stu.02916,Parent,parent,1,1,Single-student parent for local testing.
dps.par.02625,dps.stu.02917,Parent,parent,1,1,Single-student parent for local testing.
dps.par.02626,dps.stu.02918,Parent,parent,1,1,Single-student parent for local testing.
dps.par.02627,dps.stu.02919,Parent,parent,1,1,Single-student parent for local testing.
dps.par.02628,dps.stu.02920,Parent,parent,1,1,Single-student parent for local testing.
dps.par.02629,dps.stu.02921,Guardian,parent,1,1,Shared sibling parent for local testing.
dps.par.02629,dps.stu.02922,Guardian,parent,1,1,Shared sibling parent for local testing.
dps.par.02630,dps.stu.02923,Parent,parent,1,1,Single-student parent for local testing.
dps.par.02631,dps.stu.02924,Parent,parent,1,1,Single-student parent for local testing.
dps.par.02632,dps.stu.02925,Parent,parent,1,1,Single-student parent for local testing.
dps.par.02633,dps.stu.02926,Parent,parent,1,1,Single-student parent for local testing.
dps.par.02634,dps.stu.02927,Parent,parent,1,1,Single-student parent for local testing.
dps.par.02635,dps.stu.02928,Parent,parent,1,1,Single-student parent for local testing.
dps.par.02636,dps.stu.02929,Parent,parent,1,1,Single-student parent for local testing.
dps.par.02637,dps.stu.02930,Parent,parent,1,1,Single-student parent for local testing.
dps.par.02638,dps.stu.02931,Guardian,parent,1,1,Shared sibling parent for local testing.
dps.par.02638,dps.stu.02932,Guardian,parent,1,1,Shared sibling parent for local testing.
dps.par.02639,dps.stu.02933,Parent,parent,1,1,Single-student parent for local testing.
dps.par.02640,dps.stu.02934,Parent,parent,1,1,Single-student parent for local testing.
dps.par.02641,dps.stu.02935,Parent,parent,1,1,Single-student parent for local testing.
dps.par.02642,dps.stu.02936,Parent,parent,1,1,Single-student parent for local testing.
dps.par.02643,dps.stu.02937,Parent,parent,1,1,Single-student parent for local testing.
dps.par.02644,dps.stu.02938,Parent,parent,1,1,Single-student parent for local testing.
dps.par.02645,dps.stu.02939,Parent,parent,1,1,Single-student parent for local testing.
dps.par.02646,dps.stu.02940,Parent,parent,1,1,Single-student parent for local testing.
dps.par.02647,dps.stu.02941,Guardian,parent,1,1,Shared sibling parent for local testing.
dps.par.02647,dps.stu.02942,Guardian,parent,1,1,Shared sibling parent for local testing.
dps.par.02648,dps.stu.02943,Parent,parent,1,1,Single-student parent for local testing.
dps.par.02649,dps.stu.02944,Parent,parent,1,1,Single-student parent for local testing.
dps.par.02650,dps.stu.02945,Parent,parent,1,1,Single-student parent for local testing.
dps.par.02651,dps.stu.02946,Parent,parent,1,1,Single-student parent for local testing.
dps.par.02652,dps.stu.02947,Parent,parent,1,1,Single-student parent for local testing.
dps.par.02653,dps.stu.02948,Parent,parent,1,1,Single-student parent for local testing.
dps.par.02654,dps.stu.02949,Parent,parent,1,1,Single-student parent for local testing.
dps.par.02655,dps.stu.02950,Parent,parent,1,1,Single-student parent for local testing.
dps.par.02656,dps.stu.02951,Guardian,parent,1,1,Shared sibling parent for local testing.
dps.par.02656,dps.stu.02952,Guardian,parent,1,1,Shared sibling parent for local testing.
dps.par.02657,dps.stu.02953,Parent,parent,1,1,Single-student parent for local testing.
dps.par.02658,dps.stu.02954,Parent,parent,1,1,Single-student parent for local testing.
dps.par.02659,dps.stu.02955,Parent,parent,1,1,Single-student parent for local testing.
dps.par.02660,dps.stu.02956,Parent,parent,1,1,Single-student parent for local testing.
dps.par.02661,dps.stu.02957,Parent,parent,1,1,Single-student parent for local testing.
dps.par.02662,dps.stu.02958,Parent,parent,1,1,Single-student parent for local testing.
dps.par.02663,dps.stu.02959,Parent,parent,1,1,Single-student parent for local testing.
dps.par.02664,dps.stu.02960,Parent,parent,1,1,Single-student parent for local testing.
dps.par.02665,dps.stu.02961,Guardian,parent,1,1,Shared sibling parent for local testing.
dps.par.02665,dps.stu.02962,Guardian,parent,1,1,Shared sibling parent for local testing.
dps.par.02666,dps.stu.02963,Parent,parent,1,1,Single-student parent for local testing.
dps.par.02667,dps.stu.02964,Parent,parent,1,1,Single-student parent for local testing.
dps.par.02668,dps.stu.02965,Parent,parent,1,1,Single-student parent for local testing.
dps.par.02669,dps.stu.02966,Parent,parent,1,1,Single-student parent for local testing.
dps.par.02670,dps.stu.02967,Parent,parent,1,1,Single-student parent for local testing.
dps.par.02671,dps.stu.02968,Parent,parent,1,1,Single-student parent for local testing.
dps.par.02672,dps.stu.02969,Parent,parent,1,1,Single-student parent for local testing.
dps.par.02673,dps.stu.02970,Parent,parent,1,1,Single-student parent for local testing.
dps.par.02674,dps.stu.02971,Guardian,parent,1,1,Shared sibling parent for local testing.
dps.par.02674,dps.stu.02972,Guardian,parent,1,1,Shared sibling parent for local testing.
dps.par.02675,dps.stu.02973,Parent,parent,1,1,Single-student parent for local testing.
dps.par.02676,dps.stu.02974,Parent,parent,1,1,Single-student parent for local testing.
dps.par.02677,dps.stu.02975,Parent,parent,1,1,Single-student parent for local testing.
dps.par.02678,dps.stu.02976,Parent,parent,1,1,Single-student parent for local testing.
dps.par.02679,dps.stu.02977,Parent,parent,1,1,Single-student parent for local testing.
dps.par.02680,dps.stu.02978,Parent,parent,1,1,Single-student parent for local testing.
dps.par.02681,dps.stu.02979,Parent,parent,1,1,Single-student parent for local testing.
dps.par.02682,dps.stu.02980,Parent,parent,1,1,Single-student parent for local testing.
dps.par.02683,dps.stu.02981,Guardian,parent,1,1,Shared sibling parent for local testing.
dps.par.02683,dps.stu.02982,Guardian,parent,1,1,Shared sibling parent for local testing.
dps.par.02684,dps.stu.02983,Parent,parent,1,1,Single-student parent for local testing.
dps.par.02685,dps.stu.02984,Parent,parent,1,1,Single-student parent for local testing.
dps.par.02686,dps.stu.02985,Parent,parent,1,1,Single-student parent for local testing.
dps.par.02687,dps.stu.02986,Parent,parent,1,1,Single-student parent for local testing.
dps.par.02688,dps.stu.02987,Parent,parent,1,1,Single-student parent for local testing.
dps.par.02689,dps.stu.02988,Parent,parent,1,1,Single-student parent for local testing.
dps.par.02690,dps.stu.02989,Parent,parent,1,1,Single-student parent for local testing.
dps.par.02691,dps.stu.02990,Parent,parent,1,1,Single-student parent for local testing.
dps.par.02692,dps.stu.02991,Guardian,parent,1,1,Shared sibling parent for local testing.
dps.par.02692,dps.stu.02992,Guardian,parent,1,1,Shared sibling parent for local testing.
dps.par.02693,dps.stu.02993,Parent,parent,1,1,Single-student parent for local testing.
dps.par.02694,dps.stu.02994,Parent,parent,1,1,Single-student parent for local testing.
dps.par.02695,dps.stu.02995,Parent,parent,1,1,Single-student parent for local testing.
dps.par.02696,dps.stu.02996,Parent,parent,1,1,Single-student parent for local testing.
dps.par.02697,dps.stu.02997,Parent,parent,1,1,Single-student parent for local testing.
dps.par.02698,dps.stu.02998,Parent,parent,1,1,Single-student parent for local testing.
dps.par.02699,dps.stu.02999,Parent,parent,1,1,Single-student parent for local testing.
dps.par.02700,dps.stu.03000,Parent,parent,1,1,Single-student parent for local testing.
dps.par.02701,dps.stu.03001,Guardian,parent,1,1,Shared sibling parent for local testing.
dps.par.02701,dps.stu.03002,Guardian,parent,1,1,Shared sibling parent for local testing.
dps.par.02702,dps.stu.03003,Parent,parent,1,1,Single-student parent for local testing.
dps.par.02703,dps.stu.03004,Parent,parent,1,1,Single-student parent for local testing.
dps.par.02704,dps.stu.03005,Parent,parent,1,1,Single-student parent for local testing.
dps.par.02705,dps.stu.03006,Parent,parent,1,1,Single-student parent for local testing.
dps.par.02706,dps.stu.03007,Parent,parent,1,1,Single-student parent for local testing.
dps.par.02707,dps.stu.03008,Parent,parent,1,1,Single-student parent for local testing.
dps.par.02708,dps.stu.03009,Parent,parent,1,1,Single-student parent for local testing.
dps.par.02709,dps.stu.03010,Parent,parent,1,1,Single-student parent for local testing.
dps.par.02710,dps.stu.03011,Guardian,parent,1,1,Shared sibling parent for local testing.
dps.par.02710,dps.stu.03012,Guardian,parent,1,1,Shared sibling parent for local testing.
dps.par.02711,dps.stu.03013,Parent,parent,1,1,Single-student parent for local testing.
dps.par.02712,dps.stu.03014,Parent,parent,1,1,Single-student parent for local testing.
dps.par.02713,dps.stu.03015,Parent,parent,1,1,Single-student parent for local testing.
dps.par.02714,dps.stu.03016,Parent,parent,1,1,Single-student parent for local testing.
dps.par.02715,dps.stu.03017,Parent,parent,1,1,Single-student parent for local testing.
dps.par.02716,dps.stu.03018,Parent,parent,1,1,Single-student parent for local testing.
dps.par.02717,dps.stu.03019,Parent,parent,1,1,Single-student parent for local testing.
dps.par.02718,dps.stu.03020,Parent,parent,1,1,Single-student parent for local testing.
dps.par.02719,dps.stu.03021,Guardian,parent,1,1,Shared sibling parent for local testing.
dps.par.02719,dps.stu.03022,Guardian,parent,1,1,Shared sibling parent for local testing.
dps.par.02720,dps.stu.03023,Parent,parent,1,1,Single-student parent for local testing.
dps.par.02721,dps.stu.03024,Parent,parent,1,1,Single-student parent for local testing.
dps.par.02722,dps.stu.03025,Parent,parent,1,1,Single-student parent for local testing.
dps.par.02723,dps.stu.03026,Parent,parent,1,1,Single-student parent for local testing.
dps.par.02724,dps.stu.03027,Parent,parent,1,1,Single-student parent for local testing.
dps.par.02725,dps.stu.03028,Parent,parent,1,1,Single-student parent for local testing.
dps.par.02726,dps.stu.03029,Parent,parent,1,1,Single-student parent for local testing.
dps.par.02727,dps.stu.03030,Parent,parent,1,1,Single-student parent for local testing.
dps.par.02728,dps.stu.03031,Guardian,parent,1,1,Shared sibling parent for local testing.
dps.par.02728,dps.stu.03032,Guardian,parent,1,1,Shared sibling parent for local testing.
dps.par.02729,dps.stu.03033,Parent,parent,1,1,Single-student parent for local testing.
dps.par.02730,dps.stu.03034,Parent,parent,1,1,Single-student parent for local testing.
dps.par.02731,dps.stu.03035,Parent,parent,1,1,Single-student parent for local testing.
dps.par.02732,dps.stu.03036,Parent,parent,1,1,Single-student parent for local testing.
dps.par.02733,dps.stu.03037,Parent,parent,1,1,Single-student parent for local testing.
dps.par.02734,dps.stu.03038,Parent,parent,1,1,Single-student parent for local testing.
dps.par.02735,dps.stu.03039,Parent,parent,1,1,Single-student parent for local testing.
dps.par.02736,dps.stu.03040,Parent,parent,1,1,Single-student parent for local testing.
dps.par.02737,dps.stu.03041,Guardian,parent,1,1,Shared sibling parent for local testing.
dps.par.02737,dps.stu.03042,Guardian,parent,1,1,Shared sibling parent for local testing.
dps.par.02738,dps.stu.03043,Parent,parent,1,1,Single-student parent for local testing.
dps.par.02739,dps.stu.03044,Parent,parent,1,1,Single-student parent for local testing.
dps.par.02740,dps.stu.03045,Parent,parent,1,1,Single-student parent for local testing.
dps.par.02741,dps.stu.03046,Parent,parent,1,1,Single-student parent for local testing.
dps.par.02742,dps.stu.03047,Parent,parent,1,1,Single-student parent for local testing.
dps.par.02743,dps.stu.03048,Parent,parent,1,1,Single-student parent for local testing.
dps.par.02744,dps.stu.03049,Parent,parent,1,1,Single-student parent for local testing.
dps.par.02745,dps.stu.03050,Parent,parent,1,1,Single-student parent for local testing.
dps.par.02746,dps.stu.03051,Guardian,parent,1,1,Shared sibling parent for local testing.
dps.par.02746,dps.stu.03052,Guardian,parent,1,1,Shared sibling parent for local testing.
dps.par.02747,dps.stu.03053,Parent,parent,1,1,Single-student parent for local testing.
dps.par.02748,dps.stu.03054,Parent,parent,1,1,Single-student parent for local testing.
dps.par.02749,dps.stu.03055,Parent,parent,1,1,Single-student parent for local testing.
dps.par.02750,dps.stu.03056,Parent,parent,1,1,Single-student parent for local testing.
dps.par.02751,dps.stu.03057,Parent,parent,1,1,Single-student parent for local testing.
dps.par.02752,dps.stu.03058,Parent,parent,1,1,Single-student parent for local testing.
dps.par.02753,dps.stu.03059,Parent,parent,1,1,Single-student parent for local testing.
dps.par.02754,dps.stu.03060,Parent,parent,1,1,Single-student parent for local testing.
dps.par.02755,dps.stu.03061,Guardian,parent,1,1,Shared sibling parent for local testing.
dps.par.02755,dps.stu.03062,Guardian,parent,1,1,Shared sibling parent for local testing.
dps.par.02756,dps.stu.03063,Parent,parent,1,1,Single-student parent for local testing.
dps.par.02757,dps.stu.03064,Parent,parent,1,1,Single-student parent for local testing.
dps.par.02758,dps.stu.03065,Parent,parent,1,1,Single-student parent for local testing.
dps.par.02759,dps.stu.03066,Parent,parent,1,1,Single-student parent for local testing.
dps.par.02760,dps.stu.03067,Parent,parent,1,1,Single-student parent for local testing.
dps.par.02761,dps.stu.03068,Parent,parent,1,1,Single-student parent for local testing.
dps.par.02762,dps.stu.03069,Parent,parent,1,1,Single-student parent for local testing.
dps.par.02763,dps.stu.03070,Parent,parent,1,1,Single-student parent for local testing.
dps.par.02764,dps.stu.03071,Guardian,parent,1,1,Shared sibling parent for local testing.
dps.par.02764,dps.stu.03072,Guardian,parent,1,1,Shared sibling parent for local testing.
dps.par.02765,dps.stu.03073,Parent,parent,1,1,Single-student parent for local testing.
dps.par.02766,dps.stu.03074,Parent,parent,1,1,Single-student parent for local testing.
dps.par.02767,dps.stu.03075,Parent,parent,1,1,Single-student parent for local testing.
dps.par.02768,dps.stu.03076,Parent,parent,1,1,Single-student parent for local testing.
dps.par.02769,dps.stu.03077,Parent,parent,1,1,Single-student parent for local testing.
dps.par.02770,dps.stu.03078,Parent,parent,1,1,Single-student parent for local testing.
dps.par.02771,dps.stu.03079,Parent,parent,1,1,Single-student parent for local testing.
dps.par.02772,dps.stu.03080,Parent,parent,1,1,Single-student parent for local testing.
dps.par.02773,dps.stu.03081,Guardian,parent,1,1,Shared sibling parent for local testing.
dps.par.02773,dps.stu.03082,Guardian,parent,1,1,Shared sibling parent for local testing.
dps.par.02774,dps.stu.03083,Parent,parent,1,1,Single-student parent for local testing.
dps.par.02775,dps.stu.03084,Parent,parent,1,1,Single-student parent for local testing.
dps.par.02776,dps.stu.03085,Parent,parent,1,1,Single-student parent for local testing.
dps.par.02777,dps.stu.03086,Parent,parent,1,1,Single-student parent for local testing.
dps.par.02778,dps.stu.03087,Parent,parent,1,1,Single-student parent for local testing.
dps.par.02779,dps.stu.03088,Parent,parent,1,1,Single-student parent for local testing.
dps.par.02780,dps.stu.03089,Parent,parent,1,1,Single-student parent for local testing.
dps.par.02781,dps.stu.03090,Parent,parent,1,1,Single-student parent for local testing.
dps.par.02782,dps.stu.03091,Guardian,parent,1,1,Shared sibling parent for local testing.
dps.par.02782,dps.stu.03092,Guardian,parent,1,1,Shared sibling parent for local testing.
dps.par.02783,dps.stu.03093,Parent,parent,1,1,Single-student parent for local testing.
dps.par.02784,dps.stu.03094,Parent,parent,1,1,Single-student parent for local testing.
dps.par.02785,dps.stu.03095,Parent,parent,1,1,Single-student parent for local testing.
dps.par.02786,dps.stu.03096,Parent,parent,1,1,Single-student parent for local testing.
dps.par.02787,dps.stu.03097,Parent,parent,1,1,Single-student parent for local testing.
dps.par.02788,dps.stu.03098,Parent,parent,1,1,Single-student parent for local testing.
dps.par.02789,dps.stu.03099,Parent,parent,1,1,Single-student parent for local testing.
dps.par.02790,dps.stu.03100,Parent,parent,1,1,Single-student parent for local testing.
dps.par.02791,dps.stu.03101,Guardian,parent,1,1,Shared sibling parent for local testing.
dps.par.02791,dps.stu.03102,Guardian,parent,1,1,Shared sibling parent for local testing.
dps.par.02792,dps.stu.03103,Parent,parent,1,1,Single-student parent for local testing.
dps.par.02793,dps.stu.03104,Parent,parent,1,1,Single-student parent for local testing.
dps.par.02794,dps.stu.03105,Parent,parent,1,1,Single-student parent for local testing.
dps.par.02795,dps.stu.03106,Parent,parent,1,1,Single-student parent for local testing.
dps.par.02796,dps.stu.03107,Parent,parent,1,1,Single-student parent for local testing.
dps.par.02797,dps.stu.03108,Parent,parent,1,1,Single-student parent for local testing.
dps.par.02798,dps.stu.03109,Parent,parent,1,1,Single-student parent for local testing.
dps.par.02799,dps.stu.03110,Parent,parent,1,1,Single-student parent for local testing.
dps.par.02800,dps.stu.03111,Guardian,parent,1,1,Shared sibling parent for local testing.
dps.par.02800,dps.stu.03112,Guardian,parent,1,1,Shared sibling parent for local testing.
dps.par.02801,dps.stu.03113,Parent,parent,1,1,Single-student parent for local testing.
dps.par.02802,dps.stu.03114,Parent,parent,1,1,Single-student parent for local testing.
dps.par.02803,dps.stu.03115,Parent,parent,1,1,Single-student parent for local testing.
dps.par.02804,dps.stu.03116,Parent,parent,1,1,Single-student parent for local testing.
dps.par.02805,dps.stu.03117,Parent,parent,1,1,Single-student parent for local testing.
dps.par.02806,dps.stu.03118,Parent,parent,1,1,Single-student parent for local testing.
dps.par.02807,dps.stu.03119,Parent,parent,1,1,Single-student parent for local testing.
dps.par.02808,dps.stu.03120,Parent,parent,1,1,Single-student parent for local testing.
dps.par.02809,dps.stu.03121,Guardian,parent,1,1,Shared sibling parent for local testing.
dps.par.02809,dps.stu.03122,Guardian,parent,1,1,Shared sibling parent for local testing.
dps.par.02810,dps.stu.03123,Parent,parent,1,1,Single-student parent for local testing.
dps.par.02811,dps.stu.03124,Parent,parent,1,1,Single-student parent for local testing.
dps.par.02812,dps.stu.03125,Parent,parent,1,1,Single-student parent for local testing.
dps.par.02813,dps.stu.03126,Parent,parent,1,1,Single-student parent for local testing.
dps.par.02814,dps.stu.03127,Parent,parent,1,1,Single-student parent for local testing.
dps.par.02815,dps.stu.03128,Parent,parent,1,1,Single-student parent for local testing.
dps.par.02816,dps.stu.03129,Parent,parent,1,1,Single-student parent for local testing.
dps.par.02817,dps.stu.03130,Parent,parent,1,1,Single-student parent for local testing.
dps.par.02818,dps.stu.03131,Guardian,parent,1,1,Shared sibling parent for local testing.
dps.par.02818,dps.stu.03132,Guardian,parent,1,1,Shared sibling parent for local testing.
dps.par.02819,dps.stu.03133,Parent,parent,1,1,Single-student parent for local testing.
dps.par.02820,dps.stu.03134,Parent,parent,1,1,Single-student parent for local testing.
dps.par.02821,dps.stu.03135,Parent,parent,1,1,Single-student parent for local testing.
dps.par.02822,dps.stu.03136,Parent,parent,1,1,Single-student parent for local testing.
dps.par.02823,dps.stu.03137,Parent,parent,1,1,Single-student parent for local testing.
dps.par.02824,dps.stu.03138,Parent,parent,1,1,Single-student parent for local testing.
dps.par.02825,dps.stu.03139,Parent,parent,1,1,Single-student parent for local testing.
dps.par.02826,dps.stu.03140,Parent,parent,1,1,Single-student parent for local testing.
dps.par.02827,dps.stu.03141,Guardian,parent,1,1,Shared sibling parent for local testing.
dps.par.02827,dps.stu.03142,Guardian,parent,1,1,Shared sibling parent for local testing.
dps.par.02828,dps.stu.03143,Parent,parent,1,1,Single-student parent for local testing.
dps.par.02829,dps.stu.03144,Parent,parent,1,1,Single-student parent for local testing.
dps.par.02830,dps.stu.03145,Parent,parent,1,1,Single-student parent for local testing.
dps.par.02831,dps.stu.03146,Parent,parent,1,1,Single-student parent for local testing.
dps.par.02832,dps.stu.03147,Parent,parent,1,1,Single-student parent for local testing.
dps.par.02833,dps.stu.03148,Parent,parent,1,1,Single-student parent for local testing.
dps.par.02834,dps.stu.03149,Parent,parent,1,1,Single-student parent for local testing.
dps.par.02835,dps.stu.03150,Parent,parent,1,1,Single-student parent for local testing.
dps.par.02836,dps.stu.03151,Guardian,parent,1,1,Shared sibling parent for local testing.
dps.par.02836,dps.stu.03152,Guardian,parent,1,1,Shared sibling parent for local testing.
dps.par.02837,dps.stu.03153,Parent,parent,1,1,Single-student parent for local testing.
dps.par.02838,dps.stu.03154,Parent,parent,1,1,Single-student parent for local testing.
dps.par.02839,dps.stu.03155,Parent,parent,1,1,Single-student parent for local testing.
dps.par.02840,dps.stu.03156,Parent,parent,1,1,Single-student parent for local testing.
dps.par.02841,dps.stu.03157,Parent,parent,1,1,Single-student parent for local testing.
dps.par.02842,dps.stu.03158,Parent,parent,1,1,Single-student parent for local testing.
dps.par.02843,dps.stu.03159,Parent,parent,1,1,Single-student parent for local testing.
dps.par.02844,dps.stu.03160,Parent,parent,1,1,Single-student parent for local testing.
dps.par.02845,dps.stu.03161,Guardian,parent,1,1,Shared sibling parent for local testing.
dps.par.02845,dps.stu.03162,Guardian,parent,1,1,Shared sibling parent for local testing.
dps.par.02846,dps.stu.03163,Parent,parent,1,1,Single-student parent for local testing.
dps.par.02847,dps.stu.03164,Parent,parent,1,1,Single-student parent for local testing.
dps.par.02848,dps.stu.03165,Parent,parent,1,1,Single-student parent for local testing.
dps.par.02849,dps.stu.03166,Parent,parent,1,1,Single-student parent for local testing.
dps.par.02850,dps.stu.03167,Parent,parent,1,1,Single-student parent for local testing.
dps.par.02851,dps.stu.03168,Parent,parent,1,1,Single-student parent for local testing.
dps.par.02852,dps.stu.03169,Parent,parent,1,1,Single-student parent for local testing.
dps.par.02853,dps.stu.03170,Parent,parent,1,1,Single-student parent for local testing.
dps.par.02854,dps.stu.03171,Guardian,parent,1,1,Shared sibling parent for local testing.
dps.par.02854,dps.stu.03172,Guardian,parent,1,1,Shared sibling parent for local testing.
dps.par.02855,dps.stu.03173,Parent,parent,1,1,Single-student parent for local testing.
dps.par.02856,dps.stu.03174,Parent,parent,1,1,Single-student parent for local testing.
dps.par.02857,dps.stu.03175,Parent,parent,1,1,Single-student parent for local testing.
dps.par.02858,dps.stu.03176,Parent,parent,1,1,Single-student parent for local testing.
dps.par.02859,dps.stu.03177,Parent,parent,1,1,Single-student parent for local testing.
dps.par.02860,dps.stu.03178,Parent,parent,1,1,Single-student parent for local testing.
dps.par.02861,dps.stu.03179,Parent,parent,1,1,Single-student parent for local testing.
dps.par.02862,dps.stu.03180,Parent,parent,1,1,Single-student parent for local testing.
dps.par.02863,dps.stu.03181,Guardian,parent,1,1,Shared sibling parent for local testing.
dps.par.02863,dps.stu.03182,Guardian,parent,1,1,Shared sibling parent for local testing.
dps.par.02864,dps.stu.03183,Parent,parent,1,1,Single-student parent for local testing.
dps.par.02865,dps.stu.03184,Parent,parent,1,1,Single-student parent for local testing.
dps.par.02866,dps.stu.03185,Parent,parent,1,1,Single-student parent for local testing.
dps.par.02867,dps.stu.03186,Parent,parent,1,1,Single-student parent for local testing.
dps.par.02868,dps.stu.03187,Parent,parent,1,1,Single-student parent for local testing.
dps.par.02869,dps.stu.03188,Parent,parent,1,1,Single-student parent for local testing.
dps.par.02870,dps.stu.03189,Parent,parent,1,1,Single-student parent for local testing.
dps.par.02871,dps.stu.03190,Parent,parent,1,1,Single-student parent for local testing.
dps.par.02872,dps.stu.03191,Guardian,parent,1,1,Shared sibling parent for local testing.
dps.par.02872,dps.stu.03192,Guardian,parent,1,1,Shared sibling parent for local testing.
dps.par.02873,dps.stu.03193,Parent,parent,1,1,Single-student parent for local testing.
dps.par.02874,dps.stu.03194,Parent,parent,1,1,Single-student parent for local testing.
dps.par.02875,dps.stu.03195,Parent,parent,1,1,Single-student parent for local testing.
dps.par.02876,dps.stu.03196,Parent,parent,1,1,Single-student parent for local testing.
dps.par.02877,dps.stu.03197,Parent,parent,1,1,Single-student parent for local testing.
dps.par.02878,dps.stu.03198,Parent,parent,1,1,Single-student parent for local testing.
dps.par.02879,dps.stu.03199,Parent,parent,1,1,Single-student parent for local testing.
dps.par.02880,dps.stu.03200,Parent,parent,1,1,Single-student parent for local testing.
dps.par.02881,dps.stu.03201,Guardian,parent,1,1,Shared sibling parent for local testing.
dps.par.02881,dps.stu.03202,Guardian,parent,1,1,Shared sibling parent for local testing.
dps.par.02882,dps.stu.03203,Parent,parent,1,1,Single-student parent for local testing.
dps.par.02883,dps.stu.03204,Parent,parent,1,1,Single-student parent for local testing.
dps.par.02884,dps.stu.03205,Parent,parent,1,1,Single-student parent for local testing.
dps.par.02885,dps.stu.03206,Parent,parent,1,1,Single-student parent for local testing.
dps.par.02886,dps.stu.03207,Parent,parent,1,1,Single-student parent for local testing.
dps.par.02887,dps.stu.03208,Parent,parent,1,1,Single-student parent for local testing.
dps.par.02888,dps.stu.03209,Parent,parent,1,1,Single-student parent for local testing.
dps.par.02889,dps.stu.03210,Parent,parent,1,1,Single-student parent for local testing.
dps.par.02890,dps.stu.03211,Guardian,parent,1,1,Shared sibling parent for local testing.
dps.par.02890,dps.stu.03212,Guardian,parent,1,1,Shared sibling parent for local testing.
dps.par.02891,dps.stu.03213,Parent,parent,1,1,Single-student parent for local testing.
dps.par.02892,dps.stu.03214,Parent,parent,1,1,Single-student parent for local testing.
dps.par.02893,dps.stu.03215,Parent,parent,1,1,Single-student parent for local testing.
dps.par.02894,dps.stu.03216,Parent,parent,1,1,Single-student parent for local testing.
dps.par.02895,dps.stu.03217,Parent,parent,1,1,Single-student parent for local testing.
dps.par.02896,dps.stu.03218,Parent,parent,1,1,Single-student parent for local testing.
dps.par.02897,dps.stu.03219,Parent,parent,1,1,Single-student parent for local testing.
dps.par.02898,dps.stu.03220,Parent,parent,1,1,Single-student parent for local testing.
dps.par.02899,dps.stu.03221,Guardian,parent,1,1,Shared sibling parent for local testing.
dps.par.02899,dps.stu.03222,Guardian,parent,1,1,Shared sibling parent for local testing.
dps.par.02900,dps.stu.03223,Parent,parent,1,1,Single-student parent for local testing.
dps.par.02901,dps.stu.03224,Parent,parent,1,1,Single-student parent for local testing.
dps.par.02902,dps.stu.03225,Parent,parent,1,1,Single-student parent for local testing.
dps.par.02903,dps.stu.03226,Parent,parent,1,1,Single-student parent for local testing.
dps.par.02904,dps.stu.03227,Parent,parent,1,1,Single-student parent for local testing.
dps.par.02905,dps.stu.03228,Parent,parent,1,1,Single-student parent for local testing.
dps.par.02906,dps.stu.03229,Parent,parent,1,1,Single-student parent for local testing.
dps.par.02907,dps.stu.03230,Parent,parent,1,1,Single-student parent for local testing.
dps.par.02908,dps.stu.03231,Guardian,parent,1,1,Shared sibling parent for local testing.
dps.par.02908,dps.stu.03232,Guardian,parent,1,1,Shared sibling parent for local testing.
dps.par.02909,dps.stu.03233,Parent,parent,1,1,Single-student parent for local testing.
dps.par.02910,dps.stu.03234,Parent,parent,1,1,Single-student parent for local testing.
dps.par.02911,dps.stu.03235,Parent,parent,1,1,Single-student parent for local testing.
dps.par.02912,dps.stu.03236,Parent,parent,1,1,Single-student parent for local testing.
dps.par.02913,dps.stu.03237,Parent,parent,1,1,Single-student parent for local testing.
dps.par.02914,dps.stu.03238,Parent,parent,1,1,Single-student parent for local testing.
dps.par.02915,dps.stu.03239,Parent,parent,1,1,Single-student parent for local testing.
dps.par.02916,dps.stu.03240,Parent,parent,1,1,Single-student parent for local testing.
dps.par.02917,dps.stu.03241,Guardian,parent,1,1,Shared sibling parent for local testing.
dps.par.02917,dps.stu.03242,Guardian,parent,1,1,Shared sibling parent for local testing.
dps.par.02918,dps.stu.03243,Parent,parent,1,1,Single-student parent for local testing.
dps.par.02919,dps.stu.03244,Parent,parent,1,1,Single-student parent for local testing.
dps.par.02920,dps.stu.03245,Parent,parent,1,1,Single-student parent for local testing.
dps.par.02921,dps.stu.03246,Parent,parent,1,1,Single-student parent for local testing.
dps.par.02922,dps.stu.03247,Parent,parent,1,1,Single-student parent for local testing.
dps.par.02923,dps.stu.03248,Parent,parent,1,1,Single-student parent for local testing.
dps.par.02924,dps.stu.03249,Parent,parent,1,1,Single-student parent for local testing.
dps.par.02925,dps.stu.03250,Parent,parent,1,1,Single-student parent for local testing.
dps.par.02926,dps.stu.03251,Guardian,parent,1,1,Shared sibling parent for local testing.
dps.par.02926,dps.stu.03252,Guardian,parent,1,1,Shared sibling parent for local testing.
dps.par.02927,dps.stu.03253,Parent,parent,1,1,Single-student parent for local testing.
dps.par.02928,dps.stu.03254,Parent,parent,1,1,Single-student parent for local testing.
dps.par.02929,dps.stu.03255,Parent,parent,1,1,Single-student parent for local testing.
dps.par.02930,dps.stu.03256,Parent,parent,1,1,Single-student parent for local testing.
dps.par.02931,dps.stu.03257,Parent,parent,1,1,Single-student parent for local testing.
dps.par.02932,dps.stu.03258,Parent,parent,1,1,Single-student parent for local testing.
dps.par.02933,dps.stu.03259,Parent,parent,1,1,Single-student parent for local testing.
dps.par.02934,dps.stu.03260,Parent,parent,1,1,Single-student parent for local testing.
dps.par.02935,dps.stu.03261,Guardian,parent,1,1,Shared sibling parent for local testing.
dps.par.02935,dps.stu.03262,Guardian,parent,1,1,Shared sibling parent for local testing.
dps.par.02936,dps.stu.03263,Parent,parent,1,1,Single-student parent for local testing.
dps.par.02937,dps.stu.03264,Parent,parent,1,1,Single-student parent for local testing.
dps.par.02938,dps.stu.03265,Parent,parent,1,1,Single-student parent for local testing.
dps.par.02939,dps.stu.03266,Parent,parent,1,1,Single-student parent for local testing.
dps.par.02940,dps.stu.03267,Parent,parent,1,1,Single-student parent for local testing.
dps.par.02941,dps.stu.03268,Parent,parent,1,1,Single-student parent for local testing.
dps.par.02942,dps.stu.03269,Parent,parent,1,1,Single-student parent for local testing.
dps.par.02943,dps.stu.03270,Parent,parent,1,1,Single-student parent for local testing.
dps.par.02944,dps.stu.03271,Guardian,parent,1,1,Shared sibling parent for local testing.
dps.par.02944,dps.stu.03272,Guardian,parent,1,1,Shared sibling parent for local testing.
dps.par.02945,dps.stu.03273,Parent,parent,1,1,Single-student parent for local testing.
dps.par.02946,dps.stu.03274,Parent,parent,1,1,Single-student parent for local testing.
dps.par.02947,dps.stu.03275,Parent,parent,1,1,Single-student parent for local testing.
dps.par.02948,dps.stu.03276,Parent,parent,1,1,Single-student parent for local testing.
dps.par.02949,dps.stu.03277,Parent,parent,1,1,Single-student parent for local testing.
dps.par.02950,dps.stu.03278,Parent,parent,1,1,Single-student parent for local testing.
dps.par.02951,dps.stu.03279,Parent,parent,1,1,Single-student parent for local testing.
dps.par.02952,dps.stu.03280,Parent,parent,1,1,Single-student parent for local testing.
dps.par.02953,dps.stu.03281,Guardian,parent,1,1,Shared sibling parent for local testing.
dps.par.02953,dps.stu.03282,Guardian,parent,1,1,Shared sibling parent for local testing.
dps.par.02954,dps.stu.03283,Parent,parent,1,1,Single-student parent for local testing.
dps.par.02955,dps.stu.03284,Parent,parent,1,1,Single-student parent for local testing.
dps.par.02956,dps.stu.03285,Parent,parent,1,1,Single-student parent for local testing.
dps.par.02957,dps.stu.03286,Parent,parent,1,1,Single-student parent for local testing.
dps.par.02958,dps.stu.03287,Parent,parent,1,1,Single-student parent for local testing.
dps.par.02959,dps.stu.03288,Parent,parent,1,1,Single-student parent for local testing.
dps.par.02960,dps.stu.03289,Parent,parent,1,1,Single-student parent for local testing.
dps.par.02961,dps.stu.03290,Parent,parent,1,1,Single-student parent for local testing.
dps.par.02962,dps.stu.03291,Guardian,parent,1,1,Shared sibling parent for local testing.
dps.par.02962,dps.stu.03292,Guardian,parent,1,1,Shared sibling parent for local testing.
dps.par.02963,dps.stu.03293,Parent,parent,1,1,Single-student parent for local testing.
dps.par.02964,dps.stu.03294,Parent,parent,1,1,Single-student parent for local testing.
dps.par.02965,dps.stu.03295,Parent,parent,1,1,Single-student parent for local testing.
dps.par.02966,dps.stu.03296,Parent,parent,1,1,Single-student parent for local testing.
dps.par.02967,dps.stu.03297,Parent,parent,1,1,Single-student parent for local testing.
dps.par.02968,dps.stu.03298,Parent,parent,1,1,Single-student parent for local testing.
dps.par.02969,dps.stu.03299,Parent,parent,1,1,Single-student parent for local testing.
dps.par.02970,dps.stu.03300,Parent,parent,1,1,Single-student parent for local testing.
dps.par.02971,dps.stu.03301,Guardian,parent,1,1,Shared sibling parent for local testing.
dps.par.02971,dps.stu.03302,Guardian,parent,1,1,Shared sibling parent for local testing.
dps.par.02972,dps.stu.03303,Parent,parent,1,1,Single-student parent for local testing.
dps.par.02973,dps.stu.03304,Parent,parent,1,1,Single-student parent for local testing.
dps.par.02974,dps.stu.03305,Parent,parent,1,1,Single-student parent for local testing.
dps.par.02975,dps.stu.03306,Parent,parent,1,1,Single-student parent for local testing.
dps.par.02976,dps.stu.03307,Parent,parent,1,1,Single-student parent for local testing.
dps.par.02977,dps.stu.03308,Parent,parent,1,1,Single-student parent for local testing.
dps.par.02978,dps.stu.03309,Parent,parent,1,1,Single-student parent for local testing.
dps.par.02979,dps.stu.03310,Parent,parent,1,1,Single-student parent for local testing.
dps.par.02980,dps.stu.03311,Guardian,parent,1,1,Shared sibling parent for local testing.
dps.par.02980,dps.stu.03312,Guardian,parent,1,1,Shared sibling parent for local testing.
dps.par.02981,dps.stu.03313,Parent,parent,1,1,Single-student parent for local testing.
dps.par.02982,dps.stu.03314,Parent,parent,1,1,Single-student parent for local testing.
dps.par.02983,dps.stu.03315,Parent,parent,1,1,Single-student parent for local testing.
dps.par.02984,dps.stu.03316,Parent,parent,1,1,Single-student parent for local testing.
dps.par.02985,dps.stu.03317,Parent,parent,1,1,Single-student parent for local testing.
dps.par.02986,dps.stu.03318,Parent,parent,1,1,Single-student parent for local testing.
dps.par.02987,dps.stu.03319,Parent,parent,1,1,Single-student parent for local testing.
dps.par.02988,dps.stu.03320,Parent,parent,1,1,Single-student parent for local testing.
dps.par.02989,dps.stu.03321,Guardian,parent,1,1,Shared sibling parent for local testing.
dps.par.02989,dps.stu.03322,Guardian,parent,1,1,Shared sibling parent for local testing.
dps.par.02990,dps.stu.03323,Parent,parent,1,1,Single-student parent for local testing.
dps.par.02991,dps.stu.03324,Parent,parent,1,1,Single-student parent for local testing.
dps.par.02992,dps.stu.03325,Parent,parent,1,1,Single-student parent for local testing.
dps.par.02993,dps.stu.03326,Parent,parent,1,1,Single-student parent for local testing.
dps.par.02994,dps.stu.03327,Parent,parent,1,1,Single-student parent for local testing.
dps.par.02995,dps.stu.03328,Parent,parent,1,1,Single-student parent for local testing.
dps.par.02996,dps.stu.03329,Parent,parent,1,1,Single-student parent for local testing.
dps.par.02997,dps.stu.03330,Parent,parent,1,1,Single-student parent for local testing.
dps.par.02998,dps.stu.03331,Guardian,parent,1,1,Shared sibling parent for local testing.
dps.par.02998,dps.stu.03332,Guardian,parent,1,1,Shared sibling parent for local testing.
dps.par.02999,dps.stu.03333,Parent,parent,1,1,Single-student parent for local testing.
dps.par.03000,dps.stu.03334,Parent,parent,1,1,Single-student parent for local testing.
dps.par.03001,dps.stu.03335,Parent,parent,1,1,Single-student parent for local testing.
dps.par.03002,dps.stu.03336,Parent,parent,1,1,Single-student parent for local testing.
dps.par.03003,dps.stu.03337,Parent,parent,1,1,Single-student parent for local testing.
dps.par.03004,dps.stu.03338,Parent,parent,1,1,Single-student parent for local testing.
dps.par.03005,dps.stu.03339,Parent,parent,1,1,Single-student parent for local testing.
dps.par.03006,dps.stu.03340,Parent,parent,1,1,Single-student parent for local testing.
dps.par.03007,dps.stu.03341,Guardian,parent,1,1,Shared sibling parent for local testing.
dps.par.03007,dps.stu.03342,Guardian,parent,1,1,Shared sibling parent for local testing.
dps.par.03008,dps.stu.03343,Parent,parent,1,1,Single-student parent for local testing.
dps.par.03009,dps.stu.03344,Parent,parent,1,1,Single-student parent for local testing.
dps.par.03010,dps.stu.03345,Parent,parent,1,1,Single-student parent for local testing.
dps.par.03011,dps.stu.03346,Parent,parent,1,1,Single-student parent for local testing.
dps.par.03012,dps.stu.03347,Parent,parent,1,1,Single-student parent for local testing.
dps.par.03013,dps.stu.03348,Parent,parent,1,1,Single-student parent for local testing.
dps.par.03014,dps.stu.03349,Parent,parent,1,1,Single-student parent for local testing.
dps.par.03015,dps.stu.03350,Parent,parent,1,1,Single-student parent for local testing.
dps.par.03016,dps.stu.03351,Guardian,parent,1,1,Shared sibling parent for local testing.
dps.par.03016,dps.stu.03352,Guardian,parent,1,1,Shared sibling parent for local testing.
dps.par.03017,dps.stu.03353,Parent,parent,1,1,Single-student parent for local testing.
dps.par.03018,dps.stu.03354,Parent,parent,1,1,Single-student parent for local testing.
dps.par.03019,dps.stu.03355,Parent,parent,1,1,Single-student parent for local testing.
dps.par.03020,dps.stu.03356,Parent,parent,1,1,Single-student parent for local testing.
dps.par.03021,dps.stu.03357,Parent,parent,1,1,Single-student parent for local testing.
dps.par.03022,dps.stu.03358,Parent,parent,1,1,Single-student parent for local testing.
dps.par.03023,dps.stu.03359,Parent,parent,1,1,Single-student parent for local testing.
dps.par.03024,dps.stu.03360,Parent,parent,1,1,Single-student parent for local testing.
dps.par.03025,dps.stu.03361,Guardian,parent,1,1,Shared sibling parent for local testing.
dps.par.03025,dps.stu.03362,Guardian,parent,1,1,Shared sibling parent for local testing.
dps.par.03026,dps.stu.03363,Parent,parent,1,1,Single-student parent for local testing.
dps.par.03027,dps.stu.03364,Parent,parent,1,1,Single-student parent for local testing.
dps.par.03028,dps.stu.03365,Parent,parent,1,1,Single-student parent for local testing.
dps.par.03029,dps.stu.03366,Parent,parent,1,1,Single-student parent for local testing.
dps.par.03030,dps.stu.03367,Parent,parent,1,1,Single-student parent for local testing.
dps.par.03031,dps.stu.03368,Parent,parent,1,1,Single-student parent for local testing.
dps.par.03032,dps.stu.03369,Parent,parent,1,1,Single-student parent for local testing.
dps.par.03033,dps.stu.03370,Parent,parent,1,1,Single-student parent for local testing.
dps.par.03034,dps.stu.03371,Guardian,parent,1,1,Shared sibling parent for local testing.
dps.par.03034,dps.stu.03372,Guardian,parent,1,1,Shared sibling parent for local testing.
dps.par.03035,dps.stu.03373,Parent,parent,1,1,Single-student parent for local testing.
dps.par.03036,dps.stu.03374,Parent,parent,1,1,Single-student parent for local testing.
dps.par.03037,dps.stu.03375,Parent,parent,1,1,Single-student parent for local testing.
dps.par.03038,dps.stu.03376,Parent,parent,1,1,Single-student parent for local testing.
dps.par.03039,dps.stu.03377,Parent,parent,1,1,Single-student parent for local testing.
dps.par.03040,dps.stu.03378,Parent,parent,1,1,Single-student parent for local testing.
dps.par.03041,dps.stu.03379,Parent,parent,1,1,Single-student parent for local testing.
dps.par.03042,dps.stu.03380,Parent,parent,1,1,Single-student parent for local testing.
dps.par.03043,dps.stu.03381,Guardian,parent,1,1,Shared sibling parent for local testing.
dps.par.03043,dps.stu.03382,Guardian,parent,1,1,Shared sibling parent for local testing.
dps.par.03044,dps.stu.03383,Parent,parent,1,1,Single-student parent for local testing.
dps.par.03045,dps.stu.03384,Parent,parent,1,1,Single-student parent for local testing.
dps.par.03046,dps.stu.03385,Parent,parent,1,1,Single-student parent for local testing.
dps.par.03047,dps.stu.03386,Parent,parent,1,1,Single-student parent for local testing.
dps.par.03048,dps.stu.03387,Parent,parent,1,1,Single-student parent for local testing.
dps.par.03049,dps.stu.03388,Parent,parent,1,1,Single-student parent for local testing.
dps.par.03050,dps.stu.03389,Parent,parent,1,1,Single-student parent for local testing.
dps.par.03051,dps.stu.03390,Parent,parent,1,1,Single-student parent for local testing.
dps.par.03052,dps.stu.03391,Guardian,parent,1,1,Shared sibling parent for local testing.
dps.par.03052,dps.stu.03392,Guardian,parent,1,1,Shared sibling parent for local testing.
dps.par.03053,dps.stu.03393,Parent,parent,1,1,Single-student parent for local testing.
dps.par.03054,dps.stu.03394,Parent,parent,1,1,Single-student parent for local testing.
dps.par.03055,dps.stu.03395,Parent,parent,1,1,Single-student parent for local testing.
dps.par.03056,dps.stu.03396,Parent,parent,1,1,Single-student parent for local testing.
dps.par.03057,dps.stu.03397,Parent,parent,1,1,Single-student parent for local testing.
dps.par.03058,dps.stu.03398,Parent,parent,1,1,Single-student parent for local testing.
dps.par.03059,dps.stu.03399,Parent,parent,1,1,Single-student parent for local testing.
dps.par.03060,dps.stu.03400,Parent,parent,1,1,Single-student parent for local testing.
dps.par.03061,dps.stu.03401,Guardian,parent,1,1,Shared sibling parent for local testing.
dps.par.03061,dps.stu.03402,Guardian,parent,1,1,Shared sibling parent for local testing.
dps.par.03062,dps.stu.03403,Parent,parent,1,1,Single-student parent for local testing.
dps.par.03063,dps.stu.03404,Parent,parent,1,1,Single-student parent for local testing.
dps.par.03064,dps.stu.03405,Parent,parent,1,1,Single-student parent for local testing.
dps.par.03065,dps.stu.03406,Parent,parent,1,1,Single-student parent for local testing.
dps.par.03066,dps.stu.03407,Parent,parent,1,1,Single-student parent for local testing.
dps.par.03067,dps.stu.03408,Parent,parent,1,1,Single-student parent for local testing.
dps.par.03068,dps.stu.03409,Parent,parent,1,1,Single-student parent for local testing.
dps.par.03069,dps.stu.03410,Parent,parent,1,1,Single-student parent for local testing.
dps.par.03070,dps.stu.03411,Guardian,parent,1,1,Shared sibling parent for local testing.
dps.par.03070,dps.stu.03412,Guardian,parent,1,1,Shared sibling parent for local testing.
dps.par.03071,dps.stu.03413,Parent,parent,1,1,Single-student parent for local testing.
dps.par.03072,dps.stu.03414,Parent,parent,1,1,Single-student parent for local testing.
dps.par.03073,dps.stu.03415,Parent,parent,1,1,Single-student parent for local testing.
dps.par.03074,dps.stu.03416,Parent,parent,1,1,Single-student parent for local testing.
dps.par.03075,dps.stu.03417,Parent,parent,1,1,Single-student parent for local testing.
dps.par.03076,dps.stu.03418,Parent,parent,1,1,Single-student parent for local testing.
dps.par.03077,dps.stu.03419,Parent,parent,1,1,Single-student parent for local testing.
dps.par.03078,dps.stu.03420,Parent,parent,1,1,Single-student parent for local testing.
dps.par.03079,dps.stu.03421,Guardian,parent,1,1,Shared sibling parent for local testing.
dps.par.03079,dps.stu.03422,Guardian,parent,1,1,Shared sibling parent for local testing.
dps.par.03080,dps.stu.03423,Parent,parent,1,1,Single-student parent for local testing.
dps.par.03081,dps.stu.03424,Parent,parent,1,1,Single-student parent for local testing.
dps.par.03082,dps.stu.03425,Parent,parent,1,1,Single-student parent for local testing.
dps.par.03083,dps.stu.03426,Parent,parent,1,1,Single-student parent for local testing.
dps.par.03084,dps.stu.03427,Parent,parent,1,1,Single-student parent for local testing.
dps.par.03085,dps.stu.03428,Parent,parent,1,1,Single-student parent for local testing.
dps.par.03086,dps.stu.03429,Parent,parent,1,1,Single-student parent for local testing.
dps.par.03087,dps.stu.03430,Parent,parent,1,1,Single-student parent for local testing.
dps.par.03088,dps.stu.03431,Guardian,parent,1,1,Shared sibling parent for local testing.
dps.par.03088,dps.stu.03432,Guardian,parent,1,1,Shared sibling parent for local testing.
dps.par.03089,dps.stu.03433,Parent,parent,1,1,Single-student parent for local testing.
dps.par.03090,dps.stu.03434,Parent,parent,1,1,Single-student parent for local testing.
dps.par.03091,dps.stu.03435,Parent,parent,1,1,Single-student parent for local testing.
dps.par.03092,dps.stu.03436,Parent,parent,1,1,Single-student parent for local testing.
dps.par.03093,dps.stu.03437,Parent,parent,1,1,Single-student parent for local testing.
dps.par.03094,dps.stu.03438,Parent,parent,1,1,Single-student parent for local testing.
dps.par.03095,dps.stu.03439,Parent,parent,1,1,Single-student parent for local testing.
dps.par.03096,dps.stu.03440,Parent,parent,1,1,Single-student parent for local testing.
dps.par.03097,dps.stu.03441,Guardian,parent,1,1,Shared sibling parent for local testing.
dps.par.03097,dps.stu.03442,Guardian,parent,1,1,Shared sibling parent for local testing.
dps.par.03098,dps.stu.03443,Parent,parent,1,1,Single-student parent for local testing.
dps.par.03099,dps.stu.03444,Parent,parent,1,1,Single-student parent for local testing.
dps.par.03100,dps.stu.03445,Parent,parent,1,1,Single-student parent for local testing.
dps.par.03101,dps.stu.03446,Parent,parent,1,1,Single-student parent for local testing.
dps.par.03102,dps.stu.03447,Parent,parent,1,1,Single-student parent for local testing.
dps.par.03103,dps.stu.03448,Parent,parent,1,1,Single-student parent for local testing.
dps.par.03104,dps.stu.03449,Parent,parent,1,1,Single-student parent for local testing.
dps.par.03105,dps.stu.03450,Parent,parent,1,1,Single-student parent for local testing.
dps.par.03106,dps.stu.03451,Guardian,parent,1,1,Shared sibling parent for local testing.
dps.par.03106,dps.stu.03452,Guardian,parent,1,1,Shared sibling parent for local testing.
dps.par.03107,dps.stu.03453,Parent,parent,1,1,Single-student parent for local testing.
dps.par.03108,dps.stu.03454,Parent,parent,1,1,Single-student parent for local testing.
dps.par.03109,dps.stu.03455,Parent,parent,1,1,Single-student parent for local testing.
dps.par.03110,dps.stu.03456,Parent,parent,1,1,Single-student parent for local testing.
dps.par.03111,dps.stu.03457,Parent,parent,1,1,Single-student parent for local testing.
dps.par.03112,dps.stu.03458,Parent,parent,1,1,Single-student parent for local testing.
dps.par.03113,dps.stu.03459,Parent,parent,1,1,Single-student parent for local testing.
dps.par.03114,dps.stu.03460,Parent,parent,1,1,Single-student parent for local testing.
dps.par.03115,dps.stu.03461,Guardian,parent,1,1,Shared sibling parent for local testing.
dps.par.03115,dps.stu.03462,Guardian,parent,1,1,Shared sibling parent for local testing.
dps.par.03116,dps.stu.03463,Parent,parent,1,1,Single-student parent for local testing.
dps.par.03117,dps.stu.03464,Parent,parent,1,1,Single-student parent for local testing.
dps.par.03118,dps.stu.03465,Parent,parent,1,1,Single-student parent for local testing.
dps.par.03119,dps.stu.03466,Parent,parent,1,1,Single-student parent for local testing.
dps.par.03120,dps.stu.03467,Parent,parent,1,1,Single-student parent for local testing.
dps.par.03121,dps.stu.03468,Parent,parent,1,1,Single-student parent for local testing.
dps.par.03122,dps.stu.03469,Parent,parent,1,1,Single-student parent for local testing.
dps.par.03123,dps.stu.03470,Parent,parent,1,1,Single-student parent for local testing.
dps.par.03124,dps.stu.03471,Guardian,parent,1,1,Shared sibling parent for local testing.
dps.par.03124,dps.stu.03472,Guardian,parent,1,1,Shared sibling parent for local testing.
dps.par.03125,dps.stu.03473,Parent,parent,1,1,Single-student parent for local testing.
dps.par.03126,dps.stu.03474,Parent,parent,1,1,Single-student parent for local testing.
dps.par.03127,dps.stu.03475,Parent,parent,1,1,Single-student parent for local testing.
dps.par.03128,dps.stu.03476,Parent,parent,1,1,Single-student parent for local testing.
dps.par.03129,dps.stu.03477,Parent,parent,1,1,Single-student parent for local testing.
dps.par.03130,dps.stu.03478,Parent,parent,1,1,Single-student parent for local testing.
dps.par.03131,dps.stu.03479,Parent,parent,1,1,Single-student parent for local testing.
dps.par.03132,dps.stu.03480,Parent,parent,1,1,Single-student parent for local testing.
dps.par.03133,dps.stu.03481,Guardian,parent,1,1,Shared sibling parent for local testing.
dps.par.03133,dps.stu.03482,Guardian,parent,1,1,Shared sibling parent for local testing.
dps.par.03134,dps.stu.03483,Parent,parent,1,1,Single-student parent for local testing.
dps.par.03135,dps.stu.03484,Parent,parent,1,1,Single-student parent for local testing.
dps.par.03136,dps.stu.03485,Parent,parent,1,1,Single-student parent for local testing.
dps.par.03137,dps.stu.03486,Parent,parent,1,1,Single-student parent for local testing.
dps.par.03138,dps.stu.03487,Parent,parent,1,1,Single-student parent for local testing.
dps.par.03139,dps.stu.03488,Parent,parent,1,1,Single-student parent for local testing.
dps.par.03140,dps.stu.03489,Parent,parent,1,1,Single-student parent for local testing.
dps.par.03141,dps.stu.03490,Parent,parent,1,1,Single-student parent for local testing.
dps.par.03142,dps.stu.03491,Guardian,parent,1,1,Shared sibling parent for local testing.
dps.par.03142,dps.stu.03492,Guardian,parent,1,1,Shared sibling parent for local testing.
dps.par.03143,dps.stu.03493,Parent,parent,1,1,Single-student parent for local testing.
dps.par.03144,dps.stu.03494,Parent,parent,1,1,Single-student parent for local testing.
dps.par.03145,dps.stu.03495,Parent,parent,1,1,Single-student parent for local testing.
dps.par.03146,dps.stu.03496,Parent,parent,1,1,Single-student parent for local testing.
dps.par.03147,dps.stu.03497,Parent,parent,1,1,Single-student parent for local testing.
dps.par.03148,dps.stu.03498,Parent,parent,1,1,Single-student parent for local testing.
dps.par.03149,dps.stu.03499,Parent,parent,1,1,Single-student parent for local testing.
dps.par.03150,dps.stu.03500,Parent,parent,1,1,Single-student parent for local testing.
dps.par.03151,dps.stu.03501,Guardian,parent,1,1,Shared sibling parent for local testing.
dps.par.03151,dps.stu.03502,Guardian,parent,1,1,Shared sibling parent for local testing.
dps.par.03152,dps.stu.03503,Parent,parent,1,1,Single-student parent for local testing.
dps.par.03153,dps.stu.03504,Parent,parent,1,1,Single-student parent for local testing.
dps.par.03154,dps.stu.03505,Parent,parent,1,1,Single-student parent for local testing.
dps.par.03155,dps.stu.03506,Parent,parent,1,1,Single-student parent for local testing.
dps.par.03156,dps.stu.03507,Parent,parent,1,1,Single-student parent for local testing.
dps.par.03157,dps.stu.03508,Parent,parent,1,1,Single-student parent for local testing.
dps.par.03158,dps.stu.03509,Parent,parent,1,1,Single-student parent for local testing.
dps.par.03159,dps.stu.03510,Parent,parent,1,1,Single-student parent for local testing.
dps.par.03160,dps.stu.03511,Guardian,parent,1,1,Shared sibling parent for local testing.
dps.par.03160,dps.stu.03512,Guardian,parent,1,1,Shared sibling parent for local testing.
dps.par.03161,dps.stu.03513,Parent,parent,1,1,Single-student parent for local testing.
dps.par.03162,dps.stu.03514,Parent,parent,1,1,Single-student parent for local testing.
dps.par.03163,dps.stu.03515,Parent,parent,1,1,Single-student parent for local testing.
dps.par.03164,dps.stu.03516,Parent,parent,1,1,Single-student parent for local testing.
dps.par.03165,dps.stu.03517,Parent,parent,1,1,Single-student parent for local testing.
dps.par.03166,dps.stu.03518,Parent,parent,1,1,Single-student parent for local testing.
dps.par.03167,dps.stu.03519,Parent,parent,1,1,Single-student parent for local testing.
dps.par.03168,dps.stu.03520,Parent,parent,1,1,Single-student parent for local testing.
dps.par.03169,dps.stu.03521,Guardian,parent,1,1,Shared sibling parent for local testing.
dps.par.03169,dps.stu.03522,Guardian,parent,1,1,Shared sibling parent for local testing.
dps.par.03170,dps.stu.03523,Parent,parent,1,1,Single-student parent for local testing.
dps.par.03171,dps.stu.03524,Parent,parent,1,1,Single-student parent for local testing.
dps.par.03172,dps.stu.03525,Parent,parent,1,1,Single-student parent for local testing.
dps.par.03173,dps.stu.03526,Parent,parent,1,1,Single-student parent for local testing.
dps.par.03174,dps.stu.03527,Parent,parent,1,1,Single-student parent for local testing.
dps.par.03175,dps.stu.03528,Parent,parent,1,1,Single-student parent for local testing.
dps.par.03176,dps.stu.03529,Parent,parent,1,1,Single-student parent for local testing.
dps.par.03177,dps.stu.03530,Parent,parent,1,1,Single-student parent for local testing.
dps.par.03178,dps.stu.03531,Guardian,parent,1,1,Shared sibling parent for local testing.
dps.par.03178,dps.stu.03532,Guardian,parent,1,1,Shared sibling parent for local testing.
dps.par.03179,dps.stu.03533,Parent,parent,1,1,Single-student parent for local testing.
dps.par.03180,dps.stu.03534,Parent,parent,1,1,Single-student parent for local testing.
dps.par.03181,dps.stu.03535,Parent,parent,1,1,Single-student parent for local testing.
dps.par.03182,dps.stu.03536,Parent,parent,1,1,Single-student parent for local testing.
dps.par.03183,dps.stu.03537,Parent,parent,1,1,Single-student parent for local testing.
dps.par.03184,dps.stu.03538,Parent,parent,1,1,Single-student parent for local testing.
dps.par.03185,dps.stu.03539,Parent,parent,1,1,Single-student parent for local testing.
dps.par.03186,dps.stu.03540,Parent,parent,1,1,Single-student parent for local testing.
dps.par.03187,dps.stu.03541,Guardian,parent,1,1,Shared sibling parent for local testing.
dps.par.03187,dps.stu.03542,Guardian,parent,1,1,Shared sibling parent for local testing.
dps.par.03188,dps.stu.03543,Parent,parent,1,1,Single-student parent for local testing.
dps.par.03189,dps.stu.03544,Parent,parent,1,1,Single-student parent for local testing.
dps.par.03190,dps.stu.03545,Parent,parent,1,1,Single-student parent for local testing.
dps.par.03191,dps.stu.03546,Parent,parent,1,1,Single-student parent for local testing.
dps.par.03192,dps.stu.03547,Parent,parent,1,1,Single-student parent for local testing.
dps.par.03193,dps.stu.03548,Parent,parent,1,1,Single-student parent for local testing.
dps.par.03194,dps.stu.03549,Parent,parent,1,1,Single-student parent for local testing.
dps.par.03195,dps.stu.03550,Parent,parent,1,1,Single-student parent for local testing.
dps.par.03196,dps.stu.03551,Guardian,parent,1,1,Shared sibling parent for local testing.
dps.par.03196,dps.stu.03552,Guardian,parent,1,1,Shared sibling parent for local testing.
dps.par.03197,dps.stu.03553,Parent,parent,1,1,Single-student parent for local testing.
dps.par.03198,dps.stu.03554,Parent,parent,1,1,Single-student parent for local testing.
dps.par.03199,dps.stu.03555,Parent,parent,1,1,Single-student parent for local testing.
dps.par.03200,dps.stu.03556,Parent,parent,1,1,Single-student parent for local testing.
dps.par.03201,dps.stu.03557,Parent,parent,1,1,Single-student parent for local testing.
dps.par.03202,dps.stu.03558,Parent,parent,1,1,Single-student parent for local testing.
dps.par.03203,dps.stu.03559,Parent,parent,1,1,Single-student parent for local testing.
dps.par.03204,dps.stu.03560,Parent,parent,1,1,Single-student parent for local testing.
dps.par.03205,dps.stu.03561,Guardian,parent,1,1,Shared sibling parent for local testing.
dps.par.03205,dps.stu.03562,Guardian,parent,1,1,Shared sibling parent for local testing.
dps.par.03206,dps.stu.03563,Parent,parent,1,1,Single-student parent for local testing.
dps.par.03207,dps.stu.03564,Parent,parent,1,1,Single-student parent for local testing.
dps.par.03208,dps.stu.03565,Parent,parent,1,1,Single-student parent for local testing.
dps.par.03209,dps.stu.03566,Parent,parent,1,1,Single-student parent for local testing.
dps.par.03210,dps.stu.03567,Parent,parent,1,1,Single-student parent for local testing.
dps.par.03211,dps.stu.03568,Parent,parent,1,1,Single-student parent for local testing.
dps.par.03212,dps.stu.03569,Parent,parent,1,1,Single-student parent for local testing.
dps.par.03213,dps.stu.03570,Parent,parent,1,1,Single-student parent for local testing.
dps.par.03214,dps.stu.03571,Guardian,parent,1,1,Shared sibling parent for local testing.
dps.par.03214,dps.stu.03572,Guardian,parent,1,1,Shared sibling parent for local testing.
dps.par.03215,dps.stu.03573,Parent,parent,1,1,Single-student parent for local testing.
dps.par.03216,dps.stu.03574,Parent,parent,1,1,Single-student parent for local testing.
dps.par.03217,dps.stu.03575,Parent,parent,1,1,Single-student parent for local testing.
dps.par.03218,dps.stu.03576,Parent,parent,1,1,Single-student parent for local testing.
dps.par.03219,dps.stu.03577,Parent,parent,1,1,Single-student parent for local testing.
dps.par.03220,dps.stu.03578,Parent,parent,1,1,Single-student parent for local testing.
dps.par.03221,dps.stu.03579,Parent,parent,1,1,Single-student parent for local testing.
dps.par.03222,dps.stu.03580,Parent,parent,1,1,Single-student parent for local testing.
dps.par.03223,dps.stu.03581,Guardian,parent,1,1,Shared sibling parent for local testing.
dps.par.03223,dps.stu.03582,Guardian,parent,1,1,Shared sibling parent for local testing.
dps.par.03224,dps.stu.03583,Parent,parent,1,1,Single-student parent for local testing.
dps.par.03225,dps.stu.03584,Parent,parent,1,1,Single-student parent for local testing.
dps.par.03226,dps.stu.03585,Parent,parent,1,1,Single-student parent for local testing.
dps.par.03227,dps.stu.03586,Parent,parent,1,1,Single-student parent for local testing.
dps.par.03228,dps.stu.03587,Parent,parent,1,1,Single-student parent for local testing.
dps.par.03229,dps.stu.03588,Parent,parent,1,1,Single-student parent for local testing.
dps.par.03230,dps.stu.03589,Parent,parent,1,1,Single-student parent for local testing.
dps.par.03231,dps.stu.03590,Parent,parent,1,1,Single-student parent for local testing.
dps.par.03232,dps.stu.03591,Guardian,parent,1,1,Shared sibling parent for local testing.
dps.par.03232,dps.stu.03592,Guardian,parent,1,1,Shared sibling parent for local testing.
dps.par.03233,dps.stu.03593,Parent,parent,1,1,Single-student parent for local testing.
dps.par.03234,dps.stu.03594,Parent,parent,1,1,Single-student parent for local testing.
dps.par.03235,dps.stu.03595,Parent,parent,1,1,Single-student parent for local testing.
dps.par.03236,dps.stu.03596,Parent,parent,1,1,Single-student parent for local testing.
dps.par.03237,dps.stu.03597,Parent,parent,1,1,Single-student parent for local testing.
dps.par.03238,dps.stu.03598,Parent,parent,1,1,Single-student parent for local testing.
dps.par.03239,dps.stu.03599,Parent,parent,1,1,Single-student parent for local testing.
dps.par.03240,dps.stu.03600,Parent,parent,1,1,Single-student parent for local testing.
dps.par.03241,dps.stu.03601,Guardian,parent,1,1,Shared sibling parent for local testing.
dps.par.03241,dps.stu.03602,Guardian,parent,1,1,Shared sibling parent for local testing.
dps.par.03242,dps.stu.03603,Parent,parent,1,1,Single-student parent for local testing.
dps.par.03243,dps.stu.03604,Parent,parent,1,1,Single-student parent for local testing.
dps.par.03244,dps.stu.03605,Parent,parent,1,1,Single-student parent for local testing.
dps.par.03245,dps.stu.03606,Parent,parent,1,1,Single-student parent for local testing.
dps.par.03246,dps.stu.03607,Parent,parent,1,1,Single-student parent for local testing.
dps.par.03247,dps.stu.03608,Parent,parent,1,1,Single-student parent for local testing.
dps.par.03248,dps.stu.03609,Parent,parent,1,1,Single-student parent for local testing.
dps.par.03249,dps.stu.03610,Parent,parent,1,1,Single-student parent for local testing.
dps.par.03250,dps.stu.03611,Guardian,parent,1,1,Shared sibling parent for local testing.
dps.par.03250,dps.stu.03612,Guardian,parent,1,1,Shared sibling parent for local testing.
dps.par.03251,dps.stu.03613,Parent,parent,1,1,Single-student parent for local testing.
dps.par.03252,dps.stu.03614,Parent,parent,1,1,Single-student parent for local testing.
dps.par.03253,dps.stu.03615,Parent,parent,1,1,Single-student parent for local testing.
dps.par.03254,dps.stu.03616,Parent,parent,1,1,Single-student parent for local testing.
dps.par.03255,dps.stu.03617,Parent,parent,1,1,Single-student parent for local testing.
dps.par.03256,dps.stu.03618,Parent,parent,1,1,Single-student parent for local testing.
dps.par.03257,dps.stu.03619,Parent,parent,1,1,Single-student parent for local testing.
dps.par.03258,dps.stu.03620,Parent,parent,1,1,Single-student parent for local testing.
dps.par.03259,dps.stu.03621,Guardian,parent,1,1,Shared sibling parent for local testing.
dps.par.03259,dps.stu.03622,Guardian,parent,1,1,Shared sibling parent for local testing.
dps.par.03260,dps.stu.03623,Parent,parent,1,1,Single-student parent for local testing.
dps.par.03261,dps.stu.03624,Parent,parent,1,1,Single-student parent for local testing.
dps.par.03262,dps.stu.03625,Parent,parent,1,1,Single-student parent for local testing.
dps.par.03263,dps.stu.03626,Parent,parent,1,1,Single-student parent for local testing.
dps.par.03264,dps.stu.03627,Parent,parent,1,1,Single-student parent for local testing.
dps.par.03265,dps.stu.03628,Parent,parent,1,1,Single-student parent for local testing.
dps.par.03266,dps.stu.03629,Parent,parent,1,1,Single-student parent for local testing.
dps.par.03267,dps.stu.03630,Parent,parent,1,1,Single-student parent for local testing.
dps.par.03268,dps.stu.03631,Guardian,parent,1,1,Shared sibling parent for local testing.
dps.par.03268,dps.stu.03632,Guardian,parent,1,1,Shared sibling parent for local testing.
dps.par.03269,dps.stu.03633,Parent,parent,1,1,Single-student parent for local testing.
dps.par.03270,dps.stu.03634,Parent,parent,1,1,Single-student parent for local testing.
dps.par.03271,dps.stu.03635,Parent,parent,1,1,Single-student parent for local testing.
dps.par.03272,dps.stu.03636,Parent,parent,1,1,Single-student parent for local testing.
dps.par.03273,dps.stu.03637,Parent,parent,1,1,Single-student parent for local testing.
dps.par.03274,dps.stu.03638,Parent,parent,1,1,Single-student parent for local testing.
dps.par.03275,dps.stu.03639,Parent,parent,1,1,Single-student parent for local testing.
dps.par.03276,dps.stu.03640,Parent,parent,1,1,Single-student parent for local testing.
dps.par.03277,dps.stu.03641,Guardian,parent,1,1,Shared sibling parent for local testing.
dps.par.03277,dps.stu.03642,Guardian,parent,1,1,Shared sibling parent for local testing.
dps.par.03278,dps.stu.03643,Parent,parent,1,1,Single-student parent for local testing.
dps.par.03279,dps.stu.03644,Parent,parent,1,1,Single-student parent for local testing.
dps.par.03280,dps.stu.03645,Parent,parent,1,1,Single-student parent for local testing.
dps.par.03281,dps.stu.03646,Parent,parent,1,1,Single-student parent for local testing.
dps.par.03282,dps.stu.03647,Parent,parent,1,1,Single-student parent for local testing.
dps.par.03283,dps.stu.03648,Parent,parent,1,1,Single-student parent for local testing.
dps.par.03284,dps.stu.03649,Parent,parent,1,1,Single-student parent for local testing.
dps.par.03285,dps.stu.03650,Parent,parent,1,1,Single-student parent for local testing.
dps.par.03286,dps.stu.03651,Guardian,parent,1,1,Shared sibling parent for local testing.
dps.par.03286,dps.stu.03652,Guardian,parent,1,1,Shared sibling parent for local testing.
dps.par.03287,dps.stu.03653,Parent,parent,1,1,Single-student parent for local testing.
dps.par.03288,dps.stu.03654,Parent,parent,1,1,Single-student parent for local testing.
dps.par.03289,dps.stu.03655,Parent,parent,1,1,Single-student parent for local testing.
dps.par.03290,dps.stu.03656,Parent,parent,1,1,Single-student parent for local testing.
dps.par.03291,dps.stu.03657,Parent,parent,1,1,Single-student parent for local testing.
dps.par.03292,dps.stu.03658,Parent,parent,1,1,Single-student parent for local testing.
dps.par.03293,dps.stu.03659,Parent,parent,1,1,Single-student parent for local testing.
dps.par.03294,dps.stu.03660,Parent,parent,1,1,Single-student parent for local testing.
dps.par.03295,dps.stu.03661,Guardian,parent,1,1,Shared sibling parent for local testing.
dps.par.03295,dps.stu.03662,Guardian,parent,1,1,Shared sibling parent for local testing.
dps.par.03296,dps.stu.03663,Parent,parent,1,1,Single-student parent for local testing.
dps.par.03297,dps.stu.03664,Parent,parent,1,1,Single-student parent for local testing.
dps.par.03298,dps.stu.03665,Parent,parent,1,1,Single-student parent for local testing.
dps.par.03299,dps.stu.03666,Parent,parent,1,1,Single-student parent for local testing.
dps.par.03300,dps.stu.03667,Parent,parent,1,1,Single-student parent for local testing.
dps.par.03301,dps.stu.03668,Parent,parent,1,1,Single-student parent for local testing.
dps.par.03302,dps.stu.03669,Parent,parent,1,1,Single-student parent for local testing.
dps.par.03303,dps.stu.03670,Parent,parent,1,1,Single-student parent for local testing.
dps.par.03304,dps.stu.03671,Guardian,parent,1,1,Shared sibling parent for local testing.
dps.par.03304,dps.stu.03672,Guardian,parent,1,1,Shared sibling parent for local testing.
dps.par.03305,dps.stu.03673,Parent,parent,1,1,Single-student parent for local testing.
dps.par.03306,dps.stu.03674,Parent,parent,1,1,Single-student parent for local testing.
dps.par.03307,dps.stu.03675,Parent,parent,1,1,Single-student parent for local testing.
dps.par.03308,dps.stu.03676,Parent,parent,1,1,Single-student parent for local testing.
dps.par.03309,dps.stu.03677,Parent,parent,1,1,Single-student parent for local testing.
dps.par.03310,dps.stu.03678,Parent,parent,1,1,Single-student parent for local testing.
dps.par.03311,dps.stu.03679,Parent,parent,1,1,Single-student parent for local testing.
dps.par.03312,dps.stu.03680,Parent,parent,1,1,Single-student parent for local testing.
dps.par.03313,dps.stu.03681,Guardian,parent,1,1,Shared sibling parent for local testing.
dps.par.03313,dps.stu.03682,Guardian,parent,1,1,Shared sibling parent for local testing.
dps.par.03314,dps.stu.03683,Parent,parent,1,1,Single-student parent for local testing.
dps.par.03315,dps.stu.03684,Parent,parent,1,1,Single-student parent for local testing.
dps.par.03316,dps.stu.03685,Parent,parent,1,1,Single-student parent for local testing.
dps.par.03317,dps.stu.03686,Parent,parent,1,1,Single-student parent for local testing.
dps.par.03318,dps.stu.03687,Parent,parent,1,1,Single-student parent for local testing.
dps.par.03319,dps.stu.03688,Parent,parent,1,1,Single-student parent for local testing.
dps.par.03320,dps.stu.03689,Parent,parent,1,1,Single-student parent for local testing.
dps.par.03321,dps.stu.03690,Parent,parent,1,1,Single-student parent for local testing.
dps.par.03322,dps.stu.03691,Guardian,parent,1,1,Shared sibling parent for local testing.
dps.par.03322,dps.stu.03692,Guardian,parent,1,1,Shared sibling parent for local testing.
dps.par.03323,dps.stu.03693,Parent,parent,1,1,Single-student parent for local testing.
dps.par.03324,dps.stu.03694,Parent,parent,1,1,Single-student parent for local testing.
dps.par.03325,dps.stu.03695,Parent,parent,1,1,Single-student parent for local testing.
dps.par.03326,dps.stu.03696,Parent,parent,1,1,Single-student parent for local testing.
dps.par.03327,dps.stu.03697,Parent,parent,1,1,Single-student parent for local testing.
dps.par.03328,dps.stu.03698,Parent,parent,1,1,Single-student parent for local testing.
dps.par.03329,dps.stu.03699,Parent,parent,1,1,Single-student parent for local testing.
dps.par.03330,dps.stu.03700,Parent,parent,1,1,Single-student parent for local testing.
dps.par.03331,dps.stu.03701,Guardian,parent,1,1,Shared sibling parent for local testing.
dps.par.03331,dps.stu.03702,Guardian,parent,1,1,Shared sibling parent for local testing.
dps.par.03332,dps.stu.03703,Parent,parent,1,1,Single-student parent for local testing.
dps.par.03333,dps.stu.03704,Parent,parent,1,1,Single-student parent for local testing.
dps.par.03334,dps.stu.03705,Parent,parent,1,1,Single-student parent for local testing.
dps.par.03335,dps.stu.03706,Parent,parent,1,1,Single-student parent for local testing.
dps.par.03336,dps.stu.03707,Parent,parent,1,1,Single-student parent for local testing.
dps.par.03337,dps.stu.03708,Parent,parent,1,1,Single-student parent for local testing.
dps.par.03338,dps.stu.03709,Parent,parent,1,1,Single-student parent for local testing.
dps.par.03339,dps.stu.03710,Parent,parent,1,1,Single-student parent for local testing.
dps.par.03340,dps.stu.03711,Guardian,parent,1,1,Shared sibling parent for local testing.
dps.par.03340,dps.stu.03712,Guardian,parent,1,1,Shared sibling parent for local testing.
dps.par.03341,dps.stu.03713,Parent,parent,1,1,Single-student parent for local testing.
dps.par.03342,dps.stu.03714,Parent,parent,1,1,Single-student parent for local testing.
dps.par.03343,dps.stu.03715,Parent,parent,1,1,Single-student parent for local testing.
dps.par.03344,dps.stu.03716,Parent,parent,1,1,Single-student parent for local testing.
dps.par.03345,dps.stu.03717,Parent,parent,1,1,Single-student parent for local testing.
dps.par.03346,dps.stu.03718,Parent,parent,1,1,Single-student parent for local testing.
dps.par.03347,dps.stu.03719,Parent,parent,1,1,Single-student parent for local testing.
dps.par.03348,dps.stu.03720,Parent,parent,1,1,Single-student parent for local testing.
dps.par.03349,dps.stu.03721,Guardian,parent,1,1,Shared sibling parent for local testing.
dps.par.03349,dps.stu.03722,Guardian,parent,1,1,Shared sibling parent for local testing.
dps.par.03350,dps.stu.03723,Parent,parent,1,1,Single-student parent for local testing.
dps.par.03351,dps.stu.03724,Parent,parent,1,1,Single-student parent for local testing.
dps.par.03352,dps.stu.03725,Parent,parent,1,1,Single-student parent for local testing.
dps.par.03353,dps.stu.03726,Parent,parent,1,1,Single-student parent for local testing.
dps.par.03354,dps.stu.03727,Parent,parent,1,1,Single-student parent for local testing.
dps.par.03355,dps.stu.03728,Parent,parent,1,1,Single-student parent for local testing.
dps.par.03356,dps.stu.03729,Parent,parent,1,1,Single-student parent for local testing.
dps.par.03357,dps.stu.03730,Parent,parent,1,1,Single-student parent for local testing.
dps.par.03358,dps.stu.03731,Guardian,parent,1,1,Shared sibling parent for local testing.
dps.par.03358,dps.stu.03732,Guardian,parent,1,1,Shared sibling parent for local testing.
dps.par.03359,dps.stu.03733,Parent,parent,1,1,Single-student parent for local testing.
dps.par.03360,dps.stu.03734,Parent,parent,1,1,Single-student parent for local testing.
dps.par.03361,dps.stu.03735,Parent,parent,1,1,Single-student parent for local testing.
dps.par.03362,dps.stu.03736,Parent,parent,1,1,Single-student parent for local testing.
dps.par.03363,dps.stu.03737,Parent,parent,1,1,Single-student parent for local testing.
dps.par.03364,dps.stu.03738,Parent,parent,1,1,Single-student parent for local testing.
dps.par.03365,dps.stu.03739,Parent,parent,1,1,Single-student parent for local testing.
dps.par.03366,dps.stu.03740,Parent,parent,1,1,Single-student parent for local testing.
dps.par.03367,dps.stu.03741,Guardian,parent,1,1,Shared sibling parent for local testing.
dps.par.03367,dps.stu.03742,Guardian,parent,1,1,Shared sibling parent for local testing.
dps.par.03368,dps.stu.03743,Parent,parent,1,1,Single-student parent for local testing.
dps.par.03369,dps.stu.03744,Parent,parent,1,1,Single-student parent for local testing.
dps.par.03370,dps.stu.03745,Parent,parent,1,1,Single-student parent for local testing.
dps.par.03371,dps.stu.03746,Parent,parent,1,1,Single-student parent for local testing.
dps.par.03372,dps.stu.03747,Parent,parent,1,1,Single-student parent for local testing.
dps.par.03373,dps.stu.03748,Parent,parent,1,1,Single-student parent for local testing.
dps.par.03374,dps.stu.03749,Parent,parent,1,1,Single-student parent for local testing.
dps.par.03375,dps.stu.03750,Parent,parent,1,1,Single-student parent for local testing.
dps.par.03376,dps.stu.03751,Guardian,parent,1,1,Shared sibling parent for local testing.
dps.par.03376,dps.stu.03752,Guardian,parent,1,1,Shared sibling parent for local testing.
dps.par.03377,dps.stu.03753,Parent,parent,1,1,Single-student parent for local testing.
dps.par.03378,dps.stu.03754,Parent,parent,1,1,Single-student parent for local testing.
dps.par.03379,dps.stu.03755,Parent,parent,1,1,Single-student parent for local testing.
dps.par.03380,dps.stu.03756,Parent,parent,1,1,Single-student parent for local testing.
dps.par.03381,dps.stu.03757,Parent,parent,1,1,Single-student parent for local testing.
dps.par.03382,dps.stu.03758,Parent,parent,1,1,Single-student parent for local testing.
dps.par.03383,dps.stu.03759,Parent,parent,1,1,Single-student parent for local testing.
dps.par.03384,dps.stu.03760,Parent,parent,1,1,Single-student parent for local testing.
dps.par.03385,dps.stu.03761,Guardian,parent,1,1,Shared sibling parent for local testing.
dps.par.03385,dps.stu.03762,Guardian,parent,1,1,Shared sibling parent for local testing.
dps.par.03386,dps.stu.03763,Parent,parent,1,1,Single-student parent for local testing.
dps.par.03387,dps.stu.03764,Parent,parent,1,1,Single-student parent for local testing.
dps.par.03388,dps.stu.03765,Parent,parent,1,1,Single-student parent for local testing.
dps.par.03389,dps.stu.03766,Parent,parent,1,1,Single-student parent for local testing.
dps.par.03390,dps.stu.03767,Parent,parent,1,1,Single-student parent for local testing.
dps.par.03391,dps.stu.03768,Parent,parent,1,1,Single-student parent for local testing.
dps.par.03392,dps.stu.03769,Parent,parent,1,1,Single-student parent for local testing.
dps.par.03393,dps.stu.03770,Parent,parent,1,1,Single-student parent for local testing.
dps.par.03394,dps.stu.03771,Guardian,parent,1,1,Shared sibling parent for local testing.
dps.par.03394,dps.stu.03772,Guardian,parent,1,1,Shared sibling parent for local testing.
dps.par.03395,dps.stu.03773,Parent,parent,1,1,Single-student parent for local testing.
dps.par.03396,dps.stu.03774,Parent,parent,1,1,Single-student parent for local testing.
dps.par.03397,dps.stu.03775,Parent,parent,1,1,Single-student parent for local testing.
dps.par.03398,dps.stu.03776,Parent,parent,1,1,Single-student parent for local testing.
dps.par.03399,dps.stu.03777,Parent,parent,1,1,Single-student parent for local testing.
dps.par.03400,dps.stu.03778,Parent,parent,1,1,Single-student parent for local testing.
dps.par.03401,dps.stu.03779,Parent,parent,1,1,Single-student parent for local testing.
dps.par.03402,dps.stu.03780,Parent,parent,1,1,Single-student parent for local testing.
dps.par.03403,dps.stu.03781,Guardian,parent,1,1,Shared sibling parent for local testing.
dps.par.03403,dps.stu.03782,Guardian,parent,1,1,Shared sibling parent for local testing.
dps.par.03404,dps.stu.03783,Parent,parent,1,1,Single-student parent for local testing.
dps.par.03405,dps.stu.03784,Parent,parent,1,1,Single-student parent for local testing.
dps.par.03406,dps.stu.03785,Parent,parent,1,1,Single-student parent for local testing.
dps.par.03407,dps.stu.03786,Parent,parent,1,1,Single-student parent for local testing.
dps.par.03408,dps.stu.03787,Parent,parent,1,1,Single-student parent for local testing.
dps.par.03409,dps.stu.03788,Parent,parent,1,1,Single-student parent for local testing.
dps.par.03410,dps.stu.03789,Parent,parent,1,1,Single-student parent for local testing.
dps.par.03411,dps.stu.03790,Parent,parent,1,1,Single-student parent for local testing.
dps.par.03412,dps.stu.03791,Guardian,parent,1,1,Shared sibling parent for local testing.
dps.par.03412,dps.stu.03792,Guardian,parent,1,1,Shared sibling parent for local testing.
dps.par.03413,dps.stu.03793,Parent,parent,1,1,Single-student parent for local testing.
dps.par.03414,dps.stu.03794,Parent,parent,1,1,Single-student parent for local testing.
dps.par.03415,dps.stu.03795,Parent,parent,1,1,Single-student parent for local testing.
dps.par.03416,dps.stu.03796,Parent,parent,1,1,Single-student parent for local testing.
dps.par.03417,dps.stu.03797,Parent,parent,1,1,Single-student parent for local testing.
dps.par.03418,dps.stu.03798,Parent,parent,1,1,Single-student parent for local testing.
dps.par.03419,dps.stu.03799,Parent,parent,1,1,Single-student parent for local testing.
dps.par.03420,dps.stu.03800,Parent,parent,1,1,Single-student parent for local testing.
dps.par.03421,dps.stu.03801,Guardian,parent,1,1,Shared sibling parent for local testing.
dps.par.03421,dps.stu.03802,Guardian,parent,1,1,Shared sibling parent for local testing.
dps.par.03422,dps.stu.03803,Parent,parent,1,1,Single-student parent for local testing.
dps.par.03423,dps.stu.03804,Parent,parent,1,1,Single-student parent for local testing.
dps.par.03424,dps.stu.03805,Parent,parent,1,1,Single-student parent for local testing.
dps.par.03425,dps.stu.03806,Parent,parent,1,1,Single-student parent for local testing.
dps.par.03426,dps.stu.03807,Parent,parent,1,1,Single-student parent for local testing.
dps.par.03427,dps.stu.03808,Parent,parent,1,1,Single-student parent for local testing.
dps.par.03428,dps.stu.03809,Parent,parent,1,1,Single-student parent for local testing.
dps.par.03429,dps.stu.03810,Parent,parent,1,1,Single-student parent for local testing.
dps.par.03430,dps.stu.03811,Guardian,parent,1,1,Shared sibling parent for local testing.
dps.par.03430,dps.stu.03812,Guardian,parent,1,1,Shared sibling parent for local testing.
dps.par.03431,dps.stu.03813,Parent,parent,1,1,Single-student parent for local testing.
dps.par.03432,dps.stu.03814,Parent,parent,1,1,Single-student parent for local testing.
dps.par.03433,dps.stu.03815,Parent,parent,1,1,Single-student parent for local testing.
dps.par.03434,dps.stu.03816,Parent,parent,1,1,Single-student parent for local testing.
dps.par.03435,dps.stu.03817,Parent,parent,1,1,Single-student parent for local testing.
dps.par.03436,dps.stu.03818,Parent,parent,1,1,Single-student parent for local testing.
dps.par.03437,dps.stu.03819,Parent,parent,1,1,Single-student parent for local testing.
dps.par.03438,dps.stu.03820,Parent,parent,1,1,Single-student parent for local testing.
dps.par.03439,dps.stu.03821,Guardian,parent,1,1,Shared sibling parent for local testing.
dps.par.03439,dps.stu.03822,Guardian,parent,1,1,Shared sibling parent for local testing.
dps.par.03440,dps.stu.03823,Parent,parent,1,1,Single-student parent for local testing.
dps.par.03441,dps.stu.03824,Parent,parent,1,1,Single-student parent for local testing.
dps.par.03442,dps.stu.03825,Parent,parent,1,1,Single-student parent for local testing.
dps.par.03443,dps.stu.03826,Parent,parent,1,1,Single-student parent for local testing.
dps.par.03444,dps.stu.03827,Parent,parent,1,1,Single-student parent for local testing.
dps.par.03445,dps.stu.03828,Parent,parent,1,1,Single-student parent for local testing.
dps.par.03446,dps.stu.03829,Parent,parent,1,1,Single-student parent for local testing.
dps.par.03447,dps.stu.03830,Parent,parent,1,1,Single-student parent for local testing.
dps.par.03448,dps.stu.03831,Guardian,parent,1,1,Shared sibling parent for local testing.
dps.par.03448,dps.stu.03832,Guardian,parent,1,1,Shared sibling parent for local testing.
dps.par.03449,dps.stu.03833,Parent,parent,1,1,Single-student parent for local testing.
dps.par.03450,dps.stu.03834,Parent,parent,1,1,Single-student parent for local testing.
dps.par.03451,dps.stu.03835,Parent,parent,1,1,Single-student parent for local testing.
dps.par.03452,dps.stu.03836,Parent,parent,1,1,Single-student parent for local testing.
dps.par.03453,dps.stu.03837,Parent,parent,1,1,Single-student parent for local testing.
dps.par.03454,dps.stu.03838,Parent,parent,1,1,Single-student parent for local testing.
dps.par.03455,dps.stu.03839,Parent,parent,1,1,Single-student parent for local testing.
dps.par.03456,dps.stu.03840,Parent,parent,1,1,Single-student parent for local testing.
dps.par.03457,dps.stu.03841,Guardian,parent,1,1,Shared sibling parent for local testing.
dps.par.03457,dps.stu.03842,Guardian,parent,1,1,Shared sibling parent for local testing.
dps.par.03458,dps.stu.03843,Parent,parent,1,1,Single-student parent for local testing.
dps.par.03459,dps.stu.03844,Parent,parent,1,1,Single-student parent for local testing.
dps.par.03460,dps.stu.03845,Parent,parent,1,1,Single-student parent for local testing.
dps.par.03461,dps.stu.03846,Parent,parent,1,1,Single-student parent for local testing.
dps.par.03462,dps.stu.03847,Parent,parent,1,1,Single-student parent for local testing.
dps.par.03463,dps.stu.03848,Parent,parent,1,1,Single-student parent for local testing.
dps.par.03464,dps.stu.03849,Parent,parent,1,1,Single-student parent for local testing.
dps.par.03465,dps.stu.03850,Parent,parent,1,1,Single-student parent for local testing.
dps.par.03466,dps.stu.03851,Guardian,parent,1,1,Shared sibling parent for local testing.
dps.par.03466,dps.stu.03852,Guardian,parent,1,1,Shared sibling parent for local testing.
dps.par.03467,dps.stu.03853,Parent,parent,1,1,Single-student parent for local testing.
dps.par.03468,dps.stu.03854,Parent,parent,1,1,Single-student parent for local testing.
dps.par.03469,dps.stu.03855,Parent,parent,1,1,Single-student parent for local testing.
dps.par.03470,dps.stu.03856,Parent,parent,1,1,Single-student parent for local testing.
dps.par.03471,dps.stu.03857,Parent,parent,1,1,Single-student parent for local testing.
dps.par.03472,dps.stu.03858,Parent,parent,1,1,Single-student parent for local testing.
dps.par.03473,dps.stu.03859,Parent,parent,1,1,Single-student parent for local testing.
dps.par.03474,dps.stu.03860,Parent,parent,1,1,Single-student parent for local testing.
dps.par.03475,dps.stu.03861,Guardian,parent,1,1,Shared sibling parent for local testing.
dps.par.03475,dps.stu.03862,Guardian,parent,1,1,Shared sibling parent for local testing.
dps.par.03476,dps.stu.03863,Parent,parent,1,1,Single-student parent for local testing.
dps.par.03477,dps.stu.03864,Parent,parent,1,1,Single-student parent for local testing.
dps.par.03478,dps.stu.03865,Parent,parent,1,1,Single-student parent for local testing.
dps.par.03479,dps.stu.03866,Parent,parent,1,1,Single-student parent for local testing.
dps.par.03480,dps.stu.03867,Parent,parent,1,1,Single-student parent for local testing.
dps.par.03481,dps.stu.03868,Parent,parent,1,1,Single-student parent for local testing.
dps.par.03482,dps.stu.03869,Parent,parent,1,1,Single-student parent for local testing.
dps.par.03483,dps.stu.03870,Parent,parent,1,1,Single-student parent for local testing.
dps.par.03484,dps.stu.03871,Guardian,parent,1,1,Shared sibling parent for local testing.
dps.par.03484,dps.stu.03872,Guardian,parent,1,1,Shared sibling parent for local testing.
dps.par.03485,dps.stu.03873,Parent,parent,1,1,Single-student parent for local testing.
dps.par.03486,dps.stu.03874,Parent,parent,1,1,Single-student parent for local testing.
dps.par.03487,dps.stu.03875,Parent,parent,1,1,Single-student parent for local testing.
dps.par.03488,dps.stu.03876,Parent,parent,1,1,Single-student parent for local testing.
dps.par.03489,dps.stu.03877,Parent,parent,1,1,Single-student parent for local testing.
dps.par.03490,dps.stu.03878,Parent,parent,1,1,Single-student parent for local testing.
dps.par.03491,dps.stu.03879,Parent,parent,1,1,Single-student parent for local testing.
dps.par.03492,dps.stu.03880,Parent,parent,1,1,Single-student parent for local testing.
dps.par.03493,dps.stu.03881,Guardian,parent,1,1,Shared sibling parent for local testing.
dps.par.03493,dps.stu.03882,Guardian,parent,1,1,Shared sibling parent for local testing.
dps.par.03494,dps.stu.03883,Parent,parent,1,1,Single-student parent for local testing.
dps.par.03495,dps.stu.03884,Parent,parent,1,1,Single-student parent for local testing.
dps.par.03496,dps.stu.03885,Parent,parent,1,1,Single-student parent for local testing.
dps.par.03497,dps.stu.03886,Parent,parent,1,1,Single-student parent for local testing.
dps.par.03498,dps.stu.03887,Parent,parent,1,1,Single-student parent for local testing.
dps.par.03499,dps.stu.03888,Parent,parent,1,1,Single-student parent for local testing.
dps.par.03500,dps.stu.03889,Parent,parent,1,1,Single-student parent for local testing.
dps.par.03501,dps.stu.03890,Parent,parent,1,1,Single-student parent for local testing.
dps.par.03502,dps.stu.03891,Guardian,parent,1,1,Shared sibling parent for local testing.
dps.par.03502,dps.stu.03892,Guardian,parent,1,1,Shared sibling parent for local testing.
dps.par.03503,dps.stu.03893,Parent,parent,1,1,Single-student parent for local testing.
dps.par.03504,dps.stu.03894,Parent,parent,1,1,Single-student parent for local testing.
dps.par.03505,dps.stu.03895,Parent,parent,1,1,Single-student parent for local testing.
dps.par.03506,dps.stu.03896,Parent,parent,1,1,Single-student parent for local testing.
dps.par.03507,dps.stu.03897,Parent,parent,1,1,Single-student parent for local testing.
dps.par.03508,dps.stu.03898,Parent,parent,1,1,Single-student parent for local testing.
dps.par.03509,dps.stu.03899,Parent,parent,1,1,Single-student parent for local testing.
dps.par.03510,dps.stu.03900,Parent,parent,1,1,Single-student parent for local testing.
dps.par.03511,dps.stu.03901,Guardian,parent,1,1,Shared sibling parent for local testing.
dps.par.03511,dps.stu.03902,Guardian,parent,1,1,Shared sibling parent for local testing.
dps.par.03512,dps.stu.03903,Parent,parent,1,1,Single-student parent for local testing.
dps.par.03513,dps.stu.03904,Parent,parent,1,1,Single-student parent for local testing.
dps.par.03514,dps.stu.03905,Parent,parent,1,1,Single-student parent for local testing.
dps.par.03515,dps.stu.03906,Parent,parent,1,1,Single-student parent for local testing.
dps.par.03516,dps.stu.03907,Parent,parent,1,1,Single-student parent for local testing.
dps.par.03517,dps.stu.03908,Parent,parent,1,1,Single-student parent for local testing.
dps.par.03518,dps.stu.03909,Parent,parent,1,1,Single-student parent for local testing.
dps.par.03519,dps.stu.03910,Parent,parent,1,1,Single-student parent for local testing.
dps.par.03520,dps.stu.03911,Guardian,parent,1,1,Shared sibling parent for local testing.
dps.par.03520,dps.stu.03912,Guardian,parent,1,1,Shared sibling parent for local testing.
dps.par.03521,dps.stu.03913,Parent,parent,1,1,Single-student parent for local testing.
dps.par.03522,dps.stu.03914,Parent,parent,1,1,Single-student parent for local testing.
dps.par.03523,dps.stu.03915,Parent,parent,1,1,Single-student parent for local testing.
dps.par.03524,dps.stu.03916,Parent,parent,1,1,Single-student parent for local testing.
dps.par.03525,dps.stu.03917,Parent,parent,1,1,Single-student parent for local testing.
dps.par.03526,dps.stu.03918,Parent,parent,1,1,Single-student parent for local testing.
dps.par.03527,dps.stu.03919,Parent,parent,1,1,Single-student parent for local testing.
dps.par.03528,dps.stu.03920,Parent,parent,1,1,Single-student parent for local testing.
dps.par.03529,dps.stu.03921,Guardian,parent,1,1,Shared sibling parent for local testing.
dps.par.03529,dps.stu.03922,Guardian,parent,1,1,Shared sibling parent for local testing.
dps.par.03530,dps.stu.03923,Parent,parent,1,1,Single-student parent for local testing.
dps.par.03531,dps.stu.03924,Parent,parent,1,1,Single-student parent for local testing.
dps.par.03532,dps.stu.03925,Parent,parent,1,1,Single-student parent for local testing.
dps.par.03533,dps.stu.03926,Parent,parent,1,1,Single-student parent for local testing.
dps.par.03534,dps.stu.03927,Parent,parent,1,1,Single-student parent for local testing.
dps.par.03535,dps.stu.03928,Parent,parent,1,1,Single-student parent for local testing.
dps.par.03536,dps.stu.03929,Parent,parent,1,1,Single-student parent for local testing.
dps.par.03537,dps.stu.03930,Parent,parent,1,1,Single-student parent for local testing.
dps.par.03538,dps.stu.03931,Guardian,parent,1,1,Shared sibling parent for local testing.
dps.par.03538,dps.stu.03932,Guardian,parent,1,1,Shared sibling parent for local testing.
dps.par.03539,dps.stu.03933,Parent,parent,1,1,Single-student parent for local testing.
dps.par.03540,dps.stu.03934,Parent,parent,1,1,Single-student parent for local testing.
dps.par.03541,dps.stu.03935,Parent,parent,1,1,Single-student parent for local testing.
dps.par.03542,dps.stu.03936,Parent,parent,1,1,Single-student parent for local testing.
dps.par.03543,dps.stu.03937,Parent,parent,1,1,Single-student parent for local testing.
dps.par.03544,dps.stu.03938,Parent,parent,1,1,Single-student parent for local testing.
dps.par.03545,dps.stu.03939,Parent,parent,1,1,Single-student parent for local testing.
dps.par.03546,dps.stu.03940,Parent,parent,1,1,Single-student parent for local testing.
dps.par.03547,dps.stu.03941,Guardian,parent,1,1,Shared sibling parent for local testing.
dps.par.03547,dps.stu.03942,Guardian,parent,1,1,Shared sibling parent for local testing.
dps.par.03548,dps.stu.03943,Parent,parent,1,1,Single-student parent for local testing.
dps.par.03549,dps.stu.03944,Parent,parent,1,1,Single-student parent for local testing.
dps.par.03550,dps.stu.03945,Parent,parent,1,1,Single-student parent for local testing.
dps.par.03551,dps.stu.03946,Parent,parent,1,1,Single-student parent for local testing.
dps.par.03552,dps.stu.03947,Parent,parent,1,1,Single-student parent for local testing.
dps.par.03553,dps.stu.03948,Parent,parent,1,1,Single-student parent for local testing.
dps.par.03554,dps.stu.03949,Parent,parent,1,1,Single-student parent for local testing.
dps.par.03555,dps.stu.03950,Parent,parent,1,1,Single-student parent for local testing.
dps.par.03556,dps.stu.03951,Guardian,parent,1,1,Shared sibling parent for local testing.
dps.par.03556,dps.stu.03952,Guardian,parent,1,1,Shared sibling parent for local testing.
dps.par.03557,dps.stu.03953,Parent,parent,1,1,Single-student parent for local testing.
dps.par.03558,dps.stu.03954,Parent,parent,1,1,Single-student parent for local testing.
dps.par.03559,dps.stu.03955,Parent,parent,1,1,Single-student parent for local testing.
dps.par.03560,dps.stu.03956,Parent,parent,1,1,Single-student parent for local testing.
dps.par.03561,dps.stu.03957,Parent,parent,1,1,Single-student parent for local testing.
dps.par.03562,dps.stu.03958,Parent,parent,1,1,Single-student parent for local testing.
dps.par.03563,dps.stu.03959,Parent,parent,1,1,Single-student parent for local testing.
dps.par.03564,dps.stu.03960,Parent,parent,1,1,Single-student parent for local testing.
dps.par.03565,dps.stu.03961,Guardian,parent,1,1,Shared sibling parent for local testing.
dps.par.03565,dps.stu.03962,Guardian,parent,1,1,Shared sibling parent for local testing.
dps.par.03566,dps.stu.03963,Parent,parent,1,1,Single-student parent for local testing.
dps.par.03567,dps.stu.03964,Parent,parent,1,1,Single-student parent for local testing.
dps.par.03568,dps.stu.03965,Parent,parent,1,1,Single-student parent for local testing.
dps.par.03569,dps.stu.03966,Parent,parent,1,1,Single-student parent for local testing.
dps.par.03570,dps.stu.03967,Parent,parent,1,1,Single-student parent for local testing.
dps.par.03571,dps.stu.03968,Parent,parent,1,1,Single-student parent for local testing.
dps.par.03572,dps.stu.03969,Parent,parent,1,1,Single-student parent for local testing.
dps.par.03573,dps.stu.03970,Parent,parent,1,1,Single-student parent for local testing.
dps.par.03574,dps.stu.03971,Guardian,parent,1,1,Shared sibling parent for local testing.
dps.par.03574,dps.stu.03972,Guardian,parent,1,1,Shared sibling parent for local testing.
dps.par.03575,dps.stu.03973,Parent,parent,1,1,Single-student parent for local testing.
dps.par.03576,dps.stu.03974,Parent,parent,1,1,Single-student parent for local testing.
dps.par.03577,dps.stu.03975,Parent,parent,1,1,Single-student parent for local testing.
dps.par.03578,dps.stu.03976,Parent,parent,1,1,Single-student parent for local testing.
dps.par.03579,dps.stu.03977,Parent,parent,1,1,Single-student parent for local testing.
dps.par.03580,dps.stu.03978,Parent,parent,1,1,Single-student parent for local testing.
dps.par.03581,dps.stu.03979,Parent,parent,1,1,Single-student parent for local testing.
dps.par.03582,dps.stu.03980,Parent,parent,1,1,Single-student parent for local testing.
dps.par.03583,dps.stu.03981,Guardian,parent,1,1,Shared sibling parent for local testing.
dps.par.03583,dps.stu.03982,Guardian,parent,1,1,Shared sibling parent for local testing.
dps.par.03584,dps.stu.03983,Parent,parent,1,1,Single-student parent for local testing.
dps.par.03585,dps.stu.03984,Parent,parent,1,1,Single-student parent for local testing.
dps.par.03586,dps.stu.03985,Parent,parent,1,1,Single-student parent for local testing.
dps.par.03587,dps.stu.03986,Parent,parent,1,1,Single-student parent for local testing.
dps.par.03588,dps.stu.03987,Parent,parent,1,1,Single-student parent for local testing.
dps.par.03589,dps.stu.03988,Parent,parent,1,1,Single-student parent for local testing.
dps.par.03590,dps.stu.03989,Parent,parent,1,1,Single-student parent for local testing.
dps.par.03591,dps.stu.03990,Parent,parent,1,1,Single-student parent for local testing.
dps.par.03592,dps.stu.03991,Guardian,parent,1,1,Shared sibling parent for local testing.
dps.par.03592,dps.stu.03992,Guardian,parent,1,1,Shared sibling parent for local testing.
dps.par.03593,dps.stu.03993,Parent,parent,1,1,Single-student parent for local testing.
dps.par.03594,dps.stu.03994,Parent,parent,1,1,Single-student parent for local testing.
dps.par.03595,dps.stu.03995,Parent,parent,1,1,Single-student parent for local testing.
dps.par.03596,dps.stu.03996,Parent,parent,1,1,Single-student parent for local testing.
dps.par.03597,dps.stu.03997,Parent,parent,1,1,Single-student parent for local testing.
dps.par.03598,dps.stu.03998,Parent,parent,1,1,Single-student parent for local testing.
dps.par.03599,dps.stu.03999,Parent,parent,1,1,Single-student parent for local testing.
dps.par.03600,dps.stu.04000,Parent,parent,1,1,Single-student parent for local testing.
dps.par.03601,dps.stu.04001,Guardian,parent,1,1,Shared sibling parent for local testing.
dps.par.03601,dps.stu.04002,Guardian,parent,1,1,Shared sibling parent for local testing.
dps.par.03602,dps.stu.04003,Parent,parent,1,1,Single-student parent for local testing.
dps.par.03603,dps.stu.04004,Parent,parent,1,1,Single-student parent for local testing.
dps.par.03604,dps.stu.04005,Parent,parent,1,1,Single-student parent for local testing.
dps.par.03605,dps.stu.04006,Parent,parent,1,1,Single-student parent for local testing.
dps.par.03606,dps.stu.04007,Parent,parent,1,1,Single-student parent for local testing.
dps.par.03607,dps.stu.04008,Parent,parent,1,1,Single-student parent for local testing.
dps.par.03608,dps.stu.04009,Parent,parent,1,1,Single-student parent for local testing.
dps.par.03609,dps.stu.04010,Parent,parent,1,1,Single-student parent for local testing.
dps.par.03610,dps.stu.04011,Guardian,parent,1,1,Shared sibling parent for local testing.
dps.par.03610,dps.stu.04012,Guardian,parent,1,1,Shared sibling parent for local testing.
dps.par.03611,dps.stu.04013,Parent,parent,1,1,Single-student parent for local testing.
dps.par.03612,dps.stu.04014,Parent,parent,1,1,Single-student parent for local testing.
dps.par.03613,dps.stu.04015,Parent,parent,1,1,Single-student parent for local testing.
dps.par.03614,dps.stu.04016,Parent,parent,1,1,Single-student parent for local testing.
dps.par.03615,dps.stu.04017,Parent,parent,1,1,Single-student parent for local testing.
dps.par.03616,dps.stu.04018,Parent,parent,1,1,Single-student parent for local testing.
dps.par.03617,dps.stu.04019,Parent,parent,1,1,Single-student parent for local testing.
dps.par.03618,dps.stu.04020,Parent,parent,1,1,Single-student parent for local testing.
dps.par.03619,dps.stu.04021,Guardian,parent,1,1,Shared sibling parent for local testing.
dps.par.03619,dps.stu.04022,Guardian,parent,1,1,Shared sibling parent for local testing.
dps.par.03620,dps.stu.04023,Parent,parent,1,1,Single-student parent for local testing.
dps.par.03621,dps.stu.04024,Parent,parent,1,1,Single-student parent for local testing.
dps.par.03622,dps.stu.04025,Parent,parent,1,1,Single-student parent for local testing.
dps.par.03623,dps.stu.04026,Parent,parent,1,1,Single-student parent for local testing.
dps.par.03624,dps.stu.04027,Parent,parent,1,1,Single-student parent for local testing.
dps.par.03625,dps.stu.04028,Parent,parent,1,1,Single-student parent for local testing.
dps.par.03626,dps.stu.04029,Parent,parent,1,1,Single-student parent for local testing.
dps.par.03627,dps.stu.04030,Parent,parent,1,1,Single-student parent for local testing.
dps.par.03628,dps.stu.04031,Guardian,parent,1,1,Shared sibling parent for local testing.
dps.par.03628,dps.stu.04032,Guardian,parent,1,1,Shared sibling parent for local testing.
dps.par.03629,dps.stu.04033,Parent,parent,1,1,Single-student parent for local testing.
dps.par.03630,dps.stu.04034,Parent,parent,1,1,Single-student parent for local testing.
dps.par.03631,dps.stu.04035,Parent,parent,1,1,Single-student parent for local testing.
dps.par.03632,dps.stu.04036,Parent,parent,1,1,Single-student parent for local testing.
dps.par.03633,dps.stu.04037,Parent,parent,1,1,Single-student parent for local testing.
dps.par.03634,dps.stu.04038,Parent,parent,1,1,Single-student parent for local testing.
dps.par.03635,dps.stu.04039,Parent,parent,1,1,Single-student parent for local testing.
dps.par.03636,dps.stu.04040,Parent,parent,1,1,Single-student parent for local testing.
dps.par.03637,dps.stu.04041,Guardian,parent,1,1,Shared sibling parent for local testing.
dps.par.03637,dps.stu.04042,Guardian,parent,1,1,Shared sibling parent for local testing.
dps.par.03638,dps.stu.04043,Parent,parent,1,1,Single-student parent for local testing.
dps.par.03639,dps.stu.04044,Parent,parent,1,1,Single-student parent for local testing.
dps.par.03640,dps.stu.04045,Parent,parent,1,1,Single-student parent for local testing.
dps.par.03641,dps.stu.04046,Parent,parent,1,1,Single-student parent for local testing.
dps.par.03642,dps.stu.04047,Parent,parent,1,1,Single-student parent for local testing.
dps.par.03643,dps.stu.04048,Parent,parent,1,1,Single-student parent for local testing.
dps.par.03644,dps.stu.04049,Parent,parent,1,1,Single-student parent for local testing.
dps.par.03645,dps.stu.04050,Parent,parent,1,1,Single-student parent for local testing.
dps.par.03646,dps.stu.04051,Guardian,parent,1,1,Shared sibling parent for local testing.
dps.par.03646,dps.stu.04052,Guardian,parent,1,1,Shared sibling parent for local testing.
dps.par.03647,dps.stu.04053,Parent,parent,1,1,Single-student parent for local testing.
dps.par.03648,dps.stu.04054,Parent,parent,1,1,Single-student parent for local testing.
dps.par.03649,dps.stu.04055,Parent,parent,1,1,Single-student parent for local testing.
dps.par.03650,dps.stu.04056,Parent,parent,1,1,Single-student parent for local testing.
dps.par.03651,dps.stu.04057,Parent,parent,1,1,Single-student parent for local testing.
dps.par.03652,dps.stu.04058,Parent,parent,1,1,Single-student parent for local testing.
dps.par.03653,dps.stu.04059,Parent,parent,1,1,Single-student parent for local testing.
dps.par.03654,dps.stu.04060,Parent,parent,1,1,Single-student parent for local testing.
dps.par.03655,dps.stu.04061,Guardian,parent,1,1,Shared sibling parent for local testing.
dps.par.03655,dps.stu.04062,Guardian,parent,1,1,Shared sibling parent for local testing.
dps.par.03656,dps.stu.04063,Parent,parent,1,1,Single-student parent for local testing.
dps.par.03657,dps.stu.04064,Parent,parent,1,1,Single-student parent for local testing.
dps.par.03658,dps.stu.04065,Parent,parent,1,1,Single-student parent for local testing.
dps.par.03659,dps.stu.04066,Parent,parent,1,1,Single-student parent for local testing.
dps.par.03660,dps.stu.04067,Parent,parent,1,1,Single-student parent for local testing.
dps.par.03661,dps.stu.04068,Parent,parent,1,1,Single-student parent for local testing.
dps.par.03662,dps.stu.04069,Parent,parent,1,1,Single-student parent for local testing.
dps.par.03663,dps.stu.04070,Parent,parent,1,1,Single-student parent for local testing.
dps.par.03664,dps.stu.04071,Guardian,parent,1,1,Shared sibling parent for local testing.
dps.par.03664,dps.stu.04072,Guardian,parent,1,1,Shared sibling parent for local testing.
dps.par.03665,dps.stu.04073,Parent,parent,1,1,Single-student parent for local testing.
dps.par.03666,dps.stu.04074,Parent,parent,1,1,Single-student parent for local testing.
dps.par.03667,dps.stu.04075,Parent,parent,1,1,Single-student parent for local testing.
dps.par.03668,dps.stu.04076,Parent,parent,1,1,Single-student parent for local testing.
dps.par.03669,dps.stu.04077,Parent,parent,1,1,Single-student parent for local testing.
dps.par.03670,dps.stu.04078,Parent,parent,1,1,Single-student parent for local testing.
dps.par.03671,dps.stu.04079,Parent,parent,1,1,Single-student parent for local testing.
dps.par.03672,dps.stu.04080,Parent,parent,1,1,Single-student parent for local testing.
dps.par.03673,dps.stu.04081,Guardian,parent,1,1,Shared sibling parent for local testing.
dps.par.03673,dps.stu.04082,Guardian,parent,1,1,Shared sibling parent for local testing.
dps.par.03674,dps.stu.04083,Parent,parent,1,1,Single-student parent for local testing.
dps.par.03675,dps.stu.04084,Parent,parent,1,1,Single-student parent for local testing.
dps.par.03676,dps.stu.04085,Parent,parent,1,1,Single-student parent for local testing.
dps.par.03677,dps.stu.04086,Parent,parent,1,1,Single-student parent for local testing.
dps.par.03678,dps.stu.04087,Parent,parent,1,1,Single-student parent for local testing.
dps.par.03679,dps.stu.04088,Parent,parent,1,1,Single-student parent for local testing.
dps.par.03680,dps.stu.04089,Parent,parent,1,1,Single-student parent for local testing.
dps.par.03681,dps.stu.04090,Parent,parent,1,1,Single-student parent for local testing.
dps.par.03682,dps.stu.04091,Guardian,parent,1,1,Shared sibling parent for local testing.
dps.par.03682,dps.stu.04092,Guardian,parent,1,1,Shared sibling parent for local testing.
dps.par.03683,dps.stu.04093,Parent,parent,1,1,Single-student parent for local testing.
dps.par.03684,dps.stu.04094,Parent,parent,1,1,Single-student parent for local testing.
dps.par.03685,dps.stu.04095,Parent,parent,1,1,Single-student parent for local testing.
dps.par.03686,dps.stu.04096,Parent,parent,1,1,Single-student parent for local testing.
dps.par.03687,dps.stu.04097,Parent,parent,1,1,Single-student parent for local testing.
dps.par.03688,dps.stu.04098,Parent,parent,1,1,Single-student parent for local testing.
dps.par.03689,dps.stu.04099,Parent,parent,1,1,Single-student parent for local testing.
dps.par.03690,dps.stu.04100,Parent,parent,1,1,Single-student parent for local testing.
dps.par.03691,dps.stu.04101,Guardian,parent,1,1,Shared sibling parent for local testing.
dps.par.03691,dps.stu.04102,Guardian,parent,1,1,Shared sibling parent for local testing.
dps.par.03692,dps.stu.04103,Parent,parent,1,1,Single-student parent for local testing.
dps.par.03693,dps.stu.04104,Parent,parent,1,1,Single-student parent for local testing.
dps.par.03694,dps.stu.04105,Parent,parent,1,1,Single-student parent for local testing.
dps.par.03695,dps.stu.04106,Parent,parent,1,1,Single-student parent for local testing.
dps.par.03696,dps.stu.04107,Parent,parent,1,1,Single-student parent for local testing.
dps.par.03697,dps.stu.04108,Parent,parent,1,1,Single-student parent for local testing.
dps.par.03698,dps.stu.04109,Parent,parent,1,1,Single-student parent for local testing.
dps.par.03699,dps.stu.04110,Parent,parent,1,1,Single-student parent for local testing.
dps.par.03700,dps.stu.04111,Guardian,parent,1,1,Shared sibling parent for local testing.
dps.par.03700,dps.stu.04112,Guardian,parent,1,1,Shared sibling parent for local testing.
dps.par.03701,dps.stu.04113,Parent,parent,1,1,Single-student parent for local testing.
dps.par.03702,dps.stu.04114,Parent,parent,1,1,Single-student parent for local testing.
dps.par.03703,dps.stu.04115,Parent,parent,1,1,Single-student parent for local testing.
dps.par.03704,dps.stu.04116,Parent,parent,1,1,Single-student parent for local testing.
dps.par.03705,dps.stu.04117,Parent,parent,1,1,Single-student parent for local testing.
dps.par.03706,dps.stu.04118,Parent,parent,1,1,Single-student parent for local testing.
dps.par.03707,dps.stu.04119,Parent,parent,1,1,Single-student parent for local testing.
dps.par.03708,dps.stu.04120,Parent,parent,1,1,Single-student parent for local testing.
dps.par.03709,dps.stu.04121,Guardian,parent,1,1,Shared sibling parent for local testing.
dps.par.03709,dps.stu.04122,Guardian,parent,1,1,Shared sibling parent for local testing.
dps.par.03710,dps.stu.04123,Parent,parent,1,1,Single-student parent for local testing.
dps.par.03711,dps.stu.04124,Parent,parent,1,1,Single-student parent for local testing.
dps.par.03712,dps.stu.04125,Parent,parent,1,1,Single-student parent for local testing.
dps.par.03713,dps.stu.04126,Parent,parent,1,1,Single-student parent for local testing.
dps.par.03714,dps.stu.04127,Parent,parent,1,1,Single-student parent for local testing.
dps.par.03715,dps.stu.04128,Parent,parent,1,1,Single-student parent for local testing.
dps.par.03716,dps.stu.04129,Parent,parent,1,1,Single-student parent for local testing.
dps.par.03717,dps.stu.04130,Parent,parent,1,1,Single-student parent for local testing.
dps.par.03718,dps.stu.04131,Guardian,parent,1,1,Shared sibling parent for local testing.
dps.par.03718,dps.stu.04132,Guardian,parent,1,1,Shared sibling parent for local testing.
dps.par.03719,dps.stu.04133,Parent,parent,1,1,Single-student parent for local testing.
dps.par.03720,dps.stu.04134,Parent,parent,1,1,Single-student parent for local testing.
dps.par.03721,dps.stu.04135,Parent,parent,1,1,Single-student parent for local testing.
dps.par.03722,dps.stu.04136,Parent,parent,1,1,Single-student parent for local testing.
dps.par.03723,dps.stu.04137,Parent,parent,1,1,Single-student parent for local testing.
dps.par.03724,dps.stu.04138,Parent,parent,1,1,Single-student parent for local testing.
dps.par.03725,dps.stu.04139,Parent,parent,1,1,Single-student parent for local testing.
dps.par.03726,dps.stu.04140,Parent,parent,1,1,Single-student parent for local testing.
dps.par.03727,dps.stu.04141,Guardian,parent,1,1,Shared sibling parent for local testing.
dps.par.03727,dps.stu.04142,Guardian,parent,1,1,Shared sibling parent for local testing.
dps.par.03728,dps.stu.04143,Parent,parent,1,1,Single-student parent for local testing.
dps.par.03729,dps.stu.04144,Parent,parent,1,1,Single-student parent for local testing.
dps.par.03730,dps.stu.04145,Parent,parent,1,1,Single-student parent for local testing.
dps.par.03731,dps.stu.04146,Parent,parent,1,1,Single-student parent for local testing.
dps.par.03732,dps.stu.04147,Parent,parent,1,1,Single-student parent for local testing.
dps.par.03733,dps.stu.04148,Parent,parent,1,1,Single-student parent for local testing.
dps.par.03734,dps.stu.04149,Parent,parent,1,1,Single-student parent for local testing.
dps.par.03735,dps.stu.04150,Parent,parent,1,1,Single-student parent for local testing.
dps.par.03736,dps.stu.04151,Guardian,parent,1,1,Shared sibling parent for local testing.
dps.par.03736,dps.stu.04152,Guardian,parent,1,1,Shared sibling parent for local testing.
dps.par.03737,dps.stu.04153,Parent,parent,1,1,Single-student parent for local testing.
dps.par.03738,dps.stu.04154,Parent,parent,1,1,Single-student parent for local testing.
dps.par.03739,dps.stu.04155,Parent,parent,1,1,Single-student parent for local testing.
dps.par.03740,dps.stu.04156,Parent,parent,1,1,Single-student parent for local testing.
dps.par.03741,dps.stu.04157,Parent,parent,1,1,Single-student parent for local testing.
dps.par.03742,dps.stu.04158,Parent,parent,1,1,Single-student parent for local testing.
dps.par.03743,dps.stu.04159,Parent,parent,1,1,Single-student parent for local testing.
dps.par.03744,dps.stu.04160,Parent,parent,1,1,Single-student parent for local testing.
dps.par.03745,dps.stu.04161,Guardian,parent,1,1,Shared sibling parent for local testing.
dps.par.03745,dps.stu.04162,Guardian,parent,1,1,Shared sibling parent for local testing.
dps.par.03746,dps.stu.04163,Parent,parent,1,1,Single-student parent for local testing.
dps.par.03747,dps.stu.04164,Parent,parent,1,1,Single-student parent for local testing.
dps.par.03748,dps.stu.04165,Parent,parent,1,1,Single-student parent for local testing.
dps.par.03749,dps.stu.04166,Parent,parent,1,1,Single-student parent for local testing.
dps.par.03750,dps.stu.04167,Parent,parent,1,1,Single-student parent for local testing.
dps.par.03751,dps.stu.04168,Parent,parent,1,1,Single-student parent for local testing.
dps.par.03752,dps.stu.04169,Parent,parent,1,1,Single-student parent for local testing.
dps.par.03753,dps.stu.04170,Parent,parent,1,1,Single-student parent for local testing.
dps.par.03754,dps.stu.04171,Guardian,parent,1,1,Shared sibling parent for local testing.
dps.par.03754,dps.stu.04172,Guardian,parent,1,1,Shared sibling parent for local testing.
dps.par.03755,dps.stu.04173,Parent,parent,1,1,Single-student parent for local testing.
dps.par.03756,dps.stu.04174,Parent,parent,1,1,Single-student parent for local testing.
dps.par.03757,dps.stu.04175,Parent,parent,1,1,Single-student parent for local testing.
dps.par.03758,dps.stu.04176,Parent,parent,1,1,Single-student parent for local testing.
dps.par.03759,dps.stu.04177,Parent,parent,1,1,Single-student parent for local testing.
dps.par.03760,dps.stu.04178,Parent,parent,1,1,Single-student parent for local testing.
dps.par.03761,dps.stu.04179,Parent,parent,1,1,Single-student parent for local testing.
dps.par.03762,dps.stu.04180,Parent,parent,1,1,Single-student parent for local testing.
dps.par.03763,dps.stu.04181,Guardian,parent,1,1,Shared sibling parent for local testing.
dps.par.03763,dps.stu.04182,Guardian,parent,1,1,Shared sibling parent for local testing.
dps.par.03764,dps.stu.04183,Parent,parent,1,1,Single-student parent for local testing.
dps.par.03765,dps.stu.04184,Parent,parent,1,1,Single-student parent for local testing.
dps.par.03766,dps.stu.04185,Parent,parent,1,1,Single-student parent for local testing.
dps.par.03767,dps.stu.04186,Parent,parent,1,1,Single-student parent for local testing.
dps.par.03768,dps.stu.04187,Parent,parent,1,1,Single-student parent for local testing.
dps.par.03769,dps.stu.04188,Parent,parent,1,1,Single-student parent for local testing.
dps.par.03770,dps.stu.04189,Parent,parent,1,1,Single-student parent for local testing.
dps.par.03771,dps.stu.04190,Parent,parent,1,1,Single-student parent for local testing.
dps.par.03772,dps.stu.04191,Guardian,parent,1,1,Shared sibling parent for local testing.
dps.par.03772,dps.stu.04192,Guardian,parent,1,1,Shared sibling parent for local testing.
dps.par.03773,dps.stu.04193,Parent,parent,1,1,Single-student parent for local testing.
dps.par.03774,dps.stu.04194,Parent,parent,1,1,Single-student parent for local testing.
dps.par.03775,dps.stu.04195,Parent,parent,1,1,Single-student parent for local testing.
dps.par.03776,dps.stu.04196,Parent,parent,1,1,Single-student parent for local testing.
dps.par.03777,dps.stu.04197,Parent,parent,1,1,Single-student parent for local testing.
dps.par.03778,dps.stu.04198,Parent,parent,1,1,Single-student parent for local testing.
dps.par.03779,dps.stu.04199,Parent,parent,1,1,Single-student parent for local testing.
dps.par.03780,dps.stu.04200,Parent,parent,1,1,Single-student parent for local testing.
dps.par.03781,dps.stu.04201,Guardian,parent,1,1,Shared sibling parent for local testing.
dps.par.03781,dps.stu.04202,Guardian,parent,1,1,Shared sibling parent for local testing.
dps.par.03782,dps.stu.04203,Parent,parent,1,1,Single-student parent for local testing.
dps.par.03783,dps.stu.04204,Parent,parent,1,1,Single-student parent for local testing.
dps.par.03784,dps.stu.04205,Parent,parent,1,1,Single-student parent for local testing.
dps.par.03785,dps.stu.04206,Parent,parent,1,1,Single-student parent for local testing.
dps.par.03786,dps.stu.04207,Parent,parent,1,1,Single-student parent for local testing.
dps.par.03787,dps.stu.04208,Parent,parent,1,1,Single-student parent for local testing.
dps.par.03788,dps.stu.04209,Parent,parent,1,1,Single-student parent for local testing.
dps.par.03789,dps.stu.04210,Parent,parent,1,1,Single-student parent for local testing.
dps.par.03790,dps.stu.04211,Guardian,parent,1,1,Shared sibling parent for local testing.
dps.par.03790,dps.stu.04212,Guardian,parent,1,1,Shared sibling parent for local testing.
dps.par.03791,dps.stu.04213,Parent,parent,1,1,Single-student parent for local testing.
dps.par.03792,dps.stu.04214,Parent,parent,1,1,Single-student parent for local testing.
dps.par.03793,dps.stu.04215,Parent,parent,1,1,Single-student parent for local testing.
dps.par.03794,dps.stu.04216,Parent,parent,1,1,Single-student parent for local testing.
dps.par.03795,dps.stu.04217,Parent,parent,1,1,Single-student parent for local testing.
dps.par.03796,dps.stu.04218,Parent,parent,1,1,Single-student parent for local testing.
dps.par.03797,dps.stu.04219,Parent,parent,1,1,Single-student parent for local testing.
dps.par.03798,dps.stu.04220,Parent,parent,1,1,Single-student parent for local testing.
dps.par.03799,dps.stu.04221,Guardian,parent,1,1,Shared sibling parent for local testing.
dps.par.03799,dps.stu.04222,Guardian,parent,1,1,Shared sibling parent for local testing.
dps.par.03800,dps.stu.04223,Parent,parent,1,1,Single-student parent for local testing.
dps.par.03801,dps.stu.04224,Parent,parent,1,1,Single-student parent for local testing.
dps.par.03802,dps.stu.04225,Parent,parent,1,1,Single-student parent for local testing.
dps.par.03803,dps.stu.04226,Parent,parent,1,1,Single-student parent for local testing.
dps.par.03804,dps.stu.04227,Parent,parent,1,1,Single-student parent for local testing.
dps.par.03805,dps.stu.04228,Parent,parent,1,1,Single-student parent for local testing.
dps.par.03806,dps.stu.04229,Parent,parent,1,1,Single-student parent for local testing.
dps.par.03807,dps.stu.04230,Parent,parent,1,1,Single-student parent for local testing.
dps.par.03808,dps.stu.04231,Guardian,parent,1,1,Shared sibling parent for local testing.
dps.par.03808,dps.stu.04232,Guardian,parent,1,1,Shared sibling parent for local testing.
dps.par.03809,dps.stu.04233,Parent,parent,1,1,Single-student parent for local testing.
dps.par.03810,dps.stu.04234,Parent,parent,1,1,Single-student parent for local testing.
dps.par.03811,dps.stu.04235,Parent,parent,1,1,Single-student parent for local testing.
dps.par.03812,dps.stu.04236,Parent,parent,1,1,Single-student parent for local testing.
dps.par.03813,dps.stu.04237,Parent,parent,1,1,Single-student parent for local testing.
dps.par.03814,dps.stu.04238,Parent,parent,1,1,Single-student parent for local testing.
dps.par.03815,dps.stu.04239,Parent,parent,1,1,Single-student parent for local testing.
dps.par.03816,dps.stu.04240,Parent,parent,1,1,Single-student parent for local testing.
dps.par.03817,dps.stu.04241,Guardian,parent,1,1,Shared sibling parent for local testing.
dps.par.03817,dps.stu.04242,Guardian,parent,1,1,Shared sibling parent for local testing.
dps.par.03818,dps.stu.04243,Parent,parent,1,1,Single-student parent for local testing.
dps.par.03819,dps.stu.04244,Parent,parent,1,1,Single-student parent for local testing.
dps.par.03820,dps.stu.04245,Parent,parent,1,1,Single-student parent for local testing.
dps.par.03821,dps.stu.04246,Parent,parent,1,1,Single-student parent for local testing.
dps.par.03822,dps.stu.04247,Parent,parent,1,1,Single-student parent for local testing.
dps.par.03823,dps.stu.04248,Parent,parent,1,1,Single-student parent for local testing.
dps.par.03824,dps.stu.04249,Parent,parent,1,1,Single-student parent for local testing.
dps.par.03825,dps.stu.04250,Parent,parent,1,1,Single-student parent for local testing.
dps.par.03826,dps.stu.04251,Guardian,parent,1,1,Shared sibling parent for local testing.
dps.par.03826,dps.stu.04252,Guardian,parent,1,1,Shared sibling parent for local testing.
dps.par.03827,dps.stu.04253,Parent,parent,1,1,Single-student parent for local testing.
dps.par.03828,dps.stu.04254,Parent,parent,1,1,Single-student parent for local testing.
dps.par.03829,dps.stu.04255,Parent,parent,1,1,Single-student parent for local testing.
dps.par.03830,dps.stu.04256,Parent,parent,1,1,Single-student parent for local testing.
dps.par.03831,dps.stu.04257,Parent,parent,1,1,Single-student parent for local testing.
dps.par.03832,dps.stu.04258,Parent,parent,1,1,Single-student parent for local testing.
dps.par.03833,dps.stu.04259,Parent,parent,1,1,Single-student parent for local testing.
dps.par.03834,dps.stu.04260,Parent,parent,1,1,Single-student parent for local testing.
dps.par.03835,dps.stu.04261,Guardian,parent,1,1,Shared sibling parent for local testing.
dps.par.03835,dps.stu.04262,Guardian,parent,1,1,Shared sibling parent for local testing.
dps.par.03836,dps.stu.04263,Parent,parent,1,1,Single-student parent for local testing.
dps.par.03837,dps.stu.04264,Parent,parent,1,1,Single-student parent for local testing.
dps.par.03838,dps.stu.04265,Parent,parent,1,1,Single-student parent for local testing.
dps.par.03839,dps.stu.04266,Parent,parent,1,1,Single-student parent for local testing.
dps.par.03840,dps.stu.04267,Parent,parent,1,1,Single-student parent for local testing.
dps.par.03841,dps.stu.04268,Parent,parent,1,1,Single-student parent for local testing.
dps.par.03842,dps.stu.04269,Parent,parent,1,1,Single-student parent for local testing.
dps.par.03843,dps.stu.04270,Parent,parent,1,1,Single-student parent for local testing.
dps.par.03844,dps.stu.04271,Guardian,parent,1,1,Shared sibling parent for local testing.
dps.par.03844,dps.stu.04272,Guardian,parent,1,1,Shared sibling parent for local testing.
dps.par.03845,dps.stu.04273,Parent,parent,1,1,Single-student parent for local testing.
dps.par.03846,dps.stu.04274,Parent,parent,1,1,Single-student parent for local testing.
dps.par.03847,dps.stu.04275,Parent,parent,1,1,Single-student parent for local testing.
dps.par.03848,dps.stu.04276,Parent,parent,1,1,Single-student parent for local testing.
dps.par.03849,dps.stu.04277,Parent,parent,1,1,Single-student parent for local testing.
dps.par.03850,dps.stu.04278,Parent,parent,1,1,Single-student parent for local testing.
dps.par.03851,dps.stu.04279,Parent,parent,1,1,Single-student parent for local testing.
dps.par.03852,dps.stu.04280,Parent,parent,1,1,Single-student parent for local testing.
dps.par.03853,dps.stu.04281,Guardian,parent,1,1,Shared sibling parent for local testing.
dps.par.03853,dps.stu.04282,Guardian,parent,1,1,Shared sibling parent for local testing.
dps.par.03854,dps.stu.04283,Parent,parent,1,1,Single-student parent for local testing.
dps.par.03855,dps.stu.04284,Parent,parent,1,1,Single-student parent for local testing.
dps.par.03856,dps.stu.04285,Parent,parent,1,1,Single-student parent for local testing.
dps.par.03857,dps.stu.04286,Parent,parent,1,1,Single-student parent for local testing.
dps.par.03858,dps.stu.04287,Parent,parent,1,1,Single-student parent for local testing.
dps.par.03859,dps.stu.04288,Parent,parent,1,1,Single-student parent for local testing.
dps.par.03860,dps.stu.04289,Parent,parent,1,1,Single-student parent for local testing.
dps.par.03861,dps.stu.04290,Parent,parent,1,1,Single-student parent for local testing.
dps.par.03862,dps.stu.04291,Guardian,parent,1,1,Shared sibling parent for local testing.
dps.par.03862,dps.stu.04292,Guardian,parent,1,1,Shared sibling parent for local testing.
dps.par.03863,dps.stu.04293,Parent,parent,1,1,Single-student parent for local testing.
dps.par.03864,dps.stu.04294,Parent,parent,1,1,Single-student parent for local testing.
dps.par.03865,dps.stu.04295,Parent,parent,1,1,Single-student parent for local testing.
dps.par.03866,dps.stu.04296,Parent,parent,1,1,Single-student parent for local testing.
dps.par.03867,dps.stu.04297,Parent,parent,1,1,Single-student parent for local testing.
dps.par.03868,dps.stu.04298,Parent,parent,1,1,Single-student parent for local testing.
dps.par.03869,dps.stu.04299,Parent,parent,1,1,Single-student parent for local testing.
dps.par.03870,dps.stu.04300,Parent,parent,1,1,Single-student parent for local testing.
dps.par.03871,dps.stu.04301,Guardian,parent,1,1,Shared sibling parent for local testing.
dps.par.03871,dps.stu.04302,Guardian,parent,1,1,Shared sibling parent for local testing.
dps.par.03872,dps.stu.04303,Parent,parent,1,1,Single-student parent for local testing.
dps.par.03873,dps.stu.04304,Parent,parent,1,1,Single-student parent for local testing.
dps.par.03874,dps.stu.04305,Parent,parent,1,1,Single-student parent for local testing.
dps.par.03875,dps.stu.04306,Parent,parent,1,1,Single-student parent for local testing.
dps.par.03876,dps.stu.04307,Parent,parent,1,1,Single-student parent for local testing.
dps.par.03877,dps.stu.04308,Parent,parent,1,1,Single-student parent for local testing.
dps.par.03878,dps.stu.04309,Parent,parent,1,1,Single-student parent for local testing.
dps.par.03879,dps.stu.04310,Parent,parent,1,1,Single-student parent for local testing.
dps.par.03880,dps.stu.04311,Guardian,parent,1,1,Shared sibling parent for local testing.
dps.par.03880,dps.stu.04312,Guardian,parent,1,1,Shared sibling parent for local testing.
dps.par.03881,dps.stu.04313,Parent,parent,1,1,Single-student parent for local testing.
dps.par.03882,dps.stu.04314,Parent,parent,1,1,Single-student parent for local testing.
dps.par.03883,dps.stu.04315,Parent,parent,1,1,Single-student parent for local testing.
dps.par.03884,dps.stu.04316,Parent,parent,1,1,Single-student parent for local testing.
dps.par.03885,dps.stu.04317,Parent,parent,1,1,Single-student parent for local testing.
dps.par.03886,dps.stu.04318,Parent,parent,1,1,Single-student parent for local testing.
dps.par.03887,dps.stu.04319,Parent,parent,1,1,Single-student parent for local testing.
dps.par.03888,dps.stu.04320,Parent,parent,1,1,Single-student parent for local testing.
dps.par.03889,dps.stu.04321,Guardian,parent,1,1,Shared sibling parent for local testing.
dps.par.03889,dps.stu.04322,Guardian,parent,1,1,Shared sibling parent for local testing.
dps.par.03890,dps.stu.04323,Parent,parent,1,1,Single-student parent for local testing.
dps.par.03891,dps.stu.04324,Parent,parent,1,1,Single-student parent for local testing.
dps.par.03892,dps.stu.04325,Parent,parent,1,1,Single-student parent for local testing.
dps.par.03893,dps.stu.04326,Parent,parent,1,1,Single-student parent for local testing.
dps.par.03894,dps.stu.04327,Parent,parent,1,1,Single-student parent for local testing.
dps.par.03895,dps.stu.04328,Parent,parent,1,1,Single-student parent for local testing.
dps.par.03896,dps.stu.04329,Parent,parent,1,1,Single-student parent for local testing.
dps.par.03897,dps.stu.04330,Parent,parent,1,1,Single-student parent for local testing.
dps.par.03898,dps.stu.04331,Guardian,parent,1,1,Shared sibling parent for local testing.
dps.par.03898,dps.stu.04332,Guardian,parent,1,1,Shared sibling parent for local testing.
dps.par.03899,dps.stu.04333,Parent,parent,1,1,Single-student parent for local testing.
dps.par.03900,dps.stu.04334,Parent,parent,1,1,Single-student parent for local testing.
dps.par.03901,dps.stu.04335,Parent,parent,1,1,Single-student parent for local testing.
dps.par.03902,dps.stu.04336,Parent,parent,1,1,Single-student parent for local testing.
dps.par.03903,dps.stu.04337,Parent,parent,1,1,Single-student parent for local testing.
dps.par.03904,dps.stu.04338,Parent,parent,1,1,Single-student parent for local testing.
dps.par.03905,dps.stu.04339,Parent,parent,1,1,Single-student parent for local testing.
dps.par.03906,dps.stu.04340,Parent,parent,1,1,Single-student parent for local testing.
dps.par.03907,dps.stu.04341,Guardian,parent,1,1,Shared sibling parent for local testing.
dps.par.03907,dps.stu.04342,Guardian,parent,1,1,Shared sibling parent for local testing.
dps.par.03908,dps.stu.04343,Parent,parent,1,1,Single-student parent for local testing.
dps.par.03909,dps.stu.04344,Parent,parent,1,1,Single-student parent for local testing.
dps.par.03910,dps.stu.04345,Parent,parent,1,1,Single-student parent for local testing.
dps.par.03911,dps.stu.04346,Parent,parent,1,1,Single-student parent for local testing.
dps.par.03912,dps.stu.04347,Parent,parent,1,1,Single-student parent for local testing.
dps.par.03913,dps.stu.04348,Parent,parent,1,1,Single-student parent for local testing.
dps.par.03914,dps.stu.04349,Parent,parent,1,1,Single-student parent for local testing.
dps.par.03915,dps.stu.04350,Parent,parent,1,1,Single-student parent for local testing.
dps.par.03916,dps.stu.04351,Guardian,parent,1,1,Shared sibling parent for local testing.
dps.par.03916,dps.stu.04352,Guardian,parent,1,1,Shared sibling parent for local testing.
dps.par.03917,dps.stu.04353,Parent,parent,1,1,Single-student parent for local testing.
dps.par.03918,dps.stu.04354,Parent,parent,1,1,Single-student parent for local testing.
dps.par.03919,dps.stu.04355,Parent,parent,1,1,Single-student parent for local testing.
dps.par.03920,dps.stu.04356,Parent,parent,1,1,Single-student parent for local testing.
dps.par.03921,dps.stu.04357,Parent,parent,1,1,Single-student parent for local testing.
dps.par.03922,dps.stu.04358,Parent,parent,1,1,Single-student parent for local testing.
dps.par.03923,dps.stu.04359,Parent,parent,1,1,Single-student parent for local testing.
dps.par.03924,dps.stu.04360,Parent,parent,1,1,Single-student parent for local testing.
dps.par.03925,dps.stu.04361,Guardian,parent,1,1,Shared sibling parent for local testing.
dps.par.03925,dps.stu.04362,Guardian,parent,1,1,Shared sibling parent for local testing.
dps.par.03926,dps.stu.04363,Parent,parent,1,1,Single-student parent for local testing.
dps.par.03927,dps.stu.04364,Parent,parent,1,1,Single-student parent for local testing.
dps.par.03928,dps.stu.04365,Parent,parent,1,1,Single-student parent for local testing.
dps.par.03929,dps.stu.04366,Parent,parent,1,1,Single-student parent for local testing.
dps.par.03930,dps.stu.04367,Parent,parent,1,1,Single-student parent for local testing.
dps.par.03931,dps.stu.04368,Parent,parent,1,1,Single-student parent for local testing.
dps.par.03932,dps.stu.04369,Parent,parent,1,1,Single-student parent for local testing.
dps.par.03933,dps.stu.04370,Parent,parent,1,1,Single-student parent for local testing.
dps.par.03934,dps.stu.04371,Guardian,parent,1,1,Shared sibling parent for local testing.
dps.par.03934,dps.stu.04372,Guardian,parent,1,1,Shared sibling parent for local testing.
dps.par.03935,dps.stu.04373,Parent,parent,1,1,Single-student parent for local testing.
dps.par.03936,dps.stu.04374,Parent,parent,1,1,Single-student parent for local testing.
dps.par.03937,dps.stu.04375,Parent,parent,1,1,Single-student parent for local testing.
dps.par.03938,dps.stu.04376,Parent,parent,1,1,Single-student parent for local testing.
dps.par.03939,dps.stu.04377,Parent,parent,1,1,Single-student parent for local testing.
dps.par.03940,dps.stu.04378,Parent,parent,1,1,Single-student parent for local testing.
dps.par.03941,dps.stu.04379,Parent,parent,1,1,Single-student parent for local testing.
dps.par.03942,dps.stu.04380,Parent,parent,1,1,Single-student parent for local testing.
dps.par.03943,dps.stu.04381,Guardian,parent,1,1,Shared sibling parent for local testing.
dps.par.03943,dps.stu.04382,Guardian,parent,1,1,Shared sibling parent for local testing.
dps.par.03944,dps.stu.04383,Parent,parent,1,1,Single-student parent for local testing.
dps.par.03945,dps.stu.04384,Parent,parent,1,1,Single-student parent for local testing.
dps.par.03946,dps.stu.04385,Parent,parent,1,1,Single-student parent for local testing.
dps.par.03947,dps.stu.04386,Parent,parent,1,1,Single-student parent for local testing.
dps.par.03948,dps.stu.04387,Parent,parent,1,1,Single-student parent for local testing.
dps.par.03949,dps.stu.04388,Parent,parent,1,1,Single-student parent for local testing.
dps.par.03950,dps.stu.04389,Parent,parent,1,1,Single-student parent for local testing.
dps.par.03951,dps.stu.04390,Parent,parent,1,1,Single-student parent for local testing.
dps.par.03952,dps.stu.04391,Guardian,parent,1,1,Shared sibling parent for local testing.
dps.par.03952,dps.stu.04392,Guardian,parent,1,1,Shared sibling parent for local testing.
dps.par.03953,dps.stu.04393,Parent,parent,1,1,Single-student parent for local testing.
dps.par.03954,dps.stu.04394,Parent,parent,1,1,Single-student parent for local testing.
dps.par.03955,dps.stu.04395,Parent,parent,1,1,Single-student parent for local testing.
dps.par.03956,dps.stu.04396,Parent,parent,1,1,Single-student parent for local testing.
dps.par.03957,dps.stu.04397,Parent,parent,1,1,Single-student parent for local testing.
dps.par.03958,dps.stu.04398,Parent,parent,1,1,Single-student parent for local testing.
dps.par.03959,dps.stu.04399,Parent,parent,1,1,Single-student parent for local testing.
dps.par.03960,dps.stu.04400,Parent,parent,1,1,Single-student parent for local testing.
dps.par.03961,dps.stu.04401,Guardian,parent,1,1,Shared sibling parent for local testing.
dps.par.03961,dps.stu.04402,Guardian,parent,1,1,Shared sibling parent for local testing.
dps.par.03962,dps.stu.04403,Parent,parent,1,1,Single-student parent for local testing.
dps.par.03963,dps.stu.04404,Parent,parent,1,1,Single-student parent for local testing.
dps.par.03964,dps.stu.04405,Parent,parent,1,1,Single-student parent for local testing.
dps.par.03965,dps.stu.04406,Parent,parent,1,1,Single-student parent for local testing.
dps.par.03966,dps.stu.04407,Parent,parent,1,1,Single-student parent for local testing.
dps.par.03967,dps.stu.04408,Parent,parent,1,1,Single-student parent for local testing.
dps.par.03968,dps.stu.04409,Parent,parent,1,1,Single-student parent for local testing.
dps.par.03969,dps.stu.04410,Parent,parent,1,1,Single-student parent for local testing.
dps.par.03970,dps.stu.04411,Guardian,parent,1,1,Shared sibling parent for local testing.
dps.par.03970,dps.stu.04412,Guardian,parent,1,1,Shared sibling parent for local testing.
dps.par.03971,dps.stu.04413,Parent,parent,1,1,Single-student parent for local testing.
dps.par.03972,dps.stu.04414,Parent,parent,1,1,Single-student parent for local testing.
dps.par.03973,dps.stu.04415,Parent,parent,1,1,Single-student parent for local testing.
dps.par.03974,dps.stu.04416,Parent,parent,1,1,Single-student parent for local testing.
dps.par.03975,dps.stu.04417,Parent,parent,1,1,Single-student parent for local testing.
dps.par.03976,dps.stu.04418,Parent,parent,1,1,Single-student parent for local testing.
dps.par.03977,dps.stu.04419,Parent,parent,1,1,Single-student parent for local testing.
dps.par.03978,dps.stu.04420,Parent,parent,1,1,Single-student parent for local testing.
dps.par.03979,dps.stu.04421,Guardian,parent,1,1,Shared sibling parent for local testing.
dps.par.03979,dps.stu.04422,Guardian,parent,1,1,Shared sibling parent for local testing.
dps.par.03980,dps.stu.04423,Parent,parent,1,1,Single-student parent for local testing.
dps.par.03981,dps.stu.04424,Parent,parent,1,1,Single-student parent for local testing.
dps.par.03982,dps.stu.04425,Parent,parent,1,1,Single-student parent for local testing.
dps.par.03983,dps.stu.04426,Parent,parent,1,1,Single-student parent for local testing.
dps.par.03984,dps.stu.04427,Parent,parent,1,1,Single-student parent for local testing.
dps.par.03985,dps.stu.04428,Parent,parent,1,1,Single-student parent for local testing.
dps.par.03986,dps.stu.04429,Parent,parent,1,1,Single-student parent for local testing.
dps.par.03987,dps.stu.04430,Parent,parent,1,1,Single-student parent for local testing.
dps.par.03988,dps.stu.04431,Guardian,parent,1,1,Shared sibling parent for local testing.
dps.par.03988,dps.stu.04432,Guardian,parent,1,1,Shared sibling parent for local testing.
dps.par.03989,dps.stu.04433,Parent,parent,1,1,Single-student parent for local testing.
dps.par.03990,dps.stu.04434,Parent,parent,1,1,Single-student parent for local testing.
dps.par.03991,dps.stu.04435,Parent,parent,1,1,Single-student parent for local testing.
dps.par.03992,dps.stu.04436,Parent,parent,1,1,Single-student parent for local testing.
dps.par.03993,dps.stu.04437,Parent,parent,1,1,Single-student parent for local testing.
dps.par.03994,dps.stu.04438,Parent,parent,1,1,Single-student parent for local testing.
dps.par.03995,dps.stu.04439,Parent,parent,1,1,Single-student parent for local testing.
dps.par.03996,dps.stu.04440,Parent,parent,1,1,Single-student parent for local testing.
dps.par.03997,dps.stu.04441,Guardian,parent,1,1,Shared sibling parent for local testing.
dps.par.03997,dps.stu.04442,Guardian,parent,1,1,Shared sibling parent for local testing.
dps.par.03998,dps.stu.04443,Parent,parent,1,1,Single-student parent for local testing.
dps.par.03999,dps.stu.04444,Parent,parent,1,1,Single-student parent for local testing.
dps.par.04000,dps.stu.04445,Parent,parent,1,1,Single-student parent for local testing.
dps.par.04001,dps.stu.04446,Parent,parent,1,1,Single-student parent for local testing.
dps.par.04002,dps.stu.04447,Parent,parent,1,1,Single-student parent for local testing.
dps.par.04003,dps.stu.04448,Parent,parent,1,1,Single-student parent for local testing.
dps.par.04004,dps.stu.04449,Parent,parent,1,1,Single-student parent for local testing.
dps.par.04005,dps.stu.04450,Parent,parent,1,1,Single-student parent for local testing.
dps.par.04006,dps.stu.04451,Guardian,parent,1,1,Shared sibling parent for local testing.
dps.par.04006,dps.stu.04452,Guardian,parent,1,1,Shared sibling parent for local testing.
dps.par.04007,dps.stu.04453,Parent,parent,1,1,Single-student parent for local testing.
dps.par.04008,dps.stu.04454,Parent,parent,1,1,Single-student parent for local testing.
dps.par.04009,dps.stu.04455,Parent,parent,1,1,Single-student parent for local testing.
dps.par.04010,dps.stu.04456,Parent,parent,1,1,Single-student parent for local testing.
dps.par.04011,dps.stu.04457,Parent,parent,1,1,Single-student parent for local testing.
dps.par.04012,dps.stu.04458,Parent,parent,1,1,Single-student parent for local testing.
dps.par.04013,dps.stu.04459,Parent,parent,1,1,Single-student parent for local testing.
dps.par.04014,dps.stu.04460,Parent,parent,1,1,Single-student parent for local testing.
dps.par.04015,dps.stu.04461,Guardian,parent,1,1,Shared sibling parent for local testing.
dps.par.04015,dps.stu.04462,Guardian,parent,1,1,Shared sibling parent for local testing.
dps.par.04016,dps.stu.04463,Parent,parent,1,1,Single-student parent for local testing.
dps.par.04017,dps.stu.04464,Parent,parent,1,1,Single-student parent for local testing.
dps.par.04018,dps.stu.04465,Parent,parent,1,1,Single-student parent for local testing.
dps.par.04019,dps.stu.04466,Parent,parent,1,1,Single-student parent for local testing.
dps.par.04020,dps.stu.04467,Parent,parent,1,1,Single-student parent for local testing.
dps.par.04021,dps.stu.04468,Parent,parent,1,1,Single-student parent for local testing.
dps.par.04022,dps.stu.04469,Parent,parent,1,1,Single-student parent for local testing.
dps.par.04023,dps.stu.04470,Parent,parent,1,1,Single-student parent for local testing.
dps.par.04024,dps.stu.04471,Guardian,parent,1,1,Shared sibling parent for local testing.
dps.par.04024,dps.stu.04472,Guardian,parent,1,1,Shared sibling parent for local testing.
dps.par.04025,dps.stu.04473,Parent,parent,1,1,Single-student parent for local testing.
dps.par.04026,dps.stu.04474,Parent,parent,1,1,Single-student parent for local testing.
dps.par.04027,dps.stu.04475,Parent,parent,1,1,Single-student parent for local testing.
dps.par.04028,dps.stu.04476,Parent,parent,1,1,Single-student parent for local testing.
dps.par.04029,dps.stu.04477,Parent,parent,1,1,Single-student parent for local testing.
dps.par.04030,dps.stu.04478,Parent,parent,1,1,Single-student parent for local testing.
dps.par.04031,dps.stu.04479,Parent,parent,1,1,Single-student parent for local testing.
dps.par.04032,dps.stu.04480,Parent,parent,1,1,Single-student parent for local testing.
dps.par.04033,dps.stu.04481,Guardian,parent,1,1,Shared sibling parent for local testing.
dps.par.04033,dps.stu.04482,Guardian,parent,1,1,Shared sibling parent for local testing.
dps.par.04034,dps.stu.04483,Parent,parent,1,1,Single-student parent for local testing.
dps.par.04035,dps.stu.04484,Parent,parent,1,1,Single-student parent for local testing.
dps.par.04036,dps.stu.04485,Parent,parent,1,1,Single-student parent for local testing.
dps.par.04037,dps.stu.04486,Parent,parent,1,1,Single-student parent for local testing.
dps.par.04038,dps.stu.04487,Parent,parent,1,1,Single-student parent for local testing.
dps.par.04039,dps.stu.04488,Parent,parent,1,1,Single-student parent for local testing.
dps.par.04040,dps.stu.04489,Parent,parent,1,1,Single-student parent for local testing.
dps.par.04041,dps.stu.04490,Parent,parent,1,1,Single-student parent for local testing.
dps.par.04042,dps.stu.04491,Guardian,parent,1,1,Shared sibling parent for local testing.
dps.par.04042,dps.stu.04492,Guardian,parent,1,1,Shared sibling parent for local testing.
dps.par.04043,dps.stu.04493,Parent,parent,1,1,Single-student parent for local testing.
dps.par.04044,dps.stu.04494,Parent,parent,1,1,Single-student parent for local testing.
dps.par.04045,dps.stu.04495,Parent,parent,1,1,Single-student parent for local testing.
dps.par.04046,dps.stu.04496,Parent,parent,1,1,Single-student parent for local testing.
dps.par.04047,dps.stu.04497,Parent,parent,1,1,Single-student parent for local testing.
dps.par.04048,dps.stu.04498,Parent,parent,1,1,Single-student parent for local testing.
dps.par.04049,dps.stu.04499,Parent,parent,1,1,Single-student parent for local testing.
dps.par.04050,dps.stu.04500,Parent,parent,1,1,Single-student parent for local testing.
dps.par.04051,dps.stu.04501,Guardian,parent,1,1,Shared sibling parent for local testing.
dps.par.04051,dps.stu.04502,Guardian,parent,1,1,Shared sibling parent for local testing.
dps.par.04052,dps.stu.04503,Parent,parent,1,1,Single-student parent for local testing.
dps.par.04053,dps.stu.04504,Parent,parent,1,1,Single-student parent for local testing.
dps.par.04054,dps.stu.04505,Parent,parent,1,1,Single-student parent for local testing.
dps.par.04055,dps.stu.04506,Parent,parent,1,1,Single-student parent for local testing.
dps.par.04056,dps.stu.04507,Parent,parent,1,1,Single-student parent for local testing.
dps.par.04057,dps.stu.04508,Parent,parent,1,1,Single-student parent for local testing.
dps.par.04058,dps.stu.04509,Parent,parent,1,1,Single-student parent for local testing.
dps.par.04059,dps.stu.04510,Parent,parent,1,1,Single-student parent for local testing.
dps.par.04060,dps.stu.04511,Guardian,parent,1,1,Shared sibling parent for local testing.
dps.par.04060,dps.stu.04512,Guardian,parent,1,1,Shared sibling parent for local testing.
dps.par.04061,dps.stu.04513,Parent,parent,1,1,Single-student parent for local testing.
dps.par.04062,dps.stu.04514,Parent,parent,1,1,Single-student parent for local testing.
dps.par.04063,dps.stu.04515,Parent,parent,1,1,Single-student parent for local testing.
dps.par.04064,dps.stu.04516,Parent,parent,1,1,Single-student parent for local testing.
dps.par.04065,dps.stu.04517,Parent,parent,1,1,Single-student parent for local testing.
dps.par.04066,dps.stu.04518,Parent,parent,1,1,Single-student parent for local testing.
dps.par.04067,dps.stu.04519,Parent,parent,1,1,Single-student parent for local testing.
dps.par.04068,dps.stu.04520,Parent,parent,1,1,Single-student parent for local testing.
dps.par.04069,dps.stu.04521,Guardian,parent,1,1,Shared sibling parent for local testing.
dps.par.04069,dps.stu.04522,Guardian,parent,1,1,Shared sibling parent for local testing.
dps.par.04070,dps.stu.04523,Parent,parent,1,1,Single-student parent for local testing.
dps.par.04071,dps.stu.04524,Parent,parent,1,1,Single-student parent for local testing.
dps.par.04072,dps.stu.04525,Parent,parent,1,1,Single-student parent for local testing.
dps.par.04073,dps.stu.04526,Parent,parent,1,1,Single-student parent for local testing.
dps.par.04074,dps.stu.04527,Parent,parent,1,1,Single-student parent for local testing.
dps.par.04075,dps.stu.04528,Parent,parent,1,1,Single-student parent for local testing.
dps.par.04076,dps.stu.04529,Parent,parent,1,1,Single-student parent for local testing.
dps.par.04077,dps.stu.04530,Parent,parent,1,1,Single-student parent for local testing.
dps.par.04078,dps.stu.04531,Guardian,parent,1,1,Shared sibling parent for local testing.
dps.par.04078,dps.stu.04532,Guardian,parent,1,1,Shared sibling parent for local testing.
dps.par.04079,dps.stu.04533,Parent,parent,1,1,Single-student parent for local testing.
dps.par.04080,dps.stu.04534,Parent,parent,1,1,Single-student parent for local testing.
dps.par.04081,dps.stu.04535,Parent,parent,1,1,Single-student parent for local testing.
dps.par.04082,dps.stu.04536,Parent,parent,1,1,Single-student parent for local testing.
dps.par.04083,dps.stu.04537,Parent,parent,1,1,Single-student parent for local testing.
dps.par.04084,dps.stu.04538,Parent,parent,1,1,Single-student parent for local testing.
dps.par.04085,dps.stu.04539,Parent,parent,1,1,Single-student parent for local testing.
dps.par.04086,dps.stu.04540,Parent,parent,1,1,Single-student parent for local testing.
dps.par.04087,dps.stu.04541,Guardian,parent,1,1,Shared sibling parent for local testing.
dps.par.04087,dps.stu.04542,Guardian,parent,1,1,Shared sibling parent for local testing.
dps.par.04088,dps.stu.04543,Parent,parent,1,1,Single-student parent for local testing.
dps.par.04089,dps.stu.04544,Parent,parent,1,1,Single-student parent for local testing.
dps.par.04090,dps.stu.04545,Parent,parent,1,1,Single-student parent for local testing.
dps.par.04091,dps.stu.04546,Parent,parent,1,1,Single-student parent for local testing.
dps.par.04092,dps.stu.04547,Parent,parent,1,1,Single-student parent for local testing.
dps.par.04093,dps.stu.04548,Parent,parent,1,1,Single-student parent for local testing.
dps.par.04094,dps.stu.04549,Parent,parent,1,1,Single-student parent for local testing.
dps.par.04095,dps.stu.04550,Parent,parent,1,1,Single-student parent for local testing.
dps.par.04096,dps.stu.04551,Guardian,parent,1,1,Shared sibling parent for local testing.
dps.par.04096,dps.stu.04552,Guardian,parent,1,1,Shared sibling parent for local testing.
dps.par.04097,dps.stu.04553,Parent,parent,1,1,Single-student parent for local testing.
dps.par.04098,dps.stu.04554,Parent,parent,1,1,Single-student parent for local testing.
dps.par.04099,dps.stu.04555,Parent,parent,1,1,Single-student parent for local testing.
dps.par.04100,dps.stu.04556,Parent,parent,1,1,Single-student parent for local testing.
dps.par.04101,dps.stu.04557,Parent,parent,1,1,Single-student parent for local testing.
dps.par.04102,dps.stu.04558,Parent,parent,1,1,Single-student parent for local testing.
dps.par.04103,dps.stu.04559,Parent,parent,1,1,Single-student parent for local testing.
dps.par.04104,dps.stu.04560,Parent,parent,1,1,Single-student parent for local testing.
dps.par.04105,dps.stu.04561,Guardian,parent,1,1,Shared sibling parent for local testing.
dps.par.04105,dps.stu.04562,Guardian,parent,1,1,Shared sibling parent for local testing.
dps.par.04106,dps.stu.04563,Parent,parent,1,1,Single-student parent for local testing.
dps.par.04107,dps.stu.04564,Parent,parent,1,1,Single-student parent for local testing.
dps.par.04108,dps.stu.04565,Parent,parent,1,1,Single-student parent for local testing.
dps.par.04109,dps.stu.04566,Parent,parent,1,1,Single-student parent for local testing.
dps.par.04110,dps.stu.04567,Parent,parent,1,1,Single-student parent for local testing.
dps.par.04111,dps.stu.04568,Parent,parent,1,1,Single-student parent for local testing.
dps.par.04112,dps.stu.04569,Parent,parent,1,1,Single-student parent for local testing.
dps.par.04113,dps.stu.04570,Parent,parent,1,1,Single-student parent for local testing.
dps.par.04114,dps.stu.04571,Guardian,parent,1,1,Shared sibling parent for local testing.
dps.par.04114,dps.stu.04572,Guardian,parent,1,1,Shared sibling parent for local testing.
dps.par.04115,dps.stu.04573,Parent,parent,1,1,Single-student parent for local testing.
dps.par.04116,dps.stu.04574,Parent,parent,1,1,Single-student parent for local testing.
dps.par.04117,dps.stu.04575,Parent,parent,1,1,Single-student parent for local testing.
dps.par.04118,dps.stu.04576,Parent,parent,1,1,Single-student parent for local testing.
dps.par.04119,dps.stu.04577,Parent,parent,1,1,Single-student parent for local testing.
dps.par.04120,dps.stu.04578,Parent,parent,1,1,Single-student parent for local testing.
dps.par.04121,dps.stu.04579,Parent,parent,1,1,Single-student parent for local testing.
dps.par.04122,dps.stu.04580,Parent,parent,1,1,Single-student parent for local testing.
dps.par.04123,dps.stu.04581,Guardian,parent,1,1,Shared sibling parent for local testing.
dps.par.04123,dps.stu.04582,Guardian,parent,1,1,Shared sibling parent for local testing.
dps.par.04124,dps.stu.04583,Parent,parent,1,1,Single-student parent for local testing.
dps.par.04125,dps.stu.04584,Parent,parent,1,1,Single-student parent for local testing.
dps.par.04126,dps.stu.04585,Parent,parent,1,1,Single-student parent for local testing.
dps.par.04127,dps.stu.04586,Parent,parent,1,1,Single-student parent for local testing.
dps.par.04128,dps.stu.04587,Parent,parent,1,1,Single-student parent for local testing.
dps.par.04129,dps.stu.04588,Parent,parent,1,1,Single-student parent for local testing.
dps.par.04130,dps.stu.04589,Parent,parent,1,1,Single-student parent for local testing.
dps.par.04131,dps.stu.04590,Parent,parent,1,1,Single-student parent for local testing.
dps.par.04132,dps.stu.04591,Guardian,parent,1,1,Shared sibling parent for local testing.
dps.par.04132,dps.stu.04592,Guardian,parent,1,1,Shared sibling parent for local testing.
dps.par.04133,dps.stu.04593,Parent,parent,1,1,Single-student parent for local testing.
dps.par.04134,dps.stu.04594,Parent,parent,1,1,Single-student parent for local testing.
dps.par.04135,dps.stu.04595,Parent,parent,1,1,Single-student parent for local testing.
dps.par.04136,dps.stu.04596,Parent,parent,1,1,Single-student parent for local testing.
dps.par.04137,dps.stu.04597,Parent,parent,1,1,Single-student parent for local testing.
dps.par.04138,dps.stu.04598,Parent,parent,1,1,Single-student parent for local testing.
dps.par.04139,dps.stu.04599,Parent,parent,1,1,Single-student parent for local testing.
dps.par.04140,dps.stu.04600,Parent,parent,1,1,Single-student parent for local testing.
dps.par.04141,dps.stu.04601,Guardian,parent,1,1,Shared sibling parent for local testing.
dps.par.04141,dps.stu.04602,Guardian,parent,1,1,Shared sibling parent for local testing.
dps.par.04142,dps.stu.04603,Parent,parent,1,1,Single-student parent for local testing.
dps.par.04143,dps.stu.04604,Parent,parent,1,1,Single-student parent for local testing.
dps.par.04144,dps.stu.04605,Parent,parent,1,1,Single-student parent for local testing.
dps.par.04145,dps.stu.04606,Parent,parent,1,1,Single-student parent for local testing.
dps.par.04146,dps.stu.04607,Parent,parent,1,1,Single-student parent for local testing.
dps.par.04147,dps.stu.04608,Parent,parent,1,1,Single-student parent for local testing.
dps.par.04148,dps.stu.04609,Parent,parent,1,1,Single-student parent for local testing.
dps.par.04149,dps.stu.04610,Parent,parent,1,1,Single-student parent for local testing.
dps.par.04150,dps.stu.04611,Guardian,parent,1,1,Shared sibling parent for local testing.
dps.par.04150,dps.stu.04612,Guardian,parent,1,1,Shared sibling parent for local testing.
dps.par.04151,dps.stu.04613,Parent,parent,1,1,Single-student parent for local testing.
dps.par.04152,dps.stu.04614,Parent,parent,1,1,Single-student parent for local testing.
dps.par.04153,dps.stu.04615,Parent,parent,1,1,Single-student parent for local testing.
dps.par.04154,dps.stu.04616,Parent,parent,1,1,Single-student parent for local testing.
dps.par.04155,dps.stu.04617,Parent,parent,1,1,Single-student parent for local testing.
dps.par.04156,dps.stu.04618,Parent,parent,1,1,Single-student parent for local testing.
dps.par.04157,dps.stu.04619,Parent,parent,1,1,Single-student parent for local testing.
dps.par.04158,dps.stu.04620,Parent,parent,1,1,Single-student parent for local testing.
dps.par.04159,dps.stu.04621,Guardian,parent,1,1,Shared sibling parent for local testing.
dps.par.04159,dps.stu.04622,Guardian,parent,1,1,Shared sibling parent for local testing.
dps.par.04160,dps.stu.04623,Parent,parent,1,1,Single-student parent for local testing.
dps.par.04161,dps.stu.04624,Parent,parent,1,1,Single-student parent for local testing.
dps.par.04162,dps.stu.04625,Parent,parent,1,1,Single-student parent for local testing.
dps.par.04163,dps.stu.04626,Parent,parent,1,1,Single-student parent for local testing.
dps.par.04164,dps.stu.04627,Parent,parent,1,1,Single-student parent for local testing.
dps.par.04165,dps.stu.04628,Parent,parent,1,1,Single-student parent for local testing.
dps.par.04166,dps.stu.04629,Parent,parent,1,1,Single-student parent for local testing.
dps.par.04167,dps.stu.04630,Parent,parent,1,1,Single-student parent for local testing.
dps.par.04168,dps.stu.04631,Guardian,parent,1,1,Shared sibling parent for local testing.
dps.par.04168,dps.stu.04632,Guardian,parent,1,1,Shared sibling parent for local testing.
dps.par.04169,dps.stu.04633,Parent,parent,1,1,Single-student parent for local testing.
dps.par.04170,dps.stu.04634,Parent,parent,1,1,Single-student parent for local testing.
dps.par.04171,dps.stu.04635,Parent,parent,1,1,Single-student parent for local testing.
dps.par.04172,dps.stu.04636,Parent,parent,1,1,Single-student parent for local testing.
dps.par.04173,dps.stu.04637,Parent,parent,1,1,Single-student parent for local testing.
dps.par.04174,dps.stu.04638,Parent,parent,1,1,Single-student parent for local testing.
dps.par.04175,dps.stu.04639,Parent,parent,1,1,Single-student parent for local testing.
dps.par.04176,dps.stu.04640,Parent,parent,1,1,Single-student parent for local testing.
dps.par.04177,dps.stu.04641,Guardian,parent,1,1,Shared sibling parent for local testing.
dps.par.04177,dps.stu.04642,Guardian,parent,1,1,Shared sibling parent for local testing.
dps.par.04178,dps.stu.04643,Parent,parent,1,1,Single-student parent for local testing.
dps.par.04179,dps.stu.04644,Parent,parent,1,1,Single-student parent for local testing.
dps.par.04180,dps.stu.04645,Parent,parent,1,1,Single-student parent for local testing.
dps.par.04181,dps.stu.04646,Parent,parent,1,1,Single-student parent for local testing.
dps.par.04182,dps.stu.04647,Parent,parent,1,1,Single-student parent for local testing.
dps.par.04183,dps.stu.04648,Parent,parent,1,1,Single-student parent for local testing.
dps.par.04184,dps.stu.04649,Parent,parent,1,1,Single-student parent for local testing.
dps.par.04185,dps.stu.04650,Parent,parent,1,1,Single-student parent for local testing.
dps.par.04186,dps.stu.04651,Guardian,parent,1,1,Shared sibling parent for local testing.
dps.par.04186,dps.stu.04652,Guardian,parent,1,1,Shared sibling parent for local testing.
dps.par.04187,dps.stu.04653,Parent,parent,1,1,Single-student parent for local testing.
dps.par.04188,dps.stu.04654,Parent,parent,1,1,Single-student parent for local testing.
dps.par.04189,dps.stu.04655,Parent,parent,1,1,Single-student parent for local testing.
dps.par.04190,dps.stu.04656,Parent,parent,1,1,Single-student parent for local testing.
dps.par.04191,dps.stu.04657,Parent,parent,1,1,Single-student parent for local testing.
dps.par.04192,dps.stu.04658,Parent,parent,1,1,Single-student parent for local testing.
dps.par.04193,dps.stu.04659,Parent,parent,1,1,Single-student parent for local testing.
dps.par.04194,dps.stu.04660,Parent,parent,1,1,Single-student parent for local testing.
dps.par.04195,dps.stu.04661,Guardian,parent,1,1,Shared sibling parent for local testing.
dps.par.04195,dps.stu.04662,Guardian,parent,1,1,Shared sibling parent for local testing.
dps.par.04196,dps.stu.04663,Parent,parent,1,1,Single-student parent for local testing.
dps.par.04197,dps.stu.04664,Parent,parent,1,1,Single-student parent for local testing.
dps.par.04198,dps.stu.04665,Parent,parent,1,1,Single-student parent for local testing.
dps.par.04199,dps.stu.04666,Parent,parent,1,1,Single-student parent for local testing.
dps.par.04200,dps.stu.04667,Parent,parent,1,1,Single-student parent for local testing.
dps.par.04201,dps.stu.04668,Parent,parent,1,1,Single-student parent for local testing.
dps.par.04202,dps.stu.04669,Parent,parent,1,1,Single-student parent for local testing.
dps.par.04203,dps.stu.04670,Parent,parent,1,1,Single-student parent for local testing.
dps.par.04204,dps.stu.04671,Guardian,parent,1,1,Shared sibling parent for local testing.
dps.par.04204,dps.stu.04672,Guardian,parent,1,1,Shared sibling parent for local testing.
dps.par.04205,dps.stu.04673,Parent,parent,1,1,Single-student parent for local testing.
dps.par.04206,dps.stu.04674,Parent,parent,1,1,Single-student parent for local testing.
dps.par.04207,dps.stu.04675,Parent,parent,1,1,Single-student parent for local testing.
dps.par.04208,dps.stu.04676,Parent,parent,1,1,Single-student parent for local testing.
dps.par.04209,dps.stu.04677,Parent,parent,1,1,Single-student parent for local testing.
dps.par.04210,dps.stu.04678,Parent,parent,1,1,Single-student parent for local testing.
dps.par.04211,dps.stu.04679,Parent,parent,1,1,Single-student parent for local testing.
dps.par.04212,dps.stu.04680,Parent,parent,1,1,Single-student parent for local testing.
dps.par.04213,dps.stu.04681,Guardian,parent,1,1,Shared sibling parent for local testing.
dps.par.04213,dps.stu.04682,Guardian,parent,1,1,Shared sibling parent for local testing.
dps.par.04214,dps.stu.04683,Parent,parent,1,1,Single-student parent for local testing.
dps.par.04215,dps.stu.04684,Parent,parent,1,1,Single-student parent for local testing.
dps.par.04216,dps.stu.04685,Parent,parent,1,1,Single-student parent for local testing.
dps.par.04217,dps.stu.04686,Parent,parent,1,1,Single-student parent for local testing.
dps.par.04218,dps.stu.04687,Parent,parent,1,1,Single-student parent for local testing.
dps.par.04219,dps.stu.04688,Parent,parent,1,1,Single-student parent for local testing.
dps.par.04220,dps.stu.04689,Parent,parent,1,1,Single-student parent for local testing.
dps.par.04221,dps.stu.04690,Parent,parent,1,1,Single-student parent for local testing.
dps.par.04222,dps.stu.04691,Guardian,parent,1,1,Shared sibling parent for local testing.
dps.par.04222,dps.stu.04692,Guardian,parent,1,1,Shared sibling parent for local testing.
dps.par.04223,dps.stu.04693,Parent,parent,1,1,Single-student parent for local testing.
dps.par.04224,dps.stu.04694,Parent,parent,1,1,Single-student parent for local testing.
dps.par.04225,dps.stu.04695,Parent,parent,1,1,Single-student parent for local testing.
dps.par.04226,dps.stu.04696,Parent,parent,1,1,Single-student parent for local testing.
dps.par.04227,dps.stu.04697,Parent,parent,1,1,Single-student parent for local testing.
dps.par.04228,dps.stu.04698,Parent,parent,1,1,Single-student parent for local testing.
dps.par.04229,dps.stu.04699,Parent,parent,1,1,Single-student parent for local testing.
dps.par.04230,dps.stu.04700,Parent,parent,1,1,Single-student parent for local testing.
dps.par.04231,dps.stu.04701,Guardian,parent,1,1,Shared sibling parent for local testing.
dps.par.04231,dps.stu.04702,Guardian,parent,1,1,Shared sibling parent for local testing.
dps.par.04232,dps.stu.04703,Parent,parent,1,1,Single-student parent for local testing.
dps.par.04233,dps.stu.04704,Parent,parent,1,1,Single-student parent for local testing.
dps.par.04234,dps.stu.04705,Parent,parent,1,1,Single-student parent for local testing.
dps.par.04235,dps.stu.04706,Parent,parent,1,1,Single-student parent for local testing.
dps.par.04236,dps.stu.04707,Parent,parent,1,1,Single-student parent for local testing.
dps.par.04237,dps.stu.04708,Parent,parent,1,1,Single-student parent for local testing.
dps.par.04238,dps.stu.04709,Parent,parent,1,1,Single-student parent for local testing.
dps.par.04239,dps.stu.04710,Parent,parent,1,1,Single-student parent for local testing.
dps.par.04240,dps.stu.04711,Guardian,parent,1,1,Shared sibling parent for local testing.
dps.par.04240,dps.stu.04712,Guardian,parent,1,1,Shared sibling parent for local testing.
dps.par.04241,dps.stu.04713,Parent,parent,1,1,Single-student parent for local testing.
dps.par.04242,dps.stu.04714,Parent,parent,1,1,Single-student parent for local testing.
dps.par.04243,dps.stu.04715,Parent,parent,1,1,Single-student parent for local testing.
dps.par.04244,dps.stu.04716,Parent,parent,1,1,Single-student parent for local testing.
dps.par.04245,dps.stu.04717,Parent,parent,1,1,Single-student parent for local testing.
dps.par.04246,dps.stu.04718,Parent,parent,1,1,Single-student parent for local testing.
dps.par.04247,dps.stu.04719,Parent,parent,1,1,Single-student parent for local testing.
dps.par.04248,dps.stu.04720,Parent,parent,1,1,Single-student parent for local testing.
dps.par.04249,dps.stu.04721,Guardian,parent,1,1,Shared sibling parent for local testing.
dps.par.04249,dps.stu.04722,Guardian,parent,1,1,Shared sibling parent for local testing.
dps.par.04250,dps.stu.04723,Parent,parent,1,1,Single-student parent for local testing.
dps.par.04251,dps.stu.04724,Parent,parent,1,1,Single-student parent for local testing.
dps.par.04252,dps.stu.04725,Parent,parent,1,1,Single-student parent for local testing.
dps.par.04253,dps.stu.04726,Parent,parent,1,1,Single-student parent for local testing.
dps.par.04254,dps.stu.04727,Parent,parent,1,1,Single-student parent for local testing.
dps.par.04255,dps.stu.04728,Parent,parent,1,1,Single-student parent for local testing.
dps.par.04256,dps.stu.04729,Parent,parent,1,1,Single-student parent for local testing.
dps.par.04257,dps.stu.04730,Parent,parent,1,1,Single-student parent for local testing.
dps.par.04258,dps.stu.04731,Guardian,parent,1,1,Shared sibling parent for local testing.
dps.par.04258,dps.stu.04732,Guardian,parent,1,1,Shared sibling parent for local testing.
dps.par.04259,dps.stu.04733,Parent,parent,1,1,Single-student parent for local testing.
dps.par.04260,dps.stu.04734,Parent,parent,1,1,Single-student parent for local testing.
dps.par.04261,dps.stu.04735,Parent,parent,1,1,Single-student parent for local testing.
dps.par.04262,dps.stu.04736,Parent,parent,1,1,Single-student parent for local testing.
dps.par.04263,dps.stu.04737,Parent,parent,1,1,Single-student parent for local testing.
dps.par.04264,dps.stu.04738,Parent,parent,1,1,Single-student parent for local testing.
dps.par.04265,dps.stu.04739,Parent,parent,1,1,Single-student parent for local testing.
dps.par.04266,dps.stu.04740,Parent,parent,1,1,Single-student parent for local testing.
dps.par.04267,dps.stu.04741,Guardian,parent,1,1,Shared sibling parent for local testing.
dps.par.04267,dps.stu.04742,Guardian,parent,1,1,Shared sibling parent for local testing.
dps.par.04268,dps.stu.04743,Parent,parent,1,1,Single-student parent for local testing.
dps.par.04269,dps.stu.04744,Parent,parent,1,1,Single-student parent for local testing.
dps.par.04270,dps.stu.04745,Parent,parent,1,1,Single-student parent for local testing.
dps.par.04271,dps.stu.04746,Parent,parent,1,1,Single-student parent for local testing.
dps.par.04272,dps.stu.04747,Parent,parent,1,1,Single-student parent for local testing.
dps.par.04273,dps.stu.04748,Parent,parent,1,1,Single-student parent for local testing.
dps.par.04274,dps.stu.04749,Parent,parent,1,1,Single-student parent for local testing.
dps.par.04275,dps.stu.04750,Parent,parent,1,1,Single-student parent for local testing.
dps.par.04276,dps.stu.04751,Guardian,parent,1,1,Shared sibling parent for local testing.
dps.par.04276,dps.stu.04752,Guardian,parent,1,1,Shared sibling parent for local testing.
dps.par.04277,dps.stu.04753,Parent,parent,1,1,Single-student parent for local testing.
dps.par.04278,dps.stu.04754,Parent,parent,1,1,Single-student parent for local testing.
dps.par.04279,dps.stu.04755,Parent,parent,1,1,Single-student parent for local testing.
dps.par.04280,dps.stu.04756,Parent,parent,1,1,Single-student parent for local testing.
dps.par.04281,dps.stu.04757,Parent,parent,1,1,Single-student parent for local testing.
dps.par.04282,dps.stu.04758,Parent,parent,1,1,Single-student parent for local testing.
dps.par.04283,dps.stu.04759,Parent,parent,1,1,Single-student parent for local testing.
dps.par.04284,dps.stu.04760,Parent,parent,1,1,Single-student parent for local testing.
dps.par.04285,dps.stu.04761,Guardian,parent,1,1,Shared sibling parent for local testing.
dps.par.04285,dps.stu.04762,Guardian,parent,1,1,Shared sibling parent for local testing.
dps.par.04286,dps.stu.04763,Parent,parent,1,1,Single-student parent for local testing.
dps.par.04287,dps.stu.04764,Parent,parent,1,1,Single-student parent for local testing.
dps.par.04288,dps.stu.04765,Parent,parent,1,1,Single-student parent for local testing.
dps.par.04289,dps.stu.04766,Parent,parent,1,1,Single-student parent for local testing.
dps.par.04290,dps.stu.04767,Parent,parent,1,1,Single-student parent for local testing.
dps.par.04291,dps.stu.04768,Parent,parent,1,1,Single-student parent for local testing.
dps.par.04292,dps.stu.04769,Parent,parent,1,1,Single-student parent for local testing.
dps.par.04293,dps.stu.04770,Parent,parent,1,1,Single-student parent for local testing.
dps.par.04294,dps.stu.04771,Guardian,parent,1,1,Shared sibling parent for local testing.
dps.par.04294,dps.stu.04772,Guardian,parent,1,1,Shared sibling parent for local testing.
dps.par.04295,dps.stu.04773,Parent,parent,1,1,Single-student parent for local testing.
dps.par.04296,dps.stu.04774,Parent,parent,1,1,Single-student parent for local testing.
dps.par.04297,dps.stu.04775,Parent,parent,1,1,Single-student parent for local testing.
dps.par.04298,dps.stu.04776,Parent,parent,1,1,Single-student parent for local testing.
dps.par.04299,dps.stu.04777,Parent,parent,1,1,Single-student parent for local testing.
dps.par.04300,dps.stu.04778,Parent,parent,1,1,Single-student parent for local testing.
dps.par.04301,dps.stu.04779,Parent,parent,1,1,Single-student parent for local testing.
dps.par.04302,dps.stu.04780,Parent,parent,1,1,Single-student parent for local testing.
dps.par.04303,dps.stu.04781,Guardian,parent,1,1,Shared sibling parent for local testing.
dps.par.04303,dps.stu.04782,Guardian,parent,1,1,Shared sibling parent for local testing.
dps.par.04304,dps.stu.04783,Parent,parent,1,1,Single-student parent for local testing.
dps.par.04305,dps.stu.04784,Parent,parent,1,1,Single-student parent for local testing.
dps.par.04306,dps.stu.04785,Parent,parent,1,1,Single-student parent for local testing.
dps.par.04307,dps.stu.04786,Parent,parent,1,1,Single-student parent for local testing.
dps.par.04308,dps.stu.04787,Parent,parent,1,1,Single-student parent for local testing.
dps.par.04309,dps.stu.04788,Parent,parent,1,1,Single-student parent for local testing.
dps.par.04310,dps.stu.04789,Parent,parent,1,1,Single-student parent for local testing.
dps.par.04311,dps.stu.04790,Parent,parent,1,1,Single-student parent for local testing.
dps.par.04312,dps.stu.04791,Guardian,parent,1,1,Shared sibling parent for local testing.
dps.par.04312,dps.stu.04792,Guardian,parent,1,1,Shared sibling parent for local testing.
dps.par.04313,dps.stu.04793,Parent,parent,1,1,Single-student parent for local testing.
dps.par.04314,dps.stu.04794,Parent,parent,1,1,Single-student parent for local testing.
dps.par.04315,dps.stu.04795,Parent,parent,1,1,Single-student parent for local testing.
dps.par.04316,dps.stu.04796,Parent,parent,1,1,Single-student parent for local testing.
dps.par.04317,dps.stu.04797,Parent,parent,1,1,Single-student parent for local testing.
dps.par.04318,dps.stu.04798,Parent,parent,1,1,Single-student parent for local testing.
dps.par.04319,dps.stu.04799,Parent,parent,1,1,Single-student parent for local testing.
dps.par.04320,dps.stu.04800,Parent,parent,1,1,Single-student parent for local testing.
dps.par.04321,dps.stu.04801,Guardian,parent,1,1,Shared sibling parent for local testing.
dps.par.04321,dps.stu.04802,Guardian,parent,1,1,Shared sibling parent for local testing.
dps.par.04322,dps.stu.04803,Parent,parent,1,1,Single-student parent for local testing.
dps.par.04323,dps.stu.04804,Parent,parent,1,1,Single-student parent for local testing.
dps.par.04324,dps.stu.04805,Parent,parent,1,1,Single-student parent for local testing.
dps.par.04325,dps.stu.04806,Parent,parent,1,1,Single-student parent for local testing.
dps.par.04326,dps.stu.04807,Parent,parent,1,1,Single-student parent for local testing.
dps.par.04327,dps.stu.04808,Parent,parent,1,1,Single-student parent for local testing.
dps.par.04328,dps.stu.04809,Parent,parent,1,1,Single-student parent for local testing.
dps.par.04329,dps.stu.04810,Parent,parent,1,1,Single-student parent for local testing.
dps.par.04330,dps.stu.04811,Guardian,parent,1,1,Shared sibling parent for local testing.
dps.par.04330,dps.stu.04812,Guardian,parent,1,1,Shared sibling parent for local testing.
dps.par.04331,dps.stu.04813,Parent,parent,1,1,Single-student parent for local testing.
dps.par.04332,dps.stu.04814,Parent,parent,1,1,Single-student parent for local testing.
dps.par.04333,dps.stu.04815,Parent,parent,1,1,Single-student parent for local testing.
dps.par.04334,dps.stu.04816,Parent,parent,1,1,Single-student parent for local testing.
dps.par.04335,dps.stu.04817,Parent,parent,1,1,Single-student parent for local testing.
dps.par.04336,dps.stu.04818,Parent,parent,1,1,Single-student parent for local testing.
dps.par.04337,dps.stu.04819,Parent,parent,1,1,Single-student parent for local testing.
dps.par.04338,dps.stu.04820,Parent,parent,1,1,Single-student parent for local testing.
dps.par.04339,dps.stu.04821,Guardian,parent,1,1,Shared sibling parent for local testing.
dps.par.04339,dps.stu.04822,Guardian,parent,1,1,Shared sibling parent for local testing.
dps.par.04340,dps.stu.04823,Parent,parent,1,1,Single-student parent for local testing.
dps.par.04341,dps.stu.04824,Parent,parent,1,1,Single-student parent for local testing.
dps.par.04342,dps.stu.04825,Parent,parent,1,1,Single-student parent for local testing.
dps.par.04343,dps.stu.04826,Parent,parent,1,1,Single-student parent for local testing.
dps.par.04344,dps.stu.04827,Parent,parent,1,1,Single-student parent for local testing.
dps.par.04345,dps.stu.04828,Parent,parent,1,1,Single-student parent for local testing.
dps.par.04346,dps.stu.04829,Parent,parent,1,1,Single-student parent for local testing.
dps.par.04347,dps.stu.04830,Parent,parent,1,1,Single-student parent for local testing.
dps.par.04348,dps.stu.04831,Guardian,parent,1,1,Shared sibling parent for local testing.
dps.par.04348,dps.stu.04832,Guardian,parent,1,1,Shared sibling parent for local testing.
dps.par.04349,dps.stu.04833,Parent,parent,1,1,Single-student parent for local testing.
dps.par.04350,dps.stu.04834,Parent,parent,1,1,Single-student parent for local testing.
dps.par.04351,dps.stu.04835,Parent,parent,1,1,Single-student parent for local testing.
dps.par.04352,dps.stu.04836,Parent,parent,1,1,Single-student parent for local testing.
dps.par.04353,dps.stu.04837,Parent,parent,1,1,Single-student parent for local testing.
dps.par.04354,dps.stu.04838,Parent,parent,1,1,Single-student parent for local testing.
dps.par.04355,dps.stu.04839,Parent,parent,1,1,Single-student parent for local testing.
dps.par.04356,dps.stu.04840,Parent,parent,1,1,Single-student parent for local testing.
dps.par.04357,dps.stu.04841,Guardian,parent,1,1,Shared sibling parent for local testing.
dps.par.04357,dps.stu.04842,Guardian,parent,1,1,Shared sibling parent for local testing.
dps.par.04358,dps.stu.04843,Parent,parent,1,1,Single-student parent for local testing.
dps.par.04359,dps.stu.04844,Parent,parent,1,1,Single-student parent for local testing.
dps.par.04360,dps.stu.04845,Parent,parent,1,1,Single-student parent for local testing.
dps.par.04361,dps.stu.04846,Parent,parent,1,1,Single-student parent for local testing.
dps.par.04362,dps.stu.04847,Parent,parent,1,1,Single-student parent for local testing.
dps.par.04363,dps.stu.04848,Parent,parent,1,1,Single-student parent for local testing.
dps.par.04364,dps.stu.04849,Parent,parent,1,1,Single-student parent for local testing.
dps.par.04365,dps.stu.04850,Parent,parent,1,1,Single-student parent for local testing.
dps.par.04366,dps.stu.04851,Guardian,parent,1,1,Shared sibling parent for local testing.
dps.par.04366,dps.stu.04852,Guardian,parent,1,1,Shared sibling parent for local testing.
dps.par.04367,dps.stu.04853,Parent,parent,1,1,Single-student parent for local testing.
dps.par.04368,dps.stu.04854,Parent,parent,1,1,Single-student parent for local testing.
dps.par.04369,dps.stu.04855,Parent,parent,1,1,Single-student parent for local testing.
dps.par.04370,dps.stu.04856,Parent,parent,1,1,Single-student parent for local testing.
dps.par.04371,dps.stu.04857,Parent,parent,1,1,Single-student parent for local testing.
dps.par.04372,dps.stu.04858,Parent,parent,1,1,Single-student parent for local testing.
dps.par.04373,dps.stu.04859,Parent,parent,1,1,Single-student parent for local testing.
dps.par.04374,dps.stu.04860,Parent,parent,1,1,Single-student parent for local testing.
dps.par.04375,dps.stu.04861,Guardian,parent,1,1,Shared sibling parent for local testing.
dps.par.04375,dps.stu.04862,Guardian,parent,1,1,Shared sibling parent for local testing.
dps.par.04376,dps.stu.04863,Parent,parent,1,1,Single-student parent for local testing.
dps.par.04377,dps.stu.04864,Parent,parent,1,1,Single-student parent for local testing.
dps.par.04378,dps.stu.04865,Parent,parent,1,1,Single-student parent for local testing.
dps.par.04379,dps.stu.04866,Parent,parent,1,1,Single-student parent for local testing.
dps.par.04380,dps.stu.04867,Parent,parent,1,1,Single-student parent for local testing.
dps.par.04381,dps.stu.04868,Parent,parent,1,1,Single-student parent for local testing.
dps.par.04382,dps.stu.04869,Parent,parent,1,1,Single-student parent for local testing.
dps.par.04383,dps.stu.04870,Parent,parent,1,1,Single-student parent for local testing.
dps.par.04384,dps.stu.04871,Guardian,parent,1,1,Shared sibling parent for local testing.
dps.par.04384,dps.stu.04872,Guardian,parent,1,1,Shared sibling parent for local testing.
dps.par.04385,dps.stu.04873,Parent,parent,1,1,Single-student parent for local testing.
dps.par.04386,dps.stu.04874,Parent,parent,1,1,Single-student parent for local testing.
dps.par.04387,dps.stu.04875,Parent,parent,1,1,Single-student parent for local testing.
dps.par.04388,dps.stu.04876,Parent,parent,1,1,Single-student parent for local testing.
dps.par.04389,dps.stu.04877,Parent,parent,1,1,Single-student parent for local testing.
dps.par.04390,dps.stu.04878,Parent,parent,1,1,Single-student parent for local testing.
dps.par.04391,dps.stu.04879,Parent,parent,1,1,Single-student parent for local testing.
dps.par.04392,dps.stu.04880,Parent,parent,1,1,Single-student parent for local testing.
dps.par.04393,dps.stu.04881,Guardian,parent,1,1,Shared sibling parent for local testing.
dps.par.04393,dps.stu.04882,Guardian,parent,1,1,Shared sibling parent for local testing.
dps.par.04394,dps.stu.04883,Parent,parent,1,1,Single-student parent for local testing.
dps.par.04395,dps.stu.04884,Parent,parent,1,1,Single-student parent for local testing.
dps.par.04396,dps.stu.04885,Parent,parent,1,1,Single-student parent for local testing.
dps.par.04397,dps.stu.04886,Parent,parent,1,1,Single-student parent for local testing.
dps.par.04398,dps.stu.04887,Parent,parent,1,1,Single-student parent for local testing.
dps.par.04399,dps.stu.04888,Parent,parent,1,1,Single-student parent for local testing.
dps.par.04400,dps.stu.04889,Parent,parent,1,1,Single-student parent for local testing.
dps.par.04401,dps.stu.04890,Parent,parent,1,1,Single-student parent for local testing.
dps.par.04402,dps.stu.04891,Guardian,parent,1,1,Shared sibling parent for local testing.
dps.par.04402,dps.stu.04892,Guardian,parent,1,1,Shared sibling parent for local testing.
dps.par.04403,dps.stu.04893,Parent,parent,1,1,Single-student parent for local testing.
dps.par.04404,dps.stu.04894,Parent,parent,1,1,Single-student parent for local testing.
dps.par.04405,dps.stu.04895,Parent,parent,1,1,Single-student parent for local testing.
dps.par.04406,dps.stu.04896,Parent,parent,1,1,Single-student parent for local testing.
dps.par.04407,dps.stu.04897,Parent,parent,1,1,Single-student parent for local testing.
dps.par.04408,dps.stu.04898,Parent,parent,1,1,Single-student parent for local testing.
dps.par.04409,dps.stu.04899,Parent,parent,1,1,Single-student parent for local testing.
dps.par.04410,dps.stu.04900,Parent,parent,1,1,Single-student parent for local testing.
dps.par.04411,dps.stu.04901,Guardian,parent,1,1,Shared sibling parent for local testing.
dps.par.04411,dps.stu.04902,Guardian,parent,1,1,Shared sibling parent for local testing.
dps.par.04412,dps.stu.04903,Parent,parent,1,1,Single-student parent for local testing.
dps.par.04413,dps.stu.04904,Parent,parent,1,1,Single-student parent for local testing.
dps.par.04414,dps.stu.04905,Parent,parent,1,1,Single-student parent for local testing.
dps.par.04415,dps.stu.04906,Parent,parent,1,1,Single-student parent for local testing.
dps.par.04416,dps.stu.04907,Parent,parent,1,1,Single-student parent for local testing.
dps.par.04417,dps.stu.04908,Parent,parent,1,1,Single-student parent for local testing.
dps.par.04418,dps.stu.04909,Parent,parent,1,1,Single-student parent for local testing.
dps.par.04419,dps.stu.04910,Parent,parent,1,1,Single-student parent for local testing.
dps.par.04420,dps.stu.04911,Guardian,parent,1,1,Shared sibling parent for local testing.
dps.par.04420,dps.stu.04912,Guardian,parent,1,1,Shared sibling parent for local testing.
dps.par.04421,dps.stu.04913,Parent,parent,1,1,Single-student parent for local testing.
dps.par.04422,dps.stu.04914,Parent,parent,1,1,Single-student parent for local testing.
dps.par.04423,dps.stu.04915,Parent,parent,1,1,Single-student parent for local testing.
dps.par.04424,dps.stu.04916,Parent,parent,1,1,Single-student parent for local testing.
dps.par.04425,dps.stu.04917,Parent,parent,1,1,Single-student parent for local testing.
dps.par.04426,dps.stu.04918,Parent,parent,1,1,Single-student parent for local testing.
dps.par.04427,dps.stu.04919,Parent,parent,1,1,Single-student parent for local testing.
dps.par.04428,dps.stu.04920,Parent,parent,1,1,Single-student parent for local testing.
dps.par.04429,dps.stu.04921,Guardian,parent,1,1,Shared sibling parent for local testing.
dps.par.04429,dps.stu.04922,Guardian,parent,1,1,Shared sibling parent for local testing.
dps.par.04430,dps.stu.04923,Parent,parent,1,1,Single-student parent for local testing.
dps.par.04431,dps.stu.04924,Parent,parent,1,1,Single-student parent for local testing.
dps.par.04432,dps.stu.04925,Parent,parent,1,1,Single-student parent for local testing.
dps.par.04433,dps.stu.04926,Parent,parent,1,1,Single-student parent for local testing.
dps.par.04434,dps.stu.04927,Parent,parent,1,1,Single-student parent for local testing.
dps.par.04435,dps.stu.04928,Parent,parent,1,1,Single-student parent for local testing.
dps.par.04436,dps.stu.04929,Parent,parent,1,1,Single-student parent for local testing.
dps.par.04437,dps.stu.04930,Parent,parent,1,1,Single-student parent for local testing.
dps.par.04438,dps.stu.04931,Guardian,parent,1,1,Shared sibling parent for local testing.
dps.par.04438,dps.stu.04932,Guardian,parent,1,1,Shared sibling parent for local testing.
dps.par.04439,dps.stu.04933,Parent,parent,1,1,Single-student parent for local testing.
dps.par.04440,dps.stu.04934,Parent,parent,1,1,Single-student parent for local testing.
dps.par.04441,dps.stu.04935,Parent,parent,1,1,Single-student parent for local testing.
dps.par.04442,dps.stu.04936,Parent,parent,1,1,Single-student parent for local testing.
dps.par.04443,dps.stu.04937,Parent,parent,1,1,Single-student parent for local testing.
dps.par.04444,dps.stu.04938,Parent,parent,1,1,Single-student parent for local testing.
dps.par.04445,dps.stu.04939,Parent,parent,1,1,Single-student parent for local testing.
dps.par.04446,dps.stu.04940,Parent,parent,1,1,Single-student parent for local testing.
dps.par.04447,dps.stu.04941,Guardian,parent,1,1,Shared sibling parent for local testing.
dps.par.04447,dps.stu.04942,Guardian,parent,1,1,Shared sibling parent for local testing.
dps.par.04448,dps.stu.04943,Parent,parent,1,1,Single-student parent for local testing.
dps.par.04449,dps.stu.04944,Parent,parent,1,1,Single-student parent for local testing.
dps.par.04450,dps.stu.04945,Parent,parent,1,1,Single-student parent for local testing.
dps.par.04451,dps.stu.04946,Parent,parent,1,1,Single-student parent for local testing.
dps.par.04452,dps.stu.04947,Parent,parent,1,1,Single-student parent for local testing.
dps.par.04453,dps.stu.04948,Parent,parent,1,1,Single-student parent for local testing.
dps.par.04454,dps.stu.04949,Parent,parent,1,1,Single-student parent for local testing.
dps.par.04455,dps.stu.04950,Parent,parent,1,1,Single-student parent for local testing.
dps.par.04456,dps.stu.04951,Guardian,parent,1,1,Shared sibling parent for local testing.
dps.par.04456,dps.stu.04952,Guardian,parent,1,1,Shared sibling parent for local testing.
dps.par.04457,dps.stu.04953,Parent,parent,1,1,Single-student parent for local testing.
dps.par.04458,dps.stu.04954,Parent,parent,1,1,Single-student parent for local testing.
dps.par.04459,dps.stu.04955,Parent,parent,1,1,Single-student parent for local testing.
dps.par.04460,dps.stu.04956,Parent,parent,1,1,Single-student parent for local testing.
dps.par.04461,dps.stu.04957,Parent,parent,1,1,Single-student parent for local testing.
dps.par.04462,dps.stu.04958,Parent,parent,1,1,Single-student parent for local testing.
dps.par.04463,dps.stu.04959,Parent,parent,1,1,Single-student parent for local testing.
dps.par.04464,dps.stu.04960,Parent,parent,1,1,Single-student parent for local testing.
dps.par.04465,dps.stu.04961,Guardian,parent,1,1,Shared sibling parent for local testing.
dps.par.04465,dps.stu.04962,Guardian,parent,1,1,Shared sibling parent for local testing.
dps.par.04466,dps.stu.04963,Parent,parent,1,1,Single-student parent for local testing.
dps.par.04467,dps.stu.04964,Parent,parent,1,1,Single-student parent for local testing.
dps.par.04468,dps.stu.04965,Parent,parent,1,1,Single-student parent for local testing.
dps.par.04469,dps.stu.04966,Parent,parent,1,1,Single-student parent for local testing.
dps.par.04470,dps.stu.04967,Parent,parent,1,1,Single-student parent for local testing.
dps.par.04471,dps.stu.04968,Parent,parent,1,1,Single-student parent for local testing.
dps.par.04472,dps.stu.04969,Parent,parent,1,1,Single-student parent for local testing.
dps.par.04473,dps.stu.04970,Parent,parent,1,1,Single-student parent for local testing.
dps.par.04474,dps.stu.04971,Guardian,parent,1,1,Shared sibling parent for local testing.
dps.par.04474,dps.stu.04972,Guardian,parent,1,1,Shared sibling parent for local testing.
dps.par.04475,dps.stu.04973,Parent,parent,1,1,Single-student parent for local testing.
dps.par.04476,dps.stu.04974,Parent,parent,1,1,Single-student parent for local testing.
dps.par.04477,dps.stu.04975,Parent,parent,1,1,Single-student parent for local testing.
dps.par.04478,dps.stu.04976,Parent,parent,1,1,Single-student parent for local testing.
dps.par.04479,dps.stu.04977,Parent,parent,1,1,Single-student parent for local testing.
dps.par.04480,dps.stu.04978,Parent,parent,1,1,Single-student parent for local testing.
dps.par.04481,dps.stu.04979,Parent,parent,1,1,Single-student parent for local testing.
dps.par.04482,dps.stu.04980,Parent,parent,1,1,Single-student parent for local testing.
dps.par.04483,dps.stu.04981,Guardian,parent,1,1,Shared sibling parent for local testing.
dps.par.04483,dps.stu.04982,Guardian,parent,1,1,Shared sibling parent for local testing.
dps.par.04484,dps.stu.04983,Parent,parent,1,1,Single-student parent for local testing.
dps.par.04485,dps.stu.04984,Parent,parent,1,1,Single-student parent for local testing.
dps.par.04486,dps.stu.04985,Parent,parent,1,1,Single-student parent for local testing.
dps.par.04487,dps.stu.04986,Parent,parent,1,1,Single-student parent for local testing.
dps.par.04488,dps.stu.04987,Parent,parent,1,1,Single-student parent for local testing.
dps.par.04489,dps.stu.04988,Parent,parent,1,1,Single-student parent for local testing.
dps.par.04490,dps.stu.04989,Parent,parent,1,1,Single-student parent for local testing.
dps.par.04491,dps.stu.04990,Parent,parent,1,1,Single-student parent for local testing.
dps.par.04492,dps.stu.04991,Guardian,parent,1,1,Shared sibling parent for local testing.
dps.par.04492,dps.stu.04992,Guardian,parent,1,1,Shared sibling parent for local testing.
dps.par.04493,dps.stu.04993,Parent,parent,1,1,Single-student parent for local testing.
dps.par.04494,dps.stu.04994,Parent,parent,1,1,Single-student parent for local testing.
dps.par.04495,dps.stu.04995,Parent,parent,1,1,Single-student parent for local testing.
dps.par.04496,dps.stu.04996,Parent,parent,1,1,Single-student parent for local testing.
dps.par.04497,dps.stu.04997,Parent,parent,1,1,Single-student parent for local testing.
dps.par.04498,dps.stu.04998,Parent,parent,1,1,Single-student parent for local testing.
dps.par.04499,dps.stu.04999,Parent,parent,1,1,Single-student parent for local testing.
dps.par.04500,dps.stu.05000,Parent,parent,1,1,Single-student parent for local testing.
dps.par.04501,dps.stu.05001,Guardian,parent,1,1,Shared sibling parent for local testing.
dps.par.04501,dps.stu.05002,Guardian,parent,1,1,Shared sibling parent for local testing.
dps.par.04502,dps.stu.05003,Parent,parent,1,1,Single-student parent for local testing.
dps.par.04503,dps.stu.05004,Parent,parent,1,1,Single-student parent for local testing.
dps.par.04504,dps.stu.05005,Parent,parent,1,1,Single-student parent for local testing.
dps.par.04505,dps.stu.05006,Parent,parent,1,1,Single-student parent for local testing.
dps.par.04506,dps.stu.05007,Parent,parent,1,1,Single-student parent for local testing.
dps.par.04507,dps.stu.05008,Parent,parent,1,1,Single-student parent for local testing.
dps.par.04508,dps.stu.05009,Parent,parent,1,1,Single-student parent for local testing.
dps.par.04509,dps.stu.05010,Parent,parent,1,1,Single-student parent for local testing.
dps.par.04510,dps.stu.05011,Guardian,parent,1,1,Shared sibling parent for local testing.
dps.par.04510,dps.stu.05012,Guardian,parent,1,1,Shared sibling parent for local testing.
dps.par.04511,dps.stu.05013,Parent,parent,1,1,Single-student parent for local testing.
dps.par.04512,dps.stu.05014,Parent,parent,1,1,Single-student parent for local testing.
dps.par.04513,dps.stu.05015,Parent,parent,1,1,Single-student parent for local testing.
dps.par.04514,dps.stu.05016,Parent,parent,1,1,Single-student parent for local testing.
dps.par.04515,dps.stu.05017,Parent,parent,1,1,Single-student parent for local testing.
dps.par.04516,dps.stu.05018,Parent,parent,1,1,Single-student parent for local testing.
dps.par.04517,dps.stu.05019,Parent,parent,1,1,Single-student parent for local testing.
dps.par.04518,dps.stu.05020,Parent,parent,1,1,Single-student parent for local testing.
dps.par.04519,dps.stu.05021,Guardian,parent,1,1,Shared sibling parent for local testing.
dps.par.04519,dps.stu.05022,Guardian,parent,1,1,Shared sibling parent for local testing.
dps.par.04520,dps.stu.05023,Parent,parent,1,1,Single-student parent for local testing.
dps.par.04521,dps.stu.05024,Parent,parent,1,1,Single-student parent for local testing.
dps.par.04522,dps.stu.05025,Parent,parent,1,1,Single-student parent for local testing.
dps.par.04523,dps.stu.05026,Parent,parent,1,1,Single-student parent for local testing.
dps.par.04524,dps.stu.05027,Parent,parent,1,1,Single-student parent for local testing.
dps.par.04525,dps.stu.05028,Parent,parent,1,1,Single-student parent for local testing.
dps.par.04526,dps.stu.05029,Parent,parent,1,1,Single-student parent for local testing.
dps.par.04527,dps.stu.05030,Parent,parent,1,1,Single-student parent for local testing.
dps.par.04528,dps.stu.05031,Guardian,parent,1,1,Shared sibling parent for local testing.
dps.par.04528,dps.stu.05032,Guardian,parent,1,1,Shared sibling parent for local testing.
dps.par.04529,dps.stu.05033,Parent,parent,1,1,Single-student parent for local testing.
dps.par.04530,dps.stu.05034,Parent,parent,1,1,Single-student parent for local testing.
dps.par.04531,dps.stu.05035,Parent,parent,1,1,Single-student parent for local testing.
dps.par.04532,dps.stu.05036,Parent,parent,1,1,Single-student parent for local testing.
dps.par.04533,dps.stu.05037,Parent,parent,1,1,Single-student parent for local testing.
dps.par.04534,dps.stu.05038,Parent,parent,1,1,Single-student parent for local testing.
dps.par.04535,dps.stu.05039,Parent,parent,1,1,Single-student parent for local testing.
dps.par.04536,dps.stu.05040,Parent,parent,1,1,Single-student parent for local testing.
dps.par.04537,dps.stu.05041,Guardian,parent,1,1,Shared sibling parent for local testing.
dps.par.04537,dps.stu.05042,Guardian,parent,1,1,Shared sibling parent for local testing.
dps.par.04538,dps.stu.05043,Parent,parent,1,1,Single-student parent for local testing.
dps.par.04539,dps.stu.05044,Parent,parent,1,1,Single-student parent for local testing.
dps.par.04540,dps.stu.05045,Parent,parent,1,1,Single-student parent for local testing.
dps.par.04541,dps.stu.05046,Parent,parent,1,1,Single-student parent for local testing.
dps.par.04542,dps.stu.05047,Parent,parent,1,1,Single-student parent for local testing.
dps.par.04543,dps.stu.05048,Parent,parent,1,1,Single-student parent for local testing.
dps.par.04544,dps.stu.05049,Parent,parent,1,1,Single-student parent for local testing.
dps.par.04545,dps.stu.05050,Parent,parent,1,1,Single-student parent for local testing.
dps.par.04546,dps.stu.05051,Guardian,parent,1,1,Shared sibling parent for local testing.
dps.par.04546,dps.stu.05052,Guardian,parent,1,1,Shared sibling parent for local testing.
dps.par.04547,dps.stu.05053,Parent,parent,1,1,Single-student parent for local testing.
dps.par.04548,dps.stu.05054,Parent,parent,1,1,Single-student parent for local testing.
dps.par.04549,dps.stu.05055,Parent,parent,1,1,Single-student parent for local testing.
dps.par.04550,dps.stu.05056,Parent,parent,1,1,Single-student parent for local testing.
dps.par.04551,dps.stu.05057,Parent,parent,1,1,Single-student parent for local testing.
dps.par.04552,dps.stu.05058,Parent,parent,1,1,Single-student parent for local testing.
dps.par.04553,dps.stu.05059,Parent,parent,1,1,Single-student parent for local testing.
dps.par.04554,dps.stu.05060,Parent,parent,1,1,Single-student parent for local testing.
dps.par.04555,dps.stu.05061,Guardian,parent,1,1,Shared sibling parent for local testing.
dps.par.04555,dps.stu.05062,Guardian,parent,1,1,Shared sibling parent for local testing.
dps.par.04556,dps.stu.05063,Parent,parent,1,1,Single-student parent for local testing.
dps.par.04557,dps.stu.05064,Parent,parent,1,1,Single-student parent for local testing.
dps.par.04558,dps.stu.05065,Parent,parent,1,1,Single-student parent for local testing.
dps.par.04559,dps.stu.05066,Parent,parent,1,1,Single-student parent for local testing.
dps.par.04560,dps.stu.05067,Parent,parent,1,1,Single-student parent for local testing.
dps.par.04561,dps.stu.05068,Parent,parent,1,1,Single-student parent for local testing.
dps.par.04562,dps.stu.05069,Parent,parent,1,1,Single-student parent for local testing.
dps.par.04563,dps.stu.05070,Parent,parent,1,1,Single-student parent for local testing.
dps.par.04564,dps.stu.05071,Guardian,parent,1,1,Shared sibling parent for local testing.
dps.par.04564,dps.stu.05072,Guardian,parent,1,1,Shared sibling parent for local testing.
dps.par.04565,dps.stu.05073,Parent,parent,1,1,Single-student parent for local testing.
dps.par.04566,dps.stu.05074,Parent,parent,1,1,Single-student parent for local testing.
dps.par.04567,dps.stu.05075,Parent,parent,1,1,Single-student parent for local testing.
dps.par.04568,dps.stu.05076,Parent,parent,1,1,Single-student parent for local testing.
dps.par.04569,dps.stu.05077,Parent,parent,1,1,Single-student parent for local testing.
dps.par.04570,dps.stu.05078,Parent,parent,1,1,Single-student parent for local testing.
dps.par.04571,dps.stu.05079,Parent,parent,1,1,Single-student parent for local testing.
dps.par.04572,dps.stu.05080,Parent,parent,1,1,Single-student parent for local testing.
dps.par.04573,dps.stu.05081,Guardian,parent,1,1,Shared sibling parent for local testing.
dps.par.04573,dps.stu.05082,Guardian,parent,1,1,Shared sibling parent for local testing.
dps.par.04574,dps.stu.05083,Parent,parent,1,1,Single-student parent for local testing.
dps.par.04575,dps.stu.05084,Parent,parent,1,1,Single-student parent for local testing.
dps.par.04576,dps.stu.05085,Parent,parent,1,1,Single-student parent for local testing.
dps.par.04577,dps.stu.05086,Parent,parent,1,1,Single-student parent for local testing.
dps.par.04578,dps.stu.05087,Parent,parent,1,1,Single-student parent for local testing.
dps.par.04579,dps.stu.05088,Parent,parent,1,1,Single-student parent for local testing.
dps.par.04580,dps.stu.05089,Parent,parent,1,1,Single-student parent for local testing.
dps.par.04581,dps.stu.05090,Parent,parent,1,1,Single-student parent for local testing.
dps.par.04582,dps.stu.05091,Guardian,parent,1,1,Shared sibling parent for local testing.
dps.par.04582,dps.stu.05092,Guardian,parent,1,1,Shared sibling parent for local testing.
dps.par.04583,dps.stu.05093,Parent,parent,1,1,Single-student parent for local testing.
dps.par.04584,dps.stu.05094,Parent,parent,1,1,Single-student parent for local testing.
dps.par.04585,dps.stu.05095,Parent,parent,1,1,Single-student parent for local testing.
dps.par.04586,dps.stu.05096,Parent,parent,1,1,Single-student parent for local testing.
dps.par.04587,dps.stu.05097,Parent,parent,1,1,Single-student parent for local testing.
dps.par.04588,dps.stu.05098,Parent,parent,1,1,Single-student parent for local testing.
dps.par.04589,dps.stu.05099,Parent,parent,1,1,Single-student parent for local testing.
dps.par.04590,dps.stu.05100,Parent,parent,1,1,Single-student parent for local testing.
dps.par.04591,dps.stu.05101,Guardian,parent,1,1,Shared sibling parent for local testing.
dps.par.04591,dps.stu.05102,Guardian,parent,1,1,Shared sibling parent for local testing.
dps.par.04592,dps.stu.05103,Parent,parent,1,1,Single-student parent for local testing.
dps.par.04593,dps.stu.05104,Parent,parent,1,1,Single-student parent for local testing.
dps.par.04594,dps.stu.05105,Parent,parent,1,1,Single-student parent for local testing.
dps.par.04595,dps.stu.05106,Parent,parent,1,1,Single-student parent for local testing.
dps.par.04596,dps.stu.05107,Parent,parent,1,1,Single-student parent for local testing.
dps.par.04597,dps.stu.05108,Parent,parent,1,1,Single-student parent for local testing.
dps.par.04598,dps.stu.05109,Parent,parent,1,1,Single-student parent for local testing.
dps.par.04599,dps.stu.05110,Parent,parent,1,1,Single-student parent for local testing.
dps.par.04600,dps.stu.05111,Guardian,parent,1,1,Shared sibling parent for local testing.
dps.par.04600,dps.stu.05112,Guardian,parent,1,1,Shared sibling parent for local testing.
dps.par.04601,dps.stu.05113,Parent,parent,1,1,Single-student parent for local testing.
dps.par.04602,dps.stu.05114,Parent,parent,1,1,Single-student parent for local testing.
dps.par.04603,dps.stu.05115,Parent,parent,1,1,Single-student parent for local testing.
dps.par.04604,dps.stu.05116,Parent,parent,1,1,Single-student parent for local testing.
dps.par.04605,dps.stu.05117,Parent,parent,1,1,Single-student parent for local testing.
dps.par.04606,dps.stu.05118,Parent,parent,1,1,Single-student parent for local testing.
dps.par.04607,dps.stu.05119,Parent,parent,1,1,Single-student parent for local testing.
dps.par.04608,dps.stu.05120,Parent,parent,1,1,Single-student parent for local testing.
dps.par.04609,dps.stu.05121,Guardian,parent,1,1,Shared sibling parent for local testing.
dps.par.04609,dps.stu.05122,Guardian,parent,1,1,Shared sibling parent for local testing.
dps.par.04610,dps.stu.05123,Parent,parent,1,1,Single-student parent for local testing.
dps.par.04611,dps.stu.05124,Parent,parent,1,1,Single-student parent for local testing.
dps.par.04612,dps.stu.05125,Parent,parent,1,1,Single-student parent for local testing.
dps.par.04613,dps.stu.05126,Parent,parent,1,1,Single-student parent for local testing.
dps.par.04614,dps.stu.05127,Parent,parent,1,1,Single-student parent for local testing.
dps.par.04615,dps.stu.05128,Parent,parent,1,1,Single-student parent for local testing.
dps.par.04616,dps.stu.05129,Parent,parent,1,1,Single-student parent for local testing.
dps.par.04617,dps.stu.05130,Parent,parent,1,1,Single-student parent for local testing.
dps.par.04618,dps.stu.05131,Guardian,parent,1,1,Shared sibling parent for local testing.
dps.par.04618,dps.stu.05132,Guardian,parent,1,1,Shared sibling parent for local testing.
dps.par.04619,dps.stu.05133,Parent,parent,1,1,Single-student parent for local testing.
dps.par.04620,dps.stu.05134,Parent,parent,1,1,Single-student parent for local testing.
dps.par.04621,dps.stu.05135,Parent,parent,1,1,Single-student parent for local testing.
dps.par.04622,dps.stu.05136,Parent,parent,1,1,Single-student parent for local testing.
dps.par.04623,dps.stu.05137,Parent,parent,1,1,Single-student parent for local testing.
dps.par.04624,dps.stu.05138,Parent,parent,1,1,Single-student parent for local testing.
dps.par.04625,dps.stu.05139,Parent,parent,1,1,Single-student parent for local testing.
dps.par.04626,dps.stu.05140,Parent,parent,1,1,Single-student parent for local testing.
dps.par.04627,dps.stu.05141,Guardian,parent,1,1,Shared sibling parent for local testing.
dps.par.04627,dps.stu.05142,Guardian,parent,1,1,Shared sibling parent for local testing.
dps.par.04628,dps.stu.05143,Parent,parent,1,1,Single-student parent for local testing.
dps.par.04629,dps.stu.05144,Parent,parent,1,1,Single-student parent for local testing.
dps.par.04630,dps.stu.05145,Parent,parent,1,1,Single-student parent for local testing.
dps.par.04631,dps.stu.05146,Parent,parent,1,1,Single-student parent for local testing.
dps.par.04632,dps.stu.05147,Parent,parent,1,1,Single-student parent for local testing.
dps.par.04633,dps.stu.05148,Parent,parent,1,1,Single-student parent for local testing.
dps.par.04634,dps.stu.05149,Parent,parent,1,1,Single-student parent for local testing.
dps.par.04635,dps.stu.05150,Parent,parent,1,1,Single-student parent for local testing.
dps.par.04636,dps.stu.05151,Guardian,parent,1,1,Shared sibling parent for local testing.
dps.par.04636,dps.stu.05152,Guardian,parent,1,1,Shared sibling parent for local testing.
dps.par.04637,dps.stu.05153,Parent,parent,1,1,Single-student parent for local testing.
dps.par.04638,dps.stu.05154,Parent,parent,1,1,Single-student parent for local testing.
dps.par.04639,dps.stu.05155,Parent,parent,1,1,Single-student parent for local testing.
dps.par.04640,dps.stu.05156,Parent,parent,1,1,Single-student parent for local testing.
dps.par.04641,dps.stu.05157,Parent,parent,1,1,Single-student parent for local testing.
dps.par.04642,dps.stu.05158,Parent,parent,1,1,Single-student parent for local testing.
dps.par.04643,dps.stu.05159,Parent,parent,1,1,Single-student parent for local testing.
dps.par.04644,dps.stu.05160,Parent,parent,1,1,Single-student parent for local testing.
dps.par.04645,dps.stu.05161,Guardian,parent,1,1,Shared sibling parent for local testing.
dps.par.04645,dps.stu.05162,Guardian,parent,1,1,Shared sibling parent for local testing.
dps.par.04646,dps.stu.05163,Parent,parent,1,1,Single-student parent for local testing.
dps.par.04647,dps.stu.05164,Parent,parent,1,1,Single-student parent for local testing.
dps.par.04648,dps.stu.05165,Parent,parent,1,1,Single-student parent for local testing.
dps.par.04649,dps.stu.05166,Parent,parent,1,1,Single-student parent for local testing.
dps.par.04650,dps.stu.05167,Parent,parent,1,1,Single-student parent for local testing.
dps.par.04651,dps.stu.05168,Parent,parent,1,1,Single-student parent for local testing.
dps.par.04652,dps.stu.05169,Parent,parent,1,1,Single-student parent for local testing.
dps.par.04653,dps.stu.05170,Parent,parent,1,1,Single-student parent for local testing.
dps.par.04654,dps.stu.05171,Guardian,parent,1,1,Shared sibling parent for local testing.
dps.par.04654,dps.stu.05172,Guardian,parent,1,1,Shared sibling parent for local testing.
dps.par.04655,dps.stu.05173,Parent,parent,1,1,Single-student parent for local testing.
dps.par.04656,dps.stu.05174,Parent,parent,1,1,Single-student parent for local testing.
dps.par.04657,dps.stu.05175,Parent,parent,1,1,Single-student parent for local testing.
dps.par.04658,dps.stu.05176,Parent,parent,1,1,Single-student parent for local testing.
dps.par.04659,dps.stu.05177,Parent,parent,1,1,Single-student parent for local testing.
dps.par.04660,dps.stu.05178,Parent,parent,1,1,Single-student parent for local testing.
dps.par.04661,dps.stu.05179,Parent,parent,1,1,Single-student parent for local testing.
dps.par.04662,dps.stu.05180,Parent,parent,1,1,Single-student parent for local testing.
dps.par.04663,dps.stu.05181,Guardian,parent,1,1,Shared sibling parent for local testing.
dps.par.04663,dps.stu.05182,Guardian,parent,1,1,Shared sibling parent for local testing.
dps.par.04664,dps.stu.05183,Parent,parent,1,1,Single-student parent for local testing.
dps.par.04665,dps.stu.05184,Parent,parent,1,1,Single-student parent for local testing.
dps.par.04666,dps.stu.05185,Parent,parent,1,1,Single-student parent for local testing.
dps.par.04667,dps.stu.05186,Parent,parent,1,1,Single-student parent for local testing.
dps.par.04668,dps.stu.05187,Parent,parent,1,1,Single-student parent for local testing.
dps.par.04669,dps.stu.05188,Parent,parent,1,1,Single-student parent for local testing.
dps.par.04670,dps.stu.05189,Parent,parent,1,1,Single-student parent for local testing.
dps.par.04671,dps.stu.05190,Parent,parent,1,1,Single-student parent for local testing.
dps.par.04672,dps.stu.05191,Guardian,parent,1,1,Shared sibling parent for local testing.
dps.par.04672,dps.stu.05192,Guardian,parent,1,1,Shared sibling parent for local testing.
dps.par.04673,dps.stu.05193,Parent,parent,1,1,Single-student parent for local testing.
dps.par.04674,dps.stu.05194,Parent,parent,1,1,Single-student parent for local testing.
dps.par.04675,dps.stu.05195,Parent,parent,1,1,Single-student parent for local testing.
dps.par.04676,dps.stu.05196,Parent,parent,1,1,Single-student parent for local testing.
dps.par.04677,dps.stu.05197,Parent,parent,1,1,Single-student parent for local testing.
dps.par.04678,dps.stu.05198,Parent,parent,1,1,Single-student parent for local testing.
dps.par.04679,dps.stu.05199,Parent,parent,1,1,Single-student parent for local testing.
dps.par.04680,dps.stu.05200,Parent,parent,1,1,Single-student parent for local testing.
dps.par.04681,dps.stu.05201,Guardian,parent,1,1,Shared sibling parent for local testing.
dps.par.04681,dps.stu.05202,Guardian,parent,1,1,Shared sibling parent for local testing.
dps.par.04682,dps.stu.05203,Parent,parent,1,1,Single-student parent for local testing.
dps.par.04683,dps.stu.05204,Parent,parent,1,1,Single-student parent for local testing.
dps.par.04684,dps.stu.05205,Parent,parent,1,1,Single-student parent for local testing.
dps.par.04685,dps.stu.05206,Parent,parent,1,1,Single-student parent for local testing.
dps.par.04686,dps.stu.05207,Parent,parent,1,1,Single-student parent for local testing.
dps.par.04687,dps.stu.05208,Parent,parent,1,1,Single-student parent for local testing.
dps.par.04688,dps.stu.05209,Parent,parent,1,1,Single-student parent for local testing.
dps.par.04689,dps.stu.05210,Parent,parent,1,1,Single-student parent for local testing.
dps.par.04690,dps.stu.05211,Guardian,parent,1,1,Shared sibling parent for local testing.
dps.par.04690,dps.stu.05212,Guardian,parent,1,1,Shared sibling parent for local testing.
dps.par.04691,dps.stu.05213,Parent,parent,1,1,Single-student parent for local testing.
dps.par.04692,dps.stu.05214,Parent,parent,1,1,Single-student parent for local testing.
dps.par.04693,dps.stu.05215,Parent,parent,1,1,Single-student parent for local testing.
dps.par.04694,dps.stu.05216,Parent,parent,1,1,Single-student parent for local testing.
dps.par.04695,dps.stu.05217,Parent,parent,1,1,Single-student parent for local testing.
dps.par.04696,dps.stu.05218,Parent,parent,1,1,Single-student parent for local testing.
dps.par.04697,dps.stu.05219,Parent,parent,1,1,Single-student parent for local testing.
dps.par.04698,dps.stu.05220,Parent,parent,1,1,Single-student parent for local testing.
